Capturing execution frames: skeleton_all.json
  Frame 1 saved (frame_000.jpg, t=0.0s)
  Validating workflow...
  [ComfyUI] === /validate endpoint called ===
  [ComfyUI] === /validate endpoint called ===
  [ComfyUI] === /validate endpoint called ===
  [ComfyUI] Received JSON with keys: ['prompt']
  [ComfyUI] Received JSON with keys: ['prompt']
  [ComfyUI] Received JSON with keys: ['prompt']
  [ComfyUI] Prompt has 11 nodes
  [ComfyUI] Prompt has 11 nodes
  [ComfyUI] Prompt has 11 nodes
  [ComfyUI]   Node 1: GeomPackLoadMesh
  [ComfyUI]   Node 1: GeomPackLoadMesh
  [ComfyUI]   Node 1: GeomPackLoadMesh
  [ComfyUI]     Inputs: {"file_path": "3d/cow.off"}
  [ComfyUI]     Inputs: {"file_path": "3d/cow.off"}
  [ComfyUI]     Inputs: {"file_path": "3d/cow.off"}
  [ComfyUI]   Node 2: GeomPackExtractSkeleton
  [ComfyUI]   Node 2: GeomPackExtractSkeleton
  [ComfyUI]   Node 2: GeomPackExtractSkeleton
  [ComfyUI]     Inputs: {"fix_mesh": "wavefront", "normalize": false, "backend": "wavefront", "backend.waves": 1, "backend.step_size": 1, "trimesh": ["1", 0]}
  [ComfyUI]     Inputs: {"fix_mesh": "wavefront", "normalize": false, "backend": "wavefront", "backend.waves": 1, "backend.step_size": 1, "trimesh": ["1", 0]}
  [ComfyUI]     Inputs: {"fix_mesh": "wavefront", "normalize": false, "backend": "wavefront", "backend.waves": 1, "backend.step_size": 1, "trimesh": ["1", 0]}
  [ComfyUI]   Node 3: GeomPackExtractSkeleton
  [ComfyUI]   Node 3: GeomPackExtractSkeleton
  [ComfyUI]   Node 3: GeomPackExtractSkeleton
  [ComfyUI]     Inputs: {"fix_mesh": "vertex_clusters", "normalize": false, "backend": "vertex_clusters", "backend.sampling_dist": 1, "backend.cluster_pos": "median", "trimesh": ["1", 0]}
  [ComfyUI]     Inputs: {"fix_mesh": "vertex_clusters", "normalize": false, "backend": "vertex_clusters", "backend.sampling_dist": 1, "backend.cluster_pos": "median", "trimesh": ["1", 0]}
  [ComfyUI]     Inputs: {"fix_mesh": "vertex_clusters", "normalize": false, "backend": "vertex_clusters", "backend.sampling_dist": 1, "backend.cluster_pos": "median", "trimesh": ["1", 0]}
  [ComfyUI]   Node 4: GeomPackExtractSkeleton
  [ComfyUI]   Node 4: GeomPackExtractSkeleton
  [ComfyUI]   Node 4: GeomPackExtractSkeleton
  [ComfyUI]     Inputs: {"fix_mesh": "edge_collapse", "normalize": false, "backend": "edge_collapse", "backend.shape_weight": 1, "backend.sample_weight": 0.1, "trimesh": ["1", 0]}
  [ComfyUI]     Inputs: {"fix_mesh": "edge_collapse", "normalize": false, "backend": "edge_collapse", "backend.shape_weight": 1, "backend.sample_weight": 0.1, "trimesh": ["1", 0]}
  [ComfyUI]     Inputs: {"fix_mesh": "edge_collapse", "normalize": false, "backend": "edge_collapse", "backend.shape_weight": 1, "backend.sample_weight": 0.1, "trimesh": ["1", 0]}
  [ComfyUI]   Node 5: GeomPackExtractSkeleton
  [ComfyUI]   Node 5: GeomPackExtractSkeleton
  [ComfyUI]   Node 5: GeomPackExtractSkeleton
  [ComfyUI]     Inputs: {"fix_mesh": "teasar", "normalize": false, "backend": "teasar", "backend.inv_dist": 10, "backend.min_length": 0, "trimesh": ["1", 0]}
  [ComfyUI]     Inputs: {"fix_mesh": "teasar", "normalize": false, "backend": "teasar", "backend.inv_dist": 10, "backend.min_length": 0, "trimesh": ["1", 0]}
  [ComfyUI]     Inputs: {"fix_mesh": "teasar", "normalize": false, "backend": "teasar", "backend.inv_dist": 10, "backend.min_length": 0, "trimesh": ["1", 0]}
  [ComfyUI]   Node 6: GeomPackMeshFromSkeleton
  [ComfyUI]   Node 6: GeomPackMeshFromSkeleton
  [ComfyUI]   Node 6: GeomPackMeshFromSkeleton
  [ComfyUI]     Inputs: {"joint_radius": 0.02, "bone_radius": 0.01, "skeleton": ["2", 0]}
  [ComfyUI]     Inputs: {"joint_radius": 0.02, "bone_radius": 0.01, "skeleton": ["2", 0]}
  [ComfyUI]     Inputs: {"joint_radius": 0.02, "bone_radius": 0.01, "skeleton": ["2", 0]}
  [ComfyUI]   Node 7: GeomPackMeshFromSkeleton
  [ComfyUI]   Node 7: GeomPackMeshFromSkeleton
  [ComfyUI]   Node 7: GeomPackMeshFromSkeleton
  [ComfyUI]     Inputs: {"joint_radius": 0.02, "bone_radius": 0.01, "skeleton": ["3", 0]}
  [ComfyUI]     Inputs: {"joint_radius": 0.02, "bone_radius": 0.01, "skeleton": ["3", 0]}
  [ComfyUI]     Inputs: {"joint_radius": 0.02, "bone_radius": 0.01, "skeleton": ["3", 0]}
  [ComfyUI]   Node 8: GeomPackMeshFromSkeleton
  [ComfyUI]   Node 8: GeomPackMeshFromSkeleton
  [ComfyUI]   Node 8: GeomPackMeshFromSkeleton
  [ComfyUI]     Inputs: {"joint_radius": 0.02, "bone_radius": 0.01, "skeleton": ["4", 0]}
  [ComfyUI]     Inputs: {"joint_radius": 0.02, "bone_radius": 0.01, "skeleton": ["4", 0]}
  [ComfyUI]     Inputs: {"joint_radius": 0.02, "bone_radius": 0.01, "skeleton": ["4", 0]}
  [ComfyUI]   Node 9: GeomPackMeshFromSkeleton
  [ComfyUI]   Node 9: GeomPackMeshFromSkeleton
  [ComfyUI]   Node 9: GeomPackMeshFromSkeleton
  [ComfyUI]     Inputs: {"joint_radius": 0.02, "bone_radius": 0.01, "skeleton": ["5", 0]}
  [ComfyUI]     Inputs: {"joint_radius": 0.02, "bone_radius": 0.01, "skeleton": ["5", 0]}
  [ComfyUI]     Inputs: {"joint_radius": 0.02, "bone_radius": 0.01, "skeleton": ["5", 0]}
  [ComfyUI]   Node 12: GeomPackPreviewMeshMulti
  [ComfyUI]   Node 12: GeomPackPreviewMeshMulti
  [ComfyUI]   Node 12: GeomPackPreviewMeshMulti
  [ComfyUI]     Inputs: {"mode": "fields", "preview_multi": "{\"show_edges\":true,\"camera_state\":\"{\\\"position\\\":[-0.10839671976880196,-0.004104770901572197,-1.5722856770085691],\\\"focalPoint\\\":[0,0,0],\\\"viewUp\\\
  [ComfyUI]     Inputs: {"mode": "fields", "preview_multi": "{\"show_edges\":true,\"camera_state\":\"{\\\"position\\\":[-0.10839671976880196,-0.004104770901572197,-1.5722856770085691],\\\"focalPoint\\\":[0,0,0],\\\"viewUp\\\
  [ComfyUI]     Inputs: {"mode": "fields", "preview_multi": "{\"show_edges\":true,\"camera_state\":\"{\\\"position\\\":[-0.10839671976880196,-0.004104770901572197,-1.5722856770085691],\\\"focalPoint\\\":[0,0,0],\\\"viewUp\\\
  Queuing workflow for execution...
  [ComfyUI]   Node 13: GeomPackPreviewMeshMulti
  [ComfyUI]   Node 13: GeomPackPreviewMeshMulti
  [ComfyUI]   Node 13: GeomPackPreviewMeshMulti
  [ComfyUI]     Inputs: {"mode": "fields", "preview_multi": "{\"show_edges\":true,\"camera_state\":\"{\\\"position\\\":[-0.10839671976880196,-0.004104770901572197,-1.5722856770085691],\\\"focalPoint\\\":[0,0,0],\\\"viewUp\\\
  [ComfyUI]     Inputs: {"mode": "fields", "preview_multi": "{\"show_edges\":true,\"camera_state\":\"{\\\"position\\\":[-0.10839671976880196,-0.004104770901572197,-1.5722856770085691],\\\"focalPoint\\\":[0,0,0],\\\"viewUp\\\
  [ComfyUI]     Inputs: {"mode": "fields", "preview_multi": "{\"show_edges\":true,\"camera_state\":\"{\\\"position\\\":[-0.10839671976880196,-0.004104770901572197,-1.5722856770085691],\\\"focalPoint\\\":[0,0,0],\\\"viewUp\\\
  [ComfyUI] Generated prompt_id: 29c73851-98d0-4805-9c4e-3db4a0912a2e
  [ComfyUI] Generated prompt_id: 29c73851-98d0-4805-9c4e-3db4a0912a2e
  [ComfyUI] Generated prompt_id: 29c73851-98d0-4805-9c4e-3db4a0912a2e
  [ComfyUI] Calling execution.validate_prompt()...
  [ComfyUI] Calling execution.validate_prompt()...
  [ComfyUI] Calling execution.validate_prompt()...
  [ComfyUI] Validation result: valid=True
  [ComfyUI] Validation result: valid=True
  [ComfyUI] Validation result: valid=True
  [ComfyUI] === Validation PASSED ===
  [ComfyUI] === Validation PASSED ===
  [ComfyUI] === Validation PASSED ===
  [ComfyUI] got prompt
  [ComfyUI] got prompt
  [ComfyUI] got prompt
  [ComfyUI] [comfy-env] Running GeomPackLoadMesh: file_path: '3d/cow.off'
  [ComfyUI] [comfy-env] Running GeomPackLoadMesh: file_path: '3d/cow.off'
  [ComfyUI] [comfy-env] Running GeomPackLoadMesh: file_path: '3d/cow.off'
  [ComfyUI] [SubprocessWorker] call_method: nodes.io.load_mesh.LoadMesh.EXECUTE_NORMALIZED
  [ComfyUI] [SubprocessWorker] call_method: nodes.io.load_mesh.LoadMesh.EXECUTE_NORMALIZED
  [ComfyUI] [SubprocessWorker] call_method: nodes.io.load_mesh.LoadMesh.EXECUTE_NORMALIZED
  [ComfyUI] [SubprocessWorker] acquired lock, ensuring started...
  [ComfyUI] [SubprocessWorker] acquired lock, ensuring started...
  [ComfyUI] [SubprocessWorker] acquired lock, ensuring started...
  [ComfyUI] [ComfyUI-GeometryPack] Health check: ping (timeout=5.0s)...
  [ComfyUI] [ComfyUI-GeometryPack] Health check: ping (timeout=5.0s)...
  [ComfyUI] [ComfyUI-GeometryPack] Health check: ping (timeout=5.0s)...
  [ComfyUI] [ComfyUI-GeometryPack] Health check: failed
  [ComfyUI] [ComfyUI-GeometryPack] Health check: failed
  [ComfyUI] [ComfyUI-GeometryPack] Health check: failed
  [ComfyUI] [ComfyUI-GeometryPack] Socket unhealthy, restarting worker...
  [ComfyUI] [ComfyUI-GeometryPack] Socket unhealthy, restarting worker...
  [ComfyUI] [ComfyUI-GeometryPack] Socket unhealthy, restarting worker...
  [ComfyUI] [ComfyUI-GeometryPack] python: /Users/runner/.ce/.pixi/envs/geometrypack-nodes/bin/python
  [ComfyUI] [ComfyUI-GeometryPack] python: /Users/runner/.ce/.pixi/envs/geometrypack-nodes/bin/python
  [ComfyUI] [ComfyUI-GeometryPack] python: /Users/runner/.ce/.pixi/envs/geometrypack-nodes/bin/python
  [ComfyUI] [ComfyUI-GeometryPack] sys_path sent to worker: ['/Users/runner/work/comfy-gpu-ci/comfy-gpu-ci/test_workspaces/GeometryPack-2137/ComfyUI', '/Users/runner/work/comfy-gpu-ci/comfy-gpu-ci/test_workspaces/GeometryPack-2137/ComfyUI/custom_nodes/ComfyUI-GeometryPack', '/Users/runner/.ce/.pixi/envs/geometrypack-nodes/lib/python3.1/site-packages', '/Users/runner/work/comfy-gpu-ci/comfy-gpu-ci/test_workspaces/GeometryPack-2137/ComfyUI/custom_nodes/ComfyUI-GeometryPack']
  [ComfyUI] [ComfyUI-GeometryPack] sys_path sent to worker: ['/Users/runner/work/comfy-gpu-ci/comfy-gpu-ci/test_workspaces/GeometryPack-2137/ComfyUI', '/Users/runner/work/comfy-gpu-ci/comfy-gpu-ci/test_workspaces/GeometryPack-2137/ComfyUI/custom_nodes/ComfyUI-GeometryPack', '/Users/runner/.ce/.pixi/envs/geometrypack-nodes/lib/python3.1/site-packages', '/Users/runner/work/comfy-gpu-ci/comfy-gpu-ci/test_workspaces/GeometryPack-2137/ComfyUI/custom_nodes/ComfyUI-GeometryPack']
  [ComfyUI] [ComfyUI-GeometryPack] sys_path sent to worker: ['/Users/runner/work/comfy-gpu-ci/comfy-gpu-ci/test_workspaces/GeometryPack-2137/ComfyUI', '/Users/runner/work/comfy-gpu-ci/comfy-gpu-ci/test_workspaces/GeometryPack-2137/ComfyUI/custom_nodes/ComfyUI-GeometryPack', '/Users/runner/.ce/.pixi/envs/geometrypack-nodes/lib/python3.1/site-packages', '/Users/runner/work/comfy-gpu-ci/comfy-gpu-ci/test_workspaces/GeometryPack-2137/ComfyUI/custom_nodes/ComfyUI-GeometryPack']
  [ComfyUI] [SubprocessWorker] is_pixi=True, python=/Users/runner/.ce/.pixi/envs/geometrypack-nodes/bin/python
  [ComfyUI] [SubprocessWorker] is_pixi=True, python=/Users/runner/.ce/.pixi/envs/geometrypack-nodes/bin/python
  [ComfyUI] [SubprocessWorker] is_pixi=True, python=/Users/runner/.ce/.pixi/envs/geometrypack-nodes/bin/python
  [ComfyUI] [SubprocessWorker] launching cmd=['/Users/runner/.pixi/bin/pixi', 'run', '--as-is', '--manifest-path', '/Users/runner/.ce/pixi.toml', '-e', 'geometrypack-nodes', 'python', '/var/folders/tb/y368xp_x10s3ty1b_mtl5mxr0000gn/T/comfyui_pvenv_2_suidvd/persistent_worker.py', 'unix:///var/folders/tb/y368xp_x10s3ty1b_mtl5mxr0000gn/T/comfy_worker_ab6e9434e11e.sock']...
  [ComfyUI] [SubprocessWorker] launching cmd=['/Users/runner/.pixi/bin/pixi', 'run', '--as-is', '--manifest-path', '/Users/runner/.ce/pixi.toml', '-e', 'geometrypack-nodes', 'python', '/var/folders/tb/y368xp_x10s3ty1b_mtl5mxr0000gn/T/comfyui_pvenv_2_suidvd/persistent_worker.py', 'unix:///var/folders/tb/y368xp_x10s3ty1b_mtl5mxr0000gn/T/comfy_worker_ab6e9434e11e.sock']...
  [ComfyUI] [SubprocessWorker] launching cmd=['/Users/runner/.pixi/bin/pixi', 'run', '--as-is', '--manifest-path', '/Users/runner/.ce/pixi.toml', '-e', 'geometrypack-nodes', 'python', '/var/folders/tb/y368xp_x10s3ty1b_mtl5mxr0000gn/T/comfyui_pvenv_2_suidvd/persistent_worker.py', 'unix:///var/folders/tb/y368xp_x10s3ty1b_mtl5mxr0000gn/T/comfy_worker_ab6e9434e11e.sock']...
  [ComfyUI] [SubprocessWorker] socket_addr=unix:///var/folders/tb/y368xp_x10s3ty1b_mtl5mxr0000gn/T/comfy_worker_ab6e9434e11e.sock exists=True
  [ComfyUI] [SubprocessWorker] socket_addr=unix:///var/folders/tb/y368xp_x10s3ty1b_mtl5mxr0000gn/T/comfy_worker_ab6e9434e11e.sock exists=True
  [ComfyUI] [SubprocessWorker] socket_addr=unix:///var/folders/tb/y368xp_x10s3ty1b_mtl5mxr0000gn/T/comfy_worker_ab6e9434e11e.sock exists=True
  [ComfyUI] /Users/runner/.ce/.pixi/envs/geometrypack-nodes/lib/python3.12/multiprocessing/resource_tracker.py:279: UserWarning: resource_tracker: There appear to be 21 leaked shared_memory objects to clean up at shutdown
  [ComfyUI] /Users/runner/.ce/.pixi/envs/geometrypack-nodes/lib/python3.12/multiprocessing/resource_tracker.py:279: UserWarning: resource_tracker: There appear to be 21 leaked shared_memory objects to clean up at shutdown
  [ComfyUI] /Users/runner/.ce/.pixi/envs/geometrypack-nodes/lib/python3.12/multiprocessing/resource_tracker.py:279: UserWarning: resource_tracker: There appear to be 21 leaked shared_memory objects to clean up at shutdown
  [ComfyUI]   warnings.warn('resource_tracker: There appear to be %d '
  [ComfyUI]   warnings.warn('resource_tracker: There appear to be %d '
  [ComfyUI]   warnings.warn('resource_tracker: There appear to be %d '
  [ComfyUI] /Users/runner/.ce/.pixi/envs/geometrypack-nodes/lib/python3.12/multiprocessing/resource_tracker.py:292: UserWarning: resource_tracker: '/psm_962e50cf': [Errno 2] No such file or directory: '/psm_962e50cf'
  [ComfyUI] /Users/runner/.ce/.pixi/envs/geometrypack-nodes/lib/python3.12/multiprocessing/resource_tracker.py:292: UserWarning: resource_tracker: '/psm_962e50cf': [Errno 2] No such file or directory: '/psm_962e50cf'
  [ComfyUI] /Users/runner/.ce/.pixi/envs/geometrypack-nodes/lib/python3.12/multiprocessing/resource_tracker.py:292: UserWarning: resource_tracker: '/psm_962e50cf': [Errno 2] No such file or directory: '/psm_962e50cf'
  [ComfyUI]   warnings.warn('resource_tracker: %r: %s' % (name, e))
  [ComfyUI]   warnings.warn('resource_tracker: %r: %s' % (name, e))
  [ComfyUI]   warnings.warn('resource_tracker: %r: %s' % (name, e))
  [ComfyUI] /Users/runner/.ce/.pixi/envs/geometrypack-nodes/lib/python3.12/multiprocessing/resource_tracker.py:292: UserWarning: resource_tracker: '/psm_b2598a31': [Errno 2] No such file or directory: '/psm_b2598a31'
  [ComfyUI] /Users/runner/.ce/.pixi/envs/geometrypack-nodes/lib/python3.12/multiprocessing/resource_tracker.py:292: UserWarning: resource_tracker: '/psm_b2598a31': [Errno 2] No such file or directory: '/psm_b2598a31'
  [ComfyUI] /Users/runner/.ce/.pixi/envs/geometrypack-nodes/lib/python3.12/multiprocessing/resource_tracker.py:292: UserWarning: resource_tracker: '/psm_b2598a31': [Errno 2] No such file or directory: '/psm_b2598a31'
  [ComfyUI]   warnings.warn('resource_tracker: %r: %s' % (name, e))
  [ComfyUI]   warnings.warn('resource_tracker: %r: %s' % (name, e))
  [ComfyUI]   warnings.warn('resource_tracker: %r: %s' % (name, e))
  [ComfyUI] /Users/runner/.ce/.pixi/envs/geometrypack-nodes/lib/python3.12/multiprocessing/resource_tracker.py:292: UserWarning: resource_tracker: '/psm_61420b73': [Errno 2] No such file or directory: '/psm_61420b73'
  [ComfyUI] /Users/runner/.ce/.pixi/envs/geometrypack-nodes/lib/python3.12/multiprocessing/resource_tracker.py:292: UserWarning: resource_tracker: '/psm_61420b73': [Errno 2] No such file or directory: '/psm_61420b73'
  [ComfyUI] /Users/runner/.ce/.pixi/envs/geometrypack-nodes/lib/python3.12/multiprocessing/resource_tracker.py:292: UserWarning: resource_tracker: '/psm_61420b73': [Errno 2] No such file or directory: '/psm_61420b73'
  [ComfyUI]   warnings.warn('resource_tracker: %r: %s' % (name, e))
  [ComfyUI]   warnings.warn('resource_tracker: %r: %s' % (name, e))
  [ComfyUI]   warnings.warn('resource_tracker: %r: %s' % (name, e))
  [ComfyUI] /Users/runner/.ce/.pixi/envs/geometrypack-nodes/lib/python3.12/multiprocessing/resource_tracker.py:292: UserWarning: resource_tracker: '/psm_355fe307': [Errno 2] No such file or directory: '/psm_355fe307'
  [ComfyUI] /Users/runner/.ce/.pixi/envs/geometrypack-nodes/lib/python3.12/multiprocessing/resource_tracker.py:292: UserWarning: resource_tracker: '/psm_355fe307': [Errno 2] No such file or directory: '/psm_355fe307'
  [ComfyUI] /Users/runner/.ce/.pixi/envs/geometrypack-nodes/lib/python3.12/multiprocessing/resource_tracker.py:292: UserWarning: resource_tracker: '/psm_355fe307': [Errno 2] No such file or directory: '/psm_355fe307'
  [ComfyUI]   warnings.warn('resource_tracker: %r: %s' % (name, e))
  [ComfyUI]   warnings.warn('resource_tracker: %r: %s' % (name, e))
  [ComfyUI]   warnings.warn('resource_tracker: %r: %s' % (name, e))
  [ComfyUI] /Users/runner/.ce/.pixi/envs/geometrypack-nodes/lib/python3.12/multiprocessing/resource_tracker.py:292: UserWarning: resource_tracker: '/psm_d683bf45': [Errno 2] No such file or directory: '/psm_d683bf45'
  [ComfyUI] /Users/runner/.ce/.pixi/envs/geometrypack-nodes/lib/python3.12/multiprocessing/resource_tracker.py:292: UserWarning: resource_tracker: '/psm_d683bf45': [Errno 2] No such file or directory: '/psm_d683bf45'
  [ComfyUI] /Users/runner/.ce/.pixi/envs/geometrypack-nodes/lib/python3.12/multiprocessing/resource_tracker.py:292: UserWarning: resource_tracker: '/psm_d683bf45': [Errno 2] No such file or directory: '/psm_d683bf45'
  [ComfyUI]   warnings.warn('resource_tracker: %r: %s' % (name, e))
  [ComfyUI]   warnings.warn('resource_tracker: %r: %s' % (name, e))
  [ComfyUI]   warnings.warn('resource_tracker: %r: %s' % (name, e))
  [ComfyUI] /Users/runner/.ce/.pixi/envs/geometrypack-nodes/lib/python3.12/multiprocessing/resource_tracker.py:292: UserWarning: resource_tracker: '/psm_7f7a8c1e': [Errno 2] No such file or directory: '/psm_7f7a8c1e'
  [ComfyUI] /Users/runner/.ce/.pixi/envs/geometrypack-nodes/lib/python3.12/multiprocessing/resource_tracker.py:292: UserWarning: resource_tracker: '/psm_7f7a8c1e': [Errno 2] No such file or directory: '/psm_7f7a8c1e'
  [ComfyUI] /Users/runner/.ce/.pixi/envs/geometrypack-nodes/lib/python3.12/multiprocessing/resource_tracker.py:292: UserWarning: resource_tracker: '/psm_7f7a8c1e': [Errno 2] No such file or directory: '/psm_7f7a8c1e'
  [ComfyUI]   warnings.warn('resource_tracker: %r: %s' % (name, e))
  [ComfyUI]   warnings.warn('resource_tracker: %r: %s' % (name, e))
  [ComfyUI]   warnings.warn('resource_tracker: %r: %s' % (name, e))
  [ComfyUI] /Users/runner/.ce/.pixi/envs/geometrypack-nodes/lib/python3.12/multiprocessing/resource_tracker.py:292: UserWarning: resource_tracker: '/psm_78b09096': [Errno 2] No such file or directory: '/psm_78b09096'
  [ComfyUI] /Users/runner/.ce/.pixi/envs/geometrypack-nodes/lib/python3.12/multiprocessing/resource_tracker.py:292: UserWarning: resource_tracker: '/psm_78b09096': [Errno 2] No such file or directory: '/psm_78b09096'
  [ComfyUI] /Users/runner/.ce/.pixi/envs/geometrypack-nodes/lib/python3.12/multiprocessing/resource_tracker.py:292: UserWarning: resource_tracker: '/psm_78b09096': [Errno 2] No such file or directory: '/psm_78b09096'
  [ComfyUI]   warnings.warn('resource_tracker: %r: %s' % (name, e))
  [ComfyUI]   warnings.warn('resource_tracker: %r: %s' % (name, e))
  [ComfyUI]   warnings.warn('resource_tracker: %r: %s' % (name, e))
  [ComfyUI] /Users/runner/.ce/.pixi/envs/geometrypack-nodes/lib/python3.12/multiprocessing/resource_tracker.py:292: UserWarning: resource_tracker: '/psm_e9703c92': [Errno 2] No such file or directory: '/psm_e9703c92'
  [ComfyUI] /Users/runner/.ce/.pixi/envs/geometrypack-nodes/lib/python3.12/multiprocessing/resource_tracker.py:292: UserWarning: resource_tracker: '/psm_e9703c92': [Errno 2] No such file or directory: '/psm_e9703c92'
  [ComfyUI] /Users/runner/.ce/.pixi/envs/geometrypack-nodes/lib/python3.12/multiprocessing/resource_tracker.py:292: UserWarning: resource_tracker: '/psm_e9703c92': [Errno 2] No such file or directory: '/psm_e9703c92'
  [ComfyUI]   warnings.warn('resource_tracker: %r: %s' % (name, e))
  [ComfyUI]   warnings.warn('resource_tracker: %r: %s' % (name, e))
  [ComfyUI]   warnings.warn('resource_tracker: %r: %s' % (name, e))
  [ComfyUI] /Users/runner/.ce/.pixi/envs/geometrypack-nodes/lib/python3.12/multiprocessing/resource_tracker.py:292: UserWarning: resource_tracker: '/psm_6647c02f': [Errno 2] No such file or directory: '/psm_6647c02f'
  [ComfyUI] /Users/runner/.ce/.pixi/envs/geometrypack-nodes/lib/python3.12/multiprocessing/resource_tracker.py:292: UserWarning: resource_tracker: '/psm_6647c02f': [Errno 2] No such file or directory: '/psm_6647c02f'
  [ComfyUI] /Users/runner/.ce/.pixi/envs/geometrypack-nodes/lib/python3.12/multiprocessing/resource_tracker.py:292: UserWarning: resource_tracker: '/psm_6647c02f': [Errno 2] No such file or directory: '/psm_6647c02f'
  [ComfyUI]   warnings.warn('resource_tracker: %r: %s' % (name, e))
  [ComfyUI]   warnings.warn('resource_tracker: %r: %s' % (name, e))
  [ComfyUI]   warnings.warn('resource_tracker: %r: %s' % (name, e))
  [ComfyUI] /Users/runner/.ce/.pixi/envs/geometrypack-nodes/lib/python3.12/multiprocessing/resource_tracker.py:292: UserWarning: resource_tracker: '/psm_874a5ae7': [Errno 2] No such file or directory: '/psm_874a5ae7'
  [ComfyUI] /Users/runner/.ce/.pixi/envs/geometrypack-nodes/lib/python3.12/multiprocessing/resource_tracker.py:292: UserWarning: resource_tracker: '/psm_874a5ae7': [Errno 2] No such file or directory: '/psm_874a5ae7'
  [ComfyUI] /Users/runner/.ce/.pixi/envs/geometrypack-nodes/lib/python3.12/multiprocessing/resource_tracker.py:292: UserWarning: resource_tracker: '/psm_874a5ae7': [Errno 2] No such file or directory: '/psm_874a5ae7'
  [ComfyUI]   warnings.warn('resource_tracker: %r: %s' % (name, e))
  [ComfyUI]   warnings.warn('resource_tracker: %r: %s' % (name, e))
  [ComfyUI]   warnings.warn('resource_tracker: %r: %s' % (name, e))
  [ComfyUI] /Users/runner/.ce/.pixi/envs/geometrypack-nodes/lib/python3.12/multiprocessing/resource_tracker.py:292: UserWarning: resource_tracker: '/psm_f5d34ca3': [Errno 2] No such file or directory: '/psm_f5d34ca3'
  [ComfyUI] /Users/runner/.ce/.pixi/envs/geometrypack-nodes/lib/python3.12/multiprocessing/resource_tracker.py:292: UserWarning: resource_tracker: '/psm_f5d34ca3': [Errno 2] No such file or directory: '/psm_f5d34ca3'
  [ComfyUI] /Users/runner/.ce/.pixi/envs/geometrypack-nodes/lib/python3.12/multiprocessing/resource_tracker.py:292: UserWarning: resource_tracker: '/psm_f5d34ca3': [Errno 2] No such file or directory: '/psm_f5d34ca3'
  [ComfyUI]   warnings.warn('resource_tracker: %r: %s' % (name, e))
  [ComfyUI]   warnings.warn('resource_tracker: %r: %s' % (name, e))
  [ComfyUI]   warnings.warn('resource_tracker: %r: %s' % (name, e))
  [ComfyUI] /Users/runner/.ce/.pixi/envs/geometrypack-nodes/lib/python3.12/multiprocessing/resource_tracker.py:292: UserWarning: resource_tracker: '/psm_698b8996': [Errno 2] No such file or directory: '/psm_698b8996'
  [ComfyUI] /Users/runner/.ce/.pixi/envs/geometrypack-nodes/lib/python3.12/multiprocessing/resource_tracker.py:292: UserWarning: resource_tracker: '/psm_698b8996': [Errno 2] No such file or directory: '/psm_698b8996'
  [ComfyUI] /Users/runner/.ce/.pixi/envs/geometrypack-nodes/lib/python3.12/multiprocessing/resource_tracker.py:292: UserWarning: resource_tracker: '/psm_698b8996': [Errno 2] No such file or directory: '/psm_698b8996'
  [ComfyUI]   warnings.warn('resource_tracker: %r: %s' % (name, e))
  [ComfyUI]   warnings.warn('resource_tracker: %r: %s' % (name, e))
  [ComfyUI]   warnings.warn('resource_tracker: %r: %s' % (name, e))
  [ComfyUI] /Users/runner/.ce/.pixi/envs/geometrypack-nodes/lib/python3.12/multiprocessing/resource_tracker.py:292: UserWarning: resource_tracker: '/psm_fe60622d': [Errno 2] No such file or directory: '/psm_fe60622d'
  [ComfyUI] /Users/runner/.ce/.pixi/envs/geometrypack-nodes/lib/python3.12/multiprocessing/resource_tracker.py:292: UserWarning: resource_tracker: '/psm_fe60622d': [Errno 2] No such file or directory: '/psm_fe60622d'
  [ComfyUI] /Users/runner/.ce/.pixi/envs/geometrypack-nodes/lib/python3.12/multiprocessing/resource_tracker.py:292: UserWarning: resource_tracker: '/psm_fe60622d': [Errno 2] No such file or directory: '/psm_fe60622d'
  [ComfyUI]   warnings.warn('resource_tracker: %r: %s' % (name, e))
  [ComfyUI]   warnings.warn('resource_tracker: %r: %s' % (name, e))
  [ComfyUI]   warnings.warn('resource_tracker: %r: %s' % (name, e))
  [ComfyUI] /Users/runner/.ce/.pixi/envs/geometrypack-nodes/lib/python3.12/multiprocessing/resource_tracker.py:292: UserWarning: resource_tracker: '/psm_4e3a866c': [Errno 2] No such file or directory: '/psm_4e3a866c'
  [ComfyUI] /Users/runner/.ce/.pixi/envs/geometrypack-nodes/lib/python3.12/multiprocessing/resource_tracker.py:292: UserWarning: resource_tracker: '/psm_4e3a866c': [Errno 2] No such file or directory: '/psm_4e3a866c'
  [ComfyUI] /Users/runner/.ce/.pixi/envs/geometrypack-nodes/lib/python3.12/multiprocessing/resource_tracker.py:292: UserWarning: resource_tracker: '/psm_4e3a866c': [Errno 2] No such file or directory: '/psm_4e3a866c'
  [ComfyUI]   warnings.warn('resource_tracker: %r: %s' % (name, e))
  [ComfyUI]   warnings.warn('resource_tracker: %r: %s' % (name, e))
  [ComfyUI]   warnings.warn('resource_tracker: %r: %s' % (name, e))
  [ComfyUI] /Users/runner/.ce/.pixi/envs/geometrypack-nodes/lib/python3.12/multiprocessing/resource_tracker.py:292: UserWarning: resource_tracker: '/psm_1173e716': [Errno 2] No such file or directory: '/psm_1173e716'
  [ComfyUI] /Users/runner/.ce/.pixi/envs/geometrypack-nodes/lib/python3.12/multiprocessing/resource_tracker.py:292: UserWarning: resource_tracker: '/psm_1173e716': [Errno 2] No such file or directory: '/psm_1173e716'
  [ComfyUI] /Users/runner/.ce/.pixi/envs/geometrypack-nodes/lib/python3.12/multiprocessing/resource_tracker.py:292: UserWarning: resource_tracker: '/psm_1173e716': [Errno 2] No such file or directory: '/psm_1173e716'
  [ComfyUI]   warnings.warn('resource_tracker: %r: %s' % (name, e))
  [ComfyUI]   warnings.warn('resource_tracker: %r: %s' % (name, e))
  [ComfyUI]   warnings.warn('resource_tracker: %r: %s' % (name, e))
  [ComfyUI] /Users/runner/.ce/.pixi/envs/geometrypack-nodes/lib/python3.12/multiprocessing/resource_tracker.py:292: UserWarning: resource_tracker: '/psm_e18f5102': [Errno 2] No such file or directory: '/psm_e18f5102'
  [ComfyUI] /Users/runner/.ce/.pixi/envs/geometrypack-nodes/lib/python3.12/multiprocessing/resource_tracker.py:292: UserWarning: resource_tracker: '/psm_e18f5102': [Errno 2] No such file or directory: '/psm_e18f5102'
  [ComfyUI] /Users/runner/.ce/.pixi/envs/geometrypack-nodes/lib/python3.12/multiprocessing/resource_tracker.py:292: UserWarning: resource_tracker: '/psm_e18f5102': [Errno 2] No such file or directory: '/psm_e18f5102'
  [ComfyUI]   warnings.warn('resource_tracker: %r: %s' % (name, e))
  [ComfyUI]   warnings.warn('resource_tracker: %r: %s' % (name, e))
  [ComfyUI]   warnings.warn('resource_tracker: %r: %s' % (name, e))
  [ComfyUI] /Users/runner/.ce/.pixi/envs/geometrypack-nodes/lib/python3.12/multiprocessing/resource_tracker.py:292: UserWarning: resource_tracker: '/psm_3d23e74b': [Errno 2] No such file or directory: '/psm_3d23e74b'
  [ComfyUI] /Users/runner/.ce/.pixi/envs/geometrypack-nodes/lib/python3.12/multiprocessing/resource_tracker.py:292: UserWarning: resource_tracker: '/psm_3d23e74b': [Errno 2] No such file or directory: '/psm_3d23e74b'
  [ComfyUI] /Users/runner/.ce/.pixi/envs/geometrypack-nodes/lib/python3.12/multiprocessing/resource_tracker.py:292: UserWarning: resource_tracker: '/psm_3d23e74b': [Errno 2] No such file or directory: '/psm_3d23e74b'
  [ComfyUI]   warnings.warn('resource_tracker: %r: %s' % (name, e))
  [ComfyUI]   warnings.warn('resource_tracker: %r: %s' % (name, e))
  [ComfyUI]   warnings.warn('resource_tracker: %r: %s' % (name, e))
  [ComfyUI] /Users/runner/.ce/.pixi/envs/geometrypack-nodes/lib/python3.12/multiprocessing/resource_tracker.py:292: UserWarning: resource_tracker: '/psm_5a160b52': [Errno 2] No such file or directory: '/psm_5a160b52'
  [ComfyUI] /Users/runner/.ce/.pixi/envs/geometrypack-nodes/lib/python3.12/multiprocessing/resource_tracker.py:292: UserWarning: resource_tracker: '/psm_5a160b52': [Errno 2] No such file or directory: '/psm_5a160b52'
  [ComfyUI] /Users/runner/.ce/.pixi/envs/geometrypack-nodes/lib/python3.12/multiprocessing/resource_tracker.py:292: UserWarning: resource_tracker: '/psm_5a160b52': [Errno 2] No such file or directory: '/psm_5a160b52'
  [ComfyUI]   warnings.warn('resource_tracker: %r: %s' % (name, e))
  [ComfyUI]   warnings.warn('resource_tracker: %r: %s' % (name, e))
  [ComfyUI]   warnings.warn('resource_tracker: %r: %s' % (name, e))
  [ComfyUI] /Users/runner/.ce/.pixi/envs/geometrypack-nodes/lib/python3.12/multiprocessing/resource_tracker.py:292: UserWarning: resource_tracker: '/psm_a3638b86': [Errno 2] No such file or directory: '/psm_a3638b86'
  [ComfyUI] /Users/runner/.ce/.pixi/envs/geometrypack-nodes/lib/python3.12/multiprocessing/resource_tracker.py:292: UserWarning: resource_tracker: '/psm_a3638b86': [Errno 2] No such file or directory: '/psm_a3638b86'
  [ComfyUI] /Users/runner/.ce/.pixi/envs/geometrypack-nodes/lib/python3.12/multiprocessing/resource_tracker.py:292: UserWarning: resource_tracker: '/psm_a3638b86': [Errno 2] No such file or directory: '/psm_a3638b86'
  [ComfyUI]   warnings.warn('resource_tracker: %r: %s' % (name, e))
  [ComfyUI]   warnings.warn('resource_tracker: %r: %s' % (name, e))
  [ComfyUI]   warnings.warn('resource_tracker: %r: %s' % (name, e))
  [ComfyUI] /Users/runner/.ce/.pixi/envs/geometrypack-nodes/lib/python3.12/multiprocessing/resource_tracker.py:292: UserWarning: resource_tracker: '/psm_e90f7953': [Errno 2] No such file or directory: '/psm_e90f7953'
  [ComfyUI] /Users/runner/.ce/.pixi/envs/geometrypack-nodes/lib/python3.12/multiprocessing/resource_tracker.py:292: UserWarning: resource_tracker: '/psm_e90f7953': [Errno 2] No such file or directory: '/psm_e90f7953'
  [ComfyUI] /Users/runner/.ce/.pixi/envs/geometrypack-nodes/lib/python3.12/multiprocessing/resource_tracker.py:292: UserWarning: resource_tracker: '/psm_e90f7953': [Errno 2] No such file or directory: '/psm_e90f7953'
  [ComfyUI]   warnings.warn('resource_tracker: %r: %s' % (name, e))
  [ComfyUI]   warnings.warn('resource_tracker: %r: %s' % (name, e))
  [ComfyUI]   warnings.warn('resource_tracker: %r: %s' % (name, e))
  [ComfyUI] /Users/runner/.ce/.pixi/envs/geometrypack-nodes/lib/python3.12/multiprocessing/resource_tracker.py:292: UserWarning: resource_tracker: '/psm_08938d55': [Errno 2] No such file or directory: '/psm_08938d55'
  [ComfyUI] /Users/runner/.ce/.pixi/envs/geometrypack-nodes/lib/python3.12/multiprocessing/resource_tracker.py:292: UserWarning: resource_tracker: '/psm_08938d55': [Errno 2] No such file or directory: '/psm_08938d55'
  [ComfyUI] /Users/runner/.ce/.pixi/envs/geometrypack-nodes/lib/python3.12/multiprocessing/resource_tracker.py:292: UserWarning: resource_tracker: '/psm_08938d55': [Errno 2] No such file or directory: '/psm_08938d55'
  [ComfyUI]   warnings.warn('resource_tracker: %r: %s' % (name, e))
  [ComfyUI]   warnings.warn('resource_tracker: %r: %s' % (name, e))
  [ComfyUI]   warnings.warn('resource_tracker: %r: %s' % (name, e))
  [ComfyUI] [worker:ComfyUI-GeometryPack] ERROR: Failed to import comfy_kitchen, Error: No module named 'comfy_kitchen', fp8 and fp4 support will not be available.
  [ComfyUI] [worker:ComfyUI-GeometryPack] ERROR: Failed to import comfy_kitchen, Error: No module named 'comfy_kitchen', fp8 and fp4 support will not be available.
  [ComfyUI] [worker:ComfyUI-GeometryPack] ERROR: Failed to import comfy_kitchen, Error: No module named 'comfy_kitchen', fp8 and fp4 support will not be available.
  [ComfyUI] [SubprocessWorker] worker started/confirmed
  [ComfyUI] [SubprocessWorker] worker started/confirmed
  [ComfyUI] [SubprocessWorker] worker started/confirmed
  [ComfyUI] [SubprocessWorker] serializing kwargs to shm...
  [ComfyUI] [SubprocessWorker] serializing kwargs to shm...
  [ComfyUI] [SubprocessWorker] serializing kwargs to shm...
  [ComfyUI] [SubprocessWorker] created 0 shm blocks
  [ComfyUI] [SubprocessWorker] created 0 shm blocks
  [ComfyUI] [SubprocessWorker] created 0 shm blocks
  [ComfyUI] [SubprocessWorker] sending request via socket...
  [ComfyUI] [SubprocessWorker] sending request via socket...
  [ComfyUI] [SubprocessWorker] sending request via socket...
  [ComfyUI] [SubprocessWorker] call_id=141 sending call_method
  [ComfyUI] [SubprocessWorker] call_id=141 sending call_method
  [ComfyUI] [SubprocessWorker] call_id=141 sending call_method
  Frame 2 saved (frame_001.jpg, t=2.3s)
  [capture-periodic] freeze=5ms shot=132ms unfreeze=8ms saved=True
  [ComfyUI] [worker:ComfyUI-GeometryPack] INFO: Found mesh in input folder: 3d/cow.off
  [ComfyUI] [worker:ComfyUI-GeometryPack] INFO: Found mesh in input folder: 3d/cow.off
  [ComfyUI] [worker:ComfyUI-GeometryPack] INFO: Found mesh in input folder: 3d/cow.off
  [ComfyUI] [worker:ComfyUI-GeometryPack] INFO: Loading: /Users/runner/work/comfy-gpu-ci/comfy-gpu-ci/test_workspaces/GeometryPack-2137/ComfyUI/input/3d/cow.off
  [ComfyUI] [worker:ComfyUI-GeometryPack] INFO: Loading: /Users/runner/work/comfy-gpu-ci/comfy-gpu-ci/test_workspaces/GeometryPack-2137/ComfyUI/input/3d/cow.off
  [ComfyUI] [worker:ComfyUI-GeometryPack] INFO: Loading: /Users/runner/work/comfy-gpu-ci/comfy-gpu-ci/test_workspaces/GeometryPack-2137/ComfyUI/input/3d/cow.off
  [ComfyUI] [worker:ComfyUI-GeometryPack] INFO: Initial mesh: 2761 vertices, 5520 faces
  [ComfyUI] [worker:ComfyUI-GeometryPack] INFO: Initial mesh: 2761 vertices, 5520 faces
  [ComfyUI] [worker:ComfyUI-GeometryPack] INFO: Initial mesh: 2761 vertices, 5520 faces
  [ComfyUI] [worker:ComfyUI-GeometryPack] INFO: Successfully loaded: 2761 vertices, 5520 faces
  [ComfyUI] [worker:ComfyUI-GeometryPack] INFO: Successfully loaded: 2761 vertices, 5520 faces
  [ComfyUI] [worker:ComfyUI-GeometryPack] INFO: Successfully loaded: 2761 vertices, 5520 faces
  [ComfyUI] [worker:ComfyUI-GeometryPack] INFO: Loaded: 2761 vertices, 5520 faces
  [ComfyUI] [worker:ComfyUI-GeometryPack] INFO: Loaded: 2761 vertices, 5520 faces
  [ComfyUI] [worker:ComfyUI-GeometryPack] INFO: Loaded: 2761 vertices, 5520 faces
  [ComfyUI] [SubprocessWorker] got response: ok
  [ComfyUI] [SubprocessWorker] got response: ok
  [ComfyUI] [SubprocessWorker] got response: ok
  [ComfyUI] [comfy-env] GeomPackLoadMesh done (3.45s): result: NodeOutput
  [ComfyUI] [comfy-env] GeomPackLoadMesh done (3.45s): result: NodeOutput
  [ComfyUI] [comfy-env] GeomPackLoadMesh done (3.45s): result: NodeOutput
  [ComfyUI] [comfy-env] Running GeomPackExtractSkeleton: fix_mesh: True, normalize: False, backend: dict, trimesh: Trimesh
  [ComfyUI] [comfy-env] Running GeomPackExtractSkeleton: fix_mesh: True, normalize: False, backend: dict, trimesh: Trimesh
  [ComfyUI] [comfy-env] Running GeomPackExtractSkeleton: fix_mesh: True, normalize: False, backend: dict, trimesh: Trimesh
  [ComfyUI] [SubprocessWorker] call_method: nodes.skeleton.extract_skeleton.ExtractSkeleton.EXECUTE_NORMALIZED
  [ComfyUI] [SubprocessWorker] call_method: nodes.skeleton.extract_skeleton.ExtractSkeleton.EXECUTE_NORMALIZED
  [ComfyUI] [SubprocessWorker] call_method: nodes.skeleton.extract_skeleton.ExtractSkeleton.EXECUTE_NORMALIZED
  [ComfyUI] [SubprocessWorker] acquired lock, ensuring started...
  [ComfyUI] [SubprocessWorker] acquired lock, ensuring started...
  [ComfyUI] [SubprocessWorker] acquired lock, ensuring started...
  [ComfyUI] [ComfyUI-GeometryPack] Health check: ping (timeout=5.0s)...
  [ComfyUI] [ComfyUI-GeometryPack] Health check: ping (timeout=5.0s)...
  [ComfyUI] [ComfyUI-GeometryPack] Health check: ping (timeout=5.0s)...
  [ComfyUI] [ComfyUI-GeometryPack] Health check: ok
  [ComfyUI] [ComfyUI-GeometryPack] Health check: ok
  [ComfyUI] [ComfyUI-GeometryPack] Health check: ok
  [ComfyUI] [SubprocessWorker] worker started/confirmed
  [ComfyUI] [SubprocessWorker] worker started/confirmed
  [ComfyUI] [SubprocessWorker] worker started/confirmed
  [ComfyUI] [SubprocessWorker] serializing kwargs to shm...
  [ComfyUI] [SubprocessWorker] serializing kwargs to shm...
  [ComfyUI] [SubprocessWorker] serializing kwargs to shm...
  [ComfyUI] [SubprocessWorker] created 1 shm blocks
  [ComfyUI] [SubprocessWorker] created 1 shm blocks
  [ComfyUI] [SubprocessWorker] created 1 shm blocks
  [ComfyUI] [SubprocessWorker] sending request via socket...
  [ComfyUI] [SubprocessWorker] sending request via socket...
  [ComfyUI] [SubprocessWorker] sending request via socket...
  [ComfyUI] [SubprocessWorker] call_id=142 sending call_method
  [ComfyUI] [SubprocessWorker] call_id=142 sending call_method
  [ComfyUI] [SubprocessWorker] call_id=142 sending call_method
  [ComfyUI] [worker:ComfyUI-GeometryPack] INFO: Extract Skeleton dispatch: edge_collapse -> GeomPackSkeleton_EdgeCollapse
  [ComfyUI] [worker:ComfyUI-GeometryPack] INFO: Extract Skeleton dispatch: edge_collapse -> GeomPackSkeleton_EdgeCollapse
  [ComfyUI] [worker:ComfyUI-GeometryPack] INFO: Extract Skeleton dispatch: edge_collapse -> GeomPackSkeleton_EdgeCollapse
  [ComfyUI] [SubprocessWorker] got response: ok
  [ComfyUI] [SubprocessWorker] got response: ok
  [ComfyUI] [SubprocessWorker] got response: ok
  [ComfyUI] [comfy-env] GeomPackExtractSkeleton done (0.02s): result: NodeOutput
  [ComfyUI] [comfy-env] GeomPackExtractSkeleton done (0.02s): result: NodeOutput
  [ComfyUI] [comfy-env] GeomPackExtractSkeleton done (0.02s): result: NodeOutput
  [ComfyUI] [comfy-env] Running GeomPackSkeleton_EdgeCollapse: trimesh: Trimesh, fix_mesh: True, normalize: False, shape_weight: 1.0, sample_weight: 0.1
  [ComfyUI] [comfy-env] Running GeomPackSkeleton_EdgeCollapse: trimesh: Trimesh, fix_mesh: True, normalize: False, shape_weight: 1.0, sample_weight: 0.1
  [ComfyUI] [comfy-env] Running GeomPackSkeleton_EdgeCollapse: trimesh: Trimesh, fix_mesh: True, normalize: False, shape_weight: 1.0, sample_weight: 0.1
  [ComfyUI] [SubprocessWorker] call_method: nodes.skeleton.backends.edge_collapse.SkeletonEdgeCollapseNode.EXECUTE_NORMALIZED
  [ComfyUI] [SubprocessWorker] call_method: nodes.skeleton.backends.edge_collapse.SkeletonEdgeCollapseNode.EXECUTE_NORMALIZED
  [ComfyUI] [SubprocessWorker] call_method: nodes.skeleton.backends.edge_collapse.SkeletonEdgeCollapseNode.EXECUTE_NORMALIZED
  [ComfyUI] [SubprocessWorker] acquired lock, ensuring started...
  [ComfyUI] [SubprocessWorker] acquired lock, ensuring started...
  [ComfyUI] [SubprocessWorker] acquired lock, ensuring started...
  [ComfyUI] [ComfyUI-GeometryPack] Health check: ping (timeout=5.0s)...
  [ComfyUI] [ComfyUI-GeometryPack] Health check: ping (timeout=5.0s)...
  [ComfyUI] [ComfyUI-GeometryPack] Health check: ping (timeout=5.0s)...
  [ComfyUI] [ComfyUI-GeometryPack] Health check: ok
  [ComfyUI] [ComfyUI-GeometryPack] Health check: ok
  [ComfyUI] [ComfyUI-GeometryPack] Health check: ok
  [ComfyUI] [SubprocessWorker] worker started/confirmed
  [ComfyUI] [SubprocessWorker] worker started/confirmed
  [ComfyUI] [SubprocessWorker] worker started/confirmed
  [ComfyUI] [SubprocessWorker] serializing kwargs to shm...
  [ComfyUI] [SubprocessWorker] serializing kwargs to shm...
  [ComfyUI] [SubprocessWorker] serializing kwargs to shm...
  [ComfyUI] [SubprocessWorker] created 1 shm blocks
  [ComfyUI] [SubprocessWorker] created 1 shm blocks
  [ComfyUI] [SubprocessWorker] created 1 shm blocks
  [ComfyUI] [SubprocessWorker] sending request via socket...
  [ComfyUI] [SubprocessWorker] sending request via socket...
  [ComfyUI] [SubprocessWorker] sending request via socket...
  [ComfyUI] [SubprocessWorker] call_id=143 sending call_method
  [ComfyUI] [SubprocessWorker] call_id=143 sending call_method
  [ComfyUI] [SubprocessWorker] call_id=143 sending call_method
  Frame 3 saved (frame_002.jpg, t=4.5s)
  [capture-periodic] freeze=5ms shot=159ms unfreeze=7ms saved=True
  [capture-loop] iter=50 t=6.3s state={'complete': False, 'error': None, 'executedCount': 0, 'wsState': 1} eval_ms=4 ram=3.4/7.0GB (59%) swap=0.0/0.0GB (0%) cpu=43% browser_rss=0.94GB
  [ComfyUI] [worker:ComfyUI-GeometryPack] WARNING: Matplotlib is building the font cache; this may take a moment.
  [ComfyUI] [worker:ComfyUI-GeometryPack] WARNING: Matplotlib is building the font cache; this may take a moment.
  [ComfyUI] [worker:ComfyUI-GeometryPack] WARNING: Matplotlib is building the font cache; this may take a moment.
  [capture-loop] iter=100 t=12.3s state={'complete': False, 'error': None, 'executedCount': 0, 'wsState': 1} eval_ms=4 ram=3.5/7.0GB (60%) swap=0.0/0.0GB (0%) cpu=52% browser_rss=0.85GB
  [capture-loop] iter=150 t=18.3s state={'complete': False, 'error': None, 'executedCount': 0, 'wsState': 1} eval_ms=8 ram=3.5/7.0GB (60%) swap=0.0/0.0GB (0%) cpu=47% browser_rss=0.81GB
  [ComfyUI] [worker:ComfyUI-GeometryPack] INFO: Backend: edge_collapse
  [ComfyUI] [worker:ComfyUI-GeometryPack] INFO: Backend: edge_collapse
  [ComfyUI] [worker:ComfyUI-GeometryPack] INFO: Backend: edge_collapse
  [ComfyUI] 
  [ComfyUI] 
  [ComfyUI] 
  [ComfyUI] Collapsing edges:   0%|          | 0/5520 [00:00<?, ?it/s]
  [ComfyUI] Collapsing edges:   0%|          | 0/5520 [00:00<?, ?it/s]
  [ComfyUI] Collapsing edges:   0%|          | 0/5520 [00:00<?, ?it/s]
  [ComfyUI] Collapsing edges:   9%|▊         | 478/5520 [00:00<00:01, 4759.96it/s]
  [ComfyUI] Collapsing edges:   9%|▊         | 478/5520 [00:00<00:01, 4759.96it/s]
  [ComfyUI] Collapsing edges:   9%|▊         | 478/5520 [00:00<00:01, 4759.96it/s]
  [ComfyUI] Collapsing edges:  17%|█▋        | 954/5520 [00:00<00:00, 4754.40it/s]
  [ComfyUI] Collapsing edges:  17%|█▋        | 954/5520 [00:00<00:00, 4754.40it/s]
  [ComfyUI] Collapsing edges:  17%|█▋        | 954/5520 [00:00<00:00, 4754.40it/s]
  [ComfyUI] Collapsing edges:  26%|██▌       | 1430/5520 [00:00<00:00, 4456.48it/s]
  [ComfyUI] Collapsing edges:  26%|██▌       | 1430/5520 [00:00<00:00, 4456.48it/s]
  [ComfyUI] Collapsing edges:  26%|██▌       | 1430/5520 [00:00<00:00, 4456.48it/s]
  [ComfyUI] Collapsing edges:  35%|███▍      | 1918/5520 [00:00<00:00, 4613.50it/s]
  [ComfyUI] Collapsing edges:  35%|███▍      | 1918/5520 [00:00<00:00, 4613.50it/s]
  [ComfyUI] Collapsing edges:  35%|███▍      | 1918/5520 [00:00<00:00, 4613.50it/s]
  [ComfyUI] Collapsing edges:  43%|████▎     | 2382/5520 [00:00<00:00, 4557.94it/s]
  [ComfyUI] Collapsing edges:  43%|████▎     | 2382/5520 [00:00<00:00, 4557.94it/s]
  [ComfyUI] Collapsing edges:  43%|████▎     | 2382/5520 [00:00<00:00, 4557.94it/s]
  [ComfyUI] Collapsing edges:  52%|█████▏    | 2884/5520 [00:00<00:00, 4710.13it/s]
  [ComfyUI] Collapsing edges:  52%|█████▏    | 2884/5520 [00:00<00:00, 4710.13it/s]
  [ComfyUI] Collapsing edges:  52%|█████▏    | 2884/5520 [00:00<00:00, 4710.13it/s]
  [ComfyUI] Collapsing edges:  62%|██████▏   | 3414/5520 [00:00<00:00, 4895.88it/s]
  [ComfyUI] Collapsing edges:  62%|██████▏   | 3414/5520 [00:00<00:00, 4895.88it/s]
  [ComfyUI] Collapsing edges:  62%|██████▏   | 3414/5520 [00:00<00:00, 4895.88it/s]
  [ComfyUI] Collapsing edges:  72%|███████▏  | 3980/5520 [00:00<00:00, 5132.16it/s]
  [ComfyUI] Collapsing edges:  72%|███████▏  | 3980/5520 [00:00<00:00, 5132.16it/s]
  [ComfyUI] Collapsing edges:  72%|███████▏  | 3980/5520 [00:00<00:00, 5132.16it/s]
  [ComfyUI] Collapsing edges:  83%|████████▎ | 4558/5520 [00:00<00:00, 5327.65it/s]
  [ComfyUI] Collapsing edges:  83%|████████▎ | 4558/5520 [00:00<00:00, 5327.65it/s]
  [ComfyUI] Collapsing edges:  83%|████████▎ | 4558/5520 [00:00<00:00, 5327.65it/s]
  [ComfyUI] Collapsing edges:  93%|█████████▎| 5138/5520 [00:01<00:00, 5470.79it/s]
  [ComfyUI] Collapsing edges:  93%|█████████▎| 5138/5520 [00:01<00:00, 5470.79it/s]
  [ComfyUI] Collapsing edges:  93%|█████████▎| 5138/5520 [00:01<00:00, 5470.79it/s]
  [ComfyUI] Collapsing edges: 100%|█████████▉| 5518/5520 [00:01<00:00, 5036.84it/s]
  [ComfyUI] Collapsing edges: 100%|█████████▉| 5518/5520 [00:01<00:00, 5036.84it/s]
  [ComfyUI] Collapsing edges: 100%|█████████▉| 5518/5520 [00:01<00:00, 5036.84it/s]
  [ComfyUI] [SubprocessWorker] got response: ok
  [ComfyUI] [SubprocessWorker] got response: ok
  [ComfyUI] [SubprocessWorker] got response: ok
  [ComfyUI] [comfy-env] GeomPackSkeleton_EdgeCollapse done (18.30s): result: NodeOutput
  [ComfyUI] [comfy-env] GeomPackSkeleton_EdgeCollapse done (18.30s): result: NodeOutput
  [ComfyUI] [comfy-env] GeomPackSkeleton_EdgeCollapse done (18.30s): result: NodeOutput
  [ComfyUI] [comfy-env] Running GeomPackMeshFromSkeleton: joint_radius: 0.02, bone_radius: 0.01, skeleton: dict
  [ComfyUI] [comfy-env] Running GeomPackMeshFromSkeleton: joint_radius: 0.02, bone_radius: 0.01, skeleton: dict
  [ComfyUI] [comfy-env] Running GeomPackMeshFromSkeleton: joint_radius: 0.02, bone_radius: 0.01, skeleton: dict
  [ComfyUI] [SubprocessWorker] call_method: nodes.skeleton.mesh_from_skeleton.SkeletonToMesh.EXECUTE_NORMALIZED
  [ComfyUI] [SubprocessWorker] call_method: nodes.skeleton.mesh_from_skeleton.SkeletonToMesh.EXECUTE_NORMALIZED
  [ComfyUI] [SubprocessWorker] call_method: nodes.skeleton.mesh_from_skeleton.SkeletonToMesh.EXECUTE_NORMALIZED
  [ComfyUI] [SubprocessWorker] acquired lock, ensuring started...
  [ComfyUI] [SubprocessWorker] acquired lock, ensuring started...
  [ComfyUI] [SubprocessWorker] acquired lock, ensuring started...
  [ComfyUI] [ComfyUI-GeometryPack] Health check: ping (timeout=5.0s)...
  [ComfyUI] [ComfyUI-GeometryPack] Health check: ping (timeout=5.0s)...
  [ComfyUI] [ComfyUI-GeometryPack] Health check: ping (timeout=5.0s)...
  [ComfyUI] [ComfyUI-GeometryPack] Health check: ok
  [ComfyUI] [ComfyUI-GeometryPack] Health check: ok
  [ComfyUI] [ComfyUI-GeometryPack] Health check: ok
  [ComfyUI] [SubprocessWorker] worker started/confirmed
  [ComfyUI] [SubprocessWorker] worker started/confirmed
  [ComfyUI] [SubprocessWorker] worker started/confirmed
  [ComfyUI] [SubprocessWorker] serializing kwargs to shm...
  [ComfyUI] [SubprocessWorker] serializing kwargs to shm...
  [ComfyUI] [SubprocessWorker] serializing kwargs to shm...
  [ComfyUI] [SubprocessWorker] created 0 shm blocks
  [ComfyUI] [SubprocessWorker] created 0 shm blocks
  [ComfyUI] [SubprocessWorker] created 0 shm blocks
  [ComfyUI] [SubprocessWorker] sending request via socket...
  [ComfyUI] [SubprocessWorker] sending request via socket...
  [ComfyUI] [SubprocessWorker] sending request via socket...
  [ComfyUI] [SubprocessWorker] call_id=144 sending call_method
  [ComfyUI] [SubprocessWorker] call_id=144 sending call_method
  [ComfyUI] [SubprocessWorker] call_id=144 sending call_method
  [ComfyUI] [worker:ComfyUI-GeometryPack] [comfy-env] _from_shm got dict with keys: ['__type__', 'strategy', 'manager_path', 'storage_key', 'storage_size']
  [ComfyUI] [worker:ComfyUI-GeometryPack] [comfy-env] _from_shm got dict with keys: ['__type__', 'strategy', 'manager_path', 'storage_key', 'storage_size']
  [ComfyUI] [worker:ComfyUI-GeometryPack] [comfy-env] _from_shm got dict with keys: ['__type__', 'strategy', 'manager_path', 'storage_key', 'storage_size']
  [ComfyUI] [worker:ComfyUI-GeometryPack] [comfy-env] DESERIALIZE TensorRef: tensor_size=[55, 3]
  [ComfyUI] [worker:ComfyUI-GeometryPack] [comfy-env] DESERIALIZE TensorRef: tensor_size=[55, 3]
  [ComfyUI] [worker:ComfyUI-GeometryPack] [comfy-env] DESERIALIZE TensorRef: tensor_size=[55, 3]
  [ComfyUI] [worker:ComfyUI-GeometryPack] [comfy-env] DESERIALIZED tensor shape: torch.Size([55, 3])
  [ComfyUI] [worker:ComfyUI-GeometryPack] [comfy-env] DESERIALIZED tensor shape: torch.Size([55, 3])
  [ComfyUI] [worker:ComfyUI-GeometryPack] [comfy-env] DESERIALIZED tensor shape: torch.Size([55, 3])
  [ComfyUI] [worker:ComfyUI-GeometryPack] [comfy-env] _from_shm got dict with keys: ['__type__', 'strategy', 'manager_path', 'storage_key', 'storage_size']
  [ComfyUI] [worker:ComfyUI-GeometryPack] [comfy-env] _from_shm got dict with keys: ['__type__', 'strategy', 'manager_path', 'storage_key', 'storage_size']
  [ComfyUI] [worker:ComfyUI-GeometryPack] [comfy-env] _from_shm got dict with keys: ['__type__', 'strategy', 'manager_path', 'storage_key', 'storage_size']
  [ComfyUI] [worker:ComfyUI-GeometryPack] [comfy-env] DESERIALIZE TensorRef: tensor_size=[54, 2]
  [ComfyUI] [worker:ComfyUI-GeometryPack] [comfy-env] DESERIALIZE TensorRef: tensor_size=[54, 2]
  [ComfyUI] [worker:ComfyUI-GeometryPack] [comfy-env] DESERIALIZE TensorRef: tensor_size=[54, 2]
  [ComfyUI] [worker:ComfyUI-GeometryPack] [comfy-env] DESERIALIZED tensor shape: torch.Size([54, 2])
  [ComfyUI] [worker:ComfyUI-GeometryPack] [comfy-env] DESERIALIZED tensor shape: torch.Size([54, 2])
  [ComfyUI] [worker:ComfyUI-GeometryPack] [comfy-env] DESERIALIZED tensor shape: torch.Size([54, 2])
  [ComfyUI] [worker:ComfyUI-GeometryPack] INFO: Creating solid mesh: 55 joints, 54 bones
  [ComfyUI] [worker:ComfyUI-GeometryPack] INFO: Creating solid mesh: 55 joints, 54 bones
  [ComfyUI] [worker:ComfyUI-GeometryPack] INFO: Creating solid mesh: 55 joints, 54 bones
  [ComfyUI] [worker:ComfyUI-GeometryPack] INFO: Skeleton metadata: scale=0.505, normalized=False
  [ComfyUI] [worker:ComfyUI-GeometryPack] INFO: Skeleton metadata: scale=0.505, normalized=False
  [ComfyUI] [worker:ComfyUI-GeometryPack] INFO: Skeleton metadata: scale=0.505, normalized=False
  [ComfyUI] [worker:ComfyUI-GeometryPack] INFO: Input skeleton bounding box:
  [ComfyUI] [worker:ComfyUI-GeometryPack] INFO: Input skeleton bounding box:
  [ComfyUI] [worker:ComfyUI-GeometryPack] INFO: Input skeleton bounding box:
  [ComfyUI] [worker:ComfyUI-GeometryPack] INFO:   Min: [-0.507, -0.308, -0.140]
  [ComfyUI] [worker:ComfyUI-GeometryPack] INFO:   Min: [-0.507, -0.308, -0.140]
  [ComfyUI] [worker:ComfyUI-GeometryPack] INFO:   Min: [-0.507, -0.308, -0.140]
  [ComfyUI] [worker:ComfyUI-GeometryPack] INFO:   Max: [0.503, 0.319, 0.138]
  [ComfyUI] [worker:ComfyUI-GeometryPack] INFO:   Max: [0.503, 0.319, 0.138]
  [ComfyUI] [worker:ComfyUI-GeometryPack] INFO:   Max: [0.503, 0.319, 0.138]
  [ComfyUI] [worker:ComfyUI-GeometryPack] INFO:   Size: [1.010, 0.627, 0.277]
  [ComfyUI] [worker:ComfyUI-GeometryPack] INFO:   Size: [1.010, 0.627, 0.277]
  [ComfyUI] [worker:ComfyUI-GeometryPack] INFO:   Size: [1.010, 0.627, 0.277]
  [ComfyUI] [worker:ComfyUI-GeometryPack] INFO:   Center: [-0.002, 0.005, -0.001]
  [ComfyUI] [worker:ComfyUI-GeometryPack] INFO:   Center: [-0.002, 0.005, -0.001]
  [ComfyUI] [worker:ComfyUI-GeometryPack] INFO:   Center: [-0.002, 0.005, -0.001]
  [ComfyUI] [worker:ComfyUI-GeometryPack] INFO: Created mesh: 6362 vertices, 12288 faces
  [ComfyUI] [worker:ComfyUI-GeometryPack] INFO: Created mesh: 6362 vertices, 12288 faces
  [ComfyUI] [worker:ComfyUI-GeometryPack] INFO: Created mesh: 6362 vertices, 12288 faces
  [ComfyUI] [worker:ComfyUI-GeometryPack] INFO: Output mesh bounding box:
  [ComfyUI] [worker:ComfyUI-GeometryPack] INFO: Output mesh bounding box:
  [ComfyUI] [worker:ComfyUI-GeometryPack] INFO: Output mesh bounding box:
  [ComfyUI] [worker:ComfyUI-GeometryPack] INFO:   Min: [-0.527, -0.328, -0.160]
  [ComfyUI] [worker:ComfyUI-GeometryPack] INFO:   Min: [-0.527, -0.328, -0.160]
  [ComfyUI] [worker:ComfyUI-GeometryPack] INFO:   Min: [-0.527, -0.328, -0.160]
  [ComfyUI] [worker:ComfyUI-GeometryPack] INFO:   Max: [0.522, 0.338, 0.158]
  [ComfyUI] [worker:ComfyUI-GeometryPack] INFO:   Max: [0.522, 0.338, 0.158]
  [ComfyUI] [worker:ComfyUI-GeometryPack] INFO:   Max: [0.522, 0.338, 0.158]
  [ComfyUI] [worker:ComfyUI-GeometryPack] INFO:   Size: [1.049, 0.666, 0.317]
  [ComfyUI] [worker:ComfyUI-GeometryPack] INFO:   Size: [1.049, 0.666, 0.317]
  [ComfyUI] [worker:ComfyUI-GeometryPack] INFO:   Size: [1.049, 0.666, 0.317]
  [ComfyUI] [worker:ComfyUI-GeometryPack] INFO:   Center: [-0.002, 0.005, -0.001]
  [ComfyUI] [worker:ComfyUI-GeometryPack] INFO:   Center: [-0.002, 0.005, -0.001]
  [ComfyUI] [worker:ComfyUI-GeometryPack] INFO:   Center: [-0.002, 0.005, -0.001]
  [ComfyUI] [SubprocessWorker] got response: ok
  [ComfyUI] [SubprocessWorker] got response: ok
  [ComfyUI] [SubprocessWorker] got response: ok
  [ComfyUI] [comfy-env] GeomPackMeshFromSkeleton done (0.10s): result: NodeOutput
  [ComfyUI] [comfy-env] GeomPackMeshFromSkeleton done (0.10s): result: NodeOutput
  [ComfyUI] [comfy-env] GeomPackMeshFromSkeleton done (0.10s): result: NodeOutput
  [ComfyUI] [comfy-env] Running GeomPackExtractSkeleton: fix_mesh: True, normalize: False, backend: dict, trimesh: Trimesh
  [ComfyUI] [comfy-env] Running GeomPackExtractSkeleton: fix_mesh: True, normalize: False, backend: dict, trimesh: Trimesh
  [ComfyUI] [comfy-env] Running GeomPackExtractSkeleton: fix_mesh: True, normalize: False, backend: dict, trimesh: Trimesh
  [ComfyUI] [SubprocessWorker] call_method: nodes.skeleton.extract_skeleton.ExtractSkeleton.EXECUTE_NORMALIZED
  [ComfyUI] [SubprocessWorker] call_method: nodes.skeleton.extract_skeleton.ExtractSkeleton.EXECUTE_NORMALIZED
  [ComfyUI] [SubprocessWorker] call_method: nodes.skeleton.extract_skeleton.ExtractSkeleton.EXECUTE_NORMALIZED
  [ComfyUI] [SubprocessWorker] acquired lock, ensuring started...
  [ComfyUI] [SubprocessWorker] acquired lock, ensuring started...
  [ComfyUI] [SubprocessWorker] acquired lock, ensuring started...
  [ComfyUI] [ComfyUI-GeometryPack] Health check: ping (timeout=5.0s)...
  [ComfyUI] [ComfyUI-GeometryPack] Health check: ping (timeout=5.0s)...
  [ComfyUI] [ComfyUI-GeometryPack] Health check: ping (timeout=5.0s)...
  [ComfyUI] [ComfyUI-GeometryPack] Health check: ok
  [ComfyUI] [ComfyUI-GeometryPack] Health check: ok
  [ComfyUI] [ComfyUI-GeometryPack] Health check: ok
  [ComfyUI] [SubprocessWorker] worker started/confirmed
  [ComfyUI] [SubprocessWorker] worker started/confirmed
  [ComfyUI] [SubprocessWorker] worker started/confirmed
  [ComfyUI] [SubprocessWorker] serializing kwargs to shm...
  [ComfyUI] [SubprocessWorker] serializing kwargs to shm...
  [ComfyUI] [SubprocessWorker] serializing kwargs to shm...
  [ComfyUI] [SubprocessWorker] created 1 shm blocks
  [ComfyUI] [SubprocessWorker] created 1 shm blocks
  [ComfyUI] [SubprocessWorker] created 1 shm blocks
  [ComfyUI] [SubprocessWorker] sending request via socket...
  [ComfyUI] [SubprocessWorker] sending request via socket...
  [ComfyUI] [SubprocessWorker] sending request via socket...
  [ComfyUI] [SubprocessWorker] call_id=145 sending call_method
  [ComfyUI] [SubprocessWorker] call_id=145 sending call_method
  [ComfyUI] [SubprocessWorker] call_id=145 sending call_method
  [ComfyUI] [worker:ComfyUI-GeometryPack] INFO: Extract Skeleton dispatch: vertex_clusters -> GeomPackSkeleton_VertexClusters
  [ComfyUI] [worker:ComfyUI-GeometryPack] INFO: Extract Skeleton dispatch: vertex_clusters -> GeomPackSkeleton_VertexClusters
  [ComfyUI] [worker:ComfyUI-GeometryPack] INFO: Extract Skeleton dispatch: vertex_clusters -> GeomPackSkeleton_VertexClusters
  [ComfyUI] [SubprocessWorker] got response: ok
  [ComfyUI] [SubprocessWorker] got response: ok
  [ComfyUI] [SubprocessWorker] got response: ok
  [ComfyUI] [comfy-env] GeomPackExtractSkeleton done (0.01s): result: NodeOutput
  [ComfyUI] [comfy-env] GeomPackExtractSkeleton done (0.01s): result: NodeOutput
  [ComfyUI] [comfy-env] GeomPackExtractSkeleton done (0.01s): result: NodeOutput
  [ComfyUI] [comfy-env] Running GeomPackSkeleton_VertexClusters: trimesh: Trimesh, fix_mesh: True, normalize: False, sampling_dist: 1.0, cluster_pos: 'median'
  [ComfyUI] [comfy-env] Running GeomPackSkeleton_VertexClusters: trimesh: Trimesh, fix_mesh: True, normalize: False, sampling_dist: 1.0, cluster_pos: 'median'
  [ComfyUI] [comfy-env] Running GeomPackSkeleton_VertexClusters: trimesh: Trimesh, fix_mesh: True, normalize: False, sampling_dist: 1.0, cluster_pos: 'median'
  [ComfyUI] [SubprocessWorker] call_method: nodes.skeleton.backends.vertex_clusters.SkeletonVertexClustersNode.EXECUTE_NORMALIZED
  [ComfyUI] [SubprocessWorker] call_method: nodes.skeleton.backends.vertex_clusters.SkeletonVertexClustersNode.EXECUTE_NORMALIZED
  [ComfyUI] [SubprocessWorker] call_method: nodes.skeleton.backends.vertex_clusters.SkeletonVertexClustersNode.EXECUTE_NORMALIZED
  [ComfyUI] [SubprocessWorker] acquired lock, ensuring started...
  [ComfyUI] [SubprocessWorker] acquired lock, ensuring started...
  [ComfyUI] [SubprocessWorker] acquired lock, ensuring started...
  [ComfyUI] [ComfyUI-GeometryPack] Health check: ping (timeout=5.0s)...
  [ComfyUI] [ComfyUI-GeometryPack] Health check: ping (timeout=5.0s)...
  [ComfyUI] [ComfyUI-GeometryPack] Health check: ping (timeout=5.0s)...
  [ComfyUI] [ComfyUI-GeometryPack] Health check: ok
  [ComfyUI] [ComfyUI-GeometryPack] Health check: ok
  [ComfyUI] [ComfyUI-GeometryPack] Health check: ok
  [ComfyUI] [SubprocessWorker] worker started/confirmed
  [ComfyUI] [SubprocessWorker] worker started/confirmed
  [ComfyUI] [SubprocessWorker] worker started/confirmed
  [ComfyUI] [SubprocessWorker] serializing kwargs to shm...
  [ComfyUI] [SubprocessWorker] serializing kwargs to shm...
  [ComfyUI] [SubprocessWorker] serializing kwargs to shm...
  [ComfyUI] [SubprocessWorker] created 1 shm blocks
  [ComfyUI] [SubprocessWorker] created 1 shm blocks
  [ComfyUI] [SubprocessWorker] created 1 shm blocks
  [ComfyUI] [SubprocessWorker] sending request via socket...
  [ComfyUI] [SubprocessWorker] sending request via socket...
  [ComfyUI] [SubprocessWorker] sending request via socket...
  [ComfyUI] [SubprocessWorker] call_id=146 sending call_method
  [ComfyUI] [SubprocessWorker] call_id=146 sending call_method
  [ComfyUI] [SubprocessWorker] call_id=146 sending call_method
  [ComfyUI] [worker:ComfyUI-GeometryPack] INFO: Backend: vertex_clusters
  [ComfyUI] [worker:ComfyUI-GeometryPack] INFO: Backend: vertex_clusters
  [ComfyUI] [worker:ComfyUI-GeometryPack] INFO: Backend: vertex_clusters
  [ComfyUI] 
  [ComfyUI] 
  [ComfyUI] 
  [ComfyUI] Clustering:   0%|          | 0/2761 [00:00<?, ?it/s]
  [ComfyUI] Clustering:   0%|          | 0/2761 [00:00<?, ?it/s]
  [ComfyUI] Clustering:   0%|          | 0/2761 [00:00<?, ?it/s]
  [ComfyUI] Clustering: 100%|██████████| 2761/2761 [00:00<00:00, 851818.56it/s]
  [ComfyUI] Clustering: 100%|██████████| 2761/2761 [00:00<00:00, 851818.56it/s]
  [ComfyUI] Clustering: 100%|██████████| 2761/2761 [00:00<00:00, 851818.56it/s]
  [ComfyUI] [SubprocessWorker] got response: ok
  [ComfyUI] [SubprocessWorker] got response: ok
  [ComfyUI] [SubprocessWorker] got response: ok
  [ComfyUI] [comfy-env] GeomPackSkeleton_VertexClusters done (0.06s): result: NodeOutput
  [ComfyUI] [comfy-env] GeomPackSkeleton_VertexClusters done (0.06s): result: NodeOutput
  [ComfyUI] [comfy-env] GeomPackSkeleton_VertexClusters done (0.06s): result: NodeOutput
  [ComfyUI] [comfy-env] Running GeomPackMeshFromSkeleton: joint_radius: 0.02, bone_radius: 0.01, skeleton: dict
  [ComfyUI] [comfy-env] Running GeomPackMeshFromSkeleton: joint_radius: 0.02, bone_radius: 0.01, skeleton: dict
  [ComfyUI] [comfy-env] Running GeomPackMeshFromSkeleton: joint_radius: 0.02, bone_radius: 0.01, skeleton: dict
  [ComfyUI] [SubprocessWorker] call_method: nodes.skeleton.mesh_from_skeleton.SkeletonToMesh.EXECUTE_NORMALIZED
  [ComfyUI] [SubprocessWorker] call_method: nodes.skeleton.mesh_from_skeleton.SkeletonToMesh.EXECUTE_NORMALIZED
  [ComfyUI] [SubprocessWorker] call_method: nodes.skeleton.mesh_from_skeleton.SkeletonToMesh.EXECUTE_NORMALIZED
  [ComfyUI] [SubprocessWorker] acquired lock, ensuring started...
  [ComfyUI] [SubprocessWorker] acquired lock, ensuring started...
  [ComfyUI] [SubprocessWorker] acquired lock, ensuring started...
  [ComfyUI] [ComfyUI-GeometryPack] Health check: ping (timeout=5.0s)...
  [ComfyUI] [ComfyUI-GeometryPack] Health check: ping (timeout=5.0s)...
  [ComfyUI] [ComfyUI-GeometryPack] Health check: ping (timeout=5.0s)...
  [ComfyUI] [ComfyUI-GeometryPack] Health check: ok
  [ComfyUI] [ComfyUI-GeometryPack] Health check: ok
  [ComfyUI] [ComfyUI-GeometryPack] Health check: ok
  [ComfyUI] [SubprocessWorker] worker started/confirmed
  [ComfyUI] [SubprocessWorker] worker started/confirmed
  [ComfyUI] [SubprocessWorker] worker started/confirmed
  [ComfyUI] [SubprocessWorker] serializing kwargs to shm...
  [ComfyUI] [SubprocessWorker] serializing kwargs to shm...
  [ComfyUI] [SubprocessWorker] serializing kwargs to shm...
  [ComfyUI] [SubprocessWorker] created 0 shm blocks
  [ComfyUI] [SubprocessWorker] created 0 shm blocks
  [ComfyUI] [SubprocessWorker] created 0 shm blocks
  [ComfyUI] [SubprocessWorker] sending request via socket...
  [ComfyUI] [SubprocessWorker] sending request via socket...
  [ComfyUI] [SubprocessWorker] sending request via socket...
  [ComfyUI] [SubprocessWorker] call_id=147 sending call_method
  [ComfyUI] [SubprocessWorker] call_id=147 sending call_method
  [ComfyUI] [SubprocessWorker] call_id=147 sending call_method
  [ComfyUI] [worker:ComfyUI-GeometryPack] [comfy-env] _from_shm got dict with keys: ['__type__', 'strategy', 'manager_path', 'storage_key', 'storage_size']
  [ComfyUI] [worker:ComfyUI-GeometryPack] [comfy-env] _from_shm got dict with keys: ['__type__', 'strategy', 'manager_path', 'storage_key', 'storage_size']
  [ComfyUI] [worker:ComfyUI-GeometryPack] [comfy-env] _from_shm got dict with keys: ['__type__', 'strategy', 'manager_path', 'storage_key', 'storage_size']
  [ComfyUI] [worker:ComfyUI-GeometryPack] [comfy-env] DESERIALIZE TensorRef: tensor_size=[25, 3]
  [ComfyUI] [worker:ComfyUI-GeometryPack] [comfy-env] DESERIALIZE TensorRef: tensor_size=[25, 3]
  [ComfyUI] [worker:ComfyUI-GeometryPack] [comfy-env] DESERIALIZE TensorRef: tensor_size=[25, 3]
  [ComfyUI] [worker:ComfyUI-GeometryPack] [comfy-env] DESERIALIZED tensor shape: torch.Size([25, 3])
  [ComfyUI] [worker:ComfyUI-GeometryPack] [comfy-env] DESERIALIZED tensor shape: torch.Size([25, 3])
  [ComfyUI] [worker:ComfyUI-GeometryPack] [comfy-env] DESERIALIZED tensor shape: torch.Size([25, 3])
  [ComfyUI] [worker:ComfyUI-GeometryPack] [comfy-env] _from_shm got dict with keys: ['__type__', 'strategy', 'manager_path', 'storage_key', 'storage_size']
  [ComfyUI] [worker:ComfyUI-GeometryPack] [comfy-env] _from_shm got dict with keys: ['__type__', 'strategy', 'manager_path', 'storage_key', 'storage_size']
  [ComfyUI] [worker:ComfyUI-GeometryPack] [comfy-env] _from_shm got dict with keys: ['__type__', 'strategy', 'manager_path', 'storage_key', 'storage_size']
  [ComfyUI] [worker:ComfyUI-GeometryPack] [comfy-env] DESERIALIZE TensorRef: tensor_size=[24, 2]
  [ComfyUI] [worker:ComfyUI-GeometryPack] [comfy-env] DESERIALIZE TensorRef: tensor_size=[24, 2]
  [ComfyUI] [worker:ComfyUI-GeometryPack] [comfy-env] DESERIALIZE TensorRef: tensor_size=[24, 2]
  [ComfyUI] [worker:ComfyUI-GeometryPack] [comfy-env] DESERIALIZED tensor shape: torch.Size([24, 2])
  [ComfyUI] [worker:ComfyUI-GeometryPack] [comfy-env] DESERIALIZED tensor shape: torch.Size([24, 2])
  [ComfyUI] [worker:ComfyUI-GeometryPack] [comfy-env] DESERIALIZED tensor shape: torch.Size([24, 2])
  [ComfyUI] [worker:ComfyUI-GeometryPack] INFO: Creating solid mesh: 25 joints, 24 bones
  [ComfyUI] [worker:ComfyUI-GeometryPack] INFO: Creating solid mesh: 25 joints, 24 bones
  [ComfyUI] [worker:ComfyUI-GeometryPack] INFO: Creating solid mesh: 25 joints, 24 bones
  [ComfyUI] [worker:ComfyUI-GeometryPack] INFO: Skeleton metadata: scale=0.453, normalized=False
  [ComfyUI] [worker:ComfyUI-GeometryPack] INFO: Skeleton metadata: scale=0.453, normalized=False
  [ComfyUI] [worker:ComfyUI-GeometryPack] INFO: Skeleton metadata: scale=0.453, normalized=False
  [ComfyUI] [worker:ComfyUI-GeometryPack] INFO: Input skeleton bounding box:
  [ComfyUI] [worker:ComfyUI-GeometryPack] INFO: Input skeleton bounding box:
  [ComfyUI] [worker:ComfyUI-GeometryPack] INFO: Input skeleton bounding box:
  [ComfyUI] [worker:ComfyUI-GeometryPack] INFO:   Min: [-0.481, -0.320, -0.111]
  [ComfyUI] [worker:ComfyUI-GeometryPack] INFO:   Min: [-0.481, -0.320, -0.111]
  [ComfyUI] [worker:ComfyUI-GeometryPack] INFO:   Min: [-0.481, -0.320, -0.111]
  [ComfyUI] [worker:ComfyUI-GeometryPack] INFO:   Max: [0.425, 0.308, 0.123]
  [ComfyUI] [worker:ComfyUI-GeometryPack] INFO:   Max: [0.425, 0.308, 0.123]
  [ComfyUI] [worker:ComfyUI-GeometryPack] INFO:   Max: [0.425, 0.308, 0.123]
  [ComfyUI] [worker:ComfyUI-GeometryPack] INFO:   Size: [0.906, 0.628, 0.234]
  [ComfyUI] [worker:ComfyUI-GeometryPack] INFO:   Size: [0.906, 0.628, 0.234]
  [ComfyUI] [worker:ComfyUI-GeometryPack] INFO:   Size: [0.906, 0.628, 0.234]
  [ComfyUI] [worker:ComfyUI-GeometryPack] INFO:   Center: [-0.028, -0.006, 0.006]
  [ComfyUI] [worker:ComfyUI-GeometryPack] INFO:   Center: [-0.028, -0.006, 0.006]
  [ComfyUI] [worker:ComfyUI-GeometryPack] INFO:   Center: [-0.028, -0.006, 0.006]
  [ComfyUI] [worker:ComfyUI-GeometryPack] INFO: Created mesh: 2882 vertices, 5568 faces
  [ComfyUI] [worker:ComfyUI-GeometryPack] INFO: Created mesh: 2882 vertices, 5568 faces
  [ComfyUI] [worker:ComfyUI-GeometryPack] INFO: Created mesh: 2882 vertices, 5568 faces
  [ComfyUI] [worker:ComfyUI-GeometryPack] INFO: Output mesh bounding box:
  [ComfyUI] [worker:ComfyUI-GeometryPack] INFO: Output mesh bounding box:
  [ComfyUI] [worker:ComfyUI-GeometryPack] INFO: Output mesh bounding box:
  [ComfyUI] [worker:ComfyUI-GeometryPack] INFO:   Min: [-0.500, -0.339, -0.131]
  [ComfyUI] [worker:ComfyUI-GeometryPack] INFO:   Min: [-0.500, -0.339, -0.131]
  [ComfyUI] [worker:ComfyUI-GeometryPack] INFO:   Min: [-0.500, -0.339, -0.131]
  [ComfyUI] [worker:ComfyUI-GeometryPack] INFO:   Max: [0.445, 0.328, 0.143]
  [ComfyUI] [worker:ComfyUI-GeometryPack] INFO:   Max: [0.445, 0.328, 0.143]
  [ComfyUI] [worker:ComfyUI-GeometryPack] INFO:   Max: [0.445, 0.328, 0.143]
  [ComfyUI] [worker:ComfyUI-GeometryPack] INFO:   Size: [0.945, 0.667, 0.274]
  [ComfyUI] [worker:ComfyUI-GeometryPack] INFO:   Size: [0.945, 0.667, 0.274]
  [ComfyUI] [worker:ComfyUI-GeometryPack] INFO:   Size: [0.945, 0.667, 0.274]
  [ComfyUI] [worker:ComfyUI-GeometryPack] INFO:   Center: [-0.028, -0.006, 0.006]
  [ComfyUI] [worker:ComfyUI-GeometryPack] INFO:   Center: [-0.028, -0.006, 0.006]
  [ComfyUI] [worker:ComfyUI-GeometryPack] INFO:   Center: [-0.028, -0.006, 0.006]
  [ComfyUI] [SubprocessWorker] got response: ok
  [ComfyUI] [SubprocessWorker] got response: ok
  [ComfyUI] [SubprocessWorker] got response: ok
  [ComfyUI] [comfy-env] GeomPackMeshFromSkeleton done (0.05s): result: NodeOutput
  [ComfyUI] [comfy-env] GeomPackMeshFromSkeleton done (0.05s): result: NodeOutput
  [ComfyUI] [comfy-env] GeomPackMeshFromSkeleton done (0.05s): result: NodeOutput
  [ComfyUI] [comfy-env] Running GeomPackExtractSkeleton: fix_mesh: True, normalize: False, backend: dict, trimesh: Trimesh
  [ComfyUI] [comfy-env] Running GeomPackExtractSkeleton: fix_mesh: True, normalize: False, backend: dict, trimesh: Trimesh
  [ComfyUI] [comfy-env] Running GeomPackExtractSkeleton: fix_mesh: True, normalize: False, backend: dict, trimesh: Trimesh
  [ComfyUI] [SubprocessWorker] call_method: nodes.skeleton.extract_skeleton.ExtractSkeleton.EXECUTE_NORMALIZED
  [ComfyUI] [SubprocessWorker] call_method: nodes.skeleton.extract_skeleton.ExtractSkeleton.EXECUTE_NORMALIZED
  [ComfyUI] [SubprocessWorker] call_method: nodes.skeleton.extract_skeleton.ExtractSkeleton.EXECUTE_NORMALIZED
  [ComfyUI] [SubprocessWorker] acquired lock, ensuring started...
  [ComfyUI] [SubprocessWorker] acquired lock, ensuring started...
  [ComfyUI] [SubprocessWorker] acquired lock, ensuring started...
  [ComfyUI] [ComfyUI-GeometryPack] Health check: ping (timeout=5.0s)...
  [ComfyUI] [ComfyUI-GeometryPack] Health check: ping (timeout=5.0s)...
  [ComfyUI] [ComfyUI-GeometryPack] Health check: ping (timeout=5.0s)...
  [ComfyUI] [ComfyUI-GeometryPack] Health check: ok
  [ComfyUI] [ComfyUI-GeometryPack] Health check: ok
  [ComfyUI] [ComfyUI-GeometryPack] Health check: ok
  [ComfyUI] [SubprocessWorker] worker started/confirmed
  [ComfyUI] [SubprocessWorker] worker started/confirmed
  [ComfyUI] [SubprocessWorker] worker started/confirmed
  [ComfyUI] [SubprocessWorker] serializing kwargs to shm...
  [ComfyUI] [SubprocessWorker] serializing kwargs to shm...
  [ComfyUI] [SubprocessWorker] serializing kwargs to shm...
  [ComfyUI] [SubprocessWorker] created 1 shm blocks
  [ComfyUI] [SubprocessWorker] created 1 shm blocks
  [ComfyUI] [SubprocessWorker] created 1 shm blocks
  [ComfyUI] [SubprocessWorker] sending request via socket...
  [ComfyUI] [SubprocessWorker] sending request via socket...
  [ComfyUI] [SubprocessWorker] sending request via socket...
  [ComfyUI] [SubprocessWorker] call_id=148 sending call_method
  [ComfyUI] [SubprocessWorker] call_id=148 sending call_method
  [ComfyUI] [SubprocessWorker] call_id=148 sending call_method
  [ComfyUI] [worker:ComfyUI-GeometryPack] INFO: Extract Skeleton dispatch: wavefront -> GeomPackSkeleton_Wavefront
  [ComfyUI] [worker:ComfyUI-GeometryPack] INFO: Extract Skeleton dispatch: wavefront -> GeomPackSkeleton_Wavefront
  [ComfyUI] [worker:ComfyUI-GeometryPack] INFO: Extract Skeleton dispatch: wavefront -> GeomPackSkeleton_Wavefront
  [ComfyUI] [SubprocessWorker] got response: ok
  [ComfyUI] [SubprocessWorker] got response: ok
  [ComfyUI] [SubprocessWorker] got response: ok
  [ComfyUI] [comfy-env] GeomPackExtractSkeleton done (0.01s): result: NodeOutput
  [ComfyUI] [comfy-env] GeomPackExtractSkeleton done (0.01s): result: NodeOutput
  [ComfyUI] [comfy-env] GeomPackExtractSkeleton done (0.01s): result: NodeOutput
  [ComfyUI] [comfy-env] Running GeomPackSkeleton_Wavefront: trimesh: Trimesh, fix_mesh: True, normalize: False, waves: 1, step_size: 1.0
  [ComfyUI] [comfy-env] Running GeomPackSkeleton_Wavefront: trimesh: Trimesh, fix_mesh: True, normalize: False, waves: 1, step_size: 1.0
  [ComfyUI] [comfy-env] Running GeomPackSkeleton_Wavefront: trimesh: Trimesh, fix_mesh: True, normalize: False, waves: 1, step_size: 1.0
  [ComfyUI] [SubprocessWorker] call_method: nodes.skeleton.backends.wavefront.SkeletonWavefrontNode.EXECUTE_NORMALIZED
  [ComfyUI] [SubprocessWorker] call_method: nodes.skeleton.backends.wavefront.SkeletonWavefrontNode.EXECUTE_NORMALIZED
  [ComfyUI] [SubprocessWorker] call_method: nodes.skeleton.backends.wavefront.SkeletonWavefrontNode.EXECUTE_NORMALIZED
  [ComfyUI] [SubprocessWorker] acquired lock, ensuring started...
  [ComfyUI] [SubprocessWorker] acquired lock, ensuring started...
  [ComfyUI] [SubprocessWorker] acquired lock, ensuring started...
  [ComfyUI] [ComfyUI-GeometryPack] Health check: ping (timeout=5.0s)...
  [ComfyUI] [ComfyUI-GeometryPack] Health check: ping (timeout=5.0s)...
  [ComfyUI] [ComfyUI-GeometryPack] Health check: ping (timeout=5.0s)...
  [ComfyUI] [ComfyUI-GeometryPack] Health check: ok
  [ComfyUI] [ComfyUI-GeometryPack] Health check: ok
  [ComfyUI] [ComfyUI-GeometryPack] Health check: ok
  [ComfyUI] [SubprocessWorker] worker started/confirmed
  [ComfyUI] [SubprocessWorker] worker started/confirmed
  [ComfyUI] [SubprocessWorker] worker started/confirmed
  [ComfyUI] [SubprocessWorker] serializing kwargs to shm...
  [ComfyUI] [SubprocessWorker] serializing kwargs to shm...
  [ComfyUI] [SubprocessWorker] serializing kwargs to shm...
  [ComfyUI] [SubprocessWorker] created 1 shm blocks
  [ComfyUI] [SubprocessWorker] created 1 shm blocks
  [ComfyUI] [SubprocessWorker] created 1 shm blocks
  [ComfyUI] [SubprocessWorker] sending request via socket...
  [ComfyUI] [SubprocessWorker] sending request via socket...
  [ComfyUI] [SubprocessWorker] sending request via socket...
  [ComfyUI] [SubprocessWorker] call_id=149 sending call_method
  [ComfyUI] [SubprocessWorker] call_id=149 sending call_method
  [ComfyUI] [SubprocessWorker] call_id=149 sending call_method
  [ComfyUI] [worker:ComfyUI-GeometryPack] INFO: Backend: wavefront
  [ComfyUI] [worker:ComfyUI-GeometryPack] INFO: Backend: wavefront
  [ComfyUI] [worker:ComfyUI-GeometryPack] INFO: Backend: wavefront
  [ComfyUI] 
  [ComfyUI] 
  [ComfyUI] 
  [ComfyUI] Skeletonizing:   0%|          | 0/2761 [00:00<?, ?it/s]
  [ComfyUI] Skeletonizing:   0%|          | 0/2761 [00:00<?, ?it/s]
  [ComfyUI] Skeletonizing:   0%|          | 0/2761 [00:00<?, ?it/s]
  [ComfyUI] Skeletonizing: 100%|██████████| 2761/2761 [00:00<00:00, 213252.68it/s]
  [ComfyUI] Skeletonizing: 100%|██████████| 2761/2761 [00:00<00:00, 213252.68it/s]
  [ComfyUI] Skeletonizing: 100%|██████████| 2761/2761 [00:00<00:00, 213252.68it/s]
  [ComfyUI] [SubprocessWorker] got response: ok
  [ComfyUI] [SubprocessWorker] got response: ok
  [ComfyUI] [SubprocessWorker] got response: ok
  [ComfyUI] [comfy-env] GeomPackSkeleton_Wavefront done (0.09s): result: NodeOutput
  [ComfyUI] [comfy-env] GeomPackSkeleton_Wavefront done (0.09s): result: NodeOutput
  [ComfyUI] [comfy-env] GeomPackSkeleton_Wavefront done (0.09s): result: NodeOutput
  [ComfyUI] [comfy-env] Running GeomPackMeshFromSkeleton: joint_radius: 0.02, bone_radius: 0.01, skeleton: dict
  [ComfyUI] [comfy-env] Running GeomPackMeshFromSkeleton: joint_radius: 0.02, bone_radius: 0.01, skeleton: dict
  [ComfyUI] [comfy-env] Running GeomPackMeshFromSkeleton: joint_radius: 0.02, bone_radius: 0.01, skeleton: dict
  [ComfyUI] [SubprocessWorker] call_method: nodes.skeleton.mesh_from_skeleton.SkeletonToMesh.EXECUTE_NORMALIZED
  [ComfyUI] [SubprocessWorker] call_method: nodes.skeleton.mesh_from_skeleton.SkeletonToMesh.EXECUTE_NORMALIZED
  [ComfyUI] [SubprocessWorker] call_method: nodes.skeleton.mesh_from_skeleton.SkeletonToMesh.EXECUTE_NORMALIZED
  [ComfyUI] [SubprocessWorker] acquired lock, ensuring started...
  [ComfyUI] [SubprocessWorker] acquired lock, ensuring started...
  [ComfyUI] [SubprocessWorker] acquired lock, ensuring started...
  [ComfyUI] [ComfyUI-GeometryPack] Health check: ping (timeout=5.0s)...
  [ComfyUI] [ComfyUI-GeometryPack] Health check: ping (timeout=5.0s)...
  [ComfyUI] [ComfyUI-GeometryPack] Health check: ping (timeout=5.0s)...
  [ComfyUI] [ComfyUI-GeometryPack] Health check: ok
  [ComfyUI] [ComfyUI-GeometryPack] Health check: ok
  [ComfyUI] [ComfyUI-GeometryPack] Health check: ok
  [ComfyUI] [SubprocessWorker] worker started/confirmed
  [ComfyUI] [SubprocessWorker] worker started/confirmed
  [ComfyUI] [SubprocessWorker] worker started/confirmed
  [ComfyUI] [SubprocessWorker] serializing kwargs to shm...
  [ComfyUI] [SubprocessWorker] serializing kwargs to shm...
  [ComfyUI] [SubprocessWorker] serializing kwargs to shm...
  [ComfyUI] [SubprocessWorker] created 0 shm blocks
  [ComfyUI] [SubprocessWorker] created 0 shm blocks
  [ComfyUI] [SubprocessWorker] created 0 shm blocks
  [ComfyUI] [SubprocessWorker] sending request via socket...
  [ComfyUI] [SubprocessWorker] sending request via socket...
  [ComfyUI] [SubprocessWorker] sending request via socket...
  [ComfyUI] [SubprocessWorker] call_id=150 sending call_method
  [ComfyUI] [SubprocessWorker] call_id=150 sending call_method
  [ComfyUI] [SubprocessWorker] call_id=150 sending call_method
  [ComfyUI] [worker:ComfyUI-GeometryPack] [comfy-env] _from_shm got dict with keys: ['__type__', 'strategy', 'manager_path', 'storage_key', 'storage_size']
  [ComfyUI] [worker:ComfyUI-GeometryPack] [comfy-env] _from_shm got dict with keys: ['__type__', 'strategy', 'manager_path', 'storage_key', 'storage_size']
  [ComfyUI] [worker:ComfyUI-GeometryPack] [comfy-env] _from_shm got dict with keys: ['__type__', 'strategy', 'manager_path', 'storage_key', 'storage_size']
  [ComfyUI] [worker:ComfyUI-GeometryPack] [comfy-env] DESERIALIZE TensorRef: tensor_size=[96, 3]
  [ComfyUI] [worker:ComfyUI-GeometryPack] [comfy-env] DESERIALIZE TensorRef: tensor_size=[96, 3]
  [ComfyUI] [worker:ComfyUI-GeometryPack] [comfy-env] DESERIALIZE TensorRef: tensor_size=[96, 3]
  [ComfyUI] [worker:ComfyUI-GeometryPack] [comfy-env] DESERIALIZED tensor shape: torch.Size([96, 3])
  [ComfyUI] [worker:ComfyUI-GeometryPack] [comfy-env] DESERIALIZED tensor shape: torch.Size([96, 3])
  [ComfyUI] [worker:ComfyUI-GeometryPack] [comfy-env] DESERIALIZED tensor shape: torch.Size([96, 3])
  [ComfyUI] [worker:ComfyUI-GeometryPack] [comfy-env] _from_shm got dict with keys: ['__type__', 'strategy', 'manager_path', 'storage_key', 'storage_size']
  [ComfyUI] [worker:ComfyUI-GeometryPack] [comfy-env] _from_shm got dict with keys: ['__type__', 'strategy', 'manager_path', 'storage_key', 'storage_size']
  [ComfyUI] [worker:ComfyUI-GeometryPack] [comfy-env] _from_shm got dict with keys: ['__type__', 'strategy', 'manager_path', 'storage_key', 'storage_size']
  [ComfyUI] [worker:ComfyUI-GeometryPack] [comfy-env] DESERIALIZE TensorRef: tensor_size=[95, 2]
  [ComfyUI] [worker:ComfyUI-GeometryPack] [comfy-env] DESERIALIZE TensorRef: tensor_size=[95, 2]
  [ComfyUI] [worker:ComfyUI-GeometryPack] [comfy-env] DESERIALIZE TensorRef: tensor_size=[95, 2]
  [ComfyUI] [worker:ComfyUI-GeometryPack] [comfy-env] DESERIALIZED tensor shape: torch.Size([95, 2])
  [ComfyUI] [worker:ComfyUI-GeometryPack] [comfy-env] DESERIALIZED tensor shape: torch.Size([95, 2])
  [ComfyUI] [worker:ComfyUI-GeometryPack] [comfy-env] DESERIALIZED tensor shape: torch.Size([95, 2])
  [ComfyUI] [worker:ComfyUI-GeometryPack] INFO: Creating solid mesh: 96 joints, 95 bones
  [ComfyUI] [worker:ComfyUI-GeometryPack] INFO: Creating solid mesh: 96 joints, 95 bones
  [ComfyUI] [worker:ComfyUI-GeometryPack] INFO: Creating solid mesh: 96 joints, 95 bones
  [ComfyUI] [worker:ComfyUI-GeometryPack] INFO: Skeleton metadata: scale=0.515, normalized=False
  [ComfyUI] [worker:ComfyUI-GeometryPack] INFO: Skeleton metadata: scale=0.515, normalized=False
  [ComfyUI] [worker:ComfyUI-GeometryPack] INFO: Skeleton metadata: scale=0.515, normalized=False
  [ComfyUI] [worker:ComfyUI-GeometryPack] INFO: Input skeleton bounding box:
  [ComfyUI] [worker:ComfyUI-GeometryPack] INFO: Input skeleton bounding box:
  [ComfyUI] [worker:ComfyUI-GeometryPack] INFO: Input skeleton bounding box:
  [ComfyUI] [worker:ComfyUI-GeometryPack] INFO:   Min: [-0.512, -0.315, -0.154]
  [ComfyUI] [worker:ComfyUI-GeometryPack] INFO:   Min: [-0.512, -0.315, -0.154]
  [ComfyUI] [worker:ComfyUI-GeometryPack] INFO:   Min: [-0.512, -0.315, -0.154]
  [ComfyUI] [worker:ComfyUI-GeometryPack] INFO:   Max: [0.519, 0.320, 0.138]
  [ComfyUI] [worker:ComfyUI-GeometryPack] INFO:   Max: [0.519, 0.320, 0.138]
  [ComfyUI] [worker:ComfyUI-GeometryPack] INFO:   Max: [0.519, 0.320, 0.138]
  [ComfyUI] [worker:ComfyUI-GeometryPack] INFO:   Size: [1.031, 0.635, 0.292]
  [ComfyUI] [worker:ComfyUI-GeometryPack] INFO:   Size: [1.031, 0.635, 0.292]
  [ComfyUI] [worker:ComfyUI-GeometryPack] INFO:   Size: [1.031, 0.635, 0.292]
  [ComfyUI] [worker:ComfyUI-GeometryPack] INFO:   Center: [0.003, 0.002, -0.008]
  [ComfyUI] [worker:ComfyUI-GeometryPack] INFO:   Center: [0.003, 0.002, -0.008]
  [ComfyUI] [worker:ComfyUI-GeometryPack] INFO:   Center: [0.003, 0.002, -0.008]
  Frame 4 saved (frame_003.jpg, t=22.1s)
  [capture-periodic] freeze=4ms shot=200ms unfreeze=8ms saved=True
  [ComfyUI] [worker:ComfyUI-GeometryPack] INFO: Created mesh: 11118 vertices, 21472 faces
  [ComfyUI] [worker:ComfyUI-GeometryPack] INFO: Created mesh: 11118 vertices, 21472 faces
  [ComfyUI] [worker:ComfyUI-GeometryPack] INFO: Created mesh: 11118 vertices, 21472 faces
  [ComfyUI] [worker:ComfyUI-GeometryPack] INFO: Output mesh bounding box:
  [ComfyUI] [worker:ComfyUI-GeometryPack] INFO: Output mesh bounding box:
  [ComfyUI] [worker:ComfyUI-GeometryPack] INFO: Output mesh bounding box:
  [ComfyUI] [worker:ComfyUI-GeometryPack] INFO:   Min: [-0.531, -0.334, -0.174]
  [ComfyUI] [worker:ComfyUI-GeometryPack] INFO:   Min: [-0.531, -0.334, -0.174]
  [ComfyUI] [worker:ComfyUI-GeometryPack] INFO:   Min: [-0.531, -0.334, -0.174]
  [ComfyUI] [worker:ComfyUI-GeometryPack] INFO:   Max: [0.538, 0.339, 0.158]
  [ComfyUI] [worker:ComfyUI-GeometryPack] INFO:   Max: [0.538, 0.339, 0.158]
  [ComfyUI] [worker:ComfyUI-GeometryPack] INFO:   Max: [0.538, 0.339, 0.158]
  [ComfyUI] [worker:ComfyUI-GeometryPack] INFO:   Size: [1.070, 0.674, 0.332]
  [ComfyUI] [worker:ComfyUI-GeometryPack] INFO:   Size: [1.070, 0.674, 0.332]
  [ComfyUI] [worker:ComfyUI-GeometryPack] INFO:   Size: [1.070, 0.674, 0.332]
  [ComfyUI] [worker:ComfyUI-GeometryPack] INFO:   Center: [0.003, 0.002, -0.008]
  [ComfyUI] [worker:ComfyUI-GeometryPack] INFO:   Center: [0.003, 0.002, -0.008]
  [ComfyUI] [worker:ComfyUI-GeometryPack] INFO:   Center: [0.003, 0.002, -0.008]
  [ComfyUI] [SubprocessWorker] got response: ok
  [ComfyUI] [SubprocessWorker] got response: ok
  [ComfyUI] [SubprocessWorker] got response: ok
  [ComfyUI] [comfy-env] GeomPackMeshFromSkeleton done (0.13s): result: NodeOutput
  [ComfyUI] [comfy-env] GeomPackMeshFromSkeleton done (0.13s): result: NodeOutput
  [ComfyUI] [comfy-env] GeomPackMeshFromSkeleton done (0.13s): result: NodeOutput
  [ComfyUI] [comfy-env] Running GeomPackPreviewMeshMulti: mode: 'fields', mesh_1: Trimesh, mesh_2: Trimesh, mesh_3: Trimesh, mesh_4: Trimesh
  [ComfyUI] [comfy-env] Running GeomPackPreviewMeshMulti: mode: 'fields', mesh_1: Trimesh, mesh_2: Trimesh, mesh_3: Trimesh, mesh_4: Trimesh
  [ComfyUI] [comfy-env] Running GeomPackPreviewMeshMulti: mode: 'fields', mesh_1: Trimesh, mesh_2: Trimesh, mesh_3: Trimesh, mesh_4: Trimesh
  [ComfyUI] [SubprocessWorker] call_method: nodes.visualization.preview_mesh_multi.PreviewMeshMultiNode.EXECUTE_NORMALIZED
  [ComfyUI] [SubprocessWorker] call_method: nodes.visualization.preview_mesh_multi.PreviewMeshMultiNode.EXECUTE_NORMALIZED
  [ComfyUI] [SubprocessWorker] call_method: nodes.visualization.preview_mesh_multi.PreviewMeshMultiNode.EXECUTE_NORMALIZED
  [ComfyUI] [SubprocessWorker] acquired lock, ensuring started...
  [ComfyUI] [SubprocessWorker] acquired lock, ensuring started...
  [ComfyUI] [SubprocessWorker] acquired lock, ensuring started...
  [ComfyUI] [ComfyUI-GeometryPack] Health check: ping (timeout=5.0s)...
  [ComfyUI] [ComfyUI-GeometryPack] Health check: ping (timeout=5.0s)...
  [ComfyUI] [ComfyUI-GeometryPack] Health check: ping (timeout=5.0s)...
  [ComfyUI] [ComfyUI-GeometryPack] Health check: ok
  [ComfyUI] [ComfyUI-GeometryPack] Health check: ok
  [ComfyUI] [ComfyUI-GeometryPack] Health check: ok
  [ComfyUI] [SubprocessWorker] worker started/confirmed
  [ComfyUI] [SubprocessWorker] worker started/confirmed
  [ComfyUI] [SubprocessWorker] worker started/confirmed
  [ComfyUI] [SubprocessWorker] serializing kwargs to shm...
  [ComfyUI] [SubprocessWorker] serializing kwargs to shm...
  [ComfyUI] [SubprocessWorker] serializing kwargs to shm...
  [ComfyUI] [SubprocessWorker] created 4 shm blocks
  [ComfyUI] [SubprocessWorker] created 4 shm blocks
  [ComfyUI] [SubprocessWorker] created 4 shm blocks
  [ComfyUI] [SubprocessWorker] sending request via socket...
  [ComfyUI] [SubprocessWorker] sending request via socket...
  [ComfyUI] [SubprocessWorker] sending request via socket...
  [ComfyUI] [SubprocessWorker] call_id=151 sending call_method
  [ComfyUI] [SubprocessWorker] call_id=151 sending call_method
  [ComfyUI] [SubprocessWorker] call_id=151 sending call_method
  [ComfyUI] [worker:ComfyUI-GeometryPack] INFO: Mode: fields, Meshes: 4
  [ComfyUI] [worker:ComfyUI-GeometryPack] INFO: Mode: fields, Meshes: 4
  [ComfyUI] [worker:ComfyUI-GeometryPack] INFO: Mode: fields, Meshes: 4
  [ComfyUI] [worker:ComfyUI-GeometryPack] INFO: Mesh 1: Mesh - 2761 vertices, 5520 faces
  [ComfyUI] [worker:ComfyUI-GeometryPack] INFO: Mesh 1: Mesh - 2761 vertices, 5520 faces
  [ComfyUI] [worker:ComfyUI-GeometryPack] INFO: Mesh 1: Mesh - 2761 vertices, 5520 faces
  [ComfyUI] [worker:ComfyUI-GeometryPack] INFO: Exporting mesh to VTP: /Users/runner/work/comfy-gpu-ci/comfy-gpu-ci/test_workspaces/GeometryPack-2137/ComfyUI/output/preview_multi_1_3091d2c5.vtp
  [ComfyUI] [worker:ComfyUI-GeometryPack] INFO: Exporting mesh to VTP: /Users/runner/work/comfy-gpu-ci/comfy-gpu-ci/test_workspaces/GeometryPack-2137/ComfyUI/output/preview_multi_1_3091d2c5.vtp
  [ComfyUI] [worker:ComfyUI-GeometryPack] INFO: Exporting mesh to VTP: /Users/runner/work/comfy-gpu-ci/comfy-gpu-ci/test_workspaces/GeometryPack-2137/ComfyUI/output/preview_multi_1_3091d2c5.vtp
  [ComfyUI] [worker:ComfyUI-GeometryPack] INFO: Adding normals field (2761 vertices)
  [ComfyUI] [worker:ComfyUI-GeometryPack] INFO: Adding normals field (2761 vertices)
  [ComfyUI] [worker:ComfyUI-GeometryPack] INFO: Adding normals field (2761 vertices)
  [ComfyUI] [worker:ComfyUI-GeometryPack] INFO: Export complete: 2761 vertices, 5520 faces
  [ComfyUI] [worker:ComfyUI-GeometryPack] INFO: Export complete: 2761 vertices, 5520 faces
  [ComfyUI] [worker:ComfyUI-GeometryPack] INFO: Export complete: 2761 vertices, 5520 faces
  [ComfyUI] [worker:ComfyUI-GeometryPack] INFO: Exported VTP: /Users/runner/work/comfy-gpu-ci/comfy-gpu-ci/test_workspaces/GeometryPack-2137/ComfyUI/output/preview_multi_1_3091d2c5.vtp
  [ComfyUI] [worker:ComfyUI-GeometryPack] INFO: Exported VTP: /Users/runner/work/comfy-gpu-ci/comfy-gpu-ci/test_workspaces/GeometryPack-2137/ComfyUI/output/preview_multi_1_3091d2c5.vtp
  [ComfyUI] [worker:ComfyUI-GeometryPack] INFO: Exported VTP: /Users/runner/work/comfy-gpu-ci/comfy-gpu-ci/test_workspaces/GeometryPack-2137/ComfyUI/output/preview_multi_1_3091d2c5.vtp
  [ComfyUI] [worker:ComfyUI-GeometryPack] INFO: Mesh 2: Mesh - 11118 vertices, 21472 faces
  [ComfyUI] [worker:ComfyUI-GeometryPack] INFO: Mesh 2: Mesh - 11118 vertices, 21472 faces
  [ComfyUI] [worker:ComfyUI-GeometryPack] INFO: Mesh 2: Mesh - 11118 vertices, 21472 faces
  [ComfyUI] [worker:ComfyUI-GeometryPack] INFO: Exporting mesh to VTP: /Users/runner/work/comfy-gpu-ci/comfy-gpu-ci/test_workspaces/GeometryPack-2137/ComfyUI/output/preview_multi_2_3091d2c5.vtp
  [ComfyUI] [worker:ComfyUI-GeometryPack] INFO: Exporting mesh to VTP: /Users/runner/work/comfy-gpu-ci/comfy-gpu-ci/test_workspaces/GeometryPack-2137/ComfyUI/output/preview_multi_2_3091d2c5.vtp
  [ComfyUI] [worker:ComfyUI-GeometryPack] INFO: Exporting mesh to VTP: /Users/runner/work/comfy-gpu-ci/comfy-gpu-ci/test_workspaces/GeometryPack-2137/ComfyUI/output/preview_multi_2_3091d2c5.vtp
  [ComfyUI] [worker:ComfyUI-GeometryPack] INFO: Adding normals field (11118 vertices)
  [ComfyUI] [worker:ComfyUI-GeometryPack] INFO: Adding normals field (11118 vertices)
  [ComfyUI] [worker:ComfyUI-GeometryPack] INFO: Adding normals field (11118 vertices)
  [ComfyUI] [worker:ComfyUI-GeometryPack] INFO: Export complete: 11118 vertices, 21472 faces
  [ComfyUI] [worker:ComfyUI-GeometryPack] INFO: Export complete: 11118 vertices, 21472 faces
  [ComfyUI] [worker:ComfyUI-GeometryPack] INFO: Export complete: 11118 vertices, 21472 faces
  [ComfyUI] [worker:ComfyUI-GeometryPack] INFO: Exported VTP: /Users/runner/work/comfy-gpu-ci/comfy-gpu-ci/test_workspaces/GeometryPack-2137/ComfyUI/output/preview_multi_2_3091d2c5.vtp
  [ComfyUI] [worker:ComfyUI-GeometryPack] INFO: Exported VTP: /Users/runner/work/comfy-gpu-ci/comfy-gpu-ci/test_workspaces/GeometryPack-2137/ComfyUI/output/preview_multi_2_3091d2c5.vtp
  [ComfyUI] [worker:ComfyUI-GeometryPack] INFO: Exported VTP: /Users/runner/work/comfy-gpu-ci/comfy-gpu-ci/test_workspaces/GeometryPack-2137/ComfyUI/output/preview_multi_2_3091d2c5.vtp
  [ComfyUI] [worker:ComfyUI-GeometryPack] INFO: Mesh 3: Mesh - 2882 vertices, 5568 faces
  [ComfyUI] [worker:ComfyUI-GeometryPack] INFO: Mesh 3: Mesh - 2882 vertices, 5568 faces
  [ComfyUI] [worker:ComfyUI-GeometryPack] INFO: Mesh 3: Mesh - 2882 vertices, 5568 faces
  [ComfyUI] [worker:ComfyUI-GeometryPack] INFO: Exporting mesh to VTP: /Users/runner/work/comfy-gpu-ci/comfy-gpu-ci/test_workspaces/GeometryPack-2137/ComfyUI/output/preview_multi_3_3091d2c5.vtp
  [ComfyUI] [worker:ComfyUI-GeometryPack] INFO: Exporting mesh to VTP: /Users/runner/work/comfy-gpu-ci/comfy-gpu-ci/test_workspaces/GeometryPack-2137/ComfyUI/output/preview_multi_3_3091d2c5.vtp
  [ComfyUI] [worker:ComfyUI-GeometryPack] INFO: Exporting mesh to VTP: /Users/runner/work/comfy-gpu-ci/comfy-gpu-ci/test_workspaces/GeometryPack-2137/ComfyUI/output/preview_multi_3_3091d2c5.vtp
  [ComfyUI] [worker:ComfyUI-GeometryPack] INFO: Adding normals field (2882 vertices)
  [ComfyUI] [worker:ComfyUI-GeometryPack] INFO: Adding normals field (2882 vertices)
  [ComfyUI] [worker:ComfyUI-GeometryPack] INFO: Adding normals field (2882 vertices)
  [ComfyUI] [worker:ComfyUI-GeometryPack] INFO: Export complete: 2882 vertices, 5568 faces
  [ComfyUI] [worker:ComfyUI-GeometryPack] INFO: Export complete: 2882 vertices, 5568 faces
  [ComfyUI] [worker:ComfyUI-GeometryPack] INFO: Export complete: 2882 vertices, 5568 faces
  [ComfyUI] [worker:ComfyUI-GeometryPack] INFO: Exported VTP: /Users/runner/work/comfy-gpu-ci/comfy-gpu-ci/test_workspaces/GeometryPack-2137/ComfyUI/output/preview_multi_3_3091d2c5.vtp
  [ComfyUI] [worker:ComfyUI-GeometryPack] INFO: Exported VTP: /Users/runner/work/comfy-gpu-ci/comfy-gpu-ci/test_workspaces/GeometryPack-2137/ComfyUI/output/preview_multi_3_3091d2c5.vtp
  [ComfyUI] [worker:ComfyUI-GeometryPack] INFO: Exported VTP: /Users/runner/work/comfy-gpu-ci/comfy-gpu-ci/test_workspaces/GeometryPack-2137/ComfyUI/output/preview_multi_3_3091d2c5.vtp
  [ComfyUI] [worker:ComfyUI-GeometryPack] INFO: Mesh 4: Mesh - 6362 vertices, 12288 faces
  [ComfyUI] [worker:ComfyUI-GeometryPack] INFO: Mesh 4: Mesh - 6362 vertices, 12288 faces
  [ComfyUI] [worker:ComfyUI-GeometryPack] INFO: Mesh 4: Mesh - 6362 vertices, 12288 faces
  [ComfyUI] [worker:ComfyUI-GeometryPack] INFO: Exporting mesh to VTP: /Users/runner/work/comfy-gpu-ci/comfy-gpu-ci/test_workspaces/GeometryPack-2137/ComfyUI/output/preview_multi_4_3091d2c5.vtp
  [ComfyUI] [worker:ComfyUI-GeometryPack] INFO: Exporting mesh to VTP: /Users/runner/work/comfy-gpu-ci/comfy-gpu-ci/test_workspaces/GeometryPack-2137/ComfyUI/output/preview_multi_4_3091d2c5.vtp
  [ComfyUI] [worker:ComfyUI-GeometryPack] INFO: Exporting mesh to VTP: /Users/runner/work/comfy-gpu-ci/comfy-gpu-ci/test_workspaces/GeometryPack-2137/ComfyUI/output/preview_multi_4_3091d2c5.vtp
  [ComfyUI] [worker:ComfyUI-GeometryPack] INFO: Adding normals field (6362 vertices)
  [ComfyUI] [worker:ComfyUI-GeometryPack] INFO: Adding normals field (6362 vertices)
  [ComfyUI] [worker:ComfyUI-GeometryPack] INFO: Adding normals field (6362 vertices)
  [ComfyUI] [worker:ComfyUI-GeometryPack] INFO: Export complete: 6362 vertices, 12288 faces
  [ComfyUI] [worker:ComfyUI-GeometryPack] INFO: Export complete: 6362 vertices, 12288 faces
  [ComfyUI] [worker:ComfyUI-GeometryPack] INFO: Export complete: 6362 vertices, 12288 faces
  [ComfyUI] [worker:ComfyUI-GeometryPack] INFO: Exported VTP: /Users/runner/work/comfy-gpu-ci/comfy-gpu-ci/test_workspaces/GeometryPack-2137/ComfyUI/output/preview_multi_4_3091d2c5.vtp
  [ComfyUI] [worker:ComfyUI-GeometryPack] INFO: Exported VTP: /Users/runner/work/comfy-gpu-ci/comfy-gpu-ci/test_workspaces/GeometryPack-2137/ComfyUI/output/preview_multi_4_3091d2c5.vtp
  [ComfyUI] [worker:ComfyUI-GeometryPack] INFO: Exported VTP: /Users/runner/work/comfy-gpu-ci/comfy-gpu-ci/test_workspaces/GeometryPack-2137/ComfyUI/output/preview_multi_4_3091d2c5.vtp
  [ComfyUI] [worker:ComfyUI-GeometryPack] INFO: Grid: 2x2, Preview ready
  [ComfyUI] [worker:ComfyUI-GeometryPack] INFO: Grid: 2x2, Preview ready
  [ComfyUI] [worker:ComfyUI-GeometryPack] INFO: Grid: 2x2, Preview ready
  [ComfyUI] [SubprocessWorker] got response: ok
  [ComfyUI] [SubprocessWorker] got response: ok
  [ComfyUI] [SubprocessWorker] got response: ok
  [ComfyUI] [comfy-env] GeomPackPreviewMeshMulti done (0.18s): result: NodeOutput
  [ComfyUI] [comfy-env] GeomPackPreviewMeshMulti done (0.18s): result: NodeOutput
  [ComfyUI] [comfy-env] GeomPackPreviewMeshMulti done (0.18s): result: NodeOutput
  [ComfyUI] [comfy-env] Running GeomPackExtractSkeleton: fix_mesh: True, normalize: False, backend: dict, trimesh: Trimesh
  [ComfyUI] [comfy-env] Running GeomPackExtractSkeleton: fix_mesh: True, normalize: False, backend: dict, trimesh: Trimesh
  [ComfyUI] [comfy-env] Running GeomPackExtractSkeleton: fix_mesh: True, normalize: False, backend: dict, trimesh: Trimesh
  [ComfyUI] [SubprocessWorker] call_method: nodes.skeleton.extract_skeleton.ExtractSkeleton.EXECUTE_NORMALIZED
  [ComfyUI] [SubprocessWorker] call_method: nodes.skeleton.extract_skeleton.ExtractSkeleton.EXECUTE_NORMALIZED
  [ComfyUI] [SubprocessWorker] call_method: nodes.skeleton.extract_skeleton.ExtractSkeleton.EXECUTE_NORMALIZED
  [ComfyUI] [SubprocessWorker] acquired lock, ensuring started...
  [ComfyUI] [SubprocessWorker] acquired lock, ensuring started...
  [ComfyUI] [SubprocessWorker] acquired lock, ensuring started...
  [ComfyUI] [ComfyUI-GeometryPack] Health check: ping (timeout=5.0s)...
  [ComfyUI] [ComfyUI-GeometryPack] Health check: ping (timeout=5.0s)...
  [ComfyUI] [ComfyUI-GeometryPack] Health check: ping (timeout=5.0s)...
  [ComfyUI] [ComfyUI-GeometryPack] Health check: ok
  [ComfyUI] [ComfyUI-GeometryPack] Health check: ok
  [ComfyUI] [ComfyUI-GeometryPack] Health check: ok
  [ComfyUI] [SubprocessWorker] worker started/confirmed
  [ComfyUI] [SubprocessWorker] worker started/confirmed
  [ComfyUI] [SubprocessWorker] worker started/confirmed
  [ComfyUI] [SubprocessWorker] serializing kwargs to shm...
  [ComfyUI] [SubprocessWorker] serializing kwargs to shm...
  [ComfyUI] [SubprocessWorker] serializing kwargs to shm...
  [ComfyUI] [SubprocessWorker] created 1 shm blocks
  [ComfyUI] [SubprocessWorker] created 1 shm blocks
  [ComfyUI] [SubprocessWorker] created 1 shm blocks
  [ComfyUI] [SubprocessWorker] sending request via socket...
  [ComfyUI] [SubprocessWorker] sending request via socket...
  [ComfyUI] [SubprocessWorker] sending request via socket...
  [ComfyUI] [SubprocessWorker] call_id=152 sending call_method
  [ComfyUI] [SubprocessWorker] call_id=152 sending call_method
  [ComfyUI] [SubprocessWorker] call_id=152 sending call_method
  [ComfyUI] [worker:ComfyUI-GeometryPack] INFO: Extract Skeleton dispatch: teasar -> GeomPackSkeleton_Teasar
  [ComfyUI] [worker:ComfyUI-GeometryPack] INFO: Extract Skeleton dispatch: teasar -> GeomPackSkeleton_Teasar
  [ComfyUI] [worker:ComfyUI-GeometryPack] INFO: Extract Skeleton dispatch: teasar -> GeomPackSkeleton_Teasar
  [ComfyUI] [SubprocessWorker] got response: ok
  [ComfyUI] [SubprocessWorker] got response: ok
  [ComfyUI] [SubprocessWorker] got response: ok
  [ComfyUI] [comfy-env] GeomPackExtractSkeleton done (0.01s): result: NodeOutput
  [ComfyUI] [comfy-env] GeomPackExtractSkeleton done (0.01s): result: NodeOutput
  [ComfyUI] [comfy-env] GeomPackExtractSkeleton done (0.01s): result: NodeOutput
  [ComfyUI] [comfy-env] Running GeomPackSkeleton_Teasar: trimesh: Trimesh, fix_mesh: True, normalize: False, inv_dist: 10.0, min_length: 0.0
  [ComfyUI] [comfy-env] Running GeomPackSkeleton_Teasar: trimesh: Trimesh, fix_mesh: True, normalize: False, inv_dist: 10.0, min_length: 0.0
  [ComfyUI] [comfy-env] Running GeomPackSkeleton_Teasar: trimesh: Trimesh, fix_mesh: True, normalize: False, inv_dist: 10.0, min_length: 0.0
  [ComfyUI] [SubprocessWorker] call_method: nodes.skeleton.backends.teasar.SkeletonTeasarNode.EXECUTE_NORMALIZED
  [ComfyUI] [SubprocessWorker] call_method: nodes.skeleton.backends.teasar.SkeletonTeasarNode.EXECUTE_NORMALIZED
  [ComfyUI] [SubprocessWorker] call_method: nodes.skeleton.backends.teasar.SkeletonTeasarNode.EXECUTE_NORMALIZED
  [ComfyUI] [SubprocessWorker] acquired lock, ensuring started...
  [ComfyUI] [SubprocessWorker] acquired lock, ensuring started...
  [ComfyUI] [SubprocessWorker] acquired lock, ensuring started...
  [ComfyUI] [ComfyUI-GeometryPack] Health check: ping (timeout=5.0s)...
  [ComfyUI] [ComfyUI-GeometryPack] Health check: ping (timeout=5.0s)...
  [ComfyUI] [ComfyUI-GeometryPack] Health check: ping (timeout=5.0s)...
  [ComfyUI] [ComfyUI-GeometryPack] Health check: ok
  [ComfyUI] [ComfyUI-GeometryPack] Health check: ok
  [ComfyUI] [ComfyUI-GeometryPack] Health check: ok
  [ComfyUI] [SubprocessWorker] worker started/confirmed
  [ComfyUI] [SubprocessWorker] worker started/confirmed
  [ComfyUI] [SubprocessWorker] worker started/confirmed
  Node executed (1 total), capturing...
  [ComfyUI] [SubprocessWorker] serializing kwargs to shm...
  [ComfyUI] [SubprocessWorker] serializing kwargs to shm...
  [ComfyUI] [SubprocessWorker] serializing kwargs to shm...
  [ComfyUI] [SubprocessWorker] created 1 shm blocks
  [ComfyUI] [SubprocessWorker] created 1 shm blocks
  [ComfyUI] [SubprocessWorker] created 1 shm blocks
  [ComfyUI] [SubprocessWorker] sending request via socket...
  [ComfyUI] [SubprocessWorker] sending request via socket...
  [ComfyUI] [SubprocessWorker] sending request via socket...
  [ComfyUI] [SubprocessWorker] call_id=153 sending call_method
  [ComfyUI] [SubprocessWorker] call_id=153 sending call_method
  [ComfyUI] [SubprocessWorker] call_id=153 sending call_method
  [ComfyUI] [worker:ComfyUI-GeometryPack] INFO: Backend: teasar
  [ComfyUI] [worker:ComfyUI-GeometryPack] INFO: Backend: teasar
  [ComfyUI] [worker:ComfyUI-GeometryPack] INFO: Backend: teasar
  [ComfyUI] 
  [ComfyUI] 
  [ComfyUI] 
  [ComfyUI] Invalidating:   0%|          | 0/2761 [00:00<?, ?it/s]
  [ComfyUI] Invalidating:   0%|          | 0/2761 [00:00<?, ?it/s]
  [ComfyUI] Invalidating:   0%|          | 0/2761 [00:00<?, ?it/s]
  [ComfyUI] 
  [ComfyUI] 
  [ComfyUI] 
  [ComfyUI] [SubprocessWorker] got response: ok
  [ComfyUI] [SubprocessWorker] got response: ok
  [ComfyUI] [SubprocessWorker] got response: ok
  [ComfyUI] [comfy-env] GeomPackSkeleton_Teasar done (0.08s): result: NodeOutput
  [ComfyUI] [comfy-env] GeomPackSkeleton_Teasar done (0.08s): result: NodeOutput
  [ComfyUI] [comfy-env] GeomPackSkeleton_Teasar done (0.08s): result: NodeOutput
  [ComfyUI] [comfy-env] Running GeomPackMeshFromSkeleton: joint_radius: 0.02, bone_radius: 0.01, skeleton: dict
  [ComfyUI] [comfy-env] Running GeomPackMeshFromSkeleton: joint_radius: 0.02, bone_radius: 0.01, skeleton: dict
  [ComfyUI] [comfy-env] Running GeomPackMeshFromSkeleton: joint_radius: 0.02, bone_radius: 0.01, skeleton: dict
  [ComfyUI] [SubprocessWorker] call_method: nodes.skeleton.mesh_from_skeleton.SkeletonToMesh.EXECUTE_NORMALIZED
  [ComfyUI] [SubprocessWorker] call_method: nodes.skeleton.mesh_from_skeleton.SkeletonToMesh.EXECUTE_NORMALIZED
  [ComfyUI] [SubprocessWorker] call_method: nodes.skeleton.mesh_from_skeleton.SkeletonToMesh.EXECUTE_NORMALIZED
  [ComfyUI] [SubprocessWorker] acquired lock, ensuring started...
  [ComfyUI] [SubprocessWorker] acquired lock, ensuring started...
  [ComfyUI] [SubprocessWorker] acquired lock, ensuring started...
  [ComfyUI] [ComfyUI-GeometryPack] Health check: ping (timeout=5.0s)...
  [ComfyUI] [ComfyUI-GeometryPack] Health check: ping (timeout=5.0s)...
  [ComfyUI] [ComfyUI-GeometryPack] Health check: ping (timeout=5.0s)...
  [ComfyUI] [ComfyUI-GeometryPack] Health check: ok
  [ComfyUI] [ComfyUI-GeometryPack] Health check: ok
  [ComfyUI] [ComfyUI-GeometryPack] Health check: ok
  [ComfyUI] [SubprocessWorker] worker started/confirmed
  [ComfyUI] [SubprocessWorker] worker started/confirmed
  [ComfyUI] [SubprocessWorker] worker started/confirmed
  [ComfyUI] [SubprocessWorker] serializing kwargs to shm...
  [ComfyUI] [SubprocessWorker] serializing kwargs to shm...
  [ComfyUI] [SubprocessWorker] serializing kwargs to shm...
  [ComfyUI] [SubprocessWorker] created 0 shm blocks
  [ComfyUI] [SubprocessWorker] created 0 shm blocks
  [ComfyUI] [SubprocessWorker] created 0 shm blocks
  [ComfyUI] [SubprocessWorker] sending request via socket...
  [ComfyUI] [SubprocessWorker] sending request via socket...
  [ComfyUI] [SubprocessWorker] sending request via socket...
  [ComfyUI] [SubprocessWorker] call_id=154 sending call_method
  [ComfyUI] [SubprocessWorker] call_id=154 sending call_method
  [ComfyUI] [SubprocessWorker] call_id=154 sending call_method
  [ComfyUI] [worker:ComfyUI-GeometryPack] [comfy-env] _from_shm got dict with keys: ['__type__', 'strategy', 'manager_path', 'storage_key', 'storage_size']
  [ComfyUI] [worker:ComfyUI-GeometryPack] [comfy-env] _from_shm got dict with keys: ['__type__', 'strategy', 'manager_path', 'storage_key', 'storage_size']
  [ComfyUI] [worker:ComfyUI-GeometryPack] [comfy-env] _from_shm got dict with keys: ['__type__', 'strategy', 'manager_path', 'storage_key', 'storage_size']
  [ComfyUI] [worker:ComfyUI-GeometryPack] [comfy-env] DESERIALIZE TensorRef: tensor_size=[37, 3]
  [ComfyUI] [worker:ComfyUI-GeometryPack] [comfy-env] DESERIALIZE TensorRef: tensor_size=[37, 3]
  [ComfyUI] [worker:ComfyUI-GeometryPack] [comfy-env] DESERIALIZE TensorRef: tensor_size=[37, 3]
  [ComfyUI] [worker:ComfyUI-GeometryPack] [comfy-env] DESERIALIZED tensor shape: torch.Size([37, 3])
  [ComfyUI] [worker:ComfyUI-GeometryPack] [comfy-env] DESERIALIZED tensor shape: torch.Size([37, 3])
  [ComfyUI] [worker:ComfyUI-GeometryPack] [comfy-env] DESERIALIZED tensor shape: torch.Size([37, 3])
  [ComfyUI] [worker:ComfyUI-GeometryPack] [comfy-env] _from_shm got dict with keys: ['__type__', 'strategy', 'manager_path', 'storage_key', 'storage_size']
  [ComfyUI] [worker:ComfyUI-GeometryPack] [comfy-env] _from_shm got dict with keys: ['__type__', 'strategy', 'manager_path', 'storage_key', 'storage_size']
  [ComfyUI] [worker:ComfyUI-GeometryPack] [comfy-env] _from_shm got dict with keys: ['__type__', 'strategy', 'manager_path', 'storage_key', 'storage_size']
  [ComfyUI] [worker:ComfyUI-GeometryPack] [comfy-env] DESERIALIZE TensorRef: tensor_size=[36, 2]
  [ComfyUI] [worker:ComfyUI-GeometryPack] [comfy-env] DESERIALIZE TensorRef: tensor_size=[36, 2]
  [ComfyUI] [worker:ComfyUI-GeometryPack] [comfy-env] DESERIALIZE TensorRef: tensor_size=[36, 2]
  [ComfyUI] [worker:ComfyUI-GeometryPack] [comfy-env] DESERIALIZED tensor shape: torch.Size([36, 2])
  [ComfyUI] [worker:ComfyUI-GeometryPack] [comfy-env] DESERIALIZED tensor shape: torch.Size([36, 2])
  [ComfyUI] [worker:ComfyUI-GeometryPack] [comfy-env] DESERIALIZED tensor shape: torch.Size([36, 2])
  [ComfyUI] [worker:ComfyUI-GeometryPack] INFO: Creating solid mesh: 37 joints, 36 bones
  [ComfyUI] [worker:ComfyUI-GeometryPack] INFO: Creating solid mesh: 37 joints, 36 bones
  [ComfyUI] [worker:ComfyUI-GeometryPack] INFO: Creating solid mesh: 37 joints, 36 bones
  [ComfyUI] [worker:ComfyUI-GeometryPack] INFO: Skeleton metadata: scale=0.325, normalized=False
  [ComfyUI] [worker:ComfyUI-GeometryPack] INFO: Skeleton metadata: scale=0.325, normalized=False
  [ComfyUI] [worker:ComfyUI-GeometryPack] INFO: Skeleton metadata: scale=0.325, normalized=False
  [ComfyUI] [worker:ComfyUI-GeometryPack] INFO: Input skeleton bounding box:
  [ComfyUI] [worker:ComfyUI-GeometryPack] INFO: Input skeleton bounding box:
  [ComfyUI] [worker:ComfyUI-GeometryPack] INFO: Input skeleton bounding box:
  [ComfyUI] [worker:ComfyUI-GeometryPack] INFO:   Min: [-0.498, -0.152, -0.129]
  [ComfyUI] [worker:ComfyUI-GeometryPack] INFO:   Min: [-0.498, -0.152, -0.129]
  [ComfyUI] [worker:ComfyUI-GeometryPack] INFO:   Min: [-0.498, -0.152, -0.129]
  [ComfyUI] [worker:ComfyUI-GeometryPack] INFO:   Max: [0.152, 0.231, 0.017]
  [ComfyUI] [worker:ComfyUI-GeometryPack] INFO:   Max: [0.152, 0.231, 0.017]
  [ComfyUI] [worker:ComfyUI-GeometryPack] INFO:   Max: [0.152, 0.231, 0.017]
  [ComfyUI] [worker:ComfyUI-GeometryPack] INFO:   Size: [0.650, 0.383, 0.146]
  [ComfyUI] [worker:ComfyUI-GeometryPack] INFO:   Size: [0.650, 0.383, 0.146]
  [ComfyUI] [worker:ComfyUI-GeometryPack] INFO:   Size: [0.650, 0.383, 0.146]
  [ComfyUI] [worker:ComfyUI-GeometryPack] INFO:   Center: [-0.173, 0.040, -0.056]
  [ComfyUI] [worker:ComfyUI-GeometryPack] INFO:   Center: [-0.173, 0.040, -0.056]
  [ComfyUI] [worker:ComfyUI-GeometryPack] INFO:   Center: [-0.173, 0.040, -0.056]
  [ComfyUI] [worker:ComfyUI-GeometryPack] INFO: Created mesh: 4274 vertices, 8256 faces
  [ComfyUI] [worker:ComfyUI-GeometryPack] INFO: Created mesh: 4274 vertices, 8256 faces
  [ComfyUI] [worker:ComfyUI-GeometryPack] INFO: Created mesh: 4274 vertices, 8256 faces
  [ComfyUI] [worker:ComfyUI-GeometryPack] INFO: Output mesh bounding box:
  [ComfyUI] [worker:ComfyUI-GeometryPack] INFO: Output mesh bounding box:
  [ComfyUI] [worker:ComfyUI-GeometryPack] INFO: Output mesh bounding box:
  [ComfyUI] [worker:ComfyUI-GeometryPack] INFO:   Min: [-0.518, -0.171, -0.149]
  [ComfyUI] [worker:ComfyUI-GeometryPack] INFO:   Min: [-0.518, -0.171, -0.149]
  [ComfyUI] [worker:ComfyUI-GeometryPack] INFO:   Min: [-0.518, -0.171, -0.149]
  [ComfyUI] [worker:ComfyUI-GeometryPack] INFO:   Max: [0.171, 0.251, 0.037]
  [ComfyUI] [worker:ComfyUI-GeometryPack] INFO:   Max: [0.171, 0.251, 0.037]
  [ComfyUI] [worker:ComfyUI-GeometryPack] INFO:   Max: [0.171, 0.251, 0.037]
  [ComfyUI] [worker:ComfyUI-GeometryPack] INFO:   Size: [0.689, 0.422, 0.186]
  [ComfyUI] [worker:ComfyUI-GeometryPack] INFO:   Size: [0.689, 0.422, 0.186]
  [ComfyUI] [worker:ComfyUI-GeometryPack] INFO:   Size: [0.689, 0.422, 0.186]
  [ComfyUI] [worker:ComfyUI-GeometryPack] INFO:   Center: [-0.173, 0.040, -0.056]
  [ComfyUI] [worker:ComfyUI-GeometryPack] INFO:   Center: [-0.173, 0.040, -0.056]
  [ComfyUI] [worker:ComfyUI-GeometryPack] INFO:   Center: [-0.173, 0.040, -0.056]
  [ComfyUI] [SubprocessWorker] got response: ok
  [ComfyUI] [SubprocessWorker] got response: ok
  [ComfyUI] [SubprocessWorker] got response: ok
  [ComfyUI] [comfy-env] GeomPackMeshFromSkeleton done (0.16s): result: NodeOutput
  [ComfyUI] [comfy-env] GeomPackMeshFromSkeleton done (0.16s): result: NodeOutput
  [ComfyUI] [comfy-env] GeomPackMeshFromSkeleton done (0.16s): result: NodeOutput
  [ComfyUI] [comfy-env] Running GeomPackPreviewMeshMulti: mode: 'fields', mesh_1: Trimesh, mesh_2: Trimesh
  [ComfyUI] [comfy-env] Running GeomPackPreviewMeshMulti: mode: 'fields', mesh_1: Trimesh, mesh_2: Trimesh
  [ComfyUI] [comfy-env] Running GeomPackPreviewMeshMulti: mode: 'fields', mesh_1: Trimesh, mesh_2: Trimesh
  [ComfyUI] [SubprocessWorker] call_method: nodes.visualization.preview_mesh_multi.PreviewMeshMultiNode.EXECUTE_NORMALIZED
  [ComfyUI] [SubprocessWorker] call_method: nodes.visualization.preview_mesh_multi.PreviewMeshMultiNode.EXECUTE_NORMALIZED
  [ComfyUI] [SubprocessWorker] call_method: nodes.visualization.preview_mesh_multi.PreviewMeshMultiNode.EXECUTE_NORMALIZED
  [ComfyUI] [SubprocessWorker] acquired lock, ensuring started...
  [ComfyUI] [SubprocessWorker] acquired lock, ensuring started...
  [ComfyUI] [SubprocessWorker] acquired lock, ensuring started...
  [ComfyUI] [ComfyUI-GeometryPack] Health check: ping (timeout=5.0s)...
  [ComfyUI] [ComfyUI-GeometryPack] Health check: ping (timeout=5.0s)...
  [ComfyUI] [ComfyUI-GeometryPack] Health check: ping (timeout=5.0s)...
  [ComfyUI] [ComfyUI-GeometryPack] Health check: ok
  [ComfyUI] [ComfyUI-GeometryPack] Health check: ok
  [ComfyUI] [ComfyUI-GeometryPack] Health check: ok
  [ComfyUI] [SubprocessWorker] worker started/confirmed
  [ComfyUI] [SubprocessWorker] worker started/confirmed
  [ComfyUI] [SubprocessWorker] worker started/confirmed
  [ComfyUI] [SubprocessWorker] serializing kwargs to shm...
  [ComfyUI] [SubprocessWorker] serializing kwargs to shm...
  [ComfyUI] [SubprocessWorker] serializing kwargs to shm...
  [ComfyUI] [SubprocessWorker] created 2 shm blocks
  [ComfyUI] [SubprocessWorker] created 2 shm blocks
  [ComfyUI] [SubprocessWorker] created 2 shm blocks
  [ComfyUI] [SubprocessWorker] sending request via socket...
  [ComfyUI] [SubprocessWorker] sending request via socket...
  [ComfyUI] [SubprocessWorker] sending request via socket...
  [ComfyUI] [SubprocessWorker] call_id=155 sending call_method
  [ComfyUI] [SubprocessWorker] call_id=155 sending call_method
  [ComfyUI] [SubprocessWorker] call_id=155 sending call_method
  [ComfyUI] [worker:ComfyUI-GeometryPack] INFO: Mode: fields, Meshes: 2
  [ComfyUI] [worker:ComfyUI-GeometryPack] INFO: Mode: fields, Meshes: 2
  [ComfyUI] [worker:ComfyUI-GeometryPack] INFO: Mode: fields, Meshes: 2
  [ComfyUI] [worker:ComfyUI-GeometryPack] INFO: Mesh 1: Mesh - 4274 vertices, 8256 faces
  [ComfyUI] [worker:ComfyUI-GeometryPack] INFO: Mesh 1: Mesh - 4274 vertices, 8256 faces
  [ComfyUI] [worker:ComfyUI-GeometryPack] INFO: Mesh 1: Mesh - 4274 vertices, 8256 faces
  [ComfyUI] [worker:ComfyUI-GeometryPack] INFO: Exporting mesh to VTP: /Users/runner/work/comfy-gpu-ci/comfy-gpu-ci/test_workspaces/GeometryPack-2137/ComfyUI/output/preview_multi_1_fb56a678.vtp
  [ComfyUI] [worker:ComfyUI-GeometryPack] INFO: Exporting mesh to VTP: /Users/runner/work/comfy-gpu-ci/comfy-gpu-ci/test_workspaces/GeometryPack-2137/ComfyUI/output/preview_multi_1_fb56a678.vtp
  [ComfyUI] [worker:ComfyUI-GeometryPack] INFO: Exporting mesh to VTP: /Users/runner/work/comfy-gpu-ci/comfy-gpu-ci/test_workspaces/GeometryPack-2137/ComfyUI/output/preview_multi_1_fb56a678.vtp
  [ComfyUI] [worker:ComfyUI-GeometryPack] INFO: Adding normals field (4274 vertices)
  [ComfyUI] [worker:ComfyUI-GeometryPack] INFO: Adding normals field (4274 vertices)
  [ComfyUI] [worker:ComfyUI-GeometryPack] INFO: Adding normals field (4274 vertices)
  [ComfyUI] [worker:ComfyUI-GeometryPack] INFO: Export complete: 4274 vertices, 8256 faces
  [ComfyUI] [worker:ComfyUI-GeometryPack] INFO: Export complete: 4274 vertices, 8256 faces
  [ComfyUI] [worker:ComfyUI-GeometryPack] INFO: Export complete: 4274 vertices, 8256 faces
  [ComfyUI] [worker:ComfyUI-GeometryPack] INFO: Exported VTP: /Users/runner/work/comfy-gpu-ci/comfy-gpu-ci/test_workspaces/GeometryPack-2137/ComfyUI/output/preview_multi_1_fb56a678.vtp
  [ComfyUI] [worker:ComfyUI-GeometryPack] INFO: Exported VTP: /Users/runner/work/comfy-gpu-ci/comfy-gpu-ci/test_workspaces/GeometryPack-2137/ComfyUI/output/preview_multi_1_fb56a678.vtp
  [ComfyUI] [worker:ComfyUI-GeometryPack] INFO: Exported VTP: /Users/runner/work/comfy-gpu-ci/comfy-gpu-ci/test_workspaces/GeometryPack-2137/ComfyUI/output/preview_multi_1_fb56a678.vtp
  [ComfyUI] [worker:ComfyUI-GeometryPack] INFO: Mesh 2: Mesh - 6362 vertices, 12288 faces
  [ComfyUI] [worker:ComfyUI-GeometryPack] INFO: Mesh 2: Mesh - 6362 vertices, 12288 faces
  [ComfyUI] [worker:ComfyUI-GeometryPack] INFO: Mesh 2: Mesh - 6362 vertices, 12288 faces
  [ComfyUI] [worker:ComfyUI-GeometryPack] INFO: Exporting mesh to VTP: /Users/runner/work/comfy-gpu-ci/comfy-gpu-ci/test_workspaces/GeometryPack-2137/ComfyUI/output/preview_multi_2_fb56a678.vtp
  [ComfyUI] [worker:ComfyUI-GeometryPack] INFO: Exporting mesh to VTP: /Users/runner/work/comfy-gpu-ci/comfy-gpu-ci/test_workspaces/GeometryPack-2137/ComfyUI/output/preview_multi_2_fb56a678.vtp
  [ComfyUI] [worker:ComfyUI-GeometryPack] INFO: Exporting mesh to VTP: /Users/runner/work/comfy-gpu-ci/comfy-gpu-ci/test_workspaces/GeometryPack-2137/ComfyUI/output/preview_multi_2_fb56a678.vtp
  [ComfyUI] [worker:ComfyUI-GeometryPack] INFO: Adding normals field (6362 vertices)
  [ComfyUI] [worker:ComfyUI-GeometryPack] INFO: Adding normals field (6362 vertices)
  [ComfyUI] [worker:ComfyUI-GeometryPack] INFO: Adding normals field (6362 vertices)
  [ComfyUI] [worker:ComfyUI-GeometryPack] INFO: Export complete: 6362 vertices, 12288 faces
  [ComfyUI] [worker:ComfyUI-GeometryPack] INFO: Export complete: 6362 vertices, 12288 faces
  [ComfyUI] [worker:ComfyUI-GeometryPack] INFO: Export complete: 6362 vertices, 12288 faces
  [ComfyUI] [worker:ComfyUI-GeometryPack] INFO: Exported VTP: /Users/runner/work/comfy-gpu-ci/comfy-gpu-ci/test_workspaces/GeometryPack-2137/ComfyUI/output/preview_multi_2_fb56a678.vtp
  [ComfyUI] [worker:ComfyUI-GeometryPack] INFO: Exported VTP: /Users/runner/work/comfy-gpu-ci/comfy-gpu-ci/test_workspaces/GeometryPack-2137/ComfyUI/output/preview_multi_2_fb56a678.vtp
  [ComfyUI] [worker:ComfyUI-GeometryPack] INFO: Exported VTP: /Users/runner/work/comfy-gpu-ci/comfy-gpu-ci/test_workspaces/GeometryPack-2137/ComfyUI/output/preview_multi_2_fb56a678.vtp
  [ComfyUI] [worker:ComfyUI-GeometryPack] INFO: Grid: 2x1, Preview ready
  [ComfyUI] [worker:ComfyUI-GeometryPack] INFO: Grid: 2x1, Preview ready
  [ComfyUI] [worker:ComfyUI-GeometryPack] INFO: Grid: 2x1, Preview ready
  [ComfyUI] [SubprocessWorker] got response: ok
  [ComfyUI] [SubprocessWorker] got response: ok
  [ComfyUI] [SubprocessWorker] got response: ok
  [ComfyUI] [comfy-env] GeomPackPreviewMeshMulti done (0.11s): result: NodeOutput
  [ComfyUI] [comfy-env] GeomPackPreviewMeshMulti done (0.11s): result: NodeOutput
  [ComfyUI] [comfy-env] GeomPackPreviewMeshMulti done (0.11s): result: NodeOutput
  [ComfyUI] Prompt executed in 22.77 seconds
  [ComfyUI] Prompt executed in 22.77 seconds
  [ComfyUI] Prompt executed in 22.77 seconds
  Frame 5 saved (frame_004.jpg, t=22.8s)
  [capture-node] freeze=45ms shot=682ms unfreeze=8ms saved=True
  Node executed (2 total), capturing...
  Frame 6 saved (frame_005.jpg, t=23.8s)
  [capture-node] freeze=6ms shot=105ms unfreeze=0ms saved=True
  Execution complete (t=23.8s)
  Captured 6 unique frames over 23.95s
  [debug] iframes: 2
  [debug]   iframe[0]: src=http://127.0.0.1:41893/extensions/ComfyUI-GeometryPack/viewer_multi.html?v=17784, canvas=368x393, rafFrozen=True
  [debug]   iframe[1]: src=http://127.0.0.1:41893/extensions/ComfyUI-GeometryPack/viewer_multi.html?v=17784, canvas=368x195, rafFrozen=True
  [timing] trigger_3d_previews: 0.0s
  Saved high-quality screenshot: skeleton_all_executed.png
  [timing] final_screenshot: 0.2s
    Captured 7 video frames