[00:00] Crash dump logging enabled: D:\a\comfy-gpu-ci\comfy-gpu-ci\comfy-test-logs\GeometryPack-0031\dev\windows-cpu\crash_dump.log
[00:00] 
[00:00] [1/5] SYNTAX
[00:00] ----------------------------------------
[00:00] 
[DEBUG] server=None, server_url=None, api=None
[00:00] Found pyproject.toml (modern format)
[00:00] Found requirements.txt (legacy format)
[00:00] Unicode check: OK (all characters cp1252-safe)
[00:00] Forbidden patterns check: OK
[00:00] [SYNTAX] PASSED
[00:00] 
[00:00] [2/5] INSTALL
[00:00] ----------------------------------------
[00:00] 
[DEBUG] server=None, server_url=None, api=None
[00:00] 
Setting up ComfyUI...
[00:00] Creating virtual environment at D:\a\comfy-gpu-ci\comfy-gpu-ci\test_workspaces\GeometryPack-0031\.venv...
[00:00] Running: uv venv D:\a\comfy-gpu-ci\comfy-gpu-ci\test_workspaces\GeometryPack-0031\.venv --python 3.12
[00:01] Cloning ComfyUI (latest) to D:\a\comfy-gpu-ci\comfy-gpu-ci\test_workspaces\GeometryPack-0031\ComfyUI...
[00:01] Running: git clone --depth 1 https://github.com/comfyanonymous/ComfyUI.git D:\a\comfy-gpu-ci\comfy-gpu-ci\test_workspaces\GeometryPack-0031\ComfyUI
[00:03] Installing ComfyUI requirements into D:\a\comfy-gpu-ci\comfy-gpu-ci\test_workspaces\GeometryPack-0031\.venv...
[00:03]     comfyui-frontend-package==1.43.18
[00:03]     comfyui-workflow-templates==0.9.73
[00:03]     comfyui-embedded-docs==0.4.4
[00:03]     torch
[00:03]     torchsde
[00:03]     torchvision
[00:03]     torchaudio
[00:03]     numpy>=1.25.0
[00:03]     einops
[00:03]     transformers>=4.50.3
[00:03]     tokenizers>=0.13.3
[00:03]     sentencepiece
[00:03]     safetensors>=0.4.2
[00:03]     aiohttp>=3.11.8
[00:03]     yarl>=1.18.0
[00:03]     pyyaml
[00:03]     Pillow
[00:03]     scipy
[00:03]     tqdm
[00:03]     psutil
[00:03]     alembic
[00:03]     SQLAlchemy>=2.0.0
[00:03]     filelock
[00:03]     av>=14.2.0
[00:03]     comfy-kitchen>=0.2.8
[00:03]     comfy-aimdo==0.3.0
[00:03]     requests
[00:03]     simpleeval>=1.0.0
[00:03]     blake3
[00:03]     
[00:03]     #non essential dependencies:
[00:03]     kornia>=0.7.1
[00:03]     spandrel
[00:03]     pydantic~=2.0
[00:03]     pydantic-settings~=2.0
[00:03]     PyOpenGL
[00:03]     glfw
[00:03] Running: uv pip install --python D:\a\comfy-gpu-ci\comfy-gpu-ci\test_workspaces\GeometryPack-0031\.venv\Scripts\python.exe -r D:\a\comfy-gpu-ci\comfy-gpu-ci\test_workspaces\GeometryPack-0031\ComfyUI\requirements.txt
[00:49] 
Installing custom node...
[00:49] Copying ComfyUI-GeometryPack to D:\a\comfy-gpu-ci\comfy-gpu-ci\test_workspaces\GeometryPack-0031\ComfyUI\custom_nodes\ComfyUI-GeometryPack...
[00:49] Installing node requirements...
[00:49]     comfy-env==0.3.83
[00:49]     comfy-3d-viewers==0.2.44
[00:49]     trimesh[easy]>=4.0.0
[00:49] Running: uv pip install --python D:\a\comfy-gpu-ci\comfy-gpu-ci\test_workspaces\GeometryPack-0031\.venv\Scripts\python.exe -r D:\a\comfy-gpu-ci\comfy-gpu-ci\test_workspaces\GeometryPack-0031\ComfyUI\custom_nodes\ComfyUI-GeometryPack\requirements.txt
[00:52] 
Running install.py...
[00:52] Running: D:\a\comfy-gpu-ci\comfy-gpu-ci\test_workspaces\GeometryPack-0031\.venv\Scripts\python.exe D:\a\comfy-gpu-ci\comfy-gpu-ci\test_workspaces\GeometryPack-0031\ComfyUI\custom_nodes\ComfyUI-GeometryPack\install.py
[00:53]   [comfy-env] Enabled Windows long path support
[00:55]   [comfy-env] _discover: scanning D:\a\comfy-gpu-ci\comfy-gpu-ci\test_workspaces\GeometryPack-0031\ComfyUI\custom_nodes
[00:55]   [comfy-env] _discover: ComfyUI-GeometryPack -> geometrypack-nodes (custom_nodes\ComfyUI-GeometryPack\nodes\comfy-env.toml)
[00:55]   [comfy-env] Workspace: C:\ce
[00:55]   [comfy-env] ComfyUI: D:\a\comfy-gpu-ci\comfy-gpu-ci\test_workspaces\GeometryPack-0031\ComfyUI
[00:55]   [comfy-env] Found 1 node config(s):
[00:55]     - geometrypack-nodes <- custom_nodes\ComfyUI-GeometryPack\nodes\comfy-env.toml (python=host)
[00:55]   [comfy-env] Bootstrap interpreter has python 3.12 + torch 2.11.0 (cpu). Looking for cuda-only wheels matching cpu/torch2.11/cp312.
[00:59]   [comfy-env] GPU: No GPU detected
[00:59]   [comfy-env] No CUDA detected -- pinning comfyui torch to CPU index
[01:00]   Generated C:\ce\pixi.toml
[01:00]   [comfy-env] Installing 1 environment(s):
[01:00]     - geometrypack-nodes (python=host, 14 pypi deps, 1 cuda wheels)
[01:00]   [comfy-env] Running `pixi install -e geometrypack-nodes`...
[03:42]      WARN Skipped running the post-link scripts because `run-post-link-scripts` = `false`
[03:42]     	- Scripts/.librsvg-pre-unlink.bat
[03:42]     To enable them, run:
[03:42]     	pixi config set --local run-post-link-scripts insecure
[03:42]     More info:
[03:42]     	https://pixi.sh/latest/reference/pixi_configuration/#run-post-link-scripts
[04:11]     The geometrypack-nodes environment has been installed.
[04:11]   [comfy-env] Recorded install hash 7d82e6dafd7b -> C:\ce\install.hash
[04:11]   [comfy-env] Install log: C:\ce\install.log
[04:11]   
[04:11]   Installation complete!
[04:11] Installing validation endpoint...
[04:11]   Cloning PozzettiAndrea/ComfyUI-validate-endpoint...
[04:11] Running: git clone --depth 1 https://github.com/PozzettiAndrea/ComfyUI-validate-endpoint.git D:\a\comfy-gpu-ci\comfy-gpu-ci\test_workspaces\GeometryPack-0031\ComfyUI\custom_nodes\ComfyUI-validate-endpoint
[04:12] CUDA packages absent (will mock): cumesh
[04:12] [INSTALL] PASSED
[04:12] 
[04:12] [3/5] REGISTRATION
[04:12] ----------------------------------------
[04:12] 
[DEBUG] server=None, server_url=None, api=None
[04:12] 
Starting ComfyUI server...
[04:12] Starting ComfyUI server on port 41890...
[04:12] CUDA mock packages: cumesh
[04:12] Starting ComfyUI server on port 41890...
[04:12] Waiting for server to be ready (timeout: 600s)...
[04:14]   [ComfyUI] setup plugin alembic.autogenerate.schemas
[04:14]   [ComfyUI] setup plugin alembic.autogenerate.tables
[04:14]   [ComfyUI] setup plugin alembic.autogenerate.types
[04:14]   [ComfyUI] setup plugin alembic.autogenerate.constraints
[04:14]   [ComfyUI] setup plugin alembic.autogenerate.defaults
[04:14]   [ComfyUI] setup plugin alembic.autogenerate.comments
[04:15]   [ComfyUI] [comfy-env] ComfyUI-GeometryPack: 1 isolation env(s):
[04:15]   [ComfyUI] [comfy-env]   nodes -> D:\a\comfy-gpu-ci\comfy-gpu-ci\test_workspaces\GeometryPack-0031\ComfyUI\custom_nodes\ComfyUI-GeometryPack\nodes
[04:15]   [ComfyUI] [comfy-env] prestartup complete
[04:15]   [ComfyUI] 
[04:15]   [ComfyUI] Prestartup times for custom nodes:
[04:15]   [ComfyUI]    0.5 seconds: D:\a\comfy-gpu-ci\comfy-gpu-ci\test_workspaces\GeometryPack-0031\ComfyUI\custom_nodes\ComfyUI-GeometryPack
[04:15]   [ComfyUI] 
[04:21]   [ComfyUI] Found comfy_kitchen backend triton: {'available': False, 'disabled': True, 'unavailable_reason': "ImportError: No module named 'triton'", 'capabilities': []}
[04:21]   [ComfyUI] Found comfy_kitchen backend cuda: {'available': False, 'disabled': True, 'unavailable_reason': 'CUDA not available on this system', 'capabilities': []}
[04:21]   [ComfyUI] Found comfy_kitchen backend eager: {'available': True, 'disabled': False, 'unavailable_reason': None, 'capabilities': ['apply_rope', 'apply_rope1', 'dequantize_mxfp8', 'dequantize_nvfp4', 'dequantize_per_tensor_fp8', 'quantize_mxfp8', 'quantize_nvfp4', 'quantize_per_tensor_fp8', 'scaled_mm_mxfp8', 'scaled_mm_nvfp4']}
[04:21]   [ComfyUI] Checkpoint files will always be loaded safely.
[04:21]   [ComfyUI] Total VRAM 16379 MB, total RAM 16379 MB
[04:21]   [ComfyUI] pytorch version: 2.11.0+cpu
[04:21]   [ComfyUI] Set vram state to: DISABLED
[04:21]   [ComfyUI] Device: cpu
[04:22]   [ComfyUI] Using sub quadratic optimization for attention, if you have memory or speed issues try using: --use-split-cross-attention
[04:35]   [ComfyUI] Python version: 3.12.10 (tags/v3.12.10:0cc8128, Apr  8 2025, 12:21:36) [MSC v.1943 64 bit (AMD64)]
[04:35]   [ComfyUI] ComfyUI version: 0.20.1
[04:35]   [ComfyUI] comfy-aimdo version: 0.3.0
[04:35]   [ComfyUI] comfy-kitchen version: 0.2.8
[04:35]   [ComfyUI] ****** User settings have been changed to be stored on the server instead of browser storage. ******
[04:35]   [ComfyUI] ****** For multi-user setups add the --multi-user CLI argument to enable multiple user profiles. ******
[04:35]   [ComfyUI] ComfyUI frontend version: 1.43.18
[04:35]   [ComfyUI] [Prompt Server] web root: D:\a\comfy-gpu-ci\comfy-gpu-ci\test_workspaces\GeometryPack-0031\.venv\Lib\site-packages\comfyui_frontend_package\static
[04:35]   [ComfyUI] Asset seeder disabled
[04:38]   [ComfyUI] loading...
[04:38]   [ComfyUI] calling register_nodes
[04:38]   [ComfyUI] [comfy-env] Version: 0.3.83
[04:39]   [ComfyUI] [comfy-env] register_nodes: ComfyUI-GeometryPack
[04:39]   [ComfyUI] [comfy-env] ComfyUI source dir: D:\a\comfy-gpu-ci\comfy-gpu-ci\test_workspaces\GeometryPack-0031\ComfyUI
[04:39]   [ComfyUI] [comfy-env] Found 1 isolation env(s)
[04:39]   [ComfyUI] [comfy-env] Scanning nodes metadata (isolation root)...
[04:39]   [ComfyUI] [comfy-env] geometrypack-nodes: Library/bin has 609 DLLs
[04:39]   [ComfyUI] [comfy-env] Metadata scan: C:\Users\runneradmin\.pixi\bin\pixi.exe run --as-is --manifest-path C:\ce\pixi.toml -e geometrypack-nodes python C:\Users\RUNNER~1\AppData\Local\Temp\comfy_meta_6vvbkgys.py D:\a\comfy-gpu-ci\comfy-gpu-ci\test_workspaces\GeometryPack-0031\ComfyUI\custom_nodes\ComfyUI-GeometryPack nodes
[04:39]   [ComfyUI] [comfy-env] Scan env PATH for nodes:
[04:39]   [ComfyUI] [comfy-env]   [0] C:\ce\.pixi\envs\geometrypack-nodes
[04:39]   [ComfyUI] [comfy-env]   [1] C:\ce\.pixi\envs\geometrypack-nodes\Library\bin
[04:39]   [ComfyUI] [comfy-env]   [2] C:\ce\.pixi\envs\geometrypack-nodes\Scripts
[04:39]   [ComfyUI] [comfy-env]   [3] C:\ce\.pixi\envs\geometrypack-nodes\Lib\site-packages\bpy
[04:39]   [ComfyUI] [comfy-env]   [4] C:\Windows\System32
[04:39]   [ComfyUI] [comfy-env]   [5] C:\Windows
[04:39]   [ComfyUI] [comfy-env]   [6] C:\Windows\System32\Wbem
[04:51]   [ComfyUI] [comfy-env] Metadata scan stderr for nodes:
[04:51]   [ComfyUI] [comfy-env]   [meta-scan] importing nodes from D:\a\comfy-gpu-ci\comfy-gpu-ci\test_workspaces\GeometryPack-0031\ComfyUI\custom_nodes\ComfyUI-GeometryPack
[04:51]   [ComfyUI] [comfy-env]   ERROR:root:Failed to import comfy_kitchen, Error: No module named 'comfy_kitchen', fp8 and fp4 support will not be available.
[04:51]   [ComfyUI] [comfy-env]   [meta-scan] import OK
[04:51]   [ComfyUI] [comfy-env] Scanned nodes: 125 nodes (11.4s)
[04:51]   [ComfyUI] [comfy-env] Scanned nodes root: 125 nodes (11.4s)
[04:51]   [ComfyUI] [comfy-env] Imported nodes root: 125 nodes (isolation)
[04:51]   [ComfyUI] [comfy-env] Registered 125 total nodes
[04:51]   [ComfyUI] 
[04:51]   [ComfyUI] Import times for custom nodes:
[04:51]   [ComfyUI]    0.0 seconds: D:\a\comfy-gpu-ci\comfy-gpu-ci\test_workspaces\GeometryPack-0031\ComfyUI\custom_nodes\websocket_image_save.py
[04:51]   [ComfyUI]    0.0 seconds: D:\a\comfy-gpu-ci\comfy-gpu-ci\test_workspaces\GeometryPack-0031\ComfyUI\custom_nodes\ComfyUI-validate-endpoint
[04:51]   [ComfyUI]   13.0 seconds: D:\a\comfy-gpu-ci\comfy-gpu-ci\test_workspaces\GeometryPack-0031\ComfyUI\custom_nodes\ComfyUI-GeometryPack
[04:51]   [ComfyUI] 
[04:51]   [ComfyUI] Context impl SQLiteImpl.
[04:51]   [ComfyUI] Will assume non-transactional DDL.
[04:51]   [ComfyUI] Context impl SQLiteImpl.
[04:51]   [ComfyUI] Will assume non-transactional DDL.
[04:51]   [ComfyUI] Running upgrade  -> 0001_assets, Initial assets schema
[04:51]   [ComfyUI] Revision ID: 0001_assets
[04:51]   [ComfyUI] Revises: None
[04:51]   [ComfyUI] Create Date: 2025-12-10 00:00:00
[04:51]   [ComfyUI] Running upgrade 0001_assets -> 0002_merge_to_asset_references, Merge AssetInfo and AssetCacheState into unified asset_references table.
[04:51]   [ComfyUI] Running upgrade 0002_merge_to_asset_references -> 0003_add_metadata_job_id, Add system_metadata and job_id columns to asset_references.
[04:51]   [ComfyUI] Change preview_id FK from assets.id to asset_references.id.
[04:51]   [ComfyUI] Database upgraded from None to 0003_add_metadata_job_id
[04:51]   [ComfyUI] Starting server
[04:51]   [ComfyUI] 
[04:51]   [ComfyUI] To see the GUI go to: http://127.0.0.1:41890
[04:51] Server responding, waiting for nodes to load...
[05:11] Server is ready!
[05:11] Checking for import errors in server logs...
[05:11] No import errors detected
[05:11] Found 830 registered nodes
[05:11] [REGISTRATION] PASSED
[05:11] 
[05:11] [4/5] INSTANTIATION
[05:11] ----------------------------------------
[05:11] 
[DEBUG] server=<comfy_test.comfyui.server.ComfyUIServer object at 0x0000020698806590>, server_url=None, api=<comfy_test.comfyui.api.ComfyUIAPI object at 0x0000020698843FD0>
[05:11] Testing node constructors...
[05:15] All 125 node(s) instantiated successfully!
[05:15] [INSTANTIATION] PASSED
[05:15] 
[05:15] [5/5] EXECUTION
[05:15] ----------------------------------------
[05:15] 
[DEBUG] server=<comfy_test.comfyui.server.ComfyUIServer object at 0x0000020698806590>, server_url=None, api=<comfy_test.comfyui.api.ComfyUIAPI object at 0x0000020698843FD0>
[05:15] CPU runner - will execute 30 workflow(s)
[05:15] Running 33 workflow(s) (all with videos)...
[05:15] Installing screenshot dependencies (playwright, pillow)...
[05:17]   Packages installed, downloading chromium browser...
[05:29]   Screenshot dependencies installed successfully
[05:30] Starting headless browser...
[05:31]   Downloading Mesa llvmpipe for Windows...
[05:35]   Copied opengl32.dll to Chromium dir
[05:35]   Copied libgallium_wgl.dll to Chromium dir
[05:35]   Using Mesa llvmpipe (desktop GL) -- multithreaded CPU rendering
[05:36] Capturing execution frames: alpha_wrap.json
[05:45]   Frame 1 saved (frame_000.jpg, t=0.0s)
[05:45]   Validating workflow...
[05:45]   [ComfyUI] === /validate endpoint called ===
[05:45]   [ComfyUI] Received JSON with keys: ['prompt']
[05:45]   [ComfyUI] Prompt has 5 nodes
[05:45]   Queuing workflow for execution...
[05:45]   [ComfyUI]   Node 4: GeomPackLoadMesh
[05:45]   [ComfyUI]     Inputs: {"file_path": "3d/ArmoredWarrior_00005_.glb"}
[05:45]   [ComfyUI]   Node 5: GeomPackAlphaWrap
[05:45]   [ComfyUI]     Inputs: {"alpha_percent": 1.1, "offset_percent": 0.01, "report_panel": "false", "input_mesh": ["4", 0]}
[05:45]   [ComfyUI]   Node 6: GeomPackPreviewMeshDual
[05:45]   [ComfyUI]     Inputs: {"layout": "side_by_side", "mode": "fields", "opacity_1": 1, "opacity_2": 1, "preview_dual": "{\"show_edges\":true,\"camera_state\":\"{\\\"position\\\":[1.6361067258611197,1.6476459280683735,1.6093683
[05:45]   [ComfyUI]   Node 9: GeomPackPreviewMeshMulti
[05:45]   [ComfyUI]     Inputs: {"mode": "fields", "preview_multi": "{\"show_edges\":true,\"camera_state\":\"{\\\"position\\\":[1.6361067258611197,1.6476459280683735,1.6093683078862575],\\\"focalPoint\\\":[0.0000012814998626708984,-
[05:45]   [ComfyUI]   Node 11: GeomPackRemesh
[05:45]   [ComfyUI]     Inputs: {"backend": "pymeshlab_isotropic", "backend.target_edge_length": 1, "backend.iterations": 3, "backend.feature_angle": 30, "backend.adaptive": "false", "report_panel": "false", "trimesh": ["5", 0]}
[05:45]   [ComfyUI] Generated prompt_id: 5465c6dc-c309-49c9-bee0-68cff3e5d3b1
[05:45]   [ComfyUI] Calling execution.validate_prompt()...
[05:45]   [ComfyUI] Validation result: valid=True
[05:45]   [ComfyUI] === Validation PASSED ===
[05:45]   [ComfyUI] got prompt
[05:45]   [ComfyUI] [comfy-env] Running GeomPackLoadMesh: file_path: '3d/ArmoredWarrior_00005_.glb'
[05:45]   [ComfyUI] [comfy-env] SubprocessWorker: C:\ce\.pixi\envs\geometrypack-nodes\python.exe
[05:45]   [ComfyUI] [comfy-env] env_vars: {'KMP_DUPLICATE_LIB_OK': 'TRUE', 'OMP_NUM_THREADS': '1', 'COMFYUI_BASE': 'D:\\a\\comfy-gpu-ci\\comfy-gpu-ci\\test_workspaces\\GeometryPack-0031\\ComfyUI'}
[05:45]   [ComfyUI] [SubprocessWorker] call_method: nodes.io.load_mesh.LoadMesh.EXECUTE_NORMALIZED
[05:45]   [ComfyUI] [SubprocessWorker] acquired lock, ensuring started...
[05:45]   [ComfyUI] [comfy-env] geometrypack-nodes: Library/bin has 609 DLLs
[05:45]   [ComfyUI] [ComfyUI-GeometryPack] python: C:\ce\.pixi\envs\geometrypack-nodes\python.exe
[05:45]   [ComfyUI] [ComfyUI-GeometryPack] sys_path sent to worker: ['D:\\a\\comfy-gpu-ci\\comfy-gpu-ci\\test_workspaces\\GeometryPack-0031\\ComfyUI', 'D:\\a\\comfy-gpu-ci\\comfy-gpu-ci\\test_workspaces\\GeometryPack-0031\\ComfyUI\\custom_nodes\\ComfyUI-GeometryPack', 'C:\\ce\\.pixi\\envs\\geometrypack-nodes\\Lib\\site-packages', 'D:\\a\\comfy-gpu-ci\\comfy-gpu-ci\\test_workspaces\\GeometryPack-0031\\ComfyUI\\custom_nodes\\ComfyUI-GeometryPack']
[05:45]   [ComfyUI] [SubprocessWorker] is_pixi=True, python=C:\ce\.pixi\envs\geometrypack-nodes\python.exe
[05:45]   [ComfyUI] [SubprocessWorker] launching cmd=['C:\\Users\\runneradmin\\.pixi\\bin\\pixi.exe', 'run', '--as-is', '--manifest-path', 'C:\\ce\\pixi.toml', '-e', 'geometrypack-nodes', 'python', 'C:\\Users\\RUNNER~1\\AppData\\Local\\Temp\\comfyui_pvenv_2ige8rze\\persistent_worker.py', 'tcp://127.0.0.1:55256']...
[05:47]   Frame 2 saved (frame_001.jpg, t=2.3s)
[05:47]   [capture-periodic] freeze=4ms shot=90ms unfreeze=8ms saved=True
[05:47]   [ComfyUI] [worker:ComfyUI-GeometryPack] ERROR: Failed to import comfy_kitchen, Error: No module named 'comfy_kitchen', fp8 and fp4 support will not be available.
[05:47]   [ComfyUI] [SubprocessWorker] worker started/confirmed
[05:47]   [ComfyUI] [SubprocessWorker] serializing kwargs to shm...
[05:47]   [ComfyUI] [SubprocessWorker] created 0 shm blocks
[05:47]   [ComfyUI] [SubprocessWorker] sending request via socket...
[05:47]   [ComfyUI] [SubprocessWorker] call_id=1 sending call_method
[05:49]   [ComfyUI] [worker:ComfyUI-GeometryPack] INFO: Found mesh in input folder: 3d/ArmoredWarrior_00005_.glb
[05:49]   [ComfyUI] [worker:ComfyUI-GeometryPack] INFO: Loading: D:\a\comfy-gpu-ci\comfy-gpu-ci\test_workspaces\GeometryPack-0031\ComfyUI\input\3d/ArmoredWarrior_00005_.glb
[05:49]   [ComfyUI] [worker:ComfyUI-GeometryPack] INFO: Converting Scene to single mesh (scene has 1 geometries)
[05:49]   [ComfyUI] [worker:ComfyUI-GeometryPack] INFO: Initial mesh: 18061 vertices, 19827 faces
[05:49]   [ComfyUI] [worker:ComfyUI-GeometryPack] INFO: Successfully loaded: 18061 vertices, 19827 faces
[05:49]   [ComfyUI] [worker:ComfyUI-GeometryPack] INFO: Loaded: 18061 vertices, 19827 faces
[05:49]   [ComfyUI] [SubprocessWorker] got response: ok
[05:50]   Frame 3 saved (frame_002.jpg, t=4.5s)
[05:50]   [capture-periodic] freeze=5ms shot=109ms unfreeze=4ms saved=True
[05:51]   [ComfyUI] [comfy-env] GeomPackLoadMesh done (5.59s): result: NodeOutput
[05:51]   [ComfyUI] [comfy-env] Running GeomPackAlphaWrap: alpha_percent: 1.1, offset_percent: 0.01, input_mesh: Trimesh
[05:51]   [ComfyUI] [SubprocessWorker] call_method: nodes.reconstruction_cgal.alpha_wrap.AlphaWrapNode.EXECUTE_NORMALIZED
[05:51]   [ComfyUI] [SubprocessWorker] acquired lock, ensuring started...
[05:51]   [ComfyUI] [ComfyUI-GeometryPack] Health check: ping (timeout=5.0s)...
[05:51]   [ComfyUI] [ComfyUI-GeometryPack] Health check: ok
[05:51]   [ComfyUI] [SubprocessWorker] worker started/confirmed
[05:51]   [ComfyUI] [SubprocessWorker] serializing kwargs to shm...
[05:51]   [ComfyUI] [SubprocessWorker] created 1 shm blocks
[05:51]   [ComfyUI] [SubprocessWorker] sending request via socket...
[05:51]   [ComfyUI] [SubprocessWorker] call_id=2 sending call_method
[05:51]   [ComfyUI] [worker:ComfyUI-GeometryPack] INFO: Input: 18,061 vertices, 19,827 faces (mesh)
[05:51]   [capture-loop] iter=50 t=6.0s state={'complete': False, 'error': None, 'executedCount': 0, 'wsState': 1} eval_ms=4 ram=5.2/16.0GB (32%) swap=0.2/2.9GB (6%) cpu=38% browser_rss=0.69GB
[05:51]   [ComfyUI] [worker:ComfyUI-GeometryPack] INFO: Bounding box diagonal: 1.4618
[05:51]   [ComfyUI] [worker:ComfyUI-GeometryPack] INFO: Alpha: 0.016080 (1.1% of bbox)
[05:51]   [ComfyUI] [worker:ComfyUI-GeometryPack] INFO: Offset: 0.000146 (0.01% of bbox)
[05:51]   [ComfyUI] [SubprocessWorker] callback 'report_progress' from call_id=2
[05:51]   [ComfyUI] [worker:ComfyUI-GeometryPack] INFO: Built CGAL input data in 0.1s
[05:51]   [ComfyUI] [worker:ComfyUI-GeometryPack] INFO: Running CGAL Alpha Wrap...
[05:52]   Frame 4 saved (frame_003.jpg, t=6.7s)
[05:52]   [capture-periodic] freeze=6ms shot=104ms unfreeze=5ms saved=True
[05:55]   [ComfyUI] [SubprocessWorker] callback 'report_progress' from call_id=2
[05:55]   [ComfyUI] [worker:ComfyUI-GeometryPack] INFO: Alpha Wrap finished in 0.0s, RSS 0 MB (+0 MB)
[05:55]   [ComfyUI] [SubprocessWorker] callback 'report_progress' from call_id=2
[05:55]   [ComfyUI] [worker:ComfyUI-GeometryPack] INFO: Extracted result mesh in 0.2s
[05:55]   [ComfyUI] [worker:ComfyUI-GeometryPack] INFO: Result: 12,770 vertices, 25,536 faces
[05:55]   [ComfyUI] [worker:ComfyUI-GeometryPack] INFO: Watertight: True
[05:55]   [ComfyUI] [SubprocessWorker] got response: ok
[05:55]   [ComfyUI] [comfy-env] GeomPackAlphaWrap done (4.46s): result: NodeOutput
[05:55]   [ComfyUI] [comfy-env] Running GeomPackRemesh: backend: dict, trimesh: Trimesh
[05:55]   [ComfyUI] [SubprocessWorker] call_method: nodes.remeshing.remesh.RemeshNode.EXECUTE_NORMALIZED
[05:55]   [ComfyUI] [SubprocessWorker] acquired lock, ensuring started...
[05:55]   [ComfyUI] [ComfyUI-GeometryPack] Health check: ping (timeout=5.0s)...
[05:55]   [ComfyUI] [ComfyUI-GeometryPack] Health check: ok
[05:55]   [ComfyUI] [SubprocessWorker] worker started/confirmed
[05:55]   [ComfyUI] [SubprocessWorker] serializing kwargs to shm...
[05:55]   [ComfyUI] [SubprocessWorker] created 1 shm blocks
[05:55]   [ComfyUI] [SubprocessWorker] sending request via socket...
[05:55]   [ComfyUI] [SubprocessWorker] call_id=3 sending call_method
[05:55]   Node executed (1 total), capturing...
[05:55]   [ComfyUI] [worker:ComfyUI-GeometryPack] INFO: Remesh dispatch: pymeshlab_isotropic -> GeomPackRemesh_PyMeshLab
[05:55]   [ComfyUI] [SubprocessWorker] got response: ok
[05:55]   [ComfyUI] [comfy-env] GeomPackRemesh done (0.11s): result: NodeOutput
[05:55]   [ComfyUI] [comfy-env] Running GeomPackPreviewMeshDual: layout: 'side_by_side', mode: 'fields', opacity_1: 1.0, opacity_2: 1.0, mesh_1: Trimesh, mesh_2: Trimesh
[05:55]   [ComfyUI] [SubprocessWorker] call_method: nodes.visualization.preview_mesh_dual.PreviewMeshDualNode.EXECUTE_NORMALIZED
[05:55]   [ComfyUI] [SubprocessWorker] acquired lock, ensuring started...
[05:55]   [ComfyUI] [ComfyUI-GeometryPack] Health check: ping (timeout=5.0s)...
[05:55]   [ComfyUI] [ComfyUI-GeometryPack] Health check: ok
[05:55]   [ComfyUI] [SubprocessWorker] worker started/confirmed
[05:55]   [ComfyUI] [SubprocessWorker] serializing kwargs to shm...
[05:55]   [ComfyUI] [SubprocessWorker] created 2 shm blocks
[05:55]   [ComfyUI] [SubprocessWorker] sending request via socket...
[05:55]   [ComfyUI] [SubprocessWorker] call_id=4 sending call_method
[05:55]   Frame 5 saved (frame_004.jpg, t=10.5s)
[05:55]   [capture-node] freeze=6ms shot=105ms unfreeze=5ms saved=True
[05:55]   [ComfyUI] [worker:ComfyUI-GeometryPack] INFO: Layout: side_by_side, Mode: fields
[05:55]   [ComfyUI] [worker:ComfyUI-GeometryPack] INFO: Mesh 1: Mesh - 18061 vertices, 19827 faces
[05:55]   [ComfyUI] [worker:ComfyUI-GeometryPack] INFO: Mesh 2: Mesh - 12770 vertices, 25536 faces
[05:55]   [ComfyUI] [worker:ComfyUI-GeometryPack] INFO: Mesh 1 fields: []
[05:55]   [ComfyUI] [worker:ComfyUI-GeometryPack] INFO: Mesh 2 fields: []
[05:56]   [ComfyUI] [worker:ComfyUI-GeometryPack] INFO: Common fields: []
[05:56]   [ComfyUI] [worker:ComfyUI-GeometryPack] INFO: Mesh 1 visual: kind=texture, texture=True, vertex_colors=False
[05:56]   [ComfyUI] [worker:ComfyUI-GeometryPack] INFO: Mesh 2 visual: kind=None, texture=False, vertex_colors=False
[05:56]   [ComfyUI] [worker:ComfyUI-GeometryPack] INFO: Exported STL: D:\a\comfy-gpu-ci\comfy-gpu-ci\test_workspaces\GeometryPack-0031\ComfyUI\output\preview_dual_1_48859d55.stl
[05:56]   [ComfyUI] [worker:ComfyUI-GeometryPack] INFO: Exported STL: D:\a\comfy-gpu-ci\comfy-gpu-ci\test_workspaces\GeometryPack-0031\ComfyUI\output\preview_dual_2_48859d55.stl
[05:56]   [ComfyUI] [worker:ComfyUI-GeometryPack] INFO: Preview ready
[05:56]   [ComfyUI] [SubprocessWorker] got response: ok
[05:56]   [ComfyUI] [comfy-env] GeomPackPreviewMeshDual done (0.39s): result: NodeOutput
[05:56]   [ComfyUI] [comfy-env] Running GeomPackRemesh_PyMeshLab: trimesh: Trimesh, target_edge_length: 1.0, iterations: 3, feature_angle: 30.0, adaptive: 'false'
[05:56]   [ComfyUI] [SubprocessWorker] call_method: nodes.remeshing.backends.pymeshlab_isotropic.RemeshPyMeshLabNode.EXECUTE_NORMALIZED
[05:56]   [ComfyUI] [SubprocessWorker] acquired lock, ensuring started...
[05:56]   [ComfyUI] [ComfyUI-GeometryPack] Health check: ping (timeout=5.0s)...
[05:56]   [ComfyUI] [ComfyUI-GeometryPack] Health check: ok
[05:56]   [ComfyUI] [SubprocessWorker] worker started/confirmed
[05:56]   [ComfyUI] [SubprocessWorker] serializing kwargs to shm...
[05:56]   [ComfyUI] [SubprocessWorker] created 1 shm blocks
[05:56]   [ComfyUI] [SubprocessWorker] sending request via socket...
[05:56]   [ComfyUI] [SubprocessWorker] call_id=5 sending call_method
[05:56]   Node executed (2 total), capturing...
[05:56]   [ComfyUI] [worker:ComfyUI-GeometryPack] INFO: Backend: pymeshlab_isotropic
[05:56]   [ComfyUI] [worker:ComfyUI-GeometryPack] INFO: Input: 12770 vertices, 25536 faces
[05:56]   [ComfyUI] [worker:ComfyUI-GeometryPack] INFO: Parameters: target_edge_length=1.0, iterations=3, feature_angle=30.0, adaptive=false
[05:57]   Frame 6 saved (frame_005.jpg, t=11.0s)
[05:57]   [capture-node] freeze=381ms shot=704ms unfreeze=6ms saved=True
[05:57]   [ComfyUI] [worker:ComfyUI-GeometryPack] INFO: Output: 1867 vertices, 3730 faces
[05:57]   [ComfyUI] [SubprocessWorker] got response: ok
[05:57]   [ComfyUI] [comfy-env] GeomPackRemesh_PyMeshLab done (1.51s): result: NodeOutput
[05:57]   [ComfyUI] [comfy-env] Running GeomPackPreviewMeshMulti: mode: 'fields', mesh_1: Trimesh, mesh_2: Trimesh, mesh_3: Trimesh
[05:57]   [ComfyUI] [SubprocessWorker] call_method: nodes.visualization.preview_mesh_multi.PreviewMeshMultiNode.EXECUTE_NORMALIZED
[05:57]   [ComfyUI] [SubprocessWorker] acquired lock, ensuring started...
[05:57]   [ComfyUI] [ComfyUI-GeometryPack] Health check: ping (timeout=5.0s)...
[05:57]   [ComfyUI] [ComfyUI-GeometryPack] Health check: ok
[05:57]   [ComfyUI] [SubprocessWorker] worker started/confirmed
[05:57]   [ComfyUI] [SubprocessWorker] serializing kwargs to shm...
[05:57]   Node executed (3 total), capturing...
[05:57]   [ComfyUI] [SubprocessWorker] created 3 shm blocks
[05:57]   [ComfyUI] [SubprocessWorker] sending request via socket...
[05:57]   [ComfyUI] [SubprocessWorker] call_id=6 sending call_method
[05:57]   [ComfyUI] [worker:ComfyUI-GeometryPack] INFO: Mode: fields, Meshes: 3
[05:57]   [ComfyUI] [worker:ComfyUI-GeometryPack] INFO: Mesh 1: Mesh - 18061 vertices, 19827 faces
[05:57]   [ComfyUI] [worker:ComfyUI-GeometryPack] INFO: Exporting mesh to VTP: D:\a\comfy-gpu-ci\comfy-gpu-ci\test_workspaces\GeometryPack-0031\ComfyUI\output\preview_multi_1_fd6dd133.vtp
[05:57]   [ComfyUI] [worker:ComfyUI-GeometryPack] INFO: Adding normals field (18061 vertices)
[05:57]   Frame 7 saved (frame_006.jpg, t=12.5s)
[05:58]   [capture-node] freeze=6ms shot=107ms unfreeze=5ms saved=True
[05:58]   [ComfyUI] [worker:ComfyUI-GeometryPack] INFO: Export complete: 18061 vertices, 19827 faces
[05:58]   [ComfyUI] [worker:ComfyUI-GeometryPack] INFO: Exported VTP: D:\a\comfy-gpu-ci\comfy-gpu-ci\test_workspaces\GeometryPack-0031\ComfyUI\output\preview_multi_1_fd6dd133.vtp
[05:58]   [ComfyUI] [worker:ComfyUI-GeometryPack] INFO: Mesh 2: Mesh - 12770 vertices, 25536 faces
[05:58]   [ComfyUI] [worker:ComfyUI-GeometryPack] INFO: Exporting mesh to VTP: D:\a\comfy-gpu-ci\comfy-gpu-ci\test_workspaces\GeometryPack-0031\ComfyUI\output\preview_multi_2_fd6dd133.vtp
[05:58]   [ComfyUI] [worker:ComfyUI-GeometryPack] INFO: Adding normals field (12770 vertices)
[05:58]   [ComfyUI] [worker:ComfyUI-GeometryPack] INFO: Export complete: 12770 vertices, 25536 faces
[05:58]   [ComfyUI] [worker:ComfyUI-GeometryPack] INFO: Exported VTP: D:\a\comfy-gpu-ci\comfy-gpu-ci\test_workspaces\GeometryPack-0031\ComfyUI\output\preview_multi_2_fd6dd133.vtp
[05:58]   [ComfyUI] [worker:ComfyUI-GeometryPack] INFO: Mesh 3: Mesh - 1867 vertices, 3730 faces
[05:58]   [ComfyUI] [worker:ComfyUI-GeometryPack] INFO: Exporting mesh to VTP: D:\a\comfy-gpu-ci\comfy-gpu-ci\test_workspaces\GeometryPack-0031\ComfyUI\output\preview_multi_3_fd6dd133.vtp
[05:58]   [ComfyUI] [worker:ComfyUI-GeometryPack] INFO: Adding normals field (1867 vertices)
[05:58]   [ComfyUI] [worker:ComfyUI-GeometryPack] INFO: Export complete: 1867 vertices, 3730 faces
[05:58]   [ComfyUI] [worker:ComfyUI-GeometryPack] INFO: Exported VTP: D:\a\comfy-gpu-ci\comfy-gpu-ci\test_workspaces\GeometryPack-0031\ComfyUI\output\preview_multi_3_fd6dd133.vtp
[05:58]   [ComfyUI] [worker:ComfyUI-GeometryPack] INFO: Grid: 3x1, Preview ready
[05:58]   [ComfyUI] [SubprocessWorker] got response: ok
[05:58]   [ComfyUI] [comfy-env] GeomPackPreviewMeshMulti done (0.65s): result: NodeOutput
[05:58]   [ComfyUI] Prompt executed in 12.72 seconds
[05:58]   Node executed (4 total), capturing...
[05:59]   Frame 8 saved (frame_007.jpg, t=13.2s)
[05:59]   [capture-node] freeze=5ms shot=761ms unfreeze=0ms saved=True
[05:59]   Execution complete (t=13.2s)
[05:59]   Captured 8 unique frames over 13.96s
[05:59]   [debug] iframes: 2
[05:59]   [debug]   iframe[0]: src=http://127.0.0.1:41890/extensions/ComfyUI-GeometryPack/viewer_dual.html?v=177845, canvas=370x485, rafFrozen=True
[05:59]   [debug]   iframe[1]: src=http://127.0.0.1:41890/extensions/ComfyUI-GeometryPack/viewer_multi.html?v=17784, canvas=244x393, rafFrozen=True
[05:59]   [timing] trigger_3d_previews: 0.0s
[06:01]   Saved high-quality screenshot: alpha_wrap_executed.png
[06:01]   [timing] final_screenshot: 0.3s
[06:01] Capturing execution frames: batch_remesh.json
[06:07]   Frame 1 saved (frame_000.jpg, t=0.0s)
[06:07]   Validating workflow...
[06:07]   [ComfyUI] === /validate endpoint called ===
[06:07]   [ComfyUI] Received JSON with keys: ['prompt']
[06:07]   [ComfyUI] Prompt has 4 nodes
[06:07]   Queuing workflow for execution...
[06:07]   [ComfyUI]   Node 1: GeomPackLoadMeshBatch
[06:07]   [ComfyUI]     Inputs: {"folder_path": "3d", "start_index": 0, "max_meshes": 4}
[06:07]   [ComfyUI]   Node 4: GeomPackMeshInfo
[06:07]   [ComfyUI]     Inputs: {"report_panel": "false", "trimesh": ["1", 0]}
[06:07]   [ComfyUI]   Node 6: GeomPackPreviewMeshVTKBatch
[06:07]   [ComfyUI]     Inputs: {"mode": "fields", "index": 0, "preview_vtk_batch": "{\"show_edges\":false,\"camera_state\":\"\",\"selected_field\":\"\",\"selected_channel\":\"magnitude\",\"selected_colormap\":\"erdc_rainbow_bright\
[06:07]   [ComfyUI]   Node 11: GeomPackRemesh
[06:07]   [ComfyUI]     Inputs: {"backend": "pymeshlab_isotropic", "backend.target_edge_length": 1, "backend.iterations": 3, "backend.feature_angle": 30, "backend.adaptive": "false", "report_panel": "false", "trimesh": ["1", 0]}
[06:07]   [ComfyUI] Generated prompt_id: 3e8faa6c-3a84-41ff-a0f2-1ad3036217af
[06:07]   [ComfyUI] Calling execution.validate_prompt()...
[06:07]   [ComfyUI] Validation result: valid=True
[06:07]   [ComfyUI] === Validation PASSED ===
[06:07]   [ComfyUI] got prompt
[06:07]   [ComfyUI] [comfy-env] Running GeomPackLoadMeshBatch: folder_path: '3d', start_index: 0, max_meshes: 4
[06:07]   [ComfyUI] [SubprocessWorker] call_method: nodes.io.load_mesh_batch.LoadMeshBatch.EXECUTE_NORMALIZED
[06:07]   [ComfyUI] [SubprocessWorker] acquired lock, ensuring started...
[06:07]   [ComfyUI] [ComfyUI-GeometryPack] Health check: ping (timeout=5.0s)...
[06:07]   [ComfyUI] [ComfyUI-GeometryPack] Health check: ok
[06:07]   [ComfyUI] [SubprocessWorker] worker started/confirmed
[06:07]   [ComfyUI] [SubprocessWorker] serializing kwargs to shm...
[06:07]   [ComfyUI] [SubprocessWorker] created 0 shm blocks
[06:07]   [ComfyUI] [SubprocessWorker] sending request via socket...
[06:07]   [ComfyUI] [SubprocessWorker] call_id=7 sending call_method
[06:08]   [ComfyUI] [worker:ComfyUI-GeometryPack] INFO: Found folder in input: 3d
[06:08]   [ComfyUI] [worker:ComfyUI-GeometryPack] INFO: Found 12 mesh files
[06:08]   [ComfyUI] [worker:ComfyUI-GeometryPack] INFO: Loading up to 4 meshes
[06:08]   [ComfyUI] [worker:ComfyUI-GeometryPack] INFO: Loading: D:\a\comfy-gpu-ci\comfy-gpu-ci\test_workspaces\GeometryPack-0031\ComfyUI\input\3d\ArmoredWarrior_00005_.glb
[06:08]   [ComfyUI] [worker:ComfyUI-GeometryPack] INFO: Converting Scene to single mesh (scene has 1 geometries)
[06:08]   [ComfyUI] [worker:ComfyUI-GeometryPack] INFO: Initial mesh: 18061 vertices, 19827 faces
[06:08]   [ComfyUI] [worker:ComfyUI-GeometryPack] INFO: Successfully loaded: 18061 vertices, 19827 faces
[06:08]   [ComfyUI] [worker:ComfyUI-GeometryPack] INFO: [1/4] Loaded ArmoredWarrior_00005_.glb: 18061 vertices, 19827 faces
[06:08]   [ComfyUI] [worker:ComfyUI-GeometryPack] INFO: Loading: D:\a\comfy-gpu-ci\comfy-gpu-ci\test_workspaces\GeometryPack-0031\ComfyUI\input\3d\Stanford_Bunny.stl
[06:08]   [ComfyUI] [worker:ComfyUI-GeometryPack] INFO: Initial mesh: 56203 vertices, 112402 faces
[06:08]   [ComfyUI] [worker:ComfyUI-GeometryPack] INFO: Successfully loaded: 56203 vertices, 112402 faces
[06:08]   [ComfyUI] [worker:ComfyUI-GeometryPack] INFO: [2/4] Loaded Stanford_Bunny.stl: 56203 vertices, 112402 faces
[06:08]   [ComfyUI] [worker:ComfyUI-GeometryPack] INFO: Loading: D:\a\comfy-gpu-ci\comfy-gpu-ci\test_workspaces\GeometryPack-0031\ComfyUI\input\3d\camel_b.obj
[06:08]   [ComfyUI] [worker:ComfyUI-GeometryPack] INFO: Initial mesh: 2032 vertices, 3576 faces
[06:08]   [ComfyUI] [worker:ComfyUI-GeometryPack] INFO: Successfully loaded: 2032 vertices, 3576 faces
[06:08]   [ComfyUI] [worker:ComfyUI-GeometryPack] INFO: [3/4] Loaded camel_b.obj: 2032 vertices, 3576 faces
[06:08]   [ComfyUI] [worker:ComfyUI-GeometryPack] INFO: Loading: D:\a\comfy-gpu-ci\comfy-gpu-ci\test_workspaces\GeometryPack-0031\ComfyUI\input\3d\camelhead.off
[06:08]   [ComfyUI] [worker:ComfyUI-GeometryPack] INFO: Initial mesh: 11381 vertices, 22704 faces
[06:08]   [ComfyUI] [worker:ComfyUI-GeometryPack] INFO: Successfully loaded: 11381 vertices, 22704 faces
[06:08]   [ComfyUI] [worker:ComfyUI-GeometryPack] INFO: [4/4] Loaded camelhead.off: 11381 vertices, 22704 faces
[06:08]   [ComfyUI] [worker:ComfyUI-GeometryPack] INFO: Successfully loaded 4 meshes
[06:08]   [ComfyUI] [SubprocessWorker] got response: ok
[06:09]   [ComfyUI] [comfy-env] GeomPackLoadMeshBatch done (1.07s): result: NodeOutput
[06:09]   [ComfyUI] [comfy-env] Running GeomPackRemesh: backend: dict, trimesh: Trimesh
[06:09]   [ComfyUI] [SubprocessWorker] call_method: nodes.remeshing.remesh.RemeshNode.EXECUTE_NORMALIZED
[06:09]   [ComfyUI] [SubprocessWorker] acquired lock, ensuring started...
[06:09]   [ComfyUI] [ComfyUI-GeometryPack] Health check: ping (timeout=5.0s)...
[06:09]   [ComfyUI] [ComfyUI-GeometryPack] Health check: ok
[06:09]   [ComfyUI] [SubprocessWorker] worker started/confirmed
[06:09]   [ComfyUI] [SubprocessWorker] serializing kwargs to shm...
[06:09]   [ComfyUI] [SubprocessWorker] created 1 shm blocks
[06:09]   [ComfyUI] [SubprocessWorker] sending request via socket...
[06:09]   [ComfyUI] [SubprocessWorker] call_id=8 sending call_method
[06:09]   [ComfyUI] [worker:ComfyUI-GeometryPack] INFO: Remesh dispatch: pymeshlab_isotropic -> GeomPackRemesh_PyMeshLab
[06:09]   [ComfyUI] [SubprocessWorker] got response: ok
[06:09]   [ComfyUI] [comfy-env] GeomPackRemesh done (0.39s): result: NodeOutput
[06:09]   [ComfyUI] [comfy-env] Running GeomPackRemesh: backend: dict, trimesh: Trimesh
[06:09]   [ComfyUI] [SubprocessWorker] call_method: nodes.remeshing.remesh.RemeshNode.EXECUTE_NORMALIZED
[06:09]   [ComfyUI] [SubprocessWorker] acquired lock, ensuring started...
[06:09]   [ComfyUI] [ComfyUI-GeometryPack] Health check: ping (timeout=5.0s)...
[06:09]   [ComfyUI] [ComfyUI-GeometryPack] Health check: ok
[06:09]   [ComfyUI] [SubprocessWorker] worker started/confirmed
[06:09]   [ComfyUI] [SubprocessWorker] serializing kwargs to shm...
[06:09]   [ComfyUI] [SubprocessWorker] created 1 shm blocks
[06:09]   [ComfyUI] [SubprocessWorker] sending request via socket...
[06:09]   [ComfyUI] [SubprocessWorker] call_id=9 sending call_method
[06:09]   [ComfyUI] [worker:ComfyUI-GeometryPack] INFO: Remesh dispatch: pymeshlab_isotropic -> GeomPackRemesh_PyMeshLab
[06:09]   [ComfyUI] [SubprocessWorker] got response: ok
[06:09]   [ComfyUI] [comfy-env] GeomPackRemesh done (0.15s): result: NodeOutput
[06:09]   [ComfyUI] [comfy-env] Running GeomPackRemesh: backend: dict, trimesh: Trimesh
[06:09]   [ComfyUI] [SubprocessWorker] call_method: nodes.remeshing.remesh.RemeshNode.EXECUTE_NORMALIZED
[06:09]   [ComfyUI] [SubprocessWorker] acquired lock, ensuring started...
[06:09]   [ComfyUI] [ComfyUI-GeometryPack] Health check: ping (timeout=5.0s)...
[06:09]   [ComfyUI] [ComfyUI-GeometryPack] Health check: ok
[06:09]   [ComfyUI] [SubprocessWorker] worker started/confirmed
[06:09]   [ComfyUI] [SubprocessWorker] serializing kwargs to shm...
[06:09]   [ComfyUI] [SubprocessWorker] created 1 shm blocks
[06:09]   [ComfyUI] [SubprocessWorker] sending request via socket...
[06:09]   [ComfyUI] [SubprocessWorker] call_id=10 sending call_method
[06:09]   [ComfyUI] [worker:ComfyUI-GeometryPack] INFO: Remesh dispatch: pymeshlab_isotropic -> GeomPackRemesh_PyMeshLab
[06:09]   [ComfyUI] [SubprocessWorker] got response: ok
[06:09]   [ComfyUI] [comfy-env] GeomPackRemesh done (0.11s): result: NodeOutput
[06:09]   [ComfyUI] [comfy-env] Running GeomPackRemesh: backend: dict, trimesh: Trimesh
[06:09]   [ComfyUI] [SubprocessWorker] call_method: nodes.remeshing.remesh.RemeshNode.EXECUTE_NORMALIZED
[06:09]   [ComfyUI] [SubprocessWorker] acquired lock, ensuring started...
[06:09]   [ComfyUI] [ComfyUI-GeometryPack] Health check: ping (timeout=5.0s)...
[06:09]   [ComfyUI] [ComfyUI-GeometryPack] Health check: ok
[06:09]   [ComfyUI] [SubprocessWorker] worker started/confirmed
[06:09]   [ComfyUI] [SubprocessWorker] serializing kwargs to shm...
[06:09]   [ComfyUI] [SubprocessWorker] created 1 shm blocks
[06:09]   [ComfyUI] [SubprocessWorker] sending request via socket...
[06:09]   [ComfyUI] [SubprocessWorker] call_id=11 sending call_method
[06:09]   [ComfyUI] [worker:ComfyUI-GeometryPack] INFO: Remesh dispatch: pymeshlab_isotropic -> GeomPackRemesh_PyMeshLab
[06:09]   [ComfyUI] [SubprocessWorker] got response: ok
[06:09]   [ComfyUI] [comfy-env] GeomPackRemesh done (0.12s): result: NodeOutput
[06:09]   [ComfyUI] [comfy-env] Running GeomPackMeshInfo: trimesh: list[4]
[06:09]   [ComfyUI] [SubprocessWorker] call_method: nodes.analysis.mesh_info.MeshInfoNode.EXECUTE_NORMALIZED
[06:09]   [ComfyUI] [SubprocessWorker] acquired lock, ensuring started...
[06:09]   [ComfyUI] [ComfyUI-GeometryPack] Health check: ping (timeout=5.0s)...
[06:09]   [ComfyUI] [ComfyUI-GeometryPack] Health check: ok
[06:09]   [ComfyUI] [SubprocessWorker] worker started/confirmed
[06:09]   [ComfyUI] [SubprocessWorker] serializing kwargs to shm...
[06:09]   [ComfyUI] [SubprocessWorker] created 4 shm blocks
[06:09]   [ComfyUI] [SubprocessWorker] sending request via socket...
[06:09]   [ComfyUI] [SubprocessWorker] call_id=12 sending call_method
[06:10]   Frame 2 saved (frame_001.jpg, t=2.2s)
[06:10]   [capture-periodic] freeze=4ms shot=79ms unfreeze=4ms saved=True
[06:10]   [ComfyUI] [SubprocessWorker] got response: ok
[06:10]   [ComfyUI] [comfy-env] GeomPackMeshInfo done (0.63s): result: NodeOutput
[06:10]   [ComfyUI] [comfy-env] Running GeomPackRemesh_PyMeshLab: trimesh: Trimesh, target_edge_length: 1.0, iterations: 3, feature_angle: 30.0, adaptive: 'false'
[06:10]   [ComfyUI] [SubprocessWorker] call_method: nodes.remeshing.backends.pymeshlab_isotropic.RemeshPyMeshLabNode.EXECUTE_NORMALIZED
[06:10]   [ComfyUI] [SubprocessWorker] acquired lock, ensuring started...
[06:10]   [ComfyUI] [ComfyUI-GeometryPack] Health check: ping (timeout=5.0s)...
[06:10]   [ComfyUI] [ComfyUI-GeometryPack] Health check: ok
[06:10]   [ComfyUI] [SubprocessWorker] worker started/confirmed
[06:10]   [ComfyUI] [SubprocessWorker] serializing kwargs to shm...
[06:10]   Node executed (1 total), capturing...
[06:10]   [ComfyUI] [SubprocessWorker] created 1 shm blocks
[06:10]   [ComfyUI] [SubprocessWorker] sending request via socket...
[06:10]   [ComfyUI] [SubprocessWorker] call_id=13 sending call_method
[06:10]   [ComfyUI] [worker:ComfyUI-GeometryPack] INFO: Backend: pymeshlab_isotropic
[06:10]   [ComfyUI] [worker:ComfyUI-GeometryPack] INFO: Input: 18061 vertices, 19827 faces
[06:10]   [ComfyUI] [worker:ComfyUI-GeometryPack] INFO: Parameters: target_edge_length=1.0, iterations=3, feature_angle=30.0, adaptive=false
[06:10]   Frame 3 saved (frame_002.jpg, t=2.8s)
[06:10]   [capture-node] freeze=6ms shot=89ms unfreeze=6ms saved=True
[06:10]   [ComfyUI] [worker:ComfyUI-GeometryPack] INFO: Output: 4475 vertices, 9518 faces
[06:11]   [ComfyUI] [SubprocessWorker] got response: ok
[06:11]   [ComfyUI] [comfy-env] GeomPackRemesh_PyMeshLab done (0.60s): result: NodeOutput
[06:11]   [ComfyUI] [comfy-env] Running GeomPackRemesh_PyMeshLab: trimesh: Trimesh, target_edge_length: 1.0, iterations: 3, feature_angle: 30.0, adaptive: 'false'
[06:11]   [ComfyUI] [SubprocessWorker] call_method: nodes.remeshing.backends.pymeshlab_isotropic.RemeshPyMeshLabNode.EXECUTE_NORMALIZED
[06:11]   [ComfyUI] [SubprocessWorker] acquired lock, ensuring started...
[06:11]   [ComfyUI] [ComfyUI-GeometryPack] Health check: ping (timeout=5.0s)...
[06:11]   [ComfyUI] [ComfyUI-GeometryPack] Health check: ok
[06:11]   [ComfyUI] [SubprocessWorker] worker started/confirmed
[06:11]   [ComfyUI] [SubprocessWorker] serializing kwargs to shm...
[06:11]   [ComfyUI] [SubprocessWorker] created 1 shm blocks
[06:11]   [ComfyUI] [SubprocessWorker] sending request via socket...
[06:11]   [ComfyUI] [SubprocessWorker] call_id=14 sending call_method
[06:11]   Node executed (2 total), capturing...
[06:11]   [ComfyUI] [worker:ComfyUI-GeometryPack] INFO: Backend: pymeshlab_isotropic
[06:11]   [ComfyUI] [worker:ComfyUI-GeometryPack] INFO: Input: 56203 vertices, 112402 faces
[06:11]   [ComfyUI] [worker:ComfyUI-GeometryPack] INFO: Parameters: target_edge_length=1.0, iterations=3, feature_angle=30.0, adaptive=false
[06:11]   Frame 4 saved (frame_003.jpg, t=3.4s)
[06:11]   [capture-node] freeze=5ms shot=87ms unfreeze=5ms saved=True
[06:13]   [ComfyUI] [worker:ComfyUI-GeometryPack] INFO: Output: 32282 vertices, 64560 faces
[06:13]   [ComfyUI] [SubprocessWorker] got response: ok
[06:13]   [ComfyUI] [comfy-env] GeomPackRemesh_PyMeshLab done (2.16s): result: NodeOutput
[06:13]   [ComfyUI] [comfy-env] Running GeomPackRemesh_PyMeshLab: trimesh: Trimesh, target_edge_length: 1.0, iterations: 3, feature_angle: 30.0, adaptive: 'false'
[06:13]   [ComfyUI] [SubprocessWorker] call_method: nodes.remeshing.backends.pymeshlab_isotropic.RemeshPyMeshLabNode.EXECUTE_NORMALIZED
[06:13]   [ComfyUI] [SubprocessWorker] acquired lock, ensuring started...
[06:13]   [ComfyUI] [ComfyUI-GeometryPack] Health check: ping (timeout=5.0s)...
[06:13]   [ComfyUI] [ComfyUI-GeometryPack] Health check: ok
[06:13]   [ComfyUI] [SubprocessWorker] worker started/confirmed
[06:13]   [ComfyUI] [SubprocessWorker] serializing kwargs to shm...
[06:13]   [ComfyUI] [SubprocessWorker] created 1 shm blocks
[06:13]   [ComfyUI] [SubprocessWorker] sending request via socket...
[06:13]   [ComfyUI] [SubprocessWorker] call_id=15 sending call_method
[06:13]   Node executed (3 total), capturing...
[06:13]   [ComfyUI] [worker:ComfyUI-GeometryPack] INFO: Backend: pymeshlab_isotropic
[06:13]   [ComfyUI] [worker:ComfyUI-GeometryPack] INFO: Input: 2032 vertices, 3576 faces
[06:13]   [ComfyUI] [worker:ComfyUI-GeometryPack] INFO: Parameters: target_edge_length=1.0, iterations=3, feature_angle=30.0, adaptive=false
[06:13]   Frame 5 saved (frame_004.jpg, t=5.5s)
[06:13]   [capture-node] freeze=6ms shot=99ms unfreeze=5ms saved=True
[06:13]   [ComfyUI] [worker:ComfyUI-GeometryPack] INFO: Output: 9672 vertices, 19342 faces
[06:13]   [ComfyUI] [SubprocessWorker] got response: ok
[06:13]   [ComfyUI] [comfy-env] GeomPackRemesh_PyMeshLab done (0.45s): result: NodeOutput
[06:13]   [ComfyUI] [comfy-env] Running GeomPackRemesh_PyMeshLab: trimesh: Trimesh, target_edge_length: 1.0, iterations: 3, feature_angle: 30.0, adaptive: 'false'
[06:13]   [ComfyUI] [SubprocessWorker] call_method: nodes.remeshing.backends.pymeshlab_isotropic.RemeshPyMeshLabNode.EXECUTE_NORMALIZED
[06:13]   [ComfyUI] [SubprocessWorker] acquired lock, ensuring started...
[06:13]   [ComfyUI] [ComfyUI-GeometryPack] Health check: ping (timeout=5.0s)...
[06:13]   [ComfyUI] [ComfyUI-GeometryPack] Health check: ok
[06:13]   [ComfyUI] [SubprocessWorker] worker started/confirmed
[06:13]   [ComfyUI] [SubprocessWorker] serializing kwargs to shm...
[06:13]   [ComfyUI] [SubprocessWorker] created 1 shm blocks
[06:13]   [ComfyUI] [SubprocessWorker] sending request via socket...
[06:13]   [ComfyUI] [SubprocessWorker] call_id=16 sending call_method
[06:13]   Node executed (4 total), capturing...
[06:13]   [ComfyUI] [worker:ComfyUI-GeometryPack] INFO: Backend: pymeshlab_isotropic
[06:13]   [ComfyUI] [worker:ComfyUI-GeometryPack] INFO: Input: 11381 vertices, 22704 faces
[06:13]   [ComfyUI] [worker:ComfyUI-GeometryPack] INFO: Parameters: target_edge_length=1.0, iterations=3, feature_angle=30.0, adaptive=false
[06:13]   [ComfyUI] [worker:ComfyUI-GeometryPack] INFO: Output: 56 vertices, 96 faces
[06:13]   [ComfyUI] [SubprocessWorker] got response: ok
[06:13]   [ComfyUI] [comfy-env] GeomPackRemesh_PyMeshLab done (0.28s): result: NodeOutput
[06:13]   [ComfyUI] [comfy-env] Running GeomPackPreviewMeshVTKBatch: mode: list[1], index: list[1], trimesh: list[4]
[06:13]   [ComfyUI] [SubprocessWorker] call_method: nodes.visualization.preview_mesh_vtk_batch.PreviewMeshVTKBatchNode.EXECUTE_NORMALIZED
[06:13]   [ComfyUI] [SubprocessWorker] acquired lock, ensuring started...
[06:13]   [ComfyUI] [ComfyUI-GeometryPack] Health check: ping (timeout=5.0s)...
[06:13]   [ComfyUI] [ComfyUI-GeometryPack] Health check: ok
[06:13]   [ComfyUI] [SubprocessWorker] worker started/confirmed
[06:13]   [ComfyUI] [SubprocessWorker] serializing kwargs to shm...
[06:13]   [ComfyUI] [SubprocessWorker] created 4 shm blocks
[06:13]   [ComfyUI] [SubprocessWorker] sending request via socket...
[06:13]   [ComfyUI] [SubprocessWorker] call_id=17 sending call_method
[06:14]   Frame 6 saved (frame_005.jpg, t=6.0s)
[06:14]   [capture-node] freeze=4ms shot=97ms unfreeze=8ms saved=True
[06:14]   [ComfyUI] [worker:ComfyUI-GeometryPack] INFO: Batch size: 4, showing index: 1/4
[06:14]   [ComfyUI] [worker:ComfyUI-GeometryPack] INFO: Preparing preview: Mesh - 4475 vertices, 9518 faces
[06:14]   [ComfyUI] [worker:ComfyUI-GeometryPack] INFO: Mode: fields
[06:14]   [ComfyUI] [worker:ComfyUI-GeometryPack] INFO: Visual data - has_visual: True, kind: None, texture: False, vertex_colors: False
[06:14]   [ComfyUI] [worker:ComfyUI-GeometryPack] INFO: Using fields mode - VTP/STL export
[06:14]   [ComfyUI] [worker:ComfyUI-GeometryPack] INFO: Exported STL to: D:\a\comfy-gpu-ci\comfy-gpu-ci\test_workspaces\GeometryPack-0031\ComfyUI\output\preview_vtk_batch_b33de435.stl
[06:14]   [ComfyUI] [worker:ComfyUI-GeometryPack] INFO: Fields mode info: watertight=False, volume=None, area=4.220706288965773, no fields
[06:14]   Node executed (5 total), capturing...
[06:14]   [ComfyUI] [SubprocessWorker] got response: ok
[06:14]   [ComfyUI] [comfy-env] GeomPackPreviewMeshVTKBatch done (0.19s): result: NodeOutput
[06:14]   [ComfyUI] Prompt executed in 6.16 seconds
[06:14]   Frame 7 saved (frame_006.jpg, t=6.4s)
[06:14]   [capture-node] freeze=5ms shot=280ms unfreeze=9ms saved=True
[06:14]   Node executed (6 total), capturing...
[06:14]   Frame 8 saved (frame_007.jpg, t=7.1s)
[06:14]   [capture-node] freeze=4ms shot=78ms unfreeze=0ms saved=True
[06:14]   Execution complete (t=7.1s)
[06:14]   Captured 8 unique frames over 7.17s
[06:14]   [debug] iframes: 1
[06:14]   [debug]   iframe[0]: src=http://127.0.0.1:41890/extensions/ComfyUI-GeometryPack/viewer_vtk.html?v=1778459, canvas=622x373, rafFrozen=True
[06:15]   [timing] trigger_3d_previews: 0.0s
[06:17]   Saved high-quality screenshot: batch_remesh_executed.png
[06:17]   [timing] final_screenshot: 0.2s
[06:17] Capturing execution frames: boolean_ops.json
[06:23]   Frame 1 saved (frame_000.jpg, t=0.0s)
[06:23]   Validating workflow...
[06:23]   [ComfyUI] === /validate endpoint called ===
[06:23]   [ComfyUI] Received JSON with keys: ['prompt']
[06:23]   [ComfyUI] Prompt has 5 nodes
[06:23]   [ComfyUI]   Node 1: GeomPackCreatePrimitive
[06:23]   [ComfyUI]     Inputs: {"shape": "cube", "size": 2, "subdivisions": 1}
[06:23]   [ComfyUI]   Node 2: GeomPackCreatePrimitive
[06:23]   Queuing workflow for execution...
[06:23]   [ComfyUI]     Inputs: {"shape": "sphere", "size": 2.5, "subdivisions": 2}
[06:23]   [ComfyUI]   Node 21: GeomPackPreviewMeshDual
[06:23]   [ComfyUI]     Inputs: {"layout": "side_by_side", "mode": "fields", "opacity_1": 1, "opacity_2": 1, "preview_dual": "{\"show_edges\":true,\"camera_state\":\"\",\"selected_field\":\"\",\"selected_channel\":\"magnitude\",\"se
[06:23]   [ComfyUI]   Node 22: GeomPackPreviewMeshVTK
[06:23]   [ComfyUI]     Inputs: {"mode": "fields", "preview_vtk": "{\"show_edges\":true,\"camera_state\":\"\",\"selected_field\":\"\",\"selected_channel\":\"magnitude\",\"selected_colormap\":\"erdc_rainbow_bright\"}", "trimesh": ["2
[06:23]   [ComfyUI]   Node 25: GeomPackBoolean
[06:23]   [ComfyUI]     Inputs: {"operation": "union", "backend": "libigl_cgal", "mesh_a": ["1", 0], "mesh_b": ["2", 0]}
[06:23]   [ComfyUI] Generated prompt_id: 5db51408-3f85-4f52-8600-db6e9295bc1f
[06:23]   [ComfyUI] Calling execution.validate_prompt()...
[06:23]   [ComfyUI] Validation result: valid=True
[06:23]   [ComfyUI] === Validation PASSED ===
[06:23]   [ComfyUI] got prompt
[06:23]   [ComfyUI] [comfy-env] Running GeomPackCreatePrimitive: shape: 'sphere', size: 2.5, subdivisions: 2
[06:23]   [ComfyUI] [SubprocessWorker] call_method: nodes.primitives.create_primitive.CreatePrimitive.EXECUTE_NORMALIZED
[06:23]   [ComfyUI] [SubprocessWorker] acquired lock, ensuring started...
[06:23]   [ComfyUI] [ComfyUI-GeometryPack] Health check: ping (timeout=5.0s)...
[06:23]   [ComfyUI] [ComfyUI-GeometryPack] Health check: ok
[06:23]   [ComfyUI] [SubprocessWorker] worker started/confirmed
[06:23]   [ComfyUI] [SubprocessWorker] serializing kwargs to shm...
[06:23]   [ComfyUI] [SubprocessWorker] created 0 shm blocks
[06:23]   [ComfyUI] [SubprocessWorker] sending request via socket...
[06:23]   [ComfyUI] [SubprocessWorker] call_id=18 sending call_method
[06:23]   [ComfyUI] [worker:ComfyUI-GeometryPack] INFO: Created sphere: 162 vertices, 320 faces
[06:23]   [ComfyUI] [SubprocessWorker] got response: ok
[06:23]   [ComfyUI] [comfy-env] GeomPackCreatePrimitive done (0.09s): result: NodeOutput
[06:23]   [ComfyUI] [comfy-env] Running GeomPackCreatePrimitive: shape: 'cube', size: 2.0, subdivisions: 1
[06:23]   [ComfyUI] [SubprocessWorker] call_method: nodes.primitives.create_primitive.CreatePrimitive.EXECUTE_NORMALIZED
[06:23]   [ComfyUI] [SubprocessWorker] acquired lock, ensuring started...
[06:23]   [ComfyUI] [ComfyUI-GeometryPack] Health check: ping (timeout=5.0s)...
[06:23]   [ComfyUI] [ComfyUI-GeometryPack] Health check: ok
[06:23]   [ComfyUI] [SubprocessWorker] worker started/confirmed
[06:23]   [ComfyUI] [SubprocessWorker] serializing kwargs to shm...
[06:23]   [ComfyUI] [SubprocessWorker] created 0 shm blocks
[06:23]   [ComfyUI] [SubprocessWorker] sending request via socket...
[06:23]   [ComfyUI] [SubprocessWorker] call_id=19 sending call_method
[06:23]   [ComfyUI] [worker:ComfyUI-GeometryPack] INFO: Created cube: 8 vertices, 12 faces
[06:23]   [ComfyUI] [SubprocessWorker] got response: ok
[06:23]   [ComfyUI] [comfy-env] GeomPackCreatePrimitive done (0.12s): result: NodeOutput
[06:23]   [ComfyUI] [comfy-env] Running GeomPackPreviewMeshDual: layout: 'side_by_side', mode: 'fields', opacity_1: 1.0, opacity_2: 1.0, mesh_1: Trimesh, mesh_2: Trimesh
[06:23]   [ComfyUI] [SubprocessWorker] call_method: nodes.visualization.preview_mesh_dual.PreviewMeshDualNode.EXECUTE_NORMALIZED
[06:23]   [ComfyUI] [SubprocessWorker] acquired lock, ensuring started...
[06:23]   [ComfyUI] [ComfyUI-GeometryPack] Health check: ping (timeout=5.0s)...
[06:23]   [ComfyUI] [ComfyUI-GeometryPack] Health check: ok
[06:23]   [ComfyUI] [SubprocessWorker] worker started/confirmed
[06:23]   [ComfyUI] [SubprocessWorker] serializing kwargs to shm...
[06:23]   [ComfyUI] [SubprocessWorker] created 2 shm blocks
[06:23]   [ComfyUI] [SubprocessWorker] sending request via socket...
[06:23]   [ComfyUI] [SubprocessWorker] call_id=20 sending call_method
[06:23]   [ComfyUI] [worker:ComfyUI-GeometryPack] INFO: Layout: side_by_side, Mode: fields
[06:23]   [ComfyUI] [worker:ComfyUI-GeometryPack] INFO: Mesh 1: Mesh - 8 vertices, 12 faces
[06:23]   [ComfyUI] [worker:ComfyUI-GeometryPack] INFO: Mesh 2: Mesh - 162 vertices, 320 faces
[06:23]   [ComfyUI] [worker:ComfyUI-GeometryPack] INFO: Mesh 1 fields: []
[06:23]   [ComfyUI] [worker:ComfyUI-GeometryPack] INFO: Mesh 2 fields: []
[06:23]   [ComfyUI] [worker:ComfyUI-GeometryPack] INFO: Common fields: []
[06:23]   [ComfyUI] [worker:ComfyUI-GeometryPack] INFO: Mesh 1 visual: kind=None, texture=False, vertex_colors=False
[06:23]   [ComfyUI] [worker:ComfyUI-GeometryPack] INFO: Mesh 2 visual: kind=None, texture=False, vertex_colors=False
[06:23]   [ComfyUI] [worker:ComfyUI-GeometryPack] INFO: Exported STL: D:\a\comfy-gpu-ci\comfy-gpu-ci\test_workspaces\GeometryPack-0031\ComfyUI\output\preview_dual_1_34733d4a.stl
[06:23]   [ComfyUI] [worker:ComfyUI-GeometryPack] INFO: Exported STL: D:\a\comfy-gpu-ci\comfy-gpu-ci\test_workspaces\GeometryPack-0031\ComfyUI\output\preview_dual_2_34733d4a.stl
[06:23]   [ComfyUI] [worker:ComfyUI-GeometryPack] INFO: Preview ready
[06:23]   [ComfyUI] [SubprocessWorker] got response: ok
[06:23]   [ComfyUI] [comfy-env] GeomPackPreviewMeshDual done (0.19s): result: NodeOutput
[06:23]   [ComfyUI] [comfy-env] Running GeomPackBoolean: operation: 'union', backend: dict, mesh_a: Trimesh, mesh_b: Trimesh
[06:23]   [ComfyUI] [SubprocessWorker] call_method: nodes.boolean.boolean.BooleanNode.EXECUTE_NORMALIZED
[06:23]   [ComfyUI] [SubprocessWorker] acquired lock, ensuring started...
[06:23]   [ComfyUI] [ComfyUI-GeometryPack] Health check: ping (timeout=5.0s)...
[06:23]   [ComfyUI] [ComfyUI-GeometryPack] Health check: ok
[06:23]   [ComfyUI] [SubprocessWorker] worker started/confirmed
[06:23]   [ComfyUI] [SubprocessWorker] serializing kwargs to shm...
[06:23]   [ComfyUI] [SubprocessWorker] created 2 shm blocks
[06:23]   [ComfyUI] [SubprocessWorker] sending request via socket...
[06:23]   [ComfyUI] [SubprocessWorker] call_id=21 sending call_method
[06:23]   [ComfyUI] [worker:ComfyUI-GeometryPack] INFO: Boolean dispatch: libigl_cgal -> GeomPackBoolean_LibiglCGAL
[06:23]   [ComfyUI] [SubprocessWorker] got response: ok
[06:23]   [ComfyUI] [comfy-env] GeomPackBoolean done (0.13s): result: NodeOutput
[06:23]   [ComfyUI] [comfy-env] Running GeomPackBoolean_LibiglCGAL: mesh_a: Trimesh, mesh_b: Trimesh, operation: 'union'
[06:23]   [ComfyUI] [SubprocessWorker] call_method: nodes.boolean.backends.libigl_cgal.BooleanLibiglCGALNode.EXECUTE_NORMALIZED
[06:23]   [ComfyUI] [SubprocessWorker] acquired lock, ensuring started...
[06:23]   [ComfyUI] [ComfyUI-GeometryPack] Health check: ping (timeout=5.0s)...
[06:23]   [ComfyUI] [ComfyUI-GeometryPack] Health check: ok
[06:23]   [ComfyUI] [SubprocessWorker] worker started/confirmed
[06:23]   [ComfyUI] [SubprocessWorker] serializing kwargs to shm...
[06:23]   [ComfyUI] [SubprocessWorker] created 2 shm blocks
[06:23]   [ComfyUI] [SubprocessWorker] sending request via socket...
[06:23]   Node executed (1 total), capturing...
[06:23]   [ComfyUI] [SubprocessWorker] call_id=22 sending call_method
[06:24]   [ComfyUI] [worker:ComfyUI-GeometryPack] INFO: Backend: libigl_cgal
[06:24]   [ComfyUI] [worker:ComfyUI-GeometryPack] INFO: Mesh A: 8 vertices, 12 faces
[06:24]   [ComfyUI] [worker:ComfyUI-GeometryPack] INFO: Mesh B: 162 vertices, 320 faces
[06:24]   [ComfyUI] [worker:ComfyUI-GeometryPack] INFO: Operation: union
[06:24]   Frame 2 saved (frame_001.jpg, t=0.8s)
[06:24]   [capture-node] freeze=12ms shot=113ms unfreeze=6ms saved=True
[06:24]   [ComfyUI] [worker:ComfyUI-GeometryPack] INFO: Success: 302 vertices, 600 faces
[06:24]   [ComfyUI] [SubprocessWorker] got response: ok
[06:24]   [ComfyUI] [comfy-env] GeomPackBoolean_LibiglCGAL done (0.44s): result: NodeOutput
[06:24]   [ComfyUI] [comfy-env] Running GeomPackPreviewMeshVTK: mode: 'fields', trimesh: Trimesh
[06:24]   [ComfyUI] [SubprocessWorker] call_method: nodes.visualization.preview_mesh_vtk.PreviewMeshVTKNode.EXECUTE_NORMALIZED
[06:24]   [ComfyUI] [SubprocessWorker] acquired lock, ensuring started...
[06:24]   [ComfyUI] [ComfyUI-GeometryPack] Health check: ping (timeout=5.0s)...
[06:24]   [ComfyUI] [ComfyUI-GeometryPack] Health check: ok
[06:24]   [ComfyUI] [SubprocessWorker] worker started/confirmed
[06:24]   [ComfyUI] [SubprocessWorker] serializing kwargs to shm...
[06:24]   [ComfyUI] [SubprocessWorker] created 1 shm blocks
[06:24]   [ComfyUI] [SubprocessWorker] sending request via socket...
[06:24]   [ComfyUI] [SubprocessWorker] call_id=23 sending call_method
[06:24]   [ComfyUI] [worker:ComfyUI-GeometryPack] INFO: Preparing preview: Mesh - 302 vertices, 600 faces
[06:24]   [ComfyUI] [worker:ComfyUI-GeometryPack] INFO: Mode: fields
[06:24]   [ComfyUI] [worker:ComfyUI-GeometryPack] INFO: Visual data - has_visual: True, kind: None, texture: False, vertex_colors: False
[06:24]   Node executed (2 total), capturing...
[06:24]   [ComfyUI] [worker:ComfyUI-GeometryPack] INFO: Using fields mode - VTP export
[06:24]   [ComfyUI] [worker:ComfyUI-GeometryPack] INFO: Exporting mesh to VTP: D:\a\comfy-gpu-ci\comfy-gpu-ci\test_workspaces\GeometryPack-0031\ComfyUI\output\preview_vtk_86d95f89.vtp
[06:24]   [ComfyUI] [worker:ComfyUI-GeometryPack] INFO: Adding normals field (302 vertices)
[06:24]   [ComfyUI] [worker:ComfyUI-GeometryPack] INFO: Export complete: 302 vertices, 600 faces
[06:24]   [ComfyUI] [worker:ComfyUI-GeometryPack] INFO: Exported VTP to: D:\a\comfy-gpu-ci\comfy-gpu-ci\test_workspaces\GeometryPack-0031\ComfyUI\output\preview_vtk_86d95f89.vtp
[06:24]   [ComfyUI] [worker:ComfyUI-GeometryPack] INFO: Fields mode info: watertight=True, volume=9.214489033870414, area=25.093742655540616, no fields
[06:24]   [ComfyUI] [SubprocessWorker] got response: ok
[06:24]   [ComfyUI] [comfy-env] GeomPackPreviewMeshVTK done (0.17s): result: NodeOutput
[06:24]   [ComfyUI] Prompt executed in 1.15 seconds
[06:24]   Frame 3 saved (frame_002.jpg, t=1.4s)
[06:24]   [capture-node] freeze=38ms shot=264ms unfreeze=9ms saved=True
[06:25]   Node executed (3 total), capturing...
[06:25]   Frame 4 saved (frame_003.jpg, t=2.0s)
[06:25]   [capture-node] freeze=4ms shot=102ms unfreeze=0ms saved=True
[06:25]   Execution complete (t=2.0s)
[06:25]   Captured 4 unique frames over 2.13s
[06:25]   [debug] iframes: 2
[06:25]   [debug]   iframe[0]: src=http://127.0.0.1:41890/extensions/ComfyUI-GeometryPack/viewer_dual.html?v=177845, canvas=370x485, rafFrozen=True
[06:25]   [debug]   iframe[1]: src=http://127.0.0.1:41890/extensions/ComfyUI-GeometryPack/viewer_vtk.html?v=1778459, canvas=486x348, rafFrozen=True
[06:25]   [timing] trigger_3d_previews: 0.0s
[06:27]   Saved high-quality screenshot: boolean_ops_executed.png
[06:27]   [timing] final_screenshot: 0.2s
[06:28] Capturing execution frames: boolean_ops_all.json
[06:34]   Frame 1 saved (frame_000.jpg, t=0.0s)
[06:34]   Validating workflow...
[06:34]   [ComfyUI] === /validate endpoint called ===
[06:34]   [ComfyUI] Received JSON with keys: ['prompt']
[06:34]   [ComfyUI] Prompt has 5 nodes
[06:34]   [ComfyUI]   Node 1: GeomPackCreatePrimitive
[06:34]   [ComfyUI]     Inputs: {"shape": "sphere", "size": 1, "subdivisions": 4}
[06:34]   [ComfyUI]   Node 2: GeomPackCreatePrimitive
[06:34]   Queuing workflow for execution...
[06:34]   [ComfyUI]     Inputs: {"shape": "cube", "size": 0.8, "subdivisions": 1}
[06:34]   [ComfyUI]   Node 3: GeomPackBoolean
[06:34]   [ComfyUI]     Inputs: {"operation": "difference", "backend": "libigl_cgal", "mesh_a": ["1", 0], "mesh_b": ["2", 0]}
[06:34]   [ComfyUI]   Node 4: GeomPackBoolean
[06:34]   [ComfyUI]     Inputs: {"operation": "difference", "backend": "blender_exact", "mesh_a": ["1", 0], "mesh_b": ["2", 0]}
[06:34]   [ComfyUI]   Node 5: GeomPackPreviewMeshMulti
[06:34]   [ComfyUI]     Inputs: {"mode": "fields", "preview_multi": "{\"show_edges\":true,\"camera_state\":\"{\\\"position\\\":[1.2245775204403364,1.2245775204403364,1.2245775204403364],\\\"focalPoint\\\":[0,0,0],\\\"viewUp\\\":[0,0
[06:34]   [ComfyUI] Generated prompt_id: b7160d62-a5f8-4e03-9df9-481902d769f9
[06:34]   [ComfyUI] Calling execution.validate_prompt()...
[06:34]   [ComfyUI] Validation result: valid=True
[06:34]   [ComfyUI] === Validation PASSED ===
[06:34]   [ComfyUI] got prompt
[06:34]   [ComfyUI] [comfy-env] Running GeomPackCreatePrimitive: shape: 'cube', size: 0.8, subdivisions: 1
[06:34]   [ComfyUI] [SubprocessWorker] call_method: nodes.primitives.create_primitive.CreatePrimitive.EXECUTE_NORMALIZED
[06:34]   [ComfyUI] [SubprocessWorker] acquired lock, ensuring started...
[06:34]   [ComfyUI] [ComfyUI-GeometryPack] Health check: ping (timeout=5.0s)...
[06:34]   [ComfyUI] [ComfyUI-GeometryPack] Health check: ok
[06:34]   [ComfyUI] [SubprocessWorker] worker started/confirmed
[06:34]   [ComfyUI] [SubprocessWorker] serializing kwargs to shm...
[06:34]   [ComfyUI] [SubprocessWorker] created 0 shm blocks
[06:34]   [ComfyUI] [SubprocessWorker] sending request via socket...
[06:34]   [ComfyUI] [SubprocessWorker] call_id=24 sending call_method
[06:34]   [ComfyUI] [worker:ComfyUI-GeometryPack] INFO: Created cube: 8 vertices, 12 faces
[06:34]   [ComfyUI] [SubprocessWorker] got response: ok
[06:34]   [ComfyUI] [comfy-env] GeomPackCreatePrimitive done (0.10s): result: NodeOutput
[06:34]   [ComfyUI] [comfy-env] Running GeomPackCreatePrimitive: shape: 'sphere', size: 1.0, subdivisions: 4
[06:34]   [ComfyUI] [SubprocessWorker] call_method: nodes.primitives.create_primitive.CreatePrimitive.EXECUTE_NORMALIZED
[06:34]   [ComfyUI] [SubprocessWorker] acquired lock, ensuring started...
[06:34]   [ComfyUI] [ComfyUI-GeometryPack] Health check: ping (timeout=5.0s)...
[06:34]   [ComfyUI] [ComfyUI-GeometryPack] Health check: ok
[06:34]   [ComfyUI] [SubprocessWorker] worker started/confirmed
[06:34]   [ComfyUI] [SubprocessWorker] serializing kwargs to shm...
[06:34]   [ComfyUI] [SubprocessWorker] created 0 shm blocks
[06:34]   [ComfyUI] [SubprocessWorker] sending request via socket...
[06:34]   [ComfyUI] [SubprocessWorker] call_id=25 sending call_method
[06:34]   [ComfyUI] [worker:ComfyUI-GeometryPack] INFO: Created sphere: 2562 vertices, 5120 faces
[06:34]   [ComfyUI] [SubprocessWorker] got response: ok
[06:34]   [ComfyUI] [comfy-env] GeomPackCreatePrimitive done (0.11s): result: NodeOutput
[06:34]   [ComfyUI] [comfy-env] Running GeomPackBoolean: operation: 'difference', backend: dict, mesh_a: Trimesh, mesh_b: Trimesh
[06:34]   [ComfyUI] [SubprocessWorker] call_method: nodes.boolean.boolean.BooleanNode.EXECUTE_NORMALIZED
[06:34]   [ComfyUI] [SubprocessWorker] acquired lock, ensuring started...
[06:34]   [ComfyUI] [ComfyUI-GeometryPack] Health check: ping (timeout=5.0s)...
[06:34]   [ComfyUI] [ComfyUI-GeometryPack] Health check: ok
[06:34]   [ComfyUI] [SubprocessWorker] worker started/confirmed
[06:34]   [ComfyUI] [SubprocessWorker] serializing kwargs to shm...
[06:34]   [ComfyUI] [SubprocessWorker] created 2 shm blocks
[06:34]   [ComfyUI] [SubprocessWorker] sending request via socket...
[06:34]   [ComfyUI] [SubprocessWorker] call_id=26 sending call_method
[06:34]   [ComfyUI] [worker:ComfyUI-GeometryPack] INFO: Boolean dispatch: libigl_cgal -> GeomPackBoolean_LibiglCGAL
[06:34]   [ComfyUI] [SubprocessWorker] got response: ok
[06:34]   [ComfyUI] [comfy-env] GeomPackBoolean done (0.13s): result: NodeOutput
[06:34]   [ComfyUI] [comfy-env] Running GeomPackBoolean: operation: 'difference', backend: dict, mesh_a: Trimesh, mesh_b: Trimesh
[06:34]   [ComfyUI] [SubprocessWorker] call_method: nodes.boolean.boolean.BooleanNode.EXECUTE_NORMALIZED
[06:34]   [ComfyUI] [SubprocessWorker] acquired lock, ensuring started...
[06:34]   [ComfyUI] [ComfyUI-GeometryPack] Health check: ping (timeout=5.0s)...
[06:34]   [ComfyUI] [ComfyUI-GeometryPack] Health check: ok
[06:34]   [ComfyUI] [SubprocessWorker] worker started/confirmed
[06:34]   [ComfyUI] [SubprocessWorker] serializing kwargs to shm...
[06:34]   [ComfyUI] [SubprocessWorker] created 2 shm blocks
[06:34]   [ComfyUI] [SubprocessWorker] sending request via socket...
[06:34]   [ComfyUI] [SubprocessWorker] call_id=27 sending call_method
[06:34]   [ComfyUI] [worker:ComfyUI-GeometryPack] INFO: Boolean dispatch: blender_exact -> GeomPackBoolean_BlenderExact
[06:34]   [ComfyUI] [SubprocessWorker] got response: ok
[06:34]   [ComfyUI] [comfy-env] GeomPackBoolean done (0.11s): result: NodeOutput
[06:34]   [ComfyUI] [comfy-env] Running GeomPackBoolean_LibiglCGAL: mesh_a: Trimesh, mesh_b: Trimesh, operation: 'difference'
[06:34]   [ComfyUI] [SubprocessWorker] call_method: nodes.boolean.backends.libigl_cgal.BooleanLibiglCGALNode.EXECUTE_NORMALIZED
[06:34]   [ComfyUI] [SubprocessWorker] acquired lock, ensuring started...
[06:34]   [ComfyUI] [ComfyUI-GeometryPack] Health check: ping (timeout=5.0s)...
[06:34]   [ComfyUI] [ComfyUI-GeometryPack] Health check: ok
[06:34]   [ComfyUI] [SubprocessWorker] worker started/confirmed
[06:34]   [ComfyUI] [SubprocessWorker] serializing kwargs to shm...
[06:34]   [ComfyUI] [SubprocessWorker] created 2 shm blocks
[06:34]   [ComfyUI] [SubprocessWorker] sending request via socket...
[06:34]   [ComfyUI] [SubprocessWorker] call_id=28 sending call_method
[06:34]   [ComfyUI] [worker:ComfyUI-GeometryPack] INFO: Backend: libigl_cgal
[06:34]   [ComfyUI] [worker:ComfyUI-GeometryPack] INFO: Mesh A: 2562 vertices, 5120 faces
[06:34]   [ComfyUI] [worker:ComfyUI-GeometryPack] INFO: Mesh B: 8 vertices, 12 faces
[06:34]   [ComfyUI] [worker:ComfyUI-GeometryPack] INFO: Operation: difference
[06:35]   [ComfyUI] [worker:ComfyUI-GeometryPack] INFO: Success: 2202 vertices, 4380 faces
[06:35]   [ComfyUI] [SubprocessWorker] got response: ok
[06:35]   [ComfyUI] [comfy-env] GeomPackBoolean_LibiglCGAL done (1.00s): result: NodeOutput
[06:35]   [ComfyUI] [comfy-env] Running GeomPackBoolean_BlenderExact: mesh_a: Trimesh, mesh_b: Trimesh, operation: 'difference'
[06:35]   [ComfyUI] [SubprocessWorker] call_method: nodes.blender_boolean.boolean.BooleanBlenderExactNode.EXECUTE_NORMALIZED
[06:35]   [ComfyUI] [SubprocessWorker] acquired lock, ensuring started...
[06:35]   [ComfyUI] [ComfyUI-GeometryPack] Health check: ping (timeout=5.0s)...
[06:35]   [ComfyUI] [ComfyUI-GeometryPack] Health check: ok
[06:35]   [ComfyUI] [SubprocessWorker] worker started/confirmed
[06:35]   [ComfyUI] [SubprocessWorker] serializing kwargs to shm...
[06:35]   [ComfyUI] [SubprocessWorker] created 2 shm blocks
[06:35]   [ComfyUI] [SubprocessWorker] sending request via socket...
[06:35]   [ComfyUI] [SubprocessWorker] call_id=29 sending call_method
[06:35]   Node executed (1 total), capturing...
[06:35]   [ComfyUI] [worker:ComfyUI-GeometryPack] INFO: Backend: blender_exact
[06:35]   [ComfyUI] [worker:ComfyUI-GeometryPack] INFO: Mesh A: 2562 vertices, 5120 faces
[06:35]   [ComfyUI] [worker:ComfyUI-GeometryPack] INFO: Mesh B: 8 vertices, 12 faces
[06:35]   [ComfyUI] [worker:ComfyUI-GeometryPack] INFO: Operation: difference
[06:35]   Frame 2 saved (frame_001.jpg, t=1.8s)
[06:35]   [capture-node] freeze=8ms shot=107ms unfreeze=5ms saved=True
[06:36]   [ComfyUI] [worker:ComfyUI-GeometryPack] INFO: Success: 2202 vertices, 4380 faces
[06:36]   [ComfyUI] [SubprocessWorker] got response: ok
[06:36]   [ComfyUI] [comfy-env] GeomPackBoolean_BlenderExact done (0.57s): result: NodeOutput
[06:36]   [ComfyUI] [comfy-env] Running GeomPackPreviewMeshMulti: mode: 'fields', mesh_1: Trimesh, mesh_2: Trimesh
[06:36]   [ComfyUI] [SubprocessWorker] call_method: nodes.visualization.preview_mesh_multi.PreviewMeshMultiNode.EXECUTE_NORMALIZED
[06:36]   [ComfyUI] [SubprocessWorker] acquired lock, ensuring started...
[06:36]   [ComfyUI] [ComfyUI-GeometryPack] Health check: ping (timeout=5.0s)...
[06:36]   [ComfyUI] [ComfyUI-GeometryPack] Health check: ok
[06:36]   [ComfyUI] [SubprocessWorker] worker started/confirmed
[06:36]   [ComfyUI] [SubprocessWorker] serializing kwargs to shm...
[06:36]   [ComfyUI] [SubprocessWorker] created 2 shm blocks
[06:36]   [ComfyUI] [SubprocessWorker] sending request via socket...
[06:36]   [ComfyUI] [SubprocessWorker] call_id=30 sending call_method
[06:36]   [ComfyUI] [worker:ComfyUI-GeometryPack] INFO: Mode: fields, Meshes: 2
[06:36]   [ComfyUI] [worker:ComfyUI-GeometryPack] INFO: Mesh 1: Mesh - 2202 vertices, 4380 faces
[06:36]   Node executed (2 total), capturing...
[06:36]   [ComfyUI] [worker:ComfyUI-GeometryPack] INFO: Exporting mesh to VTP: D:\a\comfy-gpu-ci\comfy-gpu-ci\test_workspaces\GeometryPack-0031\ComfyUI\output\preview_multi_1_63b00bc4.vtp
[06:36]   [ComfyUI] [worker:ComfyUI-GeometryPack] INFO: Adding normals field (2202 vertices)
[06:36]   [ComfyUI] [worker:ComfyUI-GeometryPack] INFO: Export complete: 2202 vertices, 4380 faces
[06:36]   [ComfyUI] [worker:ComfyUI-GeometryPack] INFO: Exported VTP: D:\a\comfy-gpu-ci\comfy-gpu-ci\test_workspaces\GeometryPack-0031\ComfyUI\output\preview_multi_1_63b00bc4.vtp
[06:36]   [ComfyUI] [worker:ComfyUI-GeometryPack] INFO: Mesh 2: Mesh - 2202 vertices, 4380 faces
[06:36]   [ComfyUI] [worker:ComfyUI-GeometryPack] INFO: Exporting mesh to VTP: D:\a\comfy-gpu-ci\comfy-gpu-ci\test_workspaces\GeometryPack-0031\ComfyUI\output\preview_multi_2_63b00bc4.vtp
[06:36]   [ComfyUI] [worker:ComfyUI-GeometryPack] INFO: Adding normals field (2202 vertices)
[06:36]   [ComfyUI] [worker:ComfyUI-GeometryPack] INFO: Export complete: 2202 vertices, 4380 faces
[06:36]   [ComfyUI] [worker:ComfyUI-GeometryPack] INFO: Exported VTP: D:\a\comfy-gpu-ci\comfy-gpu-ci\test_workspaces\GeometryPack-0031\ComfyUI\output\preview_multi_2_63b00bc4.vtp
[06:36]   [ComfyUI] [worker:ComfyUI-GeometryPack] INFO: Grid: 2x1, Preview ready
[06:36]   [ComfyUI] [SubprocessWorker] got response: ok
[06:36]   [ComfyUI] [comfy-env] GeomPackPreviewMeshMulti done (0.23s): result: NodeOutput
[06:36]   [ComfyUI] Prompt executed in 2.27 seconds
[06:36]   Frame 3 saved (frame_002.jpg, t=2.5s)
[06:36]   [capture-node] freeze=38ms shot=469ms unfreeze=4ms saved=True
[06:37]   Node executed (3 total), capturing...
[06:37]   [capture-node] freeze=4ms shot=137ms unfreeze=0ms saved=False
[06:37]   Execution complete (t=3.3s)
[06:37]   Captured 3 unique frames over 3.4s
[06:37]   [debug] iframes: 1
[06:37]   [debug]   iframe[0]: src=http://127.0.0.1:41890/extensions/ComfyUI-GeometryPack/viewer_multi.html?v=17784, canvas=368x393, rafFrozen=True
[06:37]   [timing] trigger_3d_previews: 0.0s
[06:39]   Saved high-quality screenshot: boolean_ops_all_executed.png
[06:39]   [timing] final_screenshot: 0.3s
[06:39] Capturing execution frames: decimate.json
[06:45]   Frame 1 saved (frame_000.jpg, t=0.0s)
[06:45]   Validating workflow...
[06:45]   [ComfyUI] === /validate endpoint called ===
[06:45]   [ComfyUI] Received JSON with keys: ['prompt']
[06:45]   [ComfyUI] Prompt has 3 nodes
[06:45]   [ComfyUI]   Node 2: GeomPackLoadMesh
[06:45]   [ComfyUI]     Inputs: {"file_path": "3d/spot_the_cow.obj"}
[06:45]   Queuing workflow for execution...
[06:45]   [ComfyUI]   Node 3: GeomPackPreviewMeshDual
[06:45]   [ComfyUI]     Inputs: {"layout": "side_by_side", "mode": "fields", "opacity_1": 1, "opacity_2": 1, "preview_dual": "{\"show_edges\":true,\"camera_state\":\"{\\\"position\\\":[-3.3575253938003646,2.5035395853711653,0.519424
[06:45]   [ComfyUI]   Node 4: GeomPackDecimateMesh
[06:45]   [ComfyUI]     Inputs: {"backend": "quadric_edge_collapse", "backend.target_face_count": 1004, "backend.quality_threshold": 0.3, "backend.preserve_boundary": "true", "backend.preserve_normal": "true", "backend.preserve_topo
[06:45]   [ComfyUI] Generated prompt_id: 88c6dc59-c2e9-42ea-961b-727bc6c51ff4
[06:45]   [ComfyUI] Calling execution.validate_prompt()...
[06:45]   [ComfyUI] Validation result: valid=True
[06:45]   [ComfyUI] === Validation PASSED ===
[06:45]   [ComfyUI] got prompt
[06:45]   [ComfyUI] [comfy-env] Running GeomPackLoadMesh: file_path: '3d/spot_the_cow.obj'
[06:45]   [ComfyUI] [SubprocessWorker] call_method: nodes.io.load_mesh.LoadMesh.EXECUTE_NORMALIZED
[06:45]   [ComfyUI] [SubprocessWorker] acquired lock, ensuring started...
[06:45]   [ComfyUI] [ComfyUI-GeometryPack] Health check: ping (timeout=5.0s)...
[06:45]   [ComfyUI] [ComfyUI-GeometryPack] Health check: ok
[06:45]   [ComfyUI] [SubprocessWorker] worker started/confirmed
[06:45]   [ComfyUI] [SubprocessWorker] serializing kwargs to shm...
[06:45]   [ComfyUI] [SubprocessWorker] created 0 shm blocks
[06:45]   [ComfyUI] [SubprocessWorker] sending request via socket...
[06:45]   [ComfyUI] [SubprocessWorker] call_id=31 sending call_method
[06:45]   [ComfyUI] [worker:ComfyUI-GeometryPack]
[06:45]   [ComfyUI] === WATCHDOG TICK 1 ===
[06:46]   [ComfyUI] [worker:ComfyUI-GeometryPack] Current thread 0x00000bac (most recent call first):
[06:46]   [ComfyUI]   File "C:\Users\RUNNER~1\AppData\Local\Temp\comfyui_pvenv_2ige8rze\persistent_worker.py", line 52 in _watchdog
[06:46]   [ComfyUI]   File "C:\ce\.pixi\envs\geometrypack-nodes\Lib\threading.py", line 1012 in run
[06:46]   [ComfyUI]   File "C:\ce\.pixi\envs\geometrypack-nodes\Lib\threading.py", line 1075 in _bootstrap_inner
[06:46]   [ComfyUI]   File "C:\ce\.pixi\envs\geometrypack-nodes\Lib\threading.py", line 1032 in _bootstrap
[06:46]   [ComfyUI] 
[06:46]   [ComfyUI] Thread 0x000026b4 (most recent call first):
[06:46]   [ComfyUI]   File "C:\Users\RUNNER~1\AppData\Local\Temp\comfyui_pvenv_2ige8rze\persistent_worker.py", line 1094 in _recvall
[06:46]   [ComfyUI]   File "C:\Users\RUNNER~1\AppData\Local\Temp\comfyui_pvenv_2ige8rze\persistent_worker.py", line 1081 in recv
[06:46]   [ComfyUI]   File "C:\Users\RUNNER~1\AppData\Local\Temp\comfyui_pvenv_2ige8rze\persistent_worker.py", line 1651 in main
[06:46]   [ComfyUI]   File "C:\Users\RUNNER~1\AppData\Local\Temp\comfyui_pvenv_2ige8rze\persistent_worker.py", line 1807 in <module>
[06:46]   [ComfyUI] 
[06:46]   [ComfyUI] [worker:ComfyUI-GeometryPack] === END ===
[06:46]   [ComfyUI] 
[06:47]   [ComfyUI] [worker:ComfyUI-GeometryPack] INFO: Found mesh in input folder: 3d/spot_the_cow.obj
[06:47]   [ComfyUI] [worker:ComfyUI-GeometryPack] INFO: Loading: D:\a\comfy-gpu-ci\comfy-gpu-ci\test_workspaces\GeometryPack-0031\ComfyUI\input\3d/spot_the_cow.obj
[06:47]   [ComfyUI] [worker:ComfyUI-GeometryPack] INFO: Initial mesh: 3225 vertices, 5856 faces
[06:47]   [ComfyUI] [worker:ComfyUI-GeometryPack] INFO: Successfully loaded: 3225 vertices, 5856 faces
[06:47]   [ComfyUI] [worker:ComfyUI-GeometryPack] INFO: Loaded: 3225 vertices, 5856 faces
[06:47]   [ComfyUI] [SubprocessWorker] got response: ok
[06:47]   [ComfyUI] [comfy-env] GeomPackLoadMesh done (1.79s): result: NodeOutput
[06:47]   [ComfyUI] [comfy-env] Running GeomPackDecimateMesh: backend: dict, trimesh: Trimesh
[06:47]   [ComfyUI] [SubprocessWorker] call_method: nodes.decimation.decimate.DecimateMeshNode.EXECUTE_NORMALIZED
[06:47]   [ComfyUI] [SubprocessWorker] acquired lock, ensuring started...
[06:47]   [ComfyUI] [ComfyUI-GeometryPack] Health check: ping (timeout=5.0s)...
[06:47]   [ComfyUI] [ComfyUI-GeometryPack] Health check: ok
[06:47]   [ComfyUI] [SubprocessWorker] worker started/confirmed
[06:47]   [ComfyUI] [SubprocessWorker] serializing kwargs to shm...
[06:47]   [ComfyUI] [SubprocessWorker] created 1 shm blocks
[06:47]   [ComfyUI] [SubprocessWorker] sending request via socket...
[06:47]   [ComfyUI] [SubprocessWorker] call_id=32 sending call_method
[06:47]   Frame 2 saved (frame_001.jpg, t=2.2s)
[06:47]   [capture-periodic] freeze=5ms shot=97ms unfreeze=5ms saved=True
[06:48]   [ComfyUI] [worker:ComfyUI-GeometryPack] INFO: Decimate dispatch: quadric_edge_collapse -> GeomPackDecimate_QuadricEdgeCollapse
[06:49]   [ComfyUI] [SubprocessWorker] got response: ok
[06:49]   [ComfyUI] [comfy-env] GeomPackDecimateMesh done (1.64s): result: NodeOutput
[06:49]   [ComfyUI] [comfy-env] Running GeomPackDecimate_QuadricEdgeCollapse: trimesh: Trimesh, target_face_count: 1004, quality_threshold: 0.3, preserve_boundary: 'true', preserve_normal: 'true', preserve_topology: 'true', planar_quadric: 'false'
[06:49]   [ComfyUI] [SubprocessWorker] call_method: nodes.decimation.backends.quadric_edge_collapse.DecimateQuadricEdgeCollapseNode.EXECUTE_NORMALIZED
[06:49]   [ComfyUI] [SubprocessWorker] acquired lock, ensuring started...
[06:49]   [ComfyUI] [ComfyUI-GeometryPack] Health check: ping (timeout=5.0s)...
[06:49]   [ComfyUI] [ComfyUI-GeometryPack] Health check: ok
[06:49]   [ComfyUI] [SubprocessWorker] worker started/confirmed
[06:49]   [ComfyUI] [SubprocessWorker] serializing kwargs to shm...
[06:49]   [ComfyUI] [SubprocessWorker] created 1 shm blocks
[06:49]   [ComfyUI] [SubprocessWorker] sending request via socket...
[06:49]   [ComfyUI] [SubprocessWorker] call_id=33 sending call_method
[06:50]   Frame 3 saved (frame_002.jpg, t=4.4s)
[06:50]   [capture-periodic] freeze=3ms shot=88ms unfreeze=5ms saved=True
[06:50]   [ComfyUI] [worker:ComfyUI-GeometryPack] INFO: Backend: quadric_edge_collapse
[06:50]   [ComfyUI] [worker:ComfyUI-GeometryPack] INFO: Input: 3,225 vertices, 5,856 faces
[06:50]   [ComfyUI] [SubprocessWorker] got response: ok
[06:50]   [ComfyUI] [comfy-env] GeomPackDecimate_QuadricEdgeCollapse done (1.65s): result: NodeOutput
[06:50]   [ComfyUI] [comfy-env] Running GeomPackPreviewMeshDual: layout: 'side_by_side', mode: 'fields', opacity_1: 1.0, opacity_2: 1.0, mesh_1: Trimesh, mesh_2: Trimesh
[06:50]   [ComfyUI] [SubprocessWorker] call_method: nodes.visualization.preview_mesh_dual.PreviewMeshDualNode.EXECUTE_NORMALIZED
[06:50]   [ComfyUI] [SubprocessWorker] acquired lock, ensuring started...
[06:50]   [ComfyUI] [ComfyUI-GeometryPack] Health check: ping (timeout=5.0s)...
[06:50]   [ComfyUI] [ComfyUI-GeometryPack] Health check: ok
[06:50]   [ComfyUI] [SubprocessWorker] worker started/confirmed
[06:50]   [ComfyUI] [SubprocessWorker] serializing kwargs to shm...
[06:50]   [ComfyUI] [SubprocessWorker] created 2 shm blocks
[06:50]   [ComfyUI] [SubprocessWorker] sending request via socket...
[06:50]   [ComfyUI] [SubprocessWorker] call_id=34 sending call_method
[06:50]   Node executed (1 total), capturing...
[06:51]   Frame 4 saved (frame_003.jpg, t=5.4s)
[06:51]   [capture-node] freeze=5ms shot=95ms unfreeze=6ms saved=True
[06:51]   [ComfyUI] [worker:ComfyUI-GeometryPack] INFO: Layout: side_by_side, Mode: fields
[06:51]   [ComfyUI] [worker:ComfyUI-GeometryPack] INFO: Mesh 1: Mesh - 3225 vertices, 5856 faces
[06:51]   [capture-loop] iter=50 t=6.1s state={'complete': False, 'error': None, 'executedCount': 1, 'wsState': 1} eval_ms=4 ram=5.2/16.0GB (32%) swap=0.2/2.9GB (6%) cpu=32% browser_rss=0.78GB
[06:51]   [ComfyUI] [worker:ComfyUI-GeometryPack] INFO: Mesh 2: Mesh - 504 vertices, 1004 faces
[06:51]   [ComfyUI] [worker:ComfyUI-GeometryPack] INFO: Mesh 1 fields: []
[06:51]   [ComfyUI] [worker:ComfyUI-GeometryPack] INFO: Mesh 2 fields: []
[06:52]   [ComfyUI] [worker:ComfyUI-GeometryPack] INFO: Common fields: []
[06:52]   [ComfyUI] [worker:ComfyUI-GeometryPack] INFO: Mesh 1 visual: kind=texture, texture=True, vertex_colors=False
[06:52]   [ComfyUI] [worker:ComfyUI-GeometryPack] INFO: Mesh 2 visual: kind=None, texture=False, vertex_colors=False
[06:52]   [ComfyUI] [worker:ComfyUI-GeometryPack] INFO: Exported STL: D:\a\comfy-gpu-ci\comfy-gpu-ci\test_workspaces\GeometryPack-0031\ComfyUI\output\preview_dual_1_33242bca.stl
[06:52]   [ComfyUI] [worker:ComfyUI-GeometryPack] INFO: Exported STL: D:\a\comfy-gpu-ci\comfy-gpu-ci\test_workspaces\GeometryPack-0031\ComfyUI\output\preview_dual_2_33242bca.stl
[06:52]   [ComfyUI] [worker:ComfyUI-GeometryPack] INFO: Preview ready
[06:52]   [ComfyUI] [SubprocessWorker] got response: ok
[06:52]   [ComfyUI] [comfy-env] GeomPackPreviewMeshDual done (1.81s): result: NodeOutput
[06:52]   [ComfyUI] Prompt executed in 6.91 seconds
[06:52]   Node executed (2 total), capturing...
[06:53]   Frame 5 saved (frame_004.jpg, t=7.3s)
[06:53]   [capture-node] freeze=6ms shot=115ms unfreeze=0ms saved=True
[06:53]   Execution complete (t=7.3s)
[06:53]   Captured 5 unique frames over 7.43s
[06:53]   [debug] iframes: 1
[06:53]   [debug]   iframe[0]: src=http://127.0.0.1:41890/extensions/ComfyUI-GeometryPack/viewer_dual.html?v=177845, canvas=0x0, rafFrozen=False
[06:53]   [timing] trigger_3d_previews: 0.0s
[06:55]   Saved high-quality screenshot: decimate_executed.png
[06:55]   [timing] final_screenshot: 0.3s
[06:55] Capturing execution frames: decimate_all.json
[07:02]   Frame 1 saved (frame_000.jpg, t=0.0s)
[07:02]   Validating workflow...
[07:02]   [ComfyUI] === /validate endpoint called ===
[07:02]   [ComfyUI] Received JSON with keys: ['prompt']
[07:02]   [ComfyUI] Prompt has 7 nodes
[07:02]   [ComfyUI]   Node 1: GeomPackLoadMesh
[07:02]   [ComfyUI]     Inputs: {"file_path": "3d/Stanford_Bunny.stl"}
[07:02]   [ComfyUI]   Node 2: GeomPackDecimateMesh
[07:02]   [ComfyUI]     Inputs: {"backend": "quadric_edge_collapse", "backend.target_face_count": 5000, "backend.quality_threshold": 0.3, "backend.preserve_boundary": "true", "backend.preserve_normal": "true", "backend.preserve_topo
[07:02]   [ComfyUI]   Node 3: GeomPackDecimateMesh
[07:02]   Queuing workflow for execution...
[07:02]   [ComfyUI]     Inputs: {"backend": "fast_simplification", "backend.target_reduction": 0.8, "backend.aggressiveness": 7, "trimesh": ["1", 0]}
[07:02]   [ComfyUI]   Node 4: GeomPackDecimateMesh
[07:02]   [ComfyUI]     Inputs: {"backend": "vertex_clustering", "backend.cluster_threshold": 3, "trimesh": ["1", 0]}
[07:02]   [ComfyUI]   Node 6: GeomPackDecimateMesh
[07:02]   [ComfyUI]     Inputs: {"backend": "decimate_pro", "backend.target_reduction": 0.8, "backend.feature_angle": 15, "backend.preserve_topology": "true", "trimesh": ["1", 0]}
[07:02]   [ComfyUI]   Node 7: GeomPackPreviewMeshMulti
[07:02]   [ComfyUI]     Inputs: {"mode": "fields", "preview_multi": "{\"show_edges\":true,\"camera_state\":\"{\\\"position\\\":[156.15573456772853,45.50443036606394,116.04835655422535],\\\"focalPoint\\\":[30.319300651550293,1.894807
[07:02]   [ComfyUI]   Node 8: GeomPackPreviewMeshMulti
[07:02]   [ComfyUI]     Inputs: {"mode": "fields", "preview_multi": "{\"show_edges\":true,\"camera_state\":\"{\\\"position\\\":[156.15573456772853,45.50443036606394,116.04835655422535],\\\"focalPoint\\\":[30.319300651550293,1.894807
[07:02]   [ComfyUI] Generated prompt_id: 44dd9996-0bce-40a8-a634-a64a4e8a8be8
[07:02]   [ComfyUI] Calling execution.validate_prompt()...
[07:02]   [ComfyUI] Validation result: valid=True
[07:02]   [ComfyUI] === Validation PASSED ===
[07:02]   [ComfyUI] got prompt
[07:02]   [ComfyUI] [comfy-env] Running GeomPackLoadMesh: file_path: '3d/Stanford_Bunny.stl'
[07:02]   [ComfyUI] [SubprocessWorker] call_method: nodes.io.load_mesh.LoadMesh.EXECUTE_NORMALIZED
[07:02]   [ComfyUI] [SubprocessWorker] acquired lock, ensuring started...
[07:02]   [ComfyUI] [ComfyUI-GeometryPack] Health check: ping (timeout=5.0s)...
[07:02]   [ComfyUI] [ComfyUI-GeometryPack] Health check: ok
[07:02]   [ComfyUI] [SubprocessWorker] worker started/confirmed
[07:02]   [ComfyUI] [SubprocessWorker] serializing kwargs to shm...
[07:02]   [ComfyUI] [SubprocessWorker] created 0 shm blocks
[07:02]   [ComfyUI] [SubprocessWorker] sending request via socket...
[07:02]   [ComfyUI] [SubprocessWorker] call_id=35 sending call_method
[07:02]   [ComfyUI] [worker:ComfyUI-GeometryPack] INFO: Found mesh in input folder: 3d/Stanford_Bunny.stl
[07:02]   [ComfyUI] [worker:ComfyUI-GeometryPack] INFO: Loading: D:\a\comfy-gpu-ci\comfy-gpu-ci\test_workspaces\GeometryPack-0031\ComfyUI\input\3d/Stanford_Bunny.stl
[07:02]   [ComfyUI] [worker:ComfyUI-GeometryPack] INFO: Initial mesh: 56203 vertices, 112402 faces
[07:03]   [ComfyUI] [worker:ComfyUI-GeometryPack] INFO: Successfully loaded: 56203 vertices, 112402 faces
[07:03]   [ComfyUI] [worker:ComfyUI-GeometryPack] INFO: Loaded: 56203 vertices, 112402 faces
[07:03]   [ComfyUI] [SubprocessWorker] got response: ok
[07:03]   [ComfyUI] [comfy-env] GeomPackLoadMesh done (0.60s): result: NodeOutput
[07:03]   [ComfyUI] [comfy-env] Running GeomPackDecimateMesh: backend: dict, trimesh: Trimesh
[07:03]   [ComfyUI] [SubprocessWorker] call_method: nodes.decimation.decimate.DecimateMeshNode.EXECUTE_NORMALIZED
[07:03]   [ComfyUI] [SubprocessWorker] acquired lock, ensuring started...
[07:03]   [ComfyUI] [ComfyUI-GeometryPack] Health check: ping (timeout=5.0s)...
[07:03]   [ComfyUI] [ComfyUI-GeometryPack] Health check: ok
[07:03]   [ComfyUI] [SubprocessWorker] worker started/confirmed
[07:03]   [ComfyUI] [SubprocessWorker] serializing kwargs to shm...
[07:03]   [ComfyUI] [SubprocessWorker] created 1 shm blocks
[07:03]   [ComfyUI] [SubprocessWorker] sending request via socket...
[07:03]   [ComfyUI] [SubprocessWorker] call_id=36 sending call_method
[07:03]   [ComfyUI] [worker:ComfyUI-GeometryPack] INFO: Decimate dispatch: fast_simplification -> GeomPackDecimate_FastSimplification
[07:03]   [ComfyUI] [SubprocessWorker] got response: ok
[07:03]   [ComfyUI] [comfy-env] GeomPackDecimateMesh done (0.15s): result: NodeOutput
[07:03]   [ComfyUI] [comfy-env] Running GeomPackDecimateMesh: backend: dict, trimesh: Trimesh
[07:03]   [ComfyUI] [SubprocessWorker] call_method: nodes.decimation.decimate.DecimateMeshNode.EXECUTE_NORMALIZED
[07:03]   [ComfyUI] [SubprocessWorker] acquired lock, ensuring started...
[07:03]   [ComfyUI] [ComfyUI-GeometryPack] Health check: ping (timeout=5.0s)...
[07:03]   [ComfyUI] [ComfyUI-GeometryPack] Health check: ok
[07:03]   [ComfyUI] [SubprocessWorker] worker started/confirmed
[07:03]   [ComfyUI] [SubprocessWorker] serializing kwargs to shm...
[07:03]   [ComfyUI] [SubprocessWorker] created 1 shm blocks
[07:03]   [ComfyUI] [SubprocessWorker] sending request via socket...
[07:03]   [ComfyUI] [SubprocessWorker] call_id=37 sending call_method
[07:03]   [ComfyUI] [worker:ComfyUI-GeometryPack] INFO: Decimate dispatch: decimate_pro -> GeomPackDecimate_DecimatePro
[07:03]   [ComfyUI] [SubprocessWorker] got response: ok
[07:03]   [ComfyUI] [comfy-env] GeomPackDecimateMesh done (0.15s): result: NodeOutput
[07:03]   [ComfyUI] [comfy-env] Running GeomPackDecimateMesh: backend: dict, trimesh: Trimesh
[07:03]   [ComfyUI] [SubprocessWorker] call_method: nodes.decimation.decimate.DecimateMeshNode.EXECUTE_NORMALIZED
[07:03]   [ComfyUI] [SubprocessWorker] acquired lock, ensuring started...
[07:03]   [ComfyUI] [ComfyUI-GeometryPack] Health check: ping (timeout=5.0s)...
[07:03]   [ComfyUI] [ComfyUI-GeometryPack] Health check: ok
[07:03]   [ComfyUI] [SubprocessWorker] worker started/confirmed
[07:03]   [ComfyUI] [SubprocessWorker] serializing kwargs to shm...
[07:03]   [ComfyUI] [SubprocessWorker] created 1 shm blocks
[07:03]   [ComfyUI] [SubprocessWorker] sending request via socket...
[07:03]   [ComfyUI] [SubprocessWorker] call_id=38 sending call_method
[07:03]   [ComfyUI] [worker:ComfyUI-GeometryPack] INFO: Decimate dispatch: vertex_clustering -> GeomPackDecimate_VertexClustering
[07:03]   [ComfyUI] [SubprocessWorker] got response: ok
[07:03]   [ComfyUI] [comfy-env] GeomPackDecimateMesh done (0.17s): result: NodeOutput
[07:03]   [ComfyUI] [comfy-env] Running GeomPackDecimateMesh: backend: dict, trimesh: Trimesh
[07:03]   [ComfyUI] [SubprocessWorker] call_method: nodes.decimation.decimate.DecimateMeshNode.EXECUTE_NORMALIZED
[07:03]   [ComfyUI] [SubprocessWorker] acquired lock, ensuring started...
[07:03]   [ComfyUI] [ComfyUI-GeometryPack] Health check: ping (timeout=5.0s)...
[07:03]   [ComfyUI] [ComfyUI-GeometryPack] Health check: ok
[07:03]   [ComfyUI] [SubprocessWorker] worker started/confirmed
[07:03]   [ComfyUI] [SubprocessWorker] serializing kwargs to shm...
[07:03]   [ComfyUI] [SubprocessWorker] created 1 shm blocks
[07:03]   [ComfyUI] [SubprocessWorker] sending request via socket...
[07:03]   [ComfyUI] [SubprocessWorker] call_id=39 sending call_method
[07:03]   [ComfyUI] [worker:ComfyUI-GeometryPack] INFO: Decimate dispatch: quadric_edge_collapse -> GeomPackDecimate_QuadricEdgeCollapse
[07:04]   [ComfyUI] [SubprocessWorker] got response: ok
[07:04]   [ComfyUI] [comfy-env] GeomPackDecimateMesh done (0.37s): result: NodeOutput
[07:04]   [ComfyUI] [comfy-env] Running GeomPackDecimate_FastSimplification: trimesh: Trimesh, target_reduction: 0.8, aggressiveness: 7
[07:04]   [ComfyUI] [SubprocessWorker] call_method: nodes.decimation.backends.fast_simplification.DecimateFastSimplificationNode.EXECUTE_NORMALIZED
[07:04]   [ComfyUI] [SubprocessWorker] acquired lock, ensuring started...
[07:04]   [ComfyUI] [ComfyUI-GeometryPack] Health check: ping (timeout=5.0s)...
[07:04]   [ComfyUI] [ComfyUI-GeometryPack] Health check: ok
[07:04]   [ComfyUI] [SubprocessWorker] worker started/confirmed
[07:04]   [ComfyUI] [SubprocessWorker] serializing kwargs to shm...
[07:04]   [ComfyUI] [SubprocessWorker] created 1 shm blocks
[07:04]   [ComfyUI] [SubprocessWorker] sending request via socket...
[07:04]   [ComfyUI] [SubprocessWorker] call_id=40 sending call_method
[07:04]   [ComfyUI] [worker:ComfyUI-GeometryPack] INFO: Backend: fast_simplification
[07:04]   [ComfyUI] [worker:ComfyUI-GeometryPack] INFO: Input: 56,203 vertices, 112,402 faces
[07:04]   [ComfyUI] [SubprocessWorker] got response: ok
[07:04]   [ComfyUI] [comfy-env] GeomPackDecimate_FastSimplification done (0.35s): result: NodeOutput
[07:04]   [ComfyUI] [comfy-env] Running GeomPackDecimate_DecimatePro: trimesh: Trimesh, target_reduction: 0.8, feature_angle: 15.0, preserve_topology: 'true'
[07:04]   [ComfyUI] [SubprocessWorker] call_method: nodes.decimation.backends.decimate_pro.DecimateProNode.EXECUTE_NORMALIZED
[07:04]   [ComfyUI] [SubprocessWorker] acquired lock, ensuring started...
[07:04]   [ComfyUI] [ComfyUI-GeometryPack] Health check: ping (timeout=5.0s)...
[07:04]   [ComfyUI] [ComfyUI-GeometryPack] Health check: ok
[07:04]   [ComfyUI] [SubprocessWorker] worker started/confirmed
[07:04]   [ComfyUI] [SubprocessWorker] serializing kwargs to shm...
[07:04]   [ComfyUI] [SubprocessWorker] created 1 shm blocks
[07:04]   [ComfyUI] [SubprocessWorker] sending request via socket...
[07:04]   [ComfyUI] [SubprocessWorker] call_id=41 sending call_method
[07:04]   Node executed (1 total), capturing...
[07:04]   [ComfyUI] [worker:ComfyUI-GeometryPack] INFO: Backend: decimate_pro
[07:04]   [ComfyUI] [worker:ComfyUI-GeometryPack] INFO: Input: 56,203 vertices, 112,402 faces
[07:04]   Frame 2 saved (frame_001.jpg, t=2.2s)
[07:04]   [capture-node] freeze=5ms shot=108ms unfreeze=5ms saved=True
[07:06]   [ComfyUI] [SubprocessWorker] got response: ok
[07:06]   [ComfyUI] [comfy-env] GeomPackDecimate_DecimatePro done (2.00s): result: NodeOutput
[07:06]   [ComfyUI] [comfy-env] Running GeomPackDecimate_VertexClustering: trimesh: Trimesh, cluster_threshold: 3.0
[07:06]   [ComfyUI] [SubprocessWorker] call_method: nodes.decimation.backends.vertex_clustering.DecimateVertexClusteringNode.EXECUTE_NORMALIZED
[07:06]   [ComfyUI] [SubprocessWorker] acquired lock, ensuring started...
[07:06]   [ComfyUI] [ComfyUI-GeometryPack] Health check: ping (timeout=5.0s)...
[07:06]   [ComfyUI] [ComfyUI-GeometryPack] Health check: ok
[07:06]   [ComfyUI] [SubprocessWorker] worker started/confirmed
[07:06]   [ComfyUI] [SubprocessWorker] serializing kwargs to shm...
[07:06]   [ComfyUI] [SubprocessWorker] created 1 shm blocks
[07:06]   [ComfyUI] [SubprocessWorker] sending request via socket...
[07:06]   [ComfyUI] [SubprocessWorker] call_id=42 sending call_method
[07:06]   Node executed (2 total), capturing...
[07:06]   [ComfyUI] [worker:ComfyUI-GeometryPack] INFO: Backend: vertex_clustering
[07:06]   [ComfyUI] [worker:ComfyUI-GeometryPack] INFO: Input: 56,203 vertices, 112,402 faces
[07:06]   [ComfyUI] [SubprocessWorker] got response: ok
[07:06]   [ComfyUI] [comfy-env] GeomPackDecimate_VertexClustering done (0.26s): result: NodeOutput
[07:06]   [ComfyUI] [comfy-env] Running GeomPackPreviewMeshMulti: mode: 'fields', mesh_1: Trimesh, mesh_2: Trimesh, mesh_3: Trimesh
[07:06]   [ComfyUI] [SubprocessWorker] call_method: nodes.visualization.preview_mesh_multi.PreviewMeshMultiNode.EXECUTE_NORMALIZED
[07:06]   [ComfyUI] [SubprocessWorker] acquired lock, ensuring started...
[07:06]   [ComfyUI] [ComfyUI-GeometryPack] Health check: ping (timeout=5.0s)...
[07:06]   [ComfyUI] [ComfyUI-GeometryPack] Health check: ok
[07:06]   [ComfyUI] [SubprocessWorker] worker started/confirmed
[07:06]   [ComfyUI] [SubprocessWorker] serializing kwargs to shm...
[07:06]   [ComfyUI] [SubprocessWorker] created 3 shm blocks
[07:06]   [ComfyUI] [SubprocessWorker] sending request via socket...
[07:06]   [ComfyUI] [SubprocessWorker] call_id=43 sending call_method
[07:06]   Frame 3 saved (frame_002.jpg, t=4.2s)
[07:06]   [capture-node] freeze=4ms shot=111ms unfreeze=5ms saved=True
[07:06]   [ComfyUI] [worker:ComfyUI-GeometryPack] INFO: Mode: fields, Meshes: 3
[07:06]   [ComfyUI] [worker:ComfyUI-GeometryPack] INFO: Mesh 1: Mesh - 56203 vertices, 112402 faces
[07:06]   [ComfyUI] [worker:ComfyUI-GeometryPack] INFO: Exporting mesh to VTP: D:\a\comfy-gpu-ci\comfy-gpu-ci\test_workspaces\GeometryPack-0031\ComfyUI\output\preview_multi_1_46790feb.vtp
[07:06]   Node executed (3 total), capturing...
[07:07]   [ComfyUI] [worker:ComfyUI-GeometryPack] INFO: Adding normals field (56203 vertices)
[07:07]   Frame 4 saved (frame_003.jpg, t=4.6s)
[07:07]   [capture-node] freeze=5ms shot=107ms unfreeze=6ms saved=True
[07:07]   [ComfyUI] [worker:ComfyUI-GeometryPack] INFO: Adding face field: stl
[07:07]   [ComfyUI] [worker:ComfyUI-GeometryPack] INFO: Export complete: 56203 vertices, 112402 faces
[07:07]   [ComfyUI] [worker:ComfyUI-GeometryPack] INFO: Exported VTP: D:\a\comfy-gpu-ci\comfy-gpu-ci\test_workspaces\GeometryPack-0031\ComfyUI\output\preview_multi_1_46790feb.vtp
[07:07]   [ComfyUI] [worker:ComfyUI-GeometryPack] INFO: Mesh 2: Mesh - 11242 vertices, 22480 faces
[07:07]   [ComfyUI] [worker:ComfyUI-GeometryPack] INFO: Exporting mesh to VTP: D:\a\comfy-gpu-ci\comfy-gpu-ci\test_workspaces\GeometryPack-0031\ComfyUI\output\preview_multi_2_46790feb.vtp
[07:07]   [ComfyUI] [worker:ComfyUI-GeometryPack] INFO: Adding normals field (11242 vertices)
[07:07]   [ComfyUI] [worker:ComfyUI-GeometryPack] INFO: Export complete: 11242 vertices, 22480 faces
[07:07]   [ComfyUI] [worker:ComfyUI-GeometryPack] INFO: Exported VTP: D:\a\comfy-gpu-ci\comfy-gpu-ci\test_workspaces\GeometryPack-0031\ComfyUI\output\preview_multi_2_46790feb.vtp
[07:07]   [ComfyUI] [worker:ComfyUI-GeometryPack] INFO: Mesh 3: Mesh - 1272 vertices, 2582 faces
[07:07]   [ComfyUI] [worker:ComfyUI-GeometryPack] INFO: Exporting mesh to VTP: D:\a\comfy-gpu-ci\comfy-gpu-ci\test_workspaces\GeometryPack-0031\ComfyUI\output\preview_multi_3_46790feb.vtp
[07:07]   [ComfyUI] [worker:ComfyUI-GeometryPack] INFO: Adding normals field (1272 vertices)
[07:07]   [ComfyUI] [worker:ComfyUI-GeometryPack] INFO: Export complete: 1272 vertices, 2582 faces
[07:07]   [ComfyUI] [worker:ComfyUI-GeometryPack] INFO: Exported VTP: D:\a\comfy-gpu-ci\comfy-gpu-ci\test_workspaces\GeometryPack-0031\ComfyUI\output\preview_multi_3_46790feb.vtp
[07:07]   [ComfyUI] [worker:ComfyUI-GeometryPack] INFO: Grid: 3x1, Preview ready
[07:07]   [ComfyUI] [SubprocessWorker] got response: ok
[07:07]   [ComfyUI] [comfy-env] GeomPackPreviewMeshMulti done (1.36s): result: NodeOutput
[07:07]   [ComfyUI] [comfy-env] Running GeomPackDecimate_QuadricEdgeCollapse: trimesh: Trimesh, target_face_count: 5000, quality_threshold: 0.3, preserve_boundary: 'true', preserve_normal: 'true', preserve_topology: 'true', planar_quadric: 'false'
[07:07]   [ComfyUI] [SubprocessWorker] call_method: nodes.decimation.backends.quadric_edge_collapse.DecimateQuadricEdgeCollapseNode.EXECUTE_NORMALIZED
[07:07]   [ComfyUI] [SubprocessWorker] acquired lock, ensuring started...
[07:07]   [ComfyUI] [ComfyUI-GeometryPack] Health check: ping (timeout=5.0s)...
[07:07]   [ComfyUI] [ComfyUI-GeometryPack] Health check: ok
[07:07]   [ComfyUI] [SubprocessWorker] worker started/confirmed
[07:07]   [ComfyUI] [SubprocessWorker] serializing kwargs to shm...
[07:08]   [ComfyUI] [SubprocessWorker] created 1 shm blocks
[07:08]   [ComfyUI] [SubprocessWorker] sending request via socket...
[07:08]   [ComfyUI] [SubprocessWorker] call_id=44 sending call_method
[07:08]   Node executed (4 total), capturing...
[07:08]   [ComfyUI] [worker:ComfyUI-GeometryPack] INFO: Backend: quadric_edge_collapse
[07:08]   [ComfyUI] [worker:ComfyUI-GeometryPack] INFO: Input: 56,203 vertices, 112,402 faces
[07:10]   Frame 5 saved (frame_004.jpg, t=5.8s)
[07:10]   [capture-node] freeze=1566ms shot=760ms unfreeze=6ms saved=True
[07:11]   [capture-loop] iter=50 t=9.2s state={'complete': False, 'error': None, 'executedCount': 4, 'wsState': 1} eval_ms=6 ram=5.6/16.0GB (35%) swap=0.2/2.9GB (6%) cpu=62% browser_rss=0.96GB
[07:12]   [ComfyUI] [SubprocessWorker] got response: ok
[07:12]   [ComfyUI] [comfy-env] GeomPackDecimate_QuadricEdgeCollapse done (4.44s): result: NodeOutput
[07:12]   [ComfyUI] [comfy-env] Running GeomPackPreviewMeshMulti: mode: 'fields', mesh_1: Trimesh, mesh_2: Trimesh, mesh_3: Trimesh
[07:12]   [ComfyUI] [SubprocessWorker] call_method: nodes.visualization.preview_mesh_multi.PreviewMeshMultiNode.EXECUTE_NORMALIZED
[07:12]   [ComfyUI] [SubprocessWorker] acquired lock, ensuring started...
[07:12]   [ComfyUI] [ComfyUI-GeometryPack] Health check: ping (timeout=5.0s)...
[07:12]   [ComfyUI] [ComfyUI-GeometryPack] Health check: ok
[07:12]   [ComfyUI] [SubprocessWorker] worker started/confirmed
[07:12]   [ComfyUI] [SubprocessWorker] serializing kwargs to shm...
[07:12]   [ComfyUI] [SubprocessWorker] created 3 shm blocks
[07:12]   [ComfyUI] [SubprocessWorker] sending request via socket...
[07:12]   [ComfyUI] [SubprocessWorker] call_id=45 sending call_method
[07:12]   Node executed (5 total), capturing...
[07:12]   [ComfyUI] [worker:ComfyUI-GeometryPack] INFO: Mode: fields, Meshes: 3
[07:12]   [ComfyUI] [worker:ComfyUI-GeometryPack] INFO: Mesh 1: Mesh - 56203 vertices, 112402 faces
[07:12]   [ComfyUI] [worker:ComfyUI-GeometryPack] INFO: Exporting mesh to VTP: D:\a\comfy-gpu-ci\comfy-gpu-ci\test_workspaces\GeometryPack-0031\ComfyUI\output\preview_multi_1_6ee11b3c.vtp
[07:12]   Frame 6 saved (frame_005.jpg, t=10.2s)
[07:12]   [capture-node] freeze=6ms shot=161ms unfreeze=5ms saved=True
[07:13]   [ComfyUI] [worker:ComfyUI-GeometryPack] INFO: Adding normals field (56203 vertices)
[07:13]   [ComfyUI] [worker:ComfyUI-GeometryPack] INFO: Adding face field: stl
[07:13]   [ComfyUI] [worker:ComfyUI-GeometryPack] INFO: Export complete: 56203 vertices, 112402 faces
[07:13]   [ComfyUI] [worker:ComfyUI-GeometryPack] INFO: Exported VTP: D:\a\comfy-gpu-ci\comfy-gpu-ci\test_workspaces\GeometryPack-0031\ComfyUI\output\preview_multi_1_6ee11b3c.vtp
[07:13]   [ComfyUI] [worker:ComfyUI-GeometryPack] INFO: Mesh 2: Mesh - 2502 vertices, 5000 faces
[07:13]   [ComfyUI] [worker:ComfyUI-GeometryPack] INFO: Exporting mesh to VTP: D:\a\comfy-gpu-ci\comfy-gpu-ci\test_workspaces\GeometryPack-0031\ComfyUI\output\preview_multi_2_6ee11b3c.vtp
[07:13]   [ComfyUI] [worker:ComfyUI-GeometryPack] INFO: Adding normals field (2502 vertices)
[07:13]   [ComfyUI] [worker:ComfyUI-GeometryPack] INFO: Export complete: 2502 vertices, 5000 faces
[07:13]   [ComfyUI] [worker:ComfyUI-GeometryPack] INFO: Exported VTP: D:\a\comfy-gpu-ci\comfy-gpu-ci\test_workspaces\GeometryPack-0031\ComfyUI\output\preview_multi_2_6ee11b3c.vtp
[07:13]   [ComfyUI] [worker:ComfyUI-GeometryPack] INFO: Mesh 3: Mesh - 11242 vertices, 22480 faces
[07:13]   [ComfyUI] [worker:ComfyUI-GeometryPack] INFO: Exporting mesh to VTP: D:\a\comfy-gpu-ci\comfy-gpu-ci\test_workspaces\GeometryPack-0031\ComfyUI\output\preview_multi_3_6ee11b3c.vtp
[07:13]   [ComfyUI] [worker:ComfyUI-GeometryPack] INFO: Adding normals field (11242 vertices)
[07:14]   [ComfyUI] [worker:ComfyUI-GeometryPack] INFO: Export complete: 11242 vertices, 22480 faces
[07:14]   [ComfyUI] [worker:ComfyUI-GeometryPack] INFO: Exported VTP: D:\a\comfy-gpu-ci\comfy-gpu-ci\test_workspaces\GeometryPack-0031\ComfyUI\output\preview_multi_3_6ee11b3c.vtp
[07:14]   [ComfyUI] [worker:ComfyUI-GeometryPack] INFO: Grid: 3x1, Preview ready
[07:14]   [ComfyUI] [SubprocessWorker] got response: ok
[07:14]   [ComfyUI] [comfy-env] GeomPackPreviewMeshMulti done (1.83s): result: NodeOutput
[07:14]   [ComfyUI] Prompt executed in 11.70 seconds
[07:14]   Node executed (6 total), capturing...
[07:16]   Frame 7 saved (frame_006.jpg, t=12.1s)
[07:16]   [capture-node] freeze=5ms shot=263ms unfreeze=1462ms saved=True
[07:16]   Execution complete (t=14.6s)
[07:16]   Captured 7 unique frames over 14.58s
[07:16]   [debug] iframes: 2
[07:16]   [debug]   iframe[0]: src=http://127.0.0.1:41890/extensions/ComfyUI-GeometryPack/viewer_multi.html?v=17784, canvas=244x393, rafFrozen=False
[07:16]   [debug]   iframe[1]: src=http://127.0.0.1:41890/extensions/ComfyUI-GeometryPack/viewer_multi.html?v=17784, canvas=244x393, rafFrozen=False
[07:16]   [timing] trigger_3d_previews: 0.0s
[07:19]   Saved high-quality screenshot: decimate_all_executed.png
[07:19]   [timing] final_screenshot: 0.3s
[07:19] Capturing execution frames: depth_map_to_mesh.json
[07:26]   Frame 1 saved (frame_000.jpg, t=0.0s)
[07:26]   Validating workflow...
[07:26]   [ComfyUI] === /validate endpoint called ===
[07:26]   [ComfyUI] Received JSON with keys: ['prompt']
[07:26]   [ComfyUI] Prompt has 4 nodes
[07:26]   [ComfyUI]   Node 1: LoadImage
[07:26]   [ComfyUI]     Inputs: {"image": "example.png"}
[07:26]   [ComfyUI]   Node 4: GeomPackPreviewMeshVTK
[07:26]   [ComfyUI]     Inputs: {"mode": "fields", "preview_vtk": "{\"show_edges\":false,\"camera_state\":\"{\\\"position\\\":[-0.24987848276768215,0.32154187563545744,0.9133299327529744],\\\"focalPoint\\\":[0,0,0],\\\"viewUp\\\":[0
[07:26]   [ComfyUI]   Node 6: ImageToMask
[07:26]   Queuing workflow for execution...
[07:26]   [ComfyUI]     Inputs: {"channel": "red", "image": ["1", 0]}
[07:26]   [ComfyUI]   Node 7: GeomPackTextureToGeometry
[07:26]   [ComfyUI]     Inputs: {"height_scale": 1, "backend": "grid", "backend.smooth_normals": "true", "field_name": "field", "invert_height": "false", "skip_black": "false", "black_threshold": 0.01, "report_panel": "false", "mask
[07:26]   [ComfyUI] Generated prompt_id: 000c7ebe-fd6b-4fab-8f06-444c025ec3ba
[07:26]   [ComfyUI] Calling execution.validate_prompt()...
[07:26]   [ComfyUI] Validation result: valid=True
[07:26]   [ComfyUI] === Validation PASSED ===
[07:26]   [ComfyUI] got prompt
[07:26]   [ComfyUI] [comfy-env] Running GeomPackTextureToGeometry: height_scale: 1.0, backend: dict, field_name: 'field', invert_height: 'false', skip_black: 'false', black_threshold: 0.01, mask: torch.float32 [1,768,768] cpu
[07:26]   [ComfyUI] [SubprocessWorker] call_method: nodes.texture_remeshing.texture_to_geometry.TextureToGeometryNode.EXECUTE_NORMALIZED
[07:26]   [ComfyUI] [SubprocessWorker] acquired lock, ensuring started...
[07:26]   [ComfyUI] [ComfyUI-GeometryPack] Health check: ping (timeout=5.0s)...
[07:26]   [ComfyUI] [ComfyUI-GeometryPack] Health check: ok
[07:26]   [ComfyUI] [SubprocessWorker] worker started/confirmed
[07:26]   [ComfyUI] [comfy-env] PRE-SERIALIZE 'mask' shape: torch.Size([1, 768, 768])
[07:26]   [ComfyUI] [SubprocessWorker] serializing kwargs to shm...
[07:26]   [ComfyUI] [SubprocessWorker] created 0 shm blocks
[07:26]   [ComfyUI] [SubprocessWorker] sending request via socket...
[07:26]   [ComfyUI] [SubprocessWorker] call_id=46 sending call_method
[07:26]   [ComfyUI] [worker:ComfyUI-GeometryPack] [comfy-env] _from_shm got dict with keys: ['__type__', 'strategy', 'manager_path', 'storage_key', 'storage_size']
[07:26]   [ComfyUI] [worker:ComfyUI-GeometryPack] [comfy-env] DESERIALIZE TensorRef: tensor_size=[1, 768, 768]
[07:26]   [ComfyUI] [worker:ComfyUI-GeometryPack] [comfy-env] DESERIALIZED tensor shape: torch.Size([1, 768, 768])
[07:26]   [ComfyUI] [worker:ComfyUI-GeometryPack] INFO: Converting to geometry using backend: grid
[07:26]   [ComfyUI] [worker:ComfyUI-GeometryPack] INFO: Using mask input
[07:26]   [ComfyUI] [worker:ComfyUI-GeometryPack] INFO: Using native resolution: 768x768, range: [0.000, 1.000]
[07:28]   [ComfyUI] [worker:ComfyUI-GeometryPack] INFO: Generated 589824 points
[07:28]   Frame 2 saved (frame_001.jpg, t=2.3s)
[07:28]   [capture-periodic] freeze=5ms shot=124ms unfreeze=23ms saved=True
[07:30]   Frame 3 saved (frame_002.jpg, t=4.5s)
[07:30]   [capture-periodic] freeze=5ms shot=126ms unfreeze=6ms saved=True
[07:32]   [capture-loop] iter=50 t=6.1s state={'complete': False, 'error': None, 'executedCount': 0, 'wsState': 1} eval_ms=6 ram=5.5/16.0GB (34%) swap=0.2/2.9GB (6%) cpu=65% browser_rss=0.86GB
[07:33]   [ComfyUI] [worker:ComfyUI-GeometryPack] INFO: Created mesh: 589824 vertices, 1176578 faces
[07:33]   [ComfyUI] [SubprocessWorker] got response: ok
[07:33]   [ComfyUI] [comfy-env] GeomPackTextureToGeometry done (7.31s): result: NodeOutput
[07:33]   [ComfyUI] [comfy-env] Running GeomPackPreviewMeshVTK: mode: 'fields', trimesh: Trimesh
[07:33]   [ComfyUI] [SubprocessWorker] call_method: nodes.visualization.preview_mesh_vtk.PreviewMeshVTKNode.EXECUTE_NORMALIZED
[07:33]   [ComfyUI] [SubprocessWorker] acquired lock, ensuring started...
[07:33]   [ComfyUI] [ComfyUI-GeometryPack] Health check: ping (timeout=5.0s)...
[07:33]   [ComfyUI] [ComfyUI-GeometryPack] Health check: ok
[07:33]   [ComfyUI] [SubprocessWorker] worker started/confirmed
[07:33]   [ComfyUI] [SubprocessWorker] serializing kwargs to shm...
[07:33]   Node executed (1 total), capturing...
[07:33]   [ComfyUI] [SubprocessWorker] created 1 shm blocks
[07:33]   [ComfyUI] [SubprocessWorker] sending request via socket...
[07:33]   [ComfyUI] [SubprocessWorker] call_id=47 sending call_method
[07:34]   Frame 4 saved (frame_003.jpg, t=7.7s)
[07:34]   [capture-node] freeze=6ms shot=120ms unfreeze=5ms saved=True
[07:34]   [ComfyUI] [worker:ComfyUI-GeometryPack] INFO: Preparing preview: Mesh - 589824 vertices, 1176578 faces
[07:34]   [ComfyUI] [worker:ComfyUI-GeometryPack] INFO: Mode: fields
[07:34]   [ComfyUI] [worker:ComfyUI-GeometryPack] INFO: Visual data - has_visual: True, kind: None, texture: False, vertex_colors: False
[07:34]   [ComfyUI] [worker:ComfyUI-GeometryPack] INFO: Using fields mode - VTP export
[07:34]   [ComfyUI] [worker:ComfyUI-GeometryPack] INFO: Exporting mesh to VTP: D:\a\comfy-gpu-ci\comfy-gpu-ci\test_workspaces\GeometryPack-0031\ComfyUI\output\preview_vtk_4a706614.vtp
[07:38]   [ComfyUI] [worker:ComfyUI-GeometryPack] INFO: Adding normals field (589824 vertices)
[07:38]   [capture-loop] iter=100 t=12.6s state={'complete': False, 'error': None, 'executedCount': 1, 'wsState': 1} eval_ms=9 ram=6.0/16.0GB (38%) swap=0.2/2.9GB (6%) cpu=73% browser_rss=0.78GB
[07:40]   [ComfyUI] [worker:ComfyUI-GeometryPack] INFO: Export complete: 589824 vertices, 1176578 faces
[07:40]   [ComfyUI] [worker:ComfyUI-GeometryPack] INFO: Exported VTP to: D:\a\comfy-gpu-ci\comfy-gpu-ci\test_workspaces\GeometryPack-0031\ComfyUI\output\preview_vtk_4a706614.vtp
[07:41]   [ComfyUI] [worker:ComfyUI-GeometryPack] INFO: Fields mode info: watertight=False, volume=None, area=11.966723990015208, no fields
[07:42]   [ComfyUI] [SubprocessWorker] got response: ok
[07:42]   [ComfyUI] [comfy-env] GeomPackPreviewMeshVTK done (8.65s): result: NodeOutput
[07:42]   [ComfyUI] Prompt executed in 16.01 seconds
[07:42]   Node executed (2 total), capturing...
[07:42]   Frame 5 saved (frame_004.jpg, t=16.4s)
[07:42]   [capture-node] freeze=6ms shot=162ms unfreeze=0ms saved=True
[07:42]   Execution complete (t=16.4s)
[07:42]   Captured 5 unique frames over 16.72s
[07:46]   [debug] iframes: 1
[07:46]   [debug]   iframe[0]: src=http://127.0.0.1:41890/extensions/ComfyUI-GeometryPack/viewer_vtk.html?v=1778459, canvas=486x348, rafFrozen=False
[07:46]   [timing] trigger_3d_previews: 0.0s
[07:48]   Saved high-quality screenshot: depth_map_to_mesh_executed.png
[07:48]   [timing] final_screenshot: 0.2s
[07:48]   [8/33] SKIPPED (not in cpu list) fill_holes_all.json
[07:49] Capturing execution frames: fix_normals_all.json
[07:55]   Frame 1 saved (frame_000.jpg, t=0.0s)
[07:55]   Validating workflow...
[07:55]   [ComfyUI] === /validate endpoint called ===
[07:55]   [ComfyUI] Received JSON with keys: ['prompt']
[07:55]   [ComfyUI] Prompt has 8 nodes
[07:55]   [ComfyUI]   Node 1: GeomPackLoadMesh
[07:55]   [ComfyUI]     Inputs: {"file_path": "3d/truck.obj"}
[07:55]   [ComfyUI]   Node 2: GeomPackFixNormals
[07:55]   [ComfyUI]     Inputs: {"backend": "trimesh", "report_panel": "false", "trimesh": ["1", 0]}
[07:55]   Queuing workflow for execution...
[07:55]   [ComfyUI]   Node 3: GeomPackFixNormals
[07:55]   [ComfyUI]     Inputs: {"backend": "igl_bfs", "report_panel": "false", "trimesh": ["1", 0]}
[07:55]   [ComfyUI]   Node 4: GeomPackFixNormals
[07:55]   [ComfyUI]     Inputs: {"backend": "igl_winding", "report_panel": "false", "trimesh": ["1", 0]}
[07:55]   [ComfyUI]   Node 5: GeomPackFixNormals
[07:55]   [ComfyUI]     Inputs: {"backend": "igl_raycast", "report_panel": "false", "trimesh": ["1", 0]}
[07:55]   [ComfyUI]   Node 6: GeomPackFixNormals
[07:55]   [ComfyUI]     Inputs: {"backend": "igl_signed_dist", "report_panel": "false", "trimesh": ["1", 0]}
[07:55]   [ComfyUI]   Node 8: GeomPackPreviewMeshMulti
[07:55]   [ComfyUI]     Inputs: {"mode": "fields", "preview_multi": "{\"show_edges\":true,\"camera_state\":\"{\\\"position\\\":[2.4457834419570967,0.9339641357719854,-1.1112698573158992],\\\"focalPoint\\\":[0,0,0],\\\"viewUp\\\":[-0
[07:55]   [ComfyUI]   Node 9: GeomPackPreviewMeshMulti
[07:55]   [ComfyUI]     Inputs: {"mode": "fields", "preview_multi": "{\"show_edges\":true,\"camera_state\":\"{\\\"position\\\":[2.4457834419570967,0.9339641357719854,-1.1112698573158992],\\\"focalPoint\\\":[0,0,0],\\\"viewUp\\\":[-0
[07:55]   [ComfyUI] Generated prompt_id: 3ba74f20-320d-4361-8b22-9aff5e299a88
[07:55]   [ComfyUI] Calling execution.validate_prompt()...
[07:55]   [ComfyUI] Validation result: valid=True
[07:55]   [ComfyUI] === Validation PASSED ===
[07:55]   [ComfyUI] got prompt
[07:55]   [ComfyUI] [comfy-env] Running GeomPackLoadMesh: file_path: '3d/truck.obj'
[07:55]   [ComfyUI] [SubprocessWorker] call_method: nodes.io.load_mesh.LoadMesh.EXECUTE_NORMALIZED
[07:55]   [ComfyUI] [SubprocessWorker] acquired lock, ensuring started...
[07:55]   [ComfyUI] [ComfyUI-GeometryPack] Health check: ping (timeout=5.0s)...
[07:55]   [ComfyUI] [ComfyUI-GeometryPack] Health check: failed
[07:55]   [ComfyUI] [ComfyUI-GeometryPack] Socket unhealthy, restarting worker...
[07:55]   [ComfyUI] [comfy-env] geometrypack-nodes: Library/bin has 609 DLLs
[07:55]   [ComfyUI] [ComfyUI-GeometryPack] python: C:\ce\.pixi\envs\geometrypack-nodes\python.exe
[07:55]   [ComfyUI] [ComfyUI-GeometryPack] sys_path sent to worker: ['D:\\a\\comfy-gpu-ci\\comfy-gpu-ci\\test_workspaces\\GeometryPack-0031\\ComfyUI', 'D:\\a\\comfy-gpu-ci\\comfy-gpu-ci\\test_workspaces\\GeometryPack-0031\\ComfyUI\\custom_nodes\\ComfyUI-GeometryPack', 'C:\\ce\\.pixi\\envs\\geometrypack-nodes\\Lib\\site-packages', 'D:\\a\\comfy-gpu-ci\\comfy-gpu-ci\\test_workspaces\\GeometryPack-0031\\ComfyUI\\custom_nodes\\ComfyUI-GeometryPack']
[07:55]   [ComfyUI] [SubprocessWorker] is_pixi=True, python=C:\ce\.pixi\envs\geometrypack-nodes\python.exe
[07:55]   [ComfyUI] [SubprocessWorker] launching cmd=['C:\\Users\\runneradmin\\.pixi\\bin\\pixi.exe', 'run', '--as-is', '--manifest-path', 'C:\\ce\\pixi.toml', '-e', 'geometrypack-nodes', 'python', 'C:\\Users\\RUNNER~1\\AppData\\Local\\Temp\\comfyui_pvenv_2ige8rze\\persistent_worker.py', 'tcp://127.0.0.1:51018']...
[07:57]   [ComfyUI] [worker:ComfyUI-GeometryPack] ERROR: Failed to import comfy_kitchen, Error: No module named 'comfy_kitchen', fp8 and fp4 support will not be available.
[07:57]   Frame 2 saved (frame_001.jpg, t=2.2s)
[07:57]   [capture-periodic] freeze=3ms shot=87ms unfreeze=8ms saved=True
[07:57]   [ComfyUI] [SubprocessWorker] worker started/confirmed
[07:57]   [ComfyUI] [SubprocessWorker] serializing kwargs to shm...
[07:57]   [ComfyUI] [SubprocessWorker] created 0 shm blocks
[07:57]   [ComfyUI] [SubprocessWorker] sending request via socket...
[07:57]   [ComfyUI] [SubprocessWorker] call_id=48 sending call_method
[07:58]   [ComfyUI] [worker:ComfyUI-GeometryPack] INFO: Found mesh in input folder: 3d/truck.obj
[07:58]   [ComfyUI] [worker:ComfyUI-GeometryPack] INFO: Loading: D:\a\comfy-gpu-ci\comfy-gpu-ci\test_workspaces\GeometryPack-0031\ComfyUI\input\3d/truck.obj
[07:58]   [ComfyUI] [worker:ComfyUI-GeometryPack] INFO: Initial mesh: 2956 vertices, 4770 faces
[07:58]   [ComfyUI] [worker:ComfyUI-GeometryPack] INFO: Successfully loaded: 2956 vertices, 4770 faces
[07:58]   [ComfyUI] [worker:ComfyUI-GeometryPack] INFO: Loaded: 2956 vertices, 4770 faces
[07:59]   [ComfyUI] [SubprocessWorker] got response: ok
[07:59]   [ComfyUI] [comfy-env] GeomPackLoadMesh done (3.71s): result: NodeOutput
[07:59]   [ComfyUI] [comfy-env] Running GeomPackFixNormals: backend: dict, trimesh: Trimesh
[07:59]   [ComfyUI] [SubprocessWorker] call_method: nodes.repair.fix_normals.FixNormalsNode.EXECUTE_NORMALIZED
[07:59]   [ComfyUI] [SubprocessWorker] acquired lock, ensuring started...
[07:59]   [ComfyUI] [ComfyUI-GeometryPack] Health check: ping (timeout=5.0s)...
[07:59]   [ComfyUI] [ComfyUI-GeometryPack] Health check: ok
[07:59]   [ComfyUI] [SubprocessWorker] worker started/confirmed
[07:59]   [ComfyUI] [SubprocessWorker] serializing kwargs to shm...
[07:59]   [ComfyUI] [SubprocessWorker] created 1 shm blocks
[07:59]   [ComfyUI] [SubprocessWorker] sending request via socket...
[07:59]   [ComfyUI] [SubprocessWorker] call_id=49 sending call_method
[07:59]   [ComfyUI] [worker:ComfyUI-GeometryPack] INFO: Fix Normals dispatch: igl_bfs -> GeomPackFixNormals_IglBfs
[07:59]   [ComfyUI] [SubprocessWorker] got response: ok
[07:59]   [ComfyUI] [comfy-env] GeomPackFixNormals done (0.12s): result: NodeOutput
[07:59]   [ComfyUI] [comfy-env] Running GeomPackFixNormals: backend: dict, trimesh: Trimesh
[07:59]   [ComfyUI] [SubprocessWorker] call_method: nodes.repair.fix_normals.FixNormalsNode.EXECUTE_NORMALIZED
[07:59]   [ComfyUI] [SubprocessWorker] acquired lock, ensuring started...
[07:59]   [ComfyUI] [ComfyUI-GeometryPack] Health check: ping (timeout=5.0s)...
[07:59]   [ComfyUI] [ComfyUI-GeometryPack] Health check: ok
[07:59]   [ComfyUI] [SubprocessWorker] worker started/confirmed
[07:59]   [ComfyUI] [SubprocessWorker] serializing kwargs to shm...
[07:59]   [ComfyUI] [SubprocessWorker] created 1 shm blocks
[07:59]   [ComfyUI] [SubprocessWorker] sending request via socket...
[07:59]   [ComfyUI] [SubprocessWorker] call_id=50 sending call_method
[07:59]   [ComfyUI] [worker:ComfyUI-GeometryPack] INFO: Fix Normals dispatch: igl_raycast -> GeomPackFixNormals_IglRaycast
[07:59]   [ComfyUI] [SubprocessWorker] got response: ok
[07:59]   [ComfyUI] [comfy-env] GeomPackFixNormals done (0.14s): result: NodeOutput
[07:59]   [ComfyUI] [comfy-env] Running GeomPackFixNormals: backend: dict, trimesh: Trimesh
[07:59]   [ComfyUI] [SubprocessWorker] call_method: nodes.repair.fix_normals.FixNormalsNode.EXECUTE_NORMALIZED
[07:59]   [ComfyUI] [SubprocessWorker] acquired lock, ensuring started...
[07:59]   [ComfyUI] [ComfyUI-GeometryPack] Health check: ping (timeout=5.0s)...
[07:59]   [ComfyUI] [ComfyUI-GeometryPack] Health check: ok
[07:59]   [ComfyUI] [SubprocessWorker] worker started/confirmed
[07:59]   [ComfyUI] [SubprocessWorker] serializing kwargs to shm...
[07:59]   [ComfyUI] [SubprocessWorker] created 1 shm blocks
[07:59]   [ComfyUI] [SubprocessWorker] sending request via socket...
[07:59]   [ComfyUI] [SubprocessWorker] call_id=51 sending call_method
[07:59]   [ComfyUI] [worker:ComfyUI-GeometryPack] INFO: Fix Normals dispatch: igl_signed_dist -> GeomPackFixNormals_IglSignedDist
[07:59]   [ComfyUI] [SubprocessWorker] got response: ok
[07:59]   [ComfyUI] [comfy-env] GeomPackFixNormals done (0.11s): result: NodeOutput
[07:59]   [ComfyUI] [comfy-env] Running GeomPackFixNormals: backend: dict, trimesh: Trimesh
[07:59]   [ComfyUI] [SubprocessWorker] call_method: nodes.repair.fix_normals.FixNormalsNode.EXECUTE_NORMALIZED
[07:59]   [ComfyUI] [SubprocessWorker] acquired lock, ensuring started...
[07:59]   [ComfyUI] [ComfyUI-GeometryPack] Health check: ping (timeout=5.0s)...
[07:59]   [ComfyUI] [ComfyUI-GeometryPack] Health check: ok
[07:59]   [ComfyUI] [SubprocessWorker] worker started/confirmed
[07:59]   [ComfyUI] [SubprocessWorker] serializing kwargs to shm...
[07:59]   [ComfyUI] [SubprocessWorker] created 1 shm blocks
[07:59]   [ComfyUI] [SubprocessWorker] sending request via socket...
[07:59]   [ComfyUI] [SubprocessWorker] call_id=52 sending call_method
[07:59]   [ComfyUI] [worker:ComfyUI-GeometryPack] INFO: Fix Normals dispatch: igl_winding -> GeomPackFixNormals_IglWinding
[07:59]   [ComfyUI] [SubprocessWorker] got response: ok
[07:59]   [ComfyUI] [comfy-env] GeomPackFixNormals done (0.16s): result: NodeOutput
[07:59]   [ComfyUI] [comfy-env] Running GeomPackFixNormals: backend: dict, trimesh: Trimesh
[07:59]   [ComfyUI] [SubprocessWorker] call_method: nodes.repair.fix_normals.FixNormalsNode.EXECUTE_NORMALIZED
[07:59]   [ComfyUI] [SubprocessWorker] acquired lock, ensuring started...
[07:59]   [ComfyUI] [ComfyUI-GeometryPack] Health check: ping (timeout=5.0s)...
[07:59]   [ComfyUI] [ComfyUI-GeometryPack] Health check: ok
[07:59]   [ComfyUI] [SubprocessWorker] worker started/confirmed
[07:59]   [ComfyUI] [SubprocessWorker] serializing kwargs to shm...
[07:59]   [ComfyUI] [SubprocessWorker] created 1 shm blocks
[07:59]   [ComfyUI] [SubprocessWorker] sending request via socket...
[07:59]   [ComfyUI] [SubprocessWorker] call_id=53 sending call_method
[07:59]   [ComfyUI] [worker:ComfyUI-GeometryPack] INFO: Fix Normals dispatch: trimesh -> GeomPackFixNormals_Trimesh
[07:59]   [ComfyUI] [SubprocessWorker] got response: ok
[07:59]   [ComfyUI] [comfy-env] GeomPackFixNormals done (0.11s): result: NodeOutput
[07:59]   [ComfyUI] [comfy-env] Running GeomPackFixNormals_IglBfs: trimesh: Trimesh
[07:59]   [ComfyUI] [SubprocessWorker] call_method: nodes.repair.fix_normals_backends.igl_bfs.FixNormalsIglBfsNode.EXECUTE_NORMALIZED
[07:59]   [ComfyUI] [SubprocessWorker] acquired lock, ensuring started...
[07:59]   [ComfyUI] [ComfyUI-GeometryPack] Health check: ping (timeout=5.0s)...
[07:59]   [ComfyUI] [ComfyUI-GeometryPack] Health check: ok
[07:59]   [ComfyUI] [SubprocessWorker] worker started/confirmed
[07:59]   [ComfyUI] [SubprocessWorker] serializing kwargs to shm...
[07:59]   [ComfyUI] [SubprocessWorker] created 1 shm blocks
[07:59]   [ComfyUI] [SubprocessWorker] sending request via socket...
[07:59]   [ComfyUI] [SubprocessWorker] call_id=54 sending call_method
[07:59]   Frame 3 saved (frame_002.jpg, t=4.3s)
[07:59]   [capture-periodic] freeze=18ms shot=136ms unfreeze=6ms saved=True
[07:59]   [ComfyUI] [worker:ComfyUI-GeometryPack] INFO: igl.bfs_orient: 66 orientation components
[07:59]   [ComfyUI] [worker:ComfyUI-GeometryPack] INFO: Normal orientation: False -> True
[07:59]   [ComfyUI] [SubprocessWorker] got response: ok
[07:59]   [ComfyUI] [comfy-env] GeomPackFixNormals_IglBfs done (0.13s): result: NodeOutput
[07:59]   [ComfyUI] [comfy-env] Running GeomPackFixNormals_IglRaycast: trimesh: Trimesh
[07:59]   [ComfyUI] [SubprocessWorker] call_method: nodes.repair.fix_normals_backends.igl_raycast.FixNormalsIglRaycastNode.EXECUTE_NORMALIZED
[07:59]   [ComfyUI] [SubprocessWorker] acquired lock, ensuring started...
[07:59]   [ComfyUI] [ComfyUI-GeometryPack] Health check: ping (timeout=5.0s)...
[07:59]   [ComfyUI] [ComfyUI-GeometryPack] Health check: ok
[07:59]   [ComfyUI] [SubprocessWorker] worker started/confirmed
[07:59]   [ComfyUI] [SubprocessWorker] serializing kwargs to shm...
[07:59]   [ComfyUI] [SubprocessWorker] created 1 shm blocks
[07:59]   [ComfyUI] [SubprocessWorker] sending request via socket...
[07:59]   [ComfyUI] [SubprocessWorker] call_id=55 sending call_method
[07:59]   Node executed (1 total), capturing...
[08:00]   Frame 4 saved (frame_003.jpg, t=4.8s)
[08:00]   [capture-node] freeze=5ms shot=113ms unfreeze=4ms saved=True
[08:00]   [ComfyUI] [worker:ComfyUI-GeometryPack] INFO: igl_raycast: flipped 3339/4770 faces
[08:00]   [ComfyUI] [worker:ComfyUI-GeometryPack] INFO: Normal orientation: False -> False
[08:00]   [ComfyUI] [SubprocessWorker] got response: ok
[08:00]   [ComfyUI] [comfy-env] GeomPackFixNormals_IglRaycast done (0.81s): result: NodeOutput
[08:00]   [ComfyUI] [comfy-env] Running GeomPackFixNormals_IglSignedDist: trimesh: Trimesh
[08:00]   [ComfyUI] [SubprocessWorker] call_method: nodes.repair.fix_normals_backends.igl_signed_dist.FixNormalsIglSignedDistNode.EXECUTE_NORMALIZED
[08:00]   [ComfyUI] [SubprocessWorker] acquired lock, ensuring started...
[08:00]   [ComfyUI] [ComfyUI-GeometryPack] Health check: ping (timeout=5.0s)...
[08:00]   [ComfyUI] [ComfyUI-GeometryPack] Health check: ok
[08:00]   [ComfyUI] [SubprocessWorker] worker started/confirmed
[08:00]   [ComfyUI] [SubprocessWorker] serializing kwargs to shm...
[08:00]   [ComfyUI] [SubprocessWorker] created 1 shm blocks
[08:00]   [ComfyUI] [SubprocessWorker] sending request via socket...
[08:00]   [ComfyUI] [SubprocessWorker] call_id=56 sending call_method
[08:00]   Node executed (2 total), capturing...
[08:00]   [ComfyUI] [worker:ComfyUI-GeometryPack] INFO: igl_signed_dist: flipped 4757/4770 faces
[08:00]   [ComfyUI] [worker:ComfyUI-GeometryPack] INFO: Normal orientation: False -> False
[08:00]   [ComfyUI] [SubprocessWorker] got response: ok
[08:00]   [ComfyUI] [comfy-env] GeomPackFixNormals_IglSignedDist done (0.17s): result: NodeOutput
[08:00]   [ComfyUI] [comfy-env] Running GeomPackPreviewMeshMulti: mode: 'fields', mesh_1: Trimesh, mesh_2: Trimesh
[08:00]   [ComfyUI] [SubprocessWorker] call_method: nodes.visualization.preview_mesh_multi.PreviewMeshMultiNode.EXECUTE_NORMALIZED
[08:00]   [ComfyUI] [SubprocessWorker] acquired lock, ensuring started...
[08:00]   [ComfyUI] [ComfyUI-GeometryPack] Health check: ping (timeout=5.0s)...
[08:00]   [ComfyUI] [ComfyUI-GeometryPack] Health check: ok
[08:00]   [ComfyUI] [SubprocessWorker] worker started/confirmed
[08:00]   [ComfyUI] [SubprocessWorker] serializing kwargs to shm...
[08:00]   [ComfyUI] [SubprocessWorker] created 2 shm blocks
[08:00]   [ComfyUI] [SubprocessWorker] sending request via socket...
[08:00]   [ComfyUI] [SubprocessWorker] call_id=57 sending call_method
[08:00]   [ComfyUI] [worker:ComfyUI-GeometryPack] INFO: Mode: fields, Meshes: 2
[08:00]   [ComfyUI] [worker:ComfyUI-GeometryPack] INFO: Mesh 1: Mesh - 2956 vertices, 4770 faces
[08:00]   [ComfyUI] [worker:ComfyUI-GeometryPack] INFO: Exporting mesh to VTP: D:\a\comfy-gpu-ci\comfy-gpu-ci\test_workspaces\GeometryPack-0031\ComfyUI\output\preview_multi_1_52b118fd.vtp
[08:00]   [ComfyUI] [worker:ComfyUI-GeometryPack] INFO: Adding normals field (2956 vertices)
[08:00]   [ComfyUI] [worker:ComfyUI-GeometryPack] INFO: Export complete: 2956 vertices, 4770 faces
[08:00]   [ComfyUI] [worker:ComfyUI-GeometryPack] INFO: Exported VTP: D:\a\comfy-gpu-ci\comfy-gpu-ci\test_workspaces\GeometryPack-0031\ComfyUI\output\preview_multi_1_52b118fd.vtp
[08:00]   [ComfyUI] [worker:ComfyUI-GeometryPack] INFO: Mesh 2: Mesh - 2956 vertices, 4770 faces
[08:00]   [ComfyUI] [worker:ComfyUI-GeometryPack] INFO: Exporting mesh to VTP: D:\a\comfy-gpu-ci\comfy-gpu-ci\test_workspaces\GeometryPack-0031\ComfyUI\output\preview_multi_2_52b118fd.vtp
[08:00]   Frame 5 saved (frame_004.jpg, t=5.7s)
[08:00]   [capture-node] freeze=4ms shot=98ms unfreeze=5ms saved=True
[08:00]   [ComfyUI] [worker:ComfyUI-GeometryPack] INFO: Adding normals field (2956 vertices)
[08:00]   [ComfyUI] [worker:ComfyUI-GeometryPack] INFO: Export complete: 2956 vertices, 4770 faces
[08:00]   [ComfyUI] [worker:ComfyUI-GeometryPack] INFO: Exported VTP: D:\a\comfy-gpu-ci\comfy-gpu-ci\test_workspaces\GeometryPack-0031\ComfyUI\output\preview_multi_2_52b118fd.vtp
[08:01]   [ComfyUI] [worker:ComfyUI-GeometryPack] INFO: Grid: 2x1, Preview ready
[08:01]   [ComfyUI] [SubprocessWorker] got response: ok
[08:01]   [ComfyUI] [comfy-env] GeomPackPreviewMeshMulti done (0.25s): result: NodeOutput
[08:01]   [ComfyUI] [comfy-env] Running GeomPackFixNormals_IglWinding: trimesh: Trimesh
[08:01]   [ComfyUI] [SubprocessWorker] call_method: nodes.repair.fix_normals_backends.igl_winding.FixNormalsIglWindingNode.EXECUTE_NORMALIZED
[08:01]   [ComfyUI] [SubprocessWorker] acquired lock, ensuring started...
[08:01]   [ComfyUI] [ComfyUI-GeometryPack] Health check: ping (timeout=5.0s)...
[08:01]   [ComfyUI] [ComfyUI-GeometryPack] Health check: ok
[08:01]   [ComfyUI] [SubprocessWorker] worker started/confirmed
[08:01]   [ComfyUI] [SubprocessWorker] serializing kwargs to shm...
[08:01]   [ComfyUI] [SubprocessWorker] created 1 shm blocks
[08:01]   [ComfyUI] [SubprocessWorker] sending request via socket...
[08:01]   [ComfyUI] [SubprocessWorker] call_id=58 sending call_method
[08:01]   Node executed (4 total), capturing...
[08:01]   [ComfyUI] [worker:ComfyUI-GeometryPack] INFO: igl_winding: flipped 4022/4770 faces
[08:01]   [ComfyUI] [worker:ComfyUI-GeometryPack] INFO: Normal orientation: False -> False
[08:01]   [ComfyUI] [SubprocessWorker] got response: ok
[08:01]   [ComfyUI] [comfy-env] GeomPackFixNormals_IglWinding done (0.31s): result: NodeOutput
[08:01]   [ComfyUI] [comfy-env] Running GeomPackFixNormals_Trimesh: trimesh: Trimesh
[08:01]   [ComfyUI] [SubprocessWorker] call_method: nodes.repair.fix_normals_backends.trimesh_fix.FixNormalsTrimeshNode.EXECUTE_NORMALIZED
[08:01]   [ComfyUI] [SubprocessWorker] acquired lock, ensuring started...
[08:01]   [ComfyUI] [ComfyUI-GeometryPack] Health check: ping (timeout=5.0s)...
[08:01]   [ComfyUI] [ComfyUI-GeometryPack] Health check: ok
[08:01]   [ComfyUI] [SubprocessWorker] worker started/confirmed
[08:01]   [ComfyUI] [SubprocessWorker] serializing kwargs to shm...
[08:01]   [ComfyUI] [SubprocessWorker] created 1 shm blocks
[08:01]   [ComfyUI] [SubprocessWorker] sending request via socket...
[08:01]   [ComfyUI] [SubprocessWorker] call_id=59 sending call_method
[08:02]   Frame 6 saved (frame_005.jpg, t=6.1s)
[08:02]   [capture-node] freeze=322ms shot=384ms unfreeze=16ms saved=True
[08:02]   Node executed (5 total), capturing...
[08:02]   [ComfyUI] [worker:ComfyUI-GeometryPack] INFO: Normal orientation: False -> True
[08:02]   [ComfyUI] [SubprocessWorker] got response: ok
[08:02]   [ComfyUI] [comfy-env] GeomPackFixNormals_Trimesh done (0.90s): result: NodeOutput
[08:02]   [ComfyUI] [comfy-env] Running GeomPackPreviewMeshMulti: mode: 'fields', mesh_1: Trimesh, mesh_2: Trimesh, mesh_3: Trimesh, mesh_4: Trimesh
[08:02]   [ComfyUI] [SubprocessWorker] call_method: nodes.visualization.preview_mesh_multi.PreviewMeshMultiNode.EXECUTE_NORMALIZED
[08:02]   [ComfyUI] [SubprocessWorker] acquired lock, ensuring started...
[08:02]   [ComfyUI] [ComfyUI-GeometryPack] Health check: ping (timeout=5.0s)...
[08:02]   [ComfyUI] [ComfyUI-GeometryPack] Health check: ok
[08:02]   [ComfyUI] [SubprocessWorker] worker started/confirmed
[08:02]   [ComfyUI] [SubprocessWorker] serializing kwargs to shm...
[08:02]   [ComfyUI] [SubprocessWorker] created 4 shm blocks
[08:02]   [ComfyUI] [SubprocessWorker] sending request via socket...
[08:02]   [ComfyUI] [SubprocessWorker] call_id=60 sending call_method
[08:02]   [ComfyUI] [worker:ComfyUI-GeometryPack] INFO: Mode: fields, Meshes: 4
[08:02]   [ComfyUI] [worker:ComfyUI-GeometryPack] INFO: Mesh 1: Mesh - 2956 vertices, 4770 faces
[08:02]   [ComfyUI] [worker:ComfyUI-GeometryPack] INFO: Exporting mesh to VTP: D:\a\comfy-gpu-ci\comfy-gpu-ci\test_workspaces\GeometryPack-0031\ComfyUI\output\preview_multi_1_e56dead7.vtp
[08:02]   [ComfyUI] [worker:ComfyUI-GeometryPack] INFO: Adding normals field (2956 vertices)
[08:02]   [ComfyUI] [worker:ComfyUI-GeometryPack] INFO: Export complete: 2956 vertices, 4770 faces
[08:02]   [ComfyUI] [worker:ComfyUI-GeometryPack] INFO: Exported VTP: D:\a\comfy-gpu-ci\comfy-gpu-ci\test_workspaces\GeometryPack-0031\ComfyUI\output\preview_multi_1_e56dead7.vtp
[08:02]   [ComfyUI] [worker:ComfyUI-GeometryPack] INFO: Mesh 2: Mesh - 2956 vertices, 4770 faces
[08:02]   Frame 7 saved (frame_006.jpg, t=7.1s)
[08:02]   [capture-node] freeze=4ms shot=115ms unfreeze=4ms saved=True
[08:02]   [ComfyUI] [worker:ComfyUI-GeometryPack] INFO: Exporting mesh to VTP: D:\a\comfy-gpu-ci\comfy-gpu-ci\test_workspaces\GeometryPack-0031\ComfyUI\output\preview_multi_2_e56dead7.vtp
[08:02]   [ComfyUI] [worker:ComfyUI-GeometryPack] INFO: Adding normals field (2956 vertices)
[08:02]   [ComfyUI] [worker:ComfyUI-GeometryPack] INFO: Export complete: 2956 vertices, 4770 faces
[08:02]   [ComfyUI] [worker:ComfyUI-GeometryPack] INFO: Exported VTP: D:\a\comfy-gpu-ci\comfy-gpu-ci\test_workspaces\GeometryPack-0031\ComfyUI\output\preview_multi_2_e56dead7.vtp
[08:02]   [ComfyUI] [worker:ComfyUI-GeometryPack] INFO: Mesh 3: Mesh - 2956 vertices, 4770 faces
[08:02]   [ComfyUI] [worker:ComfyUI-GeometryPack] INFO: Exporting mesh to VTP: D:\a\comfy-gpu-ci\comfy-gpu-ci\test_workspaces\GeometryPack-0031\ComfyUI\output\preview_multi_3_e56dead7.vtp
[08:02]   [ComfyUI] [worker:ComfyUI-GeometryPack] INFO: Adding normals field (2956 vertices)
[08:02]   [ComfyUI] [worker:ComfyUI-GeometryPack] INFO: Export complete: 2956 vertices, 4770 faces
[08:02]   [ComfyUI] [worker:ComfyUI-GeometryPack] INFO: Exported VTP: D:\a\comfy-gpu-ci\comfy-gpu-ci\test_workspaces\GeometryPack-0031\ComfyUI\output\preview_multi_3_e56dead7.vtp
[08:02]   Node executed (6 total), capturing...
[08:02]   [ComfyUI] [worker:ComfyUI-GeometryPack] INFO: Mesh 4: Mesh - 2956 vertices, 4770 faces
[08:02]   [ComfyUI] [worker:ComfyUI-GeometryPack] INFO: Exporting mesh to VTP: D:\a\comfy-gpu-ci\comfy-gpu-ci\test_workspaces\GeometryPack-0031\ComfyUI\output\preview_multi_4_e56dead7.vtp
[08:02]   [ComfyUI] [worker:ComfyUI-GeometryPack] INFO: Adding normals field (2956 vertices)
[08:02]   [ComfyUI] [worker:ComfyUI-GeometryPack] INFO: Export complete: 2956 vertices, 4770 faces
[08:02]   [ComfyUI] [worker:ComfyUI-GeometryPack] INFO: Exported VTP: D:\a\comfy-gpu-ci\comfy-gpu-ci\test_workspaces\GeometryPack-0031\ComfyUI\output\preview_multi_4_e56dead7.vtp
[08:02]   [ComfyUI] [worker:ComfyUI-GeometryPack] INFO: Grid: 2x2, Preview ready
[08:02]   [ComfyUI] [SubprocessWorker] got response: ok
[08:02]   [ComfyUI] [comfy-env] GeomPackPreviewMeshMulti done (0.40s): result: NodeOutput
[08:02]   [ComfyUI] Prompt executed in 7.34 seconds
[08:02]   Frame 8 saved (frame_007.jpg, t=7.5s)
[08:02]   [capture-node] freeze=34ms shot=142ms unfreeze=8ms saved=True
[08:03]   Node executed (7 total), capturing...
[08:03]   Frame 9 saved (frame_008.jpg, t=8.5s)
[08:03]   [capture-node] freeze=134ms shot=125ms unfreeze=0ms saved=True
[08:03]   Execution complete (t=8.5s)
[08:03]   Captured 9 unique frames over 8.77s
[08:03]   [debug] iframes: 2
[08:03]   [debug]   iframe[0]: src=http://127.0.0.1:41890/extensions/ComfyUI-GeometryPack/viewer_multi.html?v=17784, canvas=368x393, rafFrozen=True
[08:03]   [debug]   iframe[1]: src=http://127.0.0.1:41890/extensions/ComfyUI-GeometryPack/viewer_multi.html?v=17784, canvas=368x195, rafFrozen=True
[08:03]   [timing] trigger_3d_previews: 0.0s
[08:06]   Saved high-quality screenshot: fix_normals_all_executed.png
[08:06]   [timing] final_screenshot: 0.2s
[08:06] Capturing execution frames: fix_self_intersection.json
[08:12]   Frame 1 saved (frame_000.jpg, t=0.0s)
[08:12]   Validating workflow...
[08:12]   [ComfyUI] === /validate endpoint called ===
[08:12]   [ComfyUI] Received JSON with keys: ['prompt']
[08:12]   [ComfyUI] Prompt has 5 nodes
[08:12]   [ComfyUI]   Node 1: GeomPackLoadMesh
[08:12]   [ComfyUI]     Inputs: {"file_path": "3d/camelhead.off"}
[08:12]   Queuing workflow for execution...
[08:12]   [ComfyUI]   Node 14: GeomPackDetectSelfIntersections
[08:12]   [ComfyUI]     Inputs: {"report_panel": "false", "trimesh": ["1", 0]}
[08:12]   [ComfyUI]   Node 17: GeomPackFixSelfIntersectionsByPerturbation
[08:12]   [ComfyUI]     Inputs: {"epsilon": 0.0001, "max_iterations": 12, "direction": "adaptive", "scale_by_intersection_count": true, "re_detect_after_fix": true, "report_panel": "false", "trimesh": ["14", 0]}
[08:12]   [ComfyUI]   Node 21: GeomPackPreviewMeshDual
[08:12]   [ComfyUI]     Inputs: {"layout": "side_by_side", "mode": "fields", "opacity_1": 1, "opacity_2": 1, "preview_dual": "{\"show_edges\":true,\"camera_state\":\"{\\\"position\\\":[-0.09236526786018014,0.17034567262454137,0.1140
[08:12]   [ComfyUI]   Node 22: GeomPackDetectSelfIntersections
[08:12]   [ComfyUI]     Inputs: {"report_panel": "false", "trimesh": ["17", 0]}
[08:12]   [ComfyUI] Generated prompt_id: 8b719b2a-b899-455e-99d7-d5ebc796abd4
[08:12]   [ComfyUI] Calling execution.validate_prompt()...
[08:12]   [ComfyUI] Validation result: valid=True
[08:12]   [ComfyUI] === Validation PASSED ===
[08:12]   [ComfyUI] got prompt
[08:12]   [ComfyUI] [comfy-env] Running GeomPackLoadMesh: file_path: '3d/camelhead.off'
[08:12]   [ComfyUI] [SubprocessWorker] call_method: nodes.io.load_mesh.LoadMesh.EXECUTE_NORMALIZED
[08:12]   [ComfyUI] [SubprocessWorker] acquired lock, ensuring started...
[08:12]   [ComfyUI] [ComfyUI-GeometryPack] Health check: ping (timeout=5.0s)...
[08:12]   [ComfyUI] [ComfyUI-GeometryPack] Health check: ok
[08:12]   [ComfyUI] [SubprocessWorker] worker started/confirmed
[08:12]   [ComfyUI] [SubprocessWorker] serializing kwargs to shm...
[08:12]   [ComfyUI] [SubprocessWorker] created 0 shm blocks
[08:12]   [ComfyUI] [SubprocessWorker] sending request via socket...
[08:12]   [ComfyUI] [SubprocessWorker] call_id=61 sending call_method
[08:12]   [ComfyUI] [worker:ComfyUI-GeometryPack] INFO: Found mesh in input folder: 3d/camelhead.off
[08:12]   [ComfyUI] [worker:ComfyUI-GeometryPack] INFO: Loading: D:\a\comfy-gpu-ci\comfy-gpu-ci\test_workspaces\GeometryPack-0031\ComfyUI\input\3d/camelhead.off
[08:12]   [ComfyUI] [worker:ComfyUI-GeometryPack] INFO: Initial mesh: 11381 vertices, 22704 faces
[08:12]   [ComfyUI] [worker:ComfyUI-GeometryPack] INFO: Successfully loaded: 11381 vertices, 22704 faces
[08:12]   [ComfyUI] [worker:ComfyUI-GeometryPack] INFO: Loaded: 11381 vertices, 22704 faces
[08:12]   [ComfyUI] [SubprocessWorker] got response: ok
[08:12]   [ComfyUI] [comfy-env] GeomPackLoadMesh done (0.22s): result: NodeOutput
[08:12]   [ComfyUI] [comfy-env] Running GeomPackDetectSelfIntersections: trimesh: Trimesh
[08:12]   [ComfyUI] [SubprocessWorker] call_method: nodes.repair_cgal.detect_intersections.DetectSelfIntersectionsNode.EXECUTE_NORMALIZED
[08:12]   [ComfyUI] [SubprocessWorker] acquired lock, ensuring started...
[08:12]   [ComfyUI] [ComfyUI-GeometryPack] Health check: ping (timeout=5.0s)...
[08:12]   [ComfyUI] [ComfyUI-GeometryPack] Health check: ok
[08:12]   [ComfyUI] [SubprocessWorker] worker started/confirmed
[08:12]   [ComfyUI] [SubprocessWorker] serializing kwargs to shm...
[08:12]   [ComfyUI] [SubprocessWorker] created 1 shm blocks
[08:12]   [ComfyUI] [SubprocessWorker] sending request via socket...
[08:12]   [ComfyUI] [SubprocessWorker] call_id=62 sending call_method
[08:12]   [ComfyUI] [worker:ComfyUI-GeometryPack] INFO: Analyzing mesh: 11381 vertices, 22704 faces
[08:12]   [ComfyUI] [worker:ComfyUI-GeometryPack] INFO: Using libigl CGAL method
[08:12]   [ComfyUI] [worker:ComfyUI-GeometryPack] INFO: Found 6 intersecting faces (5 intersection pairs)
[08:12]   [ComfyUI] [SubprocessWorker] got response: ok
[08:12]   [ComfyUI] [comfy-env] GeomPackDetectSelfIntersections done (0.20s): result: NodeOutput
[08:12]   [ComfyUI] [comfy-env] Running GeomPackFixSelfIntersectionsByPerturbation: epsilon: 0.0001, max_iterations: 12, direction: 'adaptive', scale_by_intersection_count: True, re_detect_after_fix: True, trimesh: Trimesh
[08:12]   [ComfyUI] [SubprocessWorker] call_method: nodes.repair_cgal.fix_intersections_perturbation.FixSelfIntersectionsByPerturbationNode.EXECUTE_NORMALIZED
[08:12]   [ComfyUI] [SubprocessWorker] acquired lock, ensuring started...
[08:12]   [ComfyUI] [ComfyUI-GeometryPack] Health check: ping (timeout=5.0s)...
[08:12]   [ComfyUI] [ComfyUI-GeometryPack] Health check: ok
[08:12]   [ComfyUI] [SubprocessWorker] worker started/confirmed
[08:12]   [ComfyUI] [SubprocessWorker] serializing kwargs to shm...
[08:12]   [ComfyUI] [SubprocessWorker] created 1 shm blocks
[08:12]   [ComfyUI] [SubprocessWorker] sending request via socket...
[08:12]   [ComfyUI] [SubprocessWorker] call_id=63 sending call_method
[08:12]   Node executed (1 total), capturing...
[08:12]   [ComfyUI] [worker:ComfyUI-GeometryPack] INFO: Processing mesh: 11381 vertices, 22704 faces
[08:12]   [ComfyUI] [worker:ComfyUI-GeometryPack] INFO: Params: epsilon=0.0001, max_iter=12, direction=adaptive, re_detect=True
[08:12]   [ComfyUI] [worker:ComfyUI-GeometryPack] INFO: Found 8 vertices to perturb
[08:12]   [ComfyUI] [worker:ComfyUI-GeometryPack] INFO: Iteration 1: avg displacement = 0.000004
[08:12]   [ComfyUI] [worker:ComfyUI-GeometryPack] INFO: Iteration 2: avg displacement = 0.000008
[08:12]   [ComfyUI] [worker:ComfyUI-GeometryPack] INFO: Iteration 3: avg displacement = 0.000011
[08:12]   [ComfyUI] [worker:ComfyUI-GeometryPack] INFO: Iteration 4: avg displacement = 0.000015
[08:12]   [ComfyUI] [worker:ComfyUI-GeometryPack] INFO: Iteration 5: avg displacement = 0.000019
[08:12]   [ComfyUI] [worker:ComfyUI-GeometryPack] INFO: Iteration 6: avg displacement = 0.000023
[08:12]   [ComfyUI] [worker:ComfyUI-GeometryPack] INFO: Iteration 7: avg displacement = 0.000026
[08:12]   [ComfyUI] [worker:ComfyUI-GeometryPack] INFO: Iteration 8: avg displacement = 0.000030
[08:13]   [ComfyUI] [worker:ComfyUI-GeometryPack] INFO: Iteration 9: avg displacement = 0.000034
[08:13]   [ComfyUI] [worker:ComfyUI-GeometryPack] INFO: Iteration 10: avg displacement = 0.000038
[08:13]   [ComfyUI] [worker:ComfyUI-GeometryPack] INFO: Iteration 11: avg displacement = 0.000041
[08:13]   [ComfyUI] [worker:ComfyUI-GeometryPack] INFO: Iteration 12: avg displacement = 0.000045
[08:13]   Frame 2 saved (frame_001.jpg, t=0.8s)
[08:13]   [capture-node] freeze=3ms shot=107ms unfreeze=5ms saved=True
[08:13]   [ComfyUI] [worker:ComfyUI-GeometryPack] INFO: Re-detecting self-intersections...
[08:13]   [ComfyUI] [worker:ComfyUI-GeometryPack] INFO: No self-intersections remaining!
[08:13]   [ComfyUI] [worker:ComfyUI-GeometryPack] INFO: Complete: perturbed 8 vertices over 12 iterations
[08:13]   [ComfyUI] [SubprocessWorker] got response: ok
[08:13]   [ComfyUI] [comfy-env] GeomPackFixSelfIntersectionsByPerturbation done (0.49s): result: NodeOutput
[08:13]   [ComfyUI] [comfy-env] Running GeomPackDetectSelfIntersections: trimesh: Trimesh
[08:13]   [ComfyUI] [SubprocessWorker] call_method: nodes.repair_cgal.detect_intersections.DetectSelfIntersectionsNode.EXECUTE_NORMALIZED
[08:13]   [ComfyUI] [SubprocessWorker] acquired lock, ensuring started...
[08:13]   [ComfyUI] [ComfyUI-GeometryPack] Health check: ping (timeout=5.0s)...
[08:13]   [ComfyUI] [ComfyUI-GeometryPack] Health check: ok
[08:13]   [ComfyUI] [SubprocessWorker] worker started/confirmed
[08:13]   [ComfyUI] [SubprocessWorker] serializing kwargs to shm...
[08:13]   [ComfyUI] [SubprocessWorker] created 1 shm blocks
[08:13]   [ComfyUI] [SubprocessWorker] sending request via socket...
[08:13]   [ComfyUI] [SubprocessWorker] call_id=64 sending call_method
[08:13]   [ComfyUI] [worker:ComfyUI-GeometryPack] INFO: Analyzing mesh: 11381 vertices, 22704 faces
[08:13]   [ComfyUI] [worker:ComfyUI-GeometryPack] INFO: Using libigl CGAL method
[08:13]   Node executed (2 total), capturing...
[08:13]   [ComfyUI] [worker:ComfyUI-GeometryPack] INFO: No self-intersections detected
[08:13]   [ComfyUI] [SubprocessWorker] got response: ok
[08:13]   [ComfyUI] [comfy-env] GeomPackDetectSelfIntersections done (0.19s): result: NodeOutput
[08:13]   [ComfyUI] [comfy-env] Running GeomPackPreviewMeshDual: layout: 'side_by_side', mode: 'fields', opacity_1: 1.0, opacity_2: 1.0, mesh_1: Trimesh, mesh_2: Trimesh
[08:13]   [ComfyUI] [SubprocessWorker] call_method: nodes.visualization.preview_mesh_dual.PreviewMeshDualNode.EXECUTE_NORMALIZED
[08:13]   [ComfyUI] [SubprocessWorker] acquired lock, ensuring started...
[08:13]   [ComfyUI] [ComfyUI-GeometryPack] Health check: ping (timeout=5.0s)...
[08:13]   [ComfyUI] [ComfyUI-GeometryPack] Health check: ok
[08:13]   [ComfyUI] [SubprocessWorker] worker started/confirmed
[08:13]   [ComfyUI] [SubprocessWorker] serializing kwargs to shm...
[08:13]   [ComfyUI] [SubprocessWorker] created 2 shm blocks
[08:13]   [ComfyUI] [SubprocessWorker] sending request via socket...
[08:13]   [ComfyUI] [SubprocessWorker] call_id=65 sending call_method
[08:13]   [ComfyUI] [worker:ComfyUI-GeometryPack] INFO: Layout: side_by_side, Mode: fields
[08:13]   [ComfyUI] [worker:ComfyUI-GeometryPack] INFO: Mesh 1: Mesh - 11381 vertices, 22704 faces
[08:13]   [ComfyUI] [worker:ComfyUI-GeometryPack] INFO: Mesh 2: Mesh - 11381 vertices, 22704 faces
[08:13]   [ComfyUI] [worker:ComfyUI-GeometryPack] INFO: Mesh 1 fields: ['intersection_flag', 'intersection_count', 'face.self_intersecting']
[08:13]   [ComfyUI] [worker:ComfyUI-GeometryPack] INFO: Mesh 2 fields: ['intersection_flag', 'intersection_count', 'face.self_intersecting']
[08:13]   [ComfyUI] [worker:ComfyUI-GeometryPack] INFO: Common fields: ['intersection_flag', 'face.self_intersecting', 'intersection_count']
[08:13]   [ComfyUI] [worker:ComfyUI-GeometryPack] INFO: Mesh 1 visual: kind=None, texture=False, vertex_colors=False
[08:13]   [ComfyUI] [worker:ComfyUI-GeometryPack] INFO: Mesh 2 visual: kind=None, texture=False, vertex_colors=False
[08:13]   [ComfyUI] [worker:ComfyUI-GeometryPack] INFO: Exporting mesh to VTP: D:\a\comfy-gpu-ci\comfy-gpu-ci\test_workspaces\GeometryPack-0031\ComfyUI\output\preview_dual_1_a8d81363.vtp
[08:13]   [ComfyUI] [worker:ComfyUI-GeometryPack] INFO: Adding normals field (11381 vertices)
[08:13]   Frame 3 saved (frame_002.jpg, t=1.3s)
[08:13]   [capture-node] freeze=5ms shot=94ms unfreeze=6ms saved=True
[08:13]   [ComfyUI] [worker:ComfyUI-GeometryPack] INFO: Adding scalar field: intersection_flag (components: 1)
[08:13]   [ComfyUI] [worker:ComfyUI-GeometryPack] INFO: Adding scalar field: intersection_count (components: 1)
[08:13]   [ComfyUI] [worker:ComfyUI-GeometryPack] INFO: Adding face field: self_intersecting
[08:13]   [ComfyUI] [worker:ComfyUI-GeometryPack] INFO: Export complete: 11381 vertices, 22704 faces
[08:13]   [ComfyUI] [worker:ComfyUI-GeometryPack] INFO: Exported VTP with fields: D:\a\comfy-gpu-ci\comfy-gpu-ci\test_workspaces\GeometryPack-0031\ComfyUI\output\preview_dual_1_a8d81363.vtp
[08:13]   [ComfyUI] [worker:ComfyUI-GeometryPack] INFO: Exporting mesh to VTP: D:\a\comfy-gpu-ci\comfy-gpu-ci\test_workspaces\GeometryPack-0031\ComfyUI\output\preview_dual_2_a8d81363.vtp
[08:13]   Node executed (3 total), capturing...
[08:13]   [ComfyUI] [worker:ComfyUI-GeometryPack] INFO: Adding normals field (11381 vertices)
[08:13]   [ComfyUI] [worker:ComfyUI-GeometryPack] INFO: Adding scalar field: intersection_flag (components: 1)
[08:13]   [ComfyUI] [worker:ComfyUI-GeometryPack] INFO: Adding scalar field: intersection_count (components: 1)
[08:13]   [ComfyUI] [worker:ComfyUI-GeometryPack] INFO: Adding face field: self_intersecting
[08:13]   [ComfyUI] [worker:ComfyUI-GeometryPack] INFO: Export complete: 11381 vertices, 22704 faces
[08:13]   [ComfyUI] [worker:ComfyUI-GeometryPack] INFO: Exported VTP with fields: D:\a\comfy-gpu-ci\comfy-gpu-ci\test_workspaces\GeometryPack-0031\ComfyUI\output\preview_dual_2_a8d81363.vtp
[08:13]   [ComfyUI] [worker:ComfyUI-GeometryPack] INFO: Preview ready
[08:13]   [ComfyUI] [SubprocessWorker] got response: ok
[08:13]   [ComfyUI] [comfy-env] GeomPackPreviewMeshDual done (0.50s): result: NodeOutput
[08:13]   [ComfyUI] Prompt executed in 1.61 seconds
[08:13]   [capture-node] freeze=4ms shot=112ms unfreeze=5ms saved=False
[08:14]   Node executed (4 total), capturing...
[08:14]   Frame 4 saved (frame_003.jpg, t=2.1s)
[08:14]   [capture-node] freeze=53ms shot=547ms unfreeze=0ms saved=True
[08:14]   Execution complete (t=2.1s)
[08:14]   Captured 4 unique frames over 2.74s
[08:14]   [debug] iframes: 1
[08:14]   [debug]   iframe[0]: src=http://127.0.0.1:41890/extensions/ComfyUI-GeometryPack/viewer_dual.html?v=177845, canvas=370x485, rafFrozen=True
[08:14]   [timing] trigger_3d_previews: 0.0s
[08:17]   Saved high-quality screenshot: fix_self_intersection_executed.png
[08:17]   [timing] final_screenshot: 0.3s
[08:17] Capturing execution frames: mesh_info.json
[08:23]   Frame 1 saved (frame_000.jpg, t=0.0s)
[08:23]   Validating workflow...
[08:23]   [ComfyUI] === /validate endpoint called ===
[08:23]   [ComfyUI] Received JSON with keys: ['prompt']
[08:23]   [ComfyUI] Prompt has 3 nodes
[08:23]   [ComfyUI]   Node 1: GeomPackCreatePrimitive
[08:23]   [ComfyUI]     Inputs: {"shape": "cube", "size": 2, "subdivisions": 1}
[08:23]   [ComfyUI]   Node 7: GeomPackMeshInfo
[08:23]   Queuing workflow for execution...
[08:23]   [ComfyUI]     Inputs: {"report_panel": "true", "trimesh": ["1", 0]}
[08:23]   [ComfyUI]   Node 12: GeomPackMeshQuality
[08:23]   [ComfyUI]     Inputs: {"include_face_quality": true, "include_edge_stats": true, "report_panel": "true", "trimesh": ["1", 0]}
[08:23]   [ComfyUI] Generated prompt_id: 52337a4c-a06e-4981-95aa-c5786a8ba74e
[08:23]   [ComfyUI] Calling execution.validate_prompt()...
[08:23]   [ComfyUI] Validation result: valid=True
[08:23]   [ComfyUI] === Validation PASSED ===
[08:23]   [ComfyUI] got prompt
[08:23]   [ComfyUI] [comfy-env] Running GeomPackCreatePrimitive: shape: 'cube', size: 2.0, subdivisions: 1
[08:23]   [ComfyUI] [SubprocessWorker] call_method: nodes.primitives.create_primitive.CreatePrimitive.EXECUTE_NORMALIZED
[08:23]   [ComfyUI] [SubprocessWorker] acquired lock, ensuring started...
[08:23]   [ComfyUI] [ComfyUI-GeometryPack] Health check: ping (timeout=5.0s)...
[08:23]   [ComfyUI] [ComfyUI-GeometryPack] Health check: ok
[08:23]   [ComfyUI] [SubprocessWorker] worker started/confirmed
[08:23]   [ComfyUI] [SubprocessWorker] serializing kwargs to shm...
[08:23]   [ComfyUI] [SubprocessWorker] created 0 shm blocks
[08:23]   [ComfyUI] [SubprocessWorker] sending request via socket...
[08:23]   [ComfyUI] [SubprocessWorker] call_id=66 sending call_method
[08:23]   [ComfyUI] [worker:ComfyUI-GeometryPack] INFO: Created cube: 8 vertices, 12 faces
[08:23]   [ComfyUI] [SubprocessWorker] got response: ok
[08:23]   [ComfyUI] [comfy-env] GeomPackCreatePrimitive done (0.10s): result: NodeOutput
[08:23]   [ComfyUI] [comfy-env] Running GeomPackMeshQuality: include_face_quality: True, include_edge_stats: True, trimesh: Trimesh
[08:23]   [ComfyUI] [SubprocessWorker] call_method: nodes.analysis.mesh_quality.MeshQualityNode.EXECUTE_NORMALIZED
[08:23]   [ComfyUI] [SubprocessWorker] acquired lock, ensuring started...
[08:23]   [ComfyUI] [ComfyUI-GeometryPack] Health check: ping (timeout=5.0s)...
[08:23]   [ComfyUI] [ComfyUI-GeometryPack] Health check: ok
[08:23]   [ComfyUI] [SubprocessWorker] worker started/confirmed
[08:23]   [ComfyUI] [SubprocessWorker] serializing kwargs to shm...
[08:23]   [ComfyUI] [SubprocessWorker] created 1 shm blocks
[08:23]   [ComfyUI] [SubprocessWorker] sending request via socket...
[08:23]   [ComfyUI] [SubprocessWorker] call_id=67 sending call_method
[08:23]   [ComfyUI] [worker:ComfyUI-GeometryPack] INFO: Analyzing mesh: 8 vertices, 12 faces
[08:23]   [ComfyUI] [worker:ComfyUI-GeometryPack] INFO: Analysis complete
[08:23]   [ComfyUI] [SubprocessWorker] got response: ok
[08:23]   [ComfyUI] [comfy-env] GeomPackMeshQuality done (0.11s): result: NodeOutput
[08:23]   [ComfyUI] [comfy-env] Running GeomPackMeshInfo: trimesh: list[1]
[08:23]   [ComfyUI] [SubprocessWorker] call_method: nodes.analysis.mesh_info.MeshInfoNode.EXECUTE_NORMALIZED
[08:23]   [ComfyUI] [SubprocessWorker] acquired lock, ensuring started...
[08:23]   [ComfyUI] [ComfyUI-GeometryPack] Health check: ping (timeout=5.0s)...
[08:23]   [ComfyUI] [ComfyUI-GeometryPack] Health check: ok
[08:23]   [ComfyUI] [SubprocessWorker] worker started/confirmed
[08:23]   [ComfyUI] [SubprocessWorker] serializing kwargs to shm...
[08:23]   [ComfyUI] [SubprocessWorker] created 1 shm blocks
[08:23]   [ComfyUI] [SubprocessWorker] sending request via socket...
[08:23]   [ComfyUI] [SubprocessWorker] call_id=68 sending call_method
[08:23]   Node executed (1 total), capturing...
[08:23]   [ComfyUI] [SubprocessWorker] got response: ok
[08:23]   [ComfyUI] [comfy-env] GeomPackMeshInfo done (0.11s): result: NodeOutput
[08:23]   [ComfyUI] Prompt executed in 0.34 seconds
[08:23]   Frame 2 saved (frame_001.jpg, t=0.6s)
[08:23]   [capture-node] freeze=4ms shot=72ms unfreeze=6ms saved=True
[08:23]   Node executed (2 total), capturing...
[08:24]   [capture-node] freeze=4ms shot=74ms unfreeze=0ms saved=False
[08:24]   Execution complete (t=0.9s)
[08:24]   Captured 2 unique frames over 1.01s
[08:24]   [debug] iframes: 0
[08:24]   [timing] trigger_3d_previews: 0.0s
[08:26]   Saved high-quality screenshot: mesh_info_executed.png
[08:26]   [timing] final_screenshot: 0.2s
[08:26] Capturing execution frames: mesh_mesh_distance.json
[08:32]   Frame 1 saved (frame_000.jpg, t=0.0s)
[08:32]   Validating workflow...
[08:32]   [ComfyUI] === /validate endpoint called ===
[08:32]   [ComfyUI] Received JSON with keys: ['prompt']
[08:32]   [ComfyUI] Prompt has 5 nodes
[08:32]   [ComfyUI]   Node 3: GeomPackMeshToMeshDistance
[08:32]   [ComfyUI]     Inputs: {"metric": "hausdorff", "sample_count": 10000, "symmetric": "true", "report_panel": "true", "mesh_a": ["8", 0], "mesh_b": ["15", 0]}
[08:32]   [ComfyUI]   Node 8: GeomPackLoadMesh
[08:32]   Queuing workflow for execution...
[08:32]   [ComfyUI]     Inputs: {"file_path": "3d/Stanford_Bunny.stl"}
[08:32]   [ComfyUI]   Node 10: GeomPackMeshToMeshDistance
[08:32]   [ComfyUI]     Inputs: {"metric": "hausdorff", "sample_count": 10000, "symmetric": "true", "report_panel": "false", "mesh_a": ["8", 0], "mesh_b": ["16", 0]}
[08:32]   [ComfyUI]   Node 15: GeomPackRemesh
[08:32]   [ComfyUI]     Inputs: {"backend": "pymeshlab_isotropic", "backend.target_edge_length": 1, "backend.iterations": 3, "backend.feature_angle": 30, "backend.adaptive": "false", "report_panel": "false", "trimesh": ["8", 0]}
[08:32]   [ComfyUI]   Node 16: GeomPackRemesh
[08:32]   [ComfyUI]     Inputs: {"backend": "cgal_isotropic", "backend.cgal_edge_length": 1, "backend.cgal_iterations": 3, "backend.protect_boundaries": "true", "report_panel": "false", "trimesh": ["8", 0]}
[08:32]   [ComfyUI] Generated prompt_id: 9ecfdf5a-d005-4c7c-8879-11d73d05c866
[08:32]   [ComfyUI] Calling execution.validate_prompt()...
[08:32]   [ComfyUI] Validation result: valid=True
[08:32]   [ComfyUI] === Validation PASSED ===
[08:32]   [ComfyUI] got prompt
[08:32]   [ComfyUI] [comfy-env] Running GeomPackLoadMesh: file_path: '3d/Stanford_Bunny.stl'
[08:32]   [ComfyUI] [SubprocessWorker] call_method: nodes.io.load_mesh.LoadMesh.EXECUTE_NORMALIZED
[08:32]   [ComfyUI] [SubprocessWorker] acquired lock, ensuring started...
[08:32]   [ComfyUI] [ComfyUI-GeometryPack] Health check: ping (timeout=5.0s)...
[08:32]   [ComfyUI] [ComfyUI-GeometryPack] Health check: ok
[08:32]   [ComfyUI] [SubprocessWorker] worker started/confirmed
[08:32]   [ComfyUI] [SubprocessWorker] serializing kwargs to shm...
[08:32]   [ComfyUI] [SubprocessWorker] created 0 shm blocks
[08:32]   [ComfyUI] [SubprocessWorker] sending request via socket...
[08:32]   [ComfyUI] [SubprocessWorker] call_id=69 sending call_method
[08:34]   [ComfyUI] [worker:ComfyUI-GeometryPack] INFO: Found mesh in input folder: 3d/Stanford_Bunny.stl
[08:34]   [ComfyUI] [worker:ComfyUI-GeometryPack] INFO: Loading: D:\a\comfy-gpu-ci\comfy-gpu-ci\test_workspaces\GeometryPack-0031\ComfyUI\input\3d/Stanford_Bunny.stl
[08:34]   [ComfyUI] [worker:ComfyUI-GeometryPack] INFO: Initial mesh: 56203 vertices, 112402 faces
[08:34]   [ComfyUI] [worker:ComfyUI-GeometryPack] INFO: Successfully loaded: 56203 vertices, 112402 faces
[08:34]   [ComfyUI] [worker:ComfyUI-GeometryPack] INFO: Loaded: 56203 vertices, 112402 faces
[08:34]   [ComfyUI] [SubprocessWorker] got response: ok
[08:34]   [ComfyUI] [comfy-env] GeomPackLoadMesh done (1.94s): result: NodeOutput
[08:34]   [ComfyUI] [comfy-env] Running GeomPackRemesh: backend: dict, trimesh: Trimesh
[08:34]   [ComfyUI] [SubprocessWorker] call_method: nodes.remeshing.remesh.RemeshNode.EXECUTE_NORMALIZED
[08:34]   [ComfyUI] [SubprocessWorker] acquired lock, ensuring started...
[08:34]   [ComfyUI] [ComfyUI-GeometryPack] Health check: ping (timeout=5.0s)...
[08:34]   [ComfyUI] [ComfyUI-GeometryPack] Health check: ok
[08:34]   [ComfyUI] [SubprocessWorker] worker started/confirmed
[08:34]   [ComfyUI] [SubprocessWorker] serializing kwargs to shm...
[08:34]   [ComfyUI] [SubprocessWorker] created 1 shm blocks
[08:34]   [ComfyUI] [SubprocessWorker] sending request via socket...
[08:34]   [ComfyUI] [SubprocessWorker] call_id=70 sending call_method
[08:34]   [ComfyUI] [worker:ComfyUI-GeometryPack] INFO: Remesh dispatch: cgal_isotropic -> GeomPackRemesh_CGAL
[08:34]   Frame 2 saved (frame_001.jpg, t=2.3s)
[08:34]   [capture-periodic] freeze=4ms shot=81ms unfreeze=5ms saved=True
[08:34]   [ComfyUI] [SubprocessWorker] got response: ok
[08:34]   [ComfyUI] [comfy-env] GeomPackRemesh done (0.37s): result: NodeOutput
[08:34]   [ComfyUI] [comfy-env] Running GeomPackRemesh: backend: dict, trimesh: Trimesh
[08:34]   [ComfyUI] [SubprocessWorker] call_method: nodes.remeshing.remesh.RemeshNode.EXECUTE_NORMALIZED
[08:34]   [ComfyUI] [SubprocessWorker] acquired lock, ensuring started...
[08:34]   [ComfyUI] [ComfyUI-GeometryPack] Health check: ping (timeout=5.0s)...
[08:34]   [ComfyUI] [ComfyUI-GeometryPack] Health check: ok
[08:34]   [ComfyUI] [SubprocessWorker] worker started/confirmed
[08:34]   [ComfyUI] [SubprocessWorker] serializing kwargs to shm...
[08:34]   [ComfyUI] [SubprocessWorker] created 1 shm blocks
[08:34]   [ComfyUI] [SubprocessWorker] sending request via socket...
[08:34]   [ComfyUI] [SubprocessWorker] call_id=71 sending call_method
[08:35]   [ComfyUI] [worker:ComfyUI-GeometryPack] INFO: Remesh dispatch: pymeshlab_isotropic -> GeomPackRemesh_PyMeshLab
[08:35]   [ComfyUI] [SubprocessWorker] got response: ok
[08:35]   [ComfyUI] [comfy-env] GeomPackRemesh done (0.27s): result: NodeOutput
[08:35]   [ComfyUI] [comfy-env] Running GeomPackRemesh_CGAL: trimesh: Trimesh, target_edge_length: 1.0, iterations: 3, protect_boundaries: 'true'
[08:35]   [ComfyUI] [SubprocessWorker] call_method: nodes.remeshing_cgal.remesh.RemeshCGALNode.EXECUTE_NORMALIZED
[08:35]   [ComfyUI] [SubprocessWorker] acquired lock, ensuring started...
[08:35]   [ComfyUI] [ComfyUI-GeometryPack] Health check: ping (timeout=5.0s)...
[08:35]   [ComfyUI] [ComfyUI-GeometryPack] Health check: ok
[08:35]   [ComfyUI] [SubprocessWorker] worker started/confirmed
[08:35]   [ComfyUI] [SubprocessWorker] serializing kwargs to shm...
[08:35]   [ComfyUI] [SubprocessWorker] created 1 shm blocks
[08:35]   [ComfyUI] [SubprocessWorker] sending request via socket...
[08:35]   [ComfyUI] [SubprocessWorker] call_id=72 sending call_method
[08:35]   [ComfyUI] [worker:ComfyUI-GeometryPack] INFO: Backend: cgal_isotropic
[08:35]   [ComfyUI] [worker:ComfyUI-GeometryPack] INFO: Input: 56,203 vertices, 112,402 faces
[08:35]   [ComfyUI] [worker:ComfyUI-GeometryPack] INFO: Parameters: target_edge_length=1.0, iterations=3, protect_boundaries=true
[08:35]   [ComfyUI] [worker:ComfyUI-GeometryPack] INFO: Running CGAL isotropic remesh (target_edge_length=1.0)...
[08:37]   Frame 3 saved (frame_002.jpg, t=4.5s)
[08:37]   [capture-periodic] freeze=4ms shot=96ms unfreeze=6ms saved=True
[08:38]   [capture-loop] iter=50 t=5.8s state={'complete': False, 'error': None, 'executedCount': 0, 'wsState': 1} eval_ms=4 ram=5.4/16.0GB (34%) swap=0.2/2.9GB (6%) cpu=30% browser_rss=0.77GB
[08:41]   [ComfyUI] [worker:ComfyUI-GeometryPack] INFO: Output: 41466 vertices (-14737), 82928 faces (-29474)
[08:41]   [ComfyUI] [SubprocessWorker] got response: ok
[08:41]   [ComfyUI] [comfy-env] GeomPackRemesh_CGAL done (6.41s): result: NodeOutput
[08:41]   [ComfyUI] [comfy-env] Running GeomPackMeshToMeshDistance: metric: 'hausdorff', sample_count: 10000, symmetric: 'true', mesh_a: Trimesh, mesh_b: Trimesh
[08:41]   [ComfyUI] [SubprocessWorker] call_method: nodes.distance.mesh_to_mesh_distance.MeshDistanceNode.EXECUTE_NORMALIZED
[08:41]   [ComfyUI] [SubprocessWorker] acquired lock, ensuring started...
[08:41]   [ComfyUI] [ComfyUI-GeometryPack] Health check: ping (timeout=5.0s)...
[08:41]   [ComfyUI] [ComfyUI-GeometryPack] Health check: ok
[08:41]   [ComfyUI] [SubprocessWorker] worker started/confirmed
[08:41]   [ComfyUI] [SubprocessWorker] serializing kwargs to shm...
[08:41]   [ComfyUI] [SubprocessWorker] created 2 shm blocks
[08:41]   [ComfyUI] [SubprocessWorker] sending request via socket...
[08:41]   [ComfyUI] [SubprocessWorker] call_id=73 sending call_method
[08:41]   Node executed (1 total), capturing...
[08:41]   [ComfyUI] C:\ce\.pixi\envs\geometrypack-nodes\Lib\site-packages\point_cloud_utils\_ray_mesh_intersector.py:13: SyntaxWarning: invalid escape sequence '\#'
[08:41]   [ComfyUI]   mesh_v : \#v by 3 array of vertex positions (each row is a vertex)
[08:41]   [ComfyUI] C:\ce\.pixi\envs\geometrypack-nodes\Lib\site-packages\point_cloud_utils\_ray_mesh_intersector.py:27: SyntaxWarning: invalid escape sequence '\#'
[08:41]   [ComfyUI]   ray_o : array of shape (\#rays, 3) of ray origins (one per row) or a single array of shape (3,) to use
[08:41]   [ComfyUI] C:\ce\.pixi\envs\geometrypack-nodes\Lib\site-packages\point_cloud_utils\_point_cloud_geometry.py:71: SyntaxWarning: invalid escape sequence '\#'
[08:41]   [ComfyUI]   p : \#p by 3 array of vertex positions (each row is a vertex)
[08:41]   [ComfyUI] C:\ce\.pixi\envs\geometrypack-nodes\Lib\site-packages\point_cloud_utils\_point_cloud_geometry.py:91: SyntaxWarning: invalid escape sequence '\#'
[08:41]   [ComfyUI]   p : \#p by 3 array of vertex positions (each row is a vertex)
[08:41]   [ComfyUI] [worker:ComfyUI-GeometryPack] INFO: Metric: hausdorff, Samples: 10000
[08:41]   [ComfyUI] [worker:ComfyUI-GeometryPack] INFO: Mesh A: 56203 vertices, 112402 faces
[08:42]   [ComfyUI] [worker:ComfyUI-GeometryPack] INFO: Mesh B: 41466 vertices, 82928 faces
[08:42]   Frame 4 saved (frame_003.jpg, t=9.4s)
[08:42]   [capture-node] freeze=5ms shot=96ms unfreeze=5ms saved=True
[08:42]   [ComfyUI] [worker:ComfyUI-GeometryPack] INFO: Result: 3.044925
[08:42]   [ComfyUI] [SubprocessWorker] got response: ok
[08:42]   [ComfyUI] [comfy-env] GeomPackMeshToMeshDistance done (0.58s): result: NodeOutput
[08:42]   [ComfyUI] [comfy-env] Running GeomPackRemesh_PyMeshLab: trimesh: Trimesh, target_edge_length: 1.0, iterations: 3, feature_angle: 30.0, adaptive: 'false'
[08:42]   [ComfyUI] [SubprocessWorker] call_method: nodes.remeshing.backends.pymeshlab_isotropic.RemeshPyMeshLabNode.EXECUTE_NORMALIZED
[08:42]   [ComfyUI] [SubprocessWorker] acquired lock, ensuring started...
[08:42]   [ComfyUI] [ComfyUI-GeometryPack] Health check: ping (timeout=5.0s)...
[08:42]   [ComfyUI] [ComfyUI-GeometryPack] Health check: ok
[08:42]   [ComfyUI] [SubprocessWorker] worker started/confirmed
[08:42]   [ComfyUI] [SubprocessWorker] serializing kwargs to shm...
[08:42]   [ComfyUI] [SubprocessWorker] created 1 shm blocks
[08:42]   [ComfyUI] [SubprocessWorker] sending request via socket...
[08:42]   [ComfyUI] [SubprocessWorker] call_id=74 sending call_method
[08:42]   Node executed (2 total), capturing...
[08:42]   [ComfyUI] [worker:ComfyUI-GeometryPack] INFO: Backend: pymeshlab_isotropic
[08:42]   [ComfyUI] [worker:ComfyUI-GeometryPack] INFO: Input: 56203 vertices, 112402 faces
[08:42]   [ComfyUI] [worker:ComfyUI-GeometryPack] INFO: Parameters: target_edge_length=1.0, iterations=3, feature_angle=30.0, adaptive=false
[08:42]   Frame 5 saved (frame_004.jpg, t=9.9s)
[08:42]   [capture-node] freeze=4ms shot=81ms unfreeze=5ms saved=True
[08:44]   [capture-loop] iter=100 t=12.1s state={'complete': False, 'error': None, 'executedCount': 2, 'wsState': 1} eval_ms=5 ram=5.3/16.0GB (33%) swap=0.2/2.9GB (6%) cpu=37% browser_rss=0.69GB
[08:49]   [ComfyUI] [worker:ComfyUI-GeometryPack] INFO: Output: 32264 vertices, 64524 faces
[08:49]   [ComfyUI] [SubprocessWorker] got response: ok
[08:49]   [ComfyUI] [comfy-env] GeomPackRemesh_PyMeshLab done (7.03s): result: NodeOutput
[08:49]   [ComfyUI] [comfy-env] Running GeomPackMeshToMeshDistance: metric: 'hausdorff', sample_count: 10000, symmetric: 'true', mesh_a: Trimesh, mesh_b: Trimesh
[08:49]   [ComfyUI] [SubprocessWorker] call_method: nodes.distance.mesh_to_mesh_distance.MeshDistanceNode.EXECUTE_NORMALIZED
[08:49]   [ComfyUI] [SubprocessWorker] acquired lock, ensuring started...
[08:49]   [ComfyUI] [ComfyUI-GeometryPack] Health check: ping (timeout=5.0s)...
[08:49]   [ComfyUI] [ComfyUI-GeometryPack] Health check: ok
[08:49]   [ComfyUI] [SubprocessWorker] worker started/confirmed
[08:49]   [ComfyUI] [SubprocessWorker] serializing kwargs to shm...
[08:49]   [ComfyUI] [SubprocessWorker] created 2 shm blocks
[08:49]   [ComfyUI] [SubprocessWorker] sending request via socket...
[08:49]   [ComfyUI] [SubprocessWorker] call_id=75 sending call_method
[08:49]   Node executed (3 total), capturing...
[08:49]   [ComfyUI] [worker:ComfyUI-GeometryPack] INFO: Metric: hausdorff, Samples: 10000
[08:49]   [ComfyUI] [worker:ComfyUI-GeometryPack] INFO: Mesh A: 56203 vertices, 112402 faces
[08:49]   [ComfyUI] [worker:ComfyUI-GeometryPack] INFO: Mesh B: 32264 vertices, 64524 faces
[08:49]   Frame 6 saved (frame_005.jpg, t=17.0s)
[08:49]   [capture-node] freeze=4ms shot=91ms unfreeze=4ms saved=True
[08:49]   [ComfyUI] [worker:ComfyUI-GeometryPack] INFO: Result: 2.909500
[08:49]   [ComfyUI] [SubprocessWorker] got response: ok
[08:49]   [ComfyUI] [comfy-env] GeomPackMeshToMeshDistance done (0.54s): result: NodeOutput
[08:49]   [ComfyUI] Prompt executed in 17.15 seconds
[08:49]   Node executed (4 total), capturing...
[08:50]   Frame 7 saved (frame_006.jpg, t=17.5s)
[08:50]   [capture-node] freeze=6ms shot=105ms unfreeze=0ms saved=True
[08:50]   Execution complete (t=17.5s)
[08:50]   Captured 7 unique frames over 17.61s
[08:50]   [debug] iframes: 0
[08:50]   [timing] trigger_3d_previews: 0.0s
[08:52]   Saved high-quality screenshot: mesh_mesh_distance_executed.png
[08:52]   [timing] final_screenshot: 0.2s
[08:52] Capturing execution frames: normals.json
[08:58]   Frame 1 saved (frame_000.jpg, t=0.0s)
[08:58]   Validating workflow...
[08:58]   [ComfyUI] === /validate endpoint called ===
[08:58]   [ComfyUI] Received JSON with keys: ['prompt']
[08:58]   [ComfyUI] Prompt has 4 nodes
[08:58]   [ComfyUI]   Node 1: GeomPackLoadMesh
[08:58]   [ComfyUI]     Inputs: {"file_path": "3d/Stanford_Bunny.stl"}
[08:58]   [ComfyUI]   Node 2: GeomPackCheckNormals
[08:58]   Queuing workflow for execution...
[08:58]   [ComfyUI]     Inputs: {"report_panel": "false", "trimesh": ["1", 0]}
[08:58]   [ComfyUI]   Node 3: GeomPackComputeNormals
[08:58]   [ComfyUI]     Inputs: {"smooth_vertex_normals": "true", "trimesh": ["1", 0]}
[08:58]   [ComfyUI]   Node 7: GeomPackPreviewMeshVTK
[08:58]   [ComfyUI]     Inputs: {"mode": "fields", "preview_vtk": "{\"show_edges\":false,\"camera_state\":\"\",\"selected_field\":\"\",\"selected_channel\":\"magnitude\",\"selected_colormap\":\"erdc_rainbow_bright\"}", "trimesh": ["
[08:58]   [ComfyUI] Generated prompt_id: e3f095ea-d8d7-4b4b-a4d1-e1febeabc124
[08:58]   [ComfyUI] Calling execution.validate_prompt()...
[08:58]   [ComfyUI] Validation result: valid=True
[08:58]   [ComfyUI] === Validation PASSED ===
[08:58]   [ComfyUI] got prompt
[08:58]   [ComfyUI] [comfy-env] Running GeomPackLoadMesh: file_path: '3d/Stanford_Bunny.stl'
[08:58]   [ComfyUI] [SubprocessWorker] call_method: nodes.io.load_mesh.LoadMesh.EXECUTE_NORMALIZED
[08:58]   [ComfyUI] [SubprocessWorker] acquired lock, ensuring started...
[08:58]   [ComfyUI] [ComfyUI-GeometryPack] Health check: ping (timeout=5.0s)...
[08:58]   [ComfyUI] [ComfyUI-GeometryPack] Health check: failed
[08:58]   [ComfyUI] [ComfyUI-GeometryPack] Socket unhealthy, restarting worker...
[08:58]   [ComfyUI] [comfy-env] geometrypack-nodes: Library/bin has 609 DLLs
[08:58]   [ComfyUI] [ComfyUI-GeometryPack] python: C:\ce\.pixi\envs\geometrypack-nodes\python.exe
[08:58]   [ComfyUI] [ComfyUI-GeometryPack] sys_path sent to worker: ['D:\\a\\comfy-gpu-ci\\comfy-gpu-ci\\test_workspaces\\GeometryPack-0031\\ComfyUI', 'D:\\a\\comfy-gpu-ci\\comfy-gpu-ci\\test_workspaces\\GeometryPack-0031\\ComfyUI\\custom_nodes\\ComfyUI-GeometryPack', 'C:\\ce\\.pixi\\envs\\geometrypack-nodes\\Lib\\site-packages', 'D:\\a\\comfy-gpu-ci\\comfy-gpu-ci\\test_workspaces\\GeometryPack-0031\\ComfyUI\\custom_nodes\\ComfyUI-GeometryPack']
[08:58]   [ComfyUI] [SubprocessWorker] is_pixi=True, python=C:\ce\.pixi\envs\geometrypack-nodes\python.exe
[08:58]   [ComfyUI] [SubprocessWorker] launching cmd=['C:\\Users\\runneradmin\\.pixi\\bin\\pixi.exe', 'run', '--as-is', '--manifest-path', 'C:\\ce\\pixi.toml', '-e', 'geometrypack-nodes', 'python', 'C:\\Users\\RUNNER~1\\AppData\\Local\\Temp\\comfyui_pvenv_2ige8rze\\persistent_worker.py', 'tcp://127.0.0.1:55244']...
[09:00]   Frame 2 saved (frame_001.jpg, t=2.2s)
[09:00]   [capture-periodic] freeze=4ms shot=74ms unfreeze=6ms saved=True
[09:00]   [ComfyUI] [worker:ComfyUI-GeometryPack] ERROR: Failed to import comfy_kitchen, Error: No module named 'comfy_kitchen', fp8 and fp4 support will not be available.
[09:00]   [ComfyUI] [SubprocessWorker] worker started/confirmed
[09:00]   [ComfyUI] [SubprocessWorker] serializing kwargs to shm...
[09:00]   [ComfyUI] [SubprocessWorker] created 0 shm blocks
[09:00]   [ComfyUI] [SubprocessWorker] sending request via socket...
[09:00]   [ComfyUI] [SubprocessWorker] call_id=76 sending call_method
[09:02]   [ComfyUI] [worker:ComfyUI-GeometryPack] INFO: Found mesh in input folder: 3d/Stanford_Bunny.stl
[09:02]   [ComfyUI] [worker:ComfyUI-GeometryPack] INFO: Loading: D:\a\comfy-gpu-ci\comfy-gpu-ci\test_workspaces\GeometryPack-0031\ComfyUI\input\3d/Stanford_Bunny.stl
[09:02]   [ComfyUI] [worker:ComfyUI-GeometryPack] INFO: Initial mesh: 56203 vertices, 112402 faces
[09:02]   [ComfyUI] [worker:ComfyUI-GeometryPack] INFO: Successfully loaded: 56203 vertices, 112402 faces
[09:02]   [ComfyUI] [worker:ComfyUI-GeometryPack] INFO: Loaded: 56203 vertices, 112402 faces
[09:02]   [ComfyUI] [SubprocessWorker] got response: ok
[09:02]   [ComfyUI] [comfy-env] GeomPackLoadMesh done (4.32s): result: NodeOutput
[09:02]   [ComfyUI] [comfy-env] Running GeomPackCheckNormals: trimesh: Trimesh
[09:02]   [ComfyUI] [SubprocessWorker] call_method: nodes.repair.check_normals.CheckNormalsNode.EXECUTE_NORMALIZED
[09:02]   [ComfyUI] [SubprocessWorker] acquired lock, ensuring started...
[09:02]   [ComfyUI] [ComfyUI-GeometryPack] Health check: ping (timeout=5.0s)...
[09:02]   [ComfyUI] [ComfyUI-GeometryPack] Health check: ok
[09:02]   [ComfyUI] [SubprocessWorker] worker started/confirmed
[09:02]   [ComfyUI] [SubprocessWorker] serializing kwargs to shm...
[09:02]   Frame 3 saved (frame_002.jpg, t=4.3s)
[09:02]   [capture-periodic] freeze=5ms shot=84ms unfreeze=5ms saved=True
[09:02]   [ComfyUI] [SubprocessWorker] created 1 shm blocks
[09:02]   [ComfyUI] [SubprocessWorker] sending request via socket...
[09:02]   [ComfyUI] [SubprocessWorker] call_id=77 sending call_method
[09:02]   [ComfyUI] [worker:ComfyUI-GeometryPack] INFO: Analyzing mesh with 56203 vertices, 112402 faces
[09:03]   [ComfyUI] [worker:ComfyUI-GeometryPack] INFO: Winding: True, Watertight: True, Degenerate: 1
[09:03]   [ComfyUI] [SubprocessWorker] got response: ok
[09:03]   [ComfyUI] [comfy-env] GeomPackCheckNormals done (0.49s): result: NodeOutput
[09:03]   [ComfyUI] [comfy-env] Running GeomPackComputeNormals: smooth_vertex_normals: 'true', trimesh: Trimesh
[09:03]   [ComfyUI] [SubprocessWorker] call_method: nodes.repair.compute_normals.ComputeNormalsNode.EXECUTE_NORMALIZED
[09:03]   [ComfyUI] [SubprocessWorker] acquired lock, ensuring started...
[09:03]   [ComfyUI] [ComfyUI-GeometryPack] Health check: ping (timeout=5.0s)...
[09:03]   [ComfyUI] [ComfyUI-GeometryPack] Health check: ok
[09:03]   [ComfyUI] [SubprocessWorker] worker started/confirmed
[09:03]   [ComfyUI] [SubprocessWorker] serializing kwargs to shm...
[09:03]   [ComfyUI] [SubprocessWorker] created 1 shm blocks
[09:03]   [ComfyUI] [SubprocessWorker] sending request via socket...
[09:03]   [ComfyUI] [SubprocessWorker] call_id=78 sending call_method
[09:03]   Node executed (1 total), capturing...
[09:03]   [ComfyUI] [worker:ComfyUI-GeometryPack] INFO: Processing mesh with 56203 vertices, 112402 faces
[09:03]   Frame 4 saved (frame_003.jpg, t=5.2s)
[09:03]   [capture-node] freeze=4ms shot=88ms unfreeze=5ms saved=True
[09:03]   [ComfyUI] [worker:ComfyUI-GeometryPack] INFO: Computed smooth vertex normals
[09:03]   [ComfyUI] [SubprocessWorker] got response: ok
[09:03]   [ComfyUI] [comfy-env] GeomPackComputeNormals done (0.49s): result: NodeOutput
[09:03]   [ComfyUI] [comfy-env] Running GeomPackPreviewMeshVTK: mode: 'fields', trimesh: Trimesh
[09:03]   [ComfyUI] [SubprocessWorker] call_method: nodes.visualization.preview_mesh_vtk.PreviewMeshVTKNode.EXECUTE_NORMALIZED
[09:03]   [ComfyUI] [SubprocessWorker] acquired lock, ensuring started...
[09:03]   [ComfyUI] [ComfyUI-GeometryPack] Health check: ping (timeout=5.0s)...
[09:03]   [ComfyUI] [ComfyUI-GeometryPack] Health check: ok
[09:03]   [ComfyUI] [SubprocessWorker] worker started/confirmed
[09:03]   [ComfyUI] [SubprocessWorker] serializing kwargs to shm...
[09:03]   [ComfyUI] [SubprocessWorker] created 1 shm blocks
[09:03]   [ComfyUI] [SubprocessWorker] sending request via socket...
[09:03]   [ComfyUI] [SubprocessWorker] call_id=79 sending call_method
[09:03]   [ComfyUI] [worker:ComfyUI-GeometryPack] INFO: Preparing preview: Mesh - 56203 vertices, 112402 faces
[09:03]   [ComfyUI] [worker:ComfyUI-GeometryPack] INFO: Mode: fields
[09:03]   [ComfyUI] [worker:ComfyUI-GeometryPack] INFO: Visual data - has_visual: True, kind: None, texture: False, vertex_colors: False
[09:04]   [ComfyUI] [worker:ComfyUI-GeometryPack] INFO: Using fields mode - VTP export
[09:04]   [ComfyUI] [worker:ComfyUI-GeometryPack] INFO: Exporting mesh to VTP: D:\a\comfy-gpu-ci\comfy-gpu-ci\test_workspaces\GeometryPack-0031\ComfyUI\output\preview_vtk_184cc23b.vtp
[09:04]   [ComfyUI] [worker:ComfyUI-GeometryPack] INFO: Adding normals field (56203 vertices)
[09:04]   [capture-loop] iter=50 t=6.0s state={'complete': False, 'error': None, 'executedCount': 1, 'wsState': 1} eval_ms=5 ram=5.3/16.0GB (33%) swap=0.2/2.9GB (6%) cpu=30% browser_rss=0.73GB
[09:04]   [ComfyUI] [worker:ComfyUI-GeometryPack] INFO: Adding scalar field: normal_x (components: 1)
[09:04]   [ComfyUI] [worker:ComfyUI-GeometryPack] INFO: Adding scalar field: normal_y (components: 1)
[09:04]   [ComfyUI] [worker:ComfyUI-GeometryPack] INFO: Adding scalar field: normal_z (components: 1)
[09:04]   [ComfyUI] [worker:ComfyUI-GeometryPack] INFO: Adding scalar field: normal_magnitude (components: 1)
[09:04]   [ComfyUI] [worker:ComfyUI-GeometryPack] INFO: Adding face field: stl
[09:04]   [ComfyUI] [worker:ComfyUI-GeometryPack] INFO: Export complete: 56203 vertices, 112402 faces
[09:04]   [ComfyUI] [worker:ComfyUI-GeometryPack] INFO: Exported VTP to: D:\a\comfy-gpu-ci\comfy-gpu-ci\test_workspaces\GeometryPack-0031\ComfyUI\output\preview_vtk_184cc23b.vtp
[09:04]   [ComfyUI] [worker:ComfyUI-GeometryPack] INFO: Vertex attributes: ['normal_x', 'normal_y', 'normal_z', 'normal_magnitude']
[09:04]   [ComfyUI] [worker:ComfyUI-GeometryPack] INFO: Face attributes: ['stl']
[09:04]   [ComfyUI] [worker:ComfyUI-GeometryPack] INFO: Fields mode info: watertight=True, volume=279628.2991519195, area=29684.951065464225, fields=['normal_x', 'normal_y', 'normal_z', 'normal_magnitude', 'face.stl']
[09:05]   [ComfyUI] [SubprocessWorker] got response: ok
[09:05]   [ComfyUI] [comfy-env] GeomPackPreviewMeshVTK done (1.35s): result: NodeOutput
[09:05]   [ComfyUI] Prompt executed in 6.67 seconds
[09:05]   Node executed (2 total), capturing...
[09:05]   Frame 5 saved (frame_004.jpg, t=7.0s)
[09:05]   [capture-node] freeze=5ms shot=103ms unfreeze=0ms saved=True
[09:05]   Execution complete (t=7.0s)
[09:05]   Captured 5 unique frames over 7.11s
[09:05]   [debug] iframes: 1
[09:05]   [debug]   iframe[0]: src=http://127.0.0.1:41890/extensions/ComfyUI-GeometryPack/viewer_vtk.html?v=1778460, canvas=0x0, rafFrozen=False
[09:05]   [timing] trigger_3d_previews: 0.0s
[09:07]   Saved high-quality screenshot: normals_executed.png
[09:07]   [timing] final_screenshot: 0.2s
[09:07] Capturing execution frames: point_mesh_distance.json
[09:13]   Frame 1 saved (frame_000.jpg, t=0.0s)
[09:13]   Validating workflow...
[09:13]   [ComfyUI] === /validate endpoint called ===
[09:13]   [ComfyUI] Received JSON with keys: ['prompt']
[09:13]   [ComfyUI] Prompt has 6 nodes
[09:13]   [ComfyUI]   Node 1: GeomPackCreatePrimitive
[09:13]   [ComfyUI]     Inputs: {"shape": "cube", "size": 2, "subdivisions": 1}
[09:13]   [ComfyUI]   Node 2: GeomPackCreatePrimitive
[09:13]   Queuing workflow for execution...
[09:13]   [ComfyUI]     Inputs: {"shape": "sphere", "size": 2.5, "subdivisions": 2}
[09:13]   [ComfyUI]   Node 4: GeomPackMeshToPointCloud
[09:13]   [ComfyUI]     Inputs: {"mode": "surface_sampling", "sample_count": 10000, "sampling_method": "uniform", "include_normals": "true", "trimesh": ["1", 0]}
[09:13]   [ComfyUI]   Node 5: GeomPackPointToMeshDistance
[09:13]   [ComfyUI]     Inputs: {"distance_type": "unsigned", "sign_method": "default", "report_panel": "false", "target_mesh": ["2", 0], "pointcloud": ["4", 0]}
[09:13]   [ComfyUI]   Node 7: GeomPackCombineMeshes
[09:13]   [ComfyUI]     Inputs: {"report_panel": "false", "mesh_a": ["1", 0], "mesh_b": ["2", 0]}
[09:13]   [ComfyUI]   Node 8: GeomPackPreviewMeshDual
[09:13]   [ComfyUI]     Inputs: {"layout": "side_by_side", "mode": "fields", "opacity_1": 1, "opacity_2": 1, "preview_dual": "{\"show_edges\":false,\"camera_state\":\"\",\"selected_field\":\"\",\"selected_channel\":\"magnitude\",\"s
[09:13]   [ComfyUI] Generated prompt_id: 12aa7e97-7493-4b50-aacf-9697311e0c53
[09:13]   [ComfyUI] Calling execution.validate_prompt()...
[09:13]   [ComfyUI] Validation result: valid=True
[09:13]   [ComfyUI] === Validation PASSED ===
[09:13]   [ComfyUI] got prompt
[09:13]   [ComfyUI] [comfy-env] Running GeomPackCreatePrimitive: shape: 'sphere', size: 2.5, subdivisions: 2
[09:13]   [ComfyUI] [SubprocessWorker] call_method: nodes.primitives.create_primitive.CreatePrimitive.EXECUTE_NORMALIZED
[09:13]   [ComfyUI] [SubprocessWorker] acquired lock, ensuring started...
[09:13]   [ComfyUI] [ComfyUI-GeometryPack] Health check: ping (timeout=5.0s)...
[09:13]   [ComfyUI] [ComfyUI-GeometryPack] Health check: ok
[09:13]   [ComfyUI] [SubprocessWorker] worker started/confirmed
[09:13]   [ComfyUI] [SubprocessWorker] serializing kwargs to shm...
[09:13]   [ComfyUI] [SubprocessWorker] created 0 shm blocks
[09:13]   [ComfyUI] [SubprocessWorker] sending request via socket...
[09:13]   [ComfyUI] [SubprocessWorker] call_id=80 sending call_method
[09:13]   [ComfyUI] [worker:ComfyUI-GeometryPack] INFO: Created sphere: 162 vertices, 320 faces
[09:13]   [ComfyUI] [SubprocessWorker] got response: ok
[09:13]   [ComfyUI] [comfy-env] GeomPackCreatePrimitive done (0.29s): result: NodeOutput
[09:13]   [ComfyUI] [comfy-env] Running GeomPackCreatePrimitive: shape: 'cube', size: 2.0, subdivisions: 1
[09:13]   [ComfyUI] [SubprocessWorker] call_method: nodes.primitives.create_primitive.CreatePrimitive.EXECUTE_NORMALIZED
[09:13]   [ComfyUI] [SubprocessWorker] acquired lock, ensuring started...
[09:13]   [ComfyUI] [ComfyUI-GeometryPack] Health check: ping (timeout=5.0s)...
[09:13]   [ComfyUI] [ComfyUI-GeometryPack] Health check: ok
[09:13]   [ComfyUI] [SubprocessWorker] worker started/confirmed
[09:13]   [ComfyUI] [SubprocessWorker] serializing kwargs to shm...
[09:13]   [ComfyUI] [SubprocessWorker] created 0 shm blocks
[09:13]   [ComfyUI] [SubprocessWorker] sending request via socket...
[09:13]   [ComfyUI] [SubprocessWorker] call_id=81 sending call_method
[09:14]   [ComfyUI] [worker:ComfyUI-GeometryPack] INFO: Created cube: 8 vertices, 12 faces
[09:14]   [ComfyUI] [SubprocessWorker] got response: ok
[09:14]   [ComfyUI] [comfy-env] GeomPackCreatePrimitive done (0.29s): result: NodeOutput
[09:14]   [ComfyUI] [comfy-env] Running GeomPackCombineMeshes: mesh_a: Trimesh, mesh_b: Trimesh
[09:14]   [ComfyUI] [SubprocessWorker] call_method: nodes.combine.combine_meshes.CombineMeshesNode.EXECUTE_NORMALIZED
[09:14]   [ComfyUI] [SubprocessWorker] acquired lock, ensuring started...
[09:14]   [ComfyUI] [ComfyUI-GeometryPack] Health check: ping (timeout=5.0s)...
[09:14]   [ComfyUI] [ComfyUI-GeometryPack] Health check: ok
[09:14]   [ComfyUI] [SubprocessWorker] worker started/confirmed
[09:14]   [ComfyUI] [SubprocessWorker] serializing kwargs to shm...
[09:14]   [ComfyUI] [SubprocessWorker] created 2 shm blocks
[09:14]   [ComfyUI] [SubprocessWorker] sending request via socket...
[09:14]   [ComfyUI] [SubprocessWorker] call_id=82 sending call_method
[09:14]   [ComfyUI] [worker:ComfyUI-GeometryPack] INFO: Combining 2 meshes
[09:14]   [ComfyUI] [worker:ComfyUI-GeometryPack] INFO: Mesh 1: 8 vertices, 12 faces
[09:14]   [ComfyUI] [worker:ComfyUI-GeometryPack] INFO: Mesh 2: 162 vertices, 320 faces
[09:14]   [ComfyUI] [worker:ComfyUI-GeometryPack] INFO: Result: 170 vertices, 332 faces
[09:14]   [ComfyUI] [SubprocessWorker] got response: ok
[09:14]   [ComfyUI] [comfy-env] GeomPackCombineMeshes done (0.42s): result: NodeOutput
[09:14]   [ComfyUI] [comfy-env] Running GeomPackMeshToPointCloud: mode: 'surface_sampling', sample_count: 10000, sampling_method: 'uniform', include_normals: 'true', trimesh: Trimesh
[09:14]   [ComfyUI] [SubprocessWorker] call_method: nodes.conversion.mesh_to_pointcloud.MeshToPointCloudNode.EXECUTE_NORMALIZED
[09:14]   [ComfyUI] [SubprocessWorker] acquired lock, ensuring started...
[09:14]   [ComfyUI] [ComfyUI-GeometryPack] Health check: ping (timeout=5.0s)...
[09:14]   [ComfyUI] [ComfyUI-GeometryPack] Health check: ok
[09:14]   [ComfyUI] [SubprocessWorker] worker started/confirmed
[09:14]   [ComfyUI] [SubprocessWorker] serializing kwargs to shm...
[09:14]   [ComfyUI] [SubprocessWorker] created 1 shm blocks
[09:14]   [ComfyUI] [SubprocessWorker] sending request via socket...
[09:14]   [ComfyUI] [SubprocessWorker] call_id=83 sending call_method
[09:14]   Node executed (1 total), capturing...
[09:14]   [ComfyUI] [worker:ComfyUI-GeometryPack] INFO: Sampling 10,000 points using uniform method
[09:14]   [ComfyUI] [worker:ComfyUI-GeometryPack] INFO: Generated point cloud with 10,000 points
[09:14]   [ComfyUI] [SubprocessWorker] got response: ok
[09:14]   [ComfyUI] [comfy-env] GeomPackMeshToPointCloud done (0.30s): result: NodeOutput
[09:14]   [ComfyUI] [comfy-env] Running GeomPackPointToMeshDistance: distance_type: 'unsigned', sign_method: 'default', target_mesh: Trimesh, pointcloud: Trimesh
[09:14]   [ComfyUI] [SubprocessWorker] call_method: nodes.distance.point_to_mesh_distance.PointToMeshDistanceNode.EXECUTE_NORMALIZED
[09:14]   [ComfyUI] [SubprocessWorker] acquired lock, ensuring started...
[09:14]   [ComfyUI] [ComfyUI-GeometryPack] Health check: ping (timeout=5.0s)...
[09:14]   [ComfyUI] [ComfyUI-GeometryPack] Health check: ok
[09:14]   [ComfyUI] [SubprocessWorker] worker started/confirmed
[09:14]   [ComfyUI] [SubprocessWorker] serializing kwargs to shm...
[09:14]   [ComfyUI] [SubprocessWorker] created 2 shm blocks
[09:14]   [ComfyUI] [SubprocessWorker] sending request via socket...
[09:14]   [ComfyUI] [SubprocessWorker] call_id=84 sending call_method
[09:14]   Frame 2 saved (frame_001.jpg, t=1.4s)
[09:14]   [capture-node] freeze=5ms shot=85ms unfreeze=7ms saved=True
[09:15]   [ComfyUI] [worker:ComfyUI-GeometryPack] INFO: Computing unsigned distances for 10,000 points
[09:15]   [ComfyUI] [worker:ComfyUI-GeometryPack] INFO: Input: Point Cloud
[09:15]   [ComfyUI] [worker:ComfyUI-GeometryPack] INFO: Target Mesh: 162 vertices, 320 faces
[09:15]   [ComfyUI] [worker:ComfyUI-GeometryPack] INFO: Using trimesh.proximity.closest_point (unsigned)
[09:15]   [ComfyUI] [worker:ComfyUI-GeometryPack] INFO: Min: 0.000013, Max: 0.498790, Mean: 0.138815
[09:15]   [ComfyUI] [worker:ComfyUI-GeometryPack] INFO: Distance field added to vertex_attributes['distance']
[09:15]   [ComfyUI] [SubprocessWorker] got response: ok
[09:15]   [ComfyUI] [comfy-env] GeomPackPointToMeshDistance done (0.80s): result: NodeOutput
[09:15]   [ComfyUI] [comfy-env] Running GeomPackPreviewMeshDual: layout: 'side_by_side', mode: 'fields', opacity_1: 1.0, opacity_2: 1.0, mesh_1: Trimesh, mesh_2: Trimesh
[09:15]   [ComfyUI] [SubprocessWorker] call_method: nodes.visualization.preview_mesh_dual.PreviewMeshDualNode.EXECUTE_NORMALIZED
[09:15]   [ComfyUI] [SubprocessWorker] acquired lock, ensuring started...
[09:15]   [ComfyUI] [ComfyUI-GeometryPack] Health check: ping (timeout=5.0s)...
[09:15]   Node executed (2 total), capturing...
[09:15]   [ComfyUI] [ComfyUI-GeometryPack] Health check: ok
[09:15]   [ComfyUI] [SubprocessWorker] worker started/confirmed
[09:15]   [ComfyUI] [SubprocessWorker] serializing kwargs to shm...
[09:15]   [ComfyUI] [SubprocessWorker] created 2 shm blocks
[09:15]   [ComfyUI] [SubprocessWorker] sending request via socket...
[09:15]   [ComfyUI] [SubprocessWorker] call_id=85 sending call_method
[09:15]   [ComfyUI] [worker:ComfyUI-GeometryPack] INFO: Layout: side_by_side, Mode: fields
[09:15]   Frame 3 saved (frame_002.jpg, t=2.4s)
[09:15]   [capture-node] freeze=5ms shot=79ms unfreeze=5ms saved=True
[09:15]   [ComfyUI] [worker:ComfyUI-GeometryPack] INFO: Mesh 1: Mesh - 170 vertices, 332 faces
[09:15]   [ComfyUI] [worker:ComfyUI-GeometryPack] INFO: Mesh 2: Point Cloud - 10000 vertices, 0 faces
[09:15]   [ComfyUI] [worker:ComfyUI-GeometryPack] INFO: Mesh 1 fields: []
[09:15]   [ComfyUI] [worker:ComfyUI-GeometryPack] INFO: Mesh 2 fields: ['distance']
[09:16]   [ComfyUI] [worker:ComfyUI-GeometryPack] INFO: Common fields: []
[09:16]   [ComfyUI] [worker:ComfyUI-GeometryPack] INFO: Mesh 1 visual: kind=None, texture=False, vertex_colors=False
[09:16]   [ComfyUI] [worker:ComfyUI-GeometryPack] INFO: Mesh 2 visual: kind=None, texture=False, vertex_colors=False
[09:16]   [ComfyUI] [worker:ComfyUI-GeometryPack] INFO: Exported STL: D:\a\comfy-gpu-ci\comfy-gpu-ci\test_workspaces\GeometryPack-0031\ComfyUI\output\preview_dual_1_5737f829.stl
[09:16]   [ComfyUI] [worker:ComfyUI-GeometryPack] INFO: Exporting point cloud to VTP: D:\a\comfy-gpu-ci\comfy-gpu-ci\test_workspaces\GeometryPack-0031\ComfyUI\output\preview_dual_2_5737f829.vtp
[09:16]   [ComfyUI] [worker:ComfyUI-GeometryPack] INFO: Adding scalar field: distance (components: 1)
[09:16]   [ComfyUI] [worker:ComfyUI-GeometryPack] INFO: Export complete: 10000 points
[09:16]   [ComfyUI] [worker:ComfyUI-GeometryPack] INFO: Exported VTP with fields: D:\a\comfy-gpu-ci\comfy-gpu-ci\test_workspaces\GeometryPack-0031\ComfyUI\output\preview_dual_2_5737f829.vtp
[09:16]   [ComfyUI] [worker:ComfyUI-GeometryPack] INFO: Preview ready
[09:16]   [ComfyUI] [SubprocessWorker] got response: ok
[09:16]   [ComfyUI] [comfy-env] GeomPackPreviewMeshDual done (0.62s): result: NodeOutput
[09:16]   [ComfyUI] Prompt executed in 2.74 seconds
[09:16]   Node executed (3 total), capturing...
[09:16]   Frame 4 saved (frame_003.jpg, t=3.1s)
[09:16]   [capture-node] freeze=53ms shot=98ms unfreeze=0ms saved=True
[09:16]   Execution complete (t=3.1s)
[09:16]   Captured 4 unique frames over 3.31s
[09:16]   [debug] iframes: 1
[09:16]   [debug]   iframe[0]: src=http://127.0.0.1:41890/extensions/ComfyUI-GeometryPack/viewer_dual.html?v=177846, canvas=370x485, rafFrozen=True
[09:16]   [timing] trigger_3d_previews: 0.0s
[09:18]   Saved high-quality screenshot: point_mesh_distance_executed.png
[09:18]   [timing] final_screenshot: 0.2s
[09:19] Capturing execution frames: preview_mesh_threejs.json
[09:25]   Frame 1 saved (frame_000.jpg, t=0.0s)
[09:25]   Validating workflow...
[09:25]   [ComfyUI] === /validate endpoint called ===
[09:25]   [ComfyUI] Received JSON with keys: ['prompt']
[09:25]   [ComfyUI] Prompt has 2 nodes
[09:25]   [ComfyUI]   Node 1: GeomPackLoadMesh
[09:25]   [ComfyUI]     Inputs: {"file_path": "3d/Stanford_Bunny.stl"}
[09:25]   [ComfyUI]   Node 3: GeomPackPreviewMesh
[09:25]   Queuing workflow for execution...
[09:25]   [ComfyUI]     Inputs: {"preview": "", "trimesh": ["1", 0]}
[09:25]   [ComfyUI] Generated prompt_id: 38fa2abb-1994-4808-b17b-e69bc53ad6af
[09:25]   [ComfyUI] Calling execution.validate_prompt()...
[09:25]   [ComfyUI] Validation result: valid=True
[09:25]   [ComfyUI] === Validation PASSED ===
[09:25]   [ComfyUI] got prompt
[09:25]   [ComfyUI] [comfy-env] Running GeomPackLoadMesh: file_path: '3d/Stanford_Bunny.stl'
[09:25]   [ComfyUI] [SubprocessWorker] call_method: nodes.io.load_mesh.LoadMesh.EXECUTE_NORMALIZED
[09:25]   [ComfyUI] [SubprocessWorker] acquired lock, ensuring started...
[09:25]   [ComfyUI] [ComfyUI-GeometryPack] Health check: ping (timeout=5.0s)...
[09:25]   [ComfyUI] [ComfyUI-GeometryPack] Health check: ok
[09:25]   [ComfyUI] [SubprocessWorker] worker started/confirmed
[09:25]   [ComfyUI] [SubprocessWorker] serializing kwargs to shm...
[09:25]   [ComfyUI] [SubprocessWorker] created 0 shm blocks
[09:25]   [ComfyUI] [SubprocessWorker] sending request via socket...
[09:25]   [ComfyUI] [SubprocessWorker] call_id=86 sending call_method
[09:25]   [ComfyUI] [worker:ComfyUI-GeometryPack] INFO: Found mesh in input folder: 3d/Stanford_Bunny.stl
[09:25]   [ComfyUI] [worker:ComfyUI-GeometryPack] INFO: Loading: D:\a\comfy-gpu-ci\comfy-gpu-ci\test_workspaces\GeometryPack-0031\ComfyUI\input\3d/Stanford_Bunny.stl
[09:25]   [ComfyUI] [worker:ComfyUI-GeometryPack] INFO: Initial mesh: 56203 vertices, 112402 faces
[09:25]   [ComfyUI] [worker:ComfyUI-GeometryPack] INFO: Successfully loaded: 56203 vertices, 112402 faces
[09:26]   [ComfyUI] [worker:ComfyUI-GeometryPack] INFO: Loaded: 56203 vertices, 112402 faces
[09:26]   [ComfyUI] [SubprocessWorker] got response: ok
[09:26]   [ComfyUI] [comfy-env] GeomPackLoadMesh done (0.67s): result: NodeOutput
[09:26]   [ComfyUI] [comfy-env] Running GeomPackPreviewMesh: trimesh: Trimesh
[09:26]   [ComfyUI] [SubprocessWorker] call_method: nodes.visualization.preview_mesh.PreviewMeshNode.EXECUTE_NORMALIZED
[09:26]   [ComfyUI] [SubprocessWorker] acquired lock, ensuring started...
[09:26]   [ComfyUI] [ComfyUI-GeometryPack] Health check: ping (timeout=5.0s)...
[09:26]   [ComfyUI] [ComfyUI-GeometryPack] Health check: ok
[09:26]   [ComfyUI] [SubprocessWorker] worker started/confirmed
[09:26]   [ComfyUI] [SubprocessWorker] serializing kwargs to shm...
[09:26]   [ComfyUI] [SubprocessWorker] created 1 shm blocks
[09:26]   [ComfyUI] [SubprocessWorker] sending request via socket...
[09:26]   [ComfyUI] [SubprocessWorker] call_id=87 sending call_method
[09:26]   [ComfyUI] [worker:ComfyUI-GeometryPack] INFO: Preparing preview: Mesh - 56203 vertices, 112402 faces
[09:26]   [ComfyUI] [worker:ComfyUI-GeometryPack] INFO: Exported to: D:\a\comfy-gpu-ci\comfy-gpu-ci\test_workspaces\GeometryPack-0031\ComfyUI\output\preview_4e83fa63.glb
[09:26]   [ComfyUI] [SubprocessWorker] got response: ok
[09:26]   [ComfyUI] [comfy-env] GeomPackPreviewMesh done (0.38s): result: NodeOutput
[09:26]   [ComfyUI] Prompt executed in 1.06 seconds
[09:26]   Node executed (1 total), capturing...
[09:26]   Frame 2 saved (frame_001.jpg, t=1.4s)
[09:26]   [capture-node] freeze=106ms shot=148ms unfreeze=0ms saved=True
[09:26]   Execution complete (t=1.4s)
[09:26]   Captured 2 unique frames over 1.67s
[09:26]   [debug] iframes: 1
[09:26]   [debug]   iframe[0]: src=http://127.0.0.1:41890/extensions/ComfyUI-GeometryPack/viewer.html?v=17784600666, canvas=486x486, rafFrozen=True
[09:26]   [timing] trigger_3d_previews: 0.0s
[09:29]   Saved high-quality screenshot: preview_mesh_threejs_executed.png
[09:29]   [timing] final_screenshot: 0.2s
[09:29] Capturing execution frames: reconstruct_all.json
[09:35]   Frame 1 saved (frame_000.jpg, t=0.0s)
[09:35]   Validating workflow...
[09:35]   [ComfyUI] === /validate endpoint called ===
[09:35]   [ComfyUI] Received JSON with keys: ['prompt']
[09:35]   [ComfyUI] Prompt has 8 nodes
[09:35]   [ComfyUI]   Node 1: GeomPackLoadMesh
[09:35]   [ComfyUI]     Inputs: {"file_path": "3d/Stanford_Bunny.stl"}
[09:35]   [ComfyUI]   Node 2: GeomPackMeshToPointCloud
[09:35]   Queuing workflow for execution...
[09:35]   [ComfyUI]     Inputs: {"mode": "surface_sampling", "sample_count": 10000, "sampling_method": "uniform", "include_normals": "true", "trimesh": ["1", 0]}
[09:35]   [ComfyUI]   Node 3: GeomPackReconstructSurface
[09:35]   [ComfyUI]     Inputs: {"backend": "poisson", "backend.poisson_depth": 8, "backend.poisson_scale": 1.1, "backend.estimate_normals": "true", "backend.normal_radius": 0.1, "report_panel": "false", "points": ["2", 0]}
[09:35]   [ComfyUI]   Node 4: GeomPackReconstructSurface
[09:35]   [ComfyUI]     Inputs: {"backend": "ball_pivoting", "backend.ball_radius": 3, "backend.estimate_normals": "true", "backend.normal_radius": 0.5, "report_panel": "false", "points": ["2", 0]}
[09:35]   [ComfyUI]   Node 5: GeomPackReconstructSurface
[09:35]   [ComfyUI]     Inputs: {"backend": "alpha_shape", "backend.alpha": 8, "report_panel": "false", "points": ["2", 0]}
[09:35]   [ComfyUI]   Node 6: GeomPackReconstructSurface
[09:35]   [ComfyUI]     Inputs: {"backend": "convex_hull", "report_panel": "false", "points": ["2", 0]}
[09:35]   [ComfyUI]   Node 10: GeomPackPreviewMeshMulti
[09:35]   [ComfyUI]     Inputs: {"mode": "fields", "preview_multi": "{\"show_edges\":true,\"camera_state\":\"{\\\"position\\\":[30.06530722689757,-256.0460141720188,95.11427347765263],\\\"focalPoint\\\":[30.322647094726562,1.8909549
[09:35]   [ComfyUI]   Node 14: GeomPackPreviewMeshVTK
[09:35]   [ComfyUI]     Inputs: {"mode": "fields", "preview_vtk": "{\"show_edges\":false,\"camera_state\":\"{\\\"position\\\":[30.06530722689757,-256.0460141720188,95.11427347765263],\\\"focalPoint\\\":[30.322647094726562,1.89095497
[09:35]   [ComfyUI] Generated prompt_id: 21fd1879-8e42-451b-b43a-9cbe04e41787
[09:35]   [ComfyUI] Calling execution.validate_prompt()...
[09:35]   [ComfyUI] Validation result: valid=True
[09:35]   [ComfyUI] === Validation PASSED ===
[09:35]   [ComfyUI] got prompt
[09:35]   [ComfyUI] [comfy-env] Running GeomPackLoadMesh: file_path: '3d/Stanford_Bunny.stl'
[09:35]   [ComfyUI] [SubprocessWorker] call_method: nodes.io.load_mesh.LoadMesh.EXECUTE_NORMALIZED
[09:35]   [ComfyUI] [SubprocessWorker] acquired lock, ensuring started...
[09:35]   [ComfyUI] [ComfyUI-GeometryPack] Health check: ping (timeout=5.0s)...
[09:35]   [ComfyUI] [ComfyUI-GeometryPack] Health check: ok
[09:35]   [ComfyUI] [SubprocessWorker] worker started/confirmed
[09:35]   [ComfyUI] [SubprocessWorker] serializing kwargs to shm...
[09:35]   [ComfyUI] [SubprocessWorker] created 0 shm blocks
[09:35]   [ComfyUI] [SubprocessWorker] sending request via socket...
[09:35]   [ComfyUI] [SubprocessWorker] call_id=88 sending call_method
[09:35]   [ComfyUI] [worker:ComfyUI-GeometryPack] INFO: Found mesh in input folder: 3d/Stanford_Bunny.stl
[09:35]   [ComfyUI] [worker:ComfyUI-GeometryPack] INFO: Loading: D:\a\comfy-gpu-ci\comfy-gpu-ci\test_workspaces\GeometryPack-0031\ComfyUI\input\3d/Stanford_Bunny.stl
[09:35]   [ComfyUI] [worker:ComfyUI-GeometryPack] INFO: Initial mesh: 56203 vertices, 112402 faces
[09:35]   [ComfyUI] [worker:ComfyUI-GeometryPack] INFO: Successfully loaded: 56203 vertices, 112402 faces
[09:35]   [ComfyUI] [worker:ComfyUI-GeometryPack] INFO: Loaded: 56203 vertices, 112402 faces
[09:35]   [ComfyUI] [SubprocessWorker] got response: ok
[09:35]   [ComfyUI] [comfy-env] GeomPackLoadMesh done (0.64s): result: NodeOutput
[09:35]   [ComfyUI] [comfy-env] Running GeomPackMeshToPointCloud: mode: 'surface_sampling', sample_count: 10000, sampling_method: 'uniform', include_normals: 'true', trimesh: Trimesh
[09:35]   [ComfyUI] [SubprocessWorker] call_method: nodes.conversion.mesh_to_pointcloud.MeshToPointCloudNode.EXECUTE_NORMALIZED
[09:35]   [ComfyUI] [SubprocessWorker] acquired lock, ensuring started...
[09:35]   [ComfyUI] [ComfyUI-GeometryPack] Health check: ping (timeout=5.0s)...
[09:35]   [ComfyUI] [ComfyUI-GeometryPack] Health check: ok
[09:35]   [ComfyUI] [SubprocessWorker] worker started/confirmed
[09:35]   [ComfyUI] [SubprocessWorker] serializing kwargs to shm...
[09:35]   [ComfyUI] [SubprocessWorker] created 1 shm blocks
[09:35]   [ComfyUI] [SubprocessWorker] sending request via socket...
[09:35]   [ComfyUI] [SubprocessWorker] call_id=89 sending call_method
[09:36]   [ComfyUI] [worker:ComfyUI-GeometryPack] INFO: Sampling 10,000 points using uniform method
[09:36]   [ComfyUI] [worker:ComfyUI-GeometryPack] INFO: Generated point cloud with 10,000 points
[09:36]   [ComfyUI] [SubprocessWorker] got response: ok
[09:36]   [ComfyUI] [comfy-env] GeomPackMeshToPointCloud done (0.41s): result: NodeOutput
[09:36]   [ComfyUI] [comfy-env] Running GeomPackReconstructSurface: backend: dict, points: Trimesh
[09:36]   [ComfyUI] [SubprocessWorker] call_method: nodes.reconstruction.reconstruct_surface.ReconstructSurfaceNode.EXECUTE_NORMALIZED
[09:36]   [ComfyUI] [SubprocessWorker] acquired lock, ensuring started...
[09:36]   [ComfyUI] [ComfyUI-GeometryPack] Health check: ping (timeout=5.0s)...
[09:36]   [ComfyUI] [ComfyUI-GeometryPack] Health check: ok
[09:36]   [ComfyUI] [SubprocessWorker] worker started/confirmed
[09:36]   [ComfyUI] [SubprocessWorker] serializing kwargs to shm...
[09:36]   [ComfyUI] [SubprocessWorker] created 1 shm blocks
[09:36]   [ComfyUI] [SubprocessWorker] sending request via socket...
[09:36]   [ComfyUI] [SubprocessWorker] call_id=90 sending call_method
[09:36]   [ComfyUI] [worker:ComfyUI-GeometryPack] INFO: Reconstruct dispatch: poisson -> GeomPackReconstruct_Poisson
[09:36]   [ComfyUI] [SubprocessWorker] got response: ok
[09:36]   [ComfyUI] [comfy-env] GeomPackReconstructSurface done (0.34s): result: NodeOutput
[09:36]   [ComfyUI] [comfy-env] Running GeomPackReconstructSurface: backend: dict, points: Trimesh
[09:36]   [ComfyUI] [SubprocessWorker] call_method: nodes.reconstruction.reconstruct_surface.ReconstructSurfaceNode.EXECUTE_NORMALIZED
[09:36]   [ComfyUI] [SubprocessWorker] acquired lock, ensuring started...
[09:36]   [ComfyUI] [ComfyUI-GeometryPack] Health check: ping (timeout=5.0s)...
[09:36]   [ComfyUI] [ComfyUI-GeometryPack] Health check: ok
[09:36]   [ComfyUI] [SubprocessWorker] worker started/confirmed
[09:36]   [ComfyUI] [SubprocessWorker] serializing kwargs to shm...
[09:36]   [ComfyUI] [SubprocessWorker] created 1 shm blocks
[09:36]   [ComfyUI] [SubprocessWorker] sending request via socket...
[09:36]   [ComfyUI] [SubprocessWorker] call_id=91 sending call_method
[09:36]   [ComfyUI] [worker:ComfyUI-GeometryPack] INFO: Reconstruct dispatch: convex_hull -> GeomPackReconstruct_ConvexHull
[09:36]   [ComfyUI] [SubprocessWorker] got response: ok
[09:36]   [ComfyUI] [comfy-env] GeomPackReconstructSurface done (0.33s): result: NodeOutput
[09:36]   [ComfyUI] [comfy-env] Running GeomPackReconstructSurface: backend: dict, points: Trimesh
[09:36]   [ComfyUI] [SubprocessWorker] call_method: nodes.reconstruction.reconstruct_surface.ReconstructSurfaceNode.EXECUTE_NORMALIZED
[09:36]   [ComfyUI] [SubprocessWorker] acquired lock, ensuring started...
[09:36]   [ComfyUI] [ComfyUI-GeometryPack] Health check: ping (timeout=5.0s)...
[09:36]   [ComfyUI] [ComfyUI-GeometryPack] Health check: ok
[09:36]   [ComfyUI] [SubprocessWorker] worker started/confirmed
[09:36]   [ComfyUI] [SubprocessWorker] serializing kwargs to shm...
[09:36]   [ComfyUI] [SubprocessWorker] created 1 shm blocks
[09:36]   [ComfyUI] [SubprocessWorker] sending request via socket...
[09:36]   [ComfyUI] [SubprocessWorker] call_id=92 sending call_method
[09:37]   [ComfyUI] [worker:ComfyUI-GeometryPack] INFO: Reconstruct dispatch: alpha_shape -> GeomPackReconstruct_AlphaShape
[09:37]   [ComfyUI] [SubprocessWorker] got response: ok
[09:37]   [ComfyUI] [comfy-env] GeomPackReconstructSurface done (0.34s): result: NodeOutput
[09:37]   [ComfyUI] [comfy-env] Running GeomPackReconstructSurface: backend: dict, points: Trimesh
[09:37]   [ComfyUI] [SubprocessWorker] call_method: nodes.reconstruction.reconstruct_surface.ReconstructSurfaceNode.EXECUTE_NORMALIZED
[09:37]   [ComfyUI] [SubprocessWorker] acquired lock, ensuring started...
[09:37]   [ComfyUI] [ComfyUI-GeometryPack] Health check: ping (timeout=5.0s)...
[09:37]   [ComfyUI] [ComfyUI-GeometryPack] Health check: ok
[09:37]   [ComfyUI] [SubprocessWorker] worker started/confirmed
[09:37]   [ComfyUI] [SubprocessWorker] serializing kwargs to shm...
[09:37]   [ComfyUI] [SubprocessWorker] created 1 shm blocks
[09:37]   [ComfyUI] [SubprocessWorker] sending request via socket...
[09:37]   [ComfyUI] [SubprocessWorker] call_id=93 sending call_method
[09:37]   Frame 2 saved (frame_001.jpg, t=2.2s)
[09:37]   [capture-periodic] freeze=3ms shot=113ms unfreeze=6ms saved=True
[09:37]   [ComfyUI] [worker:ComfyUI-GeometryPack] INFO: Reconstruct dispatch: ball_pivoting -> GeomPackReconstruct_BallPivoting
[09:37]   [ComfyUI] [SubprocessWorker] got response: ok
[09:37]   [ComfyUI] [comfy-env] GeomPackReconstructSurface done (0.32s): result: NodeOutput
[09:37]   [ComfyUI] [comfy-env] Running GeomPackPreviewMeshVTK: mode: 'fields', trimesh: Trimesh
[09:37]   [ComfyUI] [SubprocessWorker] call_method: nodes.visualization.preview_mesh_vtk.PreviewMeshVTKNode.EXECUTE_NORMALIZED
[09:37]   [ComfyUI] [SubprocessWorker] acquired lock, ensuring started...
[09:37]   [ComfyUI] [ComfyUI-GeometryPack] Health check: ping (timeout=5.0s)...
[09:37]   [ComfyUI] [ComfyUI-GeometryPack] Health check: ok
[09:37]   [ComfyUI] [SubprocessWorker] worker started/confirmed
[09:37]   [ComfyUI] [SubprocessWorker] serializing kwargs to shm...
[09:37]   [ComfyUI] [SubprocessWorker] created 1 shm blocks
[09:37]   [ComfyUI] [SubprocessWorker] sending request via socket...
[09:37]   [ComfyUI] [SubprocessWorker] call_id=94 sending call_method
[09:37]   [ComfyUI] [worker:ComfyUI-GeometryPack] INFO: Preparing preview: Point Cloud - 10000 vertices, 0 faces
[09:37]   [ComfyUI] [worker:ComfyUI-GeometryPack] INFO: Mode: fields
[09:37]   [ComfyUI] [worker:ComfyUI-GeometryPack] INFO: Visual data - has_visual: True, kind: None, texture: False, vertex_colors: False
[09:37]   [ComfyUI] [worker:ComfyUI-GeometryPack] INFO: Using fields mode - VTP export
[09:37]   [ComfyUI] [worker:ComfyUI-GeometryPack] INFO: Exporting point cloud to VTP: D:\a\comfy-gpu-ci\comfy-gpu-ci\test_workspaces\GeometryPack-0031\ComfyUI\output\preview_vtk_5b365468.vtp
[09:37]   [ComfyUI] [worker:ComfyUI-GeometryPack] INFO: Export complete: 10000 points
[09:37]   [ComfyUI] [worker:ComfyUI-GeometryPack] INFO: Exported VTP to: D:\a\comfy-gpu-ci\comfy-gpu-ci\test_workspaces\GeometryPack-0031\ComfyUI\output\preview_vtk_5b365468.vtp
[09:37]   [ComfyUI] [worker:ComfyUI-GeometryPack] INFO: Fields mode info: watertight=False, volume=None, area=None, no fields
[09:38]   [ComfyUI] [SubprocessWorker] got response: ok
[09:38]   [ComfyUI] [comfy-env] GeomPackPreviewMeshVTK done (0.52s): result: NodeOutput
[09:38]   [ComfyUI] [comfy-env] Running GeomPackReconstruct_Poisson: points: Trimesh, poisson_depth: 8, poisson_scale: 1.1, estimate_normals: 'true', normal_radius: 0.1
[09:38]   [ComfyUI] [SubprocessWorker] call_method: nodes.reconstruction.backends.poisson.ReconstructPoissonNode.EXECUTE_NORMALIZED
[09:38]   [ComfyUI] [SubprocessWorker] acquired lock, ensuring started...
[09:38]   [ComfyUI] [ComfyUI-GeometryPack] Health check: ping (timeout=5.0s)...
[09:38]   [ComfyUI] [ComfyUI-GeometryPack] Health check: ok
[09:38]   [ComfyUI] [SubprocessWorker] worker started/confirmed
[09:38]   [ComfyUI] [SubprocessWorker] serializing kwargs to shm...
[09:38]   [ComfyUI] [SubprocessWorker] created 1 shm blocks
[09:38]   [ComfyUI] [SubprocessWorker] sending request via socket...
[09:38]   [ComfyUI] [SubprocessWorker] call_id=95 sending call_method
[09:38]   Node executed (1 total), capturing...
[09:38]   [ComfyUI] [worker:ComfyUI-GeometryPack] INFO: Backend: poisson
[09:38]   [ComfyUI] [worker:ComfyUI-GeometryPack] INFO: Using normals from input
[09:38]   Frame 3 saved (frame_002.jpg, t=3.3s)
[09:38]   [capture-node] freeze=56ms shot=122ms unfreeze=5ms saved=True
[09:38]   [ComfyUI] [worker:ComfyUI-GeometryPack] INFO: Using PyMeshLab Poisson reconstruction...
[09:40]   Frame 4 saved (frame_003.jpg, t=5.5s)
[09:40]   [capture-periodic] freeze=5ms shot=132ms unfreeze=8ms saved=True
[09:41]   [capture-loop] iter=50 t=6.4s state={'complete': False, 'error': None, 'executedCount': 1, 'wsState': 1} eval_ms=6 ram=5.3/16.0GB (33%) swap=0.2/2.9GB (6%) cpu=32% browser_rss=0.80GB
[09:44]   [ComfyUI] [SubprocessWorker] got response: ok
[09:44]   [ComfyUI] [comfy-env] GeomPackReconstruct_Poisson done (6.45s): result: NodeOutput
[09:44]   [ComfyUI] [comfy-env] Running GeomPackReconstruct_ConvexHull: points: Trimesh
[09:44]   [ComfyUI] [SubprocessWorker] call_method: nodes.reconstruction.backends.convex_hull.ReconstructConvexHullNode.EXECUTE_NORMALIZED
[09:44]   [ComfyUI] [SubprocessWorker] acquired lock, ensuring started...
[09:44]   [ComfyUI] [ComfyUI-GeometryPack] Health check: ping (timeout=5.0s)...
[09:44]   [ComfyUI] [ComfyUI-GeometryPack] Health check: ok
[09:44]   [ComfyUI] [SubprocessWorker] worker started/confirmed
[09:44]   [ComfyUI] [SubprocessWorker] serializing kwargs to shm...
[09:44]   [ComfyUI] [SubprocessWorker] created 1 shm blocks
[09:44]   [ComfyUI] [SubprocessWorker] sending request via socket...
[09:44]   [ComfyUI] [SubprocessWorker] call_id=96 sending call_method
[09:44]   Node executed (2 total), capturing...
[09:44]   [ComfyUI] [worker:ComfyUI-GeometryPack] INFO: Backend: convex_hull
[09:44]   [ComfyUI] [worker:ComfyUI-GeometryPack] INFO: Computing convex hull...
[09:44]   [ComfyUI] [SubprocessWorker] got response: ok
[09:44]   [ComfyUI] [comfy-env] GeomPackReconstruct_ConvexHull done (0.18s): result: NodeOutput
[09:44]   [ComfyUI] [comfy-env] Running GeomPackReconstruct_AlphaShape: points: Trimesh, alpha: 8.0
[09:44]   [ComfyUI] [SubprocessWorker] call_method: nodes.reconstruction.backends.alpha_shape.ReconstructAlphaShapeNode.EXECUTE_NORMALIZED
[09:44]   [ComfyUI] [SubprocessWorker] acquired lock, ensuring started...
[09:44]   [ComfyUI] [ComfyUI-GeometryPack] Health check: ping (timeout=5.0s)...
[09:44]   [ComfyUI] [ComfyUI-GeometryPack] Health check: ok
[09:44]   [ComfyUI] [SubprocessWorker] worker started/confirmed
[09:44]   [ComfyUI] [SubprocessWorker] serializing kwargs to shm...
[09:44]   [ComfyUI] [SubprocessWorker] created 1 shm blocks
[09:44]   [ComfyUI] [SubprocessWorker] sending request via socket...
[09:44]   [ComfyUI] [SubprocessWorker] call_id=97 sending call_method
[09:44]   [ComfyUI] [worker:ComfyUI-GeometryPack] INFO: Backend: alpha_shape
[09:44]   [ComfyUI] [worker:ComfyUI-GeometryPack] INFO: Computing alpha shape...
[09:44]   Frame 5 saved (frame_004.jpg, t=9.7s)
[09:44]   [capture-node] freeze=14ms shot=114ms unfreeze=4ms saved=True
[09:44]   Node executed (3 total), capturing...
[09:45]   [capture-node] freeze=6ms shot=119ms unfreeze=3ms saved=False
[09:47]   [ComfyUI] [SubprocessWorker] got response: ok
[09:47]   [ComfyUI] [comfy-env] GeomPackReconstruct_AlphaShape done (2.48s): result: NodeOutput
[09:47]   [ComfyUI] [comfy-env] Running GeomPackReconstruct_BallPivoting: points: Trimesh, ball_radius: 3.0, estimate_normals: 'true', normal_radius: 0.5
[09:47]   [ComfyUI] [SubprocessWorker] call_method: nodes.reconstruction.backends.ball_pivoting.ReconstructBallPivotingNode.EXECUTE_NORMALIZED
[09:47]   [ComfyUI] [SubprocessWorker] acquired lock, ensuring started...
[09:47]   [ComfyUI] [ComfyUI-GeometryPack] Health check: ping (timeout=5.0s)...
[09:47]   [ComfyUI] [ComfyUI-GeometryPack] Health check: ok
[09:47]   [ComfyUI] [SubprocessWorker] worker started/confirmed
[09:47]   [ComfyUI] [SubprocessWorker] serializing kwargs to shm...
[09:47]   [ComfyUI] [SubprocessWorker] created 1 shm blocks
[09:47]   [ComfyUI] [SubprocessWorker] sending request via socket...
[09:47]   [ComfyUI] [SubprocessWorker] call_id=98 sending call_method
[09:47]   Node executed (4 total), capturing...
[09:47]   [ComfyUI] [worker:ComfyUI-GeometryPack] INFO: Backend: ball_pivoting
[09:47]   [ComfyUI] [worker:ComfyUI-GeometryPack] INFO: Using PyMeshLab Ball Pivoting...
[09:47]   [ComfyUI] [SubprocessWorker] got response: ok
[09:47]   [ComfyUI] [comfy-env] GeomPackReconstruct_BallPivoting done (0.23s): result: NodeOutput
[09:47]   [ComfyUI] [comfy-env] Running GeomPackPreviewMeshMulti: mode: 'fields', mesh_1: Trimesh, mesh_2: Trimesh, mesh_3: Trimesh, mesh_4: Trimesh
[09:47]   [ComfyUI] [SubprocessWorker] call_method: nodes.visualization.preview_mesh_multi.PreviewMeshMultiNode.EXECUTE_NORMALIZED
[09:47]   [ComfyUI] [SubprocessWorker] acquired lock, ensuring started...
[09:47]   [ComfyUI] [ComfyUI-GeometryPack] Health check: ping (timeout=5.0s)...
[09:47]   [ComfyUI] [ComfyUI-GeometryPack] Health check: ok
[09:47]   [ComfyUI] [SubprocessWorker] worker started/confirmed
[09:47]   [ComfyUI] [SubprocessWorker] serializing kwargs to shm...
[09:47]   [ComfyUI] [SubprocessWorker] created 4 shm blocks
[09:47]   [ComfyUI] [SubprocessWorker] sending request via socket...
[09:47]   [ComfyUI] [SubprocessWorker] call_id=99 sending call_method
[09:47]   [ComfyUI] [worker:ComfyUI-GeometryPack] INFO: Mode: fields, Meshes: 4
[09:47]   [ComfyUI] [worker:ComfyUI-GeometryPack] INFO: Mesh 1: Mesh - 43577 vertices, 87176 faces
[09:47]   [ComfyUI] [worker:ComfyUI-GeometryPack] INFO: Exporting mesh to VTP: D:\a\comfy-gpu-ci\comfy-gpu-ci\test_workspaces\GeometryPack-0031\ComfyUI\output\preview_multi_1_aeb1a992.vtp
[09:47]   Frame 6 saved (frame_005.jpg, t=12.4s)
[09:47]   [capture-node] freeze=5ms shot=197ms unfreeze=50ms saved=True
[09:47]   [ComfyUI] [worker:ComfyUI-GeometryPack] INFO: Adding normals field (43577 vertices)
[09:47]   Node executed (5 total), capturing...
[09:47]   [ComfyUI] [worker:ComfyUI-GeometryPack] INFO: Export complete: 43577 vertices, 87176 faces
[09:47]   [ComfyUI] [worker:ComfyUI-GeometryPack] INFO: Exported VTP: D:\a\comfy-gpu-ci\comfy-gpu-ci\test_workspaces\GeometryPack-0031\ComfyUI\output\preview_multi_1_aeb1a992.vtp
[09:48]   [ComfyUI] [worker:ComfyUI-GeometryPack] INFO: Mesh 2: Mesh - 10000 vertices, 16648 faces
[09:48]   [ComfyUI] [worker:ComfyUI-GeometryPack] INFO: Exporting mesh to VTP: D:\a\comfy-gpu-ci\comfy-gpu-ci\test_workspaces\GeometryPack-0031\ComfyUI\output\preview_multi_2_aeb1a992.vtp
[09:48]   [capture-node] freeze=4ms shot=107ms unfreeze=5ms saved=False
[09:48]   [ComfyUI] [worker:ComfyUI-GeometryPack] INFO: Adding normals field (10000 vertices)
[09:48]   [ComfyUI] [worker:ComfyUI-GeometryPack] INFO: Export complete: 10000 vertices, 16648 faces
[09:48]   [ComfyUI] [worker:ComfyUI-GeometryPack] INFO: Exported VTP: D:\a\comfy-gpu-ci\comfy-gpu-ci\test_workspaces\GeometryPack-0031\ComfyUI\output\preview_multi_2_aeb1a992.vtp
[09:48]   [ComfyUI] [worker:ComfyUI-GeometryPack] INFO: Mesh 3: Mesh - 5789 vertices, 12170 faces
[09:48]   [ComfyUI] [worker:ComfyUI-GeometryPack] INFO: Exporting mesh to VTP: D:\a\comfy-gpu-ci\comfy-gpu-ci\test_workspaces\GeometryPack-0031\ComfyUI\output\preview_multi_3_aeb1a992.vtp
[09:48]   [ComfyUI] [worker:ComfyUI-GeometryPack] INFO: Adding normals field (5789 vertices)
[09:48]   [ComfyUI] [worker:ComfyUI-GeometryPack] INFO: Export complete: 5789 vertices, 12170 faces
[09:48]   [ComfyUI] [worker:ComfyUI-GeometryPack] INFO: Exported VTP: D:\a\comfy-gpu-ci\comfy-gpu-ci\test_workspaces\GeometryPack-0031\ComfyUI\output\preview_multi_3_aeb1a992.vtp
[09:48]   [ComfyUI] [worker:ComfyUI-GeometryPack] INFO: Mesh 4: Mesh - 736 vertices, 1468 faces
[09:48]   [ComfyUI] [worker:ComfyUI-GeometryPack] INFO: Exporting mesh to VTP: D:\a\comfy-gpu-ci\comfy-gpu-ci\test_workspaces\GeometryPack-0031\ComfyUI\output\preview_multi_4_aeb1a992.vtp
[09:48]   [ComfyUI] [worker:ComfyUI-GeometryPack] INFO: Adding normals field (736 vertices)
[09:48]   [ComfyUI] [worker:ComfyUI-GeometryPack] INFO: Export complete: 736 vertices, 1468 faces
[09:48]   [ComfyUI] [worker:ComfyUI-GeometryPack] INFO: Exported VTP: D:\a\comfy-gpu-ci\comfy-gpu-ci\test_workspaces\GeometryPack-0031\ComfyUI\output\preview_multi_4_aeb1a992.vtp
[09:48]   [ComfyUI] [worker:ComfyUI-GeometryPack] INFO: Grid: 2x2, Preview ready
[09:48]   [ComfyUI] [SubprocessWorker] got response: ok
[09:48]   [ComfyUI] [comfy-env] GeomPackPreviewMeshMulti done (0.90s): result: NodeOutput
[09:48]   [ComfyUI] Prompt executed in 13.16 seconds
[09:48]   [capture-loop] iter=100 t=13.4s state={'complete': False, 'error': None, 'executedCount': 6, 'wsState': 1} eval_ms=32 ram=5.2/16.0GB (32%) swap=0.2/2.9GB (6%) cpu=38% browser_rss=0.65GB
[09:48]   Node executed (6 total), capturing...
[09:50]   Frame 7 saved (frame_006.jpg, t=13.6s)
[09:50]   [capture-node] freeze=4ms shot=179ms unfreeze=1228ms saved=True
[09:50]   Execution complete (t=15.5s)
[09:50]   Captured 7 unique frames over 15.55s
[09:50]   [debug] iframes: 2
[09:50]   [debug]   iframe[0]: src=http://127.0.0.1:41890/extensions/ComfyUI-GeometryPack/viewer_vtk.html?v=1778460, canvas=486x384, rafFrozen=False
[09:50]   [debug]   iframe[1]: src=http://127.0.0.1:41890/extensions/ComfyUI-GeometryPack/viewer_multi.html?v=17784, canvas=368x195, rafFrozen=False
[09:50]   [timing] trigger_3d_previews: 0.0s
[09:52]   Saved high-quality screenshot: reconstruct_all_executed.png
[09:52]   [timing] final_screenshot: 0.2s
[09:53] Capturing execution frames: refine_mesh.json
[09:59]   Frame 1 saved (frame_000.jpg, t=0.0s)
[09:59]   Validating workflow...
[09:59]   [ComfyUI] === /validate endpoint called ===
[09:59]   [ComfyUI] Received JSON with keys: ['prompt']
[09:59]   [ComfyUI] Prompt has 3 nodes
[09:59]   [ComfyUI]   Node 1: GeomPackLoadMesh
[09:59]   [ComfyUI]     Inputs: {"file_path": "3d/Stanford_Bunny.stl"}
[09:59]   Queuing workflow for execution...
[09:59]   [ComfyUI]   Node 3: GeomPackPreviewMeshDual
[09:59]   [ComfyUI]     Inputs: {"layout": "side_by_side", "mode": "fields", "opacity_1": 1, "opacity_2": 1, "preview_dual": "{\"show_edges\":true,\"camera_state\":\"\",\"selected_field\":\"\",\"selected_channel\":\"magnitude\",\"se
[09:59]   [ComfyUI]   Node 4: RefineMesh
[09:59]   [ComfyUI]     Inputs: {"operation": "decimation", "target_face_count": 5000, "decimation_method": "trimesh", "subdivision_iterations": 1, "smoothing_iterations": 5, "lambda_factor": 0.5, "report_panel": "false", "trimesh":
[09:59]   [ComfyUI] Generated prompt_id: e44f8b7b-2fa7-4d3b-af30-5f5d8c9573c3
[09:59]   [ComfyUI] Calling execution.validate_prompt()...
[09:59]   [ComfyUI] Validation result: valid=True
[09:59]   [ComfyUI] === Validation PASSED ===
[09:59]   [ComfyUI] got prompt
[09:59]   [ComfyUI] [comfy-env] Running GeomPackLoadMesh: file_path: '3d/Stanford_Bunny.stl'
[09:59]   [ComfyUI] [SubprocessWorker] call_method: nodes.io.load_mesh.LoadMesh.EXECUTE_NORMALIZED
[09:59]   [ComfyUI] [SubprocessWorker] acquired lock, ensuring started...
[09:59]   [ComfyUI] [ComfyUI-GeometryPack] Health check: ping (timeout=5.0s)...
[09:59]   [ComfyUI] [ComfyUI-GeometryPack] Health check: failed
[09:59]   [ComfyUI] [ComfyUI-GeometryPack] Socket unhealthy, restarting worker...
[09:59]   [ComfyUI] [comfy-env] geometrypack-nodes: Library/bin has 609 DLLs
[09:59]   [ComfyUI] [ComfyUI-GeometryPack] python: C:\ce\.pixi\envs\geometrypack-nodes\python.exe
[09:59]   [ComfyUI] [ComfyUI-GeometryPack] sys_path sent to worker: ['D:\\a\\comfy-gpu-ci\\comfy-gpu-ci\\test_workspaces\\GeometryPack-0031\\ComfyUI', 'D:\\a\\comfy-gpu-ci\\comfy-gpu-ci\\test_workspaces\\GeometryPack-0031\\ComfyUI\\custom_nodes\\ComfyUI-GeometryPack', 'C:\\ce\\.pixi\\envs\\geometrypack-nodes\\Lib\\site-packages', 'D:\\a\\comfy-gpu-ci\\comfy-gpu-ci\\test_workspaces\\GeometryPack-0031\\ComfyUI\\custom_nodes\\ComfyUI-GeometryPack']
[09:59]   [ComfyUI] [SubprocessWorker] is_pixi=True, python=C:\ce\.pixi\envs\geometrypack-nodes\python.exe
[09:59]   [ComfyUI] [SubprocessWorker] launching cmd=['C:\\Users\\runneradmin\\.pixi\\bin\\pixi.exe', 'run', '--as-is', '--manifest-path', 'C:\\ce\\pixi.toml', '-e', 'geometrypack-nodes', 'python', 'C:\\Users\\RUNNER~1\\AppData\\Local\\Temp\\comfyui_pvenv_2ige8rze\\persistent_worker.py', 'tcp://127.0.0.1:60579']...
[10:01]   [ComfyUI] [worker:ComfyUI-GeometryPack] ERROR: Failed to import comfy_kitchen, Error: No module named 'comfy_kitchen', fp8 and fp4 support will not be available.
[10:01]   [ComfyUI] [SubprocessWorker] worker started/confirmed
[10:01]   [ComfyUI] [SubprocessWorker] serializing kwargs to shm...
[10:01]   [ComfyUI] [SubprocessWorker] created 0 shm blocks
[10:01]   [ComfyUI] [SubprocessWorker] sending request via socket...
[10:01]   [ComfyUI] [SubprocessWorker] call_id=100 sending call_method
[10:01]   Frame 2 saved (frame_001.jpg, t=2.2s)
[10:01]   [capture-periodic] freeze=9ms shot=82ms unfreeze=6ms saved=True
[10:02]   [ComfyUI] [worker:ComfyUI-GeometryPack] INFO: Found mesh in input folder: 3d/Stanford_Bunny.stl
[10:02]   [ComfyUI] [worker:ComfyUI-GeometryPack] INFO: Loading: D:\a\comfy-gpu-ci\comfy-gpu-ci\test_workspaces\GeometryPack-0031\ComfyUI\input\3d/Stanford_Bunny.stl
[10:02]   [ComfyUI] [worker:ComfyUI-GeometryPack] INFO: Initial mesh: 56203 vertices, 112402 faces
[10:02]   [ComfyUI] [worker:ComfyUI-GeometryPack] INFO: Successfully loaded: 56203 vertices, 112402 faces
[10:02]   [ComfyUI] [worker:ComfyUI-GeometryPack] INFO: Loaded: 56203 vertices, 112402 faces
[10:03]   [ComfyUI] [SubprocessWorker] got response: ok
[10:03]   [ComfyUI] [comfy-env] GeomPackLoadMesh done (3.95s): result: NodeOutput
[10:03]   [ComfyUI] [comfy-env] Running RefineMesh: operation: 'decimation', target_face_count: 5000, decimation_method: 'trimesh', subdivision_iterations: 1, smoothing_iterations: 5, lambda_factor: 0.5, trimesh: Trimesh
[10:03]   [ComfyUI] [SubprocessWorker] call_method: nodes.remeshing.refine.RefineMeshNode.EXECUTE_NORMALIZED
[10:03]   [ComfyUI] [SubprocessWorker] acquired lock, ensuring started...
[10:03]   [ComfyUI] [ComfyUI-GeometryPack] Health check: ping (timeout=5.0s)...
[10:03]   [ComfyUI] [ComfyUI-GeometryPack] Health check: ok
[10:03]   [ComfyUI] [SubprocessWorker] worker started/confirmed
[10:03]   [ComfyUI] [SubprocessWorker] serializing kwargs to shm...
[10:03]   [ComfyUI] [SubprocessWorker] created 1 shm blocks
[10:03]   [ComfyUI] [SubprocessWorker] sending request via socket...
[10:03]   [ComfyUI] [SubprocessWorker] call_id=101 sending call_method
[10:03]   [ComfyUI] [worker:ComfyUI-GeometryPack] INFO: Input: 56203 vertices, 112402 faces
[10:03]   [ComfyUI] [worker:ComfyUI-GeometryPack] INFO: Operation: decimation
[10:03]   [ComfyUI] [worker:ComfyUI-GeometryPack] INFO: Output: 2502 vertices (-53701), 5000 faces (-107402)
[10:03]   [ComfyUI] [SubprocessWorker] got response: ok
[10:03]   [ComfyUI] [comfy-env] RefineMesh done (0.32s): result: NodeOutput
[10:03]   [ComfyUI] [comfy-env] Running GeomPackPreviewMeshDual: layout: 'side_by_side', mode: 'fields', opacity_1: 1.0, opacity_2: 1.0, mesh_1: Trimesh, mesh_2: Trimesh
[10:03]   [ComfyUI] [SubprocessWorker] call_method: nodes.visualization.preview_mesh_dual.PreviewMeshDualNode.EXECUTE_NORMALIZED
[10:03]   [ComfyUI] [SubprocessWorker] acquired lock, ensuring started...
[10:03]   [ComfyUI] [ComfyUI-GeometryPack] Health check: ping (timeout=5.0s)...
[10:03]   [ComfyUI] [ComfyUI-GeometryPack] Health check: ok
[10:03]   [ComfyUI] [SubprocessWorker] worker started/confirmed
[10:03]   [ComfyUI] [SubprocessWorker] serializing kwargs to shm...
[10:03]   [ComfyUI] [SubprocessWorker] created 2 shm blocks
[10:03]   [ComfyUI] [SubprocessWorker] sending request via socket...
[10:03]   [ComfyUI] [SubprocessWorker] call_id=102 sending call_method
[10:03]   Node executed (1 total), capturing...
[10:03]   [ComfyUI] [worker:ComfyUI-GeometryPack] INFO: Layout: side_by_side, Mode: fields
[10:03]   [ComfyUI] [worker:ComfyUI-GeometryPack] INFO: Mesh 1: Mesh - 56203 vertices, 112402 faces
[10:03]   [ComfyUI] [worker:ComfyUI-GeometryPack] INFO: Mesh 2: Mesh - 2502 vertices, 5000 faces
[10:03]   [ComfyUI] [worker:ComfyUI-GeometryPack] INFO: Mesh 1 fields: ['face.stl']
[10:03]   [ComfyUI] [worker:ComfyUI-GeometryPack] INFO: Mesh 2 fields: []
[10:03]   [ComfyUI] [worker:ComfyUI-GeometryPack] INFO: Common fields: []
[10:03]   [ComfyUI] [worker:ComfyUI-GeometryPack] INFO: Mesh 1 visual: kind=None, texture=False, vertex_colors=False
[10:03]   [ComfyUI] [worker:ComfyUI-GeometryPack] INFO: Mesh 2 visual: kind=None, texture=False, vertex_colors=False
[10:03]   [ComfyUI] [worker:ComfyUI-GeometryPack] INFO: Exporting mesh to VTP: D:\a\comfy-gpu-ci\comfy-gpu-ci\test_workspaces\GeometryPack-0031\ComfyUI\output\preview_dual_1_5433d625.vtp
[10:03]   Frame 3 saved (frame_002.jpg, t=4.6s)
[10:03]   [capture-node] freeze=4ms shot=86ms unfreeze=5ms saved=True
[10:03]   [ComfyUI] [worker:ComfyUI-GeometryPack] INFO: Adding normals field (56203 vertices)
[10:03]   [ComfyUI] [worker:ComfyUI-GeometryPack] INFO: Adding face field: stl
[10:04]   [ComfyUI] [worker:ComfyUI-GeometryPack] INFO: Export complete: 56203 vertices, 112402 faces
[10:04]   [ComfyUI] [worker:ComfyUI-GeometryPack] INFO: Exported VTP with fields: D:\a\comfy-gpu-ci\comfy-gpu-ci\test_workspaces\GeometryPack-0031\ComfyUI\output\preview_dual_1_5433d625.vtp
[10:04]   [ComfyUI] [worker:ComfyUI-GeometryPack] INFO: Exported STL: D:\a\comfy-gpu-ci\comfy-gpu-ci\test_workspaces\GeometryPack-0031\ComfyUI\output\preview_dual_2_5433d625.stl
[10:04]   [ComfyUI] [worker:ComfyUI-GeometryPack] INFO: Preview ready
[10:04]   [ComfyUI] [SubprocessWorker] got response: ok
[10:04]   [ComfyUI] [comfy-env] GeomPackPreviewMeshDual done (0.85s): result: NodeOutput
[10:04]   [ComfyUI] Prompt executed in 5.13 seconds
[10:04]   Node executed (2 total), capturing...
[10:04]   Frame 4 saved (frame_003.jpg, t=5.5s)
[10:04]   [capture-node] freeze=35ms shot=170ms unfreeze=0ms saved=True
[10:04]   Execution complete (t=5.5s)
[10:04]   Captured 4 unique frames over 5.75s
[10:05]   [debug] iframes: 1
[10:05]   [debug]   iframe[0]: src=http://127.0.0.1:41890/extensions/ComfyUI-GeometryPack/viewer_dual.html?v=177846, canvas=387x485, rafFrozen=True
[10:05]   [timing] trigger_3d_previews: 0.7s
[10:07]   Saved high-quality screenshot: refine_mesh_executed.png
[10:07]   [timing] final_screenshot: 0.2s
[10:08] Capturing execution frames: remesh_intersections.json
[10:14]   Frame 1 saved (frame_000.jpg, t=0.0s)
[10:14]   Validating workflow...
[10:14]   [ComfyUI] === /validate endpoint called ===
[10:14]   [ComfyUI] Received JSON with keys: ['prompt']
[10:14]   [ComfyUI] Prompt has 5 nodes
[10:14]   [ComfyUI]   Node 1: GeomPackLoadMesh
[10:14]   [ComfyUI]     Inputs: {"file_path": "3d/camelhead.off"}
[10:14]   [ComfyUI]   Node 5: GeomPackDetectSelfIntersections
[10:14]   Queuing workflow for execution...
[10:14]   [ComfyUI]     Inputs: {"report_panel": "false", "trimesh": ["1", 0]}
[10:14]   [ComfyUI]   Node 8: GeomPackDetectSelfIntersections
[10:14]   [ComfyUI]     Inputs: {"report_panel": "false", "trimesh": ["12", 0]}
[10:14]   [ComfyUI]   Node 12: GeomPackRemeshSelfIntersections
[10:14]   [ComfyUI]     Inputs: {"detect_only": false, "remove_unreferenced": true, "extract_outer_hull": false, "stitch_all": true, "report_panel": "false", "mesh": ["1", 0]}
[10:14]   [ComfyUI]   Node 13: GeomPackPreviewMeshDual
[10:14]   [ComfyUI]     Inputs: {"layout": "side_by_side", "mode": "fields", "opacity_1": 1, "opacity_2": 1, "preview_dual": "{\"show_edges\":true,\"camera_state\":\"{\\\"position\\\":[-0.09589855044406126,0.14917436072323867,0.1071
[10:14]   [ComfyUI] Generated prompt_id: eb8f2593-f503-41dc-af9b-055cc8999430
[10:14]   [ComfyUI] Calling execution.validate_prompt()...
[10:14]   [ComfyUI] Validation result: valid=True
[10:14]   [ComfyUI] === Validation PASSED ===
[10:14]   [ComfyUI] got prompt
[10:14]   [ComfyUI] [comfy-env] Running GeomPackLoadMesh: file_path: '3d/camelhead.off'
[10:14]   [ComfyUI] [SubprocessWorker] call_method: nodes.io.load_mesh.LoadMesh.EXECUTE_NORMALIZED
[10:14]   [ComfyUI] [SubprocessWorker] acquired lock, ensuring started...
[10:14]   [ComfyUI] [ComfyUI-GeometryPack] Health check: ping (timeout=5.0s)...
[10:14]   [ComfyUI] [ComfyUI-GeometryPack] Health check: ok
[10:14]   [ComfyUI] [SubprocessWorker] worker started/confirmed
[10:14]   [ComfyUI] [SubprocessWorker] serializing kwargs to shm...
[10:14]   [ComfyUI] [SubprocessWorker] created 0 shm blocks
[10:14]   [ComfyUI] [SubprocessWorker] sending request via socket...
[10:14]   [ComfyUI] [SubprocessWorker] call_id=103 sending call_method
[10:14]   [ComfyUI] [worker:ComfyUI-GeometryPack] INFO: Found mesh in input folder: 3d/camelhead.off
[10:14]   [ComfyUI] [worker:ComfyUI-GeometryPack] INFO: Loading: D:\a\comfy-gpu-ci\comfy-gpu-ci\test_workspaces\GeometryPack-0031\ComfyUI\input\3d/camelhead.off
[10:14]   [ComfyUI] [worker:ComfyUI-GeometryPack] INFO: Initial mesh: 11381 vertices, 22704 faces
[10:14]   [ComfyUI] [worker:ComfyUI-GeometryPack] INFO: Successfully loaded: 11381 vertices, 22704 faces
[10:14]   [ComfyUI] [worker:ComfyUI-GeometryPack] INFO: Loaded: 11381 vertices, 22704 faces
[10:14]   [ComfyUI] [SubprocessWorker] got response: ok
[10:14]   [ComfyUI] [comfy-env] GeomPackLoadMesh done (0.21s): result: NodeOutput
[10:14]   [ComfyUI] [comfy-env] Running GeomPackRemeshSelfIntersections: detect_only: False, remove_unreferenced: True, extract_outer_hull: False, stitch_all: True, mesh: Trimesh
[10:14]   [ComfyUI] [SubprocessWorker] call_method: nodes.repair_cgal.remesh_intersections.RemeshSelfIntersectionsNode.EXECUTE_NORMALIZED
[10:14]   [ComfyUI] [SubprocessWorker] acquired lock, ensuring started...
[10:14]   [ComfyUI] [ComfyUI-GeometryPack] Health check: ping (timeout=5.0s)...
[10:14]   [ComfyUI] [ComfyUI-GeometryPack] Health check: ok
[10:14]   [ComfyUI] [SubprocessWorker] worker started/confirmed
[10:14]   [ComfyUI] [SubprocessWorker] serializing kwargs to shm...
[10:14]   [ComfyUI] [SubprocessWorker] created 1 shm blocks
[10:14]   [ComfyUI] [SubprocessWorker] sending request via socket...
[10:14]   [ComfyUI] [SubprocessWorker] call_id=104 sending call_method
[10:14]   [ComfyUI] [worker:ComfyUI-GeometryPack] INFO: Processing mesh: 11381 vertices, 22704 faces
[10:14]   [ComfyUI] [worker:ComfyUI-GeometryPack] INFO: Options: detect_only=False, remove_unreferenced=True, extract_outer_hull=False, stitch_all=True
[10:14]   [ComfyUI] [worker:ComfyUI-GeometryPack] INFO: Using libigl CGAL method
[10:14]   [ComfyUI] [worker:ComfyUI-GeometryPack] INFO: Remeshing complete: 11385 vertices, 22720 faces
[10:14]   [ComfyUI] [worker:ComfyUI-GeometryPack] INFO: Removing unreferenced vertices...
[10:14]   [ComfyUI] [worker:ComfyUI-GeometryPack] INFO: After cleanup: 11385 vertices, 22720 faces
[10:14]   [ComfyUI] [SubprocessWorker] got response: ok
[10:14]   [ComfyUI] [comfy-env] GeomPackRemeshSelfIntersections done (0.48s): result: NodeOutput
[10:14]   [ComfyUI] [comfy-env] Running GeomPackDetectSelfIntersections: trimesh: Trimesh
[10:14]   [ComfyUI] [SubprocessWorker] call_method: nodes.repair_cgal.detect_intersections.DetectSelfIntersectionsNode.EXECUTE_NORMALIZED
[10:14]   [ComfyUI] [SubprocessWorker] acquired lock, ensuring started...
[10:14]   [ComfyUI] [ComfyUI-GeometryPack] Health check: ping (timeout=5.0s)...
[10:14]   [ComfyUI] [ComfyUI-GeometryPack] Health check: ok
[10:14]   [ComfyUI] [SubprocessWorker] worker started/confirmed
[10:14]   [ComfyUI] [SubprocessWorker] serializing kwargs to shm...
[10:14]   [ComfyUI] [SubprocessWorker] created 1 shm blocks
[10:14]   [ComfyUI] [SubprocessWorker] sending request via socket...
[10:14]   [ComfyUI] [SubprocessWorker] call_id=105 sending call_method
[10:14]   Node executed (1 total), capturing...
[10:14]   [ComfyUI] [worker:ComfyUI-GeometryPack] INFO: Analyzing mesh: 11381 vertices, 22704 faces
[10:14]   [ComfyUI] [worker:ComfyUI-GeometryPack] INFO: Using libigl CGAL method
[10:14]   [ComfyUI] [worker:ComfyUI-GeometryPack] INFO: Found 6 intersecting faces (5 intersection pairs)
[10:15]   [ComfyUI] [SubprocessWorker] got response: ok
[10:15]   [ComfyUI] [comfy-env] GeomPackDetectSelfIntersections done (0.20s): result: NodeOutput
[10:15]   [ComfyUI] [comfy-env] Running GeomPackDetectSelfIntersections: trimesh: Trimesh
[10:15]   [ComfyUI] [SubprocessWorker] call_method: nodes.repair_cgal.detect_intersections.DetectSelfIntersectionsNode.EXECUTE_NORMALIZED
[10:15]   [ComfyUI] [SubprocessWorker] acquired lock, ensuring started...
[10:15]   [ComfyUI] [ComfyUI-GeometryPack] Health check: ping (timeout=5.0s)...
[10:15]   [ComfyUI] [ComfyUI-GeometryPack] Health check: ok
[10:15]   [ComfyUI] [SubprocessWorker] worker started/confirmed
[10:15]   [ComfyUI] [SubprocessWorker] serializing kwargs to shm...
[10:15]   [ComfyUI] [SubprocessWorker] created 1 shm blocks
[10:15]   [ComfyUI] [SubprocessWorker] sending request via socket...
[10:15]   [ComfyUI] [SubprocessWorker] call_id=106 sending call_method
[10:15]   [ComfyUI] [worker:ComfyUI-GeometryPack] INFO: Analyzing mesh: 11385 vertices, 22720 faces
[10:15]   [ComfyUI] [worker:ComfyUI-GeometryPack] INFO: Using libigl CGAL method
[10:15]   Frame 2 saved (frame_001.jpg, t=1.0s)
[10:15]   [capture-node] freeze=18ms shot=90ms unfreeze=5ms saved=True
[10:15]   [ComfyUI] [worker:ComfyUI-GeometryPack] INFO: No self-intersections detected
[10:15]   [ComfyUI] [SubprocessWorker] got response: ok
[10:15]   [ComfyUI] [comfy-env] GeomPackDetectSelfIntersections done (0.22s): result: NodeOutput
[10:15]   [ComfyUI] [comfy-env] Running GeomPackPreviewMeshDual: layout: 'side_by_side', mode: 'fields', opacity_1: 1.0, opacity_2: 1.0, mesh_1: Trimesh, mesh_2: Trimesh
[10:15]   [ComfyUI] [SubprocessWorker] call_method: nodes.visualization.preview_mesh_dual.PreviewMeshDualNode.EXECUTE_NORMALIZED
[10:15]   [ComfyUI] [SubprocessWorker] acquired lock, ensuring started...
[10:15]   [ComfyUI] [ComfyUI-GeometryPack] Health check: ping (timeout=5.0s)...
[10:15]   [ComfyUI] [ComfyUI-GeometryPack] Health check: ok
[10:15]   [ComfyUI] [SubprocessWorker] worker started/confirmed
[10:15]   [ComfyUI] [SubprocessWorker] serializing kwargs to shm...
[10:15]   [ComfyUI] [SubprocessWorker] created 2 shm blocks
[10:15]   [ComfyUI] [SubprocessWorker] sending request via socket...
[10:15]   [ComfyUI] [SubprocessWorker] call_id=107 sending call_method
[10:15]   Node executed (3 total), capturing...
[10:15]   [ComfyUI] [worker:ComfyUI-GeometryPack] INFO: Layout: side_by_side, Mode: fields
[10:15]   [ComfyUI] [worker:ComfyUI-GeometryPack] INFO: Mesh 1: Mesh - 11381 vertices, 22704 faces
[10:15]   [ComfyUI] [worker:ComfyUI-GeometryPack] INFO: Mesh 2: Mesh - 11385 vertices, 22720 faces
[10:15]   [ComfyUI] [worker:ComfyUI-GeometryPack] INFO: Mesh 1 fields: ['intersection_flag', 'intersection_count', 'face.self_intersecting']
[10:15]   [ComfyUI] [worker:ComfyUI-GeometryPack] INFO: Mesh 2 fields: ['intersection_flag', 'intersection_count', 'face.self_intersecting']
[10:15]   [ComfyUI] [worker:ComfyUI-GeometryPack] INFO: Common fields: ['intersection_count', 'face.self_intersecting', 'intersection_flag']
[10:15]   [ComfyUI] [worker:ComfyUI-GeometryPack] INFO: Mesh 1 visual: kind=None, texture=False, vertex_colors=False
[10:15]   [ComfyUI] [worker:ComfyUI-GeometryPack] INFO: Mesh 2 visual: kind=None, texture=False, vertex_colors=False
[10:15]   [ComfyUI] [worker:ComfyUI-GeometryPack] INFO: Exporting mesh to VTP: D:\a\comfy-gpu-ci\comfy-gpu-ci\test_workspaces\GeometryPack-0031\ComfyUI\output\preview_dual_1_229cdbfc.vtp
[10:15]   [ComfyUI] [worker:ComfyUI-GeometryPack] INFO: Adding normals field (11381 vertices)
[10:15]   [ComfyUI] [worker:ComfyUI-GeometryPack] INFO: Adding scalar field: intersection_flag (components: 1)
[10:15]   [ComfyUI] [worker:ComfyUI-GeometryPack] INFO: Adding scalar field: intersection_count (components: 1)
[10:15]   [ComfyUI] [worker:ComfyUI-GeometryPack] INFO: Adding face field: self_intersecting
[10:15]   [ComfyUI] [worker:ComfyUI-GeometryPack] INFO: Export complete: 11381 vertices, 22704 faces
[10:15]   [ComfyUI] [worker:ComfyUI-GeometryPack] INFO: Exported VTP with fields: D:\a\comfy-gpu-ci\comfy-gpu-ci\test_workspaces\GeometryPack-0031\ComfyUI\output\preview_dual_1_229cdbfc.vtp
[10:15]   [ComfyUI] [worker:ComfyUI-GeometryPack] INFO: Exporting mesh to VTP: D:\a\comfy-gpu-ci\comfy-gpu-ci\test_workspaces\GeometryPack-0031\ComfyUI\output\preview_dual_2_229cdbfc.vtp
[10:15]   Frame 3 saved (frame_002.jpg, t=1.4s)
[10:15]   [capture-node] freeze=6ms shot=90ms unfreeze=5ms saved=True
[10:15]   [ComfyUI] [worker:ComfyUI-GeometryPack] INFO: Adding normals field (11385 vertices)
[10:15]   [ComfyUI] [worker:ComfyUI-GeometryPack] INFO: Adding scalar field: intersection_flag (components: 1)
[10:15]   [ComfyUI] [worker:ComfyUI-GeometryPack] INFO: Adding scalar field: intersection_count (components: 1)
[10:15]   [ComfyUI] [worker:ComfyUI-GeometryPack] INFO: Adding face field: self_intersecting
[10:15]   [ComfyUI] [worker:ComfyUI-GeometryPack] INFO: Export complete: 11385 vertices, 22720 faces
[10:15]   [ComfyUI] [worker:ComfyUI-GeometryPack] INFO: Exported VTP with fields: D:\a\comfy-gpu-ci\comfy-gpu-ci\test_workspaces\GeometryPack-0031\ComfyUI\output\preview_dual_2_229cdbfc.vtp
[10:15]   [ComfyUI] [worker:ComfyUI-GeometryPack] INFO: Preview ready
[10:15]   [ComfyUI] [SubprocessWorker] got response: ok
[10:15]   [ComfyUI] [comfy-env] GeomPackPreviewMeshDual done (0.59s): result: NodeOutput
[10:15]   [ComfyUI] Prompt executed in 1.71 seconds
[10:15]   Node executed (4 total), capturing...
[10:16]   Frame 4 saved (frame_003.jpg, t=2.1s)
[10:16]   [capture-node] freeze=303ms shot=317ms unfreeze=0ms saved=True
[10:16]   Execution complete (t=2.1s)
[10:16]   Captured 4 unique frames over 2.7s
[10:16]   [debug] iframes: 1
[10:16]   [debug]   iframe[0]: src=http://127.0.0.1:41890/extensions/ComfyUI-GeometryPack/viewer_dual.html?v=177846, canvas=370x485, rafFrozen=True
[10:16]   [timing] trigger_3d_previews: 0.0s
[10:18]   Saved high-quality screenshot: remesh_intersections_executed.png
[10:18]   [timing] final_screenshot: 0.2s
[10:19] Capturing execution frames: remeshing.json
[10:25]   Frame 1 saved (frame_000.jpg, t=0.0s)
[10:25]   Validating workflow...
[10:25]   [ComfyUI] === /validate endpoint called ===
[10:25]   [ComfyUI] Received JSON with keys: ['prompt']
[10:25]   [ComfyUI] Prompt has 3 nodes
[10:25]   [ComfyUI]   Node 1: GeomPackLoadMesh
[10:25]   [ComfyUI]     Inputs: {"file_path": "3d/Stanford_Bunny.stl"}
[10:25]   [ComfyUI]   Node 25: GeomPackPreviewMeshDual
[10:25]   Queuing workflow for execution...
[10:25]   [ComfyUI]     Inputs: {"layout": "side_by_side", "mode": "fields", "opacity_1": 1, "opacity_2": 1, "preview_dual": "{\"show_edges\":true,\"camera_state\":\"{\\\"position\\\":[25.772299630393015,-184.35090618167206,132.3708
[10:25]   [ComfyUI]   Node 27: GeomPackRemesh
[10:25]   [ComfyUI]     Inputs: {"backend": "quadwild", "backend.qw_sharp_angle": 35, "backend.qw_alpha": 0.02, "backend.qw_scale_factor": 1, "backend.qw_remesh": "true", "backend.qw_smooth": "true", "report_panel": "false", "trimes
[10:25]   [ComfyUI] Generated prompt_id: 0862c8e0-c02d-4c8d-9c56-a65241cbd529
[10:25]   [ComfyUI] Calling execution.validate_prompt()...
[10:25]   [ComfyUI] Validation result: valid=True
[10:25]   [ComfyUI] === Validation PASSED ===
[10:25]   [ComfyUI] got prompt
[10:25]   [ComfyUI] [comfy-env] Running GeomPackLoadMesh: file_path: '3d/Stanford_Bunny.stl'
[10:25]   [ComfyUI] [SubprocessWorker] call_method: nodes.io.load_mesh.LoadMesh.EXECUTE_NORMALIZED
[10:25]   [ComfyUI] [SubprocessWorker] acquired lock, ensuring started...
[10:25]   [ComfyUI] [ComfyUI-GeometryPack] Health check: ping (timeout=5.0s)...
[10:25]   [ComfyUI] [ComfyUI-GeometryPack] Health check: ok
[10:25]   [ComfyUI] [SubprocessWorker] worker started/confirmed
[10:25]   [ComfyUI] [SubprocessWorker] serializing kwargs to shm...
[10:25]   [ComfyUI] [SubprocessWorker] created 0 shm blocks
[10:25]   [ComfyUI] [SubprocessWorker] sending request via socket...
[10:25]   [ComfyUI] [SubprocessWorker] call_id=108 sending call_method
[10:27]   [ComfyUI] [worker:ComfyUI-GeometryPack] INFO: Found mesh in input folder: 3d/Stanford_Bunny.stl
[10:27]   [ComfyUI] [worker:ComfyUI-GeometryPack] INFO: Loading: D:\a\comfy-gpu-ci\comfy-gpu-ci\test_workspaces\GeometryPack-0031\ComfyUI\input\3d/Stanford_Bunny.stl
[10:27]   Frame 2 saved (frame_001.jpg, t=2.3s)
[10:27]   [capture-periodic] freeze=6ms shot=103ms unfreeze=7ms saved=True
[10:27]   [ComfyUI] [worker:ComfyUI-GeometryPack] INFO: Initial mesh: 56203 vertices, 112402 faces
[10:28]   [ComfyUI] [worker:ComfyUI-GeometryPack] INFO: Successfully loaded: 56203 vertices, 112402 faces
[10:28]   [ComfyUI] [worker:ComfyUI-GeometryPack] INFO: Loaded: 56203 vertices, 112402 faces
[10:29]   Frame 3 saved (frame_002.jpg, t=4.5s)
[10:29]   [capture-periodic] freeze=4ms shot=104ms unfreeze=7ms saved=True
[10:30]   [ComfyUI] [SubprocessWorker] got response: ok
[10:30]   [ComfyUI] [comfy-env] GeomPackLoadMesh done (4.94s): result: NodeOutput
[10:30]   [ComfyUI] [comfy-env] Running GeomPackRemesh: backend: dict, trimesh: Trimesh
[10:30]   [ComfyUI] [SubprocessWorker] call_method: nodes.remeshing.remesh.RemeshNode.EXECUTE_NORMALIZED
[10:30]   [ComfyUI] [SubprocessWorker] acquired lock, ensuring started...
[10:30]   [ComfyUI] [ComfyUI-GeometryPack] Health check: ping (timeout=5.0s)...
[10:30]   [ComfyUI] [ComfyUI-GeometryPack] Health check: ok
[10:30]   [ComfyUI] [SubprocessWorker] worker started/confirmed
[10:30]   [ComfyUI] [SubprocessWorker] serializing kwargs to shm...
[10:30]   [ComfyUI] [SubprocessWorker] created 1 shm blocks
[10:30]   [ComfyUI] [SubprocessWorker] sending request via socket...
[10:30]   [ComfyUI] [SubprocessWorker] call_id=109 sending call_method
[10:30]   [capture-loop] iter=50 t=5.8s state={'complete': False, 'error': None, 'executedCount': 0, 'wsState': 1} eval_ms=4 ram=5.2/16.0GB (32%) swap=0.3/2.9GB (12%) cpu=34% browser_rss=0.66GB
[10:31]   Frame 4 saved (frame_003.jpg, t=6.7s)
[10:31]   [capture-periodic] freeze=4ms shot=98ms unfreeze=5ms saved=True
[10:36]   [ComfyUI] [worker:ComfyUI-GeometryPack] INFO: Remesh dispatch: quadwild -> GeomPackRemesh_QuadWild
[10:36]   [ComfyUI] [SubprocessWorker] got response: ok
[10:36]   [ComfyUI] [comfy-env] GeomPackRemesh done (6.11s): result: NodeOutput
[10:36]   [ComfyUI] [comfy-env] Running GeomPackRemesh_QuadWild: trimesh: Trimesh, qw_sharp_angle: 35.0, qw_alpha: 0.02, qw_scale_factor: 1.0, qw_remesh: 'true', qw_smooth: 'true'
[10:36]   [ComfyUI] [SubprocessWorker] call_method: nodes.remeshing.backends.quadwild.RemeshQuadWildNode.EXECUTE_NORMALIZED
[10:36]   [ComfyUI] [SubprocessWorker] acquired lock, ensuring started...
[10:36]   [ComfyUI] [ComfyUI-GeometryPack] Health check: ping (timeout=5.0s)...
[10:36]   [ComfyUI] [ComfyUI-GeometryPack] Health check: ok
[10:36]   [ComfyUI] [SubprocessWorker] worker started/confirmed
[10:36]   [ComfyUI] [SubprocessWorker] serializing kwargs to shm...
[10:36]   [ComfyUI] [SubprocessWorker] created 1 shm blocks
[10:36]   [ComfyUI] [SubprocessWorker] sending request via socket...
[10:36]   [ComfyUI] [SubprocessWorker] call_id=110 sending call_method
[10:36]   [ComfyUI] [worker:ComfyUI-GeometryPack] INFO: Backend: quadwild
[10:36]   [ComfyUI] [worker:ComfyUI-GeometryPack] INFO: Input: 56203 vertices, 112402 faces
[10:36]   [ComfyUI] [worker:ComfyUI-GeometryPack] INFO: Parameters: sharp_angle=35.0, alpha=0.02, scale=1.0, remesh=true, smooth=true
[10:36]   [capture-loop] iter=100 t=11.6s state={'complete': False, 'error': None, 'executedCount': 0, 'wsState': 1} eval_ms=5 ram=5.1/16.0GB (32%) swap=0.3/2.9GB (12%) cpu=17% browser_rss=0.64GB
[10:42]   [capture-loop] iter=150 t=17.2s state={'complete': False, 'error': None, 'executedCount': 0, 'wsState': 1} eval_ms=4 ram=5.1/16.0GB (32%) swap=0.3/2.9GB (12%) cpu=34% browser_rss=0.59GB
[10:48]   [capture-loop] iter=200 t=23.0s state={'complete': False, 'error': None, 'executedCount': 0, 'wsState': 1} eval_ms=5 ram=5.1/16.0GB (32%) swap=0.3/2.9GB (12%) cpu=34% browser_rss=0.58GB
[10:53]   [capture-loop] iter=250 t=28.7s state={'complete': False, 'error': None, 'executedCount': 0, 'wsState': 1} eval_ms=5 ram=5.1/16.0GB (32%) swap=0.3/2.9GB (12%) cpu=33% browser_rss=0.58GB
[10:59]   [capture-loop] iter=300 t=34.4s state={'complete': False, 'error': None, 'executedCount': 0, 'wsState': 1} eval_ms=6 ram=5.1/16.0GB (32%) swap=0.3/2.9GB (12%) cpu=34% browser_rss=0.58GB
[11:04]   [ComfyUI] Initital dimension: 33306 x 33306, number of constraints: 0, number of integer variables: 20058, use reordering: yes
[11:04]   [ComfyUI] COMISO::ConstrainedSolver::make_constraints_independent took 0.0010740000000000001 s.
[11:04]   [ComfyUI] Constraint integration took 0.00021929999999999999 s.
[11:04]   [ComfyUI] Constraint elimination took 0.0056518999999999996 s.
[11:04]   [ComfyUI] Reindexing took 0.0003704 s.
[11:04]   [ComfyUI] COMISO::ConstrainedSolver::eliminate_constraints took 0.0065390999999999999 s.
[11:04]   [ComfyUI] Eliminated dimension: 33306 x 33306
[11:04]   [ComfyUI] #nonzeros: 152166
[11:04]   [ComfyUI] integer variables #: 20058
[11:04]   [ComfyUI] continuous variables #: 13248
[11:04]   [ComfyUI] initial full solution
[11:04]   [ComfyUI] COMISO::EigenLDLTSolver::calc_system_eigen took 0.0219543 s.
[11:05]   [ComfyUI] final full solution
[11:05]   [ComfyUI] COMISO::EigenLDLTSolver::update_system_eigen took 0.0060448999999999998 s.
[11:05]   [ComfyUI]  *** Statistics of MiSo Solver ***
[11:05]   [ComfyUI] Number of LOCAL iterations  = 3043
[11:05]   [ComfyUI] Number of CG    iterations  = 0
[11:05]   [ComfyUI] Number of FULL  iterations  = 2
[11:05]   [ComfyUI] Number of ROUNDING          = 20058
[11:05]   [ComfyUI] COMISO::MISolver::solve_multiple_rounding took 0.75495480000000004 s.
[11:05]   [ComfyUI] COMISO::MISolver::solve took 0.75513339999999995 s.
[11:05]   [ComfyUI] COMISO::ConstrainedSolver::restore_eliminated_vars took 0.00014219999999999999 s.
[11:05]   [ComfyUI] COMISO::ConstrainedSolver::solve took 0.76414439999999995 s.
[11:05]   [capture-loop] iter=350 t=40.2s state={'complete': False, 'error': None, 'executedCount': 0, 'wsState': 1} eval_ms=4 ram=5.1/16.0GB (32%) swap=0.3/2.9GB (12%) cpu=34% browser_rss=0.57GB
[11:07]   [ComfyUI] performed 202 adjustments for even rhs
[11:07]   [ComfyUI] performed 184 adjustments for even rhs
[11:11]   [capture-loop] iter=400 t=45.9s state={'complete': False, 'error': None, 'executedCount': 0, 'wsState': 1} eval_ms=4 ram=5.1/16.0GB (32%) swap=0.3/2.9GB (12%) cpu=32% browser_rss=0.57GB
[11:11]   [ComfyUI] [worker:ComfyUI-GeometryPack] INFO: Output: 6906 vertices, 13804 faces
[11:11]   [ComfyUI] [worker:ComfyUI-GeometryPack]
[11:11]   [ComfyUI] === WATCHDOG TICK 1 ===
[11:11]   [ComfyUI] [worker:ComfyUI-GeometryPack] Current thread 0x00001bfc (most recent call first):
[11:11]   [ComfyUI]   File "C:\Users\RUNNER~1\AppData\Local\Temp\comfyui_pvenv_2ige8rze\persistent_worker.py", line 52 in _watchdog
[11:11]   [ComfyUI]   File "C:\ce\.pixi\envs\geometrypack-nodes\Lib\threading.py", line 1012 in run
[11:11]   [ComfyUI]   File "C:\ce\.pixi\envs\geometrypack-nodes\Lib\threading.py", line 1075 in _bootstrap_inner
[11:11]   [ComfyUI]   File "C:\ce\.pixi\envs\geometrypack-nodes\Lib\threading.py", line 1032 in _bootstrap
[11:11]   [ComfyUI] 
[11:11]   [ComfyUI] Thread 0x00002450 (most recent call first):
[11:11]   [ComfyUI]   File "C:\ce\.pixi\envs\geometrypack-nodes\Lib\site-packages\numpy\_core\shape_base.py", line 290 in vstack
[11:11]   [ComfyUI]   File "C:\ce\.pixi\envs\geometrypack-nodes\Lib\site-packages\trimesh\geometry.py", line 185 in triangulate_quads
[11:11]   [ComfyUI]   File "C:\ce\.pixi\envs\geometrypack-nodes\Lib\site-packages\trimesh\base.py", line 379 in faces
[11:11]   [ComfyUI]   File "C:\ce\.pixi\envs\geometrypack-nodes\Lib\site-packages\trimesh\base.py", line 192 in __init__
[11:11]   [ComfyUI]   File "D:\a\comfy-gpu-ci\comfy-gpu-ci\test_workspaces\GeometryPack-0031\ComfyUI\custom_nodes\ComfyUI-GeometryPack\nodes\remeshing\backends\quadwild.py", line 61 in execute
[11:11]   [ComfyUI]   File "D:\a\comfy-gpu-ci\comfy-gpu-ci\test_workspaces\GeometryPack-0031\ComfyUI\comfy_api\latest\_io.py", line 1833 in EXECUTE_NORMALIZED
[11:11]   [ComfyUI]   File "C:\Users\RUNNER~1\AppData\Local\Temp\comfyui_pvenv_2ige8rze\persistent_worker.py", line 1762 in main
[11:11]   [ComfyUI]   File "C:\Users\RUNNER~1\AppData\Local\Temp\comfyui_pvenv_2ige8rze\persistent_worker.py", line 1807 in <module>
[11:11]   [ComfyUI] 
[11:11]   [ComfyUI] [worker:ComfyUI-GeometryPack] === END ===
[11:11]   [ComfyUI] 
[11:11]   [ComfyUI] [SubprocessWorker] got response: ok
[11:11]   [ComfyUI] [comfy-env] GeomPackRemesh_QuadWild done (35.13s): result: NodeOutput
[11:11]   [ComfyUI] [comfy-env] Running GeomPackPreviewMeshDual: layout: 'side_by_side', mode: 'fields', opacity_1: 1.0, opacity_2: 1.0, mesh_1: Trimesh, mesh_2: Trimesh
[11:11]   [ComfyUI] [SubprocessWorker] call_method: nodes.visualization.preview_mesh_dual.PreviewMeshDualNode.EXECUTE_NORMALIZED
[11:11]   [ComfyUI] [SubprocessWorker] acquired lock, ensuring started...
[11:11]   [ComfyUI] [ComfyUI-GeometryPack] Health check: ping (timeout=5.0s)...
[11:11]   [ComfyUI] [ComfyUI-GeometryPack] Health check: ok
[11:11]   [ComfyUI] [SubprocessWorker] worker started/confirmed
[11:11]   [ComfyUI] [SubprocessWorker] serializing kwargs to shm...
[11:11]   [ComfyUI] [SubprocessWorker] created 2 shm blocks
[11:11]   [ComfyUI] [SubprocessWorker] sending request via socket...
[11:11]   [ComfyUI] [SubprocessWorker] call_id=111 sending call_method
[11:11]   Node executed (1 total), capturing...
[11:11]   [ComfyUI] [worker:ComfyUI-GeometryPack] INFO: Layout: side_by_side, Mode: fields
[11:11]   [ComfyUI] [worker:ComfyUI-GeometryPack] INFO: Mesh 1: Mesh - 56203 vertices, 112402 faces
[11:11]   [ComfyUI] [worker:ComfyUI-GeometryPack] INFO: Mesh 2: Mesh - 6906 vertices, 13804 faces
[11:11]   [ComfyUI] [worker:ComfyUI-GeometryPack] INFO: Mesh 1 fields: ['face.stl']
[11:11]   [ComfyUI] [worker:ComfyUI-GeometryPack] INFO: Mesh 2 fields: []
[11:11]   [ComfyUI] [worker:ComfyUI-GeometryPack] INFO: Common fields: []
[11:11]   [ComfyUI] [worker:ComfyUI-GeometryPack] INFO: Mesh 1 visual: kind=None, texture=False, vertex_colors=False
[11:11]   [ComfyUI] [worker:ComfyUI-GeometryPack] INFO: Mesh 2 visual: kind=None, texture=False, vertex_colors=False
[11:11]   [ComfyUI] [worker:ComfyUI-GeometryPack] INFO: Exporting mesh to VTP: D:\a\comfy-gpu-ci\comfy-gpu-ci\test_workspaces\GeometryPack-0031\ComfyUI\output\preview_dual_1_43f130d3.vtp
[11:11]   Frame 5 saved (frame_004.jpg, t=46.6s)
[11:11]   [capture-node] freeze=5ms shot=84ms unfreeze=6ms saved=True
[11:11]   [ComfyUI] [worker:ComfyUI-GeometryPack] INFO: Adding normals field (56203 vertices)
[11:11]   [ComfyUI] [worker:ComfyUI-GeometryPack] INFO: Adding face field: stl
[11:12]   [ComfyUI] [worker:ComfyUI-GeometryPack] INFO: Export complete: 56203 vertices, 112402 faces
[11:12]   [ComfyUI] [worker:ComfyUI-GeometryPack] INFO: Exported VTP with fields: D:\a\comfy-gpu-ci\comfy-gpu-ci\test_workspaces\GeometryPack-0031\ComfyUI\output\preview_dual_1_43f130d3.vtp
[11:12]   [ComfyUI] [worker:ComfyUI-GeometryPack] INFO: Exported STL: D:\a\comfy-gpu-ci\comfy-gpu-ci\test_workspaces\GeometryPack-0031\ComfyUI\output\preview_dual_2_43f130d3.stl
[11:12]   [ComfyUI] [worker:ComfyUI-GeometryPack] INFO: Preview ready
[11:12]   [ComfyUI] [SubprocessWorker] got response: ok
[11:12]   [ComfyUI] [comfy-env] GeomPackPreviewMeshDual done (0.82s): result: NodeOutput
[11:12]   [ComfyUI] Prompt executed in 47.01 seconds
[11:12]   Node executed (2 total), capturing...
[11:12]   Frame 6 saved (frame_005.jpg, t=47.4s)
[11:12]   [capture-node] freeze=5ms shot=168ms unfreeze=0ms saved=True
[11:12]   Execution complete (t=47.4s)
[11:13]   Captured 6 unique frames over 47.9s
[11:13]   [debug] iframes: 1
[11:13]   [debug]   iframe[0]: src=http://127.0.0.1:41890/extensions/ComfyUI-GeometryPack/viewer_dual.html?v=177846, canvas=370x485, rafFrozen=False
[11:13]   [timing] trigger_3d_previews: 0.8s
[11:17]   Saved high-quality screenshot: remeshing_executed.png
[11:17]   [timing] final_screenshot: 0.3s
[11:17]   [20/33] SKIPPED (not in cpu list) remeshing_all.json
[11:17] Capturing execution frames: sharpen.json
[11:23]   Frame 1 saved (frame_000.jpg, t=0.0s)
[11:23]   Validating workflow...
[11:23]   [ComfyUI] === /validate endpoint called ===
[11:23]   [ComfyUI] Received JSON with keys: ['prompt']
[11:23]   [ComfyUI] Prompt has 4 nodes
[11:23]   [ComfyUI]   Node 4: GeomPackLoadMesh
[11:23]   [ComfyUI]     Inputs: {"file_path": "3d/noisy/Fandisk0.3/Noisy.obj"}
[11:23]   [ComfyUI]   Node 6: GeomPackLoadMesh
[11:23]   [ComfyUI]     Inputs: {"file_path": "3d/noisy/Fandisk0.3/Original.obj"}
[11:23]   Queuing workflow for execution...
[11:23]   [ComfyUI]   Node 7: GeomPackSharpenMesh
[11:23]   [ComfyUI]     Inputs: {"backend": "two_step", "backend.smooth_steps": 2, "backend.normal_threshold": 60, "trimesh": ["4", 0]}
[11:23]   [ComfyUI]   Node 8: GeomPackPreviewMeshMulti
[11:23]   [ComfyUI]     Inputs: {"mode": "fields", "preview_multi": "{\"show_edges\":true,\"camera_state\":\"{\\\"position\\\":[11.988365833801835,17.82450062324679,9.744545997398912],\\\"focalPoint\\\":[2.4225937947630882,15.191427
[11:23]   [ComfyUI] Generated prompt_id: 36f0c342-2254-46ac-8e7e-e507ca51ea38
[11:23]   [ComfyUI] Calling execution.validate_prompt()...
[11:23]   [ComfyUI] Validation result: valid=True
[11:23]   [ComfyUI] === Validation PASSED ===
[11:23]   [ComfyUI] got prompt
[11:23]   [ComfyUI] [comfy-env] Running GeomPackLoadMesh: file_path: '3d/noisy/Fandisk0.3/Noisy.obj'
[11:23]   [ComfyUI] [SubprocessWorker] call_method: nodes.io.load_mesh.LoadMesh.EXECUTE_NORMALIZED
[11:23]   [ComfyUI] [SubprocessWorker] acquired lock, ensuring started...
[11:23]   [ComfyUI] [ComfyUI-GeometryPack] Health check: ping (timeout=5.0s)...
[11:23]   [ComfyUI] [ComfyUI-GeometryPack] Health check: ok
[11:23]   [ComfyUI] [SubprocessWorker] worker started/confirmed
[11:23]   [ComfyUI] [SubprocessWorker] serializing kwargs to shm...
[11:23]   [ComfyUI] [SubprocessWorker] created 0 shm blocks
[11:23]   [ComfyUI] [SubprocessWorker] sending request via socket...
[11:23]   [ComfyUI] [SubprocessWorker] call_id=112 sending call_method
[11:25]   [ComfyUI] [worker:ComfyUI-GeometryPack] INFO: Found mesh in input folder: 3d/noisy/Fandisk0.3/Noisy.obj
[11:25]   [ComfyUI] [worker:ComfyUI-GeometryPack] INFO: Loading: D:\a\comfy-gpu-ci\comfy-gpu-ci\test_workspaces\GeometryPack-0031\ComfyUI\input\3d/noisy/Fandisk0.3/Noisy.obj
[11:25]   [ComfyUI] [worker:ComfyUI-GeometryPack] INFO: Initial mesh: 6475 vertices, 12946 faces
[11:25]   [ComfyUI] [worker:ComfyUI-GeometryPack] INFO: Successfully loaded: 6475 vertices, 12946 faces
[11:25]   [ComfyUI] [worker:ComfyUI-GeometryPack] INFO: Loaded: 6475 vertices, 12946 faces
[11:25]   [ComfyUI] [SubprocessWorker] got response: ok
[11:25]   [ComfyUI] [comfy-env] GeomPackLoadMesh done (1.65s): result: NodeOutput
[11:25]   [ComfyUI] [comfy-env] Running GeomPackSharpenMesh: backend: dict, trimesh: Trimesh
[11:25]   [ComfyUI] [SubprocessWorker] call_method: nodes.smoothing.sharpen.SharpenMeshNode.EXECUTE_NORMALIZED
[11:25]   [ComfyUI] [SubprocessWorker] acquired lock, ensuring started...
[11:25]   [ComfyUI] [ComfyUI-GeometryPack] Health check: ping (timeout=5.0s)...
[11:25]   [ComfyUI] [ComfyUI-GeometryPack] Health check: ok
[11:25]   [ComfyUI] [SubprocessWorker] worker started/confirmed
[11:25]   [ComfyUI] [SubprocessWorker] serializing kwargs to shm...
[11:25]   [ComfyUI] [SubprocessWorker] created 1 shm blocks
[11:25]   [ComfyUI] [SubprocessWorker] sending request via socket...
[11:25]   [ComfyUI] [SubprocessWorker] call_id=113 sending call_method
[11:26]   Frame 2 saved (frame_001.jpg, t=2.3s)
[11:26]   [capture-periodic] freeze=7ms shot=90ms unfreeze=5ms saved=True
[11:26]   [ComfyUI] [worker:ComfyUI-GeometryPack] INFO: Sharpen dispatch: two_step -> GeomPackSharpen_TwoStep
[11:26]   [ComfyUI] [SubprocessWorker] got response: ok
[11:26]   [ComfyUI] [comfy-env] GeomPackSharpenMesh done (0.97s): result: NodeOutput
[11:26]   [ComfyUI] [comfy-env] Running GeomPackSharpen_TwoStep: trimesh: Trimesh, smooth_steps: 2, normal_threshold: 60.0
[11:26]   [ComfyUI] [SubprocessWorker] call_method: nodes.smoothing.sharpen_backends.two_step.SharpenTwoStepNode.EXECUTE_NORMALIZED
[11:26]   [ComfyUI] [SubprocessWorker] acquired lock, ensuring started...
[11:26]   [ComfyUI] [ComfyUI-GeometryPack] Health check: ping (timeout=5.0s)...
[11:26]   [ComfyUI] [ComfyUI-GeometryPack] Health check: ok
[11:26]   [ComfyUI] [SubprocessWorker] worker started/confirmed
[11:26]   [ComfyUI] [SubprocessWorker] serializing kwargs to shm...
[11:26]   [ComfyUI] [SubprocessWorker] created 1 shm blocks
[11:26]   [ComfyUI] [SubprocessWorker] sending request via socket...
[11:26]   [ComfyUI] [SubprocessWorker] call_id=114 sending call_method
[11:27]   [ComfyUI] [worker:ComfyUI-GeometryPack] INFO: Backend: two_step
[11:27]   [ComfyUI] [worker:ComfyUI-GeometryPack] INFO: Input: 6475 vertices, 12946 faces
[11:27]   [ComfyUI] [worker:ComfyUI-GeometryPack] INFO: Parameters: smooth_steps=2, normal_threshold=60.0
[11:28]   [ComfyUI] [worker:ComfyUI-GeometryPack] INFO: Output: 6475 vertices, 12946 faces
[11:28]   [ComfyUI] [worker:ComfyUI-GeometryPack] INFO: Avg vertex displacement: 0.050268, max: 0.269867
[11:28]   Frame 3 saved (frame_002.jpg, t=4.5s)
[11:28]   [capture-periodic] freeze=5ms shot=96ms unfreeze=5ms saved=True
[11:29]   [ComfyUI] [SubprocessWorker] got response: ok
[11:29]   [ComfyUI] [comfy-env] GeomPackSharpen_TwoStep done (2.77s): result: NodeOutput
[11:29]   [ComfyUI] [comfy-env] Running GeomPackLoadMesh: file_path: '3d/noisy/Fandisk0.3/Original.obj'
[11:29]   [ComfyUI] [SubprocessWorker] call_method: nodes.io.load_mesh.LoadMesh.EXECUTE_NORMALIZED
[11:29]   [ComfyUI] [SubprocessWorker] acquired lock, ensuring started...
[11:29]   [ComfyUI] [ComfyUI-GeometryPack] Health check: ping (timeout=5.0s)...
[11:29]   Node executed (1 total), capturing...
[11:29]   [ComfyUI] [ComfyUI-GeometryPack] Health check: ok
[11:29]   [ComfyUI] [SubprocessWorker] worker started/confirmed
[11:29]   [ComfyUI] [SubprocessWorker] serializing kwargs to shm...
[11:29]   [ComfyUI] [SubprocessWorker] created 0 shm blocks
[11:29]   [ComfyUI] [SubprocessWorker] sending request via socket...
[11:29]   [ComfyUI] [SubprocessWorker] call_id=115 sending call_method
[11:29]   Frame 4 saved (frame_003.jpg, t=5.7s)
[11:29]   [capture-node] freeze=4ms shot=83ms unfreeze=8ms saved=True
[11:30]   [capture-loop] iter=50 t=6.2s state={'complete': False, 'error': None, 'executedCount': 1, 'wsState': 1} eval_ms=4 ram=5.1/16.0GB (32%) swap=0.3/2.9GB (12%) cpu=44% browser_rss=0.58GB
[11:31]   [ComfyUI] [worker:ComfyUI-GeometryPack] INFO: Found mesh in input folder: 3d/noisy/Fandisk0.3/Original.obj
[11:32]   [ComfyUI] [worker:ComfyUI-GeometryPack] INFO: Loading: D:\a\comfy-gpu-ci\comfy-gpu-ci\test_workspaces\GeometryPack-0031\ComfyUI\input\3d/noisy/Fandisk0.3/Original.obj
[11:32]   [ComfyUI] [worker:ComfyUI-GeometryPack] INFO: Initial mesh: 6475 vertices, 12946 faces
[11:32]   [ComfyUI] [worker:ComfyUI-GeometryPack] INFO: Successfully loaded: 6475 vertices, 12946 faces
[11:32]   [ComfyUI] [worker:ComfyUI-GeometryPack] INFO: Loaded: 6475 vertices, 12946 faces
[11:33]   [ComfyUI] [SubprocessWorker] got response: ok
[11:33]   [ComfyUI] [comfy-env] GeomPackLoadMesh done (4.14s): result: NodeOutput
[11:33]   [ComfyUI] [comfy-env] Running GeomPackPreviewMeshMulti: mode: 'fields', mesh_1: Trimesh, mesh_2: Trimesh, mesh_3: Trimesh
[11:33]   [ComfyUI] [SubprocessWorker] call_method: nodes.visualization.preview_mesh_multi.PreviewMeshMultiNode.EXECUTE_NORMALIZED
[11:33]   [ComfyUI] [SubprocessWorker] acquired lock, ensuring started...
[11:33]   [ComfyUI] [ComfyUI-GeometryPack] Health check: ping (timeout=5.0s)...
[11:33]   [ComfyUI] [ComfyUI-GeometryPack] Health check: ok
[11:33]   [ComfyUI] [SubprocessWorker] worker started/confirmed
[11:33]   [ComfyUI] [SubprocessWorker] serializing kwargs to shm...
[11:33]   [ComfyUI] [SubprocessWorker] created 3 shm blocks
[11:33]   [ComfyUI] [SubprocessWorker] sending request via socket...
[11:33]   [ComfyUI] [SubprocessWorker] call_id=116 sending call_method
[11:33]   Frame 5 saved (frame_004.jpg, t=10.0s)
[11:33]   [capture-periodic] freeze=3ms shot=79ms unfreeze=5ms saved=True
[11:34]   [ComfyUI] [worker:ComfyUI-GeometryPack] INFO: Mode: fields, Meshes: 3
[11:34]   [ComfyUI] [worker:ComfyUI-GeometryPack] INFO: Mesh 1: Mesh - 6475 vertices, 12946 faces
[11:34]   [ComfyUI] [worker:ComfyUI-GeometryPack] INFO: Exporting mesh to VTP: D:\a\comfy-gpu-ci\comfy-gpu-ci\test_workspaces\GeometryPack-0031\ComfyUI\output\preview_multi_1_43ebda54.vtp
[11:34]   [ComfyUI] [worker:ComfyUI-GeometryPack] INFO: Adding normals field (6475 vertices)
[11:34]   [ComfyUI] [worker:ComfyUI-GeometryPack] INFO: Export complete: 6475 vertices, 12946 faces
[11:34]   [ComfyUI] [worker:ComfyUI-GeometryPack] INFO: Exported VTP: D:\a\comfy-gpu-ci\comfy-gpu-ci\test_workspaces\GeometryPack-0031\ComfyUI\output\preview_multi_1_43ebda54.vtp
[11:34]   [ComfyUI] [worker:ComfyUI-GeometryPack] INFO: Mesh 2: Mesh - 6475 vertices, 12946 faces
[11:34]   [ComfyUI] [worker:ComfyUI-GeometryPack] INFO: Exporting mesh to VTP: D:\a\comfy-gpu-ci\comfy-gpu-ci\test_workspaces\GeometryPack-0031\ComfyUI\output\preview_multi_2_43ebda54.vtp
[11:34]   [ComfyUI] [worker:ComfyUI-GeometryPack] INFO: Adding normals field (6475 vertices)
[11:34]   [ComfyUI] [worker:ComfyUI-GeometryPack] INFO: Export complete: 6475 vertices, 12946 faces
[11:34]   [ComfyUI] [worker:ComfyUI-GeometryPack] INFO: Exported VTP: D:\a\comfy-gpu-ci\comfy-gpu-ci\test_workspaces\GeometryPack-0031\ComfyUI\output\preview_multi_2_43ebda54.vtp
[11:34]   [ComfyUI] [worker:ComfyUI-GeometryPack] INFO: Mesh 3: Mesh - 6475 vertices, 12946 faces
[11:34]   [ComfyUI] [worker:ComfyUI-GeometryPack] INFO: Exporting mesh to VTP: D:\a\comfy-gpu-ci\comfy-gpu-ci\test_workspaces\GeometryPack-0031\ComfyUI\output\preview_multi_3_43ebda54.vtp
[11:34]   [ComfyUI] [worker:ComfyUI-GeometryPack] INFO: Adding normals field (6475 vertices)
[11:34]   [ComfyUI] [worker:ComfyUI-GeometryPack] INFO: Export complete: 6475 vertices, 12946 faces
[11:34]   [ComfyUI] [worker:ComfyUI-GeometryPack] INFO: Exported VTP: D:\a\comfy-gpu-ci\comfy-gpu-ci\test_workspaces\GeometryPack-0031\ComfyUI\output\preview_multi_3_43ebda54.vtp
[11:34]   [ComfyUI] [worker:ComfyUI-GeometryPack] INFO: Grid: 3x1, Preview ready
[11:35]   [ComfyUI] [SubprocessWorker] got response: ok
[11:35]   [ComfyUI] [comfy-env] GeomPackPreviewMeshMulti done (1.66s): result: NodeOutput
[11:35]   [ComfyUI] Prompt executed in 11.19 seconds
[11:35]   Node executed (2 total), capturing...
[11:36]   Frame 6 saved (frame_005.jpg, t=11.6s)
[11:36]   [capture-node] freeze=5ms shot=705ms unfreeze=13ms saved=True
[11:36]   Execution complete (t=12.6s)
[11:36]   Captured 6 unique frames over 12.61s
[11:36]   [debug] iframes: 1
[11:36]   [debug]   iframe[0]: src=http://127.0.0.1:41890/extensions/ComfyUI-GeometryPack/viewer_multi.html?v=17784, canvas=244x393, rafFrozen=False
[11:36]   [timing] trigger_3d_previews: 0.0s
[11:38]   Saved high-quality screenshot: sharpen_executed.png
[11:38]   [timing] final_screenshot: 0.2s
[11:38] Capturing execution frames: sharpen_all.json
[11:44]   Frame 1 saved (frame_000.jpg, t=0.0s)
[11:44]   Validating workflow...
[11:44]   [ComfyUI] === /validate endpoint called ===
[11:44]   [ComfyUI] Received JSON with keys: ['prompt']
[11:44]   [ComfyUI] Prompt has 10 nodes
[11:44]   [ComfyUI]   Node 1: GeomPackLoadMesh
[11:44]   [ComfyUI]     Inputs: {"file_path": "3d/noisy/Fandisk0.3/Noisy.obj"}
[11:44]   [ComfyUI]   Node 2: GeomPackSharpenMesh
[11:44]   [ComfyUI]     Inputs: {"backend": "two_step", "backend.smooth_steps": 3, "backend.normal_threshold": 60, "trimesh": ["1", 0]}
[11:44]   Queuing workflow for execution...
[11:44]   [ComfyUI]   Node 4: GeomPackSharpenMesh
[11:44]   [ComfyUI]     Inputs: {"backend": "libigl_unsharp", "backend.weight": 0.5, "backend.iterations": 3, "trimesh": ["1", 0]}
[11:44]   [ComfyUI]   Node 5: GeomPackSharpenMesh
[11:44]   [ComfyUI]     Inputs: {"backend": "l0_minimize", "backend.alpha": 0.001, "backend.beta": 2, "backend.iterations": 10, "trimesh": ["1", 0]}
[11:44]   [ComfyUI]   Node 6: GeomPackSharpenMesh
[11:44]   [ComfyUI]     Inputs: {"backend": "guided_normal", "backend.normal_iterations": 5, "backend.vertex_iterations": 10, "backend.sigma_s": 1, "backend.sigma_r": 0.35, "trimesh": ["1", 0]}
[11:44]   [ComfyUI]   Node 8: GeomPackSharpenMesh
[11:44]   [ComfyUI]     Inputs: {"backend": "fast_effective", "backend.threshold_T": 0.2, "backend.normal_iterations": 10, "backend.vertex_iterations": 20, "trimesh": ["1", 0]}
[11:44]   [ComfyUI]   Node 9: GeomPackSharpenMesh
[11:44]   [ComfyUI]     Inputs: {"backend": "non_iterative", "backend.sigma_f": 1, "backend.sigma_g": 1, "trimesh": ["1", 0]}
[11:44]   [ComfyUI]   Node 10: GeomPackPreviewMeshMulti
[11:44]   [ComfyUI]     Inputs: {"mode": "fields", "preview_multi": "{\"show_edges\":true,\"camera_state\":\"{\\\"position\\\":[-5.961122528109332,15.888697444123462,3.5443586005740766],\\\"focalPoint\\\":[2.429478704929352,15.20779
[11:44]   [ComfyUI]   Node 11: GeomPackPreviewMeshMulti
[11:44]   [ComfyUI]     Inputs: {"mode": "fields", "preview_multi": "{\"show_edges\":true,\"camera_state\":\"{\\\"position\\\":[-5.961122528109332,15.888697444123462,3.5443586005740766],\\\"focalPoint\\\":[2.429478704929352,15.20779
[11:44]   [ComfyUI]   Node 15: GeomPackSharpenMesh
[11:44]   [ComfyUI]     Inputs: {"backend": "unsharp_mask", "backend.weight": 0.3, "backend.iterations": 5, "trimesh": ["1", 0]}
[11:44]   [ComfyUI] Generated prompt_id: cd7830c6-ac39-4246-8dcb-e6c5a0ae177f
[11:44]   [ComfyUI] Calling execution.validate_prompt()...
[11:44]   [ComfyUI] Validation result: valid=True
[11:44]   [ComfyUI] === Validation PASSED ===
[11:44]   [ComfyUI] got prompt
[11:44]   [ComfyUI] [comfy-env] Running GeomPackLoadMesh: file_path: '3d/noisy/Fandisk0.3/Noisy.obj'
[11:44]   [ComfyUI] [SubprocessWorker] call_method: nodes.io.load_mesh.LoadMesh.EXECUTE_NORMALIZED
[11:44]   [ComfyUI] [SubprocessWorker] acquired lock, ensuring started...
[11:44]   [ComfyUI] [ComfyUI-GeometryPack] Health check: ping (timeout=5.0s)...
[11:44]   [ComfyUI] [ComfyUI-GeometryPack] Health check: ok
[11:44]   [ComfyUI] [SubprocessWorker] worker started/confirmed
[11:44]   [ComfyUI] [SubprocessWorker] serializing kwargs to shm...
[11:44]   [ComfyUI] [SubprocessWorker] created 0 shm blocks
[11:44]   [ComfyUI] [SubprocessWorker] sending request via socket...
[11:44]   [ComfyUI] [SubprocessWorker] call_id=117 sending call_method
[11:45]   [ComfyUI] [worker:ComfyUI-GeometryPack] INFO: Found mesh in input folder: 3d/noisy/Fandisk0.3/Noisy.obj
[11:45]   [ComfyUI] [worker:ComfyUI-GeometryPack] INFO: Loading: D:\a\comfy-gpu-ci\comfy-gpu-ci\test_workspaces\GeometryPack-0031\ComfyUI\input\3d/noisy/Fandisk0.3/Noisy.obj
[11:45]   [ComfyUI] [worker:ComfyUI-GeometryPack] INFO: Initial mesh: 6475 vertices, 12946 faces
[11:45]   [ComfyUI] [worker:ComfyUI-GeometryPack] INFO: Successfully loaded: 6475 vertices, 12946 faces
[11:45]   [ComfyUI] [worker:ComfyUI-GeometryPack] INFO: Loaded: 6475 vertices, 12946 faces
[11:45]   [ComfyUI] [SubprocessWorker] got response: ok
[11:45]   [ComfyUI] [comfy-env] GeomPackLoadMesh done (0.44s): result: NodeOutput
[11:45]   [ComfyUI] [comfy-env] Running GeomPackSharpenMesh: backend: dict, trimesh: Trimesh
[11:45]   [ComfyUI] [SubprocessWorker] call_method: nodes.smoothing.sharpen.SharpenMeshNode.EXECUTE_NORMALIZED
[11:45]   [ComfyUI] [SubprocessWorker] acquired lock, ensuring started...
[11:45]   [ComfyUI] [ComfyUI-GeometryPack] Health check: ping (timeout=5.0s)...
[11:45]   [ComfyUI] [ComfyUI-GeometryPack] Health check: ok
[11:45]   [ComfyUI] [SubprocessWorker] worker started/confirmed
[11:45]   [ComfyUI] [SubprocessWorker] serializing kwargs to shm...
[11:45]   [ComfyUI] [SubprocessWorker] created 1 shm blocks
[11:45]   [ComfyUI] [SubprocessWorker] sending request via socket...
[11:45]   [ComfyUI] [SubprocessWorker] call_id=118 sending call_method
[11:45]   [ComfyUI] [worker:ComfyUI-GeometryPack] INFO: Sharpen dispatch: l0_minimize -> GeomPackSharpen_L0Minimize
[11:45]   [ComfyUI] [SubprocessWorker] got response: ok
[11:45]   [ComfyUI] [comfy-env] GeomPackSharpenMesh done (0.35s): result: NodeOutput
[11:45]   [ComfyUI] [comfy-env] Running GeomPackSharpenMesh: backend: dict, trimesh: Trimesh
[11:45]   [ComfyUI] [SubprocessWorker] call_method: nodes.smoothing.sharpen.SharpenMeshNode.EXECUTE_NORMALIZED
[11:45]   [ComfyUI] [SubprocessWorker] acquired lock, ensuring started...
[11:45]   [ComfyUI] [ComfyUI-GeometryPack] Health check: ping (timeout=5.0s)...
[11:45]   [ComfyUI] [ComfyUI-GeometryPack] Health check: ok
[11:45]   [ComfyUI] [SubprocessWorker] worker started/confirmed
[11:45]   [ComfyUI] [SubprocessWorker] serializing kwargs to shm...
[11:45]   [ComfyUI] [SubprocessWorker] created 1 shm blocks
[11:45]   [ComfyUI] [SubprocessWorker] sending request via socket...
[11:45]   [ComfyUI] [SubprocessWorker] call_id=119 sending call_method
[11:45]   [ComfyUI] [worker:ComfyUI-GeometryPack] INFO: Sharpen dispatch: libigl_unsharp -> GeomPackSharpen_LibiglUnsharp
[11:46]   [ComfyUI] [SubprocessWorker] got response: ok
[11:46]   [ComfyUI] [comfy-env] GeomPackSharpenMesh done (0.34s): result: NodeOutput
[11:46]   [ComfyUI] [comfy-env] Running GeomPackSharpenMesh: backend: dict, trimesh: Trimesh
[11:46]   [ComfyUI] [SubprocessWorker] call_method: nodes.smoothing.sharpen.SharpenMeshNode.EXECUTE_NORMALIZED
[11:46]   [ComfyUI] [SubprocessWorker] acquired lock, ensuring started...
[11:46]   [ComfyUI] [ComfyUI-GeometryPack] Health check: ping (timeout=5.0s)...
[11:46]   [ComfyUI] [ComfyUI-GeometryPack] Health check: ok
[11:46]   [ComfyUI] [SubprocessWorker] worker started/confirmed
[11:46]   [ComfyUI] [SubprocessWorker] serializing kwargs to shm...
[11:46]   [ComfyUI] [SubprocessWorker] created 1 shm blocks
[11:46]   [ComfyUI] [SubprocessWorker] sending request via socket...
[11:46]   [ComfyUI] [SubprocessWorker] call_id=120 sending call_method
[11:46]   [ComfyUI] [worker:ComfyUI-GeometryPack] INFO: Sharpen dispatch: unsharp_mask -> GeomPackSharpen_UnsharpMask
[11:46]   [ComfyUI] [SubprocessWorker] got response: ok
[11:46]   [ComfyUI] [comfy-env] GeomPackSharpenMesh done (0.37s): result: NodeOutput
[11:46]   [ComfyUI] [comfy-env] Running GeomPackSharpenMesh: backend: dict, trimesh: Trimesh
[11:46]   [ComfyUI] [SubprocessWorker] call_method: nodes.smoothing.sharpen.SharpenMeshNode.EXECUTE_NORMALIZED
[11:46]   [ComfyUI] [SubprocessWorker] acquired lock, ensuring started...
[11:46]   [ComfyUI] [ComfyUI-GeometryPack] Health check: ping (timeout=5.0s)...
[11:46]   [ComfyUI] [ComfyUI-GeometryPack] Health check: ok
[11:46]   [ComfyUI] [SubprocessWorker] worker started/confirmed
[11:46]   [ComfyUI] [SubprocessWorker] serializing kwargs to shm...
[11:46]   [ComfyUI] [SubprocessWorker] created 1 shm blocks
[11:46]   [ComfyUI] [SubprocessWorker] sending request via socket...
[11:46]   [ComfyUI] [SubprocessWorker] call_id=121 sending call_method
[11:46]   [ComfyUI] [worker:ComfyUI-GeometryPack] INFO: Sharpen dispatch: two_step -> GeomPackSharpen_TwoStep
[11:46]   [ComfyUI] [SubprocessWorker] got response: ok
[11:46]   [ComfyUI] [comfy-env] GeomPackSharpenMesh done (0.35s): result: NodeOutput
[11:46]   [ComfyUI] [comfy-env] Running GeomPackSharpenMesh: backend: dict, trimesh: Trimesh
[11:46]   [ComfyUI] [SubprocessWorker] call_method: nodes.smoothing.sharpen.SharpenMeshNode.EXECUTE_NORMALIZED
[11:46]   [ComfyUI] [SubprocessWorker] acquired lock, ensuring started...
[11:46]   [ComfyUI] [ComfyUI-GeometryPack] Health check: ping (timeout=5.0s)...
[11:46]   [ComfyUI] [ComfyUI-GeometryPack] Health check: ok
[11:46]   [ComfyUI] [SubprocessWorker] worker started/confirmed
[11:46]   [ComfyUI] [SubprocessWorker] serializing kwargs to shm...
[11:46]   [ComfyUI] [SubprocessWorker] created 1 shm blocks
[11:46]   [ComfyUI] [SubprocessWorker] sending request via socket...
[11:46]   [ComfyUI] [SubprocessWorker] call_id=122 sending call_method
[11:46]   [ComfyUI] [worker:ComfyUI-GeometryPack] INFO: Sharpen dispatch: guided_normal -> GeomPackSharpen_GuidedNormal
[11:47]   [ComfyUI] [SubprocessWorker] got response: ok
[11:47]   [ComfyUI] [comfy-env] GeomPackSharpenMesh done (0.33s): result: NodeOutput
[11:47]   [ComfyUI] [comfy-env] Running GeomPackSharpenMesh: backend: dict, trimesh: Trimesh
[11:47]   [ComfyUI] [SubprocessWorker] call_method: nodes.smoothing.sharpen.SharpenMeshNode.EXECUTE_NORMALIZED
[11:47]   [ComfyUI] [SubprocessWorker] acquired lock, ensuring started...
[11:47]   [ComfyUI] [ComfyUI-GeometryPack] Health check: ping (timeout=5.0s)...
[11:47]   [ComfyUI] [ComfyUI-GeometryPack] Health check: ok
[11:47]   [ComfyUI] [SubprocessWorker] worker started/confirmed
[11:47]   [ComfyUI] [SubprocessWorker] serializing kwargs to shm...
[11:47]   [ComfyUI] [SubprocessWorker] created 1 shm blocks
[11:47]   [ComfyUI] [SubprocessWorker] sending request via socket...
[11:47]   [ComfyUI] [SubprocessWorker] call_id=123 sending call_method
[11:47]   Frame 2 saved (frame_001.jpg, t=2.3s)
[11:47]   [capture-periodic] freeze=4ms shot=108ms unfreeze=4ms saved=True
[11:47]   [ComfyUI] [worker:ComfyUI-GeometryPack] INFO: Sharpen dispatch: fast_effective -> GeomPackSharpen_FastEffective
[11:47]   [ComfyUI] [SubprocessWorker] got response: ok
[11:47]   [ComfyUI] [comfy-env] GeomPackSharpenMesh done (0.34s): result: NodeOutput
[11:47]   [ComfyUI] [comfy-env] Running GeomPackSharpenMesh: backend: dict, trimesh: Trimesh
[11:47]   [ComfyUI] [SubprocessWorker] call_method: nodes.smoothing.sharpen.SharpenMeshNode.EXECUTE_NORMALIZED
[11:47]   [ComfyUI] [SubprocessWorker] acquired lock, ensuring started...
[11:47]   [ComfyUI] [ComfyUI-GeometryPack] Health check: ping (timeout=5.0s)...
[11:47]   [ComfyUI] [ComfyUI-GeometryPack] Health check: ok
[11:47]   [ComfyUI] [SubprocessWorker] worker started/confirmed
[11:47]   [ComfyUI] [SubprocessWorker] serializing kwargs to shm...
[11:47]   [ComfyUI] [SubprocessWorker] created 1 shm blocks
[11:47]   [ComfyUI] [SubprocessWorker] sending request via socket...
[11:47]   [ComfyUI] [SubprocessWorker] call_id=124 sending call_method
[11:47]   [ComfyUI] [worker:ComfyUI-GeometryPack] INFO: Sharpen dispatch: non_iterative -> GeomPackSharpen_NonIterative
[11:47]   [ComfyUI] [SubprocessWorker] got response: ok
[11:47]   [ComfyUI] [comfy-env] GeomPackSharpenMesh done (0.37s): result: NodeOutput
[11:47]   [ComfyUI] [comfy-env] Running GeomPackSharpen_L0Minimize: trimesh: Trimesh, alpha: 0.001, beta: 2.0, iterations: 10
[11:47]   [ComfyUI] [SubprocessWorker] call_method: nodes.smoothing.sharpen_backends.l0_minimize.SharpenL0MinimizeNode.EXECUTE_NORMALIZED
[11:47]   [ComfyUI] [SubprocessWorker] acquired lock, ensuring started...
[11:47]   [ComfyUI] [ComfyUI-GeometryPack] Health check: ping (timeout=5.0s)...
[11:47]   [ComfyUI] [ComfyUI-GeometryPack] Health check: ok
[11:47]   [ComfyUI] [SubprocessWorker] worker started/confirmed
[11:47]   [ComfyUI] [SubprocessWorker] serializing kwargs to shm...
[11:47]   [ComfyUI] [SubprocessWorker] created 1 shm blocks
[11:47]   [ComfyUI] [SubprocessWorker] sending request via socket...
[11:47]   [ComfyUI] [SubprocessWorker] call_id=125 sending call_method
[11:48]   [ComfyUI] [worker:ComfyUI-GeometryPack] INFO: Backend: l0_minimize
[11:48]   [ComfyUI] [worker:ComfyUI-GeometryPack] INFO: Input: 6475 vertices, 12946 faces
[11:48]   [ComfyUI] [worker:ComfyUI-GeometryPack] INFO: Parameters: alpha=0.0010, beta=2.0, iterations=10
[11:49]   Frame 3 saved (frame_002.jpg, t=4.5s)
[11:49]   [capture-periodic] freeze=6ms shot=108ms unfreeze=5ms saved=True
[11:50]   [capture-loop] iter=50 t=5.9s state={'complete': False, 'error': None, 'executedCount': 0, 'wsState': 1} eval_ms=6 ram=5.2/16.0GB (32%) swap=0.3/2.9GB (12%) cpu=29% browser_rss=0.69GB
[11:51]   Frame 4 saved (frame_003.jpg, t=6.8s)
[11:51]   [capture-periodic] freeze=5ms shot=100ms unfreeze=4ms saved=True
[11:52]   [ComfyUI] [worker:ComfyUI-GeometryPack] INFO: Output: 6475 vertices, 12946 faces
[11:52]   [ComfyUI] [worker:ComfyUI-GeometryPack] INFO: Avg vertex displacement: 0.009479, max: 0.060807
[11:52]   [ComfyUI] [SubprocessWorker] got response: ok
[11:52]   [ComfyUI] [comfy-env] GeomPackSharpen_L0Minimize done (4.53s): result: NodeOutput
[11:52]   [ComfyUI] [comfy-env] Running GeomPackSharpen_LibiglUnsharp: trimesh: Trimesh, weight: 0.5, iterations: 3
[11:52]   [ComfyUI] [SubprocessWorker] call_method: nodes.smoothing.sharpen_backends.libigl_unsharp.SharpenLibiglUnsharpNode.EXECUTE_NORMALIZED
[11:52]   [ComfyUI] [SubprocessWorker] acquired lock, ensuring started...
[11:52]   [ComfyUI] [ComfyUI-GeometryPack] Health check: ping (timeout=5.0s)...
[11:52]   [ComfyUI] [ComfyUI-GeometryPack] Health check: ok
[11:52]   [ComfyUI] [SubprocessWorker] worker started/confirmed
[11:52]   [ComfyUI] [SubprocessWorker] serializing kwargs to shm...
[11:52]   [ComfyUI] [SubprocessWorker] created 1 shm blocks
[11:52]   [ComfyUI] [SubprocessWorker] sending request via socket...
[11:52]   [ComfyUI] [SubprocessWorker] call_id=126 sending call_method
[11:52]   Node executed (1 total), capturing...
[11:52]   [ComfyUI] [worker:ComfyUI-GeometryPack] INFO: Backend: libigl_unsharp
[11:52]   [ComfyUI] [worker:ComfyUI-GeometryPack] INFO: Input: 6475 vertices, 12946 faces
[11:52]   [ComfyUI] [worker:ComfyUI-GeometryPack] INFO: Parameters: weight=0.500, iterations=3
[11:52]   Frame 5 saved (frame_004.jpg, t=7.8s)
[11:52]   [capture-node] freeze=5ms shot=98ms unfreeze=4ms saved=True
[11:52]   [ComfyUI] [worker:ComfyUI-GeometryPack] INFO: Output: 6475 vertices, 12946 faces
[11:52]   [ComfyUI] [worker:ComfyUI-GeometryPack] INFO: Avg vertex displacement: 0.541299, max: 1.039092
[11:52]   [ComfyUI] [SubprocessWorker] got response: ok
[11:52]   [ComfyUI] [comfy-env] GeomPackSharpen_LibiglUnsharp done (0.49s): result: NodeOutput
[11:52]   [ComfyUI] [comfy-env] Running GeomPackSharpen_UnsharpMask: trimesh: Trimesh, weight: 0.3, iterations: 5
[11:52]   [ComfyUI] [SubprocessWorker] call_method: nodes.smoothing.sharpen_backends.unsharp_mask.SharpenUnsharpMaskNode.EXECUTE_NORMALIZED
[11:52]   [ComfyUI] [SubprocessWorker] acquired lock, ensuring started...
[11:52]   [ComfyUI] [ComfyUI-GeometryPack] Health check: ping (timeout=5.0s)...
[11:52]   [ComfyUI] [ComfyUI-GeometryPack] Health check: ok
[11:52]   [ComfyUI] [SubprocessWorker] worker started/confirmed
[11:52]   [ComfyUI] [SubprocessWorker] serializing kwargs to shm...
[11:52]   [ComfyUI] [SubprocessWorker] created 1 shm blocks
[11:52]   [ComfyUI] [SubprocessWorker] sending request via socket...
[11:52]   [ComfyUI] [SubprocessWorker] call_id=127 sending call_method
[11:52]   [ComfyUI] [worker:ComfyUI-GeometryPack] INFO: Backend: unsharp_mask
[11:52]   [ComfyUI] [worker:ComfyUI-GeometryPack] INFO: Input: 6475 vertices, 12946 faces
[11:52]   Node executed (2 total), capturing...
[11:52]   [ComfyUI] [worker:ComfyUI-GeometryPack] INFO: Parameters: weight=0.300, iterations=5
[11:52]   [ComfyUI] [worker:ComfyUI-GeometryPack] INFO: Output: 6475 vertices, 12946 faces
[11:52]   [ComfyUI] [worker:ComfyUI-GeometryPack] INFO: Avg vertex displacement: 0.013687, max: 0.066009
[11:52]   [ComfyUI] [SubprocessWorker] got response: ok
[11:52]   [ComfyUI] [comfy-env] GeomPackSharpen_UnsharpMask done (0.19s): result: NodeOutput
[11:52]   [ComfyUI] [comfy-env] Running GeomPackSharpen_TwoStep: trimesh: Trimesh, smooth_steps: 3, normal_threshold: 60.0
[11:52]   [ComfyUI] [SubprocessWorker] call_method: nodes.smoothing.sharpen_backends.two_step.SharpenTwoStepNode.EXECUTE_NORMALIZED
[11:52]   [ComfyUI] [SubprocessWorker] acquired lock, ensuring started...
[11:52]   [ComfyUI] [ComfyUI-GeometryPack] Health check: ping (timeout=5.0s)...
[11:52]   [ComfyUI] [ComfyUI-GeometryPack] Health check: ok
[11:52]   [ComfyUI] [SubprocessWorker] worker started/confirmed
[11:52]   [ComfyUI] [SubprocessWorker] serializing kwargs to shm...
[11:52]   [ComfyUI] [SubprocessWorker] created 1 shm blocks
[11:52]   [ComfyUI] [SubprocessWorker] sending request via socket...
[11:52]   [ComfyUI] [SubprocessWorker] call_id=128 sending call_method
[11:53]   [ComfyUI] [worker:ComfyUI-GeometryPack] INFO: Backend: two_step
[11:53]   [ComfyUI] [worker:ComfyUI-GeometryPack] INFO: Input: 6475 vertices, 12946 faces
[11:53]   [ComfyUI] [worker:ComfyUI-GeometryPack] INFO: Parameters: smooth_steps=3, normal_threshold=60.0
[11:53]   Frame 6 saved (frame_005.jpg, t=8.3s)
[11:53]   [capture-node] freeze=4ms shot=98ms unfreeze=4ms saved=True
[11:53]   [ComfyUI] [worker:ComfyUI-GeometryPack] INFO: Output: 6475 vertices, 12946 faces
[11:53]   [ComfyUI] [worker:ComfyUI-GeometryPack] INFO: Avg vertex displacement: 0.059156, max: 0.318610
[11:53]   [ComfyUI] [SubprocessWorker] got response: ok
[11:53]   [ComfyUI] [comfy-env] GeomPackSharpen_TwoStep done (0.26s): result: NodeOutput
[11:53]   [ComfyUI] [comfy-env] Running GeomPackPreviewMeshMulti: mode: 'fields', mesh_1: Trimesh, mesh_2: Trimesh, mesh_3: Trimesh, mesh_4: Trimesh
[11:53]   [ComfyUI] [SubprocessWorker] call_method: nodes.visualization.preview_mesh_multi.PreviewMeshMultiNode.EXECUTE_NORMALIZED
[11:53]   [ComfyUI] [SubprocessWorker] acquired lock, ensuring started...
[11:53]   [ComfyUI] [ComfyUI-GeometryPack] Health check: ping (timeout=5.0s)...
[11:53]   [ComfyUI] [ComfyUI-GeometryPack] Health check: ok
[11:53]   [ComfyUI] [SubprocessWorker] worker started/confirmed
[11:53]   [ComfyUI] [SubprocessWorker] serializing kwargs to shm...
[11:53]   [ComfyUI] [SubprocessWorker] created 4 shm blocks
[11:53]   [ComfyUI] [SubprocessWorker] sending request via socket...
[11:53]   [ComfyUI] [SubprocessWorker] call_id=129 sending call_method
[11:53]   Node executed (4 total), capturing...
[11:53]   [ComfyUI] [worker:ComfyUI-GeometryPack] INFO: Mode: fields, Meshes: 4
[11:53]   [ComfyUI] [worker:ComfyUI-GeometryPack] INFO: Mesh 1: Mesh - 6475 vertices, 12946 faces
[11:53]   [ComfyUI] [worker:ComfyUI-GeometryPack] INFO: Exporting mesh to VTP: D:\a\comfy-gpu-ci\comfy-gpu-ci\test_workspaces\GeometryPack-0031\ComfyUI\output\preview_multi_1_4bb4c2c5.vtp
[11:53]   [ComfyUI] [worker:ComfyUI-GeometryPack] INFO: Adding normals field (6475 vertices)
[11:53]   [ComfyUI] [worker:ComfyUI-GeometryPack] INFO: Export complete: 6475 vertices, 12946 faces
[11:53]   [ComfyUI] [worker:ComfyUI-GeometryPack] INFO: Exported VTP: D:\a\comfy-gpu-ci\comfy-gpu-ci\test_workspaces\GeometryPack-0031\ComfyUI\output\preview_multi_1_4bb4c2c5.vtp
[11:53]   [ComfyUI] [worker:ComfyUI-GeometryPack] INFO: Mesh 2: Mesh - 6475 vertices, 12946 faces
[11:53]   [ComfyUI] [worker:ComfyUI-GeometryPack] INFO: Exporting mesh to VTP: D:\a\comfy-gpu-ci\comfy-gpu-ci\test_workspaces\GeometryPack-0031\ComfyUI\output\preview_multi_2_4bb4c2c5.vtp
[11:53]   [ComfyUI] [worker:ComfyUI-GeometryPack] INFO: Adding normals field (6475 vertices)
[11:53]   [ComfyUI] [worker:ComfyUI-GeometryPack] INFO: Export complete: 6475 vertices, 12946 faces
[11:53]   [ComfyUI] [worker:ComfyUI-GeometryPack] INFO: Exported VTP: D:\a\comfy-gpu-ci\comfy-gpu-ci\test_workspaces\GeometryPack-0031\ComfyUI\output\preview_multi_2_4bb4c2c5.vtp
[11:53]   [ComfyUI] [worker:ComfyUI-GeometryPack] INFO: Mesh 3: Mesh - 6475 vertices, 12946 faces
[11:53]   [ComfyUI] [worker:ComfyUI-GeometryPack] INFO: Exporting mesh to VTP: D:\a\comfy-gpu-ci\comfy-gpu-ci\test_workspaces\GeometryPack-0031\ComfyUI\output\preview_multi_3_4bb4c2c5.vtp
[11:53]   Frame 7 saved (frame_006.jpg, t=8.7s)
[11:53]   [capture-node] freeze=5ms shot=118ms unfreeze=9ms saved=True
[11:53]   [ComfyUI] [worker:ComfyUI-GeometryPack] INFO: Adding normals field (6475 vertices)
[11:53]   [ComfyUI] [worker:ComfyUI-GeometryPack] INFO: Export complete: 6475 vertices, 12946 faces
[11:53]   [ComfyUI] [worker:ComfyUI-GeometryPack] INFO: Exported VTP: D:\a\comfy-gpu-ci\comfy-gpu-ci\test_workspaces\GeometryPack-0031\ComfyUI\output\preview_multi_3_4bb4c2c5.vtp
[11:53]   [ComfyUI] [worker:ComfyUI-GeometryPack] INFO: Mesh 4: Mesh - 6475 vertices, 12946 faces
[11:53]   [ComfyUI] [worker:ComfyUI-GeometryPack] INFO: Exporting mesh to VTP: D:\a\comfy-gpu-ci\comfy-gpu-ci\test_workspaces\GeometryPack-0031\ComfyUI\output\preview_multi_4_4bb4c2c5.vtp
[11:53]   [ComfyUI] [worker:ComfyUI-GeometryPack] INFO: Adding normals field (6475 vertices)
[11:53]   [ComfyUI] [worker:ComfyUI-GeometryPack] INFO: Export complete: 6475 vertices, 12946 faces
[11:53]   [ComfyUI] [worker:ComfyUI-GeometryPack] INFO: Exported VTP: D:\a\comfy-gpu-ci\comfy-gpu-ci\test_workspaces\GeometryPack-0031\ComfyUI\output\preview_multi_4_4bb4c2c5.vtp
[11:53]   [ComfyUI] [worker:ComfyUI-GeometryPack] INFO: Grid: 2x2, Preview ready
[11:53]   [ComfyUI] [SubprocessWorker] got response: ok
[11:53]   [ComfyUI] [comfy-env] GeomPackPreviewMeshMulti done (0.58s): result: NodeOutput
[11:53]   [ComfyUI] [comfy-env] Running GeomPackSharpen_GuidedNormal: trimesh: Trimesh, normal_iterations: 5, vertex_iterations: 10, sigma_s: 1.0, sigma_r: 0.35
[11:53]   [ComfyUI] [SubprocessWorker] call_method: nodes.smoothing.sharpen_backends.guided_normal.SharpenGuidedNormalNode.EXECUTE_NORMALIZED
[11:53]   [ComfyUI] [SubprocessWorker] acquired lock, ensuring started...
[11:53]   [ComfyUI] [ComfyUI-GeometryPack] Health check: ping (timeout=5.0s)...
[11:53]   [ComfyUI] [ComfyUI-GeometryPack] Health check: ok
[11:53]   [ComfyUI] [SubprocessWorker] worker started/confirmed
[11:53]   [ComfyUI] [SubprocessWorker] serializing kwargs to shm...
[11:53]   [ComfyUI] [SubprocessWorker] created 1 shm blocks
[11:53]   [ComfyUI] [SubprocessWorker] sending request via socket...
[11:53]   [ComfyUI] [SubprocessWorker] call_id=130 sending call_method
[11:53]   [ComfyUI] [worker:ComfyUI-GeometryPack] INFO: Backend: guided_normal
[11:53]   [ComfyUI] [worker:ComfyUI-GeometryPack] INFO: Input: 6475 vertices, 12946 faces
[11:53]   [ComfyUI] [worker:ComfyUI-GeometryPack] INFO: Parameters: normal_iter=5, vertex_iter=10, sigma_s=1.00, sigma_r=0.350
[11:54]   Node executed (5 total), capturing...
[11:55]   Frame 8 saved (frame_007.jpg, t=10.2s)
[11:55]   [capture-node] freeze=128ms shot=142ms unfreeze=10ms saved=True
[11:58]   [capture-loop] iter=100 t=13.9s state={'complete': False, 'error': None, 'executedCount': 5, 'wsState': 1} eval_ms=6 ram=5.1/16.0GB (32%) swap=0.3/2.9GB (12%) cpu=42% browser_rss=0.76GB
[12:04]   [capture-loop] iter=150 t=19.9s state={'complete': False, 'error': None, 'executedCount': 5, 'wsState': 1} eval_ms=4 ram=5.0/16.0GB (31%) swap=0.3/2.9GB (12%) cpu=35% browser_rss=0.65GB
[12:10]   [capture-loop] iter=200 t=25.6s state={'complete': False, 'error': None, 'executedCount': 5, 'wsState': 1} eval_ms=5 ram=5.0/16.0GB (31%) swap=0.3/2.9GB (12%) cpu=34% browser_rss=0.64GB
[12:11]   [ComfyUI] [worker:ComfyUI-GeometryPack]
[12:11]   [ComfyUI] === WATCHDOG TICK 2 ===
[12:11]   [ComfyUI] [worker:ComfyUI-GeometryPack] Current thread 0x00001bfc (most recent call first):
[12:11]   [ComfyUI]   File "C:\Users\RUNNER~1\AppData\Local\Temp\comfyui_pvenv_2ige8rze\persistent_worker.py", line 52 in _watchdog
[12:11]   [ComfyUI]   File "C:\ce\.pixi\envs\geometrypack-nodes\Lib\threading.py", line 1012 in run
[12:11]   [ComfyUI]   File "C:\ce\.pixi\envs\geometrypack-nodes\Lib\threading.py", line 1075 in _bootstrap_inner
[12:11]   [ComfyUI]   File "C:\ce\.pixi\envs\geometrypack-nodes\Lib\threading.py", line 1032 in _bootstrap
[12:11]   [ComfyUI] 
[12:11]   [ComfyUI] Thread 0x00002450 (most recent call first):
[12:11]   [ComfyUI]   File "C:\ce\.pixi\envs\geometrypack-nodes\Lib\site-packages\numpy\_core\fromnumeric.py", line 83 in _wrapreduction
[12:11]   [ComfyUI]   File "C:\ce\.pixi\envs\geometrypack-nodes\Lib\site-packages\numpy\_core\fromnumeric.py", line 2425 in sum
[12:11]   [ComfyUI]   File "D:\a\comfy-gpu-ci\comfy-gpu-ci\test_workspaces\GeometryPack-0031\ComfyUI\custom_nodes\ComfyUI-GeometryPack\nodes\smoothing\sharpen_backends\guided_normal.py", line 149 in _guided_normal_sharpen
[12:11]   [ComfyUI]   File "D:\a\comfy-gpu-ci\comfy-gpu-ci\test_workspaces\GeometryPack-0031\ComfyUI\custom_nodes\ComfyUI-GeometryPack\nodes\smoothing\sharpen_backends\guided_normal.py", line 228 in execute
[12:11]   [ComfyUI]   File "D:\a\comfy-gpu-ci\comfy-gpu-ci\test_workspaces\GeometryPack-0031\ComfyUI\comfy_api\latest\_io.py", line 1833 in EXECUTE_NORMALIZED
[12:11]   [ComfyUI]   File "C:\Users\RUNNER~1\AppData\Local\Temp\comfyui_pvenv_2ige8rze\persistent_worker.py", line 1762 in main
[12:11]   [ComfyUI]   File "C:\Users\RUNNER~1\AppData\Local\Temp\comfyui_pvenv_2ige8rze\persistent_worker.py", line 1807 in <module>
[12:11]   [ComfyUI] 
[12:11]   [ComfyUI] [worker:ComfyUI-GeometryPack] === END ===
[12:11]   [ComfyUI] 
[12:16]   [capture-loop] iter=250 t=31.5s state={'complete': False, 'error': None, 'executedCount': 5, 'wsState': 1} eval_ms=6 ram=5.0/16.0GB (31%) swap=0.3/2.9GB (12%) cpu=33% browser_rss=0.64GB
[12:22]   [capture-loop] iter=300 t=37.4s state={'complete': False, 'error': None, 'executedCount': 5, 'wsState': 1} eval_ms=5 ram=5.0/16.0GB (31%) swap=0.3/2.9GB (12%) cpu=35% browser_rss=0.64GB
[12:26]   [ComfyUI] [worker:ComfyUI-GeometryPack] INFO: Output: 6475 vertices, 12946 faces
[12:26]   [ComfyUI] [worker:ComfyUI-GeometryPack] INFO: Avg vertex displacement: 0.025300, max: 0.123510
[12:26]   [ComfyUI] [SubprocessWorker] got response: ok
[12:26]   [ComfyUI] [comfy-env] GeomPackSharpen_GuidedNormal done (32.75s): result: NodeOutput
[12:26]   [ComfyUI] [comfy-env] Running GeomPackSharpen_FastEffective: trimesh: Trimesh, threshold_T: 0.2, normal_iterations: 10, vertex_iterations: 20
[12:26]   [ComfyUI] [SubprocessWorker] call_method: nodes.smoothing.sharpen_backends.fast_effective.SharpenFastEffectiveNode.EXECUTE_NORMALIZED
[12:26]   [ComfyUI] [SubprocessWorker] acquired lock, ensuring started...
[12:26]   [ComfyUI] [ComfyUI-GeometryPack] Health check: ping (timeout=5.0s)...
[12:26]   [ComfyUI] [ComfyUI-GeometryPack] Health check: ok
[12:26]   [ComfyUI] [SubprocessWorker] worker started/confirmed
[12:26]   [ComfyUI] [SubprocessWorker] serializing kwargs to shm...
[12:26]   [ComfyUI] [SubprocessWorker] created 1 shm blocks
[12:26]   [ComfyUI] [SubprocessWorker] sending request via socket...
[12:26]   [ComfyUI] [SubprocessWorker] call_id=131 sending call_method
[12:26]   Node executed (6 total), capturing...
[12:26]   [ComfyUI] [worker:ComfyUI-GeometryPack] INFO: Backend: fast_effective
[12:26]   [ComfyUI] [worker:ComfyUI-GeometryPack] INFO: Input: 6475 vertices, 12946 faces
[12:26]   [ComfyUI] [worker:ComfyUI-GeometryPack] INFO: Parameters: threshold_T=0.200, normal_iter=10, vertex_iter=20
[12:26]   Frame 9 saved (frame_008.jpg, t=42.0s)
[12:26]   [capture-node] freeze=4ms shot=125ms unfreeze=4ms saved=True
[12:28]   [capture-loop] iter=350 t=43.5s state={'complete': False, 'error': None, 'executedCount': 6, 'wsState': 1} eval_ms=6 ram=5.0/16.0GB (31%) swap=0.3/2.9GB (12%) cpu=34% browser_rss=0.64GB
[12:34]   [capture-loop] iter=400 t=49.5s state={'complete': False, 'error': None, 'executedCount': 6, 'wsState': 1} eval_ms=6 ram=4.8/16.0GB (30%) swap=0.5/2.9GB (18%) cpu=40% browser_rss=0.64GB
[12:38]   [ComfyUI] [worker:ComfyUI-GeometryPack] INFO: Output: 6475 vertices, 12946 faces
[12:38]   [ComfyUI] [worker:ComfyUI-GeometryPack] INFO: Avg vertex displacement: 0.026954, max: 0.126612
[12:38]   [ComfyUI] [SubprocessWorker] got response: ok
[12:38]   [ComfyUI] [comfy-env] GeomPackSharpen_FastEffective done (11.97s): result: NodeOutput
[12:38]   [ComfyUI] [comfy-env] Running GeomPackSharpen_NonIterative: trimesh: Trimesh, sigma_f: 1.0, sigma_g: 1.0
[12:38]   [ComfyUI] [SubprocessWorker] call_method: nodes.smoothing.sharpen_backends.non_iterative.SharpenNonIterativeNode.EXECUTE_NORMALIZED
[12:38]   [ComfyUI] [SubprocessWorker] acquired lock, ensuring started...
[12:38]   [ComfyUI] [ComfyUI-GeometryPack] Health check: ping (timeout=5.0s)...
[12:38]   [ComfyUI] [ComfyUI-GeometryPack] Health check: ok
[12:38]   [ComfyUI] [SubprocessWorker] worker started/confirmed
[12:38]   [ComfyUI] [SubprocessWorker] serializing kwargs to shm...
[12:38]   [ComfyUI] [SubprocessWorker] created 1 shm blocks
[12:38]   [ComfyUI] [SubprocessWorker] sending request via socket...
[12:38]   [ComfyUI] [SubprocessWorker] call_id=132 sending call_method
[12:38]   Node executed (7 total), capturing...
[12:38]   [ComfyUI] [worker:ComfyUI-GeometryPack] INFO: Backend: non_iterative
[12:38]   [ComfyUI] [worker:ComfyUI-GeometryPack] INFO: Input: 6475 vertices, 12946 faces
[12:38]   [ComfyUI] [worker:ComfyUI-GeometryPack] INFO: Parameters: sigma_f=1.000, sigma_g=1.000
[12:38]   Frame 10 saved (frame_009.jpg, t=54.0s)
[12:38]   [capture-node] freeze=6ms shot=137ms unfreeze=6ms saved=True
[12:40]   [capture-loop] iter=450 t=55.7s state={'complete': False, 'error': None, 'executedCount': 7, 'wsState': 1} eval_ms=6 ram=4.9/16.0GB (30%) swap=0.5/2.9GB (18%) cpu=67% browser_rss=0.64GB
[12:46]   [capture-loop] iter=500 t=61.7s state={'complete': False, 'error': None, 'executedCount': 7, 'wsState': 1} eval_ms=5 ram=4.9/16.0GB (30%) swap=0.5/2.9GB (18%) cpu=39% browser_rss=0.64GB
[12:48]   [ComfyUI] [worker:ComfyUI-GeometryPack] INFO: Output: 6475 vertices, 12946 faces
[12:48]   [ComfyUI] [worker:ComfyUI-GeometryPack] INFO: Avg vertex displacement: 0.021192, max: 0.087476
[12:49]   [ComfyUI] [SubprocessWorker] got response: ok
[12:49]   [ComfyUI] [comfy-env] GeomPackSharpen_NonIterative done (10.50s): result: NodeOutput
[12:49]   [ComfyUI] [comfy-env] Running GeomPackPreviewMeshMulti: mode: 'fields', mesh_1: Trimesh, mesh_2: Trimesh, mesh_3: Trimesh, mesh_4: Trimesh
[12:49]   [ComfyUI] [SubprocessWorker] call_method: nodes.visualization.preview_mesh_multi.PreviewMeshMultiNode.EXECUTE_NORMALIZED
[12:49]   [ComfyUI] [SubprocessWorker] acquired lock, ensuring started...
[12:49]   [ComfyUI] [ComfyUI-GeometryPack] Health check: ping (timeout=5.0s)...
[12:49]   Node executed (8 total), capturing...
[12:49]   [ComfyUI] [ComfyUI-GeometryPack] Health check: ok
[12:49]   [ComfyUI] [SubprocessWorker] worker started/confirmed
[12:49]   [ComfyUI] [SubprocessWorker] serializing kwargs to shm...
[12:49]   [ComfyUI] [SubprocessWorker] created 4 shm blocks
[12:49]   [ComfyUI] [SubprocessWorker] sending request via socket...
[12:49]   [ComfyUI] [SubprocessWorker] call_id=133 sending call_method
[12:49]   Frame 11 saved (frame_010.jpg, t=64.5s)
[12:49]   [capture-node] freeze=4ms shot=123ms unfreeze=7ms saved=True
[12:51]   [ComfyUI] [worker:ComfyUI-GeometryPack] INFO: Mode: fields, Meshes: 4
[12:51]   [ComfyUI] [worker:ComfyUI-GeometryPack] INFO: Mesh 1: Mesh - 6475 vertices, 12946 faces
[12:51]   [ComfyUI] [worker:ComfyUI-GeometryPack] INFO: Exporting mesh to VTP: D:\a\comfy-gpu-ci\comfy-gpu-ci\test_workspaces\GeometryPack-0031\ComfyUI\output\preview_multi_1_0417d6c9.vtp
[12:51]   Frame 12 saved (frame_011.jpg, t=66.7s)
[12:51]   [capture-periodic] freeze=3ms shot=124ms unfreeze=4ms saved=True
[12:51]   [ComfyUI] [worker:ComfyUI-GeometryPack] INFO: Adding normals field (6475 vertices)
[12:51]   [ComfyUI] [worker:ComfyUI-GeometryPack] INFO: Export complete: 6475 vertices, 12946 faces
[12:52]   [ComfyUI] [worker:ComfyUI-GeometryPack] INFO: Exported VTP: D:\a\comfy-gpu-ci\comfy-gpu-ci\test_workspaces\GeometryPack-0031\ComfyUI\output\preview_multi_1_0417d6c9.vtp
[12:52]   [ComfyUI] [worker:ComfyUI-GeometryPack] INFO: Mesh 2: Mesh - 6475 vertices, 12946 faces
[12:52]   [ComfyUI] [worker:ComfyUI-GeometryPack] INFO: Exporting mesh to VTP: D:\a\comfy-gpu-ci\comfy-gpu-ci\test_workspaces\GeometryPack-0031\ComfyUI\output\preview_multi_2_0417d6c9.vtp
[12:52]   [ComfyUI] [worker:ComfyUI-GeometryPack] INFO: Adding normals field (6475 vertices)
[12:52]   [capture-loop] iter=550 t=67.7s state={'complete': False, 'error': None, 'executedCount': 8, 'wsState': 1} eval_ms=4 ram=4.9/16.0GB (31%) swap=0.5/2.9GB (18%) cpu=21% browser_rss=0.65GB
[12:52]   [ComfyUI] [worker:ComfyUI-GeometryPack] INFO: Export complete: 6475 vertices, 12946 faces
[12:53]   [ComfyUI] [worker:ComfyUI-GeometryPack] INFO: Exported VTP: D:\a\comfy-gpu-ci\comfy-gpu-ci\test_workspaces\GeometryPack-0031\ComfyUI\output\preview_multi_2_0417d6c9.vtp
[12:53]   [ComfyUI] [worker:ComfyUI-GeometryPack] INFO: Mesh 3: Mesh - 6475 vertices, 12946 faces
[12:53]   [ComfyUI] [worker:ComfyUI-GeometryPack] INFO: Exporting mesh to VTP: D:\a\comfy-gpu-ci\comfy-gpu-ci\test_workspaces\GeometryPack-0031\ComfyUI\output\preview_multi_3_0417d6c9.vtp
[12:53]   [ComfyUI] [worker:ComfyUI-GeometryPack] INFO: Adding normals field (6475 vertices)
[12:53]   [ComfyUI] [worker:ComfyUI-GeometryPack] INFO: Export complete: 6475 vertices, 12946 faces
[12:53]   [ComfyUI] [worker:ComfyUI-GeometryPack] INFO: Exported VTP: D:\a\comfy-gpu-ci\comfy-gpu-ci\test_workspaces\GeometryPack-0031\ComfyUI\output\preview_multi_3_0417d6c9.vtp
[12:53]   [ComfyUI] [worker:ComfyUI-GeometryPack] INFO: Mesh 4: Mesh - 6475 vertices, 12946 faces
[12:53]   [ComfyUI] [worker:ComfyUI-GeometryPack] INFO: Exporting mesh to VTP: D:\a\comfy-gpu-ci\comfy-gpu-ci\test_workspaces\GeometryPack-0031\ComfyUI\output\preview_multi_4_0417d6c9.vtp
[12:54]   [ComfyUI] [worker:ComfyUI-GeometryPack] INFO: Adding normals field (6475 vertices)
[12:54]   [ComfyUI] [worker:ComfyUI-GeometryPack] INFO: Export complete: 6475 vertices, 12946 faces
[12:54]   [ComfyUI] [worker:ComfyUI-GeometryPack] INFO: Exported VTP: D:\a\comfy-gpu-ci\comfy-gpu-ci\test_workspaces\GeometryPack-0031\ComfyUI\output\preview_multi_4_0417d6c9.vtp
[12:54]   [ComfyUI] [worker:ComfyUI-GeometryPack] INFO: Grid: 2x2, Preview ready
[12:54]   [ComfyUI] [SubprocessWorker] got response: ok
[12:54]   [ComfyUI] [comfy-env] GeomPackPreviewMeshMulti done (5.34s): result: NodeOutput
[12:54]   [ComfyUI] Prompt executed in 69.51 seconds
[12:54]   Node executed (9 total), capturing...
[12:55]   Frame 13 saved (frame_012.jpg, t=69.9s)
[12:55]   [capture-node] freeze=6ms shot=253ms unfreeze=711ms saved=True
[12:56]   Execution complete (t=71.3s)
[12:56]   Captured 13 unique frames over 71.31s
[12:56]   [debug] iframes: 2
[12:56]   [debug]   iframe[0]: src=http://127.0.0.1:41890/extensions/ComfyUI-GeometryPack/viewer_multi.html?v=17784, canvas=368x195, rafFrozen=False
[12:56]   [debug]   iframe[1]: src=http://127.0.0.1:41890/extensions/ComfyUI-GeometryPack/viewer_multi.html?v=17784, canvas=368x195, rafFrozen=False
[12:56]   [timing] trigger_3d_previews: 0.0s
[12:58]   Saved high-quality screenshot: sharpen_all_executed.png
[12:58]   [timing] final_screenshot: 0.3s
[12:58] Capturing execution frames: side_by_side_viewer.json
[13:04]   Frame 1 saved (frame_000.jpg, t=0.0s)
[13:04]   Validating workflow...
[13:04]   [ComfyUI] === /validate endpoint called ===
[13:04]   [ComfyUI] Received JSON with keys: ['prompt']
[13:04]   [ComfyUI] Prompt has 3 nodes
[13:04]   [ComfyUI]   Node 1: GeomPackCreatePrimitive
[13:04]   [ComfyUI]     Inputs: {"shape": "cube", "size": 2, "subdivisions": 1}
[13:04]   [ComfyUI]   Node 2: GeomPackCreatePrimitive
[13:04]   Queuing workflow for execution...
[13:04]   [ComfyUI]     Inputs: {"shape": "sphere", "size": 2.5, "subdivisions": 2}
[13:04]   [ComfyUI]   Node 7: GeomPackPreviewMeshDual
[13:04]   [ComfyUI]     Inputs: {"layout": "side_by_side", "mode": "fields", "opacity_1": 1, "opacity_2": 1, "preview_dual": "{\"show_edges\":true,\"camera_state\":\"\",\"selected_field\":\"\",\"selected_channel\":\"magnitude\",\"se
[13:04]   [ComfyUI] Generated prompt_id: 0db0fbd9-2123-4283-a4c4-bb119f6a3d50
[13:04]   [ComfyUI] Calling execution.validate_prompt()...
[13:04]   [ComfyUI] Validation result: valid=True
[13:04]   [ComfyUI] === Validation PASSED ===
[13:04]   [ComfyUI] got prompt
[13:04]   [ComfyUI] [comfy-env] Running GeomPackCreatePrimitive: shape: 'sphere', size: 2.5, subdivisions: 2
[13:04]   [ComfyUI] [SubprocessWorker] call_method: nodes.primitives.create_primitive.CreatePrimitive.EXECUTE_NORMALIZED
[13:04]   [ComfyUI] [SubprocessWorker] acquired lock, ensuring started...
[13:04]   [ComfyUI] [ComfyUI-GeometryPack] Health check: ping (timeout=5.0s)...
[13:04]   [ComfyUI] [ComfyUI-GeometryPack] Health check: ok
[13:04]   [ComfyUI] [SubprocessWorker] worker started/confirmed
[13:04]   [ComfyUI] [SubprocessWorker] serializing kwargs to shm...
[13:04]   [ComfyUI] [SubprocessWorker] created 0 shm blocks
[13:04]   [ComfyUI] [SubprocessWorker] sending request via socket...
[13:04]   [ComfyUI] [SubprocessWorker] call_id=134 sending call_method
[13:04]   [ComfyUI] [worker:ComfyUI-GeometryPack] INFO: Created sphere: 162 vertices, 320 faces
[13:04]   [ComfyUI] [SubprocessWorker] got response: ok
[13:04]   [ComfyUI] [comfy-env] GeomPackCreatePrimitive done (0.15s): result: NodeOutput
[13:04]   [ComfyUI] [comfy-env] Running GeomPackCreatePrimitive: shape: 'cube', size: 2.0, subdivisions: 1
[13:04]   [ComfyUI] [SubprocessWorker] call_method: nodes.primitives.create_primitive.CreatePrimitive.EXECUTE_NORMALIZED
[13:04]   [ComfyUI] [SubprocessWorker] acquired lock, ensuring started...
[13:04]   [ComfyUI] [ComfyUI-GeometryPack] Health check: ping (timeout=5.0s)...
[13:04]   [ComfyUI] [ComfyUI-GeometryPack] Health check: ok
[13:04]   [ComfyUI] [SubprocessWorker] worker started/confirmed
[13:04]   [ComfyUI] [SubprocessWorker] serializing kwargs to shm...
[13:04]   [ComfyUI] [SubprocessWorker] created 0 shm blocks
[13:04]   [ComfyUI] [SubprocessWorker] sending request via socket...
[13:04]   [ComfyUI] [SubprocessWorker] call_id=135 sending call_method
[13:04]   [ComfyUI] [worker:ComfyUI-GeometryPack] INFO: Created cube: 8 vertices, 12 faces
[13:04]   [ComfyUI] [SubprocessWorker] got response: ok
[13:04]   [ComfyUI] [comfy-env] GeomPackCreatePrimitive done (0.26s): result: NodeOutput
[13:04]   [ComfyUI] [comfy-env] Running GeomPackPreviewMeshDual: layout: 'side_by_side', mode: 'fields', opacity_1: 1.0, opacity_2: 1.0, mesh_1: Trimesh, mesh_2: Trimesh
[13:04]   [ComfyUI] [SubprocessWorker] call_method: nodes.visualization.preview_mesh_dual.PreviewMeshDualNode.EXECUTE_NORMALIZED
[13:04]   [ComfyUI] [SubprocessWorker] acquired lock, ensuring started...
[13:04]   [ComfyUI] [ComfyUI-GeometryPack] Health check: ping (timeout=5.0s)...
[13:04]   [ComfyUI] [ComfyUI-GeometryPack] Health check: ok
[13:04]   [ComfyUI] [SubprocessWorker] worker started/confirmed
[13:04]   [ComfyUI] [SubprocessWorker] serializing kwargs to shm...
[13:04]   [ComfyUI] [SubprocessWorker] created 2 shm blocks
[13:04]   [ComfyUI] [SubprocessWorker] sending request via socket...
[13:04]   [ComfyUI] [SubprocessWorker] call_id=136 sending call_method
[13:05]   [ComfyUI] [worker:ComfyUI-GeometryPack] INFO: Layout: side_by_side, Mode: fields
[13:05]   [ComfyUI] [worker:ComfyUI-GeometryPack] INFO: Mesh 1: Mesh - 8 vertices, 12 faces
[13:05]   [ComfyUI] [worker:ComfyUI-GeometryPack] INFO: Mesh 2: Mesh - 162 vertices, 320 faces
[13:05]   [ComfyUI] [worker:ComfyUI-GeometryPack] INFO: Mesh 1 fields: []
[13:05]   [ComfyUI] [worker:ComfyUI-GeometryPack] INFO: Mesh 2 fields: []
[13:05]   [ComfyUI] [worker:ComfyUI-GeometryPack] INFO: Common fields: []
[13:05]   [ComfyUI] [worker:ComfyUI-GeometryPack] INFO: Mesh 1 visual: kind=None, texture=False, vertex_colors=False
[13:05]   [ComfyUI] [worker:ComfyUI-GeometryPack] INFO: Mesh 2 visual: kind=None, texture=False, vertex_colors=False
[13:05]   [ComfyUI] [worker:ComfyUI-GeometryPack] INFO: Exported STL: D:\a\comfy-gpu-ci\comfy-gpu-ci\test_workspaces\GeometryPack-0031\ComfyUI\output\preview_dual_1_80d3bcb1.stl
[13:05]   [ComfyUI] [worker:ComfyUI-GeometryPack] INFO: Exported STL: D:\a\comfy-gpu-ci\comfy-gpu-ci\test_workspaces\GeometryPack-0031\ComfyUI\output\preview_dual_2_80d3bcb1.stl
[13:05]   [ComfyUI] [worker:ComfyUI-GeometryPack] INFO: Preview ready
[13:05]   [ComfyUI] [SubprocessWorker] got response: ok
[13:05]   [ComfyUI] [comfy-env] GeomPackPreviewMeshDual done (0.55s): result: NodeOutput
[13:05]   [ComfyUI] Prompt executed in 0.97 seconds
[13:05]   Node executed (1 total), capturing...
[13:05]   Frame 2 saved (frame_001.jpg, t=1.4s)
[13:05]   [capture-node] freeze=24ms shot=112ms unfreeze=0ms saved=True
[13:05]   Execution complete (t=1.4s)
[13:05]   Captured 2 unique frames over 1.53s
[13:05]   [debug] iframes: 1
[13:05]   [debug]   iframe[0]: src=http://127.0.0.1:41890/extensions/ComfyUI-GeometryPack/viewer_dual.html?v=177846, canvas=370x485, rafFrozen=True
[13:05]   [timing] trigger_3d_previews: 0.0s
[13:08]   Saved high-quality screenshot: side_by_side_viewer_executed.png
[13:08]   [timing] final_screenshot: 0.2s
[13:08] Capturing execution frames: skeleton_all.json
[13:13]   Frame 1 saved (frame_000.jpg, t=0.0s)
[13:13]   Validating workflow...
[13:13]   [ComfyUI] === /validate endpoint called ===
[13:13]   [ComfyUI] Received JSON with keys: ['prompt']
[13:13]   [ComfyUI] Prompt has 11 nodes
[13:13]   [ComfyUI]   Node 1: GeomPackLoadMesh
[13:13]   [ComfyUI]     Inputs: {"file_path": "3d/cow.off"}
[13:13]   [ComfyUI]   Node 2: GeomPackExtractSkeleton
[13:13]   [ComfyUI]     Inputs: {"fix_mesh": "wavefront", "normalize": false, "backend": "wavefront", "backend.waves": 1, "backend.step_size": 1, "trimesh": ["1", 0]}
[13:13]   Queuing workflow for execution...
[13:13]   [ComfyUI]   Node 3: GeomPackExtractSkeleton
[13:14]   [ComfyUI]     Inputs: {"fix_mesh": "vertex_clusters", "normalize": false, "backend": "vertex_clusters", "backend.sampling_dist": 1, "backend.cluster_pos": "median", "trimesh": ["1", 0]}
[13:14]   [ComfyUI]   Node 4: GeomPackExtractSkeleton
[13:14]   [ComfyUI]     Inputs: {"fix_mesh": "edge_collapse", "normalize": false, "backend": "edge_collapse", "backend.shape_weight": 1, "backend.sample_weight": 0.1, "trimesh": ["1", 0]}
[13:14]   [ComfyUI]   Node 5: GeomPackExtractSkeleton
[13:14]   [ComfyUI]     Inputs: {"fix_mesh": "teasar", "normalize": false, "backend": "teasar", "backend.inv_dist": 10, "backend.min_length": 0, "trimesh": ["1", 0]}
[13:14]   [ComfyUI]   Node 6: GeomPackMeshFromSkeleton
[13:14]   [ComfyUI]     Inputs: {"joint_radius": 0.02, "bone_radius": 0.01, "skeleton": ["2", 0]}
[13:14]   [ComfyUI]   Node 7: GeomPackMeshFromSkeleton
[13:14]   [ComfyUI]     Inputs: {"joint_radius": 0.02, "bone_radius": 0.01, "skeleton": ["3", 0]}
[13:14]   [ComfyUI]   Node 8: GeomPackMeshFromSkeleton
[13:14]   [ComfyUI]     Inputs: {"joint_radius": 0.02, "bone_radius": 0.01, "skeleton": ["4", 0]}
[13:14]   [ComfyUI]   Node 9: GeomPackMeshFromSkeleton
[13:14]   [ComfyUI]     Inputs: {"joint_radius": 0.02, "bone_radius": 0.01, "skeleton": ["5", 0]}
[13:14]   [ComfyUI]   Node 12: GeomPackPreviewMeshMulti
[13:14]   [ComfyUI]     Inputs: {"mode": "fields", "preview_multi": "{\"show_edges\":true,\"camera_state\":\"{\\\"position\\\":[-0.10839671976880196,-0.004104770901572197,-1.5722856770085691],\\\"focalPoint\\\":[0,0,0],\\\"viewUp\\\
[13:14]   [ComfyUI]   Node 13: GeomPackPreviewMeshMulti
[13:14]   [ComfyUI]     Inputs: {"mode": "fields", "preview_multi": "{\"show_edges\":true,\"camera_state\":\"{\\\"position\\\":[-0.10839671976880196,-0.004104770901572197,-1.5722856770085691],\\\"focalPoint\\\":[0,0,0],\\\"viewUp\\\
[13:14]   [ComfyUI] Generated prompt_id: 3cd47abd-b99b-4c6a-9105-f1777002659a
[13:14]   [ComfyUI] Calling execution.validate_prompt()...
[13:14]   [ComfyUI] Validation result: valid=True
[13:14]   [ComfyUI] === Validation PASSED ===
[13:14]   [ComfyUI] got prompt
[13:14]   [ComfyUI] [comfy-env] Running GeomPackLoadMesh: file_path: '3d/cow.off'
[13:14]   [ComfyUI] [SubprocessWorker] call_method: nodes.io.load_mesh.LoadMesh.EXECUTE_NORMALIZED
[13:14]   [ComfyUI] [SubprocessWorker] acquired lock, ensuring started...
[13:14]   [ComfyUI] [ComfyUI-GeometryPack] Health check: ping (timeout=5.0s)...
[13:14]   [ComfyUI] [ComfyUI-GeometryPack] Health check: failed
[13:14]   [ComfyUI] [ComfyUI-GeometryPack] Socket unhealthy, restarting worker...
[13:14]   [ComfyUI] [ComfyUI-GeometryPack] python: C:\ce\.pixi\envs\geometrypack-nodes\python.exe
[13:14]   [ComfyUI] [comfy-env] geometrypack-nodes: Library/bin has 609 DLLs
[13:14]   [ComfyUI] [ComfyUI-GeometryPack] sys_path sent to worker: ['D:\\a\\comfy-gpu-ci\\comfy-gpu-ci\\test_workspaces\\GeometryPack-0031\\ComfyUI', 'D:\\a\\comfy-gpu-ci\\comfy-gpu-ci\\test_workspaces\\GeometryPack-0031\\ComfyUI\\custom_nodes\\ComfyUI-GeometryPack', 'C:\\ce\\.pixi\\envs\\geometrypack-nodes\\Lib\\site-packages', 'D:\\a\\comfy-gpu-ci\\comfy-gpu-ci\\test_workspaces\\GeometryPack-0031\\ComfyUI\\custom_nodes\\ComfyUI-GeometryPack']
[13:14]   [ComfyUI] [SubprocessWorker] is_pixi=True, python=C:\ce\.pixi\envs\geometrypack-nodes\python.exe
[13:14]   [ComfyUI] [SubprocessWorker] launching cmd=['C:\\Users\\runneradmin\\.pixi\\bin\\pixi.exe', 'run', '--as-is', '--manifest-path', 'C:\\ce\\pixi.toml', '-e', 'geometrypack-nodes', 'python', 'C:\\Users\\RUNNER~1\\AppData\\Local\\Temp\\comfyui_pvenv_2ige8rze\\persistent_worker.py', 'tcp://127.0.0.1:51777']...
[13:16]   Frame 2 saved (frame_001.jpg, t=2.3s)
[13:16]   [capture-periodic] freeze=3ms shot=108ms unfreeze=5ms saved=True
[13:16]   [ComfyUI] [worker:ComfyUI-GeometryPack] ERROR: Failed to import comfy_kitchen, Error: No module named 'comfy_kitchen', fp8 and fp4 support will not be available.
[13:16]   [ComfyUI] [SubprocessWorker] worker started/confirmed
[13:16]   [ComfyUI] [SubprocessWorker] serializing kwargs to shm...
[13:16]   [ComfyUI] [SubprocessWorker] created 0 shm blocks
[13:16]   [ComfyUI] [SubprocessWorker] sending request via socket...
[13:16]   [ComfyUI] [SubprocessWorker] call_id=137 sending call_method
[13:18]   [ComfyUI] [worker:ComfyUI-GeometryPack] INFO: Found mesh in input folder: 3d/cow.off
[13:18]   [ComfyUI] [worker:ComfyUI-GeometryPack] INFO: Loading: D:\a\comfy-gpu-ci\comfy-gpu-ci\test_workspaces\GeometryPack-0031\ComfyUI\input\3d/cow.off
[13:18]   [ComfyUI] [worker:ComfyUI-GeometryPack] INFO: Initial mesh: 2761 vertices, 5520 faces
[13:18]   [ComfyUI] [worker:ComfyUI-GeometryPack] INFO: Successfully loaded: 2761 vertices, 5520 faces
[13:18]   [ComfyUI] [worker:ComfyUI-GeometryPack] INFO: Loaded: 2761 vertices, 5520 faces
[13:18]   [ComfyUI] [SubprocessWorker] got response: ok
[13:18]   [ComfyUI] [comfy-env] GeomPackLoadMesh done (4.17s): result: NodeOutput
[13:18]   [ComfyUI] [comfy-env] Running GeomPackExtractSkeleton: fix_mesh: True, normalize: False, backend: dict, trimesh: Trimesh
[13:18]   [ComfyUI] [SubprocessWorker] call_method: nodes.skeleton.extract_skeleton.ExtractSkeleton.EXECUTE_NORMALIZED
[13:18]   [ComfyUI] [SubprocessWorker] acquired lock, ensuring started...
[13:18]   [ComfyUI] [ComfyUI-GeometryPack] Health check: ping (timeout=5.0s)...
[13:18]   [ComfyUI] [ComfyUI-GeometryPack] Health check: ok
[13:18]   [ComfyUI] [SubprocessWorker] worker started/confirmed
[13:18]   [ComfyUI] [SubprocessWorker] serializing kwargs to shm...
[13:18]   [ComfyUI] [SubprocessWorker] created 1 shm blocks
[13:18]   [ComfyUI] [SubprocessWorker] sending request via socket...
[13:18]   [ComfyUI] [SubprocessWorker] call_id=138 sending call_method
[13:18]   [ComfyUI] [worker:ComfyUI-GeometryPack] INFO: Extract Skeleton dispatch: edge_collapse -> GeomPackSkeleton_EdgeCollapse
[13:18]   Frame 3 saved (frame_002.jpg, t=4.5s)
[13:18]   [capture-periodic] freeze=4ms shot=110ms unfreeze=6ms saved=True
[13:18]   [ComfyUI] [SubprocessWorker] got response: ok
[13:18]   [ComfyUI] [comfy-env] GeomPackExtractSkeleton done (0.29s): result: NodeOutput
[13:18]   [ComfyUI] [comfy-env] Running GeomPackSkeleton_EdgeCollapse: trimesh: Trimesh, fix_mesh: True, normalize: False, shape_weight: 1.0, sample_weight: 0.1
[13:18]   [ComfyUI] [SubprocessWorker] call_method: nodes.skeleton.backends.edge_collapse.SkeletonEdgeCollapseNode.EXECUTE_NORMALIZED
[13:18]   [ComfyUI] [SubprocessWorker] acquired lock, ensuring started...
[13:18]   [ComfyUI] [ComfyUI-GeometryPack] Health check: ping (timeout=5.0s)...
[13:18]   [ComfyUI] [ComfyUI-GeometryPack] Health check: ok
[13:18]   [ComfyUI] [SubprocessWorker] worker started/confirmed
[13:18]   [ComfyUI] [SubprocessWorker] serializing kwargs to shm...
[13:18]   [ComfyUI] [SubprocessWorker] created 1 shm blocks
[13:18]   [ComfyUI] [SubprocessWorker] sending request via socket...
[13:18]   [ComfyUI] [SubprocessWorker] call_id=139 sending call_method
[13:19]   [capture-loop] iter=50 t=6.1s state={'complete': False, 'error': None, 'executedCount': 0, 'wsState': 1} eval_ms=4 ram=4.9/16.0GB (31%) swap=0.5/2.9GB (18%) cpu=32% browser_rss=0.61GB
[13:20]   Frame 4 saved (frame_003.jpg, t=6.6s)
[13:20]   [capture-periodic] freeze=4ms shot=108ms unfreeze=6ms saved=True
[13:25]   [capture-loop] iter=100 t=11.8s state={'complete': False, 'error': None, 'executedCount': 0, 'wsState': 1} eval_ms=5 ram=4.9/16.0GB (31%) swap=0.5/2.9GB (17%) cpu=21% browser_rss=0.61GB
[13:26]   [ComfyUI] [worker:ComfyUI-GeometryPack] WARNING: Matplotlib is building the font cache; this may take a moment.
[13:28]   [ComfyUI] [worker:ComfyUI-GeometryPack] INFO: Backend: edge_collapse
[13:28]   [ComfyUI] 
[13:28]   [ComfyUI] Collapsing edges:   0%|          | 0/5520 [00:00<?, ?it/s]
[13:28]   [ComfyUI] Collapsing edges:   6%|▌         | 312/5520 [00:00<00:01, 3108.17it/s]
[13:28]   [ComfyUI] Collapsing edges:  12%|█▏        | 636/5520 [00:00<00:01, 3180.12it/s]
[13:28]   [ComfyUI] Collapsing edges:  17%|█▋        | 958/5520 [00:00<00:01, 3182.46it/s]
[13:28]   [ComfyUI] Collapsing edges:  23%|██▎       | 1278/5520 [00:00<00:01, 2972.60it/s]
[13:29]   [ComfyUI] Collapsing edges:  29%|██▉       | 1610/5520 [00:00<00:01, 3085.03it/s]
[13:29]   [ComfyUI] Collapsing edges:  35%|███▍      | 1930/5520 [00:00<00:01, 3122.39it/s]
[13:29]   [ComfyUI] Collapsing edges:  41%|████      | 2244/5520 [00:00<00:01, 3121.28it/s]
[13:29]   [ComfyUI] Collapsing edges:  46%|████▋     | 2558/5520 [00:00<00:00, 3115.70it/s]
[13:29]   [ComfyUI] Collapsing edges:  52%|█████▎    | 2898/5520 [00:00<00:00, 3203.20it/s]
[13:29]   [ComfyUI] Collapsing edges:  58%|█████▊    | 3220/5520 [00:01<00:00, 3202.45it/s]
[13:29]   [ComfyUI] Collapsing edges:  65%|██████▍   | 3586/5520 [00:01<00:00, 3336.26it/s]
[13:29]   [ComfyUI] Collapsing edges:  72%|███████▏  | 3948/5520 [00:01<00:00, 3421.27it/s]
[13:29]   [ComfyUI] Collapsing edges:  78%|███████▊  | 4316/5520 [00:01<00:00, 3495.85it/s]
[13:29]   [ComfyUI] Collapsing edges:  85%|████████▌ | 4696/5520 [00:01<00:00, 3582.99it/s]
[13:30]   [ComfyUI] Collapsing edges:  92%|█████████▏| 5086/5520 [00:01<00:00, 3673.50it/s]
[13:30]   [ComfyUI] Collapsing edges:  99%|█████████▉| 5466/5520 [00:01<00:00, 3709.90it/s]
[13:30]   [ComfyUI] Collapsing edges: 100%|█████████▉| 5518/5520 [00:01<00:00, 3338.16it/s]
[13:30]   [ComfyUI] [SubprocessWorker] got response: ok
[13:30]   [ComfyUI] [comfy-env] GeomPackSkeleton_EdgeCollapse done (11.74s): result: NodeOutput
[13:30]   [ComfyUI] [comfy-env] Running GeomPackMeshFromSkeleton: joint_radius: 0.02, bone_radius: 0.01, skeleton: dict
[13:30]   [ComfyUI] [SubprocessWorker] call_method: nodes.skeleton.mesh_from_skeleton.SkeletonToMesh.EXECUTE_NORMALIZED
[13:30]   [ComfyUI] [SubprocessWorker] acquired lock, ensuring started...
[13:30]   [ComfyUI] [ComfyUI-GeometryPack] Health check: ping (timeout=5.0s)...
[13:30]   [ComfyUI] [ComfyUI-GeometryPack] Health check: ok
[13:30]   [ComfyUI] [SubprocessWorker] worker started/confirmed
[13:30]   [ComfyUI] [SubprocessWorker] serializing kwargs to shm...
[13:30]   [ComfyUI] [SubprocessWorker] created 0 shm blocks
[13:30]   [ComfyUI] [SubprocessWorker] sending request via socket...
[13:30]   [ComfyUI] [SubprocessWorker] call_id=140 sending call_method
[13:30]   [ComfyUI] [worker:ComfyUI-GeometryPack] [comfy-env] _from_shm got dict with keys: ['__type__', 'strategy', 'manager_path', 'storage_key', 'storage_size']
[13:30]   [ComfyUI] [worker:ComfyUI-GeometryPack] [comfy-env] DESERIALIZE TensorRef: tensor_size=[55, 3]
[13:30]   [ComfyUI] [worker:ComfyUI-GeometryPack] [comfy-env] DESERIALIZED tensor shape: torch.Size([55, 3])
[13:30]   [ComfyUI] [worker:ComfyUI-GeometryPack] [comfy-env] _from_shm got dict with keys: ['__type__', 'strategy', 'manager_path', 'storage_key', 'storage_size']
[13:30]   [ComfyUI] [worker:ComfyUI-GeometryPack] [comfy-env] DESERIALIZE TensorRef: tensor_size=[54, 2]
[13:30]   [ComfyUI] [worker:ComfyUI-GeometryPack] [comfy-env] DESERIALIZED tensor shape: torch.Size([54, 2])
[13:30]   [ComfyUI] [worker:ComfyUI-GeometryPack] INFO: Creating solid mesh: 55 joints, 54 bones
[13:30]   [ComfyUI] [worker:ComfyUI-GeometryPack] INFO: Skeleton metadata: scale=0.505, normalized=False
[13:30]   [ComfyUI] [worker:ComfyUI-GeometryPack] INFO: Input skeleton bounding box:
[13:30]   [ComfyUI] [worker:ComfyUI-GeometryPack] INFO:   Min: [-0.507, -0.308, -0.140]
[13:30]   [ComfyUI] [worker:ComfyUI-GeometryPack] INFO:   Max: [0.503, 0.319, 0.138]
[13:30]   [ComfyUI] [worker:ComfyUI-GeometryPack] INFO:   Size: [1.010, 0.627, 0.277]
[13:30]   [ComfyUI] [worker:ComfyUI-GeometryPack] INFO:   Center: [-0.002, 0.005, -0.001]
[13:30]   [ComfyUI] [worker:ComfyUI-GeometryPack] INFO: Created mesh: 6362 vertices, 12288 faces
[13:30]   [ComfyUI] [worker:ComfyUI-GeometryPack] INFO: Output mesh bounding box:
[13:30]   [ComfyUI] [worker:ComfyUI-GeometryPack] INFO:   Min: [-0.527, -0.328, -0.160]
[13:30]   [ComfyUI] [worker:ComfyUI-GeometryPack] INFO:   Max: [0.522, 0.338, 0.158]
[13:30]   [ComfyUI] [worker:ComfyUI-GeometryPack] INFO:   Size: [1.049, 0.666, 0.317]
[13:30]   [ComfyUI] [worker:ComfyUI-GeometryPack] INFO:   Center: [-0.002, 0.005, -0.001]
[13:30]   [ComfyUI] [SubprocessWorker] got response: ok
[13:30]   [ComfyUI] [comfy-env] GeomPackMeshFromSkeleton done (0.75s): result: NodeOutput
[13:30]   [ComfyUI] [comfy-env] Running GeomPackExtractSkeleton: fix_mesh: True, normalize: False, backend: dict, trimesh: Trimesh
[13:30]   [ComfyUI] [SubprocessWorker] call_method: nodes.skeleton.extract_skeleton.ExtractSkeleton.EXECUTE_NORMALIZED
[13:30]   [ComfyUI] [SubprocessWorker] acquired lock, ensuring started...
[13:30]   [ComfyUI] [ComfyUI-GeometryPack] Health check: ping (timeout=5.0s)...
[13:30]   [ComfyUI] [ComfyUI-GeometryPack] Health check: ok
[13:30]   [ComfyUI] [SubprocessWorker] worker started/confirmed
[13:30]   [ComfyUI] [SubprocessWorker] serializing kwargs to shm...
[13:30]   [ComfyUI] [SubprocessWorker] created 1 shm blocks
[13:30]   [ComfyUI] [SubprocessWorker] sending request via socket...
[13:30]   [ComfyUI] [SubprocessWorker] call_id=141 sending call_method
[13:31]   [ComfyUI] [worker:ComfyUI-GeometryPack] INFO: Extract Skeleton dispatch: vertex_clusters -> GeomPackSkeleton_VertexClusters
[13:31]   [ComfyUI] [SubprocessWorker] got response: ok
[13:31]   [ComfyUI] [comfy-env] GeomPackExtractSkeleton done (0.30s): result: NodeOutput
[13:31]   [ComfyUI] [comfy-env] Running GeomPackSkeleton_VertexClusters: trimesh: Trimesh, fix_mesh: True, normalize: False, sampling_dist: 1.0, cluster_pos: 'median'
[13:31]   [ComfyUI] [SubprocessWorker] call_method: nodes.skeleton.backends.vertex_clusters.SkeletonVertexClustersNode.EXECUTE_NORMALIZED
[13:31]   [ComfyUI] [SubprocessWorker] acquired lock, ensuring started...
[13:31]   [ComfyUI] [ComfyUI-GeometryPack] Health check: ping (timeout=5.0s)...
[13:31]   [ComfyUI] [ComfyUI-GeometryPack] Health check: ok
[13:31]   [ComfyUI] [SubprocessWorker] worker started/confirmed
[13:31]   [ComfyUI] [SubprocessWorker] serializing kwargs to shm...
[13:31]   [ComfyUI] [SubprocessWorker] created 1 shm blocks
[13:31]   [ComfyUI] [SubprocessWorker] sending request via socket...
[13:31]   [ComfyUI] [SubprocessWorker] call_id=142 sending call_method
[13:31]   Frame 5 saved (frame_004.jpg, t=17.4s)
[13:31]   [capture-periodic] freeze=4ms shot=104ms unfreeze=5ms saved=True
[13:31]   [ComfyUI] [worker:ComfyUI-GeometryPack] INFO: Backend: vertex_clusters
[13:31]   [capture-loop] iter=150 t=17.7s state={'complete': False, 'error': None, 'executedCount': 0, 'wsState': 1} eval_ms=4 ram=4.9/16.0GB (31%) swap=0.5/2.9GB (17%) cpu=24% browser_rss=0.60GB
[13:31]   [ComfyUI] 
[13:31]   [ComfyUI] Clustering:   0%|          | 0/2761 [00:00<?, ?it/s]
[13:31]   [ComfyUI] Clustering: 100%|██████████| 2761/2761 [00:00<00:00, 550559.73it/s]
[13:31]   [ComfyUI] [SubprocessWorker] got response: ok
[13:31]   [ComfyUI] [comfy-env] GeomPackSkeleton_VertexClusters done (0.40s): result: NodeOutput
[13:31]   [ComfyUI] [comfy-env] Running GeomPackMeshFromSkeleton: joint_radius: 0.02, bone_radius: 0.01, skeleton: dict
[13:31]   [ComfyUI] [SubprocessWorker] call_method: nodes.skeleton.mesh_from_skeleton.SkeletonToMesh.EXECUTE_NORMALIZED
[13:31]   [ComfyUI] [SubprocessWorker] acquired lock, ensuring started...
[13:31]   [ComfyUI] [ComfyUI-GeometryPack] Health check: ping (timeout=5.0s)...
[13:31]   [ComfyUI] [ComfyUI-GeometryPack] Health check: ok
[13:31]   [ComfyUI] [SubprocessWorker] worker started/confirmed
[13:31]   [ComfyUI] [SubprocessWorker] serializing kwargs to shm...
[13:31]   [ComfyUI] [SubprocessWorker] created 0 shm blocks
[13:31]   [ComfyUI] [SubprocessWorker] sending request via socket...
[13:31]   [ComfyUI] [SubprocessWorker] call_id=143 sending call_method
[13:31]   [ComfyUI] [worker:ComfyUI-GeometryPack] [comfy-env] _from_shm got dict with keys: ['__type__', 'strategy', 'manager_path', 'storage_key', 'storage_size']
[13:31]   [ComfyUI] [worker:ComfyUI-GeometryPack] [comfy-env] DESERIALIZE TensorRef: tensor_size=[25, 3]
[13:31]   [ComfyUI] [worker:ComfyUI-GeometryPack] [comfy-env] DESERIALIZED tensor shape: torch.Size([25, 3])
[13:31]   [ComfyUI] [worker:ComfyUI-GeometryPack] [comfy-env] _from_shm got dict with keys: ['__type__', 'strategy', 'manager_path', 'storage_key', 'storage_size']
[13:31]   [ComfyUI] [worker:ComfyUI-GeometryPack] [comfy-env] DESERIALIZE TensorRef: tensor_size=[24, 2]
[13:31]   [ComfyUI] [worker:ComfyUI-GeometryPack] [comfy-env] DESERIALIZED tensor shape: torch.Size([24, 2])
[13:32]   [ComfyUI] [worker:ComfyUI-GeometryPack] INFO: Creating solid mesh: 25 joints, 24 bones
[13:32]   [ComfyUI] [worker:ComfyUI-GeometryPack] INFO: Skeleton metadata: scale=0.453, normalized=False
[13:32]   [ComfyUI] [worker:ComfyUI-GeometryPack] INFO: Input skeleton bounding box:
[13:32]   [ComfyUI] [worker:ComfyUI-GeometryPack] INFO:   Min: [-0.481, -0.320, -0.111]
[13:32]   [ComfyUI] [worker:ComfyUI-GeometryPack] INFO:   Max: [0.425, 0.308, 0.123]
[13:32]   [ComfyUI] [worker:ComfyUI-GeometryPack] INFO:   Size: [0.906, 0.628, 0.234]
[13:32]   [ComfyUI] [worker:ComfyUI-GeometryPack] INFO:   Center: [-0.028, -0.006, 0.006]
[13:32]   [ComfyUI] [worker:ComfyUI-GeometryPack] INFO: Created mesh: 2882 vertices, 5568 faces
[13:32]   [ComfyUI] [worker:ComfyUI-GeometryPack] INFO: Output mesh bounding box:
[13:32]   [ComfyUI] [worker:ComfyUI-GeometryPack] INFO:   Min: [-0.500, -0.339, -0.131]
[13:32]   [ComfyUI] [worker:ComfyUI-GeometryPack] INFO:   Max: [0.445, 0.328, 0.143]
[13:32]   [ComfyUI] [worker:ComfyUI-GeometryPack] INFO:   Size: [0.945, 0.667, 0.274]
[13:32]   [ComfyUI] [worker:ComfyUI-GeometryPack] INFO:   Center: [-0.028, -0.006, 0.006]
[13:32]   [ComfyUI] [SubprocessWorker] got response: ok
[13:32]   [ComfyUI] [comfy-env] GeomPackMeshFromSkeleton done (0.74s): result: NodeOutput
[13:32]   [ComfyUI] [comfy-env] Running GeomPackExtractSkeleton: fix_mesh: True, normalize: False, backend: dict, trimesh: Trimesh
[13:32]   [ComfyUI] [SubprocessWorker] call_method: nodes.skeleton.extract_skeleton.ExtractSkeleton.EXECUTE_NORMALIZED
[13:32]   [ComfyUI] [SubprocessWorker] acquired lock, ensuring started...
[13:32]   [ComfyUI] [ComfyUI-GeometryPack] Health check: ping (timeout=5.0s)...
[13:32]   [ComfyUI] [ComfyUI-GeometryPack] Health check: ok
[13:32]   [ComfyUI] [SubprocessWorker] worker started/confirmed
[13:32]   [ComfyUI] [SubprocessWorker] serializing kwargs to shm...
[13:32]   [ComfyUI] [SubprocessWorker] created 1 shm blocks
[13:32]   [ComfyUI] [SubprocessWorker] sending request via socket...
[13:32]   [ComfyUI] [SubprocessWorker] call_id=144 sending call_method
[13:32]   [ComfyUI] [worker:ComfyUI-GeometryPack] INFO: Extract Skeleton dispatch: wavefront -> GeomPackSkeleton_Wavefront
[13:32]   [ComfyUI] [SubprocessWorker] got response: ok
[13:32]   [ComfyUI] [comfy-env] GeomPackExtractSkeleton done (0.33s): result: NodeOutput
[13:32]   [ComfyUI] [comfy-env] Running GeomPackSkeleton_Wavefront: trimesh: Trimesh, fix_mesh: True, normalize: False, waves: 1, step_size: 1.0
[13:32]   [ComfyUI] [SubprocessWorker] call_method: nodes.skeleton.backends.wavefront.SkeletonWavefrontNode.EXECUTE_NORMALIZED
[13:32]   [ComfyUI] [SubprocessWorker] acquired lock, ensuring started...
[13:32]   [ComfyUI] [ComfyUI-GeometryPack] Health check: ping (timeout=5.0s)...
[13:32]   [ComfyUI] [ComfyUI-GeometryPack] Health check: ok
[13:32]   [ComfyUI] [SubprocessWorker] worker started/confirmed
[13:32]   [ComfyUI] [SubprocessWorker] serializing kwargs to shm...
[13:32]   [ComfyUI] [SubprocessWorker] created 1 shm blocks
[13:32]   [ComfyUI] [SubprocessWorker] sending request via socket...
[13:32]   [ComfyUI] [SubprocessWorker] call_id=145 sending call_method
[13:32]   [ComfyUI] [worker:ComfyUI-GeometryPack] INFO: Backend: wavefront
[13:32]   [ComfyUI] 
[13:32]   [ComfyUI] Skeletonizing:   0%|          | 0/2761 [00:00<?, ?it/s]
[13:32]   [ComfyUI] Skeletonizing: 100%|██████████| 2761/2761 [00:00<00:00, 273311.31it/s]
[13:33]   [ComfyUI] [SubprocessWorker] got response: ok
[13:33]   [ComfyUI] [comfy-env] GeomPackSkeleton_Wavefront done (0.31s): result: NodeOutput
[13:33]   [ComfyUI] [comfy-env] Running GeomPackMeshFromSkeleton: joint_radius: 0.02, bone_radius: 0.01, skeleton: dict
[13:33]   [ComfyUI] [SubprocessWorker] call_method: nodes.skeleton.mesh_from_skeleton.SkeletonToMesh.EXECUTE_NORMALIZED
[13:33]   [ComfyUI] [SubprocessWorker] acquired lock, ensuring started...
[13:33]   [ComfyUI] [ComfyUI-GeometryPack] Health check: ping (timeout=5.0s)...
[13:33]   [ComfyUI] [ComfyUI-GeometryPack] Health check: ok
[13:33]   [ComfyUI] [SubprocessWorker] worker started/confirmed
[13:33]   [ComfyUI] [SubprocessWorker] serializing kwargs to shm...
[13:33]   [ComfyUI] [SubprocessWorker] created 0 shm blocks
[13:33]   [ComfyUI] [SubprocessWorker] sending request via socket...
[13:33]   [ComfyUI] [SubprocessWorker] call_id=146 sending call_method
[13:33]   [ComfyUI] [worker:ComfyUI-GeometryPack] [comfy-env] _from_shm got dict with keys: ['__type__', 'strategy', 'manager_path', 'storage_key', 'storage_size']
[13:33]   [ComfyUI] [worker:ComfyUI-GeometryPack] [comfy-env] DESERIALIZE TensorRef: tensor_size=[96, 3]
[13:33]   [ComfyUI] [worker:ComfyUI-GeometryPack] [comfy-env] DESERIALIZED tensor shape: torch.Size([96, 3])
[13:33]   [ComfyUI] [worker:ComfyUI-GeometryPack] [comfy-env] _from_shm got dict with keys: ['__type__', 'strategy', 'manager_path', 'storage_key', 'storage_size']
[13:33]   [ComfyUI] [worker:ComfyUI-GeometryPack] [comfy-env] DESERIALIZE TensorRef: tensor_size=[95, 2]
[13:33]   [ComfyUI] [worker:ComfyUI-GeometryPack] [comfy-env] DESERIALIZED tensor shape: torch.Size([95, 2])
[13:33]   [ComfyUI] [worker:ComfyUI-GeometryPack] INFO: Creating solid mesh: 96 joints, 95 bones
[13:33]   [ComfyUI] [worker:ComfyUI-GeometryPack] INFO: Skeleton metadata: scale=0.515, normalized=False
[13:33]   [ComfyUI] [worker:ComfyUI-GeometryPack] INFO: Input skeleton bounding box:
[13:33]   [ComfyUI] [worker:ComfyUI-GeometryPack] INFO:   Min: [-0.512, -0.315, -0.154]
[13:33]   [ComfyUI] [worker:ComfyUI-GeometryPack] INFO:   Max: [0.519, 0.320, 0.138]
[13:33]   [ComfyUI] [worker:ComfyUI-GeometryPack] INFO:   Size: [1.031, 0.635, 0.292]
[13:33]   [ComfyUI] [worker:ComfyUI-GeometryPack] INFO:   Center: [0.003, 0.002, -0.008]
[13:33]   Frame 6 saved (frame_005.jpg, t=19.6s)
[13:33]   [capture-periodic] freeze=4ms shot=118ms unfreeze=7ms saved=True
[13:33]   [ComfyUI] [worker:ComfyUI-GeometryPack] INFO: Created mesh: 11118 vertices, 21472 faces
[13:33]   [ComfyUI] [worker:ComfyUI-GeometryPack] INFO: Output mesh bounding box:
[13:33]   [ComfyUI] [worker:ComfyUI-GeometryPack] INFO:   Min: [-0.531, -0.334, -0.174]
[13:33]   [ComfyUI] [worker:ComfyUI-GeometryPack] INFO:   Max: [0.538, 0.339, 0.158]
[13:33]   [ComfyUI] [worker:ComfyUI-GeometryPack] INFO:   Size: [1.070, 0.674, 0.332]
[13:33]   [ComfyUI] [worker:ComfyUI-GeometryPack] INFO:   Center: [0.003, 0.002, -0.008]
[13:33]   [ComfyUI] [SubprocessWorker] got response: ok
[13:33]   [ComfyUI] [comfy-env] GeomPackMeshFromSkeleton done (0.77s): result: NodeOutput
[13:33]   [ComfyUI] [comfy-env] Running GeomPackPreviewMeshMulti: mode: 'fields', mesh_1: Trimesh, mesh_2: Trimesh, mesh_3: Trimesh, mesh_4: Trimesh
[13:33]   [ComfyUI] [SubprocessWorker] call_method: nodes.visualization.preview_mesh_multi.PreviewMeshMultiNode.EXECUTE_NORMALIZED
[13:33]   [ComfyUI] [SubprocessWorker] acquired lock, ensuring started...
[13:33]   [ComfyUI] [ComfyUI-GeometryPack] Health check: ping (timeout=5.0s)...
[13:33]   [ComfyUI] [ComfyUI-GeometryPack] Health check: ok
[13:33]   [ComfyUI] [SubprocessWorker] worker started/confirmed
[13:33]   [ComfyUI] [SubprocessWorker] serializing kwargs to shm...
[13:33]   [ComfyUI] [SubprocessWorker] created 4 shm blocks
[13:33]   [ComfyUI] [SubprocessWorker] sending request via socket...
[13:33]   [ComfyUI] [SubprocessWorker] call_id=147 sending call_method
[13:34]   [ComfyUI] [worker:ComfyUI-GeometryPack] INFO: Mode: fields, Meshes: 4
[13:34]   [ComfyUI] [worker:ComfyUI-GeometryPack] INFO: Mesh 1: Mesh - 2761 vertices, 5520 faces
[13:34]   [ComfyUI] [worker:ComfyUI-GeometryPack] INFO: Exporting mesh to VTP: D:\a\comfy-gpu-ci\comfy-gpu-ci\test_workspaces\GeometryPack-0031\ComfyUI\output\preview_multi_1_6988a811.vtp
[13:34]   [ComfyUI] [worker:ComfyUI-GeometryPack] INFO: Adding normals field (2761 vertices)
[13:34]   [ComfyUI] [worker:ComfyUI-GeometryPack] INFO: Export complete: 2761 vertices, 5520 faces
[13:34]   [ComfyUI] [worker:ComfyUI-GeometryPack] INFO: Exported VTP: D:\a\comfy-gpu-ci\comfy-gpu-ci\test_workspaces\GeometryPack-0031\ComfyUI\output\preview_multi_1_6988a811.vtp
[13:34]   [ComfyUI] [worker:ComfyUI-GeometryPack] INFO: Mesh 2: Mesh - 11118 vertices, 21472 faces
[13:34]   [ComfyUI] [worker:ComfyUI-GeometryPack] INFO: Exporting mesh to VTP: D:\a\comfy-gpu-ci\comfy-gpu-ci\test_workspaces\GeometryPack-0031\ComfyUI\output\preview_multi_2_6988a811.vtp
[13:34]   [ComfyUI] [worker:ComfyUI-GeometryPack] INFO: Adding normals field (11118 vertices)
[13:34]   [ComfyUI] [worker:ComfyUI-GeometryPack] INFO: Export complete: 11118 vertices, 21472 faces
[13:34]   [ComfyUI] [worker:ComfyUI-GeometryPack] INFO: Exported VTP: D:\a\comfy-gpu-ci\comfy-gpu-ci\test_workspaces\GeometryPack-0031\ComfyUI\output\preview_multi_2_6988a811.vtp
[13:34]   [ComfyUI] [worker:ComfyUI-GeometryPack] INFO: Mesh 3: Mesh - 2882 vertices, 5568 faces
[13:34]   [ComfyUI] [worker:ComfyUI-GeometryPack] INFO: Exporting mesh to VTP: D:\a\comfy-gpu-ci\comfy-gpu-ci\test_workspaces\GeometryPack-0031\ComfyUI\output\preview_multi_3_6988a811.vtp
[13:34]   [ComfyUI] [worker:ComfyUI-GeometryPack] INFO: Adding normals field (2882 vertices)
[13:34]   [ComfyUI] [worker:ComfyUI-GeometryPack] INFO: Export complete: 2882 vertices, 5568 faces
[13:34]   [ComfyUI] [worker:ComfyUI-GeometryPack] INFO: Exported VTP: D:\a\comfy-gpu-ci\comfy-gpu-ci\test_workspaces\GeometryPack-0031\ComfyUI\output\preview_multi_3_6988a811.vtp
[13:34]   [ComfyUI] [worker:ComfyUI-GeometryPack] INFO: Mesh 4: Mesh - 6362 vertices, 12288 faces
[13:34]   [ComfyUI] [worker:ComfyUI-GeometryPack] INFO: Exporting mesh to VTP: D:\a\comfy-gpu-ci\comfy-gpu-ci\test_workspaces\GeometryPack-0031\ComfyUI\output\preview_multi_4_6988a811.vtp
[13:34]   [ComfyUI] [worker:ComfyUI-GeometryPack] INFO: Adding normals field (6362 vertices)
[13:34]   [ComfyUI] [worker:ComfyUI-GeometryPack] INFO: Export complete: 6362 vertices, 12288 faces
[13:34]   [ComfyUI] [worker:ComfyUI-GeometryPack] INFO: Exported VTP: D:\a\comfy-gpu-ci\comfy-gpu-ci\test_workspaces\GeometryPack-0031\ComfyUI\output\preview_multi_4_6988a811.vtp
[13:34]   [ComfyUI] [worker:ComfyUI-GeometryPack] INFO: Grid: 2x2, Preview ready
[13:34]   [ComfyUI] [SubprocessWorker] got response: ok
[13:34]   [ComfyUI] [comfy-env] GeomPackPreviewMeshMulti done (0.90s): result: NodeOutput
[13:34]   [ComfyUI] [comfy-env] Running GeomPackExtractSkeleton: fix_mesh: True, normalize: False, backend: dict, trimesh: Trimesh
[13:34]   [ComfyUI] [SubprocessWorker] call_method: nodes.skeleton.extract_skeleton.ExtractSkeleton.EXECUTE_NORMALIZED
[13:34]   [ComfyUI] [SubprocessWorker] acquired lock, ensuring started...
[13:34]   [ComfyUI] [ComfyUI-GeometryPack] Health check: ping (timeout=5.0s)...
[13:34]   [ComfyUI] [ComfyUI-GeometryPack] Health check: ok
[13:34]   [ComfyUI] [SubprocessWorker] worker started/confirmed
[13:34]   [ComfyUI] [SubprocessWorker] serializing kwargs to shm...
[13:34]   [ComfyUI] [SubprocessWorker] created 1 shm blocks
[13:34]   [ComfyUI] [SubprocessWorker] sending request via socket...
[13:34]   [ComfyUI] [SubprocessWorker] call_id=148 sending call_method
[13:34]   Node executed (1 total), capturing...
[13:34]   [ComfyUI] [worker:ComfyUI-GeometryPack] INFO: Extract Skeleton dispatch: teasar -> GeomPackSkeleton_Teasar
[13:35]   [ComfyUI] [SubprocessWorker] got response: ok
[13:35]   [ComfyUI] [comfy-env] GeomPackExtractSkeleton done (0.28s): result: NodeOutput
[13:35]   [ComfyUI] [comfy-env] Running GeomPackSkeleton_Teasar: trimesh: Trimesh, fix_mesh: True, normalize: False, inv_dist: 10.0, min_length: 0.0
[13:35]   [ComfyUI] [SubprocessWorker] call_method: nodes.skeleton.backends.teasar.SkeletonTeasarNode.EXECUTE_NORMALIZED
[13:35]   [ComfyUI] [SubprocessWorker] acquired lock, ensuring started...
[13:35]   [ComfyUI] [ComfyUI-GeometryPack] Health check: ping (timeout=5.0s)...
[13:35]   [ComfyUI] [ComfyUI-GeometryPack] Health check: ok
[13:35]   [ComfyUI] [SubprocessWorker] worker started/confirmed
[13:35]   [ComfyUI] [SubprocessWorker] serializing kwargs to shm...
[13:35]   [ComfyUI] [SubprocessWorker] created 1 shm blocks
[13:35]   [ComfyUI] [SubprocessWorker] sending request via socket...
[13:35]   [ComfyUI] [SubprocessWorker] call_id=149 sending call_method
[13:35]   [ComfyUI] [worker:ComfyUI-GeometryPack] INFO: Backend: teasar
[13:35]   [ComfyUI] 
[13:35]   [ComfyUI] Invalidating:   0%|          | 0/2761 [00:00<?, ?it/s]
[13:35]   [ComfyUI] 
[13:35]   [ComfyUI] [SubprocessWorker] got response: ok
[13:35]   [ComfyUI] [comfy-env] GeomPackSkeleton_Teasar done (0.42s): result: NodeOutput
[13:35]   [ComfyUI] [comfy-env] Running GeomPackMeshFromSkeleton: joint_radius: 0.02, bone_radius: 0.01, skeleton: dict
[13:35]   [ComfyUI] [SubprocessWorker] call_method: nodes.skeleton.mesh_from_skeleton.SkeletonToMesh.EXECUTE_NORMALIZED
[13:35]   [ComfyUI] [SubprocessWorker] acquired lock, ensuring started...
[13:35]   [ComfyUI] [ComfyUI-GeometryPack] Health check: ping (timeout=5.0s)...
[13:35]   [ComfyUI] [ComfyUI-GeometryPack] Health check: ok
[13:35]   [ComfyUI] [SubprocessWorker] worker started/confirmed
[13:35]   [ComfyUI] [SubprocessWorker] serializing kwargs to shm...
[13:35]   [ComfyUI] [SubprocessWorker] created 0 shm blocks
[13:35]   [ComfyUI] [SubprocessWorker] sending request via socket...
[13:35]   [ComfyUI] [SubprocessWorker] call_id=150 sending call_method
[13:35]   [ComfyUI] [worker:ComfyUI-GeometryPack] [comfy-env] _from_shm got dict with keys: ['__type__', 'strategy', 'manager_path', 'storage_key', 'storage_size']
[13:35]   [ComfyUI] [worker:ComfyUI-GeometryPack] [comfy-env] DESERIALIZE TensorRef: tensor_size=[37, 3]
[13:35]   [ComfyUI] [worker:ComfyUI-GeometryPack] [comfy-env] DESERIALIZED tensor shape: torch.Size([37, 3])
[13:35]   [ComfyUI] [worker:ComfyUI-GeometryPack] [comfy-env] _from_shm got dict with keys: ['__type__', 'strategy', 'manager_path', 'storage_key', 'storage_size']
[13:35]   [ComfyUI] [worker:ComfyUI-GeometryPack] [comfy-env] DESERIALIZE TensorRef: tensor_size=[36, 2]
[13:35]   [ComfyUI] [worker:ComfyUI-GeometryPack] [comfy-env] DESERIALIZED tensor shape: torch.Size([36, 2])
[13:35]   [ComfyUI] [worker:ComfyUI-GeometryPack] INFO: Creating solid mesh: 37 joints, 36 bones
[13:35]   Frame 7 saved (frame_006.jpg, t=21.2s)
[13:35]   [capture-node] freeze=528ms shot=356ms unfreeze=4ms saved=True
[13:35]   [ComfyUI] [worker:ComfyUI-GeometryPack] INFO: Skeleton metadata: scale=0.325, normalized=False
[13:36]   [ComfyUI] [worker:ComfyUI-GeometryPack] INFO: Input skeleton bounding box:
[13:36]   [ComfyUI] [worker:ComfyUI-GeometryPack] INFO:   Min: [-0.498, -0.152, -0.129]
[13:36]   [ComfyUI] [worker:ComfyUI-GeometryPack] INFO:   Max: [0.152, 0.231, 0.017]
[13:36]   [ComfyUI] [worker:ComfyUI-GeometryPack] INFO:   Size: [0.650, 0.383, 0.146]
[13:36]   [ComfyUI] [worker:ComfyUI-GeometryPack] INFO:   Center: [-0.173, 0.040, -0.056]
[13:36]   [ComfyUI] [worker:ComfyUI-GeometryPack] INFO: Created mesh: 4274 vertices, 8256 faces
[13:36]   [ComfyUI] [worker:ComfyUI-GeometryPack] INFO: Output mesh bounding box:
[13:36]   [ComfyUI] [worker:ComfyUI-GeometryPack] INFO:   Min: [-0.518, -0.171, -0.149]
[13:36]   [ComfyUI] [worker:ComfyUI-GeometryPack] INFO:   Max: [0.171, 0.251, 0.037]
[13:36]   [ComfyUI] [worker:ComfyUI-GeometryPack] INFO:   Size: [0.689, 0.422, 0.186]
[13:36]   [ComfyUI] [worker:ComfyUI-GeometryPack] INFO:   Center: [-0.173, 0.040, -0.056]
[13:36]   [ComfyUI] [SubprocessWorker] got response: ok
[13:36]   [ComfyUI] [comfy-env] GeomPackMeshFromSkeleton done (0.87s): result: NodeOutput
[13:36]   [ComfyUI] [comfy-env] Running GeomPackPreviewMeshMulti: mode: 'fields', mesh_1: Trimesh, mesh_2: Trimesh
[13:36]   [ComfyUI] [SubprocessWorker] call_method: nodes.visualization.preview_mesh_multi.PreviewMeshMultiNode.EXECUTE_NORMALIZED
[13:36]   [ComfyUI] [SubprocessWorker] acquired lock, ensuring started...
[13:36]   [ComfyUI] [ComfyUI-GeometryPack] Health check: ping (timeout=5.0s)...
[13:36]   [ComfyUI] [ComfyUI-GeometryPack] Health check: ok
[13:36]   [ComfyUI] [SubprocessWorker] worker started/confirmed
[13:36]   [ComfyUI] [SubprocessWorker] serializing kwargs to shm...
[13:36]   [ComfyUI] [SubprocessWorker] created 2 shm blocks
[13:36]   [ComfyUI] [SubprocessWorker] sending request via socket...
[13:36]   [ComfyUI] [SubprocessWorker] call_id=151 sending call_method
[13:36]   [ComfyUI] [worker:ComfyUI-GeometryPack] INFO: Mode: fields, Meshes: 2
[13:36]   [ComfyUI] [worker:ComfyUI-GeometryPack] INFO: Mesh 1: Mesh - 4274 vertices, 8256 faces
[13:36]   [ComfyUI] [worker:ComfyUI-GeometryPack] INFO: Exporting mesh to VTP: D:\a\comfy-gpu-ci\comfy-gpu-ci\test_workspaces\GeometryPack-0031\ComfyUI\output\preview_multi_1_c3ec20eb.vtp
[13:36]   [ComfyUI] [worker:ComfyUI-GeometryPack] INFO: Adding normals field (4274 vertices)
[13:36]   [ComfyUI] [worker:ComfyUI-GeometryPack] INFO: Export complete: 4274 vertices, 8256 faces
[13:36]   [ComfyUI] [worker:ComfyUI-GeometryPack] INFO: Exported VTP: D:\a\comfy-gpu-ci\comfy-gpu-ci\test_workspaces\GeometryPack-0031\ComfyUI\output\preview_multi_1_c3ec20eb.vtp
[13:36]   [ComfyUI] [worker:ComfyUI-GeometryPack] INFO: Mesh 2: Mesh - 6362 vertices, 12288 faces
[13:36]   [ComfyUI] [worker:ComfyUI-GeometryPack] INFO: Exporting mesh to VTP: D:\a\comfy-gpu-ci\comfy-gpu-ci\test_workspaces\GeometryPack-0031\ComfyUI\output\preview_multi_2_c3ec20eb.vtp
[13:36]   [ComfyUI] [worker:ComfyUI-GeometryPack] INFO: Adding normals field (6362 vertices)
[13:36]   [ComfyUI] [worker:ComfyUI-GeometryPack] INFO: Export complete: 6362 vertices, 12288 faces
[13:36]   [ComfyUI] [worker:ComfyUI-GeometryPack] INFO: Exported VTP: D:\a\comfy-gpu-ci\comfy-gpu-ci\test_workspaces\GeometryPack-0031\ComfyUI\output\preview_multi_2_c3ec20eb.vtp
[13:36]   [ComfyUI] [worker:ComfyUI-GeometryPack] INFO: Grid: 2x1, Preview ready
[13:36]   [ComfyUI] [SubprocessWorker] got response: ok
[13:36]   [ComfyUI] [comfy-env] GeomPackPreviewMeshMulti done (0.60s): result: NodeOutput
[13:36]   [ComfyUI] Prompt executed in 22.91 seconds
[13:37]   Node executed (2 total), capturing...
[13:37]   Frame 8 saved (frame_007.jpg, t=23.3s)
[13:37]   [capture-node] freeze=6ms shot=122ms unfreeze=0ms saved=True
[13:37]   Execution complete (t=23.3s)
[13:37]   Captured 8 unique frames over 23.78s
[13:37]   [debug] iframes: 2
[13:37]   [debug]   iframe[0]: src=http://127.0.0.1:41890/extensions/ComfyUI-GeometryPack/viewer_multi.html?v=17784, canvas=368x393, rafFrozen=True
[13:37]   [debug]   iframe[1]: src=http://127.0.0.1:41890/extensions/ComfyUI-GeometryPack/viewer_multi.html?v=17784, canvas=368x195, rafFrozen=True
[13:37]   [timing] trigger_3d_previews: 0.0s
[13:39]   Saved high-quality screenshot: skeleton_all_executed.png
[13:39]   [timing] final_screenshot: 0.2s
[13:40] Capturing execution frames: skeleton_extraction.json
[13:46]   Frame 1 saved (frame_000.jpg, t=0.0s)
[13:46]   Validating workflow...
[13:46]   [ComfyUI] === /validate endpoint called ===
[13:46]   [ComfyUI] Received JSON with keys: ['prompt']
[13:46]   [ComfyUI] Prompt has 4 nodes
[13:46]   [ComfyUI]   Node 1: GeomPackLoadMesh
[13:46]   [ComfyUI]     Inputs: {"file_path": "3d/cow.off"}
[13:46]   [ComfyUI]   Node 3: GeomPackMeshFromSkeleton
[13:46]   Queuing workflow for execution...
[13:46]   [ComfyUI]     Inputs: {"joint_radius": 0.02, "bone_radius": 0.01, "skeleton": ["6", 0]}
[13:46]   [ComfyUI]   Node 5: GeomPackPreviewMeshDual
[13:46]   [ComfyUI]     Inputs: {"layout": "overlay", "mode": "fields", "opacity_1": 0.5, "opacity_2": 0.5, "preview_dual": "{\"show_edges\":false,\"camera_state\":\"{\\\"position\\\":[1.3662524844520427,1.1685429744811375,-2.017582
[13:46]   [ComfyUI]   Node 6: GeomPackExtractSkeleton
[13:46]   [ComfyUI]     Inputs: {"fix_mesh": "wavefront", "normalize": false, "backend": "wavefront", "backend.waves": 1, "backend.step_size": 1, "trimesh": ["1", 0]}
[13:46]   [ComfyUI] Generated prompt_id: 63405833-1c82-46ae-bab2-2e6d16460a91
[13:46]   [ComfyUI] Calling execution.validate_prompt()...
[13:46]   [ComfyUI] Validation result: valid=True
[13:46]   [ComfyUI] === Validation PASSED ===
[13:46]   [ComfyUI] got prompt
[13:46]   [ComfyUI] [comfy-env] Running GeomPackLoadMesh: file_path: '3d/cow.off'
[13:46]   [ComfyUI] [SubprocessWorker] call_method: nodes.io.load_mesh.LoadMesh.EXECUTE_NORMALIZED
[13:46]   [ComfyUI] [SubprocessWorker] acquired lock, ensuring started...
[13:46]   [ComfyUI] [ComfyUI-GeometryPack] Health check: ping (timeout=5.0s)...
[13:46]   [ComfyUI] [ComfyUI-GeometryPack] Health check: ok
[13:46]   [ComfyUI] [SubprocessWorker] worker started/confirmed
[13:46]   [ComfyUI] [SubprocessWorker] serializing kwargs to shm...
[13:46]   [ComfyUI] [SubprocessWorker] created 0 shm blocks
[13:46]   [ComfyUI] [SubprocessWorker] sending request via socket...
[13:46]   [ComfyUI] [SubprocessWorker] call_id=152 sending call_method
[13:46]   [ComfyUI] [worker:ComfyUI-GeometryPack] INFO: Found mesh in input folder: 3d/cow.off
[13:46]   [ComfyUI] [worker:ComfyUI-GeometryPack] INFO: Loading: D:\a\comfy-gpu-ci\comfy-gpu-ci\test_workspaces\GeometryPack-0031\ComfyUI\input\3d/cow.off
[13:46]   [ComfyUI] [worker:ComfyUI-GeometryPack] INFO: Initial mesh: 2761 vertices, 5520 faces
[13:46]   [ComfyUI] [worker:ComfyUI-GeometryPack] INFO: Successfully loaded: 2761 vertices, 5520 faces
[13:46]   [ComfyUI] [worker:ComfyUI-GeometryPack] INFO: Loaded: 2761 vertices, 5520 faces
[13:46]   [ComfyUI] [SubprocessWorker] got response: ok
[13:46]   [ComfyUI] [comfy-env] GeomPackLoadMesh done (0.35s): result: NodeOutput
[13:46]   [ComfyUI] [comfy-env] Running GeomPackExtractSkeleton: fix_mesh: True, normalize: False, backend: dict, trimesh: Trimesh
[13:46]   [ComfyUI] [SubprocessWorker] call_method: nodes.skeleton.extract_skeleton.ExtractSkeleton.EXECUTE_NORMALIZED
[13:46]   [ComfyUI] [SubprocessWorker] acquired lock, ensuring started...
[13:46]   [ComfyUI] [ComfyUI-GeometryPack] Health check: ping (timeout=5.0s)...
[13:46]   [ComfyUI] [ComfyUI-GeometryPack] Health check: ok
[13:46]   [ComfyUI] [SubprocessWorker] worker started/confirmed
[13:46]   [ComfyUI] [SubprocessWorker] serializing kwargs to shm...
[13:46]   [ComfyUI] [SubprocessWorker] created 1 shm blocks
[13:46]   [ComfyUI] [SubprocessWorker] sending request via socket...
[13:46]   [ComfyUI] [SubprocessWorker] call_id=153 sending call_method
[13:46]   [ComfyUI] [worker:ComfyUI-GeometryPack] INFO: Extract Skeleton dispatch: wavefront -> GeomPackSkeleton_Wavefront
[13:46]   [ComfyUI] [SubprocessWorker] got response: ok
[13:46]   [ComfyUI] [comfy-env] GeomPackExtractSkeleton done (0.28s): result: NodeOutput
[13:46]   [ComfyUI] [comfy-env] Running GeomPackSkeleton_Wavefront: trimesh: Trimesh, fix_mesh: True, normalize: False, waves: 1, step_size: 1.0
[13:46]   [ComfyUI] [SubprocessWorker] call_method: nodes.skeleton.backends.wavefront.SkeletonWavefrontNode.EXECUTE_NORMALIZED
[13:46]   [ComfyUI] [SubprocessWorker] acquired lock, ensuring started...
[13:46]   [ComfyUI] [ComfyUI-GeometryPack] Health check: ping (timeout=5.0s)...
[13:46]   [ComfyUI] [ComfyUI-GeometryPack] Health check: ok
[13:46]   [ComfyUI] [SubprocessWorker] worker started/confirmed
[13:46]   [ComfyUI] [SubprocessWorker] serializing kwargs to shm...
[13:46]   [ComfyUI] [SubprocessWorker] created 1 shm blocks
[13:46]   [ComfyUI] [SubprocessWorker] sending request via socket...
[13:46]   [ComfyUI] [SubprocessWorker] call_id=154 sending call_method
[13:47]   [ComfyUI] [worker:ComfyUI-GeometryPack] INFO: Backend: wavefront
[13:47]   [ComfyUI] 
[13:47]   [ComfyUI] Skeletonizing:   0%|          | 0/2761 [00:00<?, ?it/s]
[13:47]   [ComfyUI] Skeletonizing: 100%|██████████| 2761/2761 [00:00<00:00, 306824.40it/s]
[13:47]   [ComfyUI] [SubprocessWorker] got response: ok
[13:47]   [ComfyUI] [comfy-env] GeomPackSkeleton_Wavefront done (0.30s): result: NodeOutput
[13:47]   [ComfyUI] [comfy-env] Running GeomPackMeshFromSkeleton: joint_radius: 0.02, bone_radius: 0.01, skeleton: dict
[13:47]   [ComfyUI] [SubprocessWorker] call_method: nodes.skeleton.mesh_from_skeleton.SkeletonToMesh.EXECUTE_NORMALIZED
[13:47]   [ComfyUI] [SubprocessWorker] acquired lock, ensuring started...
[13:47]   [ComfyUI] [ComfyUI-GeometryPack] Health check: ping (timeout=5.0s)...
[13:47]   [ComfyUI] [ComfyUI-GeometryPack] Health check: ok
[13:47]   [ComfyUI] [SubprocessWorker] worker started/confirmed
[13:47]   [ComfyUI] [SubprocessWorker] serializing kwargs to shm...
[13:47]   [ComfyUI] [SubprocessWorker] created 0 shm blocks
[13:47]   [ComfyUI] [SubprocessWorker] sending request via socket...
[13:47]   [ComfyUI] [SubprocessWorker] call_id=155 sending call_method
[13:47]   [ComfyUI] [worker:ComfyUI-GeometryPack] [comfy-env] _from_shm got dict with keys: ['__type__', 'strategy', 'manager_path', 'storage_key', 'storage_size']
[13:47]   [ComfyUI] [worker:ComfyUI-GeometryPack] [comfy-env] DESERIALIZE TensorRef: tensor_size=[96, 3]
[13:47]   [ComfyUI] [worker:ComfyUI-GeometryPack] [comfy-env] DESERIALIZED tensor shape: torch.Size([96, 3])
[13:47]   [ComfyUI] [worker:ComfyUI-GeometryPack] [comfy-env] _from_shm got dict with keys: ['__type__', 'strategy', 'manager_path', 'storage_key', 'storage_size']
[13:47]   [ComfyUI] [worker:ComfyUI-GeometryPack] [comfy-env] DESERIALIZE TensorRef: tensor_size=[95, 2]
[13:47]   [ComfyUI] [worker:ComfyUI-GeometryPack] [comfy-env] DESERIALIZED tensor shape: torch.Size([95, 2])
[13:47]   [ComfyUI] [worker:ComfyUI-GeometryPack] INFO: Creating solid mesh: 96 joints, 95 bones
[13:47]   [ComfyUI] [worker:ComfyUI-GeometryPack] INFO: Skeleton metadata: scale=0.515, normalized=False
[13:47]   [ComfyUI] [worker:ComfyUI-GeometryPack] INFO: Input skeleton bounding box:
[13:47]   [ComfyUI] [worker:ComfyUI-GeometryPack] INFO:   Min: [-0.512, -0.315, -0.154]
[13:47]   [ComfyUI] [worker:ComfyUI-GeometryPack] INFO:   Max: [0.519, 0.320, 0.138]
[13:47]   [ComfyUI] [worker:ComfyUI-GeometryPack] INFO:   Size: [1.031, 0.635, 0.292]
[13:47]   [ComfyUI] [worker:ComfyUI-GeometryPack] INFO:   Center: [0.003, 0.002, -0.008]
[13:47]   [ComfyUI] [worker:ComfyUI-GeometryPack] INFO: Created mesh: 11118 vertices, 21472 faces
[13:47]   [ComfyUI] [worker:ComfyUI-GeometryPack] INFO: Output mesh bounding box:
[13:47]   [ComfyUI] [worker:ComfyUI-GeometryPack] INFO:   Min: [-0.531, -0.334, -0.174]
[13:47]   [ComfyUI] [worker:ComfyUI-GeometryPack] INFO:   Max: [0.538, 0.339, 0.158]
[13:47]   [ComfyUI] [worker:ComfyUI-GeometryPack] INFO:   Size: [1.070, 0.674, 0.332]
[13:47]   [ComfyUI] [worker:ComfyUI-GeometryPack] INFO:   Center: [0.003, 0.002, -0.008]
[13:48]   [ComfyUI] [SubprocessWorker] got response: ok
[13:48]   [ComfyUI] [comfy-env] GeomPackMeshFromSkeleton done (0.81s): result: NodeOutput
[13:48]   [ComfyUI] [comfy-env] Running GeomPackPreviewMeshDual: layout: 'overlay', mode: 'fields', opacity_1: 0.5, opacity_2: 0.5, mesh_1: Trimesh, mesh_2: Trimesh
[13:48]   [ComfyUI] [SubprocessWorker] call_method: nodes.visualization.preview_mesh_dual.PreviewMeshDualNode.EXECUTE_NORMALIZED
[13:48]   [ComfyUI] [SubprocessWorker] acquired lock, ensuring started...
[13:48]   [ComfyUI] [ComfyUI-GeometryPack] Health check: ping (timeout=5.0s)...
[13:48]   [ComfyUI] [ComfyUI-GeometryPack] Health check: ok
[13:48]   [ComfyUI] [SubprocessWorker] worker started/confirmed
[13:48]   [ComfyUI] [SubprocessWorker] serializing kwargs to shm...
[13:48]   [ComfyUI] [SubprocessWorker] created 2 shm blocks
[13:48]   [ComfyUI] [SubprocessWorker] sending request via socket...
[13:48]   [ComfyUI] [SubprocessWorker] call_id=156 sending call_method
[13:48]   [ComfyUI] [worker:ComfyUI-GeometryPack] INFO: Layout: overlay, Mode: fields
[13:48]   [ComfyUI] [worker:ComfyUI-GeometryPack] INFO: Mesh 1: Mesh - 11118 vertices, 21472 faces
[13:48]   [ComfyUI] [worker:ComfyUI-GeometryPack] INFO: Mesh 2: Mesh - 2761 vertices, 5520 faces
[13:48]   [ComfyUI] [worker:ComfyUI-GeometryPack] INFO: Mesh 1 fields: []
[13:48]   [ComfyUI] [worker:ComfyUI-GeometryPack] INFO: Mesh 2 fields: []
[13:48]   [ComfyUI] [worker:ComfyUI-GeometryPack] INFO: Common fields: []
[13:48]   [ComfyUI] [worker:ComfyUI-GeometryPack] INFO: Mesh 1 visual: kind=None, texture=False, vertex_colors=False
[13:48]   [ComfyUI] [worker:ComfyUI-GeometryPack] INFO: Mesh 2 visual: kind=None, texture=False, vertex_colors=False
[13:48]   [ComfyUI] [worker:ComfyUI-GeometryPack] INFO: Added mesh_id field and red/blue colors for overlay
[13:48]   [ComfyUI] [worker:ComfyUI-GeometryPack] INFO: Exporting mesh to VTP: D:\a\comfy-gpu-ci\comfy-gpu-ci\test_workspaces\GeometryPack-0031\ComfyUI\output\preview_dual_overlay_5f48752b.vtp
[13:48]   [ComfyUI] [worker:ComfyUI-GeometryPack] INFO: Adding normals field (13879 vertices)
[13:48]   [ComfyUI] [worker:ComfyUI-GeometryPack] INFO: Adding scalar field: mesh_id (components: 1)
[13:48]   Frame 2 saved (frame_001.jpg, t=2.3s)
[13:48]   [capture-periodic] freeze=5ms shot=98ms unfreeze=5ms saved=True
[13:48]   [ComfyUI] [worker:ComfyUI-GeometryPack] INFO: Export complete: 13879 vertices, 26992 faces
[13:48]   [ComfyUI] [worker:ComfyUI-GeometryPack] INFO: Exported combined VTP: D:\a\comfy-gpu-ci\comfy-gpu-ci\test_workspaces\GeometryPack-0031\ComfyUI\output\preview_dual_overlay_5f48752b.vtp
[13:48]   [ComfyUI] [worker:ComfyUI-GeometryPack] INFO: Combined Mesh: 13879 vertices, 26992 faces
[13:48]   [ComfyUI] [worker:ComfyUI-GeometryPack] INFO: Preview ready
[13:48]   [ComfyUI] [SubprocessWorker] got response: ok
[13:48]   [ComfyUI] [comfy-env] GeomPackPreviewMeshDual done (0.68s): result: NodeOutput
[13:48]   [ComfyUI] Prompt executed in 2.43 seconds
[13:48]   Node executed (1 total), capturing...
[13:49]   Frame 3 saved (frame_002.jpg, t=2.8s)
[13:49]   [capture-node] freeze=111ms shot=146ms unfreeze=0ms saved=True
[13:49]   Execution complete (t=2.8s)
[13:49]   Captured 3 unique frames over 3.06s
[13:49]   [debug] iframes: 1
[13:49]   [debug]   iframe[0]: src=http://127.0.0.1:41890/extensions/ComfyUI-GeometryPack/viewer_dual.html?v=177846, canvas=742x485, rafFrozen=True
[13:49]   [timing] trigger_3d_previews: 0.0s
[13:51]   Saved high-quality screenshot: skeleton_extraction_executed.png
[13:51]   [timing] final_screenshot: 0.2s
[13:51] Capturing execution frames: sMOOth.json
[13:57]   Frame 1 saved (frame_000.jpg, t=0.0s)
[13:57]   Validating workflow...
[13:57]   [ComfyUI] === /validate endpoint called ===
[13:57]   [ComfyUI] Received JSON with keys: ['prompt']
[13:57]   [ComfyUI] Prompt has 3 nodes
[13:57]   [ComfyUI]   Node 1: GeomPackPreviewMeshDual
[13:57]   [ComfyUI]     Inputs: {"layout": "side_by_side", "mode": "fields", "opacity_1": 1, "opacity_2": 1, "preview_dual": "{\"show_edges\":true,\"camera_state\":\"{\\\"position\\\":[-1.264590737186599,0.4315551722479547,-0.956898
[13:57]   [ComfyUI]   Node 3: GeomPackLoadMesh
[13:57]   Queuing workflow for execution...
[13:57]   [ComfyUI]     Inputs: {"file_path": "3d/cow.off"}
[13:57]   [ComfyUI]   Node 5: GeomPackSmoothMesh
[13:57]   [ComfyUI]     Inputs: {"backend": "taubin", "backend.iterations": 5, "backend.lambda_": 1, "backend.mu": -0.8, "trimesh": ["3", 0]}
[13:57]   [ComfyUI] Generated prompt_id: 8122ee44-9199-4205-a419-f5830442c23d
[13:57]   [ComfyUI] Calling execution.validate_prompt()...
[13:57]   [ComfyUI] Validation result: valid=True
[13:57]   [ComfyUI] === Validation PASSED ===
[13:57]   [ComfyUI] got prompt
[13:57]   [ComfyUI] [comfy-env] Running GeomPackLoadMesh: file_path: '3d/cow.off'
[13:57]   [ComfyUI] [SubprocessWorker] call_method: nodes.io.load_mesh.LoadMesh.EXECUTE_NORMALIZED
[13:57]   [ComfyUI] [SubprocessWorker] acquired lock, ensuring started...
[13:57]   [ComfyUI] [ComfyUI-GeometryPack] Health check: ping (timeout=5.0s)...
[13:57]   [ComfyUI] [ComfyUI-GeometryPack] Health check: ok
[13:57]   [ComfyUI] [SubprocessWorker] worker started/confirmed
[13:57]   [ComfyUI] [SubprocessWorker] serializing kwargs to shm...
[13:57]   [ComfyUI] [SubprocessWorker] created 0 shm blocks
[13:57]   [ComfyUI] [SubprocessWorker] sending request via socket...
[13:57]   [ComfyUI] [SubprocessWorker] call_id=157 sending call_method
[13:57]   [ComfyUI] [worker:ComfyUI-GeometryPack] INFO: Found mesh in input folder: 3d/cow.off
[13:57]   [ComfyUI] [worker:ComfyUI-GeometryPack] INFO: Loading: D:\a\comfy-gpu-ci\comfy-gpu-ci\test_workspaces\GeometryPack-0031\ComfyUI\input\3d/cow.off
[13:57]   [ComfyUI] [worker:ComfyUI-GeometryPack] INFO: Initial mesh: 2761 vertices, 5520 faces
[13:57]   [ComfyUI] [worker:ComfyUI-GeometryPack] INFO: Successfully loaded: 2761 vertices, 5520 faces
[13:57]   [ComfyUI] [worker:ComfyUI-GeometryPack] INFO: Loaded: 2761 vertices, 5520 faces
[13:57]   [ComfyUI] [SubprocessWorker] got response: ok
[13:57]   [ComfyUI] [comfy-env] GeomPackLoadMesh done (0.31s): result: NodeOutput
[13:57]   [ComfyUI] [comfy-env] Running GeomPackSmoothMesh: backend: dict, trimesh: Trimesh
[13:57]   [ComfyUI] [SubprocessWorker] call_method: nodes.smoothing.smooth.SmoothMeshNode.EXECUTE_NORMALIZED
[13:57]   [ComfyUI] [SubprocessWorker] acquired lock, ensuring started...
[13:57]   [ComfyUI] [ComfyUI-GeometryPack] Health check: ping (timeout=5.0s)...
[13:57]   [ComfyUI] [ComfyUI-GeometryPack] Health check: ok
[13:57]   [ComfyUI] [SubprocessWorker] worker started/confirmed
[13:57]   [ComfyUI] [SubprocessWorker] serializing kwargs to shm...
[13:57]   [ComfyUI] [SubprocessWorker] created 1 shm blocks
[13:57]   [ComfyUI] [SubprocessWorker] sending request via socket...
[13:57]   [ComfyUI] [SubprocessWorker] call_id=158 sending call_method
[13:58]   [ComfyUI] [worker:ComfyUI-GeometryPack] INFO: Smooth dispatch: taubin -> GeomPackSmooth_Taubin
[13:58]   [ComfyUI] [SubprocessWorker] got response: ok
[13:58]   [ComfyUI] [comfy-env] GeomPackSmoothMesh done (0.24s): result: NodeOutput
[13:58]   [ComfyUI] [comfy-env] Running GeomPackSmooth_Taubin: trimesh: Trimesh, iterations: 5, lambda_: 1.0, mu: -0.8
[13:58]   [ComfyUI] [SubprocessWorker] call_method: nodes.smoothing.smooth_backends.taubin.SmoothTaubinNode.EXECUTE_NORMALIZED
[13:58]   [ComfyUI] [SubprocessWorker] acquired lock, ensuring started...
[13:58]   [ComfyUI] [ComfyUI-GeometryPack] Health check: ping (timeout=5.0s)...
[13:58]   [ComfyUI] [ComfyUI-GeometryPack] Health check: ok
[13:58]   [ComfyUI] [SubprocessWorker] worker started/confirmed
[13:58]   [ComfyUI] [SubprocessWorker] serializing kwargs to shm...
[13:58]   [ComfyUI] [SubprocessWorker] created 1 shm blocks
[13:58]   [ComfyUI] [SubprocessWorker] sending request via socket...
[13:58]   [ComfyUI] [SubprocessWorker] call_id=159 sending call_method
[13:58]   [ComfyUI] [worker:ComfyUI-GeometryPack] INFO: Backend: taubin
[13:58]   [ComfyUI] [worker:ComfyUI-GeometryPack] INFO: Input: 2761 vertices, 5520 faces
[13:58]   [ComfyUI] [worker:ComfyUI-GeometryPack] INFO: Parameters: iterations=5, lambda=1.000, mu=-0.800
[13:58]   [ComfyUI] [worker:ComfyUI-GeometryPack] INFO: Output: 2761 vertices, 5520 faces
[13:58]   [ComfyUI] [worker:ComfyUI-GeometryPack] INFO: Avg vertex displacement: 0.007834, max: 0.047218
[13:58]   [ComfyUI] [SubprocessWorker] got response: ok
[13:58]   [ComfyUI] [comfy-env] GeomPackSmooth_Taubin done (0.52s): result: NodeOutput
[13:58]   [ComfyUI] [comfy-env] Running GeomPackPreviewMeshDual: layout: 'side_by_side', mode: 'fields', opacity_1: 1.0, opacity_2: 1.0, mesh_1: Trimesh, mesh_2: Trimesh
[13:58]   [ComfyUI] [SubprocessWorker] call_method: nodes.visualization.preview_mesh_dual.PreviewMeshDualNode.EXECUTE_NORMALIZED
[13:58]   [ComfyUI] [SubprocessWorker] acquired lock, ensuring started...
[13:58]   [ComfyUI] [ComfyUI-GeometryPack] Health check: ping (timeout=5.0s)...
[13:58]   [ComfyUI] [ComfyUI-GeometryPack] Health check: ok
[13:58]   [ComfyUI] [SubprocessWorker] worker started/confirmed
[13:58]   [ComfyUI] [SubprocessWorker] serializing kwargs to shm...
[13:58]   [ComfyUI] [SubprocessWorker] created 2 shm blocks
[13:58]   [ComfyUI] [SubprocessWorker] sending request via socket...
[13:58]   [ComfyUI] [SubprocessWorker] call_id=160 sending call_method
[13:58]   Node executed (1 total), capturing...
[13:58]   [ComfyUI] [worker:ComfyUI-GeometryPack] INFO: Layout: side_by_side, Mode: fields
[13:58]   [ComfyUI] [worker:ComfyUI-GeometryPack] INFO: Mesh 1: Mesh - 2761 vertices, 5520 faces
[13:58]   [ComfyUI] [worker:ComfyUI-GeometryPack] INFO: Mesh 2: Mesh - 2761 vertices, 5520 faces
[13:58]   [ComfyUI] [worker:ComfyUI-GeometryPack] INFO: Mesh 1 fields: []
[13:58]   [ComfyUI] [worker:ComfyUI-GeometryPack] INFO: Mesh 2 fields: []
[13:58]   [ComfyUI] [worker:ComfyUI-GeometryPack] INFO: Common fields: []
[13:58]   Frame 2 saved (frame_001.jpg, t=1.4s)
[13:58]   [capture-node] freeze=5ms shot=80ms unfreeze=5ms saved=True
[13:58]   [ComfyUI] [worker:ComfyUI-GeometryPack] INFO: Mesh 1 visual: kind=None, texture=False, vertex_colors=False
[13:58]   [ComfyUI] [worker:ComfyUI-GeometryPack] INFO: Mesh 2 visual: kind=None, texture=False, vertex_colors=False
[13:59]   [ComfyUI] [worker:ComfyUI-GeometryPack] INFO: Exported STL: D:\a\comfy-gpu-ci\comfy-gpu-ci\test_workspaces\GeometryPack-0031\ComfyUI\output\preview_dual_1_ca68cd1b.stl
[13:59]   [ComfyUI] [worker:ComfyUI-GeometryPack] INFO: Exported STL: D:\a\comfy-gpu-ci\comfy-gpu-ci\test_workspaces\GeometryPack-0031\ComfyUI\output\preview_dual_2_ca68cd1b.stl
[13:59]   [ComfyUI] [worker:ComfyUI-GeometryPack] INFO: Preview ready
[13:59]   [ComfyUI] [SubprocessWorker] got response: ok
[13:59]   [ComfyUI] [comfy-env] GeomPackPreviewMeshDual done (0.49s): result: NodeOutput
[13:59]   [ComfyUI] Prompt executed in 1.57 seconds
[13:59]   Node executed (2 total), capturing...
[13:59]   Frame 3 saved (frame_002.jpg, t=1.9s)
[13:59]   [capture-node] freeze=89ms shot=370ms unfreeze=0ms saved=True
[13:59]   Execution complete (t=1.9s)
[13:59]   Captured 3 unique frames over 2.4s
[13:59]   [debug] iframes: 1
[13:59]   [debug]   iframe[0]: src=http://127.0.0.1:41890/extensions/ComfyUI-GeometryPack/viewer_dual.html?v=177846, canvas=370x485, rafFrozen=True
[13:59]   [timing] trigger_3d_previews: 0.0s
[14:02]   Saved high-quality screenshot: sMOOth_executed.png
[14:02]   [timing] final_screenshot: 0.3s
[14:02] Capturing execution frames: smooth_all.json
[14:08]   Frame 1 saved (frame_000.jpg, t=0.0s)
[14:08]   Validating workflow...
[14:08]   [ComfyUI] === /validate endpoint called ===
[14:08]   [ComfyUI] Received JSON with keys: ['prompt']
[14:08]   [ComfyUI] Prompt has 8 nodes
[14:08]   [ComfyUI]   Node 1: GeomPackLoadMesh
[14:08]   [ComfyUI]     Inputs: {"file_path": "3d/cow.off"}
[14:08]   [ComfyUI]   Node 2: GeomPackSmoothMesh
[14:08]   [ComfyUI]     Inputs: {"backend": "taubin", "backend.iterations": 5, "backend.lambda_": 0.5, "backend.mu": -0.53, "trimesh": ["1", 0]}
[14:08]   [ComfyUI]   Node 3: GeomPackSmoothMesh
[14:08]   Queuing workflow for execution...
[14:08]   [ComfyUI]     Inputs: {"backend": "laplacian", "backend.iterations": 5, "backend.cotangent_weight": "true", "trimesh": ["1", 0]}
[14:08]   [ComfyUI]   Node 4: GeomPackSmoothMesh
[14:08]   [ComfyUI]     Inputs: {"backend": "hc_laplacian", "trimesh": ["1", 0]}
[14:08]   [ComfyUI]   Node 5: GeomPackSmoothMesh
[14:08]   [ComfyUI]     Inputs: {"backend": "trimesh_laplacian", "backend.iterations": 7, "backend.lambda_": 0.5, "trimesh": ["1", 0]}
[14:08]   [ComfyUI]   Node 6: GeomPackSmoothMesh
[14:08]   [ComfyUI]     Inputs: {"backend": "trimesh_taubin", "backend.iterations": 10, "backend.lambda_": 0.6, "backend.mu": -0.53, "trimesh": ["1", 0]}
[14:08]   [ComfyUI]   Node 8: GeomPackPreviewMeshMulti
[14:08]   [ComfyUI]     Inputs: {"mode": "fields", "preview_multi": "{\"show_edges\":true,\"camera_state\":\"{\\\"position\\\":[-0.8124876310583045,0.33787129680966865,-2.241461606161383],\\\"focalPoint\\\":[0,-0.0000846534967422485
[14:08]   [ComfyUI]   Node 9: GeomPackPreviewMeshMulti
[14:08]   [ComfyUI]     Inputs: {"mode": "fields", "preview_multi": "{\"show_edges\":true,\"camera_state\":\"{\\\"position\\\":[-0.8124876310583045,0.33787129680966865,-2.241461606161383],\\\"focalPoint\\\":[0,-0.0000846534967422485
[14:08]   [ComfyUI] Generated prompt_id: 91f32abb-7d97-49bc-b42b-8158bed3c7e9
[14:08]   [ComfyUI] Calling execution.validate_prompt()...
[14:08]   [ComfyUI] Validation result: valid=True
[14:08]   [ComfyUI] === Validation PASSED ===
[14:08]   [ComfyUI] got prompt
[14:08]   [ComfyUI] [comfy-env] Running GeomPackLoadMesh: file_path: '3d/cow.off'
[14:08]   [ComfyUI] [SubprocessWorker] call_method: nodes.io.load_mesh.LoadMesh.EXECUTE_NORMALIZED
[14:08]   [ComfyUI] [SubprocessWorker] acquired lock, ensuring started...
[14:08]   [ComfyUI] [ComfyUI-GeometryPack] Health check: ping (timeout=5.0s)...
[14:08]   [ComfyUI] [ComfyUI-GeometryPack] Health check: ok
[14:08]   [ComfyUI] [SubprocessWorker] worker started/confirmed
[14:08]   [ComfyUI] [SubprocessWorker] serializing kwargs to shm...
[14:08]   [ComfyUI] [SubprocessWorker] created 0 shm blocks
[14:08]   [ComfyUI] [SubprocessWorker] sending request via socket...
[14:08]   [ComfyUI] [SubprocessWorker] call_id=161 sending call_method
[14:08]   [ComfyUI] [worker:ComfyUI-GeometryPack] INFO: Found mesh in input folder: 3d/cow.off
[14:08]   [ComfyUI] [worker:ComfyUI-GeometryPack] INFO: Loading: D:\a\comfy-gpu-ci\comfy-gpu-ci\test_workspaces\GeometryPack-0031\ComfyUI\input\3d/cow.off
[14:08]   [ComfyUI] [worker:ComfyUI-GeometryPack] INFO: Initial mesh: 2761 vertices, 5520 faces
[14:08]   [ComfyUI] [worker:ComfyUI-GeometryPack] INFO: Successfully loaded: 2761 vertices, 5520 faces
[14:08]   [ComfyUI] [worker:ComfyUI-GeometryPack] INFO: Loaded: 2761 vertices, 5520 faces
[14:08]   [ComfyUI] [SubprocessWorker] got response: ok
[14:08]   [ComfyUI] [comfy-env] GeomPackLoadMesh done (0.32s): result: NodeOutput
[14:08]   [ComfyUI] [comfy-env] Running GeomPackSmoothMesh: backend: dict, trimesh: Trimesh
[14:08]   [ComfyUI] [SubprocessWorker] call_method: nodes.smoothing.smooth.SmoothMeshNode.EXECUTE_NORMALIZED
[14:08]   [ComfyUI] [SubprocessWorker] acquired lock, ensuring started...
[14:08]   [ComfyUI] [ComfyUI-GeometryPack] Health check: ping (timeout=5.0s)...
[14:08]   [ComfyUI] [ComfyUI-GeometryPack] Health check: ok
[14:08]   [ComfyUI] [SubprocessWorker] worker started/confirmed
[14:08]   [ComfyUI] [SubprocessWorker] serializing kwargs to shm...
[14:08]   [ComfyUI] [SubprocessWorker] created 1 shm blocks
[14:08]   [ComfyUI] [SubprocessWorker] sending request via socket...
[14:08]   [ComfyUI] [SubprocessWorker] call_id=162 sending call_method
[14:08]   [ComfyUI] [worker:ComfyUI-GeometryPack] INFO: Smooth dispatch: laplacian -> GeomPackSmooth_Laplacian
[14:09]   [ComfyUI] [SubprocessWorker] got response: ok
[14:09]   [ComfyUI] [comfy-env] GeomPackSmoothMesh done (0.34s): result: NodeOutput
[14:09]   [ComfyUI] [comfy-env] Running GeomPackSmoothMesh: backend: dict, trimesh: Trimesh
[14:09]   [ComfyUI] [SubprocessWorker] call_method: nodes.smoothing.smooth.SmoothMeshNode.EXECUTE_NORMALIZED
[14:09]   [ComfyUI] [SubprocessWorker] acquired lock, ensuring started...
[14:09]   [ComfyUI] [ComfyUI-GeometryPack] Health check: ping (timeout=5.0s)...
[14:09]   [ComfyUI] [ComfyUI-GeometryPack] Health check: ok
[14:09]   [ComfyUI] [SubprocessWorker] worker started/confirmed
[14:09]   [ComfyUI] [SubprocessWorker] serializing kwargs to shm...
[14:09]   [ComfyUI] [SubprocessWorker] created 1 shm blocks
[14:09]   [ComfyUI] [SubprocessWorker] sending request via socket...
[14:09]   [ComfyUI] [SubprocessWorker] call_id=163 sending call_method
[14:09]   [ComfyUI] [worker:ComfyUI-GeometryPack] INFO: Smooth dispatch: trimesh_laplacian -> GeomPackSmooth_TrimeshLaplacian
[14:09]   [ComfyUI] [SubprocessWorker] got response: ok
[14:09]   [ComfyUI] [comfy-env] GeomPackSmoothMesh done (0.31s): result: NodeOutput
[14:09]   [ComfyUI] [comfy-env] Running GeomPackSmoothMesh: backend: dict, trimesh: Trimesh
[14:09]   [ComfyUI] [SubprocessWorker] call_method: nodes.smoothing.smooth.SmoothMeshNode.EXECUTE_NORMALIZED
[14:09]   [ComfyUI] [SubprocessWorker] acquired lock, ensuring started...
[14:09]   [ComfyUI] [ComfyUI-GeometryPack] Health check: ping (timeout=5.0s)...
[14:09]   [ComfyUI] [ComfyUI-GeometryPack] Health check: ok
[14:09]   [ComfyUI] [SubprocessWorker] worker started/confirmed
[14:09]   [ComfyUI] [SubprocessWorker] serializing kwargs to shm...
[14:09]   [ComfyUI] [SubprocessWorker] created 1 shm blocks
[14:09]   [ComfyUI] [SubprocessWorker] sending request via socket...
[14:09]   [ComfyUI] [SubprocessWorker] call_id=164 sending call_method
[14:09]   [ComfyUI] [worker:ComfyUI-GeometryPack] INFO: Smooth dispatch: trimesh_taubin -> GeomPackSmooth_TrimeshTaubin
[14:09]   [ComfyUI] [SubprocessWorker] got response: ok
[14:09]   [ComfyUI] [comfy-env] GeomPackSmoothMesh done (0.30s): result: NodeOutput
[14:09]   [ComfyUI] [comfy-env] Running GeomPackSmoothMesh: backend: dict, trimesh: Trimesh
[14:09]   [ComfyUI] [SubprocessWorker] call_method: nodes.smoothing.smooth.SmoothMeshNode.EXECUTE_NORMALIZED
[14:09]   [ComfyUI] [SubprocessWorker] acquired lock, ensuring started...
[14:09]   [ComfyUI] [ComfyUI-GeometryPack] Health check: ping (timeout=5.0s)...
[14:09]   [ComfyUI] [ComfyUI-GeometryPack] Health check: ok
[14:09]   [ComfyUI] [SubprocessWorker] worker started/confirmed
[14:09]   [ComfyUI] [SubprocessWorker] serializing kwargs to shm...
[14:09]   [ComfyUI] [SubprocessWorker] created 1 shm blocks
[14:09]   [ComfyUI] [SubprocessWorker] sending request via socket...
[14:09]   [ComfyUI] [SubprocessWorker] call_id=165 sending call_method
[14:09]   [ComfyUI] [worker:ComfyUI-GeometryPack] INFO: Smooth dispatch: hc_laplacian -> GeomPackSmooth_HCLaplacian
[14:10]   [ComfyUI] [SubprocessWorker] got response: ok
[14:10]   [ComfyUI] [comfy-env] GeomPackSmoothMesh done (0.34s): result: NodeOutput
[14:10]   [ComfyUI] [comfy-env] Running GeomPackSmoothMesh: backend: dict, trimesh: Trimesh
[14:10]   [ComfyUI] [SubprocessWorker] call_method: nodes.smoothing.smooth.SmoothMeshNode.EXECUTE_NORMALIZED
[14:10]   [ComfyUI] [SubprocessWorker] acquired lock, ensuring started...
[14:10]   [ComfyUI] [ComfyUI-GeometryPack] Health check: ping (timeout=5.0s)...
[14:10]   [ComfyUI] [ComfyUI-GeometryPack] Health check: ok
[14:10]   [ComfyUI] [SubprocessWorker] worker started/confirmed
[14:10]   [ComfyUI] [SubprocessWorker] serializing kwargs to shm...
[14:10]   [ComfyUI] [SubprocessWorker] created 1 shm blocks
[14:10]   [ComfyUI] [SubprocessWorker] sending request via socket...
[14:10]   [ComfyUI] [SubprocessWorker] call_id=166 sending call_method
[14:10]   [ComfyUI] [worker:ComfyUI-GeometryPack] INFO: Smooth dispatch: taubin -> GeomPackSmooth_Taubin
[14:10]   [ComfyUI] [SubprocessWorker] got response: ok
[14:10]   [ComfyUI] [comfy-env] GeomPackSmoothMesh done (0.32s): result: NodeOutput
[14:10]   [ComfyUI] [comfy-env] Running GeomPackSmooth_Laplacian: trimesh: Trimesh, iterations: 5, cotangent_weight: 'true'
[14:10]   [ComfyUI] [SubprocessWorker] call_method: nodes.smoothing.smooth_backends.laplacian.SmoothLaplacianNode.EXECUTE_NORMALIZED
[14:10]   [ComfyUI] [SubprocessWorker] acquired lock, ensuring started...
[14:10]   [ComfyUI] [ComfyUI-GeometryPack] Health check: ping (timeout=5.0s)...
[14:10]   [ComfyUI] [ComfyUI-GeometryPack] Health check: ok
[14:10]   [ComfyUI] [SubprocessWorker] worker started/confirmed
[14:10]   [ComfyUI] [SubprocessWorker] serializing kwargs to shm...
[14:10]   [ComfyUI] [SubprocessWorker] created 1 shm blocks
[14:10]   [ComfyUI] [SubprocessWorker] sending request via socket...
[14:10]   [ComfyUI] [SubprocessWorker] call_id=167 sending call_method
[14:10]   [ComfyUI] [worker:ComfyUI-GeometryPack] INFO: Backend: laplacian
[14:10]   [ComfyUI] [worker:ComfyUI-GeometryPack] INFO: Input: 2761 vertices, 5520 faces
[14:10]   [ComfyUI] [worker:ComfyUI-GeometryPack] INFO: Parameters: iterations=5, cotangent_weight=True
[14:10]   [ComfyUI] [worker:ComfyUI-GeometryPack] INFO: Output: 2761 vertices, 5520 faces
[14:10]   [ComfyUI] [worker:ComfyUI-GeometryPack] INFO: Avg vertex displacement: 0.005665, max: 0.030324
[14:10]   Frame 2 saved (frame_001.jpg, t=2.3s)
[14:10]   [capture-periodic] freeze=3ms shot=111ms unfreeze=5ms saved=True
[14:10]   [ComfyUI] [SubprocessWorker] got response: ok
[14:10]   [ComfyUI] [comfy-env] GeomPackSmooth_Laplacian done (0.37s): result: NodeOutput
[14:10]   [ComfyUI] [comfy-env] Running GeomPackSmooth_TrimeshLaplacian: trimesh: Trimesh, iterations: 7, lambda_: 0.5
[14:10]   [ComfyUI] [SubprocessWorker] call_method: nodes.smoothing.smooth_backends.trimesh_laplacian.SmoothTrimeshLaplacianNode.EXECUTE_NORMALIZED
[14:10]   [ComfyUI] [SubprocessWorker] acquired lock, ensuring started...
[14:10]   [ComfyUI] [ComfyUI-GeometryPack] Health check: ping (timeout=5.0s)...
[14:10]   [ComfyUI] [ComfyUI-GeometryPack] Health check: ok
[14:10]   [ComfyUI] [SubprocessWorker] worker started/confirmed
[14:10]   [ComfyUI] [SubprocessWorker] serializing kwargs to shm...
[14:10]   [ComfyUI] [SubprocessWorker] created 1 shm blocks
[14:10]   [ComfyUI] [SubprocessWorker] sending request via socket...
[14:10]   [ComfyUI] [SubprocessWorker] call_id=168 sending call_method
[14:10]   Node executed (1 total), capturing...
[14:10]   [ComfyUI] [worker:ComfyUI-GeometryPack] INFO: Backend: trimesh_laplacian
[14:10]   [ComfyUI] [worker:ComfyUI-GeometryPack] INFO: Input: 2761 vertices, 5520 faces
[14:10]   [ComfyUI] [worker:ComfyUI-GeometryPack] INFO: Parameters: iterations=7, lambda=0.500
[14:11]   [ComfyUI] [worker:ComfyUI-GeometryPack] INFO: Output: 2761 vertices, 5520 faces
[14:11]   [ComfyUI] [worker:ComfyUI-GeometryPack] INFO: Avg vertex displacement: 0.013786, max: 0.047123
[14:11]   [ComfyUI] [SubprocessWorker] got response: ok
[14:11]   [ComfyUI] [comfy-env] GeomPackSmooth_TrimeshLaplacian done (0.39s): result: NodeOutput
[14:11]   [ComfyUI] [comfy-env] Running GeomPackSmooth_TrimeshTaubin: trimesh: Trimesh, iterations: 10, lambda_: 0.6, mu: -0.53
[14:11]   [ComfyUI] [SubprocessWorker] call_method: nodes.smoothing.smooth_backends.trimesh_taubin.SmoothTrimeshTaubinNode.EXECUTE_NORMALIZED
[14:11]   [ComfyUI] [SubprocessWorker] acquired lock, ensuring started...
[14:11]   [ComfyUI] [ComfyUI-GeometryPack] Health check: ping (timeout=5.0s)...
[14:11]   Frame 3 saved (frame_002.jpg, t=2.7s)
[14:11]   [capture-node] freeze=4ms shot=101ms unfreeze=5ms saved=True
[14:11]   [ComfyUI] [ComfyUI-GeometryPack] Health check: ok
[14:11]   [ComfyUI] [SubprocessWorker] worker started/confirmed
[14:11]   [ComfyUI] [SubprocessWorker] serializing kwargs to shm...
[14:11]   [ComfyUI] [SubprocessWorker] created 1 shm blocks
[14:11]   [ComfyUI] [SubprocessWorker] sending request via socket...
[14:11]   [ComfyUI] [SubprocessWorker] call_id=169 sending call_method
[14:11]   Node executed (2 total), capturing...
[14:11]   [ComfyUI] [worker:ComfyUI-GeometryPack] INFO: Backend: trimesh_taubin
[14:11]   [ComfyUI] [worker:ComfyUI-GeometryPack] INFO: Input: 2761 vertices, 5520 faces
[14:11]   [ComfyUI] [worker:ComfyUI-GeometryPack] INFO: Parameters: iterations=10, lambda=0.600, mu=-0.530
[14:11]   [ComfyUI] [worker:ComfyUI-GeometryPack] INFO: Output: 2761 vertices, 5520 faces
[14:11]   [ComfyUI] [worker:ComfyUI-GeometryPack] INFO: Avg vertex displacement: 0.013246, max: 0.069047
[14:11]   Frame 4 saved (frame_003.jpg, t=3.1s)
[14:11]   [capture-node] freeze=4ms shot=89ms unfreeze=4ms saved=True
[14:11]   [ComfyUI] [SubprocessWorker] got response: ok
[14:11]   [ComfyUI] [comfy-env] GeomPackSmooth_TrimeshTaubin done (0.40s): result: NodeOutput
[14:11]   [ComfyUI] [comfy-env] Running GeomPackPreviewMeshMulti: mode: 'fields', mesh_1: Trimesh, mesh_2: Trimesh
[14:11]   [ComfyUI] [SubprocessWorker] call_method: nodes.visualization.preview_mesh_multi.PreviewMeshMultiNode.EXECUTE_NORMALIZED
[14:11]   [ComfyUI] [SubprocessWorker] acquired lock, ensuring started...
[14:11]   [ComfyUI] [ComfyUI-GeometryPack] Health check: ping (timeout=5.0s)...
[14:11]   [ComfyUI] [ComfyUI-GeometryPack] Health check: ok
[14:11]   [ComfyUI] [SubprocessWorker] worker started/confirmed
[14:11]   [ComfyUI] [SubprocessWorker] serializing kwargs to shm...
[14:11]   [ComfyUI] [SubprocessWorker] created 2 shm blocks
[14:11]   [ComfyUI] [SubprocessWorker] sending request via socket...
[14:11]   [ComfyUI] [SubprocessWorker] call_id=170 sending call_method
[14:11]   Node executed (3 total), capturing...
[14:11]   [ComfyUI] [worker:ComfyUI-GeometryPack] INFO: Mode: fields, Meshes: 2
[14:11]   [ComfyUI] [worker:ComfyUI-GeometryPack] INFO: Mesh 1: Mesh - 2761 vertices, 5520 faces
[14:11]   [ComfyUI] [worker:ComfyUI-GeometryPack] INFO: Exporting mesh to VTP: D:\a\comfy-gpu-ci\comfy-gpu-ci\test_workspaces\GeometryPack-0031\ComfyUI\output\preview_multi_1_be017dda.vtp
[14:11]   [ComfyUI] [worker:ComfyUI-GeometryPack] INFO: Adding normals field (2761 vertices)
[14:11]   Frame 5 saved (frame_004.jpg, t=3.5s)
[14:11]   [capture-node] freeze=4ms shot=94ms unfreeze=6ms saved=True
[14:11]   [ComfyUI] [worker:ComfyUI-GeometryPack] INFO: Export complete: 2761 vertices, 5520 faces
[14:11]   [ComfyUI] [worker:ComfyUI-GeometryPack] INFO: Exported VTP: D:\a\comfy-gpu-ci\comfy-gpu-ci\test_workspaces\GeometryPack-0031\ComfyUI\output\preview_multi_1_be017dda.vtp
[14:11]   [ComfyUI] [worker:ComfyUI-GeometryPack] INFO: Mesh 2: Mesh - 2761 vertices, 5520 faces
[14:11]   [ComfyUI] [worker:ComfyUI-GeometryPack] INFO: Exporting mesh to VTP: D:\a\comfy-gpu-ci\comfy-gpu-ci\test_workspaces\GeometryPack-0031\ComfyUI\output\preview_multi_2_be017dda.vtp
[14:11]   [ComfyUI] [worker:ComfyUI-GeometryPack] INFO: Adding normals field (2761 vertices)
[14:11]   [ComfyUI] [worker:ComfyUI-GeometryPack] INFO: Export complete: 2761 vertices, 5520 faces
[14:12]   [ComfyUI] [worker:ComfyUI-GeometryPack] INFO: Exported VTP: D:\a\comfy-gpu-ci\comfy-gpu-ci\test_workspaces\GeometryPack-0031\ComfyUI\output\preview_multi_2_be017dda.vtp
[14:12]   [ComfyUI] [worker:ComfyUI-GeometryPack] INFO: Grid: 2x1, Preview ready
[14:12]   [ComfyUI] [SubprocessWorker] got response: ok
[14:12]   [ComfyUI] [comfy-env] GeomPackPreviewMeshMulti done (0.58s): result: NodeOutput
[14:12]   [ComfyUI] [comfy-env] Running GeomPackSmooth_HCLaplacian: trimesh: Trimesh
[14:12]   [ComfyUI] [SubprocessWorker] call_method: nodes.smoothing.smooth_backends.hc_laplacian.SmoothHCLaplacianNode.EXECUTE_NORMALIZED
[14:12]   [ComfyUI] [SubprocessWorker] acquired lock, ensuring started...
[14:12]   [ComfyUI] [ComfyUI-GeometryPack] Health check: ping (timeout=5.0s)...
[14:12]   [ComfyUI] [ComfyUI-GeometryPack] Health check: ok
[14:12]   [ComfyUI] [SubprocessWorker] worker started/confirmed
[14:12]   [ComfyUI] [SubprocessWorker] serializing kwargs to shm...
[14:12]   [ComfyUI] [SubprocessWorker] created 1 shm blocks
[14:12]   [ComfyUI] [SubprocessWorker] sending request via socket...
[14:12]   [ComfyUI] [SubprocessWorker] call_id=171 sending call_method
[14:12]   Node executed (4 total), capturing...
[14:12]   [ComfyUI] [worker:ComfyUI-GeometryPack] INFO: Backend: hc_laplacian
[14:12]   [ComfyUI] [worker:ComfyUI-GeometryPack] INFO: Input: 2761 vertices, 5520 faces
[14:12]   [ComfyUI] [worker:ComfyUI-GeometryPack] INFO: Output: 2761 vertices, 5520 faces
[14:12]   [ComfyUI] [worker:ComfyUI-GeometryPack] INFO: Avg vertex displacement: 0.003891, max: 0.020931
[14:12]   [ComfyUI] [SubprocessWorker] got response: ok
[14:12]   [ComfyUI] [comfy-env] GeomPackSmooth_HCLaplacian done (0.33s): result: NodeOutput
[14:12]   [ComfyUI] [comfy-env] Running GeomPackSmooth_Taubin: trimesh: Trimesh, iterations: 5, lambda_: 0.5, mu: -0.53
[14:12]   [ComfyUI] [SubprocessWorker] call_method: nodes.smoothing.smooth_backends.taubin.SmoothTaubinNode.EXECUTE_NORMALIZED
[14:12]   [ComfyUI] [SubprocessWorker] acquired lock, ensuring started...
[14:12]   [ComfyUI] [ComfyUI-GeometryPack] Health check: ping (timeout=5.0s)...
[14:12]   [ComfyUI] [ComfyUI-GeometryPack] Health check: ok
[14:12]   [ComfyUI] [SubprocessWorker] worker started/confirmed
[14:12]   [ComfyUI] [SubprocessWorker] serializing kwargs to shm...
[14:12]   [ComfyUI] [SubprocessWorker] created 1 shm blocks
[14:12]   [ComfyUI] [SubprocessWorker] sending request via socket...
[14:12]   [ComfyUI] [SubprocessWorker] call_id=172 sending call_method
[14:12]   Frame 6 saved (frame_005.jpg, t=4.0s)
[14:12]   [capture-node] freeze=128ms shot=224ms unfreeze=9ms saved=True
[14:12]   [ComfyUI] [worker:ComfyUI-GeometryPack] INFO: Backend: taubin
[14:12]   [ComfyUI] [worker:ComfyUI-GeometryPack] INFO: Input: 2761 vertices, 5520 faces
[14:12]   [ComfyUI] [worker:ComfyUI-GeometryPack] INFO: Parameters: iterations=5, lambda=0.500, mu=-0.530
[14:12]   Node executed (5 total), capturing...
[14:12]   [ComfyUI] [worker:ComfyUI-GeometryPack] INFO: Output: 2761 vertices, 5520 faces
[14:12]   [ComfyUI] [worker:ComfyUI-GeometryPack] INFO: Avg vertex displacement: 0.003815, max: 0.025956
[14:12]   [ComfyUI] [SubprocessWorker] got response: ok
[14:12]   [ComfyUI] [comfy-env] GeomPackSmooth_Taubin done (0.46s): result: NodeOutput
[14:12]   [ComfyUI] [comfy-env] Running GeomPackPreviewMeshMulti: mode: 'fields', mesh_1: Trimesh, mesh_2: Trimesh, mesh_3: Trimesh, mesh_4: Trimesh
[14:12]   [ComfyUI] [SubprocessWorker] call_method: nodes.visualization.preview_mesh_multi.PreviewMeshMultiNode.EXECUTE_NORMALIZED
[14:12]   [ComfyUI] [SubprocessWorker] acquired lock, ensuring started...
[14:12]   [ComfyUI] [ComfyUI-GeometryPack] Health check: ping (timeout=5.0s)...
[14:12]   [ComfyUI] [ComfyUI-GeometryPack] Health check: ok
[14:12]   [ComfyUI] [SubprocessWorker] worker started/confirmed
[14:12]   [ComfyUI] [SubprocessWorker] serializing kwargs to shm...
[14:12]   [ComfyUI] [SubprocessWorker] created 4 shm blocks
[14:12]   [ComfyUI] [SubprocessWorker] sending request via socket...
[14:12]   [ComfyUI] [SubprocessWorker] call_id=173 sending call_method
[14:13]   Frame 7 saved (frame_006.jpg, t=4.7s)
[14:13]   [capture-node] freeze=5ms shot=112ms unfreeze=6ms saved=True
[14:13]   Node executed (6 total), capturing...
[14:13]   [ComfyUI] [worker:ComfyUI-GeometryPack] INFO: Mode: fields, Meshes: 4
[14:13]   [ComfyUI] [worker:ComfyUI-GeometryPack] INFO: Mesh 1: Mesh - 2761 vertices, 5520 faces
[14:13]   [ComfyUI] [worker:ComfyUI-GeometryPack] INFO: Exporting mesh to VTP: D:\a\comfy-gpu-ci\comfy-gpu-ci\test_workspaces\GeometryPack-0031\ComfyUI\output\preview_multi_1_87af39cd.vtp
[14:13]   [ComfyUI] [worker:ComfyUI-GeometryPack] INFO: Adding normals field (2761 vertices)
[14:13]   [ComfyUI] [worker:ComfyUI-GeometryPack] INFO: Export complete: 2761 vertices, 5520 faces
[14:13]   [ComfyUI] [worker:ComfyUI-GeometryPack] INFO: Exported VTP: D:\a\comfy-gpu-ci\comfy-gpu-ci\test_workspaces\GeometryPack-0031\ComfyUI\output\preview_multi_1_87af39cd.vtp
[14:13]   [ComfyUI] [worker:ComfyUI-GeometryPack] INFO: Mesh 2: Mesh - 2761 vertices, 5520 faces
[14:13]   [ComfyUI] [worker:ComfyUI-GeometryPack] INFO: Exporting mesh to VTP: D:\a\comfy-gpu-ci\comfy-gpu-ci\test_workspaces\GeometryPack-0031\ComfyUI\output\preview_multi_2_87af39cd.vtp
[14:13]   [ComfyUI] [worker:ComfyUI-GeometryPack] INFO: Adding normals field (2761 vertices)
[14:13]   [ComfyUI] [worker:ComfyUI-GeometryPack] INFO: Export complete: 2761 vertices, 5520 faces
[14:13]   [ComfyUI] [worker:ComfyUI-GeometryPack] INFO: Exported VTP: D:\a\comfy-gpu-ci\comfy-gpu-ci\test_workspaces\GeometryPack-0031\ComfyUI\output\preview_multi_2_87af39cd.vtp
[14:13]   [ComfyUI] [worker:ComfyUI-GeometryPack] INFO: Mesh 3: Mesh - 2761 vertices, 5520 faces
[14:13]   [ComfyUI] [worker:ComfyUI-GeometryPack] INFO: Exporting mesh to VTP: D:\a\comfy-gpu-ci\comfy-gpu-ci\test_workspaces\GeometryPack-0031\ComfyUI\output\preview_multi_3_87af39cd.vtp
[14:13]   [ComfyUI] [worker:ComfyUI-GeometryPack] INFO: Adding normals field (2761 vertices)
[14:13]   Frame 8 saved (frame_007.jpg, t=5.1s)
[14:13]   [capture-node] freeze=4ms shot=121ms unfreeze=6ms saved=True
[14:13]   [ComfyUI] [worker:ComfyUI-GeometryPack] INFO: Export complete: 2761 vertices, 5520 faces
[14:13]   [ComfyUI] [worker:ComfyUI-GeometryPack] INFO: Exported VTP: D:\a\comfy-gpu-ci\comfy-gpu-ci\test_workspaces\GeometryPack-0031\ComfyUI\output\preview_multi_3_87af39cd.vtp
[14:13]   [ComfyUI] [worker:ComfyUI-GeometryPack] INFO: Mesh 4: Mesh - 2761 vertices, 5520 faces
[14:13]   [ComfyUI] [worker:ComfyUI-GeometryPack] INFO: Exporting mesh to VTP: D:\a\comfy-gpu-ci\comfy-gpu-ci\test_workspaces\GeometryPack-0031\ComfyUI\output\preview_multi_4_87af39cd.vtp
[14:13]   [ComfyUI] [worker:ComfyUI-GeometryPack] INFO: Adding normals field (2761 vertices)
[14:13]   [ComfyUI] [worker:ComfyUI-GeometryPack] INFO: Export complete: 2761 vertices, 5520 faces
[14:13]   [ComfyUI] [worker:ComfyUI-GeometryPack] INFO: Exported VTP: D:\a\comfy-gpu-ci\comfy-gpu-ci\test_workspaces\GeometryPack-0031\ComfyUI\output\preview_multi_4_87af39cd.vtp
[14:13]   [ComfyUI] [worker:ComfyUI-GeometryPack] INFO: Grid: 2x2, Preview ready
[14:13]   [ComfyUI] [SubprocessWorker] got response: ok
[14:13]   [ComfyUI] [comfy-env] GeomPackPreviewMeshMulti done (0.88s): result: NodeOutput
[14:13]   [ComfyUI] Prompt executed in 5.36 seconds
[14:13]   Node executed (7 total), capturing...
[14:14]   Frame 9 saved (frame_008.jpg, t=5.8s)
[14:14]   [capture-node] freeze=7ms shot=602ms unfreeze=0ms saved=True
[14:14]   Execution complete (t=5.8s)
[14:14]   Captured 9 unique frames over 6.4s
[14:14]   [debug] iframes: 2
[14:14]   [debug]   iframe[0]: src=http://127.0.0.1:41890/extensions/ComfyUI-GeometryPack/viewer_multi.html?v=17784, canvas=368x393, rafFrozen=True
[14:14]   [debug]   iframe[1]: src=http://127.0.0.1:41890/extensions/ComfyUI-GeometryPack/viewer_multi.html?v=17784, canvas=368x195, rafFrozen=True
[14:14]   [timing] trigger_3d_previews: 0.0s
[14:17]   Saved high-quality screenshot: smooth_all_executed.png
[14:17]   [timing] final_screenshot: 0.5s
[14:17] Capturing execution frames: surface_reconstruction.json
[14:23]   Frame 1 saved (frame_000.jpg, t=0.0s)
[14:23]   Validating workflow...
[14:23]   [ComfyUI] === /validate endpoint called ===
[14:23]   [ComfyUI] Received JSON with keys: ['prompt']
[14:23]   [ComfyUI] Prompt has 4 nodes
[14:23]   [ComfyUI]   Node 20: GeomPackLoadMesh
[14:23]   [ComfyUI]     Inputs: {"file_path": "3d/Stanford_Bunny.stl"}
[14:23]   [ComfyUI]   Node 21: GeomPackMeshToPointCloud
[14:23]   [ComfyUI]     Inputs: {"mode": "surface_sampling", "sample_count": 10000, "sampling_method": "uniform", "include_normals": "true", "trimesh": ["20", 0]}
[14:23]   Queuing workflow for execution...
[14:23]   [ComfyUI]   Node 22: GeomPackReconstructSurface
[14:23]   [ComfyUI]     Inputs: {"backend": "poisson", "backend.poisson_depth": 8, "backend.poisson_scale": 1.1, "backend.estimate_normals": "true", "backend.normal_radius": 0.1, "report_panel": "false", "points": ["21", 0]}
[14:23]   [ComfyUI]   Node 28: GeomPackPreviewMeshDual
[14:23]   [ComfyUI]     Inputs: {"layout": "side_by_side", "mode": "fields", "opacity_1": 1, "opacity_2": 1, "preview_dual": "{\"show_edges\":true,\"camera_state\":\"\",\"selected_field\":\"\",\"selected_channel\":\"magnitude\",\"se
[14:23]   [ComfyUI] Generated prompt_id: c6117c10-cef0-497b-aa4a-9905e9ba5838
[14:23]   [ComfyUI] Calling execution.validate_prompt()...
[14:23]   [ComfyUI] Validation result: valid=True
[14:23]   [ComfyUI] === Validation PASSED ===
[14:23]   [ComfyUI] got prompt
[14:23]   [ComfyUI] [comfy-env] Running GeomPackLoadMesh: file_path: '3d/Stanford_Bunny.stl'
[14:23]   [ComfyUI] [SubprocessWorker] call_method: nodes.io.load_mesh.LoadMesh.EXECUTE_NORMALIZED
[14:23]   [ComfyUI] [SubprocessWorker] acquired lock, ensuring started...
[14:23]   [ComfyUI] [ComfyUI-GeometryPack] Health check: ping (timeout=5.0s)...
[14:23]   [ComfyUI] [ComfyUI-GeometryPack] Health check: failed
[14:23]   [ComfyUI] [ComfyUI-GeometryPack] Socket unhealthy, restarting worker...
[14:23]   [ComfyUI] [comfy-env] geometrypack-nodes: Library/bin has 609 DLLs
[14:23]   [ComfyUI] [ComfyUI-GeometryPack] python: C:\ce\.pixi\envs\geometrypack-nodes\python.exe
[14:23]   [ComfyUI] [ComfyUI-GeometryPack] sys_path sent to worker: ['D:\\a\\comfy-gpu-ci\\comfy-gpu-ci\\test_workspaces\\GeometryPack-0031\\ComfyUI', 'D:\\a\\comfy-gpu-ci\\comfy-gpu-ci\\test_workspaces\\GeometryPack-0031\\ComfyUI\\custom_nodes\\ComfyUI-GeometryPack', 'C:\\ce\\.pixi\\envs\\geometrypack-nodes\\Lib\\site-packages', 'D:\\a\\comfy-gpu-ci\\comfy-gpu-ci\\test_workspaces\\GeometryPack-0031\\ComfyUI\\custom_nodes\\ComfyUI-GeometryPack']
[14:23]   [ComfyUI] [SubprocessWorker] is_pixi=True, python=C:\ce\.pixi\envs\geometrypack-nodes\python.exe
[14:23]   [ComfyUI] [SubprocessWorker] launching cmd=['C:\\Users\\runneradmin\\.pixi\\bin\\pixi.exe', 'run', '--as-is', '--manifest-path', 'C:\\ce\\pixi.toml', '-e', 'geometrypack-nodes', 'python', 'C:\\Users\\RUNNER~1\\AppData\\Local\\Temp\\comfyui_pvenv_2ige8rze\\persistent_worker.py', 'tcp://127.0.0.1:60493']...
[14:25]   Frame 2 saved (frame_001.jpg, t=2.2s)
[14:25]   [capture-periodic] freeze=4ms shot=81ms unfreeze=4ms saved=True
[14:25]   [ComfyUI] [worker:ComfyUI-GeometryPack] ERROR: Failed to import comfy_kitchen, Error: No module named 'comfy_kitchen', fp8 and fp4 support will not be available.
[14:25]   [ComfyUI] [SubprocessWorker] worker started/confirmed
[14:25]   [ComfyUI] [SubprocessWorker] serializing kwargs to shm...
[14:25]   [ComfyUI] [SubprocessWorker] created 0 shm blocks
[14:25]   [ComfyUI] [SubprocessWorker] sending request via socket...
[14:25]   [ComfyUI] [SubprocessWorker] call_id=174 sending call_method
[14:27]   [ComfyUI] [worker:ComfyUI-GeometryPack] INFO: Found mesh in input folder: 3d/Stanford_Bunny.stl
[14:27]   [ComfyUI] [worker:ComfyUI-GeometryPack] INFO: Loading: D:\a\comfy-gpu-ci\comfy-gpu-ci\test_workspaces\GeometryPack-0031\ComfyUI\input\3d/Stanford_Bunny.stl
[14:27]   [ComfyUI] [worker:ComfyUI-GeometryPack] INFO: Initial mesh: 56203 vertices, 112402 faces
[14:27]   [ComfyUI] [worker:ComfyUI-GeometryPack] INFO: Successfully loaded: 56203 vertices, 112402 faces
[14:27]   [ComfyUI] [worker:ComfyUI-GeometryPack] INFO: Loaded: 56203 vertices, 112402 faces
[14:27]   [ComfyUI] [SubprocessWorker] got response: ok
[14:27]   [ComfyUI] [comfy-env] GeomPackLoadMesh done (4.36s): result: NodeOutput
[14:27]   [ComfyUI] [comfy-env] Running GeomPackMeshToPointCloud: mode: 'surface_sampling', sample_count: 10000, sampling_method: 'uniform', include_normals: 'true', trimesh: Trimesh
[14:27]   [ComfyUI] [SubprocessWorker] call_method: nodes.conversion.mesh_to_pointcloud.MeshToPointCloudNode.EXECUTE_NORMALIZED
[14:27]   [ComfyUI] [SubprocessWorker] acquired lock, ensuring started...
[14:27]   [ComfyUI] [ComfyUI-GeometryPack] Health check: ping (timeout=5.0s)...
[14:27]   [ComfyUI] [ComfyUI-GeometryPack] Health check: ok
[14:27]   [ComfyUI] [SubprocessWorker] worker started/confirmed
[14:27]   [ComfyUI] [SubprocessWorker] serializing kwargs to shm...
[14:27]   [ComfyUI] [SubprocessWorker] created 1 shm blocks
[14:27]   [ComfyUI] [SubprocessWorker] sending request via socket...
[14:27]   [ComfyUI] [SubprocessWorker] call_id=175 sending call_method
[14:27]   Frame 3 saved (frame_002.jpg, t=4.4s)
[14:27]   [capture-periodic] freeze=5ms shot=104ms unfreeze=7ms saved=True
[14:28]   [ComfyUI] [worker:ComfyUI-GeometryPack] INFO: Sampling 10,000 points using uniform method
[14:28]   [ComfyUI] [worker:ComfyUI-GeometryPack] INFO: Generated point cloud with 10,000 points
[14:28]   [ComfyUI] [SubprocessWorker] got response: ok
[14:28]   [ComfyUI] [comfy-env] GeomPackMeshToPointCloud done (0.43s): result: NodeOutput
[14:28]   [ComfyUI] [comfy-env] Running GeomPackReconstructSurface: backend: dict, points: Trimesh
[14:28]   [ComfyUI] [SubprocessWorker] call_method: nodes.reconstruction.reconstruct_surface.ReconstructSurfaceNode.EXECUTE_NORMALIZED
[14:28]   [ComfyUI] [SubprocessWorker] acquired lock, ensuring started...
[14:28]   [ComfyUI] [ComfyUI-GeometryPack] Health check: ping (timeout=5.0s)...
[14:28]   [ComfyUI] [ComfyUI-GeometryPack] Health check: ok
[14:28]   [ComfyUI] [SubprocessWorker] worker started/confirmed
[14:28]   [ComfyUI] [SubprocessWorker] serializing kwargs to shm...
[14:28]   [ComfyUI] [SubprocessWorker] created 1 shm blocks
[14:28]   [ComfyUI] [SubprocessWorker] sending request via socket...
[14:28]   [ComfyUI] [SubprocessWorker] call_id=176 sending call_method
[14:28]   [ComfyUI] [worker:ComfyUI-GeometryPack] INFO: Reconstruct dispatch: poisson -> GeomPackReconstruct_Poisson
[14:28]   [ComfyUI] [SubprocessWorker] got response: ok
[14:28]   [ComfyUI] [comfy-env] GeomPackReconstructSurface done (0.26s): result: NodeOutput
[14:28]   [ComfyUI] [comfy-env] Running GeomPackReconstruct_Poisson: points: Trimesh, poisson_depth: 8, poisson_scale: 1.1, estimate_normals: 'true', normal_radius: 0.1
[14:28]   [ComfyUI] [SubprocessWorker] call_method: nodes.reconstruction.backends.poisson.ReconstructPoissonNode.EXECUTE_NORMALIZED
[14:28]   [ComfyUI] [SubprocessWorker] acquired lock, ensuring started...
[14:28]   [ComfyUI] [ComfyUI-GeometryPack] Health check: ping (timeout=5.0s)...
[14:28]   [ComfyUI] [ComfyUI-GeometryPack] Health check: ok
[14:28]   [ComfyUI] [SubprocessWorker] worker started/confirmed
[14:28]   [ComfyUI] [SubprocessWorker] serializing kwargs to shm...
[14:28]   [ComfyUI] [SubprocessWorker] created 1 shm blocks
[14:28]   [ComfyUI] [SubprocessWorker] sending request via socket...
[14:28]   [ComfyUI] [SubprocessWorker] call_id=177 sending call_method
[14:28]   [ComfyUI] [worker:ComfyUI-GeometryPack] INFO: Backend: poisson
[14:28]   [ComfyUI] [worker:ComfyUI-GeometryPack] INFO: Using normals from input
[14:28]   [ComfyUI] [worker:ComfyUI-GeometryPack] INFO: Using PyMeshLab Poisson reconstruction...
[14:29]   [capture-loop] iter=50 t=5.9s state={'complete': False, 'error': None, 'executedCount': 0, 'wsState': 1} eval_ms=5 ram=5.1/16.0GB (32%) swap=0.5/2.9GB (17%) cpu=29% browser_rss=0.74GB
[14:30]   Frame 4 saved (frame_003.jpg, t=6.6s)
[14:30]   [capture-periodic] freeze=6ms shot=122ms unfreeze=11ms saved=True
[14:34]   [ComfyUI] [SubprocessWorker] got response: ok
[14:34]   [ComfyUI] [comfy-env] GeomPackReconstruct_Poisson done (6.27s): result: NodeOutput
[14:34]   [ComfyUI] [comfy-env] Running GeomPackPreviewMeshDual: layout: 'side_by_side', mode: 'fields', opacity_1: 1.0, opacity_2: 1.0, mesh_1: Trimesh, mesh_2: Trimesh
[14:34]   [ComfyUI] [SubprocessWorker] call_method: nodes.visualization.preview_mesh_dual.PreviewMeshDualNode.EXECUTE_NORMALIZED
[14:34]   [ComfyUI] [SubprocessWorker] acquired lock, ensuring started...
[14:34]   [ComfyUI] [ComfyUI-GeometryPack] Health check: ping (timeout=5.0s)...
[14:34]   [ComfyUI] [ComfyUI-GeometryPack] Health check: ok
[14:34]   [ComfyUI] [SubprocessWorker] worker started/confirmed
[14:34]   [ComfyUI] [SubprocessWorker] serializing kwargs to shm...
[14:34]   [ComfyUI] [SubprocessWorker] created 2 shm blocks
[14:34]   [ComfyUI] [SubprocessWorker] sending request via socket...
[14:34]   [ComfyUI] [SubprocessWorker] call_id=178 sending call_method
[14:34]   Node executed (1 total), capturing...
[14:34]   [ComfyUI] [worker:ComfyUI-GeometryPack] INFO: Layout: side_by_side, Mode: fields
[14:34]   [ComfyUI] [worker:ComfyUI-GeometryPack] INFO: Mesh 1: Mesh - 56203 vertices, 112402 faces
[14:34]   [ComfyUI] [worker:ComfyUI-GeometryPack] INFO: Mesh 2: Mesh - 43499 vertices, 87025 faces
[14:34]   [ComfyUI] [worker:ComfyUI-GeometryPack] INFO: Mesh 1 fields: ['face.stl']
[14:34]   [ComfyUI] [worker:ComfyUI-GeometryPack] INFO: Mesh 2 fields: []
[14:34]   [ComfyUI] [worker:ComfyUI-GeometryPack] INFO: Common fields: []
[14:34]   [ComfyUI] [worker:ComfyUI-GeometryPack] INFO: Mesh 1 visual: kind=None, texture=False, vertex_colors=False
[14:35]   [ComfyUI] [worker:ComfyUI-GeometryPack] INFO: Mesh 2 visual: kind=None, texture=False, vertex_colors=False
[14:35]   [ComfyUI] [worker:ComfyUI-GeometryPack] INFO: Exporting mesh to VTP: D:\a\comfy-gpu-ci\comfy-gpu-ci\test_workspaces\GeometryPack-0031\ComfyUI\output\preview_dual_1_aeb7fa69.vtp
[14:35]   Frame 5 saved (frame_004.jpg, t=11.7s)
[14:35]   [capture-node] freeze=5ms shot=91ms unfreeze=7ms saved=True
[14:35]   [ComfyUI] [worker:ComfyUI-GeometryPack] INFO: Adding normals field (56203 vertices)
[14:35]   [ComfyUI] [worker:ComfyUI-GeometryPack] INFO: Adding face field: stl
[14:35]   [ComfyUI] [worker:ComfyUI-GeometryPack] INFO: Export complete: 56203 vertices, 112402 faces
[14:35]   [capture-loop] iter=100 t=12.3s state={'complete': False, 'error': None, 'executedCount': 1, 'wsState': 1} eval_ms=6 ram=5.1/16.0GB (32%) swap=0.5/2.9GB (17%) cpu=68% browser_rss=0.64GB
[14:35]   [ComfyUI] [worker:ComfyUI-GeometryPack] INFO: Exported VTP with fields: D:\a\comfy-gpu-ci\comfy-gpu-ci\test_workspaces\GeometryPack-0031\ComfyUI\output\preview_dual_1_aeb7fa69.vtp
[14:35]   [ComfyUI] [worker:ComfyUI-GeometryPack] INFO: Exported STL: D:\a\comfy-gpu-ci\comfy-gpu-ci\test_workspaces\GeometryPack-0031\ComfyUI\output\preview_dual_2_aeb7fa69.stl
[14:35]   [ComfyUI] [worker:ComfyUI-GeometryPack] INFO: Preview ready
[14:35]   [ComfyUI] [SubprocessWorker] got response: ok
[14:35]   [ComfyUI] [comfy-env] GeomPackPreviewMeshDual done (1.07s): result: NodeOutput
[14:35]   [ComfyUI] Prompt executed in 12.40 seconds
[14:35]   Node executed (2 total), capturing...
[14:36]   Frame 6 saved (frame_005.jpg, t=12.8s)
[14:36]   [capture-node] freeze=6ms shot=117ms unfreeze=0ms saved=True
[14:36]   Execution complete (t=12.8s)
[14:36]   Captured 6 unique frames over 12.95s
[14:36]   [debug] iframes: 1
[14:36]   [debug]   iframe[0]: src=http://127.0.0.1:41890/extensions/ComfyUI-GeometryPack/viewer_dual.html?v=177846, canvas=0x0, rafFrozen=False
[14:36]   [timing] trigger_3d_previews: 0.0s
[14:38]   Saved high-quality screenshot: surface_reconstruction_executed.png
[14:38]   [timing] final_screenshot: 0.2s
[14:38] Capturing execution frames: test_loading.json
[14:45]   Frame 1 saved (frame_000.jpg, t=0.0s)
[14:45]   Validating workflow...
[14:45]   [ComfyUI] === /validate endpoint called ===
[14:45]   [ComfyUI] Received JSON with keys: ['prompt']
[14:45]   [ComfyUI] Prompt has 3 nodes
[14:45]   [ComfyUI]   Node 1: GeomPackLoadMeshBlend
[14:45]   [ComfyUI]     Inputs: {"file_path": "3d/coca_cola.blend", "report_panel": "false"}
[14:45]   [ComfyUI]   Node 2: GeomPackLoadMeshFBX
[14:45]   Queuing workflow for execution...
[14:45]   [ComfyUI]     Inputs: {"file_path": "3d/rigged_human.fbx", "report_panel": "false"}
[14:45]   [ComfyUI]   Node 3: GeomPackPreviewMeshDual
[14:45]   [ComfyUI]     Inputs: {"layout": "side_by_side", "mode": "fields", "opacity_1": 1, "opacity_2": 1, "preview_dual": "{\"show_edges\":false,\"camera_state\":\"\",\"selected_field\":\"\",\"selected_channel\":\"magnitude\",\"s
[14:45]   [ComfyUI] Generated prompt_id: effdbf8d-1571-4cbf-9291-afd45ee728ff
[14:45]   [ComfyUI] Calling execution.validate_prompt()...
[14:45]   [ComfyUI] Validation result: valid=True
[14:45]   [ComfyUI] === Validation PASSED ===
[14:45]   [ComfyUI] got prompt
[14:45]   [ComfyUI] [comfy-env] Running GeomPackLoadMeshBlend: file_path: '3d/coca_cola.blend'
[14:45]   [ComfyUI] [SubprocessWorker] call_method: nodes.blender_io.load_mesh_blend.LoadMeshBlend.EXECUTE_NORMALIZED
[14:45]   [ComfyUI] [SubprocessWorker] acquired lock, ensuring started...
[14:45]   [ComfyUI] [ComfyUI-GeometryPack] Health check: ping (timeout=5.0s)...
[14:45]   [ComfyUI] [ComfyUI-GeometryPack] Health check: ok
[14:45]   [ComfyUI] [SubprocessWorker] worker started/confirmed
[14:45]   [ComfyUI] [SubprocessWorker] serializing kwargs to shm...
[14:45]   [ComfyUI] [SubprocessWorker] created 0 shm blocks
[14:45]   [ComfyUI] [SubprocessWorker] sending request via socket...
[14:45]   [ComfyUI] [SubprocessWorker] call_id=179 sending call_method
[14:45]   [ComfyUI] [worker:ComfyUI-GeometryPack] INFO: Found .blend in input folder: 3d/coca_cola.blend
[14:45]   [ComfyUI] [worker:ComfyUI-GeometryPack] INFO: Loading via bpy: D:\a\comfy-gpu-ci\comfy-gpu-ci\test_workspaces\GeometryPack-0031\ComfyUI\input\3d/coca_cola.blend
[14:45]   [ComfyUI] [worker:ComfyUI-GeometryPack] INFO: Loaded: 36696 vertices, 73216 faces
[14:46]   [ComfyUI] [SubprocessWorker] got response: ok
[14:46]   [ComfyUI] [comfy-env] GeomPackLoadMeshBlend done (0.76s): result: NodeOutput
[14:46]   [ComfyUI] [comfy-env] Running GeomPackLoadMeshFBX: file_path: '3d/rigged_human.fbx'
[14:46]   [ComfyUI] [SubprocessWorker] call_method: nodes.blender_io.load_mesh_fbx.LoadMeshFBX.EXECUTE_NORMALIZED
[14:46]   [ComfyUI] [SubprocessWorker] acquired lock, ensuring started...
[14:46]   [ComfyUI] [ComfyUI-GeometryPack] Health check: ping (timeout=5.0s)...
[14:46]   [ComfyUI] [ComfyUI-GeometryPack] Health check: ok
[14:46]   [ComfyUI] [SubprocessWorker] worker started/confirmed
[14:46]   [ComfyUI] [SubprocessWorker] serializing kwargs to shm...
[14:46]   [ComfyUI] [SubprocessWorker] created 0 shm blocks
[14:46]   [ComfyUI] [SubprocessWorker] sending request via socket...
[14:46]   [ComfyUI] [SubprocessWorker] call_id=180 sending call_method
[14:46]   Node executed (1 total), capturing...
[14:46]   Frame 2 saved (frame_001.jpg, t=1.1s)
[14:46]   [capture-node] freeze=4ms shot=84ms unfreeze=6ms saved=True
[14:46]   [ComfyUI] [worker:ComfyUI-GeometryPack] INFO: Found FBX in input folder: 3d/rigged_human.fbx
[14:46]   [ComfyUI] [worker:ComfyUI-GeometryPack] INFO: Loading via bpy: D:\a\comfy-gpu-ci\comfy-gpu-ci\test_workspaces\GeometryPack-0031\ComfyUI\input\3d/rigged_human.fbx
[14:46]   [ComfyUI] [worker:ComfyUI-GeometryPack] FBX version: 7400
[14:47]   [ComfyUI] [worker:ComfyUI-GeometryPack] INFO: Loaded: 32327 vertices, 50000 faces
[14:47]   [ComfyUI] [SubprocessWorker] got response: ok
[14:47]   [ComfyUI] [comfy-env] GeomPackLoadMeshFBX done (1.40s): result: NodeOutput
[14:47]   [ComfyUI] [comfy-env] Running GeomPackPreviewMeshDual: layout: 'side_by_side', mode: 'fields', opacity_1: 1.0, opacity_2: 1.0, mesh_1: Trimesh, mesh_2: Trimesh
[14:47]   [ComfyUI] [SubprocessWorker] call_method: nodes.visualization.preview_mesh_dual.PreviewMeshDualNode.EXECUTE_NORMALIZED
[14:47]   [ComfyUI] [SubprocessWorker] acquired lock, ensuring started...
[14:47]   [ComfyUI] [ComfyUI-GeometryPack] Health check: ping (timeout=5.0s)...
[14:47]   [ComfyUI] [ComfyUI-GeometryPack] Health check: ok
[14:47]   [ComfyUI] [SubprocessWorker] worker started/confirmed
[14:47]   [ComfyUI] [SubprocessWorker] serializing kwargs to shm...
[14:47]   [ComfyUI] [SubprocessWorker] created 2 shm blocks
[14:47]   [ComfyUI] [SubprocessWorker] sending request via socket...
[14:47]   [ComfyUI] [SubprocessWorker] call_id=181 sending call_method
[14:47]   Node executed (2 total), capturing...
[14:47]   [ComfyUI] [worker:ComfyUI-GeometryPack] INFO: Layout: side_by_side, Mode: fields
[14:47]   [ComfyUI] [worker:ComfyUI-GeometryPack] INFO: Mesh 1: Mesh - 36696 vertices, 73216 faces
[14:47]   [ComfyUI] [worker:ComfyUI-GeometryPack] INFO: Mesh 2: Mesh - 32327 vertices, 50000 faces
[14:47]   [ComfyUI] [worker:ComfyUI-GeometryPack] INFO: Mesh 1 fields: []
[14:47]   [ComfyUI] [worker:ComfyUI-GeometryPack] INFO: Mesh 2 fields: []
[14:47]   [ComfyUI] [worker:ComfyUI-GeometryPack] INFO: Common fields: []
[14:47]   [ComfyUI] [worker:ComfyUI-GeometryPack] INFO: Mesh 1 visual: kind=None, texture=False, vertex_colors=False
[14:47]   Frame 3 saved (frame_002.jpg, t=2.5s)
[14:47]   [capture-node] freeze=4ms shot=89ms unfreeze=5ms saved=True
[14:47]   [ComfyUI] [worker:ComfyUI-GeometryPack] INFO: Mesh 2 visual: kind=None, texture=False, vertex_colors=False
[14:47]   [ComfyUI] [worker:ComfyUI-GeometryPack] INFO: Exported STL: D:\a\comfy-gpu-ci\comfy-gpu-ci\test_workspaces\GeometryPack-0031\ComfyUI\output\preview_dual_1_9b71db01.stl
[14:47]   [ComfyUI] [worker:ComfyUI-GeometryPack] INFO: Exported STL: D:\a\comfy-gpu-ci\comfy-gpu-ci\test_workspaces\GeometryPack-0031\ComfyUI\output\preview_dual_2_9b71db01.stl
[14:47]   [ComfyUI] [worker:ComfyUI-GeometryPack] INFO: Preview ready
[14:48]   [ComfyUI] [SubprocessWorker] got response: ok
[14:48]   [ComfyUI] [comfy-env] GeomPackPreviewMeshDual done (0.55s): result: NodeOutput
[14:48]   [ComfyUI] Prompt executed in 2.71 seconds
[14:48]   Node executed (3 total), capturing...
[14:48]   Frame 4 saved (frame_003.jpg, t=3.1s)
[14:48]   [capture-node] freeze=203ms shot=282ms unfreeze=0ms saved=True
[14:48]   Execution complete (t=3.1s)
[14:48]   Captured 4 unique frames over 3.62s
[14:48]   [debug] iframes: 1
[14:48]   [debug]   iframe[0]: src=http://127.0.0.1:41890/extensions/ComfyUI-GeometryPack/viewer_dual.html?v=177846, canvas=370x485, rafFrozen=True
[14:48]   [timing] trigger_3d_previews: 0.0s
[14:50]   Saved high-quality screenshot: test_loading_executed.png
[14:51]   [timing] final_screenshot: 0.2s
[14:51] Capturing execution frames: transform.json
[14:57]   Frame 1 saved (frame_000.jpg, t=0.0s)
[14:57]   Validating workflow...
[14:57]   [ComfyUI] === /validate endpoint called ===
[14:57]   [ComfyUI] Received JSON with keys: ['prompt']
[14:57]   [ComfyUI] Prompt has 3 nodes
[14:57]   [ComfyUI]   Node 2: GeomPackTransformMesh
[14:57]   [ComfyUI]     Inputs: {"operation": "translate", "operation.translate_x": 0.5, "operation.translate_y": 0.5, "operation.translate_z": 2, "report_panel": "false", "trimesh": ["5", 0]}
[14:57]   [ComfyUI]   Node 5: GeomPackCreatePrimitive
[14:57]   Queuing workflow for execution...
[14:57]   [ComfyUI]     Inputs: {"shape": "cube", "size": 1, "subdivisions": 2}
[14:57]   [ComfyUI]   Node 6: GeomPackPreviewMeshDual
[14:57]   [ComfyUI]     Inputs: {"layout": "overlay", "mode": "fields", "opacity_1": 1, "opacity_2": 1, "preview_dual": "{\"show_edges\":true,\"camera_state\":\"\",\"selected_field\":\"\",\"selected_channel\":\"magnitude\",\"selecte
[14:57]   [ComfyUI] Generated prompt_id: 0401b95e-b46f-4b33-90c7-f0d02e8371db
[14:57]   [ComfyUI] Calling execution.validate_prompt()...
[14:57]   [ComfyUI] Validation result: valid=True
[14:57]   [ComfyUI] === Validation PASSED ===
[14:57]   [ComfyUI] got prompt
[14:57]   [ComfyUI] [comfy-env] Running GeomPackCreatePrimitive: shape: 'cube', size: 1.0, subdivisions: 2
[14:57]   [ComfyUI] [SubprocessWorker] call_method: nodes.primitives.create_primitive.CreatePrimitive.EXECUTE_NORMALIZED
[14:57]   [ComfyUI] [SubprocessWorker] acquired lock, ensuring started...
[14:57]   [ComfyUI] [ComfyUI-GeometryPack] Health check: ping (timeout=5.0s)...
[14:57]   [ComfyUI] [ComfyUI-GeometryPack] Health check: ok
[14:57]   [ComfyUI] [SubprocessWorker] worker started/confirmed
[14:57]   [ComfyUI] [SubprocessWorker] serializing kwargs to shm...
[14:57]   [ComfyUI] [SubprocessWorker] created 0 shm blocks
[14:57]   [ComfyUI] [SubprocessWorker] sending request via socket...
[14:57]   [ComfyUI] [SubprocessWorker] call_id=182 sending call_method
[14:57]   [ComfyUI] [worker:ComfyUI-GeometryPack] INFO: Created cube: 8 vertices, 12 faces
[14:57]   [ComfyUI] [SubprocessWorker] got response: ok
[14:57]   [ComfyUI] [comfy-env] GeomPackCreatePrimitive done (0.28s): result: NodeOutput
[14:57]   [ComfyUI] [comfy-env] Running GeomPackTransformMesh: operation: dict, trimesh: Trimesh
[14:57]   [ComfyUI] [SubprocessWorker] call_method: nodes.transforms.transform.TransformMeshNode.EXECUTE_NORMALIZED
[14:57]   [ComfyUI] [SubprocessWorker] acquired lock, ensuring started...
[14:57]   [ComfyUI] [ComfyUI-GeometryPack] Health check: ping (timeout=5.0s)...
[14:57]   [ComfyUI] [ComfyUI-GeometryPack] Health check: ok
[14:57]   [ComfyUI] [SubprocessWorker] worker started/confirmed
[14:57]   [ComfyUI] [SubprocessWorker] serializing kwargs to shm...
[14:57]   [ComfyUI] [SubprocessWorker] created 1 shm blocks
[14:57]   [ComfyUI] [SubprocessWorker] sending request via socket...
[14:57]   [ComfyUI] [SubprocessWorker] call_id=183 sending call_method
[14:57]   [ComfyUI] [worker:ComfyUI-GeometryPack] INFO: Input: 8 vertices, 12 faces
[14:57]   [ComfyUI] [worker:ComfyUI-GeometryPack] INFO: Operation: translate
[14:57]   [ComfyUI] [worker:ComfyUI-GeometryPack] INFO: Complete
[14:57]   [ComfyUI] [SubprocessWorker] got response: ok
[14:57]   [ComfyUI] [comfy-env] GeomPackTransformMesh done (0.36s): result: NodeOutput
[14:57]   [ComfyUI] [comfy-env] Running GeomPackPreviewMeshDual: layout: 'overlay', mode: 'fields', opacity_1: 1.0, opacity_2: 1.0, mesh_1: Trimesh, mesh_2: Trimesh
[14:57]   [ComfyUI] [SubprocessWorker] call_method: nodes.visualization.preview_mesh_dual.PreviewMeshDualNode.EXECUTE_NORMALIZED
[14:57]   [ComfyUI] [SubprocessWorker] acquired lock, ensuring started...
[14:57]   [ComfyUI] [ComfyUI-GeometryPack] Health check: ping (timeout=5.0s)...
[14:57]   [ComfyUI] [ComfyUI-GeometryPack] Health check: ok
[14:57]   [ComfyUI] [SubprocessWorker] worker started/confirmed
[14:57]   [ComfyUI] [SubprocessWorker] serializing kwargs to shm...
[14:57]   [ComfyUI] [SubprocessWorker] created 2 shm blocks
[14:57]   [ComfyUI] [SubprocessWorker] sending request via socket...
[14:57]   [ComfyUI] [SubprocessWorker] call_id=184 sending call_method
[14:57]   Node executed (1 total), capturing...
[14:58]   Frame 2 saved (frame_001.jpg, t=1.0s)
[14:58]   [capture-node] freeze=4ms shot=85ms unfreeze=6ms saved=True
[14:58]   [ComfyUI] [worker:ComfyUI-GeometryPack] INFO: Layout: overlay, Mode: fields
[14:58]   [ComfyUI] [worker:ComfyUI-GeometryPack] INFO: Mesh 1: Mesh - 8 vertices, 12 faces
[14:58]   [ComfyUI] [worker:ComfyUI-GeometryPack] INFO: Mesh 2: Mesh - 8 vertices, 12 faces
[14:58]   [ComfyUI] [worker:ComfyUI-GeometryPack] INFO: Mesh 1 fields: []
[14:58]   [ComfyUI] [worker:ComfyUI-GeometryPack] INFO: Mesh 2 fields: []
[14:58]   [ComfyUI] [worker:ComfyUI-GeometryPack] INFO: Common fields: []
[14:58]   [ComfyUI] [worker:ComfyUI-GeometryPack] INFO: Mesh 1 visual: kind=None, texture=False, vertex_colors=False
[14:58]   [ComfyUI] [worker:ComfyUI-GeometryPack] INFO: Mesh 2 visual: kind=None, texture=False, vertex_colors=False
[14:58]   [ComfyUI] [worker:ComfyUI-GeometryPack] INFO: Added mesh_id field and red/blue colors for overlay
[14:58]   [ComfyUI] [worker:ComfyUI-GeometryPack] INFO: Exporting mesh to VTP: D:\a\comfy-gpu-ci\comfy-gpu-ci\test_workspaces\GeometryPack-0031\ComfyUI\output\preview_dual_overlay_15c0c871.vtp
[14:58]   [ComfyUI] [worker:ComfyUI-GeometryPack] INFO: Adding normals field (16 vertices)
[14:58]   [ComfyUI] [worker:ComfyUI-GeometryPack] INFO: Adding scalar field: mesh_id (components: 1)
[14:58]   [ComfyUI] [worker:ComfyUI-GeometryPack] INFO: Export complete: 16 vertices, 24 faces
[14:58]   [ComfyUI] [worker:ComfyUI-GeometryPack] INFO: Exported combined VTP: D:\a\comfy-gpu-ci\comfy-gpu-ci\test_workspaces\GeometryPack-0031\ComfyUI\output\preview_dual_overlay_15c0c871.vtp
[14:58]   [ComfyUI] [worker:ComfyUI-GeometryPack] INFO: Combined Mesh: 16 vertices, 24 faces
[14:58]   [ComfyUI] [worker:ComfyUI-GeometryPack] INFO: Preview ready
[14:59]   [ComfyUI] [SubprocessWorker] got response: ok
[14:59]   [ComfyUI] [comfy-env] GeomPackPreviewMeshDual done (1.24s): result: NodeOutput
[14:59]   [ComfyUI] Prompt executed in 1.88 seconds
[14:59]   Node executed (2 total), capturing...
[14:59]   Frame 3 saved (frame_002.jpg, t=2.2s)
[14:59]   [capture-node] freeze=22ms shot=105ms unfreeze=0ms saved=True
[14:59]   Execution complete (t=2.3s)
[14:59]   Captured 3 unique frames over 2.41s
[14:59]   [debug] iframes: 1
[14:59]   [debug]   iframe[0]: src=http://127.0.0.1:41890/extensions/ComfyUI-GeometryPack/viewer_dual.html?v=177846, canvas=742x485, rafFrozen=True
[14:59]   [timing] trigger_3d_previews: 0.0s
[15:01]   Saved high-quality screenshot: transform_executed.png
[15:01]   [timing] final_screenshot: 0.2s
[15:01] Capturing execution frames: uv_unwrap.json
[15:07]   Frame 1 saved (frame_000.jpg, t=0.0s)
[15:07]   Validating workflow...
[15:08]   [ComfyUI] === /validate endpoint called ===
[15:08]   [ComfyUI] Received JSON with keys: ['prompt']
[15:08]   [ComfyUI] Prompt has 3 nodes
[15:08]   [ComfyUI]   Node 4: GeomPackLoadMesh
[15:08]   [ComfyUI]     Inputs: {"file_path": "3d/camelhead.off"}
[15:08]   [ComfyUI]   Node 8: GeomPackUVUnwrap
[15:08]   [ComfyUI]     Inputs: {"backend": "xatlas", "report_panel": "false", "trimesh": ["4", 0]}
[15:08]   Queuing workflow for execution...
[15:08]   [ComfyUI]   Node 9: GeomPackPreviewMeshUV
[15:08]   [ComfyUI]     Inputs: {"show_checker": false, "show_wireframe": false, "uv_preview": "", "trimesh": ["8", 0]}
[15:08]   [ComfyUI] Generated prompt_id: c37a4509-882b-4f47-b16e-9f47d0f22049
[15:08]   [ComfyUI] Calling execution.validate_prompt()...
[15:08]   [ComfyUI] Validation result: valid=True
[15:08]   [ComfyUI] === Validation PASSED ===
[15:08]   [ComfyUI] got prompt
[15:08]   [ComfyUI] [comfy-env] Running GeomPackLoadMesh: file_path: '3d/camelhead.off'
[15:08]   [ComfyUI] [SubprocessWorker] call_method: nodes.io.load_mesh.LoadMesh.EXECUTE_NORMALIZED
[15:08]   [ComfyUI] [SubprocessWorker] acquired lock, ensuring started...
[15:08]   [ComfyUI] [ComfyUI-GeometryPack] Health check: ping (timeout=5.0s)...
[15:08]   [ComfyUI] [ComfyUI-GeometryPack] Health check: ok
[15:08]   [ComfyUI] [SubprocessWorker] worker started/confirmed
[15:08]   [ComfyUI] [SubprocessWorker] serializing kwargs to shm...
[15:08]   [ComfyUI] [SubprocessWorker] created 0 shm blocks
[15:08]   [ComfyUI] [SubprocessWorker] sending request via socket...
[15:08]   [ComfyUI] [SubprocessWorker] call_id=185 sending call_method
[15:08]   [ComfyUI] [worker:ComfyUI-GeometryPack] INFO: Found mesh in input folder: 3d/camelhead.off
[15:08]   [ComfyUI] [worker:ComfyUI-GeometryPack] INFO: Loading: D:\a\comfy-gpu-ci\comfy-gpu-ci\test_workspaces\GeometryPack-0031\ComfyUI\input\3d/camelhead.off
[15:08]   [ComfyUI] [worker:ComfyUI-GeometryPack] INFO: Initial mesh: 11381 vertices, 22704 faces
[15:08]   [ComfyUI] [worker:ComfyUI-GeometryPack] INFO: Successfully loaded: 11381 vertices, 22704 faces
[15:08]   [ComfyUI] [worker:ComfyUI-GeometryPack] INFO: Loaded: 11381 vertices, 22704 faces
[15:08]   [ComfyUI] [SubprocessWorker] got response: ok
[15:08]   [ComfyUI] [comfy-env] GeomPackLoadMesh done (0.45s): result: NodeOutput
[15:08]   [ComfyUI] [comfy-env] Running GeomPackUVUnwrap: backend: dict, trimesh: Trimesh
[15:08]   [ComfyUI] [SubprocessWorker] call_method: nodes.uv.uv_unwrap.UVUnwrapNode.EXECUTE_NORMALIZED
[15:08]   [ComfyUI] [SubprocessWorker] acquired lock, ensuring started...
[15:08]   [ComfyUI] [ComfyUI-GeometryPack] Health check: ping (timeout=5.0s)...
[15:08]   [ComfyUI] [ComfyUI-GeometryPack] Health check: ok
[15:08]   [ComfyUI] [SubprocessWorker] worker started/confirmed
[15:08]   [ComfyUI] [SubprocessWorker] serializing kwargs to shm...
[15:08]   [ComfyUI] [SubprocessWorker] created 1 shm blocks
[15:08]   [ComfyUI] [SubprocessWorker] sending request via socket...
[15:08]   [ComfyUI] [SubprocessWorker] call_id=186 sending call_method
[15:08]   [ComfyUI] [worker:ComfyUI-GeometryPack] INFO: UV Unwrap dispatch: xatlas -> GeomPackUV_Xatlas
[15:08]   [ComfyUI] [SubprocessWorker] got response: ok
[15:08]   [ComfyUI] [comfy-env] GeomPackUVUnwrap done (0.32s): result: NodeOutput
[15:08]   [ComfyUI] [comfy-env] Running GeomPackUV_Xatlas: trimesh: Trimesh
[15:08]   [ComfyUI] [SubprocessWorker] call_method: nodes.uv.backends.xatlas.UVXatlasNode.EXECUTE_NORMALIZED
[15:08]   [ComfyUI] [SubprocessWorker] acquired lock, ensuring started...
[15:08]   [ComfyUI] [ComfyUI-GeometryPack] Health check: ping (timeout=5.0s)...
[15:08]   [ComfyUI] [ComfyUI-GeometryPack] Health check: ok
[15:08]   [ComfyUI] [SubprocessWorker] worker started/confirmed
[15:08]   [ComfyUI] [SubprocessWorker] serializing kwargs to shm...
[15:08]   [ComfyUI] [SubprocessWorker] created 1 shm blocks
[15:08]   [ComfyUI] [SubprocessWorker] sending request via socket...
[15:08]   [ComfyUI] [SubprocessWorker] call_id=187 sending call_method
[15:09]   [ComfyUI] [worker:ComfyUI-GeometryPack] INFO: Backend: xatlas
[15:09]   [ComfyUI] [worker:ComfyUI-GeometryPack] INFO: Input: 11381 vertices, 22704 faces
[15:10]   Frame 2 saved (frame_001.jpg, t=2.3s)
[15:10]   [capture-periodic] freeze=5ms shot=130ms unfreeze=9ms saved=True
[15:12]   Frame 3 saved (frame_002.jpg, t=4.5s)
[15:12]   [capture-periodic] freeze=5ms shot=111ms unfreeze=6ms saved=True
[15:14]   [capture-loop] iter=50 t=6.2s state={'complete': False, 'error': None, 'executedCount': 0, 'wsState': 1} eval_ms=12 ram=5.1/16.0GB (32%) swap=0.5/2.9GB (17%) cpu=44% browser_rss=0.73GB
[15:15]   [ComfyUI] [worker:ComfyUI-GeometryPack] INFO: Output: 14128 vertices, 22704 faces
[15:15]   [ComfyUI] [SubprocessWorker] got response: ok
[15:15]   [ComfyUI] [comfy-env] GeomPackUV_Xatlas done (7.16s): result: NodeOutput
[15:15]   [ComfyUI] [comfy-env] Running GeomPackPreviewMeshUV: show_checker: False, show_wireframe: False, trimesh: Trimesh
[15:15]   [ComfyUI] [SubprocessWorker] call_method: nodes.visualization.preview_mesh_uv.PreviewMeshUVNode.EXECUTE_NORMALIZED
[15:15]   [ComfyUI] [SubprocessWorker] acquired lock, ensuring started...
[15:15]   [ComfyUI] [ComfyUI-GeometryPack] Health check: ping (timeout=5.0s)...
[15:15]   [ComfyUI] [ComfyUI-GeometryPack] Health check: ok
[15:15]   [ComfyUI] [SubprocessWorker] worker started/confirmed
[15:15]   [ComfyUI] [SubprocessWorker] serializing kwargs to shm...
[15:15]   [ComfyUI] [SubprocessWorker] created 1 shm blocks
[15:15]   [ComfyUI] [SubprocessWorker] sending request via socket...
[15:15]   [ComfyUI] [SubprocessWorker] call_id=188 sending call_method
[15:16]   Node executed (1 total), capturing...
[15:16]   [ComfyUI] [worker:ComfyUI-GeometryPack] INFO: Preparing preview: Mesh - 14128 vertices, 22704 faces
[15:16]   [ComfyUI] [worker:ComfyUI-GeometryPack] INFO: Found UV data: 14128 UV coordinates
[15:16]   Frame 4 saved (frame_003.jpg, t=8.3s)
[15:16]   [capture-node] freeze=4ms shot=91ms unfreeze=6ms saved=True
[15:16]   [ComfyUI] [worker:ComfyUI-GeometryPack] INFO: UV stats: range=[0.99958265 0.99956256], in_unit_square=True, coverage=0.5783
[15:16]   [ComfyUI] [worker:ComfyUI-GeometryPack] INFO: Exported mesh to: D:\a\comfy-gpu-ci\comfy-gpu-ci\test_workspaces\GeometryPack-0031\ComfyUI\output\preview_uv_7035f508.glb
[15:16]   [ComfyUI] [worker:ComfyUI-GeometryPack] INFO: Exported UV data to: D:\a\comfy-gpu-ci\comfy-gpu-ci\test_workspaces\GeometryPack-0031\ComfyUI\output\preview_uv_412f63b8_uvdata.json
[15:16]   [ComfyUI] [worker:ComfyUI-GeometryPack] INFO: Preview ready: has_uvs=True, checker=False, wireframe=False
[15:16]   [ComfyUI] [SubprocessWorker] got response: ok
[15:16]   [ComfyUI] [comfy-env] GeomPackPreviewMeshUV done (0.96s): result: NodeOutput
[15:16]   [ComfyUI] Prompt executed in 8.91 seconds
[15:16]   Node executed (2 total), capturing...
[15:17]   Frame 5 saved (frame_004.jpg, t=9.3s)
[15:17]   [capture-node] freeze=10ms shot=111ms unfreeze=0ms saved=True
[15:17]   Execution complete (t=9.3s)
[15:17]   Captured 5 unique frames over 9.44s
[15:17]   [debug] iframes: 1
[15:17]   [debug]   iframe[0]: src=http://127.0.0.1:41890/extensions/ComfyUI-GeometryPack/viewer_uv.html?v=17784604, canvas=287x287, rafFrozen=True
[15:17]   [timing] trigger_3d_previews: 0.0s
[15:19]   Saved high-quality screenshot: uv_unwrap_executed.png
[15:19]   [timing] final_screenshot: 0.2s
[15:19]   [32/33] SKIPPED (not in cpu list) uv_unwrap_all.json
[15:20] Capturing execution frames: view_texture.json
[15:26]   Frame 1 saved (frame_000.jpg, t=0.0s)
[15:26]   Validating workflow...
[15:26]   [ComfyUI] === /validate endpoint called ===
[15:26]   [ComfyUI] Received JSON with keys: ['prompt']
[15:26]   [ComfyUI] Prompt has 2 nodes
[15:26]   [ComfyUI]   Node 3: GeomPackLoadMesh
[15:26]   [ComfyUI]     Inputs: {"file_path": "3d/mount_textured.glb"}
[15:26]   [ComfyUI]   Node 12: GeomPackPreviewMeshVTK
[15:26]   Queuing workflow for execution...
[15:26]   [ComfyUI]     Inputs: {"mode": "texture", "preview_vtk": "{\"show_edges\":false,\"camera_state\":\"\",\"selected_field\":\"\",\"selected_channel\":\"magnitude\",\"selected_colormap\":\"erdc_rainbow_bright\"}", "trimesh": [
[15:26]   [ComfyUI] Generated prompt_id: 3c3a25d1-abad-4f6d-a1ab-ed3d4e710486
[15:26]   [ComfyUI] Calling execution.validate_prompt()...
[15:26]   [ComfyUI] Validation result: valid=True
[15:26]   [ComfyUI] === Validation PASSED ===
[15:26]   [ComfyUI] got prompt
[15:26]   [ComfyUI] [comfy-env] Running GeomPackLoadMesh: file_path: '3d/mount_textured.glb'
[15:26]   [ComfyUI] [SubprocessWorker] call_method: nodes.io.load_mesh.LoadMesh.EXECUTE_NORMALIZED
[15:26]   [ComfyUI] [SubprocessWorker] acquired lock, ensuring started...
[15:26]   [ComfyUI] [ComfyUI-GeometryPack] Health check: ping (timeout=5.0s)...
[15:26]   [ComfyUI] [ComfyUI-GeometryPack] Health check: failed
[15:26]   [ComfyUI] [ComfyUI-GeometryPack] Socket unhealthy, restarting worker...
[15:26]   [ComfyUI] [comfy-env] geometrypack-nodes: Library/bin has 609 DLLs
[15:26]   [ComfyUI] [ComfyUI-GeometryPack] python: C:\ce\.pixi\envs\geometrypack-nodes\python.exe
[15:26]   [ComfyUI] [ComfyUI-GeometryPack] sys_path sent to worker: ['D:\\a\\comfy-gpu-ci\\comfy-gpu-ci\\test_workspaces\\GeometryPack-0031\\ComfyUI', 'D:\\a\\comfy-gpu-ci\\comfy-gpu-ci\\test_workspaces\\GeometryPack-0031\\ComfyUI\\custom_nodes\\ComfyUI-GeometryPack', 'C:\\ce\\.pixi\\envs\\geometrypack-nodes\\Lib\\site-packages', 'D:\\a\\comfy-gpu-ci\\comfy-gpu-ci\\test_workspaces\\GeometryPack-0031\\ComfyUI\\custom_nodes\\ComfyUI-GeometryPack']
[15:26]   [ComfyUI] [SubprocessWorker] is_pixi=True, python=C:\ce\.pixi\envs\geometrypack-nodes\python.exe
[15:26]   [ComfyUI] [SubprocessWorker] launching cmd=['C:\\Users\\runneradmin\\.pixi\\bin\\pixi.exe', 'run', '--as-is', '--manifest-path', 'C:\\ce\\pixi.toml', '-e', 'geometrypack-nodes', 'python', 'C:\\Users\\RUNNER~1\\AppData\\Local\\Temp\\comfyui_pvenv_2ige8rze\\persistent_worker.py', 'tcp://127.0.0.1:54903']...
[15:28]   Frame 2 saved (frame_001.jpg, t=2.2s)
[15:28]   [capture-periodic] freeze=3ms shot=84ms unfreeze=3ms saved=True
[15:28]   [ComfyUI] [worker:ComfyUI-GeometryPack] ERROR: Failed to import comfy_kitchen, Error: No module named 'comfy_kitchen', fp8 and fp4 support will not be available.
[15:28]   [ComfyUI] [SubprocessWorker] worker started/confirmed
[15:28]   [ComfyUI] [SubprocessWorker] serializing kwargs to shm...
[15:28]   [ComfyUI] [SubprocessWorker] created 0 shm blocks
[15:28]   [ComfyUI] [SubprocessWorker] sending request via socket...
[15:28]   [ComfyUI] [SubprocessWorker] call_id=189 sending call_method
[15:30]   [ComfyUI] [worker:ComfyUI-GeometryPack] INFO: Found mesh in input folder: 3d/mount_textured.glb
[15:30]   [ComfyUI] [worker:ComfyUI-GeometryPack] INFO: Loading: D:\a\comfy-gpu-ci\comfy-gpu-ci\test_workspaces\GeometryPack-0031\ComfyUI\input\3d/mount_textured.glb
[15:30]   [ComfyUI] [worker:ComfyUI-GeometryPack] INFO: Converting Scene to single mesh (scene has 2 geometries)
[15:30]   [ComfyUI] [worker:ComfyUI-GeometryPack] INFO: Initial mesh: 3604 vertices, 6964 faces
[15:30]   [ComfyUI] [worker:ComfyUI-GeometryPack] INFO: Successfully loaded: 3604 vertices, 6964 faces
[15:30]   [ComfyUI] [worker:ComfyUI-GeometryPack] INFO: Loaded: 3604 vertices, 6964 faces
[15:30]   Frame 3 saved (frame_002.jpg, t=4.4s)
[15:30]   [capture-periodic] freeze=7ms shot=104ms unfreeze=9ms saved=True
[15:30]   [ComfyUI] [SubprocessWorker] got response: ok
[15:30]   [ComfyUI] [comfy-env] GeomPackLoadMesh done (4.41s): result: NodeOutput
[15:30]   [ComfyUI] [comfy-env] Running GeomPackPreviewMeshVTK: mode: 'texture', trimesh: Trimesh
[15:30]   [ComfyUI] [SubprocessWorker] call_method: nodes.visualization.preview_mesh_vtk.PreviewMeshVTKNode.EXECUTE_NORMALIZED
[15:30]   [ComfyUI] [SubprocessWorker] acquired lock, ensuring started...
[15:30]   [ComfyUI] [ComfyUI-GeometryPack] Health check: ping (timeout=5.0s)...
[15:30]   [ComfyUI] [ComfyUI-GeometryPack] Health check: ok
[15:30]   [ComfyUI] [SubprocessWorker] worker started/confirmed
[15:30]   [ComfyUI] [SubprocessWorker] serializing kwargs to shm...
[15:30]   [ComfyUI] [SubprocessWorker] created 1 shm blocks
[15:30]   [ComfyUI] [SubprocessWorker] sending request via socket...
[15:30]   [ComfyUI] [SubprocessWorker] call_id=190 sending call_method
[15:30]   [ComfyUI] [worker:ComfyUI-GeometryPack] INFO: Preparing preview: Mesh - 3604 vertices, 6964 faces
[15:30]   [ComfyUI] [worker:ComfyUI-GeometryPack] INFO: Mode: texture
[15:30]   [ComfyUI] [worker:ComfyUI-GeometryPack] INFO: Visual data - has_visual: True, kind: texture, texture: True, vertex_colors: False
[15:30]   [ComfyUI] [worker:ComfyUI-GeometryPack] INFO: Using texture mode - GLB export
[15:30]   [ComfyUI] [worker:ComfyUI-GeometryPack] INFO: Set alphaMode to OPAQUE for texture mode
[15:31]   [ComfyUI] [worker:ComfyUI-GeometryPack] INFO: Exported GLB to: D:\a\comfy-gpu-ci\comfy-gpu-ci\test_workspaces\GeometryPack-0031\ComfyUI\output\preview_vtk_8c7c04ec.glb
[15:31]   [ComfyUI] [worker:ComfyUI-GeometryPack] INFO: Texture mode info: watertight=False, volume=None, area=720.728733148043, texture=True, vertex_colors=False
[15:31]   [ComfyUI] [SubprocessWorker] got response: ok
[15:31]   [ComfyUI] [comfy-env] GeomPackPreviewMeshVTK done (0.59s): result: NodeOutput
[15:31]   [ComfyUI] Prompt executed in 5.02 seconds
[15:31]   Node executed (1 total), capturing...
[15:31]   Frame 4 saved (frame_003.jpg, t=5.3s)
[15:31]   [capture-node] freeze=4ms shot=106ms unfreeze=9ms saved=True
[15:31]   Execution complete (t=5.6s)
[15:31]   Captured 4 unique frames over 5.61s
[15:31]   [debug] iframes: 1
[15:31]   [debug]   iframe[0]: src=http://127.0.0.1:41890/extensions/ComfyUI-GeometryPack/viewer_vtk_textured.html?, canvas=221x262, rafFrozen=False
[15:31]   [timing] trigger_3d_previews: 0.0s
[15:33]   Saved high-quality screenshot: view_texture_executed.png
[15:33]   [timing] final_screenshot: 0.2s
[15:34] Results saved to D:\a\comfy-gpu-ci\comfy-gpu-ci\comfy-test-logs\GeometryPack-0031\dev\windows-cpu\results.json
[15:34] Saved: D:\a\comfy-gpu-ci\comfy-gpu-ci\comfy-test-logs\GeometryPack-0031\dev\windows-cpu\index.html
[15:34] [EXECUTION] PASSED
[15:34] 
windows: PASSED
[15:34] Stopping ComfyUI server...
