Capturing execution frames: fill_holes_all.json
  Frame 1 saved (frame_000.jpg, t=0.0s)
  Validating workflow...
  [ComfyUI] === /validate endpoint called ===
  [ComfyUI] === /validate endpoint called ===
  [ComfyUI] === /validate endpoint called ===
  [ComfyUI] === /validate endpoint called ===
  [ComfyUI] === /validate endpoint called ===
  [ComfyUI] === /validate endpoint called ===
  [ComfyUI] === /validate endpoint called ===
  [ComfyUI] === /validate endpoint called ===
  [ComfyUI] Received JSON with keys: ['prompt']
  [ComfyUI] Received JSON with keys: ['prompt']
  [ComfyUI] Received JSON with keys: ['prompt']
  [ComfyUI] Received JSON with keys: ['prompt']
  [ComfyUI] Received JSON with keys: ['prompt']
  [ComfyUI] Received JSON with keys: ['prompt']
  [ComfyUI] Received JSON with keys: ['prompt']
  [ComfyUI] Received JSON with keys: ['prompt']
  Queuing workflow for execution...
  [ComfyUI] Prompt has 8 nodes
  [ComfyUI] Prompt has 8 nodes
  [ComfyUI] Prompt has 8 nodes
  [ComfyUI] Prompt has 8 nodes
  [ComfyUI] Prompt has 8 nodes
  [ComfyUI] Prompt has 8 nodes
  [ComfyUI] Prompt has 8 nodes
  [ComfyUI] Prompt has 8 nodes
  [ComfyUI]   Node 1: GeomPackLoadMesh
  [ComfyUI]   Node 1: GeomPackLoadMesh
  [ComfyUI]   Node 1: GeomPackLoadMesh
  [ComfyUI]   Node 1: GeomPackLoadMesh
  [ComfyUI]   Node 1: GeomPackLoadMesh
  [ComfyUI]   Node 1: GeomPackLoadMesh
  [ComfyUI]   Node 1: GeomPackLoadMesh
  [ComfyUI]   Node 1: GeomPackLoadMesh
  [ComfyUI]     Inputs: {"file_path": "3d/camelhead.off"}
  [ComfyUI]     Inputs: {"file_path": "3d/camelhead.off"}
  [ComfyUI]     Inputs: {"file_path": "3d/camelhead.off"}
  [ComfyUI]     Inputs: {"file_path": "3d/camelhead.off"}
  [ComfyUI]     Inputs: {"file_path": "3d/camelhead.off"}
  [ComfyUI]     Inputs: {"file_path": "3d/camelhead.off"}
  [ComfyUI]     Inputs: {"file_path": "3d/camelhead.off"}
  [ComfyUI]     Inputs: {"file_path": "3d/camelhead.off"}
  [ComfyUI]   Node 3: GeomPackFillHoles
  [ComfyUI]   Node 3: GeomPackFillHoles
  [ComfyUI]   Node 3: GeomPackFillHoles
  [ComfyUI]   Node 3: GeomPackFillHoles
  [ComfyUI]   Node 3: GeomPackFillHoles
  [ComfyUI]   Node 3: GeomPackFillHoles
  [ComfyUI]   Node 3: GeomPackFillHoles
  [ComfyUI]   Node 3: GeomPackFillHoles
  [ComfyUI]     Inputs: {"backend": "pymeshlab", "backend.maxholesize": 0, "report_panel": "false", "mesh": ["1", 0]}
  [ComfyUI]     Inputs: {"backend": "pymeshlab", "backend.maxholesize": 0, "report_panel": "false", "mesh": ["1", 0]}
  [ComfyUI]     Inputs: {"backend": "pymeshlab", "backend.maxholesize": 0, "report_panel": "false", "mesh": ["1", 0]}
  [ComfyUI]     Inputs: {"backend": "pymeshlab", "backend.maxholesize": 0, "report_panel": "false", "mesh": ["1", 0]}
  [ComfyUI]     Inputs: {"backend": "pymeshlab", "backend.maxholesize": 0, "report_panel": "false", "mesh": ["1", 0]}
  [ComfyUI]     Inputs: {"backend": "pymeshlab", "backend.maxholesize": 0, "report_panel": "false", "mesh": ["1", 0]}
  [ComfyUI]     Inputs: {"backend": "pymeshlab", "backend.maxholesize": 0, "report_panel": "false", "mesh": ["1", 0]}
  [ComfyUI]     Inputs: {"backend": "pymeshlab", "backend.maxholesize": 0, "report_panel": "false", "mesh": ["1", 0]}
  [ComfyUI]   Node 4: GeomPackFillHoles
  [ComfyUI]   Node 4: GeomPackFillHoles
  [ComfyUI]   Node 4: GeomPackFillHoles
  [ComfyUI]   Node 4: GeomPackFillHoles
  [ComfyUI]   Node 4: GeomPackFillHoles
  [ComfyUI]   Node 4: GeomPackFillHoles
  [ComfyUI]   Node 4: GeomPackFillHoles
  [ComfyUI]   Node 4: GeomPackFillHoles
  [ComfyUI]     Inputs: {"backend": "pymeshfix", "backend.max_edges": 0, "backend.refine": "true", "report_panel": "false", "mesh": ["1", 0]}
  [ComfyUI]     Inputs: {"backend": "pymeshfix", "backend.max_edges": 0, "backend.refine": "true", "report_panel": "false", "mesh": ["1", 0]}
  [ComfyUI]     Inputs: {"backend": "pymeshfix", "backend.max_edges": 0, "backend.refine": "true", "report_panel": "false", "mesh": ["1", 0]}
  [ComfyUI]     Inputs: {"backend": "pymeshfix", "backend.max_edges": 0, "backend.refine": "true", "report_panel": "false", "mesh": ["1", 0]}
  [ComfyUI]     Inputs: {"backend": "pymeshfix", "backend.max_edges": 0, "backend.refine": "true", "report_panel": "false", "mesh": ["1", 0]}
  [ComfyUI]     Inputs: {"backend": "pymeshfix", "backend.max_edges": 0, "backend.refine": "true", "report_panel": "false", "mesh": ["1", 0]}
  [ComfyUI]     Inputs: {"backend": "pymeshfix", "backend.max_edges": 0, "backend.refine": "true", "report_panel": "false", "mesh": ["1", 0]}
  [ComfyUI]     Inputs: {"backend": "pymeshfix", "backend.max_edges": 0, "backend.refine": "true", "report_panel": "false", "mesh": ["1", 0]}
  [ComfyUI]   Node 5: GeomPackFillHoles
  [ComfyUI]   Node 5: GeomPackFillHoles
  [ComfyUI]   Node 5: GeomPackFillHoles
  [ComfyUI]   Node 5: GeomPackFillHoles
  [ComfyUI]   Node 5: GeomPackFillHoles
  [ComfyUI]   Node 5: GeomPackFillHoles
  [ComfyUI]   Node 5: GeomPackFillHoles
  [ComfyUI]   Node 5: GeomPackFillHoles
  [ComfyUI]     Inputs: {"backend": "igl_fan", "report_panel": "false", "mesh": ["1", 0]}
  [ComfyUI]     Inputs: {"backend": "igl_fan", "report_panel": "false", "mesh": ["1", 0]}
  [ComfyUI]     Inputs: {"backend": "igl_fan", "report_panel": "false", "mesh": ["1", 0]}
  [ComfyUI]     Inputs: {"backend": "igl_fan", "report_panel": "false", "mesh": ["1", 0]}
  [ComfyUI]     Inputs: {"backend": "igl_fan", "report_panel": "false", "mesh": ["1", 0]}
  [ComfyUI]     Inputs: {"backend": "igl_fan", "report_panel": "false", "mesh": ["1", 0]}
  [ComfyUI]     Inputs: {"backend": "igl_fan", "report_panel": "false", "mesh": ["1", 0]}
  [ComfyUI]     Inputs: {"backend": "igl_fan", "report_panel": "false", "mesh": ["1", 0]}
  [ComfyUI]   Node 6: GeomPackFillHoles
  [ComfyUI]   Node 6: GeomPackFillHoles
  [ComfyUI]   Node 6: GeomPackFillHoles
  [ComfyUI]   Node 6: GeomPackFillHoles
  [ComfyUI]   Node 6: GeomPackFillHoles
  [ComfyUI]   Node 6: GeomPackFillHoles
  [ComfyUI]   Node 6: GeomPackFillHoles
  [ComfyUI]   Node 6: GeomPackFillHoles
  [ComfyUI] [comfy-env] SubprocessWorker: C:\ce\.pixi\envs\geometrypack-nodes\python.exe
  [ComfyUI] [comfy-env] SubprocessWorker: C:\ce\.pixi\envs\geometrypack-nodes\python.exe
  [ComfyUI] [comfy-env] SubprocessWorker: C:\ce\.pixi\envs\geometrypack-nodes\python.exe
  [ComfyUI] [comfy-env] SubprocessWorker: C:\ce\.pixi\envs\geometrypack-nodes\python.exe
  [ComfyUI] [comfy-env] SubprocessWorker: C:\ce\.pixi\envs\geometrypack-nodes\python.exe
  [ComfyUI] [comfy-env] SubprocessWorker: C:\ce\.pixi\envs\geometrypack-nodes\python.exe
  [ComfyUI] [comfy-env] SubprocessWorker: C:\ce\.pixi\envs\geometrypack-nodes\python.exe
  [ComfyUI] [comfy-env] SubprocessWorker: C:\ce\.pixi\envs\geometrypack-nodes\python.exe
  [ComfyUI]     Inputs: {"backend": "cgal", "backend.quality": "triangulate", "report_panel": "false", "mesh": ["1", 0]}
  [ComfyUI]     Inputs: {"backend": "cgal", "backend.quality": "triangulate", "report_panel": "false", "mesh": ["1", 0]}
  [ComfyUI]     Inputs: {"backend": "cgal", "backend.quality": "triangulate", "report_panel": "false", "mesh": ["1", 0]}
  [ComfyUI]     Inputs: {"backend": "cgal", "backend.quality": "triangulate", "report_panel": "false", "mesh": ["1", 0]}
  [ComfyUI]     Inputs: {"backend": "cgal", "backend.quality": "triangulate", "report_panel": "false", "mesh": ["1", 0]}
  [ComfyUI]     Inputs: {"backend": "cgal", "backend.quality": "triangulate", "report_panel": "false", "mesh": ["1", 0]}
  [ComfyUI]     Inputs: {"backend": "cgal", "backend.quality": "triangulate", "report_panel": "false", "mesh": ["1", 0]}
  [ComfyUI]     Inputs: {"backend": "cgal", "backend.quality": "triangulate", "report_panel": "false", "mesh": ["1", 0]}
  [ComfyUI] [comfy-env] env_vars: {'KMP_DUPLICATE_LIB_OK': 'TRUE', 'OMP_NUM_THREADS': '1', 'COMFYUI_BASE': 'C:\\workspaces\\GeometryPack-2344\\ComfyUI'}
  [ComfyUI] [comfy-env] env_vars: {'KMP_DUPLICATE_LIB_OK': 'TRUE', 'OMP_NUM_THREADS': '1', 'COMFYUI_BASE': 'C:\\workspaces\\GeometryPack-2344\\ComfyUI'}
  [ComfyUI] [comfy-env] env_vars: {'KMP_DUPLICATE_LIB_OK': 'TRUE', 'OMP_NUM_THREADS': '1', 'COMFYUI_BASE': 'C:\\workspaces\\GeometryPack-2344\\ComfyUI'}
  [ComfyUI] [comfy-env] env_vars: {'KMP_DUPLICATE_LIB_OK': 'TRUE', 'OMP_NUM_THREADS': '1', 'COMFYUI_BASE': 'C:\\workspaces\\GeometryPack-2344\\ComfyUI'}
  [ComfyUI] [comfy-env] env_vars: {'KMP_DUPLICATE_LIB_OK': 'TRUE', 'OMP_NUM_THREADS': '1', 'COMFYUI_BASE': 'C:\\workspaces\\GeometryPack-2344\\ComfyUI'}
  [ComfyUI] [comfy-env] env_vars: {'KMP_DUPLICATE_LIB_OK': 'TRUE', 'OMP_NUM_THREADS': '1', 'COMFYUI_BASE': 'C:\\workspaces\\GeometryPack-2344\\ComfyUI'}
  [ComfyUI] [comfy-env] env_vars: {'KMP_DUPLICATE_LIB_OK': 'TRUE', 'OMP_NUM_THREADS': '1', 'COMFYUI_BASE': 'C:\\workspaces\\GeometryPack-2344\\ComfyUI'}
  [ComfyUI] [comfy-env] env_vars: {'KMP_DUPLICATE_LIB_OK': 'TRUE', 'OMP_NUM_THREADS': '1', 'COMFYUI_BASE': 'C:\\workspaces\\GeometryPack-2344\\ComfyUI'}
  [ComfyUI]   Node 7: GeomPackFillHoles
  [ComfyUI]   Node 7: GeomPackFillHoles
  [ComfyUI]   Node 7: GeomPackFillHoles
  [ComfyUI]   Node 7: GeomPackFillHoles
  [ComfyUI]   Node 7: GeomPackFillHoles
  [ComfyUI]   Node 7: GeomPackFillHoles
  [ComfyUI]   Node 7: GeomPackFillHoles
  [ComfyUI]   Node 7: GeomPackFillHoles
  [ComfyUI]     Inputs: {"backend": "gpu_cumesh", "backend.perimeter": 20, "report_panel": "false", "mesh": ["1", 0]}
  [ComfyUI]     Inputs: {"backend": "gpu_cumesh", "backend.perimeter": 20, "report_panel": "false", "mesh": ["1", 0]}
  [ComfyUI]     Inputs: {"backend": "gpu_cumesh", "backend.perimeter": 20, "report_panel": "false", "mesh": ["1", 0]}
  [ComfyUI]     Inputs: {"backend": "gpu_cumesh", "backend.perimeter": 20, "report_panel": "false", "mesh": ["1", 0]}
  [ComfyUI]     Inputs: {"backend": "gpu_cumesh", "backend.perimeter": 20, "report_panel": "false", "mesh": ["1", 0]}
  [ComfyUI]     Inputs: {"backend": "gpu_cumesh", "backend.perimeter": 20, "report_panel": "false", "mesh": ["1", 0]}
  [ComfyUI]     Inputs: {"backend": "gpu_cumesh", "backend.perimeter": 20, "report_panel": "false", "mesh": ["1", 0]}
  [ComfyUI]     Inputs: {"backend": "gpu_cumesh", "backend.perimeter": 20, "report_panel": "false", "mesh": ["1", 0]}
  [ComfyUI]   Node 8: GeomPackPreviewMeshMulti
  [ComfyUI]   Node 8: GeomPackPreviewMeshMulti
  [ComfyUI]   Node 8: GeomPackPreviewMeshMulti
  [ComfyUI]   Node 8: GeomPackPreviewMeshMulti
  [ComfyUI]   Node 8: GeomPackPreviewMeshMulti
  [ComfyUI]   Node 8: GeomPackPreviewMeshMulti
  [ComfyUI]   Node 8: GeomPackPreviewMeshMulti
  [ComfyUI]   Node 8: GeomPackPreviewMeshMulti
  [ComfyUI]     Inputs: {"mode": "fields", "preview_multi": "{\"show_edges\":true,\"camera_state\":\"{\\\"position\\\":[0.3450675952860498,-1.1296206877012935,-0.7853370972660157],\\\"focalPoint\\\":[0.000001996755599975586,
  [ComfyUI]     Inputs: {"mode": "fields", "preview_multi": "{\"show_edges\":true,\"camera_state\":\"{\\\"position\\\":[0.3450675952860498,-1.1296206877012935,-0.7853370972660157],\\\"focalPoint\\\":[0.000001996755599975586,
  [ComfyUI]     Inputs: {"mode": "fields", "preview_multi": "{\"show_edges\":true,\"camera_state\":\"{\\\"position\\\":[0.3450675952860498,-1.1296206877012935,-0.7853370972660157],\\\"focalPoint\\\":[0.000001996755599975586,
  [ComfyUI]     Inputs: {"mode": "fields", "preview_multi": "{\"show_edges\":true,\"camera_state\":\"{\\\"position\\\":[0.3450675952860498,-1.1296206877012935,-0.7853370972660157],\\\"focalPoint\\\":[0.000001996755599975586,
  [ComfyUI]     Inputs: {"mode": "fields", "preview_multi": "{\"show_edges\":true,\"camera_state\":\"{\\\"position\\\":[0.3450675952860498,-1.1296206877012935,-0.7853370972660157],\\\"focalPoint\\\":[0.000001996755599975586,
  [ComfyUI]     Inputs: {"mode": "fields", "preview_multi": "{\"show_edges\":true,\"camera_state\":\"{\\\"position\\\":[0.3450675952860498,-1.1296206877012935,-0.7853370972660157],\\\"focalPoint\\\":[0.000001996755599975586,
  [ComfyUI]     Inputs: {"mode": "fields", "preview_multi": "{\"show_edges\":true,\"camera_state\":\"{\\\"position\\\":[0.3450675952860498,-1.1296206877012935,-0.7853370972660157],\\\"focalPoint\\\":[0.000001996755599975586,
  [ComfyUI]     Inputs: {"mode": "fields", "preview_multi": "{\"show_edges\":true,\"camera_state\":\"{\\\"position\\\":[0.3450675952860498,-1.1296206877012935,-0.7853370972660157],\\\"focalPoint\\\":[0.000001996755599975586,
  [ComfyUI]   Node 9: GeomPackPreviewMeshMulti
  [ComfyUI]   Node 9: GeomPackPreviewMeshMulti
  [ComfyUI]   Node 9: GeomPackPreviewMeshMulti
  [ComfyUI]   Node 9: GeomPackPreviewMeshMulti
  [ComfyUI]   Node 9: GeomPackPreviewMeshMulti
  [ComfyUI]   Node 9: GeomPackPreviewMeshMulti
  [ComfyUI]   Node 9: GeomPackPreviewMeshMulti
  [ComfyUI]   Node 9: GeomPackPreviewMeshMulti
  [ComfyUI]     Inputs: {"mode": "fields", "preview_multi": "{\"show_edges\":true,\"camera_state\":\"{\\\"position\\\":[0.3450675952860498,-1.1296206877012935,-0.7853370972660157],\\\"focalPoint\\\":[0.000001996755599975586,
  [ComfyUI]     Inputs: {"mode": "fields", "preview_multi": "{\"show_edges\":true,\"camera_state\":\"{\\\"position\\\":[0.3450675952860498,-1.1296206877012935,-0.7853370972660157],\\\"focalPoint\\\":[0.000001996755599975586,
  [ComfyUI]     Inputs: {"mode": "fields", "preview_multi": "{\"show_edges\":true,\"camera_state\":\"{\\\"position\\\":[0.3450675952860498,-1.1296206877012935,-0.7853370972660157],\\\"focalPoint\\\":[0.000001996755599975586,
  [ComfyUI]     Inputs: {"mode": "fields", "preview_multi": "{\"show_edges\":true,\"camera_state\":\"{\\\"position\\\":[0.3450675952860498,-1.1296206877012935,-0.7853370972660157],\\\"focalPoint\\\":[0.000001996755599975586,
  [ComfyUI]     Inputs: {"mode": "fields", "preview_multi": "{\"show_edges\":true,\"camera_state\":\"{\\\"position\\\":[0.3450675952860498,-1.1296206877012935,-0.7853370972660157],\\\"focalPoint\\\":[0.000001996755599975586,
  [ComfyUI]     Inputs: {"mode": "fields", "preview_multi": "{\"show_edges\":true,\"camera_state\":\"{\\\"position\\\":[0.3450675952860498,-1.1296206877012935,-0.7853370972660157],\\\"focalPoint\\\":[0.000001996755599975586,
  [ComfyUI]     Inputs: {"mode": "fields", "preview_multi": "{\"show_edges\":true,\"camera_state\":\"{\\\"position\\\":[0.3450675952860498,-1.1296206877012935,-0.7853370972660157],\\\"focalPoint\\\":[0.000001996755599975586,
  [ComfyUI]     Inputs: {"mode": "fields", "preview_multi": "{\"show_edges\":true,\"camera_state\":\"{\\\"position\\\":[0.3450675952860498,-1.1296206877012935,-0.7853370972660157],\\\"focalPoint\\\":[0.000001996755599975586,
  [ComfyUI] Generated prompt_id: bf7f3e2e-379b-41c6-8cf7-6871844aac74
  [ComfyUI] Generated prompt_id: bf7f3e2e-379b-41c6-8cf7-6871844aac74
  [ComfyUI] Generated prompt_id: bf7f3e2e-379b-41c6-8cf7-6871844aac74
  [ComfyUI] Generated prompt_id: bf7f3e2e-379b-41c6-8cf7-6871844aac74
  [ComfyUI] Generated prompt_id: bf7f3e2e-379b-41c6-8cf7-6871844aac74
  [ComfyUI] Generated prompt_id: bf7f3e2e-379b-41c6-8cf7-6871844aac74
  [ComfyUI] Generated prompt_id: bf7f3e2e-379b-41c6-8cf7-6871844aac74
  [ComfyUI] Generated prompt_id: bf7f3e2e-379b-41c6-8cf7-6871844aac74
  [ComfyUI] Calling execution.validate_prompt()...
  [ComfyUI] Calling execution.validate_prompt()...
  [ComfyUI] Calling execution.validate_prompt()...
  [ComfyUI] Calling execution.validate_prompt()...
  [ComfyUI] Calling execution.validate_prompt()...
  [ComfyUI] Calling execution.validate_prompt()...
  [ComfyUI] Calling execution.validate_prompt()...
  [ComfyUI] Calling execution.validate_prompt()...
  [ComfyUI] Validation result: valid=True
  [ComfyUI] Validation result: valid=True
  [ComfyUI] Validation result: valid=True
  [ComfyUI] Validation result: valid=True
  [ComfyUI] Validation result: valid=True
  [ComfyUI] Validation result: valid=True
  [ComfyUI] Validation result: valid=True
  [ComfyUI] Validation result: valid=True
  [ComfyUI] [ComfyUI-GeometryPack] python: C:\ce\.pixi\envs\geometrypack-nodes\python.exe
  [ComfyUI] [ComfyUI-GeometryPack] python: C:\ce\.pixi\envs\geometrypack-nodes\python.exe
  [ComfyUI] [ComfyUI-GeometryPack] python: C:\ce\.pixi\envs\geometrypack-nodes\python.exe
  [ComfyUI] [ComfyUI-GeometryPack] python: C:\ce\.pixi\envs\geometrypack-nodes\python.exe
  [ComfyUI] [ComfyUI-GeometryPack] python: C:\ce\.pixi\envs\geometrypack-nodes\python.exe
  [ComfyUI] [ComfyUI-GeometryPack] python: C:\ce\.pixi\envs\geometrypack-nodes\python.exe
  [ComfyUI] [ComfyUI-GeometryPack] python: C:\ce\.pixi\envs\geometrypack-nodes\python.exe
  [ComfyUI] [ComfyUI-GeometryPack] python: C:\ce\.pixi\envs\geometrypack-nodes\python.exe
  [ComfyUI] === Validation PASSED ===
  [ComfyUI] === Validation PASSED ===
  [ComfyUI] === Validation PASSED ===
  [ComfyUI] === Validation PASSED ===
  [ComfyUI] === Validation PASSED ===
  [ComfyUI] === Validation PASSED ===
  [ComfyUI] === Validation PASSED ===
  [ComfyUI] === Validation PASSED ===
  [ComfyUI] [ComfyUI-GeometryPack] sys_path sent to worker: ['C:\\workspaces\\GeometryPack-2344\\ComfyUI', 'C:\\workspaces\\GeometryPack-2344\\ComfyUI\\custom_nodes\\ComfyUI-GeometryPack', 'C:\\ce\\.pixi\\envs\\geometrypack-nodes\\Lib\\site-packages', 'C:\\workspaces\\GeometryPack-2344\\ComfyUI\\custom_nodes\\ComfyUI-GeometryPack']
  [ComfyUI] [ComfyUI-GeometryPack] sys_path sent to worker: ['C:\\workspaces\\GeometryPack-2344\\ComfyUI', 'C:\\workspaces\\GeometryPack-2344\\ComfyUI\\custom_nodes\\ComfyUI-GeometryPack', 'C:\\ce\\.pixi\\envs\\geometrypack-nodes\\Lib\\site-packages', 'C:\\workspaces\\GeometryPack-2344\\ComfyUI\\custom_nodes\\ComfyUI-GeometryPack']
  [ComfyUI] [ComfyUI-GeometryPack] sys_path sent to worker: ['C:\\workspaces\\GeometryPack-2344\\ComfyUI', 'C:\\workspaces\\GeometryPack-2344\\ComfyUI\\custom_nodes\\ComfyUI-GeometryPack', 'C:\\ce\\.pixi\\envs\\geometrypack-nodes\\Lib\\site-packages', 'C:\\workspaces\\GeometryPack-2344\\ComfyUI\\custom_nodes\\ComfyUI-GeometryPack']
  [ComfyUI] [ComfyUI-GeometryPack] sys_path sent to worker: ['C:\\workspaces\\GeometryPack-2344\\ComfyUI', 'C:\\workspaces\\GeometryPack-2344\\ComfyUI\\custom_nodes\\ComfyUI-GeometryPack', 'C:\\ce\\.pixi\\envs\\geometrypack-nodes\\Lib\\site-packages', 'C:\\workspaces\\GeometryPack-2344\\ComfyUI\\custom_nodes\\ComfyUI-GeometryPack']
  [ComfyUI] [ComfyUI-GeometryPack] sys_path sent to worker: ['C:\\workspaces\\GeometryPack-2344\\ComfyUI', 'C:\\workspaces\\GeometryPack-2344\\ComfyUI\\custom_nodes\\ComfyUI-GeometryPack', 'C:\\ce\\.pixi\\envs\\geometrypack-nodes\\Lib\\site-packages', 'C:\\workspaces\\GeometryPack-2344\\ComfyUI\\custom_nodes\\ComfyUI-GeometryPack']
  [ComfyUI] [ComfyUI-GeometryPack] sys_path sent to worker: ['C:\\workspaces\\GeometryPack-2344\\ComfyUI', 'C:\\workspaces\\GeometryPack-2344\\ComfyUI\\custom_nodes\\ComfyUI-GeometryPack', 'C:\\ce\\.pixi\\envs\\geometrypack-nodes\\Lib\\site-packages', 'C:\\workspaces\\GeometryPack-2344\\ComfyUI\\custom_nodes\\ComfyUI-GeometryPack']
  [ComfyUI] [ComfyUI-GeometryPack] sys_path sent to worker: ['C:\\workspaces\\GeometryPack-2344\\ComfyUI', 'C:\\workspaces\\GeometryPack-2344\\ComfyUI\\custom_nodes\\ComfyUI-GeometryPack', 'C:\\ce\\.pixi\\envs\\geometrypack-nodes\\Lib\\site-packages', 'C:\\workspaces\\GeometryPack-2344\\ComfyUI\\custom_nodes\\ComfyUI-GeometryPack']
  [ComfyUI] [ComfyUI-GeometryPack] sys_path sent to worker: ['C:\\workspaces\\GeometryPack-2344\\ComfyUI', 'C:\\workspaces\\GeometryPack-2344\\ComfyUI\\custom_nodes\\ComfyUI-GeometryPack', 'C:\\ce\\.pixi\\envs\\geometrypack-nodes\\Lib\\site-packages', 'C:\\workspaces\\GeometryPack-2344\\ComfyUI\\custom_nodes\\ComfyUI-GeometryPack']
  [ComfyUI] got prompt
  [ComfyUI] got prompt
  [ComfyUI] got prompt
  [ComfyUI] got prompt
  [ComfyUI] got prompt
  [ComfyUI] got prompt
  [ComfyUI] got prompt
  [ComfyUI] got prompt
  [ComfyUI] [SubprocessWorker] is_pixi=True, python=C:\ce\.pixi\envs\geometrypack-nodes\python.exe
  [ComfyUI] [SubprocessWorker] is_pixi=True, python=C:\ce\.pixi\envs\geometrypack-nodes\python.exe
  [ComfyUI] [SubprocessWorker] is_pixi=True, python=C:\ce\.pixi\envs\geometrypack-nodes\python.exe
  [ComfyUI] [SubprocessWorker] is_pixi=True, python=C:\ce\.pixi\envs\geometrypack-nodes\python.exe
  [ComfyUI] [SubprocessWorker] is_pixi=True, python=C:\ce\.pixi\envs\geometrypack-nodes\python.exe
  [ComfyUI] [SubprocessWorker] is_pixi=True, python=C:\ce\.pixi\envs\geometrypack-nodes\python.exe
  [ComfyUI] [SubprocessWorker] is_pixi=True, python=C:\ce\.pixi\envs\geometrypack-nodes\python.exe
  [ComfyUI] [SubprocessWorker] is_pixi=True, python=C:\ce\.pixi\envs\geometrypack-nodes\python.exe
  [ComfyUI] [comfy-env] Running GeomPackLoadMesh: file_path: '3d/camelhead.off'
  [ComfyUI] [comfy-env] Running GeomPackLoadMesh: file_path: '3d/camelhead.off'
  [ComfyUI] [comfy-env] Running GeomPackLoadMesh: file_path: '3d/camelhead.off'
  [ComfyUI] [comfy-env] Running GeomPackLoadMesh: file_path: '3d/camelhead.off'
  [ComfyUI] [comfy-env] Running GeomPackLoadMesh: file_path: '3d/camelhead.off'
  [ComfyUI] [comfy-env] Running GeomPackLoadMesh: file_path: '3d/camelhead.off'
  [ComfyUI] [comfy-env] Running GeomPackLoadMesh: file_path: '3d/camelhead.off'
  [ComfyUI] [comfy-env] Running GeomPackLoadMesh: file_path: '3d/camelhead.off'
  [ComfyUI] [SubprocessWorker] launching cmd=['C:\\Users\\ContainerAdministrator\\.pixi\\bin\\pixi.exe', 'run', '--as-is', '--manifest-path', 'C:\\ce\\pixi.toml', '-e', 'geometrypack-nodes', 'python', 'C:\\Users\\ContainerAdministrator\\AppData\\Local\\Temp\\comfyui_pvenv_i8rktazg\\persistent_worker.py', 'tcp://127.0.0.1:65285']...
  [ComfyUI] [SubprocessWorker] launching cmd=['C:\\Users\\ContainerAdministrator\\.pixi\\bin\\pixi.exe', 'run', '--as-is', '--manifest-path', 'C:\\ce\\pixi.toml', '-e', 'geometrypack-nodes', 'python', 'C:\\Users\\ContainerAdministrator\\AppData\\Local\\Temp\\comfyui_pvenv_i8rktazg\\persistent_worker.py', 'tcp://127.0.0.1:65285']...
  [ComfyUI] [SubprocessWorker] launching cmd=['C:\\Users\\ContainerAdministrator\\.pixi\\bin\\pixi.exe', 'run', '--as-is', '--manifest-path', 'C:\\ce\\pixi.toml', '-e', 'geometrypack-nodes', 'python', 'C:\\Users\\ContainerAdministrator\\AppData\\Local\\Temp\\comfyui_pvenv_i8rktazg\\persistent_worker.py', 'tcp://127.0.0.1:65285']...
  [ComfyUI] [SubprocessWorker] launching cmd=['C:\\Users\\ContainerAdministrator\\.pixi\\bin\\pixi.exe', 'run', '--as-is', '--manifest-path', 'C:\\ce\\pixi.toml', '-e', 'geometrypack-nodes', 'python', 'C:\\Users\\ContainerAdministrator\\AppData\\Local\\Temp\\comfyui_pvenv_i8rktazg\\persistent_worker.py', 'tcp://127.0.0.1:65285']...
  [ComfyUI] [SubprocessWorker] launching cmd=['C:\\Users\\ContainerAdministrator\\.pixi\\bin\\pixi.exe', 'run', '--as-is', '--manifest-path', 'C:\\ce\\pixi.toml', '-e', 'geometrypack-nodes', 'python', 'C:\\Users\\ContainerAdministrator\\AppData\\Local\\Temp\\comfyui_pvenv_i8rktazg\\persistent_worker.py', 'tcp://127.0.0.1:65285']...
  [ComfyUI] [SubprocessWorker] launching cmd=['C:\\Users\\ContainerAdministrator\\.pixi\\bin\\pixi.exe', 'run', '--as-is', '--manifest-path', 'C:\\ce\\pixi.toml', '-e', 'geometrypack-nodes', 'python', 'C:\\Users\\ContainerAdministrator\\AppData\\Local\\Temp\\comfyui_pvenv_i8rktazg\\persistent_worker.py', 'tcp://127.0.0.1:65285']...
  [ComfyUI] [SubprocessWorker] launching cmd=['C:\\Users\\ContainerAdministrator\\.pixi\\bin\\pixi.exe', 'run', '--as-is', '--manifest-path', 'C:\\ce\\pixi.toml', '-e', 'geometrypack-nodes', 'python', 'C:\\Users\\ContainerAdministrator\\AppData\\Local\\Temp\\comfyui_pvenv_i8rktazg\\persistent_worker.py', 'tcp://127.0.0.1:65285']...
  [ComfyUI] [SubprocessWorker] launching cmd=['C:\\Users\\ContainerAdministrator\\.pixi\\bin\\pixi.exe', 'run', '--as-is', '--manifest-path', 'C:\\ce\\pixi.toml', '-e', 'geometrypack-nodes', 'python', 'C:\\Users\\ContainerAdministrator\\AppData\\Local\\Temp\\comfyui_pvenv_i8rktazg\\persistent_worker.py', 'tcp://127.0.0.1:65285']...
  [ComfyUI] [VRAM] Before GeomPackLoadMesh: 1271 / 24575 MB
  [ComfyUI] [VRAM] Before GeomPackLoadMesh: 1271 / 24575 MB
  [ComfyUI] [VRAM] Before GeomPackLoadMesh: 1271 / 24575 MB
  [ComfyUI] [VRAM] Before GeomPackLoadMesh: 1271 / 24575 MB
  [ComfyUI] [VRAM] Before GeomPackLoadMesh: 1271 / 24575 MB
  [ComfyUI] [VRAM] Before GeomPackLoadMesh: 1271 / 24575 MB
  [ComfyUI] [VRAM] Before GeomPackLoadMesh: 1271 / 24575 MB
  [ComfyUI] [VRAM] Before GeomPackLoadMesh: 1271 / 24575 MB
  [ComfyUI] [SubprocessWorker] call_method: nodes.io.load_mesh.LoadMesh.EXECUTE_NORMALIZED
  [ComfyUI] [SubprocessWorker] call_method: nodes.io.load_mesh.LoadMesh.EXECUTE_NORMALIZED
  [ComfyUI] [SubprocessWorker] call_method: nodes.io.load_mesh.LoadMesh.EXECUTE_NORMALIZED
  [ComfyUI] [SubprocessWorker] call_method: nodes.io.load_mesh.LoadMesh.EXECUTE_NORMALIZED
  [ComfyUI] [SubprocessWorker] call_method: nodes.io.load_mesh.LoadMesh.EXECUTE_NORMALIZED
  [ComfyUI] [SubprocessWorker] call_method: nodes.io.load_mesh.LoadMesh.EXECUTE_NORMALIZED
  [ComfyUI] [SubprocessWorker] call_method: nodes.io.load_mesh.LoadMesh.EXECUTE_NORMALIZED
  [ComfyUI] [SubprocessWorker] call_method: nodes.io.load_mesh.LoadMesh.EXECUTE_NORMALIZED
  [ComfyUI] [SubprocessWorker] acquired lock, ensuring started...
  [ComfyUI] [SubprocessWorker] acquired lock, ensuring started...
  [ComfyUI] [SubprocessWorker] acquired lock, ensuring started...
  [ComfyUI] [SubprocessWorker] acquired lock, ensuring started...
  [ComfyUI] [SubprocessWorker] acquired lock, ensuring started...
  [ComfyUI] [SubprocessWorker] acquired lock, ensuring started...
  [ComfyUI] [SubprocessWorker] acquired lock, ensuring started...
  [ComfyUI] [SubprocessWorker] acquired lock, ensuring started...
  [ComfyUI] [comfy-env] geometrypack-nodes: Library/bin has 611 DLLs
  [ComfyUI] [comfy-env] geometrypack-nodes: Library/bin has 611 DLLs
  [ComfyUI] [comfy-env] geometrypack-nodes: Library/bin has 611 DLLs
  [ComfyUI] [comfy-env] geometrypack-nodes: Library/bin has 611 DLLs
  [ComfyUI] [comfy-env] geometrypack-nodes: Library/bin has 611 DLLs
  [ComfyUI] [comfy-env] geometrypack-nodes: Library/bin has 611 DLLs
  [ComfyUI] [comfy-env] geometrypack-nodes: Library/bin has 611 DLLs
  [ComfyUI] [comfy-env] geometrypack-nodes: Library/bin has 611 DLLs
  Frame 2 saved (frame_001.jpg, t=2.3s)
  [capture-periodic] freeze=4ms shot=103ms unfreeze=5ms saved=True
  [ComfyUI] [worker:ComfyUI-GeometryPack] ERROR: Failed to import comfy_kitchen, Error: No module named 'comfy_kitchen', fp8 and fp4 support will not be available.
  [ComfyUI] [worker:ComfyUI-GeometryPack] ERROR: Failed to import comfy_kitchen, Error: No module named 'comfy_kitchen', fp8 and fp4 support will not be available.
  [ComfyUI] [worker:ComfyUI-GeometryPack] ERROR: Failed to import comfy_kitchen, Error: No module named 'comfy_kitchen', fp8 and fp4 support will not be available.
  [ComfyUI] [worker:ComfyUI-GeometryPack] ERROR: Failed to import comfy_kitchen, Error: No module named 'comfy_kitchen', fp8 and fp4 support will not be available.
  [ComfyUI] [worker:ComfyUI-GeometryPack] ERROR: Failed to import comfy_kitchen, Error: No module named 'comfy_kitchen', fp8 and fp4 support will not be available.
  [ComfyUI] [worker:ComfyUI-GeometryPack] ERROR: Failed to import comfy_kitchen, Error: No module named 'comfy_kitchen', fp8 and fp4 support will not be available.
  [ComfyUI] [worker:ComfyUI-GeometryPack] ERROR: Failed to import comfy_kitchen, Error: No module named 'comfy_kitchen', fp8 and fp4 support will not be available.
  [ComfyUI] [worker:ComfyUI-GeometryPack] ERROR: Failed to import comfy_kitchen, Error: No module named 'comfy_kitchen', fp8 and fp4 support will not be available.
  [ComfyUI] [SubprocessWorker] worker started/confirmed
  [ComfyUI] [SubprocessWorker] worker started/confirmed
  [ComfyUI] [SubprocessWorker] worker started/confirmed
  [ComfyUI] [SubprocessWorker] worker started/confirmed
  [ComfyUI] [SubprocessWorker] worker started/confirmed
  [ComfyUI] [SubprocessWorker] worker started/confirmed
  [ComfyUI] [SubprocessWorker] worker started/confirmed
  [ComfyUI] [SubprocessWorker] worker started/confirmed
  [ComfyUI] [SubprocessWorker] serializing kwargs to shm...
  [ComfyUI] [SubprocessWorker] serializing kwargs to shm...
  [ComfyUI] [SubprocessWorker] serializing kwargs to shm...
  [ComfyUI] [SubprocessWorker] serializing kwargs to shm...
  [ComfyUI] [SubprocessWorker] serializing kwargs to shm...
  [ComfyUI] [SubprocessWorker] serializing kwargs to shm...
  [ComfyUI] [SubprocessWorker] serializing kwargs to shm...
  [ComfyUI] [SubprocessWorker] serializing kwargs to shm...
  [ComfyUI] [SubprocessWorker] created 0 shm blocks
  [ComfyUI] [SubprocessWorker] created 0 shm blocks
  [ComfyUI] [SubprocessWorker] created 0 shm blocks
  [ComfyUI] [SubprocessWorker] created 0 shm blocks
  [ComfyUI] [SubprocessWorker] created 0 shm blocks
  [ComfyUI] [SubprocessWorker] created 0 shm blocks
  [ComfyUI] [SubprocessWorker] created 0 shm blocks
  [ComfyUI] [SubprocessWorker] created 0 shm blocks
  [ComfyUI] [SubprocessWorker] sending request via socket...
  [ComfyUI] [SubprocessWorker] sending request via socket...
  [ComfyUI] [SubprocessWorker] sending request via socket...
  [ComfyUI] [SubprocessWorker] sending request via socket...
  [ComfyUI] [SubprocessWorker] sending request via socket...
  [ComfyUI] [SubprocessWorker] sending request via socket...
  [ComfyUI] [SubprocessWorker] sending request via socket...
  [ComfyUI] [SubprocessWorker] sending request via socket...
  [ComfyUI] [SubprocessWorker] call_id=1 sending call_method
  [ComfyUI] [SubprocessWorker] call_id=1 sending call_method
  [ComfyUI] [SubprocessWorker] call_id=1 sending call_method
  [ComfyUI] [SubprocessWorker] call_id=1 sending call_method
  [ComfyUI] [SubprocessWorker] call_id=1 sending call_method
  [ComfyUI] [SubprocessWorker] call_id=1 sending call_method
  [ComfyUI] [SubprocessWorker] call_id=1 sending call_method
  [ComfyUI] [SubprocessWorker] call_id=1 sending call_method
  Frame 3 saved (frame_002.jpg, t=4.6s)
  [capture-periodic] freeze=4ms shot=106ms unfreeze=5ms saved=True
  [capture-loop] iter=50 t=6.1s state={'complete': False, 'error': None, 'executedCount': 0, 'wsState': 1} eval_ms=4 ram=8.8/31.9GB (27%) swap=0.2/11.4GB (2%) cpu=5% browser_rss=0.68GB
  [ComfyUI] [worker:ComfyUI-GeometryPack] INFO: Found mesh in input folder: 3d/camelhead.off
  [ComfyUI] [worker:ComfyUI-GeometryPack] INFO: Found mesh in input folder: 3d/camelhead.off
  [ComfyUI] [worker:ComfyUI-GeometryPack] INFO: Found mesh in input folder: 3d/camelhead.off
  [ComfyUI] [worker:ComfyUI-GeometryPack] INFO: Found mesh in input folder: 3d/camelhead.off
  [ComfyUI] [worker:ComfyUI-GeometryPack] INFO: Found mesh in input folder: 3d/camelhead.off
  [ComfyUI] [worker:ComfyUI-GeometryPack] INFO: Found mesh in input folder: 3d/camelhead.off
  [ComfyUI] [worker:ComfyUI-GeometryPack] INFO: Found mesh in input folder: 3d/camelhead.off
  [ComfyUI] [worker:ComfyUI-GeometryPack] INFO: Found mesh in input folder: 3d/camelhead.off
  [ComfyUI] [worker:ComfyUI-GeometryPack] INFO: Loading: C:\workspaces\GeometryPack-2344\ComfyUI\input\3d/camelhead.off
  [ComfyUI] [worker:ComfyUI-GeometryPack] INFO: Loading: C:\workspaces\GeometryPack-2344\ComfyUI\input\3d/camelhead.off
  [ComfyUI] [worker:ComfyUI-GeometryPack] INFO: Loading: C:\workspaces\GeometryPack-2344\ComfyUI\input\3d/camelhead.off
  [ComfyUI] [worker:ComfyUI-GeometryPack] INFO: Loading: C:\workspaces\GeometryPack-2344\ComfyUI\input\3d/camelhead.off
  [ComfyUI] [worker:ComfyUI-GeometryPack] INFO: Loading: C:\workspaces\GeometryPack-2344\ComfyUI\input\3d/camelhead.off
  [ComfyUI] [worker:ComfyUI-GeometryPack] INFO: Loading: C:\workspaces\GeometryPack-2344\ComfyUI\input\3d/camelhead.off
  [ComfyUI] [worker:ComfyUI-GeometryPack] INFO: Loading: C:\workspaces\GeometryPack-2344\ComfyUI\input\3d/camelhead.off
  [ComfyUI] [worker:ComfyUI-GeometryPack] INFO: Loading: C:\workspaces\GeometryPack-2344\ComfyUI\input\3d/camelhead.off
  [ComfyUI] [worker:ComfyUI-GeometryPack] INFO: Initial mesh: 11381 vertices, 22704 faces
  [ComfyUI] [worker:ComfyUI-GeometryPack] INFO: Initial mesh: 11381 vertices, 22704 faces
  [ComfyUI] [worker:ComfyUI-GeometryPack] INFO: Initial mesh: 11381 vertices, 22704 faces
  [ComfyUI] [worker:ComfyUI-GeometryPack] INFO: Initial mesh: 11381 vertices, 22704 faces
  [ComfyUI] [worker:ComfyUI-GeometryPack] INFO: Initial mesh: 11381 vertices, 22704 faces
  [ComfyUI] [worker:ComfyUI-GeometryPack] INFO: Initial mesh: 11381 vertices, 22704 faces
  [ComfyUI] [worker:ComfyUI-GeometryPack] INFO: Initial mesh: 11381 vertices, 22704 faces
  [ComfyUI] [worker:ComfyUI-GeometryPack] INFO: Initial mesh: 11381 vertices, 22704 faces
  [ComfyUI] [worker:ComfyUI-GeometryPack] INFO: Successfully loaded: 11381 vertices, 22704 faces
  [ComfyUI] [worker:ComfyUI-GeometryPack] INFO: Successfully loaded: 11381 vertices, 22704 faces
  [ComfyUI] [worker:ComfyUI-GeometryPack] INFO: Successfully loaded: 11381 vertices, 22704 faces
  [ComfyUI] [worker:ComfyUI-GeometryPack] INFO: Successfully loaded: 11381 vertices, 22704 faces
  [ComfyUI] [worker:ComfyUI-GeometryPack] INFO: Successfully loaded: 11381 vertices, 22704 faces
  [ComfyUI] [worker:ComfyUI-GeometryPack] INFO: Successfully loaded: 11381 vertices, 22704 faces
  [ComfyUI] [worker:ComfyUI-GeometryPack] INFO: Successfully loaded: 11381 vertices, 22704 faces
  [ComfyUI] [worker:ComfyUI-GeometryPack] INFO: Successfully loaded: 11381 vertices, 22704 faces
  [ComfyUI] [worker:ComfyUI-GeometryPack] INFO: Loaded: 11381 vertices, 22704 faces
  [ComfyUI] [worker:ComfyUI-GeometryPack] INFO: Loaded: 11381 vertices, 22704 faces
  [ComfyUI] [worker:ComfyUI-GeometryPack] INFO: Loaded: 11381 vertices, 22704 faces
  [ComfyUI] [worker:ComfyUI-GeometryPack] INFO: Loaded: 11381 vertices, 22704 faces
  [ComfyUI] [worker:ComfyUI-GeometryPack] INFO: Loaded: 11381 vertices, 22704 faces
  [ComfyUI] [worker:ComfyUI-GeometryPack] INFO: Loaded: 11381 vertices, 22704 faces
  [ComfyUI] [worker:ComfyUI-GeometryPack] INFO: Loaded: 11381 vertices, 22704 faces
  [ComfyUI] [worker:ComfyUI-GeometryPack] INFO: Loaded: 11381 vertices, 22704 faces
  [ComfyUI] [SubprocessWorker] got response: ok
  [ComfyUI] [SubprocessWorker] got response: ok
  [ComfyUI] [SubprocessWorker] got response: ok
  [ComfyUI] [SubprocessWorker] got response: ok
  [ComfyUI] [SubprocessWorker] got response: ok
  [ComfyUI] [SubprocessWorker] got response: ok
  [ComfyUI] [SubprocessWorker] got response: ok
  [ComfyUI] [SubprocessWorker] got response: ok
  [ComfyUI] [comfy-env] GeomPackLoadMesh done (9.13s): result: NodeOutput
  [ComfyUI] [comfy-env] GeomPackLoadMesh done (9.13s): result: NodeOutput
  [ComfyUI] [comfy-env] GeomPackLoadMesh done (9.13s): result: NodeOutput
  [ComfyUI] [comfy-env] GeomPackLoadMesh done (9.13s): result: NodeOutput
  [ComfyUI] [comfy-env] GeomPackLoadMesh done (9.13s): result: NodeOutput
  [ComfyUI] [comfy-env] GeomPackLoadMesh done (9.13s): result: NodeOutput
  [ComfyUI] [comfy-env] GeomPackLoadMesh done (9.13s): result: NodeOutput
  [ComfyUI] [comfy-env] GeomPackLoadMesh done (9.13s): result: NodeOutput
  [ComfyUI] [VRAM] After GeomPackLoadMesh: 1271 / 24575 MB
  [ComfyUI] [VRAM] After GeomPackLoadMesh: 1271 / 24575 MB
  [ComfyUI] [VRAM] After GeomPackLoadMesh: 1271 / 24575 MB
  [ComfyUI] [VRAM] After GeomPackLoadMesh: 1271 / 24575 MB
  [ComfyUI] [VRAM] After GeomPackLoadMesh: 1271 / 24575 MB
  [ComfyUI] [VRAM] After GeomPackLoadMesh: 1271 / 24575 MB
  [ComfyUI] [VRAM] After GeomPackLoadMesh: 1271 / 24575 MB
  [ComfyUI] [VRAM] After GeomPackLoadMesh: 1271 / 24575 MB
  [ComfyUI] [comfy-env] Running GeomPackFillHoles: backend: dict, mesh: Trimesh
  [ComfyUI] [comfy-env] Running GeomPackFillHoles: backend: dict, mesh: Trimesh
  [ComfyUI] [comfy-env] Running GeomPackFillHoles: backend: dict, mesh: Trimesh
  [ComfyUI] [comfy-env] Running GeomPackFillHoles: backend: dict, mesh: Trimesh
  [ComfyUI] [comfy-env] Running GeomPackFillHoles: backend: dict, mesh: Trimesh
  [ComfyUI] [comfy-env] Running GeomPackFillHoles: backend: dict, mesh: Trimesh
  [ComfyUI] [comfy-env] Running GeomPackFillHoles: backend: dict, mesh: Trimesh
  [ComfyUI] [comfy-env] Running GeomPackFillHoles: backend: dict, mesh: Trimesh
  [ComfyUI] [VRAM] Before GeomPackFillHoles: 1271 / 24575 MB
  [ComfyUI] [VRAM] Before GeomPackFillHoles: 1271 / 24575 MB
  [ComfyUI] [VRAM] Before GeomPackFillHoles: 1271 / 24575 MB
  [ComfyUI] [VRAM] Before GeomPackFillHoles: 1271 / 24575 MB
  [ComfyUI] [VRAM] Before GeomPackFillHoles: 1271 / 24575 MB
  [ComfyUI] [VRAM] Before GeomPackFillHoles: 1271 / 24575 MB
  [ComfyUI] [VRAM] Before GeomPackFillHoles: 1271 / 24575 MB
  [ComfyUI] [VRAM] Before GeomPackFillHoles: 1271 / 24575 MB
  [ComfyUI] [SubprocessWorker] call_method: nodes.repair.fill_holes.FillHolesNode.EXECUTE_NORMALIZED
  [ComfyUI] [SubprocessWorker] call_method: nodes.repair.fill_holes.FillHolesNode.EXECUTE_NORMALIZED
  [ComfyUI] [SubprocessWorker] call_method: nodes.repair.fill_holes.FillHolesNode.EXECUTE_NORMALIZED
  [ComfyUI] [SubprocessWorker] call_method: nodes.repair.fill_holes.FillHolesNode.EXECUTE_NORMALIZED
  [ComfyUI] [SubprocessWorker] call_method: nodes.repair.fill_holes.FillHolesNode.EXECUTE_NORMALIZED
  [ComfyUI] [SubprocessWorker] call_method: nodes.repair.fill_holes.FillHolesNode.EXECUTE_NORMALIZED
  [ComfyUI] [SubprocessWorker] call_method: nodes.repair.fill_holes.FillHolesNode.EXECUTE_NORMALIZED
  [ComfyUI] [SubprocessWorker] call_method: nodes.repair.fill_holes.FillHolesNode.EXECUTE_NORMALIZED
  [ComfyUI] [SubprocessWorker] acquired lock, ensuring started...
  [ComfyUI] [SubprocessWorker] acquired lock, ensuring started...
  [ComfyUI] [SubprocessWorker] acquired lock, ensuring started...
  [ComfyUI] [SubprocessWorker] acquired lock, ensuring started...
  [ComfyUI] [SubprocessWorker] acquired lock, ensuring started...
  [ComfyUI] [SubprocessWorker] acquired lock, ensuring started...
  [ComfyUI] [SubprocessWorker] acquired lock, ensuring started...
  [ComfyUI] [SubprocessWorker] acquired lock, ensuring started...
  [ComfyUI] [ComfyUI-GeometryPack] Health check: ping (timeout=5.0s)...
  [ComfyUI] [ComfyUI-GeometryPack] Health check: ping (timeout=5.0s)...
  [ComfyUI] [ComfyUI-GeometryPack] Health check: ping (timeout=5.0s)...
  [ComfyUI] [ComfyUI-GeometryPack] Health check: ping (timeout=5.0s)...
  [ComfyUI] [ComfyUI-GeometryPack] Health check: ping (timeout=5.0s)...
  [ComfyUI] [ComfyUI-GeometryPack] Health check: ping (timeout=5.0s)...
  [ComfyUI] [ComfyUI-GeometryPack] Health check: ping (timeout=5.0s)...
  [ComfyUI] [ComfyUI-GeometryPack] Health check: ping (timeout=5.0s)...
  [ComfyUI] [ComfyUI-GeometryPack] Health check: ok
  [ComfyUI] [ComfyUI-GeometryPack] Health check: ok
  [ComfyUI] [ComfyUI-GeometryPack] Health check: ok
  [ComfyUI] [ComfyUI-GeometryPack] Health check: ok
  [ComfyUI] [ComfyUI-GeometryPack] Health check: ok
  [ComfyUI] [ComfyUI-GeometryPack] Health check: ok
  [ComfyUI] [ComfyUI-GeometryPack] Health check: ok
  [ComfyUI] [ComfyUI-GeometryPack] Health check: ok
  [ComfyUI] [SubprocessWorker] worker started/confirmed
  [ComfyUI] [SubprocessWorker] worker started/confirmed
  [ComfyUI] [SubprocessWorker] worker started/confirmed
  [ComfyUI] [SubprocessWorker] worker started/confirmed
  [ComfyUI] [SubprocessWorker] worker started/confirmed
  [ComfyUI] [SubprocessWorker] worker started/confirmed
  [ComfyUI] [SubprocessWorker] worker started/confirmed
  [ComfyUI] [SubprocessWorker] worker started/confirmed
  [ComfyUI] [SubprocessWorker] serializing kwargs to shm...
  [ComfyUI] [SubprocessWorker] serializing kwargs to shm...
  [ComfyUI] [SubprocessWorker] serializing kwargs to shm...
  [ComfyUI] [SubprocessWorker] serializing kwargs to shm...
  [ComfyUI] [SubprocessWorker] serializing kwargs to shm...
  [ComfyUI] [SubprocessWorker] serializing kwargs to shm...
  [ComfyUI] [SubprocessWorker] serializing kwargs to shm...
  [ComfyUI] [SubprocessWorker] serializing kwargs to shm...
  [ComfyUI] [SubprocessWorker] created 1 shm blocks
  [ComfyUI] [SubprocessWorker] created 1 shm blocks
  [ComfyUI] [SubprocessWorker] created 1 shm blocks
  [ComfyUI] [SubprocessWorker] created 1 shm blocks
  [ComfyUI] [SubprocessWorker] created 1 shm blocks
  [ComfyUI] [SubprocessWorker] created 1 shm blocks
  [ComfyUI] [SubprocessWorker] created 1 shm blocks
  [ComfyUI] [SubprocessWorker] created 1 shm blocks
  [ComfyUI] [SubprocessWorker] sending request via socket...
  [ComfyUI] [SubprocessWorker] sending request via socket...
  [ComfyUI] [SubprocessWorker] sending request via socket...
  [ComfyUI] [SubprocessWorker] sending request via socket...
  [ComfyUI] [SubprocessWorker] sending request via socket...
  [ComfyUI] [SubprocessWorker] sending request via socket...
  [ComfyUI] [SubprocessWorker] sending request via socket...
  [ComfyUI] [SubprocessWorker] sending request via socket...
  [ComfyUI] [SubprocessWorker] call_id=2 sending call_method
  [ComfyUI] [SubprocessWorker] call_id=2 sending call_method
  [ComfyUI] [SubprocessWorker] call_id=2 sending call_method
  [ComfyUI] [SubprocessWorker] call_id=2 sending call_method
  [ComfyUI] [SubprocessWorker] call_id=2 sending call_method
  [ComfyUI] [SubprocessWorker] call_id=2 sending call_method
  [ComfyUI] [SubprocessWorker] call_id=2 sending call_method
  [ComfyUI] [SubprocessWorker] call_id=2 sending call_method
  [ComfyUI] [worker:ComfyUI-GeometryPack] INFO: Fill Holes dispatch: igl_fan -> GeomPackFillHoles_IglFan
  [ComfyUI] [worker:ComfyUI-GeometryPack] INFO: Fill Holes dispatch: igl_fan -> GeomPackFillHoles_IglFan
  [ComfyUI] [worker:ComfyUI-GeometryPack] INFO: Fill Holes dispatch: igl_fan -> GeomPackFillHoles_IglFan
  [ComfyUI] [worker:ComfyUI-GeometryPack] INFO: Fill Holes dispatch: igl_fan -> GeomPackFillHoles_IglFan
  [ComfyUI] [worker:ComfyUI-GeometryPack] INFO: Fill Holes dispatch: igl_fan -> GeomPackFillHoles_IglFan
  [ComfyUI] [worker:ComfyUI-GeometryPack] INFO: Fill Holes dispatch: igl_fan -> GeomPackFillHoles_IglFan
  [ComfyUI] [worker:ComfyUI-GeometryPack] INFO: Fill Holes dispatch: igl_fan -> GeomPackFillHoles_IglFan
  [ComfyUI] [worker:ComfyUI-GeometryPack] INFO: Fill Holes dispatch: igl_fan -> GeomPackFillHoles_IglFan
  [ComfyUI] [SubprocessWorker] got response: ok
  [ComfyUI] [SubprocessWorker] got response: ok
  [ComfyUI] [SubprocessWorker] got response: ok
  [ComfyUI] [SubprocessWorker] got response: ok
  [ComfyUI] [SubprocessWorker] got response: ok
  [ComfyUI] [SubprocessWorker] got response: ok
  [ComfyUI] [SubprocessWorker] got response: ok
  [ComfyUI] [SubprocessWorker] got response: ok
  [ComfyUI] [comfy-env] GeomPackFillHoles done (0.04s): result: NodeOutput
  [ComfyUI] [comfy-env] GeomPackFillHoles done (0.04s): result: NodeOutput
  [ComfyUI] [comfy-env] GeomPackFillHoles done (0.04s): result: NodeOutput
  [ComfyUI] [comfy-env] GeomPackFillHoles done (0.04s): result: NodeOutput
  [ComfyUI] [comfy-env] GeomPackFillHoles done (0.04s): result: NodeOutput
  [ComfyUI] [comfy-env] GeomPackFillHoles done (0.04s): result: NodeOutput
  [ComfyUI] [comfy-env] GeomPackFillHoles done (0.04s): result: NodeOutput
  [ComfyUI] [comfy-env] GeomPackFillHoles done (0.04s): result: NodeOutput
  [ComfyUI] [VRAM] After GeomPackFillHoles: 1271 / 24575 MB
  [ComfyUI] [VRAM] After GeomPackFillHoles: 1271 / 24575 MB
  [ComfyUI] [VRAM] After GeomPackFillHoles: 1271 / 24575 MB
  [ComfyUI] [VRAM] After GeomPackFillHoles: 1271 / 24575 MB
  [ComfyUI] [VRAM] After GeomPackFillHoles: 1271 / 24575 MB
  [ComfyUI] [VRAM] After GeomPackFillHoles: 1271 / 24575 MB
  [ComfyUI] [VRAM] After GeomPackFillHoles: 1271 / 24575 MB
  [ComfyUI] [VRAM] After GeomPackFillHoles: 1271 / 24575 MB
  [ComfyUI] [comfy-env] Running GeomPackFillHoles: backend: dict, mesh: Trimesh
  [ComfyUI] [comfy-env] Running GeomPackFillHoles: backend: dict, mesh: Trimesh
  [ComfyUI] [comfy-env] Running GeomPackFillHoles: backend: dict, mesh: Trimesh
  [ComfyUI] [comfy-env] Running GeomPackFillHoles: backend: dict, mesh: Trimesh
  [ComfyUI] [comfy-env] Running GeomPackFillHoles: backend: dict, mesh: Trimesh
  [ComfyUI] [comfy-env] Running GeomPackFillHoles: backend: dict, mesh: Trimesh
  [ComfyUI] [comfy-env] Running GeomPackFillHoles: backend: dict, mesh: Trimesh
  [ComfyUI] [comfy-env] Running GeomPackFillHoles: backend: dict, mesh: Trimesh
  [ComfyUI] [VRAM] Before GeomPackFillHoles: 1271 / 24575 MB
  [ComfyUI] [VRAM] Before GeomPackFillHoles: 1271 / 24575 MB
  [ComfyUI] [VRAM] Before GeomPackFillHoles: 1271 / 24575 MB
  [ComfyUI] [VRAM] Before GeomPackFillHoles: 1271 / 24575 MB
  [ComfyUI] [VRAM] Before GeomPackFillHoles: 1271 / 24575 MB
  [ComfyUI] [VRAM] Before GeomPackFillHoles: 1271 / 24575 MB
  [ComfyUI] [VRAM] Before GeomPackFillHoles: 1271 / 24575 MB
  [ComfyUI] [VRAM] Before GeomPackFillHoles: 1271 / 24575 MB
  [ComfyUI] [SubprocessWorker] call_method: nodes.repair.fill_holes.FillHolesNode.EXECUTE_NORMALIZED
  [ComfyUI] [SubprocessWorker] call_method: nodes.repair.fill_holes.FillHolesNode.EXECUTE_NORMALIZED
  [ComfyUI] [SubprocessWorker] call_method: nodes.repair.fill_holes.FillHolesNode.EXECUTE_NORMALIZED
  [ComfyUI] [SubprocessWorker] call_method: nodes.repair.fill_holes.FillHolesNode.EXECUTE_NORMALIZED
  [ComfyUI] [SubprocessWorker] call_method: nodes.repair.fill_holes.FillHolesNode.EXECUTE_NORMALIZED
  [ComfyUI] [SubprocessWorker] call_method: nodes.repair.fill_holes.FillHolesNode.EXECUTE_NORMALIZED
  [ComfyUI] [SubprocessWorker] call_method: nodes.repair.fill_holes.FillHolesNode.EXECUTE_NORMALIZED
  [ComfyUI] [SubprocessWorker] call_method: nodes.repair.fill_holes.FillHolesNode.EXECUTE_NORMALIZED
  [ComfyUI] [SubprocessWorker] acquired lock, ensuring started...
  [ComfyUI] [SubprocessWorker] acquired lock, ensuring started...
  [ComfyUI] [SubprocessWorker] acquired lock, ensuring started...
  [ComfyUI] [SubprocessWorker] acquired lock, ensuring started...
  [ComfyUI] [SubprocessWorker] acquired lock, ensuring started...
  [ComfyUI] [SubprocessWorker] acquired lock, ensuring started...
  [ComfyUI] [SubprocessWorker] acquired lock, ensuring started...
  [ComfyUI] [SubprocessWorker] acquired lock, ensuring started...
  [ComfyUI] [ComfyUI-GeometryPack] Health check: ping (timeout=5.0s)...
  [ComfyUI] [ComfyUI-GeometryPack] Health check: ping (timeout=5.0s)...
  [ComfyUI] [ComfyUI-GeometryPack] Health check: ping (timeout=5.0s)...
  [ComfyUI] [ComfyUI-GeometryPack] Health check: ping (timeout=5.0s)...
  [ComfyUI] [ComfyUI-GeometryPack] Health check: ping (timeout=5.0s)...
  [ComfyUI] [ComfyUI-GeometryPack] Health check: ping (timeout=5.0s)...
  [ComfyUI] [ComfyUI-GeometryPack] Health check: ping (timeout=5.0s)...
  [ComfyUI] [ComfyUI-GeometryPack] Health check: ping (timeout=5.0s)...
  [ComfyUI] [ComfyUI-GeometryPack] Health check: ok
  [ComfyUI] [ComfyUI-GeometryPack] Health check: ok
  [ComfyUI] [ComfyUI-GeometryPack] Health check: ok
  [ComfyUI] [ComfyUI-GeometryPack] Health check: ok
  [ComfyUI] [ComfyUI-GeometryPack] Health check: ok
  [ComfyUI] [ComfyUI-GeometryPack] Health check: ok
  [ComfyUI] [ComfyUI-GeometryPack] Health check: ok
  [ComfyUI] [ComfyUI-GeometryPack] Health check: ok
  [ComfyUI] [SubprocessWorker] worker started/confirmed
  [ComfyUI] [SubprocessWorker] worker started/confirmed
  [ComfyUI] [SubprocessWorker] worker started/confirmed
  [ComfyUI] [SubprocessWorker] worker started/confirmed
  [ComfyUI] [SubprocessWorker] worker started/confirmed
  [ComfyUI] [SubprocessWorker] worker started/confirmed
  [ComfyUI] [SubprocessWorker] worker started/confirmed
  [ComfyUI] [SubprocessWorker] worker started/confirmed
  [ComfyUI] [SubprocessWorker] serializing kwargs to shm...
  [ComfyUI] [SubprocessWorker] serializing kwargs to shm...
  [ComfyUI] [SubprocessWorker] serializing kwargs to shm...
  [ComfyUI] [SubprocessWorker] serializing kwargs to shm...
  [ComfyUI] [SubprocessWorker] serializing kwargs to shm...
  [ComfyUI] [SubprocessWorker] serializing kwargs to shm...
  [ComfyUI] [SubprocessWorker] serializing kwargs to shm...
  [ComfyUI] [SubprocessWorker] serializing kwargs to shm...
  [ComfyUI] [SubprocessWorker] created 1 shm blocks
  [ComfyUI] [SubprocessWorker] created 1 shm blocks
  [ComfyUI] [SubprocessWorker] created 1 shm blocks
  [ComfyUI] [SubprocessWorker] created 1 shm blocks
  [ComfyUI] [SubprocessWorker] created 1 shm blocks
  [ComfyUI] [SubprocessWorker] created 1 shm blocks
  [ComfyUI] [SubprocessWorker] created 1 shm blocks
  [ComfyUI] [SubprocessWorker] created 1 shm blocks
  [ComfyUI] [SubprocessWorker] sending request via socket...
  [ComfyUI] [SubprocessWorker] sending request via socket...
  [ComfyUI] [SubprocessWorker] sending request via socket...
  [ComfyUI] [SubprocessWorker] sending request via socket...
  [ComfyUI] [SubprocessWorker] sending request via socket...
  [ComfyUI] [SubprocessWorker] sending request via socket...
  [ComfyUI] [SubprocessWorker] sending request via socket...
  [ComfyUI] [SubprocessWorker] sending request via socket...
  [ComfyUI] [SubprocessWorker] call_id=3 sending call_method
  [ComfyUI] [SubprocessWorker] call_id=3 sending call_method
  [ComfyUI] [SubprocessWorker] call_id=3 sending call_method
  [ComfyUI] [SubprocessWorker] call_id=3 sending call_method
  [ComfyUI] [SubprocessWorker] call_id=3 sending call_method
  [ComfyUI] [SubprocessWorker] call_id=3 sending call_method
  [ComfyUI] [SubprocessWorker] call_id=3 sending call_method
  [ComfyUI] [SubprocessWorker] call_id=3 sending call_method
  [ComfyUI] [worker:ComfyUI-GeometryPack] INFO: Fill Holes dispatch: cgal -> GeomPackFillHoles_CGAL
  [ComfyUI] [worker:ComfyUI-GeometryPack] INFO: Fill Holes dispatch: cgal -> GeomPackFillHoles_CGAL
  [ComfyUI] [worker:ComfyUI-GeometryPack] INFO: Fill Holes dispatch: cgal -> GeomPackFillHoles_CGAL
  [ComfyUI] [worker:ComfyUI-GeometryPack] INFO: Fill Holes dispatch: cgal -> GeomPackFillHoles_CGAL
  [ComfyUI] [worker:ComfyUI-GeometryPack] INFO: Fill Holes dispatch: cgal -> GeomPackFillHoles_CGAL
  [ComfyUI] [worker:ComfyUI-GeometryPack] INFO: Fill Holes dispatch: cgal -> GeomPackFillHoles_CGAL
  [ComfyUI] [worker:ComfyUI-GeometryPack] INFO: Fill Holes dispatch: cgal -> GeomPackFillHoles_CGAL
  [ComfyUI] [worker:ComfyUI-GeometryPack] INFO: Fill Holes dispatch: cgal -> GeomPackFillHoles_CGAL
  [ComfyUI] [SubprocessWorker] got response: ok
  [ComfyUI] [SubprocessWorker] got response: ok
  [ComfyUI] [SubprocessWorker] got response: ok
  [ComfyUI] [SubprocessWorker] got response: ok
  [ComfyUI] [SubprocessWorker] got response: ok
  [ComfyUI] [SubprocessWorker] got response: ok
  [ComfyUI] [SubprocessWorker] got response: ok
  [ComfyUI] [SubprocessWorker] got response: ok
  [ComfyUI] [comfy-env] GeomPackFillHoles done (0.04s): result: NodeOutput
  [ComfyUI] [comfy-env] GeomPackFillHoles done (0.04s): result: NodeOutput
  [ComfyUI] [comfy-env] GeomPackFillHoles done (0.04s): result: NodeOutput
  [ComfyUI] [comfy-env] GeomPackFillHoles done (0.04s): result: NodeOutput
  [ComfyUI] [comfy-env] GeomPackFillHoles done (0.04s): result: NodeOutput
  [ComfyUI] [comfy-env] GeomPackFillHoles done (0.04s): result: NodeOutput
  [ComfyUI] [comfy-env] GeomPackFillHoles done (0.04s): result: NodeOutput
  [ComfyUI] [comfy-env] GeomPackFillHoles done (0.04s): result: NodeOutput
  [ComfyUI] [VRAM] After GeomPackFillHoles: 1271 / 24575 MB
  [ComfyUI] [VRAM] After GeomPackFillHoles: 1271 / 24575 MB
  [ComfyUI] [VRAM] After GeomPackFillHoles: 1271 / 24575 MB
  [ComfyUI] [VRAM] After GeomPackFillHoles: 1271 / 24575 MB
  [ComfyUI] [VRAM] After GeomPackFillHoles: 1271 / 24575 MB
  [ComfyUI] [VRAM] After GeomPackFillHoles: 1271 / 24575 MB
  [ComfyUI] [VRAM] After GeomPackFillHoles: 1271 / 24575 MB
  [ComfyUI] [VRAM] After GeomPackFillHoles: 1271 / 24575 MB
  [ComfyUI] [comfy-env] Running GeomPackFillHoles: backend: dict, mesh: Trimesh
  [ComfyUI] [comfy-env] Running GeomPackFillHoles: backend: dict, mesh: Trimesh
  [ComfyUI] [comfy-env] Running GeomPackFillHoles: backend: dict, mesh: Trimesh
  [ComfyUI] [comfy-env] Running GeomPackFillHoles: backend: dict, mesh: Trimesh
  [ComfyUI] [comfy-env] Running GeomPackFillHoles: backend: dict, mesh: Trimesh
  [ComfyUI] [comfy-env] Running GeomPackFillHoles: backend: dict, mesh: Trimesh
  [ComfyUI] [comfy-env] Running GeomPackFillHoles: backend: dict, mesh: Trimesh
  [ComfyUI] [comfy-env] Running GeomPackFillHoles: backend: dict, mesh: Trimesh
  [ComfyUI] [VRAM] Before GeomPackFillHoles: 1271 / 24575 MB
  [ComfyUI] [VRAM] Before GeomPackFillHoles: 1271 / 24575 MB
  [ComfyUI] [VRAM] Before GeomPackFillHoles: 1271 / 24575 MB
  [ComfyUI] [VRAM] Before GeomPackFillHoles: 1271 / 24575 MB
  [ComfyUI] [VRAM] Before GeomPackFillHoles: 1271 / 24575 MB
  [ComfyUI] [VRAM] Before GeomPackFillHoles: 1271 / 24575 MB
  [ComfyUI] [VRAM] Before GeomPackFillHoles: 1271 / 24575 MB
  [ComfyUI] [VRAM] Before GeomPackFillHoles: 1271 / 24575 MB
  [ComfyUI] [SubprocessWorker] call_method: nodes.repair.fill_holes.FillHolesNode.EXECUTE_NORMALIZED
  [ComfyUI] [SubprocessWorker] call_method: nodes.repair.fill_holes.FillHolesNode.EXECUTE_NORMALIZED
  [ComfyUI] [SubprocessWorker] call_method: nodes.repair.fill_holes.FillHolesNode.EXECUTE_NORMALIZED
  [ComfyUI] [SubprocessWorker] call_method: nodes.repair.fill_holes.FillHolesNode.EXECUTE_NORMALIZED
  [ComfyUI] [SubprocessWorker] call_method: nodes.repair.fill_holes.FillHolesNode.EXECUTE_NORMALIZED
  [ComfyUI] [SubprocessWorker] call_method: nodes.repair.fill_holes.FillHolesNode.EXECUTE_NORMALIZED
  [ComfyUI] [SubprocessWorker] call_method: nodes.repair.fill_holes.FillHolesNode.EXECUTE_NORMALIZED
  [ComfyUI] [SubprocessWorker] call_method: nodes.repair.fill_holes.FillHolesNode.EXECUTE_NORMALIZED
  [ComfyUI] [SubprocessWorker] acquired lock, ensuring started...
  [ComfyUI] [SubprocessWorker] acquired lock, ensuring started...
  [ComfyUI] [SubprocessWorker] acquired lock, ensuring started...
  [ComfyUI] [SubprocessWorker] acquired lock, ensuring started...
  [ComfyUI] [SubprocessWorker] acquired lock, ensuring started...
  [ComfyUI] [SubprocessWorker] acquired lock, ensuring started...
  [ComfyUI] [SubprocessWorker] acquired lock, ensuring started...
  [ComfyUI] [SubprocessWorker] acquired lock, ensuring started...
  [ComfyUI] [ComfyUI-GeometryPack] Health check: ping (timeout=5.0s)...
  [ComfyUI] [ComfyUI-GeometryPack] Health check: ping (timeout=5.0s)...
  [ComfyUI] [ComfyUI-GeometryPack] Health check: ping (timeout=5.0s)...
  [ComfyUI] [ComfyUI-GeometryPack] Health check: ping (timeout=5.0s)...
  [ComfyUI] [ComfyUI-GeometryPack] Health check: ping (timeout=5.0s)...
  [ComfyUI] [ComfyUI-GeometryPack] Health check: ping (timeout=5.0s)...
  [ComfyUI] [ComfyUI-GeometryPack] Health check: ping (timeout=5.0s)...
  [ComfyUI] [ComfyUI-GeometryPack] Health check: ping (timeout=5.0s)...
  [ComfyUI] [ComfyUI-GeometryPack] Health check: ok
  [ComfyUI] [ComfyUI-GeometryPack] Health check: ok
  [ComfyUI] [ComfyUI-GeometryPack] Health check: ok
  [ComfyUI] [ComfyUI-GeometryPack] Health check: ok
  [ComfyUI] [ComfyUI-GeometryPack] Health check: ok
  [ComfyUI] [ComfyUI-GeometryPack] Health check: ok
  [ComfyUI] [ComfyUI-GeometryPack] Health check: ok
  [ComfyUI] [ComfyUI-GeometryPack] Health check: ok
  [ComfyUI] [SubprocessWorker] worker started/confirmed
  [ComfyUI] [SubprocessWorker] worker started/confirmed
  [ComfyUI] [SubprocessWorker] worker started/confirmed
  [ComfyUI] [SubprocessWorker] worker started/confirmed
  [ComfyUI] [SubprocessWorker] worker started/confirmed
  [ComfyUI] [SubprocessWorker] worker started/confirmed
  [ComfyUI] [SubprocessWorker] worker started/confirmed
  [ComfyUI] [SubprocessWorker] worker started/confirmed
  [ComfyUI] [SubprocessWorker] serializing kwargs to shm...
  [ComfyUI] [SubprocessWorker] serializing kwargs to shm...
  [ComfyUI] [SubprocessWorker] serializing kwargs to shm...
  [ComfyUI] [SubprocessWorker] serializing kwargs to shm...
  [ComfyUI] [SubprocessWorker] serializing kwargs to shm...
  [ComfyUI] [SubprocessWorker] serializing kwargs to shm...
  [ComfyUI] [SubprocessWorker] serializing kwargs to shm...
  [ComfyUI] [SubprocessWorker] serializing kwargs to shm...
  [ComfyUI] [SubprocessWorker] created 1 shm blocks
  [ComfyUI] [SubprocessWorker] created 1 shm blocks
  [ComfyUI] [SubprocessWorker] created 1 shm blocks
  [ComfyUI] [SubprocessWorker] created 1 shm blocks
  [ComfyUI] [SubprocessWorker] created 1 shm blocks
  [ComfyUI] [SubprocessWorker] created 1 shm blocks
  [ComfyUI] [SubprocessWorker] created 1 shm blocks
  [ComfyUI] [SubprocessWorker] created 1 shm blocks
  [ComfyUI] [SubprocessWorker] sending request via socket...
  [ComfyUI] [SubprocessWorker] sending request via socket...
  [ComfyUI] [SubprocessWorker] sending request via socket...
  [ComfyUI] [SubprocessWorker] sending request via socket...
  [ComfyUI] [SubprocessWorker] sending request via socket...
  [ComfyUI] [SubprocessWorker] sending request via socket...
  [ComfyUI] [SubprocessWorker] sending request via socket...
  [ComfyUI] [SubprocessWorker] sending request via socket...
  [ComfyUI] [SubprocessWorker] call_id=4 sending call_method
  [ComfyUI] [SubprocessWorker] call_id=4 sending call_method
  [ComfyUI] [SubprocessWorker] call_id=4 sending call_method
  [ComfyUI] [SubprocessWorker] call_id=4 sending call_method
  [ComfyUI] [SubprocessWorker] call_id=4 sending call_method
  [ComfyUI] [SubprocessWorker] call_id=4 sending call_method
  [ComfyUI] [SubprocessWorker] call_id=4 sending call_method
  [ComfyUI] [SubprocessWorker] call_id=4 sending call_method
  [ComfyUI] [worker:ComfyUI-GeometryPack] INFO: Fill Holes dispatch: pymeshlab -> GeomPackFillHoles_PyMeshLab
  [ComfyUI] [worker:ComfyUI-GeometryPack] INFO: Fill Holes dispatch: pymeshlab -> GeomPackFillHoles_PyMeshLab
  [ComfyUI] [worker:ComfyUI-GeometryPack] INFO: Fill Holes dispatch: pymeshlab -> GeomPackFillHoles_PyMeshLab
  [ComfyUI] [worker:ComfyUI-GeometryPack] INFO: Fill Holes dispatch: pymeshlab -> GeomPackFillHoles_PyMeshLab
  [ComfyUI] [worker:ComfyUI-GeometryPack] INFO: Fill Holes dispatch: pymeshlab -> GeomPackFillHoles_PyMeshLab
  [ComfyUI] [worker:ComfyUI-GeometryPack] INFO: Fill Holes dispatch: pymeshlab -> GeomPackFillHoles_PyMeshLab
  [ComfyUI] [worker:ComfyUI-GeometryPack] INFO: Fill Holes dispatch: pymeshlab -> GeomPackFillHoles_PyMeshLab
  [ComfyUI] [worker:ComfyUI-GeometryPack] INFO: Fill Holes dispatch: pymeshlab -> GeomPackFillHoles_PyMeshLab
  [ComfyUI] [SubprocessWorker] got response: ok
  [ComfyUI] [SubprocessWorker] got response: ok
  [ComfyUI] [SubprocessWorker] got response: ok
  [ComfyUI] [SubprocessWorker] got response: ok
  [ComfyUI] [SubprocessWorker] got response: ok
  [ComfyUI] [SubprocessWorker] got response: ok
  [ComfyUI] [SubprocessWorker] got response: ok
  [ComfyUI] [SubprocessWorker] got response: ok
  [ComfyUI] [comfy-env] GeomPackFillHoles done (0.04s): result: NodeOutput
  [ComfyUI] [comfy-env] GeomPackFillHoles done (0.04s): result: NodeOutput
  [ComfyUI] [comfy-env] GeomPackFillHoles done (0.04s): result: NodeOutput
  [ComfyUI] [comfy-env] GeomPackFillHoles done (0.04s): result: NodeOutput
  [ComfyUI] [comfy-env] GeomPackFillHoles done (0.04s): result: NodeOutput
  [ComfyUI] [comfy-env] GeomPackFillHoles done (0.04s): result: NodeOutput
  [ComfyUI] [comfy-env] GeomPackFillHoles done (0.04s): result: NodeOutput
  [ComfyUI] [comfy-env] GeomPackFillHoles done (0.04s): result: NodeOutput
  [ComfyUI] [VRAM] After GeomPackFillHoles: 1271 / 24575 MB
  [ComfyUI] [VRAM] After GeomPackFillHoles: 1271 / 24575 MB
  [ComfyUI] [VRAM] After GeomPackFillHoles: 1271 / 24575 MB
  [ComfyUI] [VRAM] After GeomPackFillHoles: 1271 / 24575 MB
  [ComfyUI] [VRAM] After GeomPackFillHoles: 1271 / 24575 MB
  [ComfyUI] [VRAM] After GeomPackFillHoles: 1271 / 24575 MB
  [ComfyUI] [VRAM] After GeomPackFillHoles: 1271 / 24575 MB
  [ComfyUI] [VRAM] After GeomPackFillHoles: 1271 / 24575 MB
  [ComfyUI] [comfy-env] Running GeomPackFillHoles: backend: dict, mesh: Trimesh
  [ComfyUI] [comfy-env] Running GeomPackFillHoles: backend: dict, mesh: Trimesh
  [ComfyUI] [comfy-env] Running GeomPackFillHoles: backend: dict, mesh: Trimesh
  [ComfyUI] [comfy-env] Running GeomPackFillHoles: backend: dict, mesh: Trimesh
  [ComfyUI] [comfy-env] Running GeomPackFillHoles: backend: dict, mesh: Trimesh
  [ComfyUI] [comfy-env] Running GeomPackFillHoles: backend: dict, mesh: Trimesh
  [ComfyUI] [comfy-env] Running GeomPackFillHoles: backend: dict, mesh: Trimesh
  [ComfyUI] [comfy-env] Running GeomPackFillHoles: backend: dict, mesh: Trimesh
  [ComfyUI] [VRAM] Before GeomPackFillHoles: 1271 / 24575 MB
  [ComfyUI] [VRAM] Before GeomPackFillHoles: 1271 / 24575 MB
  [ComfyUI] [VRAM] Before GeomPackFillHoles: 1271 / 24575 MB
  [ComfyUI] [VRAM] Before GeomPackFillHoles: 1271 / 24575 MB
  [ComfyUI] [VRAM] Before GeomPackFillHoles: 1271 / 24575 MB
  [ComfyUI] [VRAM] Before GeomPackFillHoles: 1271 / 24575 MB
  [ComfyUI] [VRAM] Before GeomPackFillHoles: 1271 / 24575 MB
  [ComfyUI] [VRAM] Before GeomPackFillHoles: 1271 / 24575 MB
  [ComfyUI] [SubprocessWorker] call_method: nodes.repair.fill_holes.FillHolesNode.EXECUTE_NORMALIZED
  [ComfyUI] [SubprocessWorker] call_method: nodes.repair.fill_holes.FillHolesNode.EXECUTE_NORMALIZED
  [ComfyUI] [SubprocessWorker] call_method: nodes.repair.fill_holes.FillHolesNode.EXECUTE_NORMALIZED
  [ComfyUI] [SubprocessWorker] call_method: nodes.repair.fill_holes.FillHolesNode.EXECUTE_NORMALIZED
  [ComfyUI] [SubprocessWorker] call_method: nodes.repair.fill_holes.FillHolesNode.EXECUTE_NORMALIZED
  [ComfyUI] [SubprocessWorker] call_method: nodes.repair.fill_holes.FillHolesNode.EXECUTE_NORMALIZED
  [ComfyUI] [SubprocessWorker] call_method: nodes.repair.fill_holes.FillHolesNode.EXECUTE_NORMALIZED
  [ComfyUI] [SubprocessWorker] call_method: nodes.repair.fill_holes.FillHolesNode.EXECUTE_NORMALIZED
  [ComfyUI] [SubprocessWorker] acquired lock, ensuring started...
  [ComfyUI] [SubprocessWorker] acquired lock, ensuring started...
  [ComfyUI] [SubprocessWorker] acquired lock, ensuring started...
  [ComfyUI] [SubprocessWorker] acquired lock, ensuring started...
  [ComfyUI] [SubprocessWorker] acquired lock, ensuring started...
  [ComfyUI] [SubprocessWorker] acquired lock, ensuring started...
  [ComfyUI] [SubprocessWorker] acquired lock, ensuring started...
  [ComfyUI] [SubprocessWorker] acquired lock, ensuring started...
  [ComfyUI] [ComfyUI-GeometryPack] Health check: ping (timeout=5.0s)...
  [ComfyUI] [ComfyUI-GeometryPack] Health check: ping (timeout=5.0s)...
  [ComfyUI] [ComfyUI-GeometryPack] Health check: ping (timeout=5.0s)...
  [ComfyUI] [ComfyUI-GeometryPack] Health check: ping (timeout=5.0s)...
  [ComfyUI] [ComfyUI-GeometryPack] Health check: ping (timeout=5.0s)...
  [ComfyUI] [ComfyUI-GeometryPack] Health check: ping (timeout=5.0s)...
  [ComfyUI] [ComfyUI-GeometryPack] Health check: ping (timeout=5.0s)...
  [ComfyUI] [ComfyUI-GeometryPack] Health check: ping (timeout=5.0s)...
  [ComfyUI] [ComfyUI-GeometryPack] Health check: ok
  [ComfyUI] [ComfyUI-GeometryPack] Health check: ok
  [ComfyUI] [ComfyUI-GeometryPack] Health check: ok
  [ComfyUI] [ComfyUI-GeometryPack] Health check: ok
  [ComfyUI] [ComfyUI-GeometryPack] Health check: ok
  [ComfyUI] [ComfyUI-GeometryPack] Health check: ok
  [ComfyUI] [ComfyUI-GeometryPack] Health check: ok
  [ComfyUI] [ComfyUI-GeometryPack] Health check: ok
  [ComfyUI] [SubprocessWorker] worker started/confirmed
  [ComfyUI] [SubprocessWorker] worker started/confirmed
  [ComfyUI] [SubprocessWorker] worker started/confirmed
  [ComfyUI] [SubprocessWorker] worker started/confirmed
  [ComfyUI] [SubprocessWorker] worker started/confirmed
  [ComfyUI] [SubprocessWorker] worker started/confirmed
  [ComfyUI] [SubprocessWorker] worker started/confirmed
  [ComfyUI] [SubprocessWorker] worker started/confirmed
  [ComfyUI] [SubprocessWorker] serializing kwargs to shm...
  [ComfyUI] [SubprocessWorker] serializing kwargs to shm...
  [ComfyUI] [SubprocessWorker] serializing kwargs to shm...
  [ComfyUI] [SubprocessWorker] serializing kwargs to shm...
  [ComfyUI] [SubprocessWorker] serializing kwargs to shm...
  [ComfyUI] [SubprocessWorker] serializing kwargs to shm...
  [ComfyUI] [SubprocessWorker] serializing kwargs to shm...
  [ComfyUI] [SubprocessWorker] serializing kwargs to shm...
  [ComfyUI] [SubprocessWorker] created 1 shm blocks
  [ComfyUI] [SubprocessWorker] created 1 shm blocks
  [ComfyUI] [SubprocessWorker] created 1 shm blocks
  [ComfyUI] [SubprocessWorker] created 1 shm blocks
  [ComfyUI] [SubprocessWorker] created 1 shm blocks
  [ComfyUI] [SubprocessWorker] created 1 shm blocks
  [ComfyUI] [SubprocessWorker] created 1 shm blocks
  [ComfyUI] [SubprocessWorker] created 1 shm blocks
  [ComfyUI] [SubprocessWorker] sending request via socket...
  [ComfyUI] [SubprocessWorker] sending request via socket...
  [ComfyUI] [SubprocessWorker] sending request via socket...
  [ComfyUI] [SubprocessWorker] sending request via socket...
  [ComfyUI] [SubprocessWorker] sending request via socket...
  [ComfyUI] [SubprocessWorker] sending request via socket...
  [ComfyUI] [SubprocessWorker] sending request via socket...
  [ComfyUI] [SubprocessWorker] sending request via socket...
  [ComfyUI] [SubprocessWorker] call_id=5 sending call_method
  [ComfyUI] [SubprocessWorker] call_id=5 sending call_method
  [ComfyUI] [SubprocessWorker] call_id=5 sending call_method
  [ComfyUI] [SubprocessWorker] call_id=5 sending call_method
  [ComfyUI] [SubprocessWorker] call_id=5 sending call_method
  [ComfyUI] [SubprocessWorker] call_id=5 sending call_method
  [ComfyUI] [SubprocessWorker] call_id=5 sending call_method
  [ComfyUI] [SubprocessWorker] call_id=5 sending call_method
  [ComfyUI] [worker:ComfyUI-GeometryPack] INFO: Fill Holes dispatch: pymeshfix -> GeomPackFillHoles_PyMeshFix
  [ComfyUI] [worker:ComfyUI-GeometryPack] INFO: Fill Holes dispatch: pymeshfix -> GeomPackFillHoles_PyMeshFix
  [ComfyUI] [worker:ComfyUI-GeometryPack] INFO: Fill Holes dispatch: pymeshfix -> GeomPackFillHoles_PyMeshFix
  [ComfyUI] [worker:ComfyUI-GeometryPack] INFO: Fill Holes dispatch: pymeshfix -> GeomPackFillHoles_PyMeshFix
  [ComfyUI] [worker:ComfyUI-GeometryPack] INFO: Fill Holes dispatch: pymeshfix -> GeomPackFillHoles_PyMeshFix
  [ComfyUI] [worker:ComfyUI-GeometryPack] INFO: Fill Holes dispatch: pymeshfix -> GeomPackFillHoles_PyMeshFix
  [ComfyUI] [worker:ComfyUI-GeometryPack] INFO: Fill Holes dispatch: pymeshfix -> GeomPackFillHoles_PyMeshFix
  [ComfyUI] [worker:ComfyUI-GeometryPack] INFO: Fill Holes dispatch: pymeshfix -> GeomPackFillHoles_PyMeshFix
  [ComfyUI] [SubprocessWorker] got response: ok
  [ComfyUI] [SubprocessWorker] got response: ok
  [ComfyUI] [SubprocessWorker] got response: ok
  [ComfyUI] [SubprocessWorker] got response: ok
  [ComfyUI] [SubprocessWorker] got response: ok
  [ComfyUI] [SubprocessWorker] got response: ok
  [ComfyUI] [SubprocessWorker] got response: ok
  [ComfyUI] [SubprocessWorker] got response: ok
  [ComfyUI] [comfy-env] GeomPackFillHoles done (0.04s): result: NodeOutput
  [ComfyUI] [comfy-env] GeomPackFillHoles done (0.04s): result: NodeOutput
  [ComfyUI] [comfy-env] GeomPackFillHoles done (0.04s): result: NodeOutput
  [ComfyUI] [comfy-env] GeomPackFillHoles done (0.04s): result: NodeOutput
  [ComfyUI] [comfy-env] GeomPackFillHoles done (0.04s): result: NodeOutput
  [ComfyUI] [comfy-env] GeomPackFillHoles done (0.04s): result: NodeOutput
  [ComfyUI] [comfy-env] GeomPackFillHoles done (0.04s): result: NodeOutput
  [ComfyUI] [comfy-env] GeomPackFillHoles done (0.04s): result: NodeOutput
  [ComfyUI] [VRAM] After GeomPackFillHoles: 1271 / 24575 MB
  [ComfyUI] [VRAM] After GeomPackFillHoles: 1271 / 24575 MB
  [ComfyUI] [VRAM] After GeomPackFillHoles: 1271 / 24575 MB
  [ComfyUI] [VRAM] After GeomPackFillHoles: 1271 / 24575 MB
  [ComfyUI] [VRAM] After GeomPackFillHoles: 1271 / 24575 MB
  [ComfyUI] [VRAM] After GeomPackFillHoles: 1271 / 24575 MB
  [ComfyUI] [VRAM] After GeomPackFillHoles: 1271 / 24575 MB
  [ComfyUI] [VRAM] After GeomPackFillHoles: 1271 / 24575 MB
  [ComfyUI] [comfy-env] Running GeomPackFillHoles: backend: dict, mesh: Trimesh
  [ComfyUI] [comfy-env] Running GeomPackFillHoles: backend: dict, mesh: Trimesh
  [ComfyUI] [comfy-env] Running GeomPackFillHoles: backend: dict, mesh: Trimesh
  [ComfyUI] [comfy-env] Running GeomPackFillHoles: backend: dict, mesh: Trimesh
  [ComfyUI] [comfy-env] Running GeomPackFillHoles: backend: dict, mesh: Trimesh
  [ComfyUI] [comfy-env] Running GeomPackFillHoles: backend: dict, mesh: Trimesh
  [ComfyUI] [comfy-env] Running GeomPackFillHoles: backend: dict, mesh: Trimesh
  [ComfyUI] [comfy-env] Running GeomPackFillHoles: backend: dict, mesh: Trimesh
  [ComfyUI] [VRAM] Before GeomPackFillHoles: 1271 / 24575 MB
  [ComfyUI] [VRAM] Before GeomPackFillHoles: 1271 / 24575 MB
  [ComfyUI] [VRAM] Before GeomPackFillHoles: 1271 / 24575 MB
  [ComfyUI] [VRAM] Before GeomPackFillHoles: 1271 / 24575 MB
  [ComfyUI] [VRAM] Before GeomPackFillHoles: 1271 / 24575 MB
  [ComfyUI] [VRAM] Before GeomPackFillHoles: 1271 / 24575 MB
  [ComfyUI] [VRAM] Before GeomPackFillHoles: 1271 / 24575 MB
  [ComfyUI] [VRAM] Before GeomPackFillHoles: 1271 / 24575 MB
  [ComfyUI] [SubprocessWorker] call_method: nodes.repair.fill_holes.FillHolesNode.EXECUTE_NORMALIZED
  [ComfyUI] [SubprocessWorker] call_method: nodes.repair.fill_holes.FillHolesNode.EXECUTE_NORMALIZED
  [ComfyUI] [SubprocessWorker] call_method: nodes.repair.fill_holes.FillHolesNode.EXECUTE_NORMALIZED
  [ComfyUI] [SubprocessWorker] call_method: nodes.repair.fill_holes.FillHolesNode.EXECUTE_NORMALIZED
  [ComfyUI] [SubprocessWorker] call_method: nodes.repair.fill_holes.FillHolesNode.EXECUTE_NORMALIZED
  [ComfyUI] [SubprocessWorker] call_method: nodes.repair.fill_holes.FillHolesNode.EXECUTE_NORMALIZED
  [ComfyUI] [SubprocessWorker] call_method: nodes.repair.fill_holes.FillHolesNode.EXECUTE_NORMALIZED
  [ComfyUI] [SubprocessWorker] call_method: nodes.repair.fill_holes.FillHolesNode.EXECUTE_NORMALIZED
  [ComfyUI] [SubprocessWorker] acquired lock, ensuring started...
  [ComfyUI] [SubprocessWorker] acquired lock, ensuring started...
  [ComfyUI] [SubprocessWorker] acquired lock, ensuring started...
  [ComfyUI] [SubprocessWorker] acquired lock, ensuring started...
  [ComfyUI] [SubprocessWorker] acquired lock, ensuring started...
  [ComfyUI] [SubprocessWorker] acquired lock, ensuring started...
  [ComfyUI] [SubprocessWorker] acquired lock, ensuring started...
  [ComfyUI] [SubprocessWorker] acquired lock, ensuring started...
  [ComfyUI] [ComfyUI-GeometryPack] Health check: ping (timeout=5.0s)...
  [ComfyUI] [ComfyUI-GeometryPack] Health check: ping (timeout=5.0s)...
  [ComfyUI] [ComfyUI-GeometryPack] Health check: ping (timeout=5.0s)...
  [ComfyUI] [ComfyUI-GeometryPack] Health check: ping (timeout=5.0s)...
  [ComfyUI] [ComfyUI-GeometryPack] Health check: ping (timeout=5.0s)...
  [ComfyUI] [ComfyUI-GeometryPack] Health check: ping (timeout=5.0s)...
  [ComfyUI] [ComfyUI-GeometryPack] Health check: ping (timeout=5.0s)...
  [ComfyUI] [ComfyUI-GeometryPack] Health check: ping (timeout=5.0s)...
  [ComfyUI] [ComfyUI-GeometryPack] Health check: ok
  [ComfyUI] [ComfyUI-GeometryPack] Health check: ok
  [ComfyUI] [ComfyUI-GeometryPack] Health check: ok
  [ComfyUI] [ComfyUI-GeometryPack] Health check: ok
  [ComfyUI] [ComfyUI-GeometryPack] Health check: ok
  [ComfyUI] [ComfyUI-GeometryPack] Health check: ok
  [ComfyUI] [ComfyUI-GeometryPack] Health check: ok
  [ComfyUI] [ComfyUI-GeometryPack] Health check: ok
  [ComfyUI] [SubprocessWorker] worker started/confirmed
  [ComfyUI] [SubprocessWorker] worker started/confirmed
  [ComfyUI] [SubprocessWorker] worker started/confirmed
  [ComfyUI] [SubprocessWorker] worker started/confirmed
  [ComfyUI] [SubprocessWorker] worker started/confirmed
  [ComfyUI] [SubprocessWorker] worker started/confirmed
  [ComfyUI] [SubprocessWorker] worker started/confirmed
  [ComfyUI] [SubprocessWorker] worker started/confirmed
  [ComfyUI] [SubprocessWorker] serializing kwargs to shm...
  [ComfyUI] [SubprocessWorker] serializing kwargs to shm...
  [ComfyUI] [SubprocessWorker] serializing kwargs to shm...
  [ComfyUI] [SubprocessWorker] serializing kwargs to shm...
  [ComfyUI] [SubprocessWorker] serializing kwargs to shm...
  [ComfyUI] [SubprocessWorker] serializing kwargs to shm...
  [ComfyUI] [SubprocessWorker] serializing kwargs to shm...
  [ComfyUI] [SubprocessWorker] serializing kwargs to shm...
  [ComfyUI] [SubprocessWorker] created 1 shm blocks
  [ComfyUI] [SubprocessWorker] created 1 shm blocks
  [ComfyUI] [SubprocessWorker] created 1 shm blocks
  [ComfyUI] [SubprocessWorker] created 1 shm blocks
  [ComfyUI] [SubprocessWorker] created 1 shm blocks
  [ComfyUI] [SubprocessWorker] created 1 shm blocks
  [ComfyUI] [SubprocessWorker] created 1 shm blocks
  [ComfyUI] [SubprocessWorker] created 1 shm blocks
  [ComfyUI] [SubprocessWorker] sending request via socket...
  [ComfyUI] [SubprocessWorker] sending request via socket...
  [ComfyUI] [SubprocessWorker] sending request via socket...
  [ComfyUI] [SubprocessWorker] sending request via socket...
  [ComfyUI] [SubprocessWorker] sending request via socket...
  [ComfyUI] [SubprocessWorker] sending request via socket...
  [ComfyUI] [SubprocessWorker] sending request via socket...
  [ComfyUI] [SubprocessWorker] sending request via socket...
  [ComfyUI] [SubprocessWorker] call_id=6 sending call_method
  [ComfyUI] [SubprocessWorker] call_id=6 sending call_method
  [ComfyUI] [SubprocessWorker] call_id=6 sending call_method
  [ComfyUI] [SubprocessWorker] call_id=6 sending call_method
  [ComfyUI] [SubprocessWorker] call_id=6 sending call_method
  [ComfyUI] [SubprocessWorker] call_id=6 sending call_method
  [ComfyUI] [SubprocessWorker] call_id=6 sending call_method
  [ComfyUI] [SubprocessWorker] call_id=6 sending call_method
  [ComfyUI] [worker:ComfyUI-GeometryPack] INFO: Fill Holes dispatch: gpu_cumesh -> GeomPackFillHoles_GPU
  [ComfyUI] [worker:ComfyUI-GeometryPack] INFO: Fill Holes dispatch: gpu_cumesh -> GeomPackFillHoles_GPU
  [ComfyUI] [worker:ComfyUI-GeometryPack] INFO: Fill Holes dispatch: gpu_cumesh -> GeomPackFillHoles_GPU
  [ComfyUI] [worker:ComfyUI-GeometryPack] INFO: Fill Holes dispatch: gpu_cumesh -> GeomPackFillHoles_GPU
  [ComfyUI] [worker:ComfyUI-GeometryPack] INFO: Fill Holes dispatch: gpu_cumesh -> GeomPackFillHoles_GPU
  [ComfyUI] [worker:ComfyUI-GeometryPack] INFO: Fill Holes dispatch: gpu_cumesh -> GeomPackFillHoles_GPU
  [ComfyUI] [worker:ComfyUI-GeometryPack] INFO: Fill Holes dispatch: gpu_cumesh -> GeomPackFillHoles_GPU
  [ComfyUI] [worker:ComfyUI-GeometryPack] INFO: Fill Holes dispatch: gpu_cumesh -> GeomPackFillHoles_GPU
  [ComfyUI] [SubprocessWorker] got response: ok
  [ComfyUI] [SubprocessWorker] got response: ok
  [ComfyUI] [SubprocessWorker] got response: ok
  [ComfyUI] [SubprocessWorker] got response: ok
  [ComfyUI] [SubprocessWorker] got response: ok
  [ComfyUI] [SubprocessWorker] got response: ok
  [ComfyUI] [SubprocessWorker] got response: ok
  [ComfyUI] [SubprocessWorker] got response: ok
  [ComfyUI] [comfy-env] GeomPackFillHoles done (0.03s): result: NodeOutput
  [ComfyUI] [comfy-env] GeomPackFillHoles done (0.03s): result: NodeOutput
  [ComfyUI] [comfy-env] GeomPackFillHoles done (0.03s): result: NodeOutput
  [ComfyUI] [comfy-env] GeomPackFillHoles done (0.03s): result: NodeOutput
  [ComfyUI] [comfy-env] GeomPackFillHoles done (0.03s): result: NodeOutput
  [ComfyUI] [comfy-env] GeomPackFillHoles done (0.03s): result: NodeOutput
  [ComfyUI] [comfy-env] GeomPackFillHoles done (0.03s): result: NodeOutput
  [ComfyUI] [comfy-env] GeomPackFillHoles done (0.03s): result: NodeOutput
  [ComfyUI] [VRAM] After GeomPackFillHoles: 1271 / 24575 MB
  [ComfyUI] [VRAM] After GeomPackFillHoles: 1271 / 24575 MB
  [ComfyUI] [VRAM] After GeomPackFillHoles: 1271 / 24575 MB
  [ComfyUI] [VRAM] After GeomPackFillHoles: 1271 / 24575 MB
  [ComfyUI] [VRAM] After GeomPackFillHoles: 1271 / 24575 MB
  [ComfyUI] [VRAM] After GeomPackFillHoles: 1271 / 24575 MB
  [ComfyUI] [VRAM] After GeomPackFillHoles: 1271 / 24575 MB
  [ComfyUI] [VRAM] After GeomPackFillHoles: 1271 / 24575 MB
  [ComfyUI] [comfy-env] Running GeomPackFillHoles_IglFan: mesh: Trimesh
  [ComfyUI] [comfy-env] Running GeomPackFillHoles_IglFan: mesh: Trimesh
  [ComfyUI] [comfy-env] Running GeomPackFillHoles_IglFan: mesh: Trimesh
  [ComfyUI] [comfy-env] Running GeomPackFillHoles_IglFan: mesh: Trimesh
  [ComfyUI] [comfy-env] Running GeomPackFillHoles_IglFan: mesh: Trimesh
  [ComfyUI] [comfy-env] Running GeomPackFillHoles_IglFan: mesh: Trimesh
  [ComfyUI] [comfy-env] Running GeomPackFillHoles_IglFan: mesh: Trimesh
  [ComfyUI] [comfy-env] Running GeomPackFillHoles_IglFan: mesh: Trimesh
  [ComfyUI] [VRAM] Before GeomPackFillHoles_IglFan: 1271 / 24575 MB
  [ComfyUI] [VRAM] Before GeomPackFillHoles_IglFan: 1271 / 24575 MB
  [ComfyUI] [VRAM] Before GeomPackFillHoles_IglFan: 1271 / 24575 MB
  [ComfyUI] [VRAM] Before GeomPackFillHoles_IglFan: 1271 / 24575 MB
  [ComfyUI] [VRAM] Before GeomPackFillHoles_IglFan: 1271 / 24575 MB
  [ComfyUI] [VRAM] Before GeomPackFillHoles_IglFan: 1271 / 24575 MB
  [ComfyUI] [VRAM] Before GeomPackFillHoles_IglFan: 1271 / 24575 MB
  [ComfyUI] [VRAM] Before GeomPackFillHoles_IglFan: 1271 / 24575 MB
  [ComfyUI] [SubprocessWorker] call_method: nodes.repair.backends.igl_fan_fill.FillHolesIglFanNode.EXECUTE_NORMALIZED
  [ComfyUI] [SubprocessWorker] call_method: nodes.repair.backends.igl_fan_fill.FillHolesIglFanNode.EXECUTE_NORMALIZED
  [ComfyUI] [SubprocessWorker] call_method: nodes.repair.backends.igl_fan_fill.FillHolesIglFanNode.EXECUTE_NORMALIZED
  [ComfyUI] [SubprocessWorker] call_method: nodes.repair.backends.igl_fan_fill.FillHolesIglFanNode.EXECUTE_NORMALIZED
  [ComfyUI] [SubprocessWorker] call_method: nodes.repair.backends.igl_fan_fill.FillHolesIglFanNode.EXECUTE_NORMALIZED
  [ComfyUI] [SubprocessWorker] call_method: nodes.repair.backends.igl_fan_fill.FillHolesIglFanNode.EXECUTE_NORMALIZED
  [ComfyUI] [SubprocessWorker] call_method: nodes.repair.backends.igl_fan_fill.FillHolesIglFanNode.EXECUTE_NORMALIZED
  [ComfyUI] [SubprocessWorker] call_method: nodes.repair.backends.igl_fan_fill.FillHolesIglFanNode.EXECUTE_NORMALIZED
  [ComfyUI] [SubprocessWorker] acquired lock, ensuring started...
  [ComfyUI] [SubprocessWorker] acquired lock, ensuring started...
  [ComfyUI] [SubprocessWorker] acquired lock, ensuring started...
  [ComfyUI] [SubprocessWorker] acquired lock, ensuring started...
  [ComfyUI] [SubprocessWorker] acquired lock, ensuring started...
  [ComfyUI] [SubprocessWorker] acquired lock, ensuring started...
  [ComfyUI] [SubprocessWorker] acquired lock, ensuring started...
  [ComfyUI] [SubprocessWorker] acquired lock, ensuring started...
  [ComfyUI] [ComfyUI-GeometryPack] Health check: ping (timeout=5.0s)...
  [ComfyUI] [ComfyUI-GeometryPack] Health check: ping (timeout=5.0s)...
  [ComfyUI] [ComfyUI-GeometryPack] Health check: ping (timeout=5.0s)...
  [ComfyUI] [ComfyUI-GeometryPack] Health check: ping (timeout=5.0s)...
  [ComfyUI] [ComfyUI-GeometryPack] Health check: ping (timeout=5.0s)...
  [ComfyUI] [ComfyUI-GeometryPack] Health check: ping (timeout=5.0s)...
  [ComfyUI] [ComfyUI-GeometryPack] Health check: ping (timeout=5.0s)...
  [ComfyUI] [ComfyUI-GeometryPack] Health check: ping (timeout=5.0s)...
  [ComfyUI] [ComfyUI-GeometryPack] Health check: ok
  [ComfyUI] [ComfyUI-GeometryPack] Health check: ok
  [ComfyUI] [ComfyUI-GeometryPack] Health check: ok
  [ComfyUI] [ComfyUI-GeometryPack] Health check: ok
  [ComfyUI] [ComfyUI-GeometryPack] Health check: ok
  [ComfyUI] [ComfyUI-GeometryPack] Health check: ok
  [ComfyUI] [ComfyUI-GeometryPack] Health check: ok
  [ComfyUI] [ComfyUI-GeometryPack] Health check: ok
  [ComfyUI] [SubprocessWorker] worker started/confirmed
  [ComfyUI] [SubprocessWorker] worker started/confirmed
  [ComfyUI] [SubprocessWorker] worker started/confirmed
  [ComfyUI] [SubprocessWorker] worker started/confirmed
  [ComfyUI] [SubprocessWorker] worker started/confirmed
  [ComfyUI] [SubprocessWorker] worker started/confirmed
  [ComfyUI] [SubprocessWorker] worker started/confirmed
  [ComfyUI] [SubprocessWorker] worker started/confirmed
  [ComfyUI] [SubprocessWorker] serializing kwargs to shm...
  [ComfyUI] [SubprocessWorker] serializing kwargs to shm...
  [ComfyUI] [SubprocessWorker] serializing kwargs to shm...
  [ComfyUI] [SubprocessWorker] serializing kwargs to shm...
  [ComfyUI] [SubprocessWorker] serializing kwargs to shm...
  [ComfyUI] [SubprocessWorker] serializing kwargs to shm...
  [ComfyUI] [SubprocessWorker] serializing kwargs to shm...
  [ComfyUI] [SubprocessWorker] serializing kwargs to shm...
  [ComfyUI] [SubprocessWorker] created 1 shm blocks
  [ComfyUI] [SubprocessWorker] created 1 shm blocks
  [ComfyUI] [SubprocessWorker] created 1 shm blocks
  [ComfyUI] [SubprocessWorker] created 1 shm blocks
  [ComfyUI] [SubprocessWorker] created 1 shm blocks
  [ComfyUI] [SubprocessWorker] created 1 shm blocks
  [ComfyUI] [SubprocessWorker] created 1 shm blocks
  [ComfyUI] [SubprocessWorker] created 1 shm blocks
  [ComfyUI] [SubprocessWorker] sending request via socket...
  [ComfyUI] [SubprocessWorker] sending request via socket...
  [ComfyUI] [SubprocessWorker] sending request via socket...
  [ComfyUI] [SubprocessWorker] sending request via socket...
  [ComfyUI] [SubprocessWorker] sending request via socket...
  [ComfyUI] [SubprocessWorker] sending request via socket...
  [ComfyUI] [SubprocessWorker] sending request via socket...
  [ComfyUI] [SubprocessWorker] sending request via socket...
  [ComfyUI] [SubprocessWorker] call_id=7 sending call_method
  [ComfyUI] [SubprocessWorker] call_id=7 sending call_method
  [ComfyUI] [SubprocessWorker] call_id=7 sending call_method
  [ComfyUI] [SubprocessWorker] call_id=7 sending call_method
  [ComfyUI] [SubprocessWorker] call_id=7 sending call_method
  [ComfyUI] [SubprocessWorker] call_id=7 sending call_method
  [ComfyUI] [SubprocessWorker] call_id=7 sending call_method
  [ComfyUI] [SubprocessWorker] call_id=7 sending call_method
  [ComfyUI] [worker:ComfyUI-GeometryPack] INFO: igl_fan: filled boundary loop with 54 faces
  [ComfyUI] [worker:ComfyUI-GeometryPack] INFO: igl_fan: filled boundary loop with 54 faces
  [ComfyUI] [worker:ComfyUI-GeometryPack] INFO: igl_fan: filled boundary loop with 54 faces
  [ComfyUI] [worker:ComfyUI-GeometryPack] INFO: igl_fan: filled boundary loop with 54 faces
  [ComfyUI] [worker:ComfyUI-GeometryPack] INFO: igl_fan: filled boundary loop with 54 faces
  [ComfyUI] [worker:ComfyUI-GeometryPack] INFO: igl_fan: filled boundary loop with 54 faces
  [ComfyUI] [worker:ComfyUI-GeometryPack] INFO: igl_fan: filled boundary loop with 54 faces
  [ComfyUI] [worker:ComfyUI-GeometryPack] INFO: igl_fan: filled boundary loop with 54 faces
  [ComfyUI] [worker:ComfyUI-GeometryPack] INFO: igl_fan: +54 faces, watertight: False -> True
  [ComfyUI] [worker:ComfyUI-GeometryPack] INFO: igl_fan: +54 faces, watertight: False -> True
  [ComfyUI] [worker:ComfyUI-GeometryPack] INFO: igl_fan: +54 faces, watertight: False -> True
  [ComfyUI] [worker:ComfyUI-GeometryPack] INFO: igl_fan: +54 faces, watertight: False -> True
  [ComfyUI] [worker:ComfyUI-GeometryPack] INFO: igl_fan: +54 faces, watertight: False -> True
  [ComfyUI] [worker:ComfyUI-GeometryPack] INFO: igl_fan: +54 faces, watertight: False -> True
  [ComfyUI] [worker:ComfyUI-GeometryPack] INFO: igl_fan: +54 faces, watertight: False -> True
  [ComfyUI] [worker:ComfyUI-GeometryPack] INFO: igl_fan: +54 faces, watertight: False -> True
  [ComfyUI] [SubprocessWorker] got response: ok
  [ComfyUI] [SubprocessWorker] got response: ok
  [ComfyUI] [SubprocessWorker] got response: ok
  [ComfyUI] [SubprocessWorker] got response: ok
  [ComfyUI] [SubprocessWorker] got response: ok
  [ComfyUI] [SubprocessWorker] got response: ok
  [ComfyUI] [SubprocessWorker] got response: ok
  [ComfyUI] [SubprocessWorker] got response: ok
  [ComfyUI] [comfy-env] GeomPackFillHoles_IglFan done (0.21s): result: NodeOutput
  [ComfyUI] [comfy-env] GeomPackFillHoles_IglFan done (0.21s): result: NodeOutput
  [ComfyUI] [comfy-env] GeomPackFillHoles_IglFan done (0.21s): result: NodeOutput
  [ComfyUI] [comfy-env] GeomPackFillHoles_IglFan done (0.21s): result: NodeOutput
  [ComfyUI] [comfy-env] GeomPackFillHoles_IglFan done (0.21s): result: NodeOutput
  [ComfyUI] [comfy-env] GeomPackFillHoles_IglFan done (0.21s): result: NodeOutput
  [ComfyUI] [comfy-env] GeomPackFillHoles_IglFan done (0.21s): result: NodeOutput
  [ComfyUI] [comfy-env] GeomPackFillHoles_IglFan done (0.21s): result: NodeOutput
  [ComfyUI] [VRAM] After GeomPackFillHoles_IglFan: 1271 / 24575 MB
  [ComfyUI] [VRAM] After GeomPackFillHoles_IglFan: 1271 / 24575 MB
  [ComfyUI] [VRAM] After GeomPackFillHoles_IglFan: 1271 / 24575 MB
  [ComfyUI] [VRAM] After GeomPackFillHoles_IglFan: 1271 / 24575 MB
  [ComfyUI] [VRAM] After GeomPackFillHoles_IglFan: 1271 / 24575 MB
  [ComfyUI] [VRAM] After GeomPackFillHoles_IglFan: 1271 / 24575 MB
  [ComfyUI] [VRAM] After GeomPackFillHoles_IglFan: 1271 / 24575 MB
  [ComfyUI] [VRAM] After GeomPackFillHoles_IglFan: 1271 / 24575 MB
  [ComfyUI] [comfy-env] Running GeomPackFillHoles_CGAL: mesh: Trimesh, quality: 'triangulate'
  [ComfyUI] [comfy-env] Running GeomPackFillHoles_CGAL: mesh: Trimesh, quality: 'triangulate'
  [ComfyUI] [comfy-env] Running GeomPackFillHoles_CGAL: mesh: Trimesh, quality: 'triangulate'
  [ComfyUI] [comfy-env] Running GeomPackFillHoles_CGAL: mesh: Trimesh, quality: 'triangulate'
  [ComfyUI] [comfy-env] Running GeomPackFillHoles_CGAL: mesh: Trimesh, quality: 'triangulate'
  [ComfyUI] [comfy-env] Running GeomPackFillHoles_CGAL: mesh: Trimesh, quality: 'triangulate'
  [ComfyUI] [comfy-env] Running GeomPackFillHoles_CGAL: mesh: Trimesh, quality: 'triangulate'
  [ComfyUI] [comfy-env] Running GeomPackFillHoles_CGAL: mesh: Trimesh, quality: 'triangulate'
  [ComfyUI] [VRAM] Before GeomPackFillHoles_CGAL: 1271 / 24575 MB
  [ComfyUI] [VRAM] Before GeomPackFillHoles_CGAL: 1271 / 24575 MB
  [ComfyUI] [VRAM] Before GeomPackFillHoles_CGAL: 1271 / 24575 MB
  [ComfyUI] [VRAM] Before GeomPackFillHoles_CGAL: 1271 / 24575 MB
  [ComfyUI] [VRAM] Before GeomPackFillHoles_CGAL: 1271 / 24575 MB
  [ComfyUI] [VRAM] Before GeomPackFillHoles_CGAL: 1271 / 24575 MB
  [ComfyUI] [VRAM] Before GeomPackFillHoles_CGAL: 1271 / 24575 MB
  [ComfyUI] [VRAM] Before GeomPackFillHoles_CGAL: 1271 / 24575 MB
  [ComfyUI] [SubprocessWorker] call_method: nodes.repair_cgal.fill_holes_cgal.FillHolesCGALNode.EXECUTE_NORMALIZED
  [ComfyUI] [SubprocessWorker] call_method: nodes.repair_cgal.fill_holes_cgal.FillHolesCGALNode.EXECUTE_NORMALIZED
  [ComfyUI] [SubprocessWorker] call_method: nodes.repair_cgal.fill_holes_cgal.FillHolesCGALNode.EXECUTE_NORMALIZED
  [ComfyUI] [SubprocessWorker] call_method: nodes.repair_cgal.fill_holes_cgal.FillHolesCGALNode.EXECUTE_NORMALIZED
  [ComfyUI] [SubprocessWorker] call_method: nodes.repair_cgal.fill_holes_cgal.FillHolesCGALNode.EXECUTE_NORMALIZED
  [ComfyUI] [SubprocessWorker] call_method: nodes.repair_cgal.fill_holes_cgal.FillHolesCGALNode.EXECUTE_NORMALIZED
  [ComfyUI] [SubprocessWorker] call_method: nodes.repair_cgal.fill_holes_cgal.FillHolesCGALNode.EXECUTE_NORMALIZED
  [ComfyUI] [SubprocessWorker] call_method: nodes.repair_cgal.fill_holes_cgal.FillHolesCGALNode.EXECUTE_NORMALIZED
  [ComfyUI] [SubprocessWorker] acquired lock, ensuring started...
  [ComfyUI] [SubprocessWorker] acquired lock, ensuring started...
  [ComfyUI] [SubprocessWorker] acquired lock, ensuring started...
  [ComfyUI] [SubprocessWorker] acquired lock, ensuring started...
  [ComfyUI] [SubprocessWorker] acquired lock, ensuring started...
  [ComfyUI] [SubprocessWorker] acquired lock, ensuring started...
  [ComfyUI] [SubprocessWorker] acquired lock, ensuring started...
  [ComfyUI] [SubprocessWorker] acquired lock, ensuring started...
  [ComfyUI] [ComfyUI-GeometryPack] Health check: ping (timeout=5.0s)...
  [ComfyUI] [ComfyUI-GeometryPack] Health check: ping (timeout=5.0s)...
  [ComfyUI] [ComfyUI-GeometryPack] Health check: ping (timeout=5.0s)...
  [ComfyUI] [ComfyUI-GeometryPack] Health check: ping (timeout=5.0s)...
  [ComfyUI] [ComfyUI-GeometryPack] Health check: ping (timeout=5.0s)...
  [ComfyUI] [ComfyUI-GeometryPack] Health check: ping (timeout=5.0s)...
  [ComfyUI] [ComfyUI-GeometryPack] Health check: ping (timeout=5.0s)...
  [ComfyUI] [ComfyUI-GeometryPack] Health check: ping (timeout=5.0s)...
  [ComfyUI] [ComfyUI-GeometryPack] Health check: ok
  [ComfyUI] [ComfyUI-GeometryPack] Health check: ok
  [ComfyUI] [ComfyUI-GeometryPack] Health check: ok
  [ComfyUI] [ComfyUI-GeometryPack] Health check: ok
  [ComfyUI] [ComfyUI-GeometryPack] Health check: ok
  [ComfyUI] [ComfyUI-GeometryPack] Health check: ok
  [ComfyUI] [ComfyUI-GeometryPack] Health check: ok
  [ComfyUI] [ComfyUI-GeometryPack] Health check: ok
  [ComfyUI] [SubprocessWorker] worker started/confirmed
  [ComfyUI] [SubprocessWorker] worker started/confirmed
  [ComfyUI] [SubprocessWorker] worker started/confirmed
  [ComfyUI] [SubprocessWorker] worker started/confirmed
  [ComfyUI] [SubprocessWorker] worker started/confirmed
  [ComfyUI] [SubprocessWorker] worker started/confirmed
  [ComfyUI] [SubprocessWorker] worker started/confirmed
  [ComfyUI] [SubprocessWorker] worker started/confirmed
  [ComfyUI] [SubprocessWorker] serializing kwargs to shm...
  [ComfyUI] [SubprocessWorker] serializing kwargs to shm...
  [ComfyUI] [SubprocessWorker] serializing kwargs to shm...
  [ComfyUI] [SubprocessWorker] serializing kwargs to shm...
  [ComfyUI] [SubprocessWorker] serializing kwargs to shm...
  [ComfyUI] [SubprocessWorker] serializing kwargs to shm...
  [ComfyUI] [SubprocessWorker] serializing kwargs to shm...
  [ComfyUI] [SubprocessWorker] serializing kwargs to shm...
  [ComfyUI] [SubprocessWorker] created 1 shm blocks
  [ComfyUI] [SubprocessWorker] created 1 shm blocks
  [ComfyUI] [SubprocessWorker] created 1 shm blocks
  [ComfyUI] [SubprocessWorker] created 1 shm blocks
  [ComfyUI] [SubprocessWorker] created 1 shm blocks
  [ComfyUI] [SubprocessWorker] created 1 shm blocks
  [ComfyUI] [SubprocessWorker] created 1 shm blocks
  [ComfyUI] [SubprocessWorker] created 1 shm blocks
  [ComfyUI] [SubprocessWorker] sending request via socket...
  [ComfyUI] [SubprocessWorker] sending request via socket...
  [ComfyUI] [SubprocessWorker] sending request via socket...
  [ComfyUI] [SubprocessWorker] sending request via socket...
  [ComfyUI] [SubprocessWorker] sending request via socket...
  [ComfyUI] [SubprocessWorker] sending request via socket...
  [ComfyUI] [SubprocessWorker] sending request via socket...
  [ComfyUI] [SubprocessWorker] sending request via socket...
  [ComfyUI] [SubprocessWorker] call_id=8 sending call_method
  [ComfyUI] [SubprocessWorker] call_id=8 sending call_method
  [ComfyUI] [SubprocessWorker] call_id=8 sending call_method
  [ComfyUI] [SubprocessWorker] call_id=8 sending call_method
  [ComfyUI] [SubprocessWorker] call_id=8 sending call_method
  [ComfyUI] [SubprocessWorker] call_id=8 sending call_method
  [ComfyUI] [SubprocessWorker] call_id=8 sending call_method
  [ComfyUI] [SubprocessWorker] call_id=8 sending call_method
  Node executed (1 total), capturing...
  [ComfyUI] [worker:ComfyUI-GeometryPack] INFO: CGAL: built Polyhedron_3 (11381 vertices, 22704 facets)
  [ComfyUI] [worker:ComfyUI-GeometryPack] INFO: CGAL: built Polyhedron_3 (11381 vertices, 22704 facets)
  [ComfyUI] [worker:ComfyUI-GeometryPack] INFO: CGAL: built Polyhedron_3 (11381 vertices, 22704 facets)
  [ComfyUI] [worker:ComfyUI-GeometryPack] INFO: CGAL: built Polyhedron_3 (11381 vertices, 22704 facets)
  [ComfyUI] [worker:ComfyUI-GeometryPack] INFO: CGAL: built Polyhedron_3 (11381 vertices, 22704 facets)
  [ComfyUI] [worker:ComfyUI-GeometryPack] INFO: CGAL: built Polyhedron_3 (11381 vertices, 22704 facets)
  [ComfyUI] [worker:ComfyUI-GeometryPack] INFO: CGAL: built Polyhedron_3 (11381 vertices, 22704 facets)
  [ComfyUI] [worker:ComfyUI-GeometryPack] INFO: CGAL: built Polyhedron_3 (11381 vertices, 22704 facets)
  [ComfyUI] [worker:ComfyUI-GeometryPack] INFO: CGAL: found 56 holes
  [ComfyUI] [worker:ComfyUI-GeometryPack] INFO: CGAL: found 56 holes
  [ComfyUI] [worker:ComfyUI-GeometryPack] INFO: CGAL: found 56 holes
  [ComfyUI] [worker:ComfyUI-GeometryPack] INFO: CGAL: found 56 holes
  [ComfyUI] [worker:ComfyUI-GeometryPack] INFO: CGAL: found 56 holes
  [ComfyUI] [worker:ComfyUI-GeometryPack] INFO: CGAL: found 56 holes
  [ComfyUI] [worker:ComfyUI-GeometryPack] INFO: CGAL: found 56 holes
  [ComfyUI] [worker:ComfyUI-GeometryPack] INFO: CGAL: found 56 holes
  Frame 4 saved (frame_003.jpg, t=10.0s)
  [capture-node] freeze=5ms shot=102ms unfreeze=5ms saved=True
  [ComfyUI] [worker:ComfyUI-GeometryPack] INFO: CGAL triangulate: filled 56/56 holes, +109 faces, watertight: False -> False
  [ComfyUI] [worker:ComfyUI-GeometryPack] INFO: CGAL triangulate: filled 56/56 holes, +109 faces, watertight: False -> False
  [ComfyUI] [worker:ComfyUI-GeometryPack] INFO: CGAL triangulate: filled 56/56 holes, +109 faces, watertight: False -> False
  [ComfyUI] [worker:ComfyUI-GeometryPack] INFO: CGAL triangulate: filled 56/56 holes, +109 faces, watertight: False -> False
  [ComfyUI] [worker:ComfyUI-GeometryPack] INFO: CGAL triangulate: filled 56/56 holes, +109 faces, watertight: False -> False
  [ComfyUI] [worker:ComfyUI-GeometryPack] INFO: CGAL triangulate: filled 56/56 holes, +109 faces, watertight: False -> False
  [ComfyUI] [worker:ComfyUI-GeometryPack] INFO: CGAL triangulate: filled 56/56 holes, +109 faces, watertight: False -> False
  [ComfyUI] [worker:ComfyUI-GeometryPack] INFO: CGAL triangulate: filled 56/56 holes, +109 faces, watertight: False -> False
  [ComfyUI] [SubprocessWorker] got response: ok
  [ComfyUI] [SubprocessWorker] got response: ok
  [ComfyUI] [SubprocessWorker] got response: ok
  [ComfyUI] [SubprocessWorker] got response: ok
  [ComfyUI] [SubprocessWorker] got response: ok
  [ComfyUI] [SubprocessWorker] got response: ok
  [ComfyUI] [SubprocessWorker] got response: ok
  [ComfyUI] [SubprocessWorker] got response: ok
  [ComfyUI] [comfy-env] GeomPackFillHoles_CGAL done (0.65s): result: NodeOutput
  [ComfyUI] [comfy-env] GeomPackFillHoles_CGAL done (0.65s): result: NodeOutput
  [ComfyUI] [comfy-env] GeomPackFillHoles_CGAL done (0.65s): result: NodeOutput
  [ComfyUI] [comfy-env] GeomPackFillHoles_CGAL done (0.65s): result: NodeOutput
  [ComfyUI] [comfy-env] GeomPackFillHoles_CGAL done (0.65s): result: NodeOutput
  [ComfyUI] [comfy-env] GeomPackFillHoles_CGAL done (0.65s): result: NodeOutput
  [ComfyUI] [comfy-env] GeomPackFillHoles_CGAL done (0.65s): result: NodeOutput
  [ComfyUI] [comfy-env] GeomPackFillHoles_CGAL done (0.65s): result: NodeOutput
  [ComfyUI] [VRAM] After GeomPackFillHoles_CGAL: 1271 / 24575 MB
  [ComfyUI] [VRAM] After GeomPackFillHoles_CGAL: 1271 / 24575 MB
  [ComfyUI] [VRAM] After GeomPackFillHoles_CGAL: 1271 / 24575 MB
  [ComfyUI] [VRAM] After GeomPackFillHoles_CGAL: 1271 / 24575 MB
  [ComfyUI] [VRAM] After GeomPackFillHoles_CGAL: 1271 / 24575 MB
  [ComfyUI] [VRAM] After GeomPackFillHoles_CGAL: 1271 / 24575 MB
  [ComfyUI] [VRAM] After GeomPackFillHoles_CGAL: 1271 / 24575 MB
  [ComfyUI] [VRAM] After GeomPackFillHoles_CGAL: 1271 / 24575 MB
  [ComfyUI] [comfy-env] Running GeomPackFillHoles_PyMeshLab: mesh: Trimesh, maxholesize: 0
  [ComfyUI] [comfy-env] Running GeomPackFillHoles_PyMeshLab: mesh: Trimesh, maxholesize: 0
  [ComfyUI] [comfy-env] Running GeomPackFillHoles_PyMeshLab: mesh: Trimesh, maxholesize: 0
  [ComfyUI] [comfy-env] Running GeomPackFillHoles_PyMeshLab: mesh: Trimesh, maxholesize: 0
  [ComfyUI] [comfy-env] Running GeomPackFillHoles_PyMeshLab: mesh: Trimesh, maxholesize: 0
  [ComfyUI] [comfy-env] Running GeomPackFillHoles_PyMeshLab: mesh: Trimesh, maxholesize: 0
  [ComfyUI] [comfy-env] Running GeomPackFillHoles_PyMeshLab: mesh: Trimesh, maxholesize: 0
  [ComfyUI] [comfy-env] Running GeomPackFillHoles_PyMeshLab: mesh: Trimesh, maxholesize: 0
  [ComfyUI] [VRAM] Before GeomPackFillHoles_PyMeshLab: 1271 / 24575 MB
  [ComfyUI] [VRAM] Before GeomPackFillHoles_PyMeshLab: 1271 / 24575 MB
  [ComfyUI] [VRAM] Before GeomPackFillHoles_PyMeshLab: 1271 / 24575 MB
  [ComfyUI] [VRAM] Before GeomPackFillHoles_PyMeshLab: 1271 / 24575 MB
  [ComfyUI] [VRAM] Before GeomPackFillHoles_PyMeshLab: 1271 / 24575 MB
  [ComfyUI] [VRAM] Before GeomPackFillHoles_PyMeshLab: 1271 / 24575 MB
  [ComfyUI] [VRAM] Before GeomPackFillHoles_PyMeshLab: 1271 / 24575 MB
  [ComfyUI] [VRAM] Before GeomPackFillHoles_PyMeshLab: 1271 / 24575 MB
  [ComfyUI] [SubprocessWorker] call_method: nodes.repair.backends.pymeshlab_fill.FillHolesPyMeshLabNode.EXECUTE_NORMALIZED
  [ComfyUI] [SubprocessWorker] call_method: nodes.repair.backends.pymeshlab_fill.FillHolesPyMeshLabNode.EXECUTE_NORMALIZED
  [ComfyUI] [SubprocessWorker] call_method: nodes.repair.backends.pymeshlab_fill.FillHolesPyMeshLabNode.EXECUTE_NORMALIZED
  [ComfyUI] [SubprocessWorker] call_method: nodes.repair.backends.pymeshlab_fill.FillHolesPyMeshLabNode.EXECUTE_NORMALIZED
  [ComfyUI] [SubprocessWorker] call_method: nodes.repair.backends.pymeshlab_fill.FillHolesPyMeshLabNode.EXECUTE_NORMALIZED
  [ComfyUI] [SubprocessWorker] call_method: nodes.repair.backends.pymeshlab_fill.FillHolesPyMeshLabNode.EXECUTE_NORMALIZED
  [ComfyUI] [SubprocessWorker] call_method: nodes.repair.backends.pymeshlab_fill.FillHolesPyMeshLabNode.EXECUTE_NORMALIZED
  [ComfyUI] [SubprocessWorker] call_method: nodes.repair.backends.pymeshlab_fill.FillHolesPyMeshLabNode.EXECUTE_NORMALIZED
  [ComfyUI] [SubprocessWorker] acquired lock, ensuring started...
  [ComfyUI] [SubprocessWorker] acquired lock, ensuring started...
  [ComfyUI] [SubprocessWorker] acquired lock, ensuring started...
  [ComfyUI] [SubprocessWorker] acquired lock, ensuring started...
  [ComfyUI] [SubprocessWorker] acquired lock, ensuring started...
  [ComfyUI] [SubprocessWorker] acquired lock, ensuring started...
  [ComfyUI] [SubprocessWorker] acquired lock, ensuring started...
  [ComfyUI] [SubprocessWorker] acquired lock, ensuring started...
  [ComfyUI] [ComfyUI-GeometryPack] Health check: ping (timeout=5.0s)...
  [ComfyUI] [ComfyUI-GeometryPack] Health check: ping (timeout=5.0s)...
  [ComfyUI] [ComfyUI-GeometryPack] Health check: ping (timeout=5.0s)...
  [ComfyUI] [ComfyUI-GeometryPack] Health check: ping (timeout=5.0s)...
  [ComfyUI] [ComfyUI-GeometryPack] Health check: ping (timeout=5.0s)...
  [ComfyUI] [ComfyUI-GeometryPack] Health check: ping (timeout=5.0s)...
  [ComfyUI] [ComfyUI-GeometryPack] Health check: ping (timeout=5.0s)...
  [ComfyUI] [ComfyUI-GeometryPack] Health check: ping (timeout=5.0s)...
  [ComfyUI] [ComfyUI-GeometryPack] Health check: ok
  [ComfyUI] [ComfyUI-GeometryPack] Health check: ok
  [ComfyUI] [ComfyUI-GeometryPack] Health check: ok
  [ComfyUI] [ComfyUI-GeometryPack] Health check: ok
  [ComfyUI] [ComfyUI-GeometryPack] Health check: ok
  [ComfyUI] [ComfyUI-GeometryPack] Health check: ok
  [ComfyUI] [ComfyUI-GeometryPack] Health check: ok
  [ComfyUI] [ComfyUI-GeometryPack] Health check: ok
  [ComfyUI] [SubprocessWorker] worker started/confirmed
  [ComfyUI] [SubprocessWorker] worker started/confirmed
  [ComfyUI] [SubprocessWorker] worker started/confirmed
  [ComfyUI] [SubprocessWorker] worker started/confirmed
  [ComfyUI] [SubprocessWorker] worker started/confirmed
  [ComfyUI] [SubprocessWorker] worker started/confirmed
  [ComfyUI] [SubprocessWorker] worker started/confirmed
  [ComfyUI] [SubprocessWorker] worker started/confirmed
  [ComfyUI] [SubprocessWorker] serializing kwargs to shm...
  [ComfyUI] [SubprocessWorker] serializing kwargs to shm...
  [ComfyUI] [SubprocessWorker] serializing kwargs to shm...
  [ComfyUI] [SubprocessWorker] serializing kwargs to shm...
  [ComfyUI] [SubprocessWorker] serializing kwargs to shm...
  [ComfyUI] [SubprocessWorker] serializing kwargs to shm...
  [ComfyUI] [SubprocessWorker] serializing kwargs to shm...
  [ComfyUI] [SubprocessWorker] serializing kwargs to shm...
  [ComfyUI] [SubprocessWorker] created 1 shm blocks
  [ComfyUI] [SubprocessWorker] created 1 shm blocks
  [ComfyUI] [SubprocessWorker] created 1 shm blocks
  [ComfyUI] [SubprocessWorker] created 1 shm blocks
  [ComfyUI] [SubprocessWorker] created 1 shm blocks
  [ComfyUI] [SubprocessWorker] created 1 shm blocks
  [ComfyUI] [SubprocessWorker] created 1 shm blocks
  [ComfyUI] [SubprocessWorker] created 1 shm blocks
  [ComfyUI] [SubprocessWorker] sending request via socket...
  [ComfyUI] [SubprocessWorker] sending request via socket...
  [ComfyUI] [SubprocessWorker] sending request via socket...
  [ComfyUI] [SubprocessWorker] sending request via socket...
  [ComfyUI] [SubprocessWorker] sending request via socket...
  [ComfyUI] [SubprocessWorker] sending request via socket...
  [ComfyUI] [SubprocessWorker] sending request via socket...
  [ComfyUI] [SubprocessWorker] sending request via socket...
  [ComfyUI] [SubprocessWorker] call_id=9 sending call_method
  [ComfyUI] [SubprocessWorker] call_id=9 sending call_method
  [ComfyUI] [SubprocessWorker] call_id=9 sending call_method
  [ComfyUI] [SubprocessWorker] call_id=9 sending call_method
  [ComfyUI] [SubprocessWorker] call_id=9 sending call_method
  [ComfyUI] [SubprocessWorker] call_id=9 sending call_method
  [ComfyUI] [SubprocessWorker] call_id=9 sending call_method
  [ComfyUI] [SubprocessWorker] call_id=9 sending call_method
  Node executed (2 total), capturing...
  Frame 5 saved (frame_004.jpg, t=10.6s)
  [capture-node] freeze=5ms shot=107ms unfreeze=6ms saved=True
  [ComfyUI] [worker:ComfyUI-GeometryPack] INFO: PyMeshLab: maxholesize=0, +54 faces, watertight: False -> True
  [ComfyUI] [worker:ComfyUI-GeometryPack] INFO: PyMeshLab: maxholesize=0, +54 faces, watertight: False -> True
  [ComfyUI] [worker:ComfyUI-GeometryPack] INFO: PyMeshLab: maxholesize=0, +54 faces, watertight: False -> True
  [ComfyUI] [worker:ComfyUI-GeometryPack] INFO: PyMeshLab: maxholesize=0, +54 faces, watertight: False -> True
  [ComfyUI] [worker:ComfyUI-GeometryPack] INFO: PyMeshLab: maxholesize=0, +54 faces, watertight: False -> True
  [ComfyUI] [worker:ComfyUI-GeometryPack] INFO: PyMeshLab: maxholesize=0, +54 faces, watertight: False -> True
  [ComfyUI] [worker:ComfyUI-GeometryPack] INFO: PyMeshLab: maxholesize=0, +54 faces, watertight: False -> True
  [ComfyUI] [worker:ComfyUI-GeometryPack] INFO: PyMeshLab: maxholesize=0, +54 faces, watertight: False -> True
  [ComfyUI] [SubprocessWorker] got response: ok
  [ComfyUI] [SubprocessWorker] got response: ok
  [ComfyUI] [SubprocessWorker] got response: ok
  [ComfyUI] [SubprocessWorker] got response: ok
  [ComfyUI] [SubprocessWorker] got response: ok
  [ComfyUI] [SubprocessWorker] got response: ok
  [ComfyUI] [SubprocessWorker] got response: ok
  [ComfyUI] [SubprocessWorker] got response: ok
  [ComfyUI] [comfy-env] GeomPackFillHoles_PyMeshLab done (2.29s): result: NodeOutput
  [ComfyUI] [comfy-env] GeomPackFillHoles_PyMeshLab done (2.29s): result: NodeOutput
  [ComfyUI] [comfy-env] GeomPackFillHoles_PyMeshLab done (2.29s): result: NodeOutput
  [ComfyUI] [comfy-env] GeomPackFillHoles_PyMeshLab done (2.29s): result: NodeOutput
  [ComfyUI] [comfy-env] GeomPackFillHoles_PyMeshLab done (2.29s): result: NodeOutput
  [ComfyUI] [comfy-env] GeomPackFillHoles_PyMeshLab done (2.29s): result: NodeOutput
  [ComfyUI] [comfy-env] GeomPackFillHoles_PyMeshLab done (2.29s): result: NodeOutput
  [ComfyUI] [comfy-env] GeomPackFillHoles_PyMeshLab done (2.29s): result: NodeOutput
  [ComfyUI] [VRAM] After GeomPackFillHoles_PyMeshLab: 1271 / 24575 MB
  [ComfyUI] [VRAM] After GeomPackFillHoles_PyMeshLab: 1271 / 24575 MB
  [ComfyUI] [VRAM] After GeomPackFillHoles_PyMeshLab: 1271 / 24575 MB
  [ComfyUI] [VRAM] After GeomPackFillHoles_PyMeshLab: 1271 / 24575 MB
  [ComfyUI] [VRAM] After GeomPackFillHoles_PyMeshLab: 1271 / 24575 MB
  [ComfyUI] [VRAM] After GeomPackFillHoles_PyMeshLab: 1271 / 24575 MB
  [ComfyUI] [VRAM] After GeomPackFillHoles_PyMeshLab: 1271 / 24575 MB
  [ComfyUI] [VRAM] After GeomPackFillHoles_PyMeshLab: 1271 / 24575 MB
  [ComfyUI] [comfy-env] Running GeomPackFillHoles_PyMeshFix: mesh: Trimesh, max_edges: 0, refine: 'true'
  [ComfyUI] [comfy-env] Running GeomPackFillHoles_PyMeshFix: mesh: Trimesh, max_edges: 0, refine: 'true'
  [ComfyUI] [comfy-env] Running GeomPackFillHoles_PyMeshFix: mesh: Trimesh, max_edges: 0, refine: 'true'
  [ComfyUI] [comfy-env] Running GeomPackFillHoles_PyMeshFix: mesh: Trimesh, max_edges: 0, refine: 'true'
  [ComfyUI] [comfy-env] Running GeomPackFillHoles_PyMeshFix: mesh: Trimesh, max_edges: 0, refine: 'true'
  [ComfyUI] [comfy-env] Running GeomPackFillHoles_PyMeshFix: mesh: Trimesh, max_edges: 0, refine: 'true'
  [ComfyUI] [comfy-env] Running GeomPackFillHoles_PyMeshFix: mesh: Trimesh, max_edges: 0, refine: 'true'
  [ComfyUI] [comfy-env] Running GeomPackFillHoles_PyMeshFix: mesh: Trimesh, max_edges: 0, refine: 'true'
  [ComfyUI] [VRAM] Before GeomPackFillHoles_PyMeshFix: 1271 / 24575 MB
  [ComfyUI] [VRAM] Before GeomPackFillHoles_PyMeshFix: 1271 / 24575 MB
  [ComfyUI] [VRAM] Before GeomPackFillHoles_PyMeshFix: 1271 / 24575 MB
  [ComfyUI] [VRAM] Before GeomPackFillHoles_PyMeshFix: 1271 / 24575 MB
  [ComfyUI] [VRAM] Before GeomPackFillHoles_PyMeshFix: 1271 / 24575 MB
  [ComfyUI] [VRAM] Before GeomPackFillHoles_PyMeshFix: 1271 / 24575 MB
  [ComfyUI] [VRAM] Before GeomPackFillHoles_PyMeshFix: 1271 / 24575 MB
  [ComfyUI] [VRAM] Before GeomPackFillHoles_PyMeshFix: 1271 / 24575 MB
  [ComfyUI] [SubprocessWorker] call_method: nodes.repair.backends.pymeshfix_fill.FillHolesPyMeshFixNode.EXECUTE_NORMALIZED
  [ComfyUI] [SubprocessWorker] call_method: nodes.repair.backends.pymeshfix_fill.FillHolesPyMeshFixNode.EXECUTE_NORMALIZED
  [ComfyUI] [SubprocessWorker] call_method: nodes.repair.backends.pymeshfix_fill.FillHolesPyMeshFixNode.EXECUTE_NORMALIZED
  [ComfyUI] [SubprocessWorker] call_method: nodes.repair.backends.pymeshfix_fill.FillHolesPyMeshFixNode.EXECUTE_NORMALIZED
  [ComfyUI] [SubprocessWorker] call_method: nodes.repair.backends.pymeshfix_fill.FillHolesPyMeshFixNode.EXECUTE_NORMALIZED
  [ComfyUI] [SubprocessWorker] call_method: nodes.repair.backends.pymeshfix_fill.FillHolesPyMeshFixNode.EXECUTE_NORMALIZED
  [ComfyUI] [SubprocessWorker] call_method: nodes.repair.backends.pymeshfix_fill.FillHolesPyMeshFixNode.EXECUTE_NORMALIZED
  [ComfyUI] [SubprocessWorker] call_method: nodes.repair.backends.pymeshfix_fill.FillHolesPyMeshFixNode.EXECUTE_NORMALIZED
  [ComfyUI] [SubprocessWorker] acquired lock, ensuring started...
  [ComfyUI] [SubprocessWorker] acquired lock, ensuring started...
  [ComfyUI] [SubprocessWorker] acquired lock, ensuring started...
  [ComfyUI] [SubprocessWorker] acquired lock, ensuring started...
  [ComfyUI] [SubprocessWorker] acquired lock, ensuring started...
  [ComfyUI] [SubprocessWorker] acquired lock, ensuring started...
  [ComfyUI] [SubprocessWorker] acquired lock, ensuring started...
  [ComfyUI] [SubprocessWorker] acquired lock, ensuring started...
  [ComfyUI] [ComfyUI-GeometryPack] Health check: ping (timeout=5.0s)...
  [ComfyUI] [ComfyUI-GeometryPack] Health check: ping (timeout=5.0s)...
  [ComfyUI] [ComfyUI-GeometryPack] Health check: ping (timeout=5.0s)...
  [ComfyUI] [ComfyUI-GeometryPack] Health check: ping (timeout=5.0s)...
  [ComfyUI] [ComfyUI-GeometryPack] Health check: ping (timeout=5.0s)...
  [ComfyUI] [ComfyUI-GeometryPack] Health check: ping (timeout=5.0s)...
  [ComfyUI] [ComfyUI-GeometryPack] Health check: ping (timeout=5.0s)...
  [ComfyUI] [ComfyUI-GeometryPack] Health check: ping (timeout=5.0s)...
  [ComfyUI] [ComfyUI-GeometryPack] Health check: ok
  [ComfyUI] [ComfyUI-GeometryPack] Health check: ok
  [ComfyUI] [ComfyUI-GeometryPack] Health check: ok
  [ComfyUI] [ComfyUI-GeometryPack] Health check: ok
  [ComfyUI] [ComfyUI-GeometryPack] Health check: ok
  [ComfyUI] [ComfyUI-GeometryPack] Health check: ok
  [ComfyUI] [ComfyUI-GeometryPack] Health check: ok
  [ComfyUI] [ComfyUI-GeometryPack] Health check: ok
  [ComfyUI] [SubprocessWorker] worker started/confirmed
  [ComfyUI] [SubprocessWorker] worker started/confirmed
  [ComfyUI] [SubprocessWorker] worker started/confirmed
  [ComfyUI] [SubprocessWorker] worker started/confirmed
  [ComfyUI] [SubprocessWorker] worker started/confirmed
  [ComfyUI] [SubprocessWorker] worker started/confirmed
  [ComfyUI] [SubprocessWorker] worker started/confirmed
  [ComfyUI] [SubprocessWorker] worker started/confirmed
  [ComfyUI] [SubprocessWorker] serializing kwargs to shm...
  [ComfyUI] [SubprocessWorker] serializing kwargs to shm...
  [ComfyUI] [SubprocessWorker] serializing kwargs to shm...
  [ComfyUI] [SubprocessWorker] serializing kwargs to shm...
  [ComfyUI] [SubprocessWorker] serializing kwargs to shm...
  [ComfyUI] [SubprocessWorker] serializing kwargs to shm...
  [ComfyUI] [SubprocessWorker] serializing kwargs to shm...
  [ComfyUI] [SubprocessWorker] serializing kwargs to shm...
  [ComfyUI] [SubprocessWorker] created 1 shm blocks
  [ComfyUI] [SubprocessWorker] created 1 shm blocks
  [ComfyUI] [SubprocessWorker] created 1 shm blocks
  [ComfyUI] [SubprocessWorker] created 1 shm blocks
  [ComfyUI] [SubprocessWorker] created 1 shm blocks
  [ComfyUI] [SubprocessWorker] created 1 shm blocks
  [ComfyUI] [SubprocessWorker] created 1 shm blocks
  [ComfyUI] [SubprocessWorker] created 1 shm blocks
  [ComfyUI] [SubprocessWorker] sending request via socket...
  [ComfyUI] [SubprocessWorker] sending request via socket...
  [ComfyUI] [SubprocessWorker] sending request via socket...
  [ComfyUI] [SubprocessWorker] sending request via socket...
  [ComfyUI] [SubprocessWorker] sending request via socket...
  [ComfyUI] [SubprocessWorker] sending request via socket...
  [ComfyUI] [SubprocessWorker] sending request via socket...
  [ComfyUI] [SubprocessWorker] sending request via socket...
  [ComfyUI] [SubprocessWorker] call_id=10 sending call_method
  [ComfyUI] [SubprocessWorker] call_id=10 sending call_method
  [ComfyUI] [SubprocessWorker] call_id=10 sending call_method
  [ComfyUI] [SubprocessWorker] call_id=10 sending call_method
  [ComfyUI] [SubprocessWorker] call_id=10 sending call_method
  [ComfyUI] [SubprocessWorker] call_id=10 sending call_method
  [ComfyUI] [SubprocessWorker] call_id=10 sending call_method
  [ComfyUI] [SubprocessWorker] call_id=10 sending call_method
  Node executed (3 total), capturing...
  [ComfyUI] [worker:ComfyUI-GeometryPack] INFO: PyMeshFix: 1 boundary loops detected
  [ComfyUI] [worker:ComfyUI-GeometryPack] INFO: PyMeshFix: 1 boundary loops detected
  [ComfyUI] [worker:ComfyUI-GeometryPack] INFO: PyMeshFix: 1 boundary loops detected
  [ComfyUI] [worker:ComfyUI-GeometryPack] INFO: PyMeshFix: 1 boundary loops detected
  [ComfyUI] [worker:ComfyUI-GeometryPack] INFO: PyMeshFix: 1 boundary loops detected
  [ComfyUI] [worker:ComfyUI-GeometryPack] INFO: PyMeshFix: 1 boundary loops detected
  [ComfyUI] [worker:ComfyUI-GeometryPack] INFO: PyMeshFix: 1 boundary loops detected
  [ComfyUI] [worker:ComfyUI-GeometryPack] INFO: PyMeshFix: 1 boundary loops detected
  [ComfyUI] [worker:ComfyUI-GeometryPack] INFO: PyMeshFix: filled 1 holes, +298 faces, watertight: False -> True
  [ComfyUI] [worker:ComfyUI-GeometryPack] INFO: PyMeshFix: filled 1 holes, +298 faces, watertight: False -> True
  [ComfyUI] [worker:ComfyUI-GeometryPack] INFO: PyMeshFix: filled 1 holes, +298 faces, watertight: False -> True
  [ComfyUI] [worker:ComfyUI-GeometryPack] INFO: PyMeshFix: filled 1 holes, +298 faces, watertight: False -> True
  [ComfyUI] [worker:ComfyUI-GeometryPack] INFO: PyMeshFix: filled 1 holes, +298 faces, watertight: False -> True
  [ComfyUI] [worker:ComfyUI-GeometryPack] INFO: PyMeshFix: filled 1 holes, +298 faces, watertight: False -> True
  [ComfyUI] [worker:ComfyUI-GeometryPack] INFO: PyMeshFix: filled 1 holes, +298 faces, watertight: False -> True
  [ComfyUI] [worker:ComfyUI-GeometryPack] INFO: PyMeshFix: filled 1 holes, +298 faces, watertight: False -> True
  [ComfyUI] [SubprocessWorker] got response: ok
  [ComfyUI] [SubprocessWorker] got response: ok
  [ComfyUI] [SubprocessWorker] got response: ok
  [ComfyUI] [SubprocessWorker] got response: ok
  [ComfyUI] [SubprocessWorker] got response: ok
  [ComfyUI] [SubprocessWorker] got response: ok
  [ComfyUI] [SubprocessWorker] got response: ok
  [ComfyUI] [SubprocessWorker] got response: ok
  [ComfyUI] [comfy-env] GeomPackFillHoles_PyMeshFix done (0.24s): result: NodeOutput
  [ComfyUI] [comfy-env] GeomPackFillHoles_PyMeshFix done (0.24s): result: NodeOutput
  [ComfyUI] [comfy-env] GeomPackFillHoles_PyMeshFix done (0.24s): result: NodeOutput
  [ComfyUI] [comfy-env] GeomPackFillHoles_PyMeshFix done (0.24s): result: NodeOutput
  [ComfyUI] [comfy-env] GeomPackFillHoles_PyMeshFix done (0.24s): result: NodeOutput
  [ComfyUI] [comfy-env] GeomPackFillHoles_PyMeshFix done (0.24s): result: NodeOutput
  [ComfyUI] [comfy-env] GeomPackFillHoles_PyMeshFix done (0.24s): result: NodeOutput
  [ComfyUI] [comfy-env] GeomPackFillHoles_PyMeshFix done (0.24s): result: NodeOutput
  [ComfyUI] [VRAM] After GeomPackFillHoles_PyMeshFix: 1271 / 24575 MB
  [ComfyUI] [VRAM] After GeomPackFillHoles_PyMeshFix: 1271 / 24575 MB
  [ComfyUI] [VRAM] After GeomPackFillHoles_PyMeshFix: 1271 / 24575 MB
  [ComfyUI] [VRAM] After GeomPackFillHoles_PyMeshFix: 1271 / 24575 MB
  [ComfyUI] [VRAM] After GeomPackFillHoles_PyMeshFix: 1271 / 24575 MB
  [ComfyUI] [VRAM] After GeomPackFillHoles_PyMeshFix: 1271 / 24575 MB
  [ComfyUI] [VRAM] After GeomPackFillHoles_PyMeshFix: 1271 / 24575 MB
  [ComfyUI] [VRAM] After GeomPackFillHoles_PyMeshFix: 1271 / 24575 MB
  [ComfyUI] [comfy-env] Running GeomPackPreviewMeshMulti: mode: 'fields', mesh_1: Trimesh, mesh_2: Trimesh, mesh_3: Trimesh
  [ComfyUI] [comfy-env] Running GeomPackPreviewMeshMulti: mode: 'fields', mesh_1: Trimesh, mesh_2: Trimesh, mesh_3: Trimesh
  [ComfyUI] [comfy-env] Running GeomPackPreviewMeshMulti: mode: 'fields', mesh_1: Trimesh, mesh_2: Trimesh, mesh_3: Trimesh
  [ComfyUI] [comfy-env] Running GeomPackPreviewMeshMulti: mode: 'fields', mesh_1: Trimesh, mesh_2: Trimesh, mesh_3: Trimesh
  [ComfyUI] [comfy-env] Running GeomPackPreviewMeshMulti: mode: 'fields', mesh_1: Trimesh, mesh_2: Trimesh, mesh_3: Trimesh
  [ComfyUI] [comfy-env] Running GeomPackPreviewMeshMulti: mode: 'fields', mesh_1: Trimesh, mesh_2: Trimesh, mesh_3: Trimesh
  [ComfyUI] [comfy-env] Running GeomPackPreviewMeshMulti: mode: 'fields', mesh_1: Trimesh, mesh_2: Trimesh, mesh_3: Trimesh
  [ComfyUI] [comfy-env] Running GeomPackPreviewMeshMulti: mode: 'fields', mesh_1: Trimesh, mesh_2: Trimesh, mesh_3: Trimesh
  [ComfyUI] [VRAM] Before GeomPackPreviewMeshMulti: 1271 / 24575 MB
  [ComfyUI] [VRAM] Before GeomPackPreviewMeshMulti: 1271 / 24575 MB
  [ComfyUI] [VRAM] Before GeomPackPreviewMeshMulti: 1271 / 24575 MB
  [ComfyUI] [VRAM] Before GeomPackPreviewMeshMulti: 1271 / 24575 MB
  [ComfyUI] [VRAM] Before GeomPackPreviewMeshMulti: 1271 / 24575 MB
  [ComfyUI] [VRAM] Before GeomPackPreviewMeshMulti: 1271 / 24575 MB
  [ComfyUI] [VRAM] Before GeomPackPreviewMeshMulti: 1271 / 24575 MB
  [ComfyUI] [VRAM] Before GeomPackPreviewMeshMulti: 1271 / 24575 MB
  [ComfyUI] [SubprocessWorker] call_method: nodes.visualization.preview_mesh_multi.PreviewMeshMultiNode.EXECUTE_NORMALIZED
  [ComfyUI] [SubprocessWorker] call_method: nodes.visualization.preview_mesh_multi.PreviewMeshMultiNode.EXECUTE_NORMALIZED
  [ComfyUI] [SubprocessWorker] call_method: nodes.visualization.preview_mesh_multi.PreviewMeshMultiNode.EXECUTE_NORMALIZED
  [ComfyUI] [SubprocessWorker] call_method: nodes.visualization.preview_mesh_multi.PreviewMeshMultiNode.EXECUTE_NORMALIZED
  [ComfyUI] [SubprocessWorker] call_method: nodes.visualization.preview_mesh_multi.PreviewMeshMultiNode.EXECUTE_NORMALIZED
  [ComfyUI] [SubprocessWorker] call_method: nodes.visualization.preview_mesh_multi.PreviewMeshMultiNode.EXECUTE_NORMALIZED
  [ComfyUI] [SubprocessWorker] call_method: nodes.visualization.preview_mesh_multi.PreviewMeshMultiNode.EXECUTE_NORMALIZED
  [ComfyUI] [SubprocessWorker] call_method: nodes.visualization.preview_mesh_multi.PreviewMeshMultiNode.EXECUTE_NORMALIZED
  [ComfyUI] [SubprocessWorker] acquired lock, ensuring started...
  [ComfyUI] [SubprocessWorker] acquired lock, ensuring started...
  [ComfyUI] [SubprocessWorker] acquired lock, ensuring started...
  [ComfyUI] [SubprocessWorker] acquired lock, ensuring started...
  [ComfyUI] [SubprocessWorker] acquired lock, ensuring started...
  [ComfyUI] [SubprocessWorker] acquired lock, ensuring started...
  [ComfyUI] [SubprocessWorker] acquired lock, ensuring started...
  [ComfyUI] [SubprocessWorker] acquired lock, ensuring started...
  [ComfyUI] [ComfyUI-GeometryPack] Health check: ping (timeout=5.0s)...
  [ComfyUI] [ComfyUI-GeometryPack] Health check: ping (timeout=5.0s)...
  [ComfyUI] [ComfyUI-GeometryPack] Health check: ping (timeout=5.0s)...
  [ComfyUI] [ComfyUI-GeometryPack] Health check: ping (timeout=5.0s)...
  [ComfyUI] [ComfyUI-GeometryPack] Health check: ping (timeout=5.0s)...
  [ComfyUI] [ComfyUI-GeometryPack] Health check: ping (timeout=5.0s)...
  [ComfyUI] [ComfyUI-GeometryPack] Health check: ping (timeout=5.0s)...
  [ComfyUI] [ComfyUI-GeometryPack] Health check: ping (timeout=5.0s)...
  [ComfyUI] [ComfyUI-GeometryPack] Health check: ok
  [ComfyUI] [ComfyUI-GeometryPack] Health check: ok
  [ComfyUI] [ComfyUI-GeometryPack] Health check: ok
  [ComfyUI] [ComfyUI-GeometryPack] Health check: ok
  [ComfyUI] [ComfyUI-GeometryPack] Health check: ok
  [ComfyUI] [ComfyUI-GeometryPack] Health check: ok
  [ComfyUI] [ComfyUI-GeometryPack] Health check: ok
  [ComfyUI] [ComfyUI-GeometryPack] Health check: ok
  [ComfyUI] [SubprocessWorker] worker started/confirmed
  [ComfyUI] [SubprocessWorker] worker started/confirmed
  [ComfyUI] [SubprocessWorker] worker started/confirmed
  [ComfyUI] [SubprocessWorker] worker started/confirmed
  [ComfyUI] [SubprocessWorker] worker started/confirmed
  [ComfyUI] [SubprocessWorker] worker started/confirmed
  [ComfyUI] [SubprocessWorker] worker started/confirmed
  [ComfyUI] [SubprocessWorker] worker started/confirmed
  [ComfyUI] [SubprocessWorker] serializing kwargs to shm...
  [ComfyUI] [SubprocessWorker] serializing kwargs to shm...
  [ComfyUI] [SubprocessWorker] serializing kwargs to shm...
  [ComfyUI] [SubprocessWorker] serializing kwargs to shm...
  [ComfyUI] [SubprocessWorker] serializing kwargs to shm...
  [ComfyUI] [SubprocessWorker] serializing kwargs to shm...
  [ComfyUI] [SubprocessWorker] serializing kwargs to shm...
  [ComfyUI] [SubprocessWorker] serializing kwargs to shm...
  [ComfyUI] [SubprocessWorker] created 3 shm blocks
  [ComfyUI] [SubprocessWorker] created 3 shm blocks
  [ComfyUI] [SubprocessWorker] created 3 shm blocks
  [ComfyUI] [SubprocessWorker] created 3 shm blocks
  [ComfyUI] [SubprocessWorker] created 3 shm blocks
  [ComfyUI] [SubprocessWorker] created 3 shm blocks
  [ComfyUI] [SubprocessWorker] created 3 shm blocks
  [ComfyUI] [SubprocessWorker] created 3 shm blocks
  [ComfyUI] [SubprocessWorker] sending request via socket...
  [ComfyUI] [SubprocessWorker] sending request via socket...
  [ComfyUI] [SubprocessWorker] sending request via socket...
  [ComfyUI] [SubprocessWorker] sending request via socket...
  [ComfyUI] [SubprocessWorker] sending request via socket...
  [ComfyUI] [SubprocessWorker] sending request via socket...
  [ComfyUI] [SubprocessWorker] sending request via socket...
  [ComfyUI] [SubprocessWorker] sending request via socket...
  [ComfyUI] [SubprocessWorker] call_id=11 sending call_method
  [ComfyUI] [SubprocessWorker] call_id=11 sending call_method
  [ComfyUI] [SubprocessWorker] call_id=11 sending call_method
  [ComfyUI] [SubprocessWorker] call_id=11 sending call_method
  [ComfyUI] [SubprocessWorker] call_id=11 sending call_method
  [ComfyUI] [SubprocessWorker] call_id=11 sending call_method
  [ComfyUI] [SubprocessWorker] call_id=11 sending call_method
  [ComfyUI] [SubprocessWorker] call_id=11 sending call_method
  [ComfyUI] [worker:ComfyUI-GeometryPack] INFO: Mode: fields, Meshes: 3
  [ComfyUI] [worker:ComfyUI-GeometryPack] INFO: Mode: fields, Meshes: 3
  [ComfyUI] [worker:ComfyUI-GeometryPack] INFO: Mode: fields, Meshes: 3
  [ComfyUI] [worker:ComfyUI-GeometryPack] INFO: Mode: fields, Meshes: 3
  [ComfyUI] [worker:ComfyUI-GeometryPack] INFO: Mode: fields, Meshes: 3
  [ComfyUI] [worker:ComfyUI-GeometryPack] INFO: Mode: fields, Meshes: 3
  [ComfyUI] [worker:ComfyUI-GeometryPack] INFO: Mode: fields, Meshes: 3
  [ComfyUI] [worker:ComfyUI-GeometryPack] INFO: Mode: fields, Meshes: 3
  [ComfyUI] [worker:ComfyUI-GeometryPack] INFO: Mesh 1: Mesh - 11381 vertices, 22704 faces
  [ComfyUI] [worker:ComfyUI-GeometryPack] INFO: Mesh 1: Mesh - 11381 vertices, 22704 faces
  [ComfyUI] [worker:ComfyUI-GeometryPack] INFO: Mesh 1: Mesh - 11381 vertices, 22704 faces
  [ComfyUI] [worker:ComfyUI-GeometryPack] INFO: Mesh 1: Mesh - 11381 vertices, 22704 faces
  [ComfyUI] [worker:ComfyUI-GeometryPack] INFO: Mesh 1: Mesh - 11381 vertices, 22704 faces
  [ComfyUI] [worker:ComfyUI-GeometryPack] INFO: Mesh 1: Mesh - 11381 vertices, 22704 faces
  [ComfyUI] [worker:ComfyUI-GeometryPack] INFO: Mesh 1: Mesh - 11381 vertices, 22704 faces
  [ComfyUI] [worker:ComfyUI-GeometryPack] INFO: Mesh 1: Mesh - 11381 vertices, 22704 faces
  [ComfyUI] [worker:ComfyUI-GeometryPack] INFO: Exporting mesh to VTP: C:\workspaces\GeometryPack-2344\ComfyUI\output\preview_multi_1_137ff8d2.vtp
  [ComfyUI] [worker:ComfyUI-GeometryPack] INFO: Exporting mesh to VTP: C:\workspaces\GeometryPack-2344\ComfyUI\output\preview_multi_1_137ff8d2.vtp
  [ComfyUI] [worker:ComfyUI-GeometryPack] INFO: Exporting mesh to VTP: C:\workspaces\GeometryPack-2344\ComfyUI\output\preview_multi_1_137ff8d2.vtp
  [ComfyUI] [worker:ComfyUI-GeometryPack] INFO: Exporting mesh to VTP: C:\workspaces\GeometryPack-2344\ComfyUI\output\preview_multi_1_137ff8d2.vtp
  [ComfyUI] [worker:ComfyUI-GeometryPack] INFO: Exporting mesh to VTP: C:\workspaces\GeometryPack-2344\ComfyUI\output\preview_multi_1_137ff8d2.vtp
  [ComfyUI] [worker:ComfyUI-GeometryPack] INFO: Exporting mesh to VTP: C:\workspaces\GeometryPack-2344\ComfyUI\output\preview_multi_1_137ff8d2.vtp
  [ComfyUI] [worker:ComfyUI-GeometryPack] INFO: Exporting mesh to VTP: C:\workspaces\GeometryPack-2344\ComfyUI\output\preview_multi_1_137ff8d2.vtp
  [ComfyUI] [worker:ComfyUI-GeometryPack] INFO: Exporting mesh to VTP: C:\workspaces\GeometryPack-2344\ComfyUI\output\preview_multi_1_137ff8d2.vtp
  [ComfyUI] [worker:ComfyUI-GeometryPack] INFO: Adding normals field (11381 vertices)
  [ComfyUI] [worker:ComfyUI-GeometryPack] INFO: Adding normals field (11381 vertices)
  [ComfyUI] [worker:ComfyUI-GeometryPack] INFO: Adding normals field (11381 vertices)
  [ComfyUI] [worker:ComfyUI-GeometryPack] INFO: Adding normals field (11381 vertices)
  [ComfyUI] [worker:ComfyUI-GeometryPack] INFO: Adding normals field (11381 vertices)
  [ComfyUI] [worker:ComfyUI-GeometryPack] INFO: Adding normals field (11381 vertices)
  [ComfyUI] [worker:ComfyUI-GeometryPack] INFO: Adding normals field (11381 vertices)
  [ComfyUI] [worker:ComfyUI-GeometryPack] INFO: Adding normals field (11381 vertices)
  Frame 6 saved (frame_005.jpg, t=12.9s)
  [capture-node] freeze=4ms shot=111ms unfreeze=4ms saved=True
  [ComfyUI] [worker:ComfyUI-GeometryPack] INFO: Export complete: 11381 vertices, 22704 faces
  [ComfyUI] [worker:ComfyUI-GeometryPack] INFO: Export complete: 11381 vertices, 22704 faces
  [ComfyUI] [worker:ComfyUI-GeometryPack] INFO: Export complete: 11381 vertices, 22704 faces
  [ComfyUI] [worker:ComfyUI-GeometryPack] INFO: Export complete: 11381 vertices, 22704 faces
  [ComfyUI] [worker:ComfyUI-GeometryPack] INFO: Export complete: 11381 vertices, 22704 faces
  [ComfyUI] [worker:ComfyUI-GeometryPack] INFO: Export complete: 11381 vertices, 22704 faces
  [ComfyUI] [worker:ComfyUI-GeometryPack] INFO: Export complete: 11381 vertices, 22704 faces
  [ComfyUI] [worker:ComfyUI-GeometryPack] INFO: Export complete: 11381 vertices, 22704 faces
  [ComfyUI] [worker:ComfyUI-GeometryPack] INFO: Exported VTP: C:\workspaces\GeometryPack-2344\ComfyUI\output\preview_multi_1_137ff8d2.vtp
  [ComfyUI] [worker:ComfyUI-GeometryPack] INFO: Exported VTP: C:\workspaces\GeometryPack-2344\ComfyUI\output\preview_multi_1_137ff8d2.vtp
  [ComfyUI] [worker:ComfyUI-GeometryPack] INFO: Exported VTP: C:\workspaces\GeometryPack-2344\ComfyUI\output\preview_multi_1_137ff8d2.vtp
  [ComfyUI] [worker:ComfyUI-GeometryPack] INFO: Exported VTP: C:\workspaces\GeometryPack-2344\ComfyUI\output\preview_multi_1_137ff8d2.vtp
  [ComfyUI] [worker:ComfyUI-GeometryPack] INFO: Exported VTP: C:\workspaces\GeometryPack-2344\ComfyUI\output\preview_multi_1_137ff8d2.vtp
  [ComfyUI] [worker:ComfyUI-GeometryPack] INFO: Exported VTP: C:\workspaces\GeometryPack-2344\ComfyUI\output\preview_multi_1_137ff8d2.vtp
  [ComfyUI] [worker:ComfyUI-GeometryPack] INFO: Exported VTP: C:\workspaces\GeometryPack-2344\ComfyUI\output\preview_multi_1_137ff8d2.vtp
  [ComfyUI] [worker:ComfyUI-GeometryPack] INFO: Exported VTP: C:\workspaces\GeometryPack-2344\ComfyUI\output\preview_multi_1_137ff8d2.vtp
  [ComfyUI] [worker:ComfyUI-GeometryPack] INFO: Mesh 2: Mesh - 11381 vertices, 22758 faces
  [ComfyUI] [worker:ComfyUI-GeometryPack] INFO: Mesh 2: Mesh - 11381 vertices, 22758 faces
  [ComfyUI] [worker:ComfyUI-GeometryPack] INFO: Mesh 2: Mesh - 11381 vertices, 22758 faces
  [ComfyUI] [worker:ComfyUI-GeometryPack] INFO: Mesh 2: Mesh - 11381 vertices, 22758 faces
  [ComfyUI] [worker:ComfyUI-GeometryPack] INFO: Mesh 2: Mesh - 11381 vertices, 22758 faces
  [ComfyUI] [worker:ComfyUI-GeometryPack] INFO: Mesh 2: Mesh - 11381 vertices, 22758 faces
  [ComfyUI] [worker:ComfyUI-GeometryPack] INFO: Mesh 2: Mesh - 11381 vertices, 22758 faces
  [ComfyUI] [worker:ComfyUI-GeometryPack] INFO: Mesh 2: Mesh - 11381 vertices, 22758 faces
  [ComfyUI] [worker:ComfyUI-GeometryPack] INFO: Exporting mesh to VTP: C:\workspaces\GeometryPack-2344\ComfyUI\output\preview_multi_2_137ff8d2.vtp
  [ComfyUI] [worker:ComfyUI-GeometryPack] INFO: Exporting mesh to VTP: C:\workspaces\GeometryPack-2344\ComfyUI\output\preview_multi_2_137ff8d2.vtp
  [ComfyUI] [worker:ComfyUI-GeometryPack] INFO: Exporting mesh to VTP: C:\workspaces\GeometryPack-2344\ComfyUI\output\preview_multi_2_137ff8d2.vtp
  [ComfyUI] [worker:ComfyUI-GeometryPack] INFO: Exporting mesh to VTP: C:\workspaces\GeometryPack-2344\ComfyUI\output\preview_multi_2_137ff8d2.vtp
  [ComfyUI] [worker:ComfyUI-GeometryPack] INFO: Exporting mesh to VTP: C:\workspaces\GeometryPack-2344\ComfyUI\output\preview_multi_2_137ff8d2.vtp
  [ComfyUI] [worker:ComfyUI-GeometryPack] INFO: Exporting mesh to VTP: C:\workspaces\GeometryPack-2344\ComfyUI\output\preview_multi_2_137ff8d2.vtp
  [ComfyUI] [worker:ComfyUI-GeometryPack] INFO: Exporting mesh to VTP: C:\workspaces\GeometryPack-2344\ComfyUI\output\preview_multi_2_137ff8d2.vtp
  [ComfyUI] [worker:ComfyUI-GeometryPack] INFO: Exporting mesh to VTP: C:\workspaces\GeometryPack-2344\ComfyUI\output\preview_multi_2_137ff8d2.vtp
  [ComfyUI] [worker:ComfyUI-GeometryPack] INFO: Adding normals field (11381 vertices)
  [ComfyUI] [worker:ComfyUI-GeometryPack] INFO: Adding normals field (11381 vertices)
  [ComfyUI] [worker:ComfyUI-GeometryPack] INFO: Adding normals field (11381 vertices)
  [ComfyUI] [worker:ComfyUI-GeometryPack] INFO: Adding normals field (11381 vertices)
  [ComfyUI] [worker:ComfyUI-GeometryPack] INFO: Adding normals field (11381 vertices)
  [ComfyUI] [worker:ComfyUI-GeometryPack] INFO: Adding normals field (11381 vertices)
  [ComfyUI] [worker:ComfyUI-GeometryPack] INFO: Adding normals field (11381 vertices)
  [ComfyUI] [worker:ComfyUI-GeometryPack] INFO: Adding normals field (11381 vertices)
  [capture-loop] iter=100 t=13.2s state={'complete': False, 'error': None, 'executedCount': 4, 'wsState': 1} eval_ms=5 ram=8.9/31.9GB (28%) swap=0.2/11.4GB (2%) cpu=5% browser_rss=0.69GB
  Node executed (4 total), capturing...
  [ComfyUI] [worker:ComfyUI-GeometryPack] INFO: Export complete: 11381 vertices, 22758 faces
  [ComfyUI] [worker:ComfyUI-GeometryPack] INFO: Export complete: 11381 vertices, 22758 faces
  [ComfyUI] [worker:ComfyUI-GeometryPack] INFO: Export complete: 11381 vertices, 22758 faces
  [ComfyUI] [worker:ComfyUI-GeometryPack] INFO: Export complete: 11381 vertices, 22758 faces
  [ComfyUI] [worker:ComfyUI-GeometryPack] INFO: Export complete: 11381 vertices, 22758 faces
  [ComfyUI] [worker:ComfyUI-GeometryPack] INFO: Export complete: 11381 vertices, 22758 faces
  [ComfyUI] [worker:ComfyUI-GeometryPack] INFO: Export complete: 11381 vertices, 22758 faces
  [ComfyUI] [worker:ComfyUI-GeometryPack] INFO: Export complete: 11381 vertices, 22758 faces
  [ComfyUI] [worker:ComfyUI-GeometryPack] INFO: Exported VTP: C:\workspaces\GeometryPack-2344\ComfyUI\output\preview_multi_2_137ff8d2.vtp
  [ComfyUI] [worker:ComfyUI-GeometryPack] INFO: Exported VTP: C:\workspaces\GeometryPack-2344\ComfyUI\output\preview_multi_2_137ff8d2.vtp
  [ComfyUI] [worker:ComfyUI-GeometryPack] INFO: Exported VTP: C:\workspaces\GeometryPack-2344\ComfyUI\output\preview_multi_2_137ff8d2.vtp
  [ComfyUI] [worker:ComfyUI-GeometryPack] INFO: Exported VTP: C:\workspaces\GeometryPack-2344\ComfyUI\output\preview_multi_2_137ff8d2.vtp
  [ComfyUI] [worker:ComfyUI-GeometryPack] INFO: Exported VTP: C:\workspaces\GeometryPack-2344\ComfyUI\output\preview_multi_2_137ff8d2.vtp
  [ComfyUI] [worker:ComfyUI-GeometryPack] INFO: Exported VTP: C:\workspaces\GeometryPack-2344\ComfyUI\output\preview_multi_2_137ff8d2.vtp
  [ComfyUI] [worker:ComfyUI-GeometryPack] INFO: Exported VTP: C:\workspaces\GeometryPack-2344\ComfyUI\output\preview_multi_2_137ff8d2.vtp
  [ComfyUI] [worker:ComfyUI-GeometryPack] INFO: Exported VTP: C:\workspaces\GeometryPack-2344\ComfyUI\output\preview_multi_2_137ff8d2.vtp
  [ComfyUI] [worker:ComfyUI-GeometryPack] INFO: Mesh 3: Mesh - 11503 vertices, 23002 faces
  [ComfyUI] [worker:ComfyUI-GeometryPack] INFO: Mesh 3: Mesh - 11503 vertices, 23002 faces
  [ComfyUI] [worker:ComfyUI-GeometryPack] INFO: Mesh 3: Mesh - 11503 vertices, 23002 faces
  [ComfyUI] [worker:ComfyUI-GeometryPack] INFO: Mesh 3: Mesh - 11503 vertices, 23002 faces
  [ComfyUI] [worker:ComfyUI-GeometryPack] INFO: Mesh 3: Mesh - 11503 vertices, 23002 faces
  [ComfyUI] [worker:ComfyUI-GeometryPack] INFO: Mesh 3: Mesh - 11503 vertices, 23002 faces
  [ComfyUI] [worker:ComfyUI-GeometryPack] INFO: Mesh 3: Mesh - 11503 vertices, 23002 faces
  [ComfyUI] [worker:ComfyUI-GeometryPack] INFO: Mesh 3: Mesh - 11503 vertices, 23002 faces
  [ComfyUI] [worker:ComfyUI-GeometryPack] INFO: Exporting mesh to VTP: C:\workspaces\GeometryPack-2344\ComfyUI\output\preview_multi_3_137ff8d2.vtp
  [ComfyUI] [worker:ComfyUI-GeometryPack] INFO: Exporting mesh to VTP: C:\workspaces\GeometryPack-2344\ComfyUI\output\preview_multi_3_137ff8d2.vtp
  [ComfyUI] [worker:ComfyUI-GeometryPack] INFO: Exporting mesh to VTP: C:\workspaces\GeometryPack-2344\ComfyUI\output\preview_multi_3_137ff8d2.vtp
  [ComfyUI] [worker:ComfyUI-GeometryPack] INFO: Exporting mesh to VTP: C:\workspaces\GeometryPack-2344\ComfyUI\output\preview_multi_3_137ff8d2.vtp
  [ComfyUI] [worker:ComfyUI-GeometryPack] INFO: Exporting mesh to VTP: C:\workspaces\GeometryPack-2344\ComfyUI\output\preview_multi_3_137ff8d2.vtp
  [ComfyUI] [worker:ComfyUI-GeometryPack] INFO: Exporting mesh to VTP: C:\workspaces\GeometryPack-2344\ComfyUI\output\preview_multi_3_137ff8d2.vtp
  [ComfyUI] [worker:ComfyUI-GeometryPack] INFO: Exporting mesh to VTP: C:\workspaces\GeometryPack-2344\ComfyUI\output\preview_multi_3_137ff8d2.vtp
  [ComfyUI] [worker:ComfyUI-GeometryPack] INFO: Exporting mesh to VTP: C:\workspaces\GeometryPack-2344\ComfyUI\output\preview_multi_3_137ff8d2.vtp
  [ComfyUI] [worker:ComfyUI-GeometryPack] INFO: Adding normals field (11503 vertices)
  [ComfyUI] [worker:ComfyUI-GeometryPack] INFO: Adding normals field (11503 vertices)
  [ComfyUI] [worker:ComfyUI-GeometryPack] INFO: Adding normals field (11503 vertices)
  [ComfyUI] [worker:ComfyUI-GeometryPack] INFO: Adding normals field (11503 vertices)
  [ComfyUI] [worker:ComfyUI-GeometryPack] INFO: Adding normals field (11503 vertices)
  [ComfyUI] [worker:ComfyUI-GeometryPack] INFO: Adding normals field (11503 vertices)
  [ComfyUI] [worker:ComfyUI-GeometryPack] INFO: Adding normals field (11503 vertices)
  [ComfyUI] [worker:ComfyUI-GeometryPack] INFO: Adding normals field (11503 vertices)
  [ComfyUI] [worker:ComfyUI-GeometryPack] INFO: Export complete: 11503 vertices, 23002 faces
  [ComfyUI] [worker:ComfyUI-GeometryPack] INFO: Export complete: 11503 vertices, 23002 faces
  [ComfyUI] [worker:ComfyUI-GeometryPack] INFO: Export complete: 11503 vertices, 23002 faces
  [ComfyUI] [worker:ComfyUI-GeometryPack] INFO: Export complete: 11503 vertices, 23002 faces
  [ComfyUI] [worker:ComfyUI-GeometryPack] INFO: Export complete: 11503 vertices, 23002 faces
  [ComfyUI] [worker:ComfyUI-GeometryPack] INFO: Export complete: 11503 vertices, 23002 faces
  [ComfyUI] [worker:ComfyUI-GeometryPack] INFO: Export complete: 11503 vertices, 23002 faces
  [ComfyUI] [worker:ComfyUI-GeometryPack] INFO: Export complete: 11503 vertices, 23002 faces
  [ComfyUI] [worker:ComfyUI-GeometryPack] INFO: Exported VTP: C:\workspaces\GeometryPack-2344\ComfyUI\output\preview_multi_3_137ff8d2.vtp
  [ComfyUI] [worker:ComfyUI-GeometryPack] INFO: Exported VTP: C:\workspaces\GeometryPack-2344\ComfyUI\output\preview_multi_3_137ff8d2.vtp
  [ComfyUI] [worker:ComfyUI-GeometryPack] INFO: Exported VTP: C:\workspaces\GeometryPack-2344\ComfyUI\output\preview_multi_3_137ff8d2.vtp
  [ComfyUI] [worker:ComfyUI-GeometryPack] INFO: Exported VTP: C:\workspaces\GeometryPack-2344\ComfyUI\output\preview_multi_3_137ff8d2.vtp
  [ComfyUI] [worker:ComfyUI-GeometryPack] INFO: Exported VTP: C:\workspaces\GeometryPack-2344\ComfyUI\output\preview_multi_3_137ff8d2.vtp
  [ComfyUI] [worker:ComfyUI-GeometryPack] INFO: Exported VTP: C:\workspaces\GeometryPack-2344\ComfyUI\output\preview_multi_3_137ff8d2.vtp
  [ComfyUI] [worker:ComfyUI-GeometryPack] INFO: Exported VTP: C:\workspaces\GeometryPack-2344\ComfyUI\output\preview_multi_3_137ff8d2.vtp
  [ComfyUI] [worker:ComfyUI-GeometryPack] INFO: Exported VTP: C:\workspaces\GeometryPack-2344\ComfyUI\output\preview_multi_3_137ff8d2.vtp
  [ComfyUI] [worker:ComfyUI-GeometryPack] INFO: Grid: 3x1, Preview ready
  [ComfyUI] [worker:ComfyUI-GeometryPack] INFO: Grid: 3x1, Preview ready
  [ComfyUI] [worker:ComfyUI-GeometryPack] INFO: Grid: 3x1, Preview ready
  [ComfyUI] [worker:ComfyUI-GeometryPack] INFO: Grid: 3x1, Preview ready
  [ComfyUI] [worker:ComfyUI-GeometryPack] INFO: Grid: 3x1, Preview ready
  [ComfyUI] [worker:ComfyUI-GeometryPack] INFO: Grid: 3x1, Preview ready
  [ComfyUI] [worker:ComfyUI-GeometryPack] INFO: Grid: 3x1, Preview ready
  [ComfyUI] [worker:ComfyUI-GeometryPack] INFO: Grid: 3x1, Preview ready
  [ComfyUI] [SubprocessWorker] got response: ok
  [ComfyUI] [SubprocessWorker] got response: ok
  [ComfyUI] [SubprocessWorker] got response: ok
  [ComfyUI] [SubprocessWorker] got response: ok
  [ComfyUI] [SubprocessWorker] got response: ok
  [ComfyUI] [SubprocessWorker] got response: ok
  [ComfyUI] [SubprocessWorker] got response: ok
  [ComfyUI] [SubprocessWorker] got response: ok
  [ComfyUI] [comfy-env] GeomPackPreviewMeshMulti done (0.41s): result: NodeOutput
  [ComfyUI] [comfy-env] GeomPackPreviewMeshMulti done (0.41s): result: NodeOutput
  [ComfyUI] [comfy-env] GeomPackPreviewMeshMulti done (0.41s): result: NodeOutput
  [ComfyUI] [comfy-env] GeomPackPreviewMeshMulti done (0.41s): result: NodeOutput
  [ComfyUI] [comfy-env] GeomPackPreviewMeshMulti done (0.41s): result: NodeOutput
  [ComfyUI] [comfy-env] GeomPackPreviewMeshMulti done (0.41s): result: NodeOutput
  [ComfyUI] [comfy-env] GeomPackPreviewMeshMulti done (0.41s): result: NodeOutput
  [ComfyUI] [comfy-env] GeomPackPreviewMeshMulti done (0.41s): result: NodeOutput
  [ComfyUI] [VRAM] After GeomPackPreviewMeshMulti: 1271 / 24575 MB
  [ComfyUI] [VRAM] After GeomPackPreviewMeshMulti: 1271 / 24575 MB
  [ComfyUI] [VRAM] After GeomPackPreviewMeshMulti: 1271 / 24575 MB
  [ComfyUI] [VRAM] After GeomPackPreviewMeshMulti: 1271 / 24575 MB
  [ComfyUI] [VRAM] After GeomPackPreviewMeshMulti: 1271 / 24575 MB
  [ComfyUI] [VRAM] After GeomPackPreviewMeshMulti: 1271 / 24575 MB
  [ComfyUI] [VRAM] After GeomPackPreviewMeshMulti: 1271 / 24575 MB
  [ComfyUI] [VRAM] After GeomPackPreviewMeshMulti: 1271 / 24575 MB
  [ComfyUI] [comfy-env] Running GeomPackFillHoles_GPU: mesh: Trimesh, perimeter: 20.0
  [ComfyUI] [comfy-env] Running GeomPackFillHoles_GPU: mesh: Trimesh, perimeter: 20.0
  [ComfyUI] [comfy-env] Running GeomPackFillHoles_GPU: mesh: Trimesh, perimeter: 20.0
  [ComfyUI] [comfy-env] Running GeomPackFillHoles_GPU: mesh: Trimesh, perimeter: 20.0
  [ComfyUI] [comfy-env] Running GeomPackFillHoles_GPU: mesh: Trimesh, perimeter: 20.0
  [ComfyUI] [comfy-env] Running GeomPackFillHoles_GPU: mesh: Trimesh, perimeter: 20.0
  [ComfyUI] [comfy-env] Running GeomPackFillHoles_GPU: mesh: Trimesh, perimeter: 20.0
  [ComfyUI] [comfy-env] Running GeomPackFillHoles_GPU: mesh: Trimesh, perimeter: 20.0
  [ComfyUI] [VRAM] Before GeomPackFillHoles_GPU: 1271 / 24575 MB
  [ComfyUI] [VRAM] Before GeomPackFillHoles_GPU: 1271 / 24575 MB
  [ComfyUI] [VRAM] Before GeomPackFillHoles_GPU: 1271 / 24575 MB
  [ComfyUI] [VRAM] Before GeomPackFillHoles_GPU: 1271 / 24575 MB
  [ComfyUI] [VRAM] Before GeomPackFillHoles_GPU: 1271 / 24575 MB
  [ComfyUI] [VRAM] Before GeomPackFillHoles_GPU: 1271 / 24575 MB
  [ComfyUI] [VRAM] Before GeomPackFillHoles_GPU: 1271 / 24575 MB
  [ComfyUI] [VRAM] Before GeomPackFillHoles_GPU: 1271 / 24575 MB
  [ComfyUI] [SubprocessWorker] call_method: nodes.fill_holes_gpu.fill_holes.FillHolesGPUNode.EXECUTE_NORMALIZED
  [ComfyUI] [SubprocessWorker] call_method: nodes.fill_holes_gpu.fill_holes.FillHolesGPUNode.EXECUTE_NORMALIZED
  [ComfyUI] [SubprocessWorker] call_method: nodes.fill_holes_gpu.fill_holes.FillHolesGPUNode.EXECUTE_NORMALIZED
  [ComfyUI] [SubprocessWorker] call_method: nodes.fill_holes_gpu.fill_holes.FillHolesGPUNode.EXECUTE_NORMALIZED
  [ComfyUI] [SubprocessWorker] call_method: nodes.fill_holes_gpu.fill_holes.FillHolesGPUNode.EXECUTE_NORMALIZED
  [ComfyUI] [SubprocessWorker] call_method: nodes.fill_holes_gpu.fill_holes.FillHolesGPUNode.EXECUTE_NORMALIZED
  [ComfyUI] [SubprocessWorker] call_method: nodes.fill_holes_gpu.fill_holes.FillHolesGPUNode.EXECUTE_NORMALIZED
  [ComfyUI] [SubprocessWorker] call_method: nodes.fill_holes_gpu.fill_holes.FillHolesGPUNode.EXECUTE_NORMALIZED
  [ComfyUI] [SubprocessWorker] acquired lock, ensuring started...
  [ComfyUI] [SubprocessWorker] acquired lock, ensuring started...
  [ComfyUI] [SubprocessWorker] acquired lock, ensuring started...
  [ComfyUI] [SubprocessWorker] acquired lock, ensuring started...
  [ComfyUI] [SubprocessWorker] acquired lock, ensuring started...
  [ComfyUI] [SubprocessWorker] acquired lock, ensuring started...
  [ComfyUI] [SubprocessWorker] acquired lock, ensuring started...
  [ComfyUI] [SubprocessWorker] acquired lock, ensuring started...
  [ComfyUI] [ComfyUI-GeometryPack] Health check: ping (timeout=5.0s)...
  [ComfyUI] [ComfyUI-GeometryPack] Health check: ping (timeout=5.0s)...
  [ComfyUI] [ComfyUI-GeometryPack] Health check: ping (timeout=5.0s)...
  [ComfyUI] [ComfyUI-GeometryPack] Health check: ping (timeout=5.0s)...
  [ComfyUI] [ComfyUI-GeometryPack] Health check: ping (timeout=5.0s)...
  [ComfyUI] [ComfyUI-GeometryPack] Health check: ping (timeout=5.0s)...
  [ComfyUI] [ComfyUI-GeometryPack] Health check: ping (timeout=5.0s)...
  [ComfyUI] [ComfyUI-GeometryPack] Health check: ping (timeout=5.0s)...
  [ComfyUI] [ComfyUI-GeometryPack] Health check: ok
  [ComfyUI] [ComfyUI-GeometryPack] Health check: ok
  [ComfyUI] [ComfyUI-GeometryPack] Health check: ok
  [ComfyUI] [ComfyUI-GeometryPack] Health check: ok
  [ComfyUI] [ComfyUI-GeometryPack] Health check: ok
  [ComfyUI] [ComfyUI-GeometryPack] Health check: ok
  [ComfyUI] [ComfyUI-GeometryPack] Health check: ok
  [ComfyUI] [ComfyUI-GeometryPack] Health check: ok
  [ComfyUI] [SubprocessWorker] worker started/confirmed
  [ComfyUI] [SubprocessWorker] worker started/confirmed
  [ComfyUI] [SubprocessWorker] worker started/confirmed
  [ComfyUI] [SubprocessWorker] worker started/confirmed
  [ComfyUI] [SubprocessWorker] worker started/confirmed
  [ComfyUI] [SubprocessWorker] worker started/confirmed
  [ComfyUI] [SubprocessWorker] worker started/confirmed
  [ComfyUI] [SubprocessWorker] worker started/confirmed
  [ComfyUI] [SubprocessWorker] serializing kwargs to shm...
  [ComfyUI] [SubprocessWorker] serializing kwargs to shm...
  [ComfyUI] [SubprocessWorker] serializing kwargs to shm...
  [ComfyUI] [SubprocessWorker] serializing kwargs to shm...
  [ComfyUI] [SubprocessWorker] serializing kwargs to shm...
  [ComfyUI] [SubprocessWorker] serializing kwargs to shm...
  [ComfyUI] [SubprocessWorker] serializing kwargs to shm...
  [ComfyUI] [SubprocessWorker] serializing kwargs to shm...
  [ComfyUI] [SubprocessWorker] created 1 shm blocks
  [ComfyUI] [SubprocessWorker] created 1 shm blocks
  [ComfyUI] [SubprocessWorker] created 1 shm blocks
  [ComfyUI] [SubprocessWorker] created 1 shm blocks
  [ComfyUI] [SubprocessWorker] created 1 shm blocks
  [ComfyUI] [SubprocessWorker] created 1 shm blocks
  [ComfyUI] [SubprocessWorker] created 1 shm blocks
  [ComfyUI] [SubprocessWorker] created 1 shm blocks
  [ComfyUI] [SubprocessWorker] sending request via socket...
  [ComfyUI] [SubprocessWorker] sending request via socket...
  [ComfyUI] [SubprocessWorker] sending request via socket...
  [ComfyUI] [SubprocessWorker] sending request via socket...
  [ComfyUI] [SubprocessWorker] sending request via socket...
  [ComfyUI] [SubprocessWorker] sending request via socket...
  [ComfyUI] [SubprocessWorker] sending request via socket...
  [ComfyUI] [SubprocessWorker] sending request via socket...
  [ComfyUI] [SubprocessWorker] call_id=12 sending call_method
  [ComfyUI] [SubprocessWorker] call_id=12 sending call_method
  [ComfyUI] [SubprocessWorker] call_id=12 sending call_method
  [ComfyUI] [SubprocessWorker] call_id=12 sending call_method
  [ComfyUI] [SubprocessWorker] call_id=12 sending call_method
  [ComfyUI] [SubprocessWorker] call_id=12 sending call_method
  [ComfyUI] [SubprocessWorker] call_id=12 sending call_method
  [ComfyUI] [SubprocessWorker] call_id=12 sending call_method
  Frame 7 saved (frame_006.jpg, t=13.3s)
  [capture-node] freeze=5ms shot=128ms unfreeze=20ms saved=True
  Node executed (5 total), capturing...
  [ComfyUI] [worker:ComfyUI-GeometryPack] INFO: CuMesh GPU: perimeter=20.0, +56 faces, watertight: False -> True
  [ComfyUI] [worker:ComfyUI-GeometryPack] INFO: CuMesh GPU: perimeter=20.0, +56 faces, watertight: False -> True
  [ComfyUI] [worker:ComfyUI-GeometryPack] INFO: CuMesh GPU: perimeter=20.0, +56 faces, watertight: False -> True
  [ComfyUI] [worker:ComfyUI-GeometryPack] INFO: CuMesh GPU: perimeter=20.0, +56 faces, watertight: False -> True
  [ComfyUI] [worker:ComfyUI-GeometryPack] INFO: CuMesh GPU: perimeter=20.0, +56 faces, watertight: False -> True
  [ComfyUI] [worker:ComfyUI-GeometryPack] INFO: CuMesh GPU: perimeter=20.0, +56 faces, watertight: False -> True
  [ComfyUI] [worker:ComfyUI-GeometryPack] INFO: CuMesh GPU: perimeter=20.0, +56 faces, watertight: False -> True
  [ComfyUI] [worker:ComfyUI-GeometryPack] INFO: CuMesh GPU: perimeter=20.0, +56 faces, watertight: False -> True
  [ComfyUI] [SubprocessWorker] got response: ok
  [ComfyUI] [SubprocessWorker] got response: ok
  [ComfyUI] [SubprocessWorker] got response: ok
  [ComfyUI] [SubprocessWorker] got response: ok
  [ComfyUI] [SubprocessWorker] got response: ok
  [ComfyUI] [SubprocessWorker] got response: ok
  [ComfyUI] [SubprocessWorker] got response: ok
  [ComfyUI] [SubprocessWorker] got response: ok
  [ComfyUI] [comfy-env] GeomPackFillHoles_GPU done (0.86s): result: NodeOutput
  [ComfyUI] [comfy-env] GeomPackFillHoles_GPU done (0.86s): result: NodeOutput
  [ComfyUI] [comfy-env] GeomPackFillHoles_GPU done (0.86s): result: NodeOutput
  [ComfyUI] [comfy-env] GeomPackFillHoles_GPU done (0.86s): result: NodeOutput
  [ComfyUI] [comfy-env] GeomPackFillHoles_GPU done (0.86s): result: NodeOutput
  [ComfyUI] [comfy-env] GeomPackFillHoles_GPU done (0.86s): result: NodeOutput
  [ComfyUI] [comfy-env] GeomPackFillHoles_GPU done (0.86s): result: NodeOutput
  [ComfyUI] [comfy-env] GeomPackFillHoles_GPU done (0.86s): result: NodeOutput
  [ComfyUI] [VRAM] After GeomPackFillHoles_GPU: 1271 / 24575 MB
  [ComfyUI] [VRAM] After GeomPackFillHoles_GPU: 1271 / 24575 MB
  [ComfyUI] [VRAM] After GeomPackFillHoles_GPU: 1271 / 24575 MB
  [ComfyUI] [VRAM] After GeomPackFillHoles_GPU: 1271 / 24575 MB
  [ComfyUI] [VRAM] After GeomPackFillHoles_GPU: 1271 / 24575 MB
  [ComfyUI] [VRAM] After GeomPackFillHoles_GPU: 1271 / 24575 MB
  [ComfyUI] [VRAM] After GeomPackFillHoles_GPU: 1271 / 24575 MB
  [ComfyUI] [VRAM] After GeomPackFillHoles_GPU: 1271 / 24575 MB
  [ComfyUI] [comfy-env] Running GeomPackPreviewMeshMulti: mode: 'fields', mesh_1: Trimesh, mesh_2: Trimesh, mesh_3: Trimesh
  [ComfyUI] [comfy-env] Running GeomPackPreviewMeshMulti: mode: 'fields', mesh_1: Trimesh, mesh_2: Trimesh, mesh_3: Trimesh
  [ComfyUI] [comfy-env] Running GeomPackPreviewMeshMulti: mode: 'fields', mesh_1: Trimesh, mesh_2: Trimesh, mesh_3: Trimesh
  [ComfyUI] [comfy-env] Running GeomPackPreviewMeshMulti: mode: 'fields', mesh_1: Trimesh, mesh_2: Trimesh, mesh_3: Trimesh
  [ComfyUI] [comfy-env] Running GeomPackPreviewMeshMulti: mode: 'fields', mesh_1: Trimesh, mesh_2: Trimesh, mesh_3: Trimesh
  [ComfyUI] [comfy-env] Running GeomPackPreviewMeshMulti: mode: 'fields', mesh_1: Trimesh, mesh_2: Trimesh, mesh_3: Trimesh
  [ComfyUI] [comfy-env] Running GeomPackPreviewMeshMulti: mode: 'fields', mesh_1: Trimesh, mesh_2: Trimesh, mesh_3: Trimesh
  [ComfyUI] [comfy-env] Running GeomPackPreviewMeshMulti: mode: 'fields', mesh_1: Trimesh, mesh_2: Trimesh, mesh_3: Trimesh
  [ComfyUI] [VRAM] Before GeomPackPreviewMeshMulti: 1271 / 24575 MB
  [ComfyUI] [VRAM] Before GeomPackPreviewMeshMulti: 1271 / 24575 MB
  [ComfyUI] [VRAM] Before GeomPackPreviewMeshMulti: 1271 / 24575 MB
  [ComfyUI] [VRAM] Before GeomPackPreviewMeshMulti: 1271 / 24575 MB
  [ComfyUI] [VRAM] Before GeomPackPreviewMeshMulti: 1271 / 24575 MB
  [ComfyUI] [VRAM] Before GeomPackPreviewMeshMulti: 1271 / 24575 MB
  [ComfyUI] [VRAM] Before GeomPackPreviewMeshMulti: 1271 / 24575 MB
  [ComfyUI] [VRAM] Before GeomPackPreviewMeshMulti: 1271 / 24575 MB
  [ComfyUI] [SubprocessWorker] call_method: nodes.visualization.preview_mesh_multi.PreviewMeshMultiNode.EXECUTE_NORMALIZED
  [ComfyUI] [SubprocessWorker] call_method: nodes.visualization.preview_mesh_multi.PreviewMeshMultiNode.EXECUTE_NORMALIZED
  [ComfyUI] [SubprocessWorker] call_method: nodes.visualization.preview_mesh_multi.PreviewMeshMultiNode.EXECUTE_NORMALIZED
  [ComfyUI] [SubprocessWorker] call_method: nodes.visualization.preview_mesh_multi.PreviewMeshMultiNode.EXECUTE_NORMALIZED
  [ComfyUI] [SubprocessWorker] call_method: nodes.visualization.preview_mesh_multi.PreviewMeshMultiNode.EXECUTE_NORMALIZED
  [ComfyUI] [SubprocessWorker] call_method: nodes.visualization.preview_mesh_multi.PreviewMeshMultiNode.EXECUTE_NORMALIZED
  [ComfyUI] [SubprocessWorker] call_method: nodes.visualization.preview_mesh_multi.PreviewMeshMultiNode.EXECUTE_NORMALIZED
  [ComfyUI] [SubprocessWorker] call_method: nodes.visualization.preview_mesh_multi.PreviewMeshMultiNode.EXECUTE_NORMALIZED
  [ComfyUI] [SubprocessWorker] acquired lock, ensuring started...
  [ComfyUI] [SubprocessWorker] acquired lock, ensuring started...
  [ComfyUI] [SubprocessWorker] acquired lock, ensuring started...
  [ComfyUI] [SubprocessWorker] acquired lock, ensuring started...
  [ComfyUI] [SubprocessWorker] acquired lock, ensuring started...
  [ComfyUI] [SubprocessWorker] acquired lock, ensuring started...
  [ComfyUI] [SubprocessWorker] acquired lock, ensuring started...
  [ComfyUI] [SubprocessWorker] acquired lock, ensuring started...
  [ComfyUI] [ComfyUI-GeometryPack] Health check: ping (timeout=5.0s)...
  [ComfyUI] [ComfyUI-GeometryPack] Health check: ping (timeout=5.0s)...
  [ComfyUI] [ComfyUI-GeometryPack] Health check: ping (timeout=5.0s)...
  [ComfyUI] [ComfyUI-GeometryPack] Health check: ping (timeout=5.0s)...
  [ComfyUI] [ComfyUI-GeometryPack] Health check: ping (timeout=5.0s)...
  [ComfyUI] [ComfyUI-GeometryPack] Health check: ping (timeout=5.0s)...
  [ComfyUI] [ComfyUI-GeometryPack] Health check: ping (timeout=5.0s)...
  [ComfyUI] [ComfyUI-GeometryPack] Health check: ping (timeout=5.0s)...
  [ComfyUI] [ComfyUI-GeometryPack] Health check: ok
  [ComfyUI] [ComfyUI-GeometryPack] Health check: ok
  [ComfyUI] [ComfyUI-GeometryPack] Health check: ok
  [ComfyUI] [ComfyUI-GeometryPack] Health check: ok
  [ComfyUI] [ComfyUI-GeometryPack] Health check: ok
  [ComfyUI] [ComfyUI-GeometryPack] Health check: ok
  [ComfyUI] [ComfyUI-GeometryPack] Health check: ok
  [ComfyUI] [ComfyUI-GeometryPack] Health check: ok
  [ComfyUI] [SubprocessWorker] worker started/confirmed
  [ComfyUI] [SubprocessWorker] worker started/confirmed
  [ComfyUI] [SubprocessWorker] worker started/confirmed
  [ComfyUI] [SubprocessWorker] worker started/confirmed
  [ComfyUI] [SubprocessWorker] worker started/confirmed
  [ComfyUI] [SubprocessWorker] worker started/confirmed
  [ComfyUI] [SubprocessWorker] worker started/confirmed
  [ComfyUI] [SubprocessWorker] worker started/confirmed
  [ComfyUI] [SubprocessWorker] serializing kwargs to shm...
  [ComfyUI] [SubprocessWorker] serializing kwargs to shm...
  [ComfyUI] [SubprocessWorker] serializing kwargs to shm...
  [ComfyUI] [SubprocessWorker] serializing kwargs to shm...
  [ComfyUI] [SubprocessWorker] serializing kwargs to shm...
  [ComfyUI] [SubprocessWorker] serializing kwargs to shm...
  [ComfyUI] [SubprocessWorker] serializing kwargs to shm...
  [ComfyUI] [SubprocessWorker] serializing kwargs to shm...
  [ComfyUI] [SubprocessWorker] created 3 shm blocks
  [ComfyUI] [SubprocessWorker] created 3 shm blocks
  [ComfyUI] [SubprocessWorker] created 3 shm blocks
  [ComfyUI] [SubprocessWorker] created 3 shm blocks
  [ComfyUI] [SubprocessWorker] created 3 shm blocks
  [ComfyUI] [SubprocessWorker] created 3 shm blocks
  [ComfyUI] [SubprocessWorker] created 3 shm blocks
  [ComfyUI] [SubprocessWorker] created 3 shm blocks
  [ComfyUI] [SubprocessWorker] sending request via socket...
  [ComfyUI] [SubprocessWorker] sending request via socket...
  [ComfyUI] [SubprocessWorker] sending request via socket...
  [ComfyUI] [SubprocessWorker] sending request via socket...
  [ComfyUI] [SubprocessWorker] sending request via socket...
  [ComfyUI] [SubprocessWorker] sending request via socket...
  [ComfyUI] [SubprocessWorker] sending request via socket...
  [ComfyUI] [SubprocessWorker] sending request via socket...
  [ComfyUI] [SubprocessWorker] call_id=13 sending call_method
  [ComfyUI] [SubprocessWorker] call_id=13 sending call_method
  [ComfyUI] [SubprocessWorker] call_id=13 sending call_method
  [ComfyUI] [SubprocessWorker] call_id=13 sending call_method
  [ComfyUI] [SubprocessWorker] call_id=13 sending call_method
  [ComfyUI] [SubprocessWorker] call_id=13 sending call_method
  [ComfyUI] [SubprocessWorker] call_id=13 sending call_method
  [ComfyUI] [SubprocessWorker] call_id=13 sending call_method
  [ComfyUI] [worker:ComfyUI-GeometryPack] INFO: Mode: fields, Meshes: 3
  [ComfyUI] [worker:ComfyUI-GeometryPack] INFO: Mode: fields, Meshes: 3
  [ComfyUI] [worker:ComfyUI-GeometryPack] INFO: Mode: fields, Meshes: 3
  [ComfyUI] [worker:ComfyUI-GeometryPack] INFO: Mode: fields, Meshes: 3
  [ComfyUI] [worker:ComfyUI-GeometryPack] INFO: Mode: fields, Meshes: 3
  [ComfyUI] [worker:ComfyUI-GeometryPack] INFO: Mode: fields, Meshes: 3
  [ComfyUI] [worker:ComfyUI-GeometryPack] INFO: Mode: fields, Meshes: 3
  [ComfyUI] [worker:ComfyUI-GeometryPack] INFO: Mode: fields, Meshes: 3
  [ComfyUI] [worker:ComfyUI-GeometryPack] INFO: Mesh 1: Mesh - 11381 vertices, 22758 faces
  [ComfyUI] [worker:ComfyUI-GeometryPack] INFO: Mesh 1: Mesh - 11381 vertices, 22758 faces
  [ComfyUI] [worker:ComfyUI-GeometryPack] INFO: Mesh 1: Mesh - 11381 vertices, 22758 faces
  [ComfyUI] [worker:ComfyUI-GeometryPack] INFO: Mesh 1: Mesh - 11381 vertices, 22758 faces
  [ComfyUI] [worker:ComfyUI-GeometryPack] INFO: Mesh 1: Mesh - 11381 vertices, 22758 faces
  [ComfyUI] [worker:ComfyUI-GeometryPack] INFO: Mesh 1: Mesh - 11381 vertices, 22758 faces
  [ComfyUI] [worker:ComfyUI-GeometryPack] INFO: Mesh 1: Mesh - 11381 vertices, 22758 faces
  [ComfyUI] [worker:ComfyUI-GeometryPack] INFO: Mesh 1: Mesh - 11381 vertices, 22758 faces
  [ComfyUI] [worker:ComfyUI-GeometryPack] INFO: Exporting mesh to VTP: C:\workspaces\GeometryPack-2344\ComfyUI\output\preview_multi_1_596384cc.vtp
  [ComfyUI] [worker:ComfyUI-GeometryPack] INFO: Exporting mesh to VTP: C:\workspaces\GeometryPack-2344\ComfyUI\output\preview_multi_1_596384cc.vtp
  [ComfyUI] [worker:ComfyUI-GeometryPack] INFO: Exporting mesh to VTP: C:\workspaces\GeometryPack-2344\ComfyUI\output\preview_multi_1_596384cc.vtp
  [ComfyUI] [worker:ComfyUI-GeometryPack] INFO: Exporting mesh to VTP: C:\workspaces\GeometryPack-2344\ComfyUI\output\preview_multi_1_596384cc.vtp
  [ComfyUI] [worker:ComfyUI-GeometryPack] INFO: Exporting mesh to VTP: C:\workspaces\GeometryPack-2344\ComfyUI\output\preview_multi_1_596384cc.vtp
  [ComfyUI] [worker:ComfyUI-GeometryPack] INFO: Exporting mesh to VTP: C:\workspaces\GeometryPack-2344\ComfyUI\output\preview_multi_1_596384cc.vtp
  [ComfyUI] [worker:ComfyUI-GeometryPack] INFO: Exporting mesh to VTP: C:\workspaces\GeometryPack-2344\ComfyUI\output\preview_multi_1_596384cc.vtp
  [ComfyUI] [worker:ComfyUI-GeometryPack] INFO: Exporting mesh to VTP: C:\workspaces\GeometryPack-2344\ComfyUI\output\preview_multi_1_596384cc.vtp
  [ComfyUI] [worker:ComfyUI-GeometryPack] INFO: Adding normals field (11381 vertices)
  [ComfyUI] [worker:ComfyUI-GeometryPack] INFO: Adding normals field (11381 vertices)
  [ComfyUI] [worker:ComfyUI-GeometryPack] INFO: Adding normals field (11381 vertices)
  [ComfyUI] [worker:ComfyUI-GeometryPack] INFO: Adding normals field (11381 vertices)
  [ComfyUI] [worker:ComfyUI-GeometryPack] INFO: Adding normals field (11381 vertices)
  [ComfyUI] [worker:ComfyUI-GeometryPack] INFO: Adding normals field (11381 vertices)
  [ComfyUI] [worker:ComfyUI-GeometryPack] INFO: Adding normals field (11381 vertices)
  [ComfyUI] [worker:ComfyUI-GeometryPack] INFO: Adding normals field (11381 vertices)
  [ComfyUI] [worker:ComfyUI-GeometryPack] INFO: Export complete: 11381 vertices, 22758 faces
  [ComfyUI] [worker:ComfyUI-GeometryPack] INFO: Export complete: 11381 vertices, 22758 faces
  [ComfyUI] [worker:ComfyUI-GeometryPack] INFO: Export complete: 11381 vertices, 22758 faces
  [ComfyUI] [worker:ComfyUI-GeometryPack] INFO: Export complete: 11381 vertices, 22758 faces
  [ComfyUI] [worker:ComfyUI-GeometryPack] INFO: Export complete: 11381 vertices, 22758 faces
  [ComfyUI] [worker:ComfyUI-GeometryPack] INFO: Export complete: 11381 vertices, 22758 faces
  [ComfyUI] [worker:ComfyUI-GeometryPack] INFO: Export complete: 11381 vertices, 22758 faces
  [ComfyUI] [worker:ComfyUI-GeometryPack] INFO: Export complete: 11381 vertices, 22758 faces
  [ComfyUI] [worker:ComfyUI-GeometryPack] INFO: Exported VTP: C:\workspaces\GeometryPack-2344\ComfyUI\output\preview_multi_1_596384cc.vtp
  [ComfyUI] [worker:ComfyUI-GeometryPack] INFO: Exported VTP: C:\workspaces\GeometryPack-2344\ComfyUI\output\preview_multi_1_596384cc.vtp
  [ComfyUI] [worker:ComfyUI-GeometryPack] INFO: Exported VTP: C:\workspaces\GeometryPack-2344\ComfyUI\output\preview_multi_1_596384cc.vtp
  [ComfyUI] [worker:ComfyUI-GeometryPack] INFO: Exported VTP: C:\workspaces\GeometryPack-2344\ComfyUI\output\preview_multi_1_596384cc.vtp
  [ComfyUI] [worker:ComfyUI-GeometryPack] INFO: Exported VTP: C:\workspaces\GeometryPack-2344\ComfyUI\output\preview_multi_1_596384cc.vtp
  [ComfyUI] [worker:ComfyUI-GeometryPack] INFO: Exported VTP: C:\workspaces\GeometryPack-2344\ComfyUI\output\preview_multi_1_596384cc.vtp
  [ComfyUI] [worker:ComfyUI-GeometryPack] INFO: Exported VTP: C:\workspaces\GeometryPack-2344\ComfyUI\output\preview_multi_1_596384cc.vtp
  [ComfyUI] [worker:ComfyUI-GeometryPack] INFO: Exported VTP: C:\workspaces\GeometryPack-2344\ComfyUI\output\preview_multi_1_596384cc.vtp
  [ComfyUI] [worker:ComfyUI-GeometryPack] INFO: Mesh 2: Mesh - 11381 vertices, 22813 faces
  [ComfyUI] [worker:ComfyUI-GeometryPack] INFO: Mesh 2: Mesh - 11381 vertices, 22813 faces
  [ComfyUI] [worker:ComfyUI-GeometryPack] INFO: Mesh 2: Mesh - 11381 vertices, 22813 faces
  [ComfyUI] [worker:ComfyUI-GeometryPack] INFO: Mesh 2: Mesh - 11381 vertices, 22813 faces
  [ComfyUI] [worker:ComfyUI-GeometryPack] INFO: Mesh 2: Mesh - 11381 vertices, 22813 faces
  [ComfyUI] [worker:ComfyUI-GeometryPack] INFO: Mesh 2: Mesh - 11381 vertices, 22813 faces
  [ComfyUI] [worker:ComfyUI-GeometryPack] INFO: Mesh 2: Mesh - 11381 vertices, 22813 faces
  [ComfyUI] [worker:ComfyUI-GeometryPack] INFO: Mesh 2: Mesh - 11381 vertices, 22813 faces
  [ComfyUI] [worker:ComfyUI-GeometryPack] INFO: Exporting mesh to VTP: C:\workspaces\GeometryPack-2344\ComfyUI\output\preview_multi_2_596384cc.vtp
  [ComfyUI] [worker:ComfyUI-GeometryPack] INFO: Exporting mesh to VTP: C:\workspaces\GeometryPack-2344\ComfyUI\output\preview_multi_2_596384cc.vtp
  [ComfyUI] [worker:ComfyUI-GeometryPack] INFO: Exporting mesh to VTP: C:\workspaces\GeometryPack-2344\ComfyUI\output\preview_multi_2_596384cc.vtp
  [ComfyUI] [worker:ComfyUI-GeometryPack] INFO: Exporting mesh to VTP: C:\workspaces\GeometryPack-2344\ComfyUI\output\preview_multi_2_596384cc.vtp
  [ComfyUI] [worker:ComfyUI-GeometryPack] INFO: Exporting mesh to VTP: C:\workspaces\GeometryPack-2344\ComfyUI\output\preview_multi_2_596384cc.vtp
  [ComfyUI] [worker:ComfyUI-GeometryPack] INFO: Exporting mesh to VTP: C:\workspaces\GeometryPack-2344\ComfyUI\output\preview_multi_2_596384cc.vtp
  [ComfyUI] [worker:ComfyUI-GeometryPack] INFO: Exporting mesh to VTP: C:\workspaces\GeometryPack-2344\ComfyUI\output\preview_multi_2_596384cc.vtp
  [ComfyUI] [worker:ComfyUI-GeometryPack] INFO: Exporting mesh to VTP: C:\workspaces\GeometryPack-2344\ComfyUI\output\preview_multi_2_596384cc.vtp
  Frame 8 saved (frame_007.jpg, t=14.2s)
  [ComfyUI] [worker:ComfyUI-GeometryPack] INFO: Adding normals field (11381 vertices)
  [ComfyUI] [worker:ComfyUI-GeometryPack] INFO: Adding normals field (11381 vertices)
  [ComfyUI] [worker:ComfyUI-GeometryPack] INFO: Adding normals field (11381 vertices)
  [ComfyUI] [worker:ComfyUI-GeometryPack] INFO: Adding normals field (11381 vertices)
  [ComfyUI] [worker:ComfyUI-GeometryPack] INFO: Adding normals field (11381 vertices)
  [ComfyUI] [worker:ComfyUI-GeometryPack] INFO: Adding normals field (11381 vertices)
  [ComfyUI] [worker:ComfyUI-GeometryPack] INFO: Adding normals field (11381 vertices)
  [ComfyUI] [worker:ComfyUI-GeometryPack] INFO: Adding normals field (11381 vertices)
  [capture-node] freeze=18ms shot=153ms unfreeze=6ms saved=True
  [ComfyUI] [worker:ComfyUI-GeometryPack] INFO: Export complete: 11381 vertices, 22813 faces
  [ComfyUI] [worker:ComfyUI-GeometryPack] INFO: Export complete: 11381 vertices, 22813 faces
  [ComfyUI] [worker:ComfyUI-GeometryPack] INFO: Export complete: 11381 vertices, 22813 faces
  [ComfyUI] [worker:ComfyUI-GeometryPack] INFO: Export complete: 11381 vertices, 22813 faces
  [ComfyUI] [worker:ComfyUI-GeometryPack] INFO: Export complete: 11381 vertices, 22813 faces
  [ComfyUI] [worker:ComfyUI-GeometryPack] INFO: Export complete: 11381 vertices, 22813 faces
  [ComfyUI] [worker:ComfyUI-GeometryPack] INFO: Export complete: 11381 vertices, 22813 faces
  [ComfyUI] [worker:ComfyUI-GeometryPack] INFO: Export complete: 11381 vertices, 22813 faces
  [ComfyUI] [worker:ComfyUI-GeometryPack] INFO: Exported VTP: C:\workspaces\GeometryPack-2344\ComfyUI\output\preview_multi_2_596384cc.vtp
  [ComfyUI] [worker:ComfyUI-GeometryPack] INFO: Exported VTP: C:\workspaces\GeometryPack-2344\ComfyUI\output\preview_multi_2_596384cc.vtp
  [ComfyUI] [worker:ComfyUI-GeometryPack] INFO: Exported VTP: C:\workspaces\GeometryPack-2344\ComfyUI\output\preview_multi_2_596384cc.vtp
  [ComfyUI] [worker:ComfyUI-GeometryPack] INFO: Exported VTP: C:\workspaces\GeometryPack-2344\ComfyUI\output\preview_multi_2_596384cc.vtp
  [ComfyUI] [worker:ComfyUI-GeometryPack] INFO: Exported VTP: C:\workspaces\GeometryPack-2344\ComfyUI\output\preview_multi_2_596384cc.vtp
  [ComfyUI] [worker:ComfyUI-GeometryPack] INFO: Exported VTP: C:\workspaces\GeometryPack-2344\ComfyUI\output\preview_multi_2_596384cc.vtp
  [ComfyUI] [worker:ComfyUI-GeometryPack] INFO: Exported VTP: C:\workspaces\GeometryPack-2344\ComfyUI\output\preview_multi_2_596384cc.vtp
  [ComfyUI] [worker:ComfyUI-GeometryPack] INFO: Exported VTP: C:\workspaces\GeometryPack-2344\ComfyUI\output\preview_multi_2_596384cc.vtp
  [ComfyUI] [worker:ComfyUI-GeometryPack] INFO: Mesh 3: Mesh - 11382 vertices, 22760 faces
  [ComfyUI] [worker:ComfyUI-GeometryPack] INFO: Mesh 3: Mesh - 11382 vertices, 22760 faces
  [ComfyUI] [worker:ComfyUI-GeometryPack] INFO: Mesh 3: Mesh - 11382 vertices, 22760 faces
  [ComfyUI] [worker:ComfyUI-GeometryPack] INFO: Mesh 3: Mesh - 11382 vertices, 22760 faces
  [ComfyUI] [worker:ComfyUI-GeometryPack] INFO: Mesh 3: Mesh - 11382 vertices, 22760 faces
  [ComfyUI] [worker:ComfyUI-GeometryPack] INFO: Mesh 3: Mesh - 11382 vertices, 22760 faces
  [ComfyUI] [worker:ComfyUI-GeometryPack] INFO: Mesh 3: Mesh - 11382 vertices, 22760 faces
  [ComfyUI] [worker:ComfyUI-GeometryPack] INFO: Mesh 3: Mesh - 11382 vertices, 22760 faces
  [ComfyUI] [worker:ComfyUI-GeometryPack] INFO: Exporting mesh to VTP: C:\workspaces\GeometryPack-2344\ComfyUI\output\preview_multi_3_596384cc.vtp
  [ComfyUI] [worker:ComfyUI-GeometryPack] INFO: Exporting mesh to VTP: C:\workspaces\GeometryPack-2344\ComfyUI\output\preview_multi_3_596384cc.vtp
  [ComfyUI] [worker:ComfyUI-GeometryPack] INFO: Exporting mesh to VTP: C:\workspaces\GeometryPack-2344\ComfyUI\output\preview_multi_3_596384cc.vtp
  [ComfyUI] [worker:ComfyUI-GeometryPack] INFO: Exporting mesh to VTP: C:\workspaces\GeometryPack-2344\ComfyUI\output\preview_multi_3_596384cc.vtp
  [ComfyUI] [worker:ComfyUI-GeometryPack] INFO: Exporting mesh to VTP: C:\workspaces\GeometryPack-2344\ComfyUI\output\preview_multi_3_596384cc.vtp
  [ComfyUI] [worker:ComfyUI-GeometryPack] INFO: Exporting mesh to VTP: C:\workspaces\GeometryPack-2344\ComfyUI\output\preview_multi_3_596384cc.vtp
  [ComfyUI] [worker:ComfyUI-GeometryPack] INFO: Exporting mesh to VTP: C:\workspaces\GeometryPack-2344\ComfyUI\output\preview_multi_3_596384cc.vtp
  [ComfyUI] [worker:ComfyUI-GeometryPack] INFO: Exporting mesh to VTP: C:\workspaces\GeometryPack-2344\ComfyUI\output\preview_multi_3_596384cc.vtp
  Node executed (6 total), capturing...
  [ComfyUI] [worker:ComfyUI-GeometryPack] INFO: Adding normals field (11382 vertices)
  [ComfyUI] [worker:ComfyUI-GeometryPack] INFO: Adding normals field (11382 vertices)
  [ComfyUI] [worker:ComfyUI-GeometryPack] INFO: Adding normals field (11382 vertices)
  [ComfyUI] [worker:ComfyUI-GeometryPack] INFO: Adding normals field (11382 vertices)
  [ComfyUI] [worker:ComfyUI-GeometryPack] INFO: Adding normals field (11382 vertices)
  [ComfyUI] [worker:ComfyUI-GeometryPack] INFO: Adding normals field (11382 vertices)
  [ComfyUI] [worker:ComfyUI-GeometryPack] INFO: Adding normals field (11382 vertices)
  [ComfyUI] [worker:ComfyUI-GeometryPack] INFO: Adding normals field (11382 vertices)
  [ComfyUI] [worker:ComfyUI-GeometryPack] INFO: Export complete: 11382 vertices, 22760 faces
  [ComfyUI] [worker:ComfyUI-GeometryPack] INFO: Export complete: 11382 vertices, 22760 faces
  [ComfyUI] [worker:ComfyUI-GeometryPack] INFO: Export complete: 11382 vertices, 22760 faces
  [ComfyUI] [worker:ComfyUI-GeometryPack] INFO: Export complete: 11382 vertices, 22760 faces
  [ComfyUI] [worker:ComfyUI-GeometryPack] INFO: Export complete: 11382 vertices, 22760 faces
  [ComfyUI] [worker:ComfyUI-GeometryPack] INFO: Export complete: 11382 vertices, 22760 faces
  [ComfyUI] [worker:ComfyUI-GeometryPack] INFO: Export complete: 11382 vertices, 22760 faces
  [ComfyUI] [worker:ComfyUI-GeometryPack] INFO: Export complete: 11382 vertices, 22760 faces
  [ComfyUI] [worker:ComfyUI-GeometryPack] INFO: Exported VTP: C:\workspaces\GeometryPack-2344\ComfyUI\output\preview_multi_3_596384cc.vtp
  [ComfyUI] [worker:ComfyUI-GeometryPack] INFO: Exported VTP: C:\workspaces\GeometryPack-2344\ComfyUI\output\preview_multi_3_596384cc.vtp
  [ComfyUI] [worker:ComfyUI-GeometryPack] INFO: Exported VTP: C:\workspaces\GeometryPack-2344\ComfyUI\output\preview_multi_3_596384cc.vtp
  [ComfyUI] [worker:ComfyUI-GeometryPack] INFO: Exported VTP: C:\workspaces\GeometryPack-2344\ComfyUI\output\preview_multi_3_596384cc.vtp
  [ComfyUI] [worker:ComfyUI-GeometryPack] INFO: Exported VTP: C:\workspaces\GeometryPack-2344\ComfyUI\output\preview_multi_3_596384cc.vtp
  [ComfyUI] [worker:ComfyUI-GeometryPack] INFO: Exported VTP: C:\workspaces\GeometryPack-2344\ComfyUI\output\preview_multi_3_596384cc.vtp
  [ComfyUI] [worker:ComfyUI-GeometryPack] INFO: Exported VTP: C:\workspaces\GeometryPack-2344\ComfyUI\output\preview_multi_3_596384cc.vtp
  [ComfyUI] [worker:ComfyUI-GeometryPack] INFO: Exported VTP: C:\workspaces\GeometryPack-2344\ComfyUI\output\preview_multi_3_596384cc.vtp
  [ComfyUI] [worker:ComfyUI-GeometryPack] INFO: Grid: 3x1, Preview ready
  [ComfyUI] [worker:ComfyUI-GeometryPack] INFO: Grid: 3x1, Preview ready
  [ComfyUI] [worker:ComfyUI-GeometryPack] INFO: Grid: 3x1, Preview ready
  [ComfyUI] [worker:ComfyUI-GeometryPack] INFO: Grid: 3x1, Preview ready
  [ComfyUI] [worker:ComfyUI-GeometryPack] INFO: Grid: 3x1, Preview ready
  [ComfyUI] [worker:ComfyUI-GeometryPack] INFO: Grid: 3x1, Preview ready
  [ComfyUI] [worker:ComfyUI-GeometryPack] INFO: Grid: 3x1, Preview ready
  [ComfyUI] [worker:ComfyUI-GeometryPack] INFO: Grid: 3x1, Preview ready
  [ComfyUI] [SubprocessWorker] got response: ok
  [ComfyUI] [SubprocessWorker] got response: ok
  [ComfyUI] [SubprocessWorker] got response: ok
  [ComfyUI] [SubprocessWorker] got response: ok
  [ComfyUI] [SubprocessWorker] got response: ok
  [ComfyUI] [SubprocessWorker] got response: ok
  [ComfyUI] [SubprocessWorker] got response: ok
  [ComfyUI] [SubprocessWorker] got response: ok
  [ComfyUI] [comfy-env] GeomPackPreviewMeshMulti done (0.42s): result: NodeOutput
  [ComfyUI] [comfy-env] GeomPackPreviewMeshMulti done (0.42s): result: NodeOutput
  [ComfyUI] [comfy-env] GeomPackPreviewMeshMulti done (0.42s): result: NodeOutput
  [ComfyUI] [comfy-env] GeomPackPreviewMeshMulti done (0.42s): result: NodeOutput
  [ComfyUI] [comfy-env] GeomPackPreviewMeshMulti done (0.42s): result: NodeOutput
  [ComfyUI] [comfy-env] GeomPackPreviewMeshMulti done (0.42s): result: NodeOutput
  [ComfyUI] [comfy-env] GeomPackPreviewMeshMulti done (0.42s): result: NodeOutput
  [ComfyUI] [comfy-env] GeomPackPreviewMeshMulti done (0.42s): result: NodeOutput
  [ComfyUI] [VRAM] After GeomPackPreviewMeshMulti: 1271 / 24575 MB
  [ComfyUI] [VRAM] After GeomPackPreviewMeshMulti: 1271 / 24575 MB
  [ComfyUI] [VRAM] After GeomPackPreviewMeshMulti: 1271 / 24575 MB
  [ComfyUI] [VRAM] After GeomPackPreviewMeshMulti: 1271 / 24575 MB
  [ComfyUI] [VRAM] After GeomPackPreviewMeshMulti: 1271 / 24575 MB
  [ComfyUI] [VRAM] After GeomPackPreviewMeshMulti: 1271 / 24575 MB
  [ComfyUI] [VRAM] After GeomPackPreviewMeshMulti: 1271 / 24575 MB
  [ComfyUI] [VRAM] After GeomPackPreviewMeshMulti: 1271 / 24575 MB
  [ComfyUI] Prompt executed in 14.43 seconds
  [ComfyUI] Prompt executed in 14.43 seconds
  [ComfyUI] Prompt executed in 14.43 seconds
  [ComfyUI] Prompt executed in 14.43 seconds
  [ComfyUI] Prompt executed in 14.43 seconds
  [ComfyUI] Prompt executed in 14.43 seconds
  [ComfyUI] Prompt executed in 14.43 seconds
  [ComfyUI] Prompt executed in 14.43 seconds
  Frame 9 saved (frame_008.jpg, t=14.7s)
  [capture-node] freeze=15ms shot=143ms unfreeze=4ms saved=True
  Node executed (7 total), capturing...
  Frame 10 saved (frame_009.jpg, t=15.7s)
  [capture-node] freeze=4ms shot=157ms unfreeze=0ms saved=True
  Execution complete (t=15.7s)
  Captured 10 unique frames over 15.92s
  [debug] iframes: 2
  [debug]   iframe[0]: src=http://127.0.0.1:41899/extensions/ComfyUI-GeometryPack/viewer_multi.html?v=17784, canvas=244x393, rafFrozen=True
  [debug]   iframe[1]: src=http://127.0.0.1:41899/extensions/ComfyUI-GeometryPack/viewer_multi.html?v=17784, canvas=244x393, rafFrozen=True
  [timing] trigger_3d_previews: 0.0s
  Saved high-quality screenshot: fill_holes_all_executed.png
  [timing] final_screenshot: 0.4s
    Captured 11 video frames