setup plugin alembic.autogenerate.schemas
setup plugin alembic.autogenerate.tables
setup plugin alembic.autogenerate.types
setup plugin alembic.autogenerate.constraints
setup plugin alembic.autogenerate.defaults
setup plugin alembic.autogenerate.comments
[comfy-env] ComfyUI-GeometryPack: 1 isolation env(s):
[comfy-env]   nodes -> D:\a\comfy-gpu-ci\comfy-gpu-ci\test_workspaces\GeometryPack-1002\portable-comfyui\ComfyUI_windows_portable\ComfyUI\custom_nodes\ComfyUI-GeometryPack\nodes
[comfy-env] Workspace: C:\Users\stduser\AppData\Local\Programs\comfy-env
[comfy-env]     env: C:\Users\stduser\AppData\Local\Programs\comfy-env\.pixi\envs\geometrypack-nodes  [OK]
[comfy-env] prestartup complete

Prestartup times for custom nodes:
   0.4 seconds: D:\a\comfy-gpu-ci\comfy-gpu-ci\test_workspaces\GeometryPack-1002\portable-comfyui\ComfyUI_windows_portable\ComfyUI\custom_nodes\ComfyUI-GeometryPack

D:\a\comfy-gpu-ci\comfy-gpu-ci\test_workspaces\GeometryPack-1002\portable-comfyui\ComfyUI_windows_portable\python_embeded\Lib\site-packages\torch\cuda\__init__.py:180: UserWarning: cudaGetDeviceCount() returned cudaErrorNotSupported, likely using older driver or on CPU machine (Triggered internally at C:\actions-runner\_work\pytorch\pytorch\pytorch\c10\cuda\CUDAFunctions.cpp:88.)
  return torch._C._cuda_getDeviceCount() > 0
Found comfy_kitchen backend cuda: {'available': False, 'disabled': False, 'unavailable_reason': 'CUDA not available on this system', 'capabilities': []}
Found comfy_kitchen backend triton: {'available': False, 'disabled': True, 'unavailable_reason': "ImportError: No module named 'triton'", 'capabilities': []}
Found comfy_kitchen backend eager: {'available': True, 'disabled': False, 'unavailable_reason': None, 'capabilities': ['apply_rope', 'apply_rope1', 'dequantize_mxfp8', 'dequantize_nvfp4', 'dequantize_per_tensor_fp8', 'quantize_mxfp8', 'quantize_nvfp4', 'quantize_per_tensor_fp8', 'scaled_mm_mxfp8', 'scaled_mm_nvfp4']}
Checkpoint files will always be loaded safely.
Total VRAM 16379 MB, total RAM 16379 MB
pytorch version: 2.11.0+cu130
Set vram state to: DISABLED
Device: cpu
Using sub quadratic optimization for attention, if you have memory or speed issues try using: --use-split-cross-attention
Python version: 3.13.12 (tags/v3.13.12:1cbe481, Feb  3 2026, 18:22:25) [MSC v.1944 64 bit (AMD64)]
ComfyUI version: 0.21.1
comfy-aimdo version: 0.3.0
comfy-kitchen version: 0.2.8
****** User settings have been changed to be stored on the server instead of browser storage. ******
****** For multi-user setups add the --multi-user CLI argument to enable multiple user profiles. ******
ComfyUI frontend version: 1.43.18
[Prompt Server] web root: D:\a\comfy-gpu-ci\comfy-gpu-ci\test_workspaces\GeometryPack-1002\portable-comfyui\ComfyUI_windows_portable\python_embeded\Lib\site-packages\comfyui_frontend_package\static
Asset seeder disabled
loading...
calling register_nodes
[comfy-env] Version: 0.3.89
[comfy-env] register_nodes: ComfyUI-GeometryPack
[comfy-env] ComfyUI source dir: D:\a\comfy-gpu-ci\comfy-gpu-ci\test_workspaces\GeometryPack-1002\portable-comfyui\ComfyUI_windows_portable\ComfyUI
[comfy-env] Found 1 isolation env(s)
[comfy-env] Scanning nodes metadata (isolation root)...
[comfy-env] geometrypack-nodes: Library/bin has 613 DLLs
[comfy-env] Metadata scan: C:\Users\stduser\.pixi\bin\pixi.exe run --as-is --manifest-path C:\Users\stduser\AppData\Local\Programs\comfy-env\pixi.toml -e geometrypack-nodes python C:\Users\stduser\AppData\Local\Temp\comfy_meta__zr55txj.py D:\a\comfy-gpu-ci\comfy-gpu-ci\test_workspaces\GeometryPack-1002\portable-comfyui\ComfyUI_windows_portable\ComfyUI\custom_nodes\ComfyUI-GeometryPack nodes C:\Users\stduser\AppData\Local\Temp\comfy_meta_out_ie6d2424.pkl
[comfy-env] Scan env PATH for nodes:
[comfy-env]   [0] C:\Users\stduser\AppData\Local\Programs\comfy-env\.pixi\envs\geometrypack-nodes
[comfy-env]   [1] C:\Users\stduser\AppData\Local\Programs\comfy-env\.pixi\envs\geometrypack-nodes\Library\bin
[comfy-env]   [2] C:\Users\stduser\AppData\Local\Programs\comfy-env\.pixi\envs\geometrypack-nodes\Scripts
[comfy-env]   [3] C:\Users\stduser\AppData\Local\Programs\comfy-env\.pixi\envs\geometrypack-nodes\Lib\site-packages\bpy
[comfy-env]   [4] C:\Windows\System32
[comfy-env]   [5] C:\Windows
[comfy-env]   [6] C:\Windows\System32\Wbem
[comfy-env] Metadata scan stderr for nodes:
[comfy-env]   [meta-scan] importing nodes from D:\a\comfy-gpu-ci\comfy-gpu-ci\test_workspaces\GeometryPack-1002\portable-comfyui\ComfyUI_windows_portable\ComfyUI\custom_nodes\ComfyUI-GeometryPack
[comfy-env]   ERROR:root:Failed to import comfy_kitchen, Error: No module named 'comfy_kitchen', fp8 and fp4 support will not be available.
[comfy-env]   [meta-scan] import OK
[comfy-env] Scanned nodes: 125 nodes (18.5s)
[comfy-env] Scanned nodes root: 125 nodes (18.6s)
[comfy-env] Imported nodes root: 125 nodes (isolation)
[comfy-env] Registered 125 total nodes

Import times for custom nodes:
   0.0 seconds: D:\a\comfy-gpu-ci\comfy-gpu-ci\test_workspaces\GeometryPack-1002\portable-comfyui\ComfyUI_windows_portable\ComfyUI\custom_nodes\websocket_image_save.py
   0.0 seconds: D:\a\comfy-gpu-ci\comfy-gpu-ci\test_workspaces\GeometryPack-1002\portable-comfyui\ComfyUI_windows_portable\ComfyUI\custom_nodes\ComfyUI-validate-endpoint
  19.2 seconds: D:\a\comfy-gpu-ci\comfy-gpu-ci\test_workspaces\GeometryPack-1002\portable-comfyui\ComfyUI_windows_portable\ComfyUI\custom_nodes\ComfyUI-GeometryPack

Context impl SQLiteImpl.
Will assume non-transactional DDL.
Context impl SQLiteImpl.
Will assume non-transactional DDL.
Running upgrade  -> 0001_assets, Initial assets schema
Revision ID: 0001_assets
Revises: None
Create Date: 2025-12-10 00:00:00
Running upgrade 0001_assets -> 0002_merge_to_asset_references, Merge AssetInfo and AssetCacheState into unified asset_references table.
Running upgrade 0002_merge_to_asset_references -> 0003_add_metadata_job_id, Add system_metadata and job_id columns to asset_references.
Change preview_id FK from assets.id to asset_references.id.
Database upgraded from None to 0003_add_metadata_job_id
Starting server

To see the GUI go to: http://127.0.0.1:41892
=== /validate endpoint called ===
Received JSON with keys: ['prompt']
Prompt has 5 nodes
  Node 4: GeomPackLoadMesh
    Inputs: {"file_path": "3d/ArmoredWarrior_00005_.glb"}
  Node 5: GeomPackAlphaWrap
    Inputs: {"alpha_percent": 1.1, "offset_percent": 0.01, "report_panel": "false", "input_mesh": ["4", 0]}
  Node 6: GeomPackPreviewMeshDual
    Inputs: {"layout": "side_by_side", "mode": "fields", "opacity_1": 1, "opacity_2": 1, "preview_dual": "{\"show_edges\":true,\"camera_state\":\"{\\\"position\\\":[1.6361067258611197,1.6476459280683735,1.6093683
  Node 9: GeomPackPreviewMeshMulti
    Inputs: {"mode": "fields", "preview_multi": "{\"show_edges\":true,\"camera_state\":\"{\\\"position\\\":[1.6361067258611197,1.6476459280683735,1.6093683078862575],\\\"focalPoint\\\":[0.0000012814998626708984,-
  Node 11: GeomPackRemesh
    Inputs: {"backend": "pymeshlab_isotropic", "backend.target_edge_length": 1, "backend.iterations": 3, "backend.feature_angle": 30, "backend.adaptive": "false", "report_panel": "false", "trimesh": ["5", 0]}
Generated prompt_id: 5ad5ee6d-65ff-45ba-b354-a7c7817edb2f
Calling execution.validate_prompt()...
Validation result: valid=True
=== Validation PASSED ===
got prompt
[comfy-env] Running GeomPackLoadMesh: file_path: '3d/ArmoredWarrior_00005_.glb'
[comfy-env] SubprocessWorker: C:\Users\stduser\AppData\Local\Programs\comfy-env\.pixi\envs\geometrypack-nodes\python.exe
[comfy-env] env_vars: {'KMP_DUPLICATE_LIB_OK': 'TRUE', 'OMP_NUM_THREADS': '1', 'COMFYUI_BASE': 'D:\\a\\comfy-gpu-ci\\comfy-gpu-ci\\test_workspaces\\GeometryPack-1002\\portable-comfyui\\ComfyUI_windows_portable\\ComfyUI'}
[SubprocessWorker] call_method: nodes.io.load_mesh.LoadMesh.EXECUTE_NORMALIZED
[SubprocessWorker] acquired lock, ensuring started...
[comfy-env] geometrypack-nodes: Library/bin has 613 DLLs
[ComfyUI-GeometryPack] python: C:\Users\stduser\AppData\Local\Programs\comfy-env\.pixi\envs\geometrypack-nodes\python.exe
[ComfyUI-GeometryPack] sys_path sent to worker: ['D:\\a\\comfy-gpu-ci\\comfy-gpu-ci\\test_workspaces\\GeometryPack-1002\\portable-comfyui\\ComfyUI_windows_portable\\ComfyUI', 'D:\\a\\comfy-gpu-ci\\comfy-gpu-ci\\test_workspaces\\GeometryPack-1002\\portable-comfyui\\ComfyUI_windows_portable\\ComfyUI\\custom_nodes\\ComfyUI-GeometryPack', 'C:\\Users\\stduser\\AppData\\Local\\Programs\\comfy-env\\.pixi\\envs\\geometrypack-nodes\\Lib\\site-packages', 'D:\\a\\comfy-gpu-ci\\comfy-gpu-ci\\test_workspaces\\GeometryPack-1002\\portable-comfyui\\ComfyUI_windows_portable\\ComfyUI\\custom_nodes\\ComfyUI-GeometryPack']
[SubprocessWorker] is_pixi=True, python=C:\Users\stduser\AppData\Local\Programs\comfy-env\.pixi\envs\geometrypack-nodes\python.exe
[SubprocessWorker] launching cmd=['C:\\Users\\stduser\\.pixi\\bin\\pixi.exe', 'run', '--as-is', '--manifest-path', 'C:\\Users\\stduser\\AppData\\Local\\Programs\\comfy-env\\pixi.toml', '-e', 'geometrypack-nodes', 'python', 'C:\\Users\\stduser\\AppData\\Local\\Temp\\comfyui_pvenv_hyjqyn9e\\persistent_worker.py', 'tcp://127.0.0.1:62482']...
C:\Users\stduser\AppData\Local\Programs\comfy-env\.pixi\envs\geometrypack-nodes\Lib\site-packages\torch\cuda\__init__.py:180: UserWarning: cudaGetDeviceCount() returned cudaErrorNotSupported, likely using older driver or on CPU machine (Triggered internally at C:\actions-runner\_work\pytorch\pytorch\pytorch\c10\cuda\CUDAFunctions.cpp:88.)
  return torch._C._cuda_getDeviceCount() > 0
[worker:ComfyUI-GeometryPack] ERROR: Failed to import comfy_kitchen, Error: No module named 'comfy_kitchen', fp8 and fp4 support will not be available.
[SubprocessWorker] worker started/confirmed
[SubprocessWorker] serializing kwargs to shm...
[SubprocessWorker] created 0 shm blocks
[SubprocessWorker] sending request via socket...
[SubprocessWorker] call_id=1 sending call_method
[worker:ComfyUI-GeometryPack] INFO: Found mesh in input folder: 3d/ArmoredWarrior_00005_.glb
[worker:ComfyUI-GeometryPack] INFO: Loading: D:\a\comfy-gpu-ci\comfy-gpu-ci\test_workspaces\GeometryPack-1002\portable-comfyui\ComfyUI_windows_portable\ComfyUI\input\3d/ArmoredWarrior_00005_.glb
[worker:ComfyUI-GeometryPack] INFO: Converting Scene to single mesh (scene has 1 geometries)
[worker:ComfyUI-GeometryPack] INFO: Initial mesh: 18061 vertices, 19827 faces
[worker:ComfyUI-GeometryPack] INFO: Successfully loaded: 18061 vertices, 19827 faces
[worker:ComfyUI-GeometryPack] INFO: Loaded: 18061 vertices, 19827 faces
[SubprocessWorker] got response: ok
[comfy-env] GeomPackLoadMesh done (6.29s): result: NodeOutput
[comfy-env] Running GeomPackAlphaWrap: alpha_percent: 1.1, offset_percent: 0.01, input_mesh: Trimesh
[SubprocessWorker] call_method: nodes.reconstruction_cgal.alpha_wrap.AlphaWrapNode.EXECUTE_NORMALIZED
[SubprocessWorker] acquired lock, ensuring started...
[ComfyUI-GeometryPack] Health check: ping (timeout=5.0s)...
[ComfyUI-GeometryPack] Health check: ok
[SubprocessWorker] worker started/confirmed
[SubprocessWorker] serializing kwargs to shm...
[SubprocessWorker] created 1 shm blocks
[SubprocessWorker] sending request via socket...
[SubprocessWorker] call_id=2 sending call_method
[worker:ComfyUI-GeometryPack] INFO: Input: 18,061 vertices, 19,827 faces (mesh)
[worker:ComfyUI-GeometryPack] INFO: Bounding box diagonal: 1.4618
[worker:ComfyUI-GeometryPack] INFO: Alpha: 0.016080 (1.1% of bbox)
[worker:ComfyUI-GeometryPack] INFO: Offset: 0.000146 (0.01% of bbox)
[SubprocessWorker] callback 'report_progress' from call_id=2
[SubprocessWorker] callback 'report_progress' from call_id=2
[worker:ComfyUI-GeometryPack] INFO: Built CGAL input data in 0.2s
[worker:ComfyUI-GeometryPack] INFO: Running CGAL Alpha Wrap...
[SubprocessWorker] callback 'report_progress' from call_id=2
[worker:ComfyUI-GeometryPack] INFO: Alpha Wrap finished in 0.0s, RSS 0 MB (+0 MB)
[SubprocessWorker] callback 'report_progress' from call_id=2
[worker:ComfyUI-GeometryPack] INFO: Extracted result mesh in 0.3s
[worker:ComfyUI-GeometryPack] INFO: Result: 12,770 vertices, 25,536 faces
[worker:ComfyUI-GeometryPack] INFO: Watertight: True
[SubprocessWorker] got response: ok
[comfy-env] GeomPackAlphaWrap done (5.77s): result: NodeOutput
[comfy-env] Running GeomPackPreviewMeshDual: layout: 'side_by_side', mode: 'fields', opacity_1: 1.0, opacity_2: 1.0, mesh_1: Trimesh, mesh_2: Trimesh
[SubprocessWorker] call_method: nodes.visualization.preview_mesh_dual.PreviewMeshDualNode.EXECUTE_NORMALIZED
[SubprocessWorker] acquired lock, ensuring started...
[ComfyUI-GeometryPack] Health check: ping (timeout=5.0s)...
[ComfyUI-GeometryPack] Health check: ok
[SubprocessWorker] worker started/confirmed
[SubprocessWorker] serializing kwargs to shm...
[SubprocessWorker] created 2 shm blocks
[SubprocessWorker] sending request via socket...
[SubprocessWorker] call_id=3 sending call_method
[worker:ComfyUI-GeometryPack] INFO: Layout: side_by_side, Mode: fields
[worker:ComfyUI-GeometryPack] INFO: Mesh 1: Mesh - 18061 vertices, 19827 faces
[worker:ComfyUI-GeometryPack] INFO: Mesh 2: Mesh - 12770 vertices, 25536 faces
[worker:ComfyUI-GeometryPack] INFO: Mesh 1 fields: []
[worker:ComfyUI-GeometryPack] INFO: Mesh 2 fields: []
[worker:ComfyUI-GeometryPack] INFO: Common fields: []
[worker:ComfyUI-GeometryPack] INFO: Mesh 1 visual: kind=texture, texture=True, vertex_colors=False
[worker:ComfyUI-GeometryPack] INFO: Mesh 2 visual: kind=None, texture=False, vertex_colors=False
[worker:ComfyUI-GeometryPack] INFO: Exported STL: D:\a\comfy-gpu-ci\comfy-gpu-ci\test_workspaces\GeometryPack-1002\portable-comfyui\ComfyUI_windows_portable\ComfyUI\output\preview_dual_1_c98950c8.stl
[worker:ComfyUI-GeometryPack] INFO: Exported STL: D:\a\comfy-gpu-ci\comfy-gpu-ci\test_workspaces\GeometryPack-1002\portable-comfyui\ComfyUI_windows_portable\ComfyUI\output\preview_dual_2_c98950c8.stl
[worker:ComfyUI-GeometryPack] INFO: Preview ready
[SubprocessWorker] got response: ok
[comfy-env] GeomPackPreviewMeshDual done (0.50s): result: NodeOutput
[comfy-env] Running GeomPackRemesh: backend: dict, trimesh: Trimesh
[SubprocessWorker] call_method: nodes.remeshing.remesh.RemeshNode.EXECUTE_NORMALIZED
[SubprocessWorker] acquired lock, ensuring started...
[ComfyUI-GeometryPack] Health check: ping (timeout=5.0s)...
[ComfyUI-GeometryPack] Health check: ok
[SubprocessWorker] worker started/confirmed
[SubprocessWorker] serializing kwargs to shm...
[SubprocessWorker] created 1 shm blocks
[SubprocessWorker] sending request via socket...
[SubprocessWorker] call_id=4 sending call_method
[worker:ComfyUI-GeometryPack] INFO: Remesh dispatch: pymeshlab_isotropic -> GeomPackRemesh_PyMeshLab
[SubprocessWorker] got response: ok
[comfy-env] GeomPackRemesh done (0.21s): result: NodeOutput
[comfy-env] Running GeomPackRemesh_PyMeshLab: trimesh: Trimesh, target_edge_length: 1.0, iterations: 3, feature_angle: 30.0, adaptive: 'false'
[SubprocessWorker] call_method: nodes.remeshing.backends.pymeshlab_isotropic.RemeshPyMeshLabNode.EXECUTE_NORMALIZED
[SubprocessWorker] acquired lock, ensuring started...
[ComfyUI-GeometryPack] Health check: ping (timeout=5.0s)...
[ComfyUI-GeometryPack] Health check: ok
[SubprocessWorker] worker started/confirmed
[SubprocessWorker] serializing kwargs to shm...
[SubprocessWorker] created 1 shm blocks
[SubprocessWorker] sending request via socket...
[SubprocessWorker] call_id=5 sending call_method
[worker:ComfyUI-GeometryPack] INFO: Backend: pymeshlab_isotropic
[worker:ComfyUI-GeometryPack] INFO: Input: 12770 vertices, 25536 faces
[worker:ComfyUI-GeometryPack] INFO: Parameters: target_edge_length=1.0, iterations=3, feature_angle=30.0, adaptive=false
[worker:ComfyUI-GeometryPack] INFO: Output: 1967 vertices, 3930 faces
[SubprocessWorker] got response: ok
[comfy-env] GeomPackRemesh_PyMeshLab done (3.31s): result: NodeOutput
[comfy-env] Running GeomPackPreviewMeshMulti: mode: 'fields', mesh_1: Trimesh, mesh_2: Trimesh, mesh_3: Trimesh
[SubprocessWorker] call_method: nodes.visualization.preview_mesh_multi.PreviewMeshMultiNode.EXECUTE_NORMALIZED
[SubprocessWorker] acquired lock, ensuring started...
[ComfyUI-GeometryPack] Health check: ping (timeout=5.0s)...
[ComfyUI-GeometryPack] Health check: ok
[SubprocessWorker] worker started/confirmed
[SubprocessWorker] serializing kwargs to shm...
[SubprocessWorker] created 3 shm blocks
[SubprocessWorker] sending request via socket...
[SubprocessWorker] call_id=6 sending call_method
[worker:ComfyUI-GeometryPack] INFO: Mode: fields, Meshes: 3
[worker:ComfyUI-GeometryPack] INFO: Mesh 1: Mesh - 18061 vertices, 19827 faces
[worker:ComfyUI-GeometryPack] INFO: Exporting mesh to VTP: D:\a\comfy-gpu-ci\comfy-gpu-ci\test_workspaces\GeometryPack-1002\portable-comfyui\ComfyUI_windows_portable\ComfyUI\output\preview_multi_1_00a468ed.vtp
[worker:ComfyUI-GeometryPack] INFO: Adding normals field (18061 vertices)
[worker:ComfyUI-GeometryPack] INFO: Export complete: 18061 vertices, 19827 faces
[worker:ComfyUI-GeometryPack] INFO: Exported VTP: D:\a\comfy-gpu-ci\comfy-gpu-ci\test_workspaces\GeometryPack-1002\portable-comfyui\ComfyUI_windows_portable\ComfyUI\output\preview_multi_1_00a468ed.vtp
[worker:ComfyUI-GeometryPack] INFO: Mesh 2: Mesh - 12770 vertices, 25536 faces
[worker:ComfyUI-GeometryPack] INFO: Exporting mesh to VTP: D:\a\comfy-gpu-ci\comfy-gpu-ci\test_workspaces\GeometryPack-1002\portable-comfyui\ComfyUI_windows_portable\ComfyUI\output\preview_multi_2_00a468ed.vtp
[worker:ComfyUI-GeometryPack] INFO: Adding normals field (12770 vertices)
[worker:ComfyUI-GeometryPack] INFO: Export complete: 12770 vertices, 25536 faces
[worker:ComfyUI-GeometryPack] INFO: Exported VTP: D:\a\comfy-gpu-ci\comfy-gpu-ci\test_workspaces\GeometryPack-1002\portable-comfyui\ComfyUI_windows_portable\ComfyUI\output\preview_multi_2_00a468ed.vtp
[worker:ComfyUI-GeometryPack] INFO: Mesh 3: Mesh - 1967 vertices, 3930 faces
[worker:ComfyUI-GeometryPack] INFO: Exporting mesh to VTP: D:\a\comfy-gpu-ci\comfy-gpu-ci\test_workspaces\GeometryPack-1002\portable-comfyui\ComfyUI_windows_portable\ComfyUI\output\preview_multi_3_00a468ed.vtp
[worker:ComfyUI-GeometryPack] INFO: Adding normals field (1967 vertices)
[worker:ComfyUI-GeometryPack] INFO: Export complete: 1967 vertices, 3930 faces
[worker:ComfyUI-GeometryPack] INFO: Exported VTP: D:\a\comfy-gpu-ci\comfy-gpu-ci\test_workspaces\GeometryPack-1002\portable-comfyui\ComfyUI_windows_portable\ComfyUI\output\preview_multi_3_00a468ed.vtp
[worker:ComfyUI-GeometryPack] INFO: Grid: 3x1, Preview ready
[SubprocessWorker] got response: ok
[comfy-env] GeomPackPreviewMeshMulti done (0.98s): result: NodeOutput
Prompt executed in 17.10 seconds
=== /validate endpoint called ===
Received JSON with keys: ['prompt']
Prompt has 4 nodes
  Node 1: GeomPackLoadMeshBatch
    Inputs: {"folder_path": "3d", "start_index": 0, "max_meshes": 4}
  Node 4: GeomPackMeshInfo
    Inputs: {"report_panel": "false", "trimesh": ["1", 0]}
  Node 6: GeomPackPreviewMeshVTKBatch
    Inputs: {"mode": "fields", "index": 0, "preview_vtk_batch": "{\"show_edges\":false,\"camera_state\":\"\",\"selected_field\":\"\",\"selected_channel\":\"magnitude\",\"selected_colormap\":\"erdc_rainbow_bright\
  Node 11: GeomPackRemesh
    Inputs: {"backend": "pymeshlab_isotropic", "backend.target_edge_length": 1, "backend.iterations": 3, "backend.feature_angle": 30, "backend.adaptive": "false", "report_panel": "false", "trimesh": ["1", 0]}
Generated prompt_id: 137b081c-c680-4d54-a625-bb8bacb15b7e
Calling execution.validate_prompt()...
Validation result: valid=True
=== Validation PASSED ===
got prompt
[comfy-env] Running GeomPackLoadMeshBatch: folder_path: '3d', start_index: 0, max_meshes: 4
[SubprocessWorker] call_method: nodes.io.load_mesh_batch.LoadMeshBatch.EXECUTE_NORMALIZED
[SubprocessWorker] acquired lock, ensuring started...
[ComfyUI-GeometryPack] Health check: ping (timeout=5.0s)...
[ComfyUI-GeometryPack] Health check: ok
[SubprocessWorker] worker started/confirmed
[SubprocessWorker] serializing kwargs to shm...
[SubprocessWorker] created 0 shm blocks
[SubprocessWorker] sending request via socket...
[SubprocessWorker] call_id=7 sending call_method
[worker:ComfyUI-GeometryPack] INFO: Found folder in input: 3d
[worker:ComfyUI-GeometryPack] INFO: Found 12 mesh files
[worker:ComfyUI-GeometryPack] INFO: Loading up to 4 meshes
[worker:ComfyUI-GeometryPack] INFO: Loading: D:\a\comfy-gpu-ci\comfy-gpu-ci\test_workspaces\GeometryPack-1002\portable-comfyui\ComfyUI_windows_portable\ComfyUI\input\3d\ArmoredWarrior_00005_.glb
[worker:ComfyUI-GeometryPack] INFO: Converting Scene to single mesh (scene has 1 geometries)
[worker:ComfyUI-GeometryPack] INFO: Initial mesh: 18061 vertices, 19827 faces
[worker:ComfyUI-GeometryPack] INFO: Successfully loaded: 18061 vertices, 19827 faces
[worker:ComfyUI-GeometryPack] INFO: [1/4] Loaded ArmoredWarrior_00005_.glb: 18061 vertices, 19827 faces
[worker:ComfyUI-GeometryPack] INFO: Loading: D:\a\comfy-gpu-ci\comfy-gpu-ci\test_workspaces\GeometryPack-1002\portable-comfyui\ComfyUI_windows_portable\ComfyUI\input\3d\Stanford_Bunny.stl
[worker:ComfyUI-GeometryPack] INFO: Initial mesh: 56203 vertices, 112402 faces
[worker:ComfyUI-GeometryPack] INFO: Successfully loaded: 56203 vertices, 112402 faces
[worker:ComfyUI-GeometryPack] INFO: [2/4] Loaded Stanford_Bunny.stl: 56203 vertices, 112402 faces
[worker:ComfyUI-GeometryPack] INFO: Loading: D:\a\comfy-gpu-ci\comfy-gpu-ci\test_workspaces\GeometryPack-1002\portable-comfyui\ComfyUI_windows_portable\ComfyUI\input\3d\camel_b.obj
[worker:ComfyUI-GeometryPack] INFO: Initial mesh: 2032 vertices, 3576 faces
[worker:ComfyUI-GeometryPack] INFO: Successfully loaded: 2032 vertices, 3576 faces
[worker:ComfyUI-GeometryPack] INFO: [3/4] Loaded camel_b.obj: 2032 vertices, 3576 faces
[worker:ComfyUI-GeometryPack] INFO: Loading: D:\a\comfy-gpu-ci\comfy-gpu-ci\test_workspaces\GeometryPack-1002\portable-comfyui\ComfyUI_windows_portable\ComfyUI\input\3d\camelhead.off
[worker:ComfyUI-GeometryPack] INFO: Initial mesh: 11381 vertices, 22704 faces
[worker:ComfyUI-GeometryPack] INFO: Successfully loaded: 11381 vertices, 22704 faces
[worker:ComfyUI-GeometryPack] INFO: [4/4] Loaded camelhead.off: 11381 vertices, 22704 faces
[worker:ComfyUI-GeometryPack] INFO: Successfully loaded 4 meshes
[SubprocessWorker] got response: ok
[comfy-env] GeomPackLoadMeshBatch done (1.36s): result: NodeOutput
[comfy-env] Running GeomPackRemesh: backend: dict, trimesh: Trimesh
[SubprocessWorker] call_method: nodes.remeshing.remesh.RemeshNode.EXECUTE_NORMALIZED
[SubprocessWorker] acquired lock, ensuring started...
[ComfyUI-GeometryPack] Health check: ping (timeout=5.0s)...
[ComfyUI-GeometryPack] Health check: ok
[SubprocessWorker] worker started/confirmed
[SubprocessWorker] serializing kwargs to shm...
[SubprocessWorker] created 1 shm blocks
[SubprocessWorker] sending request via socket...
[SubprocessWorker] call_id=8 sending call_method
[worker:ComfyUI-GeometryPack] INFO: Remesh dispatch: pymeshlab_isotropic -> GeomPackRemesh_PyMeshLab
[SubprocessWorker] got response: ok
[comfy-env] GeomPackRemesh done (0.49s): result: NodeOutput
[comfy-env] Running GeomPackRemesh: backend: dict, trimesh: Trimesh
[SubprocessWorker] call_method: nodes.remeshing.remesh.RemeshNode.EXECUTE_NORMALIZED
[SubprocessWorker] acquired lock, ensuring started...
[ComfyUI-GeometryPack] Health check: ping (timeout=5.0s)...
[ComfyUI-GeometryPack] Health check: ok
[SubprocessWorker] worker started/confirmed
[SubprocessWorker] serializing kwargs to shm...
[SubprocessWorker] created 1 shm blocks
[SubprocessWorker] sending request via socket...
[SubprocessWorker] call_id=9 sending call_method
[worker:ComfyUI-GeometryPack] INFO: Remesh dispatch: pymeshlab_isotropic -> GeomPackRemesh_PyMeshLab
[SubprocessWorker] got response: ok
[comfy-env] GeomPackRemesh done (0.17s): result: NodeOutput
[comfy-env] Running GeomPackRemesh: backend: dict, trimesh: Trimesh
[SubprocessWorker] call_method: nodes.remeshing.remesh.RemeshNode.EXECUTE_NORMALIZED
[SubprocessWorker] acquired lock, ensuring started...
[ComfyUI-GeometryPack] Health check: ping (timeout=5.0s)...
[ComfyUI-GeometryPack] Health check: ok
[SubprocessWorker] worker started/confirmed
[SubprocessWorker] serializing kwargs to shm...
[SubprocessWorker] created 1 shm blocks
[SubprocessWorker] sending request via socket...
[SubprocessWorker] call_id=10 sending call_method
[worker:ComfyUI-GeometryPack] INFO: Remesh dispatch: pymeshlab_isotropic -> GeomPackRemesh_PyMeshLab
[SubprocessWorker] got response: ok
[comfy-env] GeomPackRemesh done (0.25s): result: NodeOutput
[comfy-env] Running GeomPackRemesh: backend: dict, trimesh: Trimesh
[SubprocessWorker] call_method: nodes.remeshing.remesh.RemeshNode.EXECUTE_NORMALIZED
[SubprocessWorker] acquired lock, ensuring started...
[ComfyUI-GeometryPack] Health check: ping (timeout=5.0s)...
[ComfyUI-GeometryPack] Health check: ok
[SubprocessWorker] worker started/confirmed
[SubprocessWorker] serializing kwargs to shm...
[SubprocessWorker] created 1 shm blocks
[SubprocessWorker] sending request via socket...
[SubprocessWorker] call_id=11 sending call_method
[worker:ComfyUI-GeometryPack] INFO: Remesh dispatch: pymeshlab_isotropic -> GeomPackRemesh_PyMeshLab
[SubprocessWorker] got response: ok
[comfy-env] GeomPackRemesh done (0.13s): result: NodeOutput
[comfy-env] Running GeomPackMeshInfo: trimesh: list[4]
[SubprocessWorker] call_method: nodes.analysis.mesh_info.MeshInfoNode.EXECUTE_NORMALIZED
[SubprocessWorker] acquired lock, ensuring started...
[ComfyUI-GeometryPack] Health check: ping (timeout=5.0s)...
[ComfyUI-GeometryPack] Health check: ok
[SubprocessWorker] worker started/confirmed
[SubprocessWorker] serializing kwargs to shm...
[SubprocessWorker] created 4 shm blocks
[SubprocessWorker] sending request via socket...
[SubprocessWorker] call_id=12 sending call_method
[SubprocessWorker] got response: ok
[comfy-env] GeomPackMeshInfo done (0.74s): result: NodeOutput
[comfy-env] Running GeomPackRemesh_PyMeshLab: trimesh: Trimesh, target_edge_length: 1.0, iterations: 3, feature_angle: 30.0, adaptive: 'false'
[SubprocessWorker] call_method: nodes.remeshing.backends.pymeshlab_isotropic.RemeshPyMeshLabNode.EXECUTE_NORMALIZED
[SubprocessWorker] acquired lock, ensuring started...
[ComfyUI-GeometryPack] Health check: ping (timeout=5.0s)...
[ComfyUI-GeometryPack] Health check: ok
[SubprocessWorker] worker started/confirmed
[SubprocessWorker] serializing kwargs to shm...
[SubprocessWorker] created 1 shm blocks
[SubprocessWorker] sending request via socket...
[SubprocessWorker] call_id=13 sending call_method
[worker:ComfyUI-GeometryPack] INFO: Backend: pymeshlab_isotropic
[worker:ComfyUI-GeometryPack] INFO: Input: 18061 vertices, 19827 faces
[worker:ComfyUI-GeometryPack] INFO: Parameters: target_edge_length=1.0, iterations=3, feature_angle=30.0, adaptive=false
[worker:ComfyUI-GeometryPack] INFO: Output: 5251 vertices, 11070 faces
[SubprocessWorker] got response: ok
[comfy-env] GeomPackRemesh_PyMeshLab done (1.98s): result: NodeOutput
[comfy-env] Running GeomPackRemesh_PyMeshLab: trimesh: Trimesh, target_edge_length: 1.0, iterations: 3, feature_angle: 30.0, adaptive: 'false'
[SubprocessWorker] call_method: nodes.remeshing.backends.pymeshlab_isotropic.RemeshPyMeshLabNode.EXECUTE_NORMALIZED
[SubprocessWorker] acquired lock, ensuring started...
[ComfyUI-GeometryPack] Health check: ping (timeout=5.0s)...
[ComfyUI-GeometryPack] Health check: ok
[SubprocessWorker] worker started/confirmed
[SubprocessWorker] serializing kwargs to shm...
[SubprocessWorker] created 1 shm blocks
[SubprocessWorker] sending request via socket...
[SubprocessWorker] call_id=14 sending call_method
[worker:ComfyUI-GeometryPack] INFO: Backend: pymeshlab_isotropic
[worker:ComfyUI-GeometryPack] INFO: Input: 56203 vertices, 112402 faces
[worker:ComfyUI-GeometryPack] INFO: Parameters: target_edge_length=1.0, iterations=3, feature_angle=30.0, adaptive=false
[worker:ComfyUI-GeometryPack] INFO: Output: 32264 vertices, 64524 faces
[SubprocessWorker] got response: ok
[comfy-env] GeomPackRemesh_PyMeshLab done (7.74s): result: NodeOutput
[comfy-env] Running GeomPackRemesh_PyMeshLab: trimesh: Trimesh, target_edge_length: 1.0, iterations: 3, feature_angle: 30.0, adaptive: 'false'
[SubprocessWorker] call_method: nodes.remeshing.backends.pymeshlab_isotropic.RemeshPyMeshLabNode.EXECUTE_NORMALIZED
[SubprocessWorker] acquired lock, ensuring started...
[ComfyUI-GeometryPack] Health check: ping (timeout=5.0s)...
[ComfyUI-GeometryPack] Health check: ok
[SubprocessWorker] worker started/confirmed
[SubprocessWorker] serializing kwargs to shm...
[SubprocessWorker] created 1 shm blocks
[SubprocessWorker] sending request via socket...
[SubprocessWorker] call_id=15 sending call_method
[worker:ComfyUI-GeometryPack] INFO: Backend: pymeshlab_isotropic
[worker:ComfyUI-GeometryPack] INFO: Input: 2032 vertices, 3576 faces
[worker:ComfyUI-GeometryPack] INFO: Parameters: target_edge_length=1.0, iterations=3, feature_angle=30.0, adaptive=false
[worker:ComfyUI-GeometryPack] INFO: Output: 9670 vertices, 19338 faces
[SubprocessWorker] got response: ok
[comfy-env] GeomPackRemesh_PyMeshLab done (0.97s): result: NodeOutput
[comfy-env] Running GeomPackRemesh_PyMeshLab: trimesh: Trimesh, target_edge_length: 1.0, iterations: 3, feature_angle: 30.0, adaptive: 'false'
[SubprocessWorker] call_method: nodes.remeshing.backends.pymeshlab_isotropic.RemeshPyMeshLabNode.EXECUTE_NORMALIZED
[SubprocessWorker] acquired lock, ensuring started...
[ComfyUI-GeometryPack] Health check: ping (timeout=5.0s)...
[ComfyUI-GeometryPack] Health check: ok
[SubprocessWorker] worker started/confirmed
[SubprocessWorker] serializing kwargs to shm...
[SubprocessWorker] created 1 shm blocks
[SubprocessWorker] sending request via socket...
[SubprocessWorker] call_id=16 sending call_method
[worker:ComfyUI-GeometryPack] INFO: Backend: pymeshlab_isotropic
[worker:ComfyUI-GeometryPack] INFO: Input: 11381 vertices, 22704 faces
[worker:ComfyUI-GeometryPack] INFO: Parameters: target_edge_length=1.0, iterations=3, feature_angle=30.0, adaptive=false
[worker:ComfyUI-GeometryPack] INFO: Output: 206 vertices, 394 faces
[SubprocessWorker] got response: ok
[comfy-env] GeomPackRemesh_PyMeshLab done (1.45s): result: NodeOutput
[comfy-env] Running GeomPackPreviewMeshVTKBatch: mode: list[1], index: list[1], trimesh: list[4]
[SubprocessWorker] call_method: nodes.visualization.preview_mesh_vtk_batch.PreviewMeshVTKBatchNode.EXECUTE_NORMALIZED
[SubprocessWorker] acquired lock, ensuring started...
[ComfyUI-GeometryPack] Health check: ping (timeout=5.0s)...
[ComfyUI-GeometryPack] Health check: ok
[SubprocessWorker] worker started/confirmed
[SubprocessWorker] serializing kwargs to shm...
[SubprocessWorker] created 4 shm blocks
[SubprocessWorker] sending request via socket...
[SubprocessWorker] call_id=17 sending call_method
[worker:ComfyUI-GeometryPack] INFO: Batch size: 4, showing index: 1/4
[worker:ComfyUI-GeometryPack] INFO: Preparing preview: Mesh - 5251 vertices, 11070 faces
[worker:ComfyUI-GeometryPack] INFO: Mode: fields
[worker:ComfyUI-GeometryPack] INFO: Visual data - has_visual: True, kind: None, texture: False, vertex_colors: False
[worker:ComfyUI-GeometryPack] INFO: Using fields mode - VTP/STL export
[worker:ComfyUI-GeometryPack] INFO: Exported STL to: D:\a\comfy-gpu-ci\comfy-gpu-ci\test_workspaces\GeometryPack-1002\portable-comfyui\ComfyUI_windows_portable\ComfyUI\output\preview_vtk_batch_9755c3f6.stl
[worker:ComfyUI-GeometryPack] INFO: Fields mode info: watertight=False, volume=None, area=4.318366133448304, no fields
[SubprocessWorker] got response: ok
[comfy-env] GeomPackPreviewMeshVTKBatch done (0.21s): result: NodeOutput
Prompt executed in 15.51 seconds
=== /validate endpoint called ===
Received JSON with keys: ['prompt']
Prompt has 5 nodes
  Node 1: GeomPackCreatePrimitive
    Inputs: {"shape": "cube", "size": 2, "subdivisions": 1}
  Node 2: GeomPackCreatePrimitive
    Inputs: {"shape": "sphere", "size": 2.5, "subdivisions": 2}
  Node 21: GeomPackPreviewMeshDual
    Inputs: {"layout": "side_by_side", "mode": "fields", "opacity_1": 1, "opacity_2": 1, "preview_dual": "{\"show_edges\":true,\"camera_state\":\"\",\"selected_field\":\"\",\"selected_channel\":\"magnitude\",\"se
  Node 22: GeomPackPreviewMeshVTK
    Inputs: {"mode": "fields", "preview_vtk": "{\"show_edges\":true,\"camera_state\":\"\",\"selected_field\":\"\",\"selected_channel\":\"magnitude\",\"selected_colormap\":\"erdc_rainbow_bright\"}", "trimesh": ["2
  Node 25: GeomPackBoolean
    Inputs: {"operation": "union", "backend": "libigl_cgal", "mesh_a": ["1", 0], "mesh_b": ["2", 0]}
Generated prompt_id: 964cc2a3-fedc-41d1-a97e-c21ef3fffb9b
Calling execution.validate_prompt()...
Validation result: valid=True
=== Validation PASSED ===
got prompt
[comfy-env] Running GeomPackCreatePrimitive: shape: 'sphere', size: 2.5, subdivisions: 2
[SubprocessWorker] call_method: nodes.primitives.create_primitive.CreatePrimitive.EXECUTE_NORMALIZED
[SubprocessWorker] acquired lock, ensuring started...
[ComfyUI-GeometryPack] Health check: ping (timeout=5.0s)...
[ComfyUI-GeometryPack] Health check: ok
[SubprocessWorker] worker started/confirmed
[SubprocessWorker] serializing kwargs to shm...
[SubprocessWorker] created 0 shm blocks
[SubprocessWorker] sending request via socket...
[SubprocessWorker] call_id=18 sending call_method
[worker:ComfyUI-GeometryPack] INFO: Created sphere: 162 vertices, 320 faces
[SubprocessWorker] got response: ok
[comfy-env] GeomPackCreatePrimitive done (0.12s): result: NodeOutput
[comfy-env] Running GeomPackCreatePrimitive: shape: 'cube', size: 2.0, subdivisions: 1
[SubprocessWorker] call_method: nodes.primitives.create_primitive.CreatePrimitive.EXECUTE_NORMALIZED
[SubprocessWorker] acquired lock, ensuring started...
[ComfyUI-GeometryPack] Health check: ping (timeout=5.0s)...
[ComfyUI-GeometryPack] Health check: ok
[SubprocessWorker] worker started/confirmed
[SubprocessWorker] serializing kwargs to shm...
[SubprocessWorker] created 0 shm blocks
[SubprocessWorker] sending request via socket...
[SubprocessWorker] call_id=19 sending call_method
[worker:ComfyUI-GeometryPack] INFO: Created cube: 8 vertices, 12 faces
[SubprocessWorker] got response: ok
[comfy-env] GeomPackCreatePrimitive done (0.13s): result: NodeOutput
[comfy-env] Running GeomPackPreviewMeshDual: layout: 'side_by_side', mode: 'fields', opacity_1: 1.0, opacity_2: 1.0, mesh_1: Trimesh, mesh_2: Trimesh
[SubprocessWorker] call_method: nodes.visualization.preview_mesh_dual.PreviewMeshDualNode.EXECUTE_NORMALIZED
[SubprocessWorker] acquired lock, ensuring started...
[ComfyUI-GeometryPack] Health check: ping (timeout=5.0s)...
[ComfyUI-GeometryPack] Health check: ok
[SubprocessWorker] worker started/confirmed
[SubprocessWorker] serializing kwargs to shm...
[SubprocessWorker] created 2 shm blocks
[SubprocessWorker] sending request via socket...
[SubprocessWorker] call_id=20 sending call_method
[worker:ComfyUI-GeometryPack] INFO: Layout: side_by_side, Mode: fields
[worker:ComfyUI-GeometryPack] INFO: Mesh 1: Mesh - 8 vertices, 12 faces
[worker:ComfyUI-GeometryPack] INFO: Mesh 2: Mesh - 162 vertices, 320 faces
[worker:ComfyUI-GeometryPack] INFO: Mesh 1 fields: []
[worker:ComfyUI-GeometryPack] INFO: Mesh 2 fields: []
[worker:ComfyUI-GeometryPack] INFO: Common fields: []
[worker:ComfyUI-GeometryPack] INFO: Mesh 1 visual: kind=None, texture=False, vertex_colors=False
[worker:ComfyUI-GeometryPack] INFO: Mesh 2 visual: kind=None, texture=False, vertex_colors=False
[worker:ComfyUI-GeometryPack] INFO: Exported STL: D:\a\comfy-gpu-ci\comfy-gpu-ci\test_workspaces\GeometryPack-1002\portable-comfyui\ComfyUI_windows_portable\ComfyUI\output\preview_dual_1_a4b43f5c.stl
[worker:ComfyUI-GeometryPack] INFO: Exported STL: D:\a\comfy-gpu-ci\comfy-gpu-ci\test_workspaces\GeometryPack-1002\portable-comfyui\ComfyUI_windows_portable\ComfyUI\output\preview_dual_2_a4b43f5c.stl
[worker:ComfyUI-GeometryPack] INFO: Preview ready
[SubprocessWorker] got response: ok
[comfy-env] GeomPackPreviewMeshDual done (0.25s): result: NodeOutput
[comfy-env] Running GeomPackBoolean: operation: 'union', backend: dict, mesh_a: Trimesh, mesh_b: Trimesh
[SubprocessWorker] call_method: nodes.boolean.boolean.BooleanNode.EXECUTE_NORMALIZED
[SubprocessWorker] acquired lock, ensuring started...
[ComfyUI-GeometryPack] Health check: ping (timeout=5.0s)...
[ComfyUI-GeometryPack] Health check: ok
[SubprocessWorker] worker started/confirmed
[SubprocessWorker] serializing kwargs to shm...
[SubprocessWorker] created 2 shm blocks
[SubprocessWorker] sending request via socket...
[SubprocessWorker] call_id=21 sending call_method
[worker:ComfyUI-GeometryPack] INFO: Boolean dispatch: libigl_cgal -> GeomPackBoolean_LibiglCGAL
[SubprocessWorker] got response: ok
[comfy-env] GeomPackBoolean done (0.22s): result: NodeOutput
[comfy-env] Running GeomPackBoolean_LibiglCGAL: mesh_a: Trimesh, mesh_b: Trimesh, operation: 'union'
[SubprocessWorker] call_method: nodes.boolean.backends.libigl_cgal.BooleanLibiglCGALNode.EXECUTE_NORMALIZED
[SubprocessWorker] acquired lock, ensuring started...
[ComfyUI-GeometryPack] Health check: ping (timeout=5.0s)...
[ComfyUI-GeometryPack] Health check: ok
[SubprocessWorker] worker started/confirmed
[SubprocessWorker] serializing kwargs to shm...
[SubprocessWorker] created 2 shm blocks
[SubprocessWorker] sending request via socket...
[SubprocessWorker] call_id=22 sending call_method
[worker:ComfyUI-GeometryPack] INFO: Backend: libigl_cgal
[worker:ComfyUI-GeometryPack] INFO: Mesh A: 8 vertices, 12 faces
[worker:ComfyUI-GeometryPack] INFO: Mesh B: 162 vertices, 320 faces
[worker:ComfyUI-GeometryPack] INFO: Operation: union
[worker:ComfyUI-GeometryPack] INFO: Success: 302 vertices, 600 faces
[SubprocessWorker] got response: ok
[comfy-env] GeomPackBoolean_LibiglCGAL done (0.80s): result: NodeOutput
[comfy-env] Running GeomPackPreviewMeshVTK: mode: 'fields', trimesh: Trimesh
[SubprocessWorker] call_method: nodes.visualization.preview_mesh_vtk.PreviewMeshVTKNode.EXECUTE_NORMALIZED
[SubprocessWorker] acquired lock, ensuring started...
[ComfyUI-GeometryPack] Health check: ping (timeout=5.0s)...
[ComfyUI-GeometryPack] Health check: ok
[SubprocessWorker] worker started/confirmed
[SubprocessWorker] serializing kwargs to shm...
[SubprocessWorker] created 1 shm blocks
[SubprocessWorker] sending request via socket...
[SubprocessWorker] call_id=23 sending call_method
[worker:ComfyUI-GeometryPack] INFO: Preparing preview: Mesh - 302 vertices, 600 faces
[worker:ComfyUI-GeometryPack] INFO: Mode: fields
[worker:ComfyUI-GeometryPack] INFO: Visual data - has_visual: True, kind: None, texture: False, vertex_colors: False
[worker:ComfyUI-GeometryPack] INFO: Using fields mode - VTP export
[worker:ComfyUI-GeometryPack] INFO: Exporting mesh to VTP: D:\a\comfy-gpu-ci\comfy-gpu-ci\test_workspaces\GeometryPack-1002\portable-comfyui\ComfyUI_windows_portable\ComfyUI\output\preview_vtk_2efa223a.vtp
[worker:ComfyUI-GeometryPack] INFO: Adding normals field (302 vertices)
[worker:ComfyUI-GeometryPack] INFO: Export complete: 302 vertices, 600 faces
[worker:ComfyUI-GeometryPack] INFO: Exported VTP to: D:\a\comfy-gpu-ci\comfy-gpu-ci\test_workspaces\GeometryPack-1002\portable-comfyui\ComfyUI_windows_portable\ComfyUI\output\preview_vtk_2efa223a.vtp
[worker:ComfyUI-GeometryPack] INFO: Fields mode info: watertight=True, volume=9.214489033870414, area=25.093742655540616, no fields
[SubprocessWorker] got response: ok
[comfy-env] GeomPackPreviewMeshVTK done (0.29s): result: NodeOutput
Prompt executed in 1.82 seconds
=== /validate endpoint called ===
Received JSON with keys: ['prompt']
Prompt has 5 nodes
  Node 1: GeomPackCreatePrimitive
    Inputs: {"shape": "sphere", "size": 1, "subdivisions": 4}
  Node 2: GeomPackCreatePrimitive
    Inputs: {"shape": "cube", "size": 0.8, "subdivisions": 1}
  Node 3: GeomPackBoolean
    Inputs: {"operation": "difference", "backend": "libigl_cgal", "mesh_a": ["1", 0], "mesh_b": ["2", 0]}
  Node 4: GeomPackBoolean
    Inputs: {"operation": "difference", "backend": "blender_exact", "mesh_a": ["1", 0], "mesh_b": ["2", 0]}
  Node 5: GeomPackPreviewMeshMulti
    Inputs: {"mode": "fields", "preview_multi": "{\"show_edges\":true,\"camera_state\":\"{\\\"position\\\":[1.2245775204403364,1.2245775204403364,1.2245775204403364],\\\"focalPoint\\\":[0,0,0],\\\"viewUp\\\":[0,0
Generated prompt_id: 71ef6bd3-46d2-4954-9783-a4950252d815
Calling execution.validate_prompt()...
Validation result: valid=True
=== Validation PASSED ===
got prompt
[comfy-env] Running GeomPackCreatePrimitive: shape: 'cube', size: 0.8, subdivisions: 1
[SubprocessWorker] call_method: nodes.primitives.create_primitive.CreatePrimitive.EXECUTE_NORMALIZED
[SubprocessWorker] acquired lock, ensuring started...
[ComfyUI-GeometryPack] Health check: ping (timeout=5.0s)...
[ComfyUI-GeometryPack] Health check: failed
[ComfyUI-GeometryPack] Socket unhealthy, restarting worker...
[comfy-env] geometrypack-nodes: Library/bin has 613 DLLs
[ComfyUI-GeometryPack] python: C:\Users\stduser\AppData\Local\Programs\comfy-env\.pixi\envs\geometrypack-nodes\python.exe
[ComfyUI-GeometryPack] sys_path sent to worker: ['D:\\a\\comfy-gpu-ci\\comfy-gpu-ci\\test_workspaces\\GeometryPack-1002\\portable-comfyui\\ComfyUI_windows_portable\\ComfyUI', 'D:\\a\\comfy-gpu-ci\\comfy-gpu-ci\\test_workspaces\\GeometryPack-1002\\portable-comfyui\\ComfyUI_windows_portable\\ComfyUI\\custom_nodes\\ComfyUI-GeometryPack', 'C:\\Users\\stduser\\AppData\\Local\\Programs\\comfy-env\\.pixi\\envs\\geometrypack-nodes\\Lib\\site-packages', 'D:\\a\\comfy-gpu-ci\\comfy-gpu-ci\\test_workspaces\\GeometryPack-1002\\portable-comfyui\\ComfyUI_windows_portable\\ComfyUI\\custom_nodes\\ComfyUI-GeometryPack']
[SubprocessWorker] is_pixi=True, python=C:\Users\stduser\AppData\Local\Programs\comfy-env\.pixi\envs\geometrypack-nodes\python.exe
[SubprocessWorker] launching cmd=['C:\\Users\\stduser\\.pixi\\bin\\pixi.exe', 'run', '--as-is', '--manifest-path', 'C:\\Users\\stduser\\AppData\\Local\\Programs\\comfy-env\\pixi.toml', '-e', 'geometrypack-nodes', 'python', 'C:\\Users\\stduser\\AppData\\Local\\Temp\\comfyui_pvenv_hyjqyn9e\\persistent_worker.py', 'tcp://127.0.0.1:56803']...
C:\Users\stduser\AppData\Local\Programs\comfy-env\.pixi\envs\geometrypack-nodes\Lib\site-packages\torch\cuda\__init__.py:180: UserWarning: cudaGetDeviceCount() returned cudaErrorNotSupported, likely using older driver or on CPU machine (Triggered internally at C:\actions-runner\_work\pytorch\pytorch\pytorch\c10\cuda\CUDAFunctions.cpp:88.)
  return torch._C._cuda_getDeviceCount() > 0
[worker:ComfyUI-GeometryPack] ERROR: Failed to import comfy_kitchen, Error: No module named 'comfy_kitchen', fp8 and fp4 support will not be available.
[SubprocessWorker] worker started/confirmed
[SubprocessWorker] serializing kwargs to shm...
[SubprocessWorker] created 0 shm blocks
[SubprocessWorker] sending request via socket...
[SubprocessWorker] call_id=24 sending call_method
[worker:ComfyUI-GeometryPack] INFO: Created cube: 8 vertices, 12 faces
[SubprocessWorker] got response: ok
[comfy-env] GeomPackCreatePrimitive done (4.56s): result: NodeOutput
[comfy-env] Running GeomPackCreatePrimitive: shape: 'sphere', size: 1.0, subdivisions: 4
[SubprocessWorker] call_method: nodes.primitives.create_primitive.CreatePrimitive.EXECUTE_NORMALIZED
[SubprocessWorker] acquired lock, ensuring started...
[ComfyUI-GeometryPack] Health check: ping (timeout=5.0s)...
[ComfyUI-GeometryPack] Health check: ok
[SubprocessWorker] worker started/confirmed
[SubprocessWorker] serializing kwargs to shm...
[SubprocessWorker] created 0 shm blocks
[SubprocessWorker] sending request via socket...
[SubprocessWorker] call_id=25 sending call_method
[worker:ComfyUI-GeometryPack] INFO: Created sphere: 2562 vertices, 5120 faces
[SubprocessWorker] got response: ok
[comfy-env] GeomPackCreatePrimitive done (0.18s): result: NodeOutput
[comfy-env] Running GeomPackBoolean: operation: 'difference', backend: dict, mesh_a: Trimesh, mesh_b: Trimesh
[SubprocessWorker] call_method: nodes.boolean.boolean.BooleanNode.EXECUTE_NORMALIZED
[SubprocessWorker] acquired lock, ensuring started...
[ComfyUI-GeometryPack] Health check: ping (timeout=5.0s)...
[ComfyUI-GeometryPack] Health check: ok
[SubprocessWorker] worker started/confirmed
[SubprocessWorker] serializing kwargs to shm...
[SubprocessWorker] created 2 shm blocks
[SubprocessWorker] sending request via socket...
[SubprocessWorker] call_id=26 sending call_method
[worker:ComfyUI-GeometryPack] INFO: Boolean dispatch: blender_exact -> GeomPackBoolean_BlenderExact
[SubprocessWorker] got response: ok
[comfy-env] GeomPackBoolean done (0.19s): result: NodeOutput
[comfy-env] Running GeomPackBoolean: operation: 'difference', backend: dict, mesh_a: Trimesh, mesh_b: Trimesh
[SubprocessWorker] call_method: nodes.boolean.boolean.BooleanNode.EXECUTE_NORMALIZED
[SubprocessWorker] acquired lock, ensuring started...
[ComfyUI-GeometryPack] Health check: ping (timeout=5.0s)...
[ComfyUI-GeometryPack] Health check: ok
[SubprocessWorker] worker started/confirmed
[SubprocessWorker] serializing kwargs to shm...
[SubprocessWorker] created 2 shm blocks
[SubprocessWorker] sending request via socket...
[SubprocessWorker] call_id=27 sending call_method
[worker:ComfyUI-GeometryPack] INFO: Boolean dispatch: libigl_cgal -> GeomPackBoolean_LibiglCGAL
[SubprocessWorker] got response: ok
[comfy-env] GeomPackBoolean done (0.19s): result: NodeOutput
[comfy-env] Running GeomPackBoolean_BlenderExact: mesh_a: Trimesh, mesh_b: Trimesh, operation: 'difference'
[SubprocessWorker] call_method: nodes.blender_boolean.boolean.BooleanBlenderExactNode.EXECUTE_NORMALIZED
[SubprocessWorker] acquired lock, ensuring started...
[ComfyUI-GeometryPack] Health check: ping (timeout=5.0s)...
[ComfyUI-GeometryPack] Health check: ok
[SubprocessWorker] worker started/confirmed
[SubprocessWorker] serializing kwargs to shm...
[SubprocessWorker] created 2 shm blocks
[SubprocessWorker] sending request via socket...
[SubprocessWorker] call_id=28 sending call_method
[worker:ComfyUI-GeometryPack] INFO: Backend: blender_exact
[worker:ComfyUI-GeometryPack] INFO: Mesh A: 2562 vertices, 5120 faces
[worker:ComfyUI-GeometryPack] INFO: Mesh B: 8 vertices, 12 faces
[worker:ComfyUI-GeometryPack] INFO: Operation: difference
[worker:ComfyUI-GeometryPack] INFO: Success: 2202 vertices, 4380 faces
[SubprocessWorker] got response: ok
[comfy-env] GeomPackBoolean_BlenderExact done (5.45s): result: NodeOutput
[comfy-env] Running GeomPackBoolean_LibiglCGAL: mesh_a: Trimesh, mesh_b: Trimesh, operation: 'difference'
[SubprocessWorker] call_method: nodes.boolean.backends.libigl_cgal.BooleanLibiglCGALNode.EXECUTE_NORMALIZED
[SubprocessWorker] acquired lock, ensuring started...
[ComfyUI-GeometryPack] Health check: ping (timeout=5.0s)...
[ComfyUI-GeometryPack] Health check: ok
[SubprocessWorker] worker started/confirmed
[SubprocessWorker] serializing kwargs to shm...
[SubprocessWorker] created 2 shm blocks
[SubprocessWorker] sending request via socket...
[SubprocessWorker] call_id=29 sending call_method
[worker:ComfyUI-GeometryPack] INFO: Backend: libigl_cgal
[worker:ComfyUI-GeometryPack] INFO: Mesh A: 2562 vertices, 5120 faces
[worker:ComfyUI-GeometryPack] INFO: Mesh B: 8 vertices, 12 faces
[worker:ComfyUI-GeometryPack] INFO: Operation: difference
[worker:ComfyUI-GeometryPack] INFO: Success: 2202 vertices, 4380 faces
[SubprocessWorker] got response: ok
[comfy-env] GeomPackBoolean_LibiglCGAL done (1.01s): result: NodeOutput
[comfy-env] Running GeomPackPreviewMeshMulti: mode: 'fields', mesh_1: Trimesh, mesh_2: Trimesh
[SubprocessWorker] call_method: nodes.visualization.preview_mesh_multi.PreviewMeshMultiNode.EXECUTE_NORMALIZED
[SubprocessWorker] acquired lock, ensuring started...
[ComfyUI-GeometryPack] Health check: ping (timeout=5.0s)...
[ComfyUI-GeometryPack] Health check: ok
[SubprocessWorker] worker started/confirmed
[SubprocessWorker] serializing kwargs to shm...
[SubprocessWorker] created 2 shm blocks
[SubprocessWorker] sending request via socket...
[SubprocessWorker] call_id=30 sending call_method
[worker:ComfyUI-GeometryPack] INFO: Mode: fields, Meshes: 2
[worker:ComfyUI-GeometryPack] INFO: Mesh 1: Mesh - 2202 vertices, 4380 faces
[worker:ComfyUI-GeometryPack] INFO: Exporting mesh to VTP: D:\a\comfy-gpu-ci\comfy-gpu-ci\test_workspaces\GeometryPack-1002\portable-comfyui\ComfyUI_windows_portable\ComfyUI\output\preview_multi_1_af86f742.vtp
[worker:ComfyUI-GeometryPack] INFO: Adding normals field (2202 vertices)
[worker:ComfyUI-GeometryPack] INFO: Export complete: 2202 vertices, 4380 faces
[worker:ComfyUI-GeometryPack] INFO: Exported VTP: D:\a\comfy-gpu-ci\comfy-gpu-ci\test_workspaces\GeometryPack-1002\portable-comfyui\ComfyUI_windows_portable\ComfyUI\output\preview_multi_1_af86f742.vtp
[worker:ComfyUI-GeometryPack] INFO: Mesh 2: Mesh - 2202 vertices, 4380 faces
[worker:ComfyUI-GeometryPack] INFO: Exporting mesh to VTP: D:\a\comfy-gpu-ci\comfy-gpu-ci\test_workspaces\GeometryPack-1002\portable-comfyui\ComfyUI_windows_portable\ComfyUI\output\preview_multi_2_af86f742.vtp
[worker:ComfyUI-GeometryPack] INFO: Adding normals field (2202 vertices)
[worker:ComfyUI-GeometryPack] INFO: Export complete: 2202 vertices, 4380 faces
[worker:ComfyUI-GeometryPack] INFO: Exported VTP: D:\a\comfy-gpu-ci\comfy-gpu-ci\test_workspaces\GeometryPack-1002\portable-comfyui\ComfyUI_windows_portable\ComfyUI\output\preview_multi_2_af86f742.vtp
[worker:ComfyUI-GeometryPack] INFO: Grid: 2x1, Preview ready
[SubprocessWorker] got response: ok
[comfy-env] GeomPackPreviewMeshMulti done (0.16s): result: NodeOutput
Prompt executed in 11.76 seconds
=== /validate endpoint called ===
Received JSON with keys: ['prompt']
Prompt has 3 nodes
  Node 2: GeomPackLoadMesh
    Inputs: {"file_path": "3d/spot_the_cow.obj"}
  Node 3: GeomPackPreviewMeshDual
    Inputs: {"layout": "side_by_side", "mode": "fields", "opacity_1": 1, "opacity_2": 1, "preview_dual": "{\"show_edges\":true,\"camera_state\":\"{\\\"position\\\":[-3.3575253938003646,2.5035395853711653,0.519424
  Node 4: GeomPackDecimateMesh
    Inputs: {"backend": "quadric_edge_collapse", "backend.target_face_count": 1004, "backend.quality_threshold": 0.3, "backend.preserve_boundary": "true", "backend.preserve_normal": "true", "backend.preserve_topo
Generated prompt_id: 6cb1b9c9-6ce9-4f6b-8c46-705113cb0887
Calling execution.validate_prompt()...
Validation result: valid=True
=== Validation PASSED ===
got prompt
[comfy-env] Running GeomPackLoadMesh: file_path: '3d/spot_the_cow.obj'
[SubprocessWorker] call_method: nodes.io.load_mesh.LoadMesh.EXECUTE_NORMALIZED
[SubprocessWorker] acquired lock, ensuring started...
[ComfyUI-GeometryPack] Health check: ping (timeout=5.0s)...
[ComfyUI-GeometryPack] Health check: ok
[SubprocessWorker] worker started/confirmed
[SubprocessWorker] serializing kwargs to shm...
[SubprocessWorker] created 0 shm blocks
[SubprocessWorker] sending request via socket...
[SubprocessWorker] call_id=31 sending call_method
[worker:ComfyUI-GeometryPack] INFO: Found mesh in input folder: 3d/spot_the_cow.obj
[worker:ComfyUI-GeometryPack] INFO: Loading: D:\a\comfy-gpu-ci\comfy-gpu-ci\test_workspaces\GeometryPack-1002\portable-comfyui\ComfyUI_windows_portable\ComfyUI\input\3d/spot_the_cow.obj
[worker:ComfyUI-GeometryPack] INFO: Initial mesh: 3225 vertices, 5856 faces
[worker:ComfyUI-GeometryPack] INFO: Successfully loaded: 3225 vertices, 5856 faces
[worker:ComfyUI-GeometryPack] INFO: Loaded: 3225 vertices, 5856 faces
[SubprocessWorker] got response: ok
[comfy-env] GeomPackLoadMesh done (0.12s): result: NodeOutput
[comfy-env] Running GeomPackDecimateMesh: backend: dict, trimesh: Trimesh
[SubprocessWorker] call_method: nodes.decimation.decimate.DecimateMeshNode.EXECUTE_NORMALIZED
[SubprocessWorker] acquired lock, ensuring started...
[ComfyUI-GeometryPack] Health check: ping (timeout=5.0s)...
[ComfyUI-GeometryPack] Health check: ok
[SubprocessWorker] worker started/confirmed
[SubprocessWorker] serializing kwargs to shm...
[SubprocessWorker] created 1 shm blocks
[SubprocessWorker] sending request via socket...
[SubprocessWorker] call_id=32 sending call_method
[worker:ComfyUI-GeometryPack] INFO: Decimate dispatch: quadric_edge_collapse -> GeomPackDecimate_QuadricEdgeCollapse
[SubprocessWorker] got response: ok
[comfy-env] GeomPackDecimateMesh done (0.07s): result: NodeOutput
[comfy-env] Running GeomPackDecimate_QuadricEdgeCollapse: trimesh: Trimesh, target_face_count: 1004, quality_threshold: 0.3, preserve_boundary: 'true', preserve_normal: 'true', preserve_topology: 'true', planar_quadric: 'false'
[SubprocessWorker] call_method: nodes.decimation.backends.quadric_edge_collapse.DecimateQuadricEdgeCollapseNode.EXECUTE_NORMALIZED
[SubprocessWorker] acquired lock, ensuring started...
[ComfyUI-GeometryPack] Health check: ping (timeout=5.0s)...
[ComfyUI-GeometryPack] Health check: ok
[SubprocessWorker] worker started/confirmed
[SubprocessWorker] serializing kwargs to shm...
[SubprocessWorker] created 1 shm blocks
[SubprocessWorker] sending request via socket...
[SubprocessWorker] call_id=33 sending call_method
[worker:ComfyUI-GeometryPack] INFO: Backend: quadric_edge_collapse
[worker:ComfyUI-GeometryPack] INFO: Input: 3,225 vertices, 5,856 faces
[SubprocessWorker] got response: ok
[comfy-env] GeomPackDecimate_QuadricEdgeCollapse done (0.34s): result: NodeOutput
[comfy-env] Running GeomPackPreviewMeshDual: layout: 'side_by_side', mode: 'fields', opacity_1: 1.0, opacity_2: 1.0, mesh_1: Trimesh, mesh_2: Trimesh
[SubprocessWorker] call_method: nodes.visualization.preview_mesh_dual.PreviewMeshDualNode.EXECUTE_NORMALIZED
[SubprocessWorker] acquired lock, ensuring started...
[ComfyUI-GeometryPack] Health check: ping (timeout=5.0s)...
[ComfyUI-GeometryPack] Health check: ok
[SubprocessWorker] worker started/confirmed
[SubprocessWorker] serializing kwargs to shm...
[SubprocessWorker] created 2 shm blocks
[SubprocessWorker] sending request via socket...
[SubprocessWorker] call_id=34 sending call_method
[worker:ComfyUI-GeometryPack] INFO: Layout: side_by_side, Mode: fields
[worker:ComfyUI-GeometryPack] INFO: Mesh 1: Mesh - 3225 vertices, 5856 faces
[worker:ComfyUI-GeometryPack] INFO: Mesh 2: Mesh - 504 vertices, 1004 faces
[worker:ComfyUI-GeometryPack] INFO: Mesh 1 fields: []
[worker:ComfyUI-GeometryPack] INFO: Mesh 2 fields: []
[worker:ComfyUI-GeometryPack] INFO: Common fields: []
[worker:ComfyUI-GeometryPack] INFO: Mesh 1 visual: kind=texture, texture=True, vertex_colors=False
[worker:ComfyUI-GeometryPack] INFO: Mesh 2 visual: kind=None, texture=False, vertex_colors=False
[worker:ComfyUI-GeometryPack] INFO: Exported STL: D:\a\comfy-gpu-ci\comfy-gpu-ci\test_workspaces\GeometryPack-1002\portable-comfyui\ComfyUI_windows_portable\ComfyUI\output\preview_dual_1_0f15ae62.stl
[worker:ComfyUI-GeometryPack] INFO: Exported STL: D:\a\comfy-gpu-ci\comfy-gpu-ci\test_workspaces\GeometryPack-1002\portable-comfyui\ComfyUI_windows_portable\ComfyUI\output\preview_dual_2_0f15ae62.stl
[worker:ComfyUI-GeometryPack] INFO: Preview ready
[SubprocessWorker] got response: ok
[comfy-env] GeomPackPreviewMeshDual done (0.13s): result: NodeOutput
Prompt executed in 0.66 seconds
=== /validate endpoint called ===
Received JSON with keys: ['prompt']
Prompt has 7 nodes
  Node 1: GeomPackLoadMesh
    Inputs: {"file_path": "3d/Stanford_Bunny.stl"}
  Node 2: GeomPackDecimateMesh
    Inputs: {"backend": "quadric_edge_collapse", "backend.target_face_count": 5000, "backend.quality_threshold": 0.3, "backend.preserve_boundary": "true", "backend.preserve_normal": "true", "backend.preserve_topo
  Node 3: GeomPackDecimateMesh
    Inputs: {"backend": "fast_simplification", "backend.target_reduction": 0.8, "backend.aggressiveness": 7, "trimesh": ["1", 0]}
  Node 4: GeomPackDecimateMesh
    Inputs: {"backend": "vertex_clustering", "backend.cluster_threshold": 3, "trimesh": ["1", 0]}
  Node 6: GeomPackDecimateMesh
    Inputs: {"backend": "decimate_pro", "backend.target_reduction": 0.8, "backend.feature_angle": 15, "backend.preserve_topology": "true", "trimesh": ["1", 0]}
  Node 7: GeomPackPreviewMeshMulti
    Inputs: {"mode": "fields", "preview_multi": "{\"show_edges\":true,\"camera_state\":\"{\\\"position\\\":[156.15573456772853,45.50443036606394,116.04835655422535],\\\"focalPoint\\\":[30.319300651550293,1.894807
  Node 8: GeomPackPreviewMeshMulti
    Inputs: {"mode": "fields", "preview_multi": "{\"show_edges\":true,\"camera_state\":\"{\\\"position\\\":[156.15573456772853,45.50443036606394,116.04835655422535],\\\"focalPoint\\\":[30.319300651550293,1.894807
Generated prompt_id: 074ba87e-65b7-4c62-b677-032d34b278f9
Calling execution.validate_prompt()...
Validation result: valid=True
=== Validation PASSED ===
got prompt
[comfy-env] Running GeomPackLoadMesh: file_path: '3d/Stanford_Bunny.stl'
[SubprocessWorker] call_method: nodes.io.load_mesh.LoadMesh.EXECUTE_NORMALIZED
[SubprocessWorker] acquired lock, ensuring started...
[ComfyUI-GeometryPack] Health check: ping (timeout=5.0s)...
[ComfyUI-GeometryPack] Health check: ok
[SubprocessWorker] worker started/confirmed
[SubprocessWorker] serializing kwargs to shm...
[SubprocessWorker] created 0 shm blocks
[SubprocessWorker] sending request via socket...
[SubprocessWorker] call_id=35 sending call_method
[worker:ComfyUI-GeometryPack] INFO: Found mesh in input folder: 3d/Stanford_Bunny.stl
[worker:ComfyUI-GeometryPack] INFO: Loading: D:\a\comfy-gpu-ci\comfy-gpu-ci\test_workspaces\GeometryPack-1002\portable-comfyui\ComfyUI_windows_portable\ComfyUI\input\3d/Stanford_Bunny.stl
[worker:ComfyUI-GeometryPack] INFO: Initial mesh: 56203 vertices, 112402 faces
[worker:ComfyUI-GeometryPack] INFO: Successfully loaded: 56203 vertices, 112402 faces
[worker:ComfyUI-GeometryPack] INFO: Loaded: 56203 vertices, 112402 faces
[SubprocessWorker] got response: ok
[comfy-env] GeomPackLoadMesh done (0.48s): result: NodeOutput
[comfy-env] Running GeomPackDecimateMesh: backend: dict, trimesh: Trimesh
[SubprocessWorker] call_method: nodes.decimation.decimate.DecimateMeshNode.EXECUTE_NORMALIZED
[SubprocessWorker] acquired lock, ensuring started...
[ComfyUI-GeometryPack] Health check: ping (timeout=5.0s)...
[ComfyUI-GeometryPack] Health check: ok
[SubprocessWorker] worker started/confirmed
[SubprocessWorker] serializing kwargs to shm...
[SubprocessWorker] created 1 shm blocks
[SubprocessWorker] sending request via socket...
[SubprocessWorker] call_id=36 sending call_method
[worker:ComfyUI-GeometryPack] INFO: Decimate dispatch: vertex_clustering -> GeomPackDecimate_VertexClustering
[SubprocessWorker] got response: ok
[comfy-env] GeomPackDecimateMesh done (0.11s): result: NodeOutput
[comfy-env] Running GeomPackDecimateMesh: backend: dict, trimesh: Trimesh
[SubprocessWorker] call_method: nodes.decimation.decimate.DecimateMeshNode.EXECUTE_NORMALIZED
[SubprocessWorker] acquired lock, ensuring started...
[ComfyUI-GeometryPack] Health check: ping (timeout=5.0s)...
[ComfyUI-GeometryPack] Health check: ok
[SubprocessWorker] worker started/confirmed
[SubprocessWorker] serializing kwargs to shm...
[SubprocessWorker] created 1 shm blocks
[SubprocessWorker] sending request via socket...
[SubprocessWorker] call_id=37 sending call_method
[worker:ComfyUI-GeometryPack] INFO: Decimate dispatch: decimate_pro -> GeomPackDecimate_DecimatePro
[SubprocessWorker] got response: ok
[comfy-env] GeomPackDecimateMesh done (0.12s): result: NodeOutput
[comfy-env] Running GeomPackDecimateMesh: backend: dict, trimesh: Trimesh
[SubprocessWorker] call_method: nodes.decimation.decimate.DecimateMeshNode.EXECUTE_NORMALIZED
[SubprocessWorker] acquired lock, ensuring started...
[ComfyUI-GeometryPack] Health check: ping (timeout=5.0s)...
[ComfyUI-GeometryPack] Health check: ok
[SubprocessWorker] worker started/confirmed
[SubprocessWorker] serializing kwargs to shm...
[SubprocessWorker] created 1 shm blocks
[SubprocessWorker] sending request via socket...
[SubprocessWorker] call_id=38 sending call_method
[worker:ComfyUI-GeometryPack] INFO: Decimate dispatch: fast_simplification -> GeomPackDecimate_FastSimplification
[SubprocessWorker] got response: ok
[comfy-env] GeomPackDecimateMesh done (0.11s): result: NodeOutput
[comfy-env] Running GeomPackDecimateMesh: backend: dict, trimesh: Trimesh
[SubprocessWorker] call_method: nodes.decimation.decimate.DecimateMeshNode.EXECUTE_NORMALIZED
[SubprocessWorker] acquired lock, ensuring started...
[ComfyUI-GeometryPack] Health check: ping (timeout=5.0s)...
[ComfyUI-GeometryPack] Health check: ok
[SubprocessWorker] worker started/confirmed
[SubprocessWorker] serializing kwargs to shm...
[SubprocessWorker] created 1 shm blocks
[SubprocessWorker] sending request via socket...
[SubprocessWorker] call_id=39 sending call_method
[worker:ComfyUI-GeometryPack] INFO: Decimate dispatch: quadric_edge_collapse -> GeomPackDecimate_QuadricEdgeCollapse
[SubprocessWorker] got response: ok
[comfy-env] GeomPackDecimateMesh done (0.10s): result: NodeOutput
[comfy-env] Running GeomPackDecimate_VertexClustering: trimesh: Trimesh, cluster_threshold: 3.0
[SubprocessWorker] call_method: nodes.decimation.backends.vertex_clustering.DecimateVertexClusteringNode.EXECUTE_NORMALIZED
[SubprocessWorker] acquired lock, ensuring started...
[ComfyUI-GeometryPack] Health check: ping (timeout=5.0s)...
[ComfyUI-GeometryPack] Health check: ok
[SubprocessWorker] worker started/confirmed
[SubprocessWorker] serializing kwargs to shm...
[SubprocessWorker] created 1 shm blocks
[SubprocessWorker] sending request via socket...
[SubprocessWorker] call_id=40 sending call_method
[worker:ComfyUI-GeometryPack] INFO: Backend: vertex_clustering
[worker:ComfyUI-GeometryPack] INFO: Input: 56,203 vertices, 112,402 faces
[SubprocessWorker] got response: ok
[comfy-env] GeomPackDecimate_VertexClustering done (0.16s): result: NodeOutput
[comfy-env] Running GeomPackDecimate_DecimatePro: trimesh: Trimesh, target_reduction: 0.8, feature_angle: 15.0, preserve_topology: 'true'
[SubprocessWorker] call_method: nodes.decimation.backends.decimate_pro.DecimateProNode.EXECUTE_NORMALIZED
[SubprocessWorker] acquired lock, ensuring started...
[ComfyUI-GeometryPack] Health check: ping (timeout=5.0s)...
[ComfyUI-GeometryPack] Health check: ok
[SubprocessWorker] worker started/confirmed
[SubprocessWorker] serializing kwargs to shm...
[SubprocessWorker] created 1 shm blocks
[SubprocessWorker] sending request via socket...
[SubprocessWorker] call_id=41 sending call_method
[worker:ComfyUI-GeometryPack] INFO: Backend: decimate_pro
[worker:ComfyUI-GeometryPack] INFO: Input: 56,203 vertices, 112,402 faces
[SubprocessWorker] got response: ok
[comfy-env] GeomPackDecimate_DecimatePro done (2.72s): result: NodeOutput
[comfy-env] Running GeomPackPreviewMeshMulti: mode: 'fields', mesh_1: Trimesh, mesh_2: Trimesh, mesh_3: Trimesh
[SubprocessWorker] call_method: nodes.visualization.preview_mesh_multi.PreviewMeshMultiNode.EXECUTE_NORMALIZED
[SubprocessWorker] acquired lock, ensuring started...
[ComfyUI-GeometryPack] Health check: ping (timeout=5.0s)...
[ComfyUI-GeometryPack] Health check: ok
[SubprocessWorker] worker started/confirmed
[SubprocessWorker] serializing kwargs to shm...
[SubprocessWorker] created 3 shm blocks
[SubprocessWorker] sending request via socket...
[SubprocessWorker] call_id=42 sending call_method
[worker:ComfyUI-GeometryPack] INFO: Mode: fields, Meshes: 3
[worker:ComfyUI-GeometryPack] INFO: Mesh 1: Mesh - 56203 vertices, 112402 faces
[worker:ComfyUI-GeometryPack] INFO: Exporting mesh to VTP: D:\a\comfy-gpu-ci\comfy-gpu-ci\test_workspaces\GeometryPack-1002\portable-comfyui\ComfyUI_windows_portable\ComfyUI\output\preview_multi_1_3444987e.vtp
[worker:ComfyUI-GeometryPack] INFO: Adding normals field (56203 vertices)
[worker:ComfyUI-GeometryPack] INFO: Adding face field: stl
[worker:ComfyUI-GeometryPack] INFO: Export complete: 56203 vertices, 112402 faces
[worker:ComfyUI-GeometryPack] INFO: Exported VTP: D:\a\comfy-gpu-ci\comfy-gpu-ci\test_workspaces\GeometryPack-1002\portable-comfyui\ComfyUI_windows_portable\ComfyUI\output\preview_multi_1_3444987e.vtp
[worker:ComfyUI-GeometryPack] INFO: Mesh 2: Mesh - 11242 vertices, 22480 faces
[worker:ComfyUI-GeometryPack] INFO: Exporting mesh to VTP: D:\a\comfy-gpu-ci\comfy-gpu-ci\test_workspaces\GeometryPack-1002\portable-comfyui\ComfyUI_windows_portable\ComfyUI\output\preview_multi_2_3444987e.vtp
[worker:ComfyUI-GeometryPack] INFO: Adding normals field (11242 vertices)
[worker:ComfyUI-GeometryPack] INFO: Export complete: 11242 vertices, 22480 faces
[worker:ComfyUI-GeometryPack] INFO: Exported VTP: D:\a\comfy-gpu-ci\comfy-gpu-ci\test_workspaces\GeometryPack-1002\portable-comfyui\ComfyUI_windows_portable\ComfyUI\output\preview_multi_2_3444987e.vtp
[worker:ComfyUI-GeometryPack] INFO: Mesh 3: Mesh - 1272 vertices, 2582 faces
[worker:ComfyUI-GeometryPack] INFO: Exporting mesh to VTP: D:\a\comfy-gpu-ci\comfy-gpu-ci\test_workspaces\GeometryPack-1002\portable-comfyui\ComfyUI_windows_portable\ComfyUI\output\preview_multi_3_3444987e.vtp
[worker:ComfyUI-GeometryPack] INFO: Adding normals field (1272 vertices)
[worker:ComfyUI-GeometryPack] INFO: Export complete: 1272 vertices, 2582 faces
[worker:ComfyUI-GeometryPack] INFO: Exported VTP: D:\a\comfy-gpu-ci\comfy-gpu-ci\test_workspaces\GeometryPack-1002\portable-comfyui\ComfyUI_windows_portable\ComfyUI\output\preview_multi_3_3444987e.vtp
[worker:ComfyUI-GeometryPack] INFO: Grid: 3x1, Preview ready
[SubprocessWorker] got response: ok
[comfy-env] GeomPackPreviewMeshMulti done (1.57s): result: NodeOutput
[comfy-env] Running GeomPackDecimate_FastSimplification: trimesh: Trimesh, target_reduction: 0.8, aggressiveness: 7
[SubprocessWorker] call_method: nodes.decimation.backends.fast_simplification.DecimateFastSimplificationNode.EXECUTE_NORMALIZED
[SubprocessWorker] acquired lock, ensuring started...
[ComfyUI-GeometryPack] Health check: ping (timeout=5.0s)...
[ComfyUI-GeometryPack] Health check: ok
[SubprocessWorker] worker started/confirmed
[SubprocessWorker] serializing kwargs to shm...
[SubprocessWorker] created 1 shm blocks
[SubprocessWorker] sending request via socket...
[SubprocessWorker] call_id=43 sending call_method
[worker:ComfyUI-GeometryPack] INFO: Backend: fast_simplification
[worker:ComfyUI-GeometryPack] INFO: Input: 56,203 vertices, 112,402 faces
[SubprocessWorker] got response: ok
[comfy-env] GeomPackDecimate_FastSimplification done (0.99s): result: NodeOutput
[comfy-env] Running GeomPackDecimate_QuadricEdgeCollapse: trimesh: Trimesh, target_face_count: 5000, quality_threshold: 0.3, preserve_boundary: 'true', preserve_normal: 'true', preserve_topology: 'true', planar_quadric: 'false'
[SubprocessWorker] call_method: nodes.decimation.backends.quadric_edge_collapse.DecimateQuadricEdgeCollapseNode.EXECUTE_NORMALIZED
[SubprocessWorker] acquired lock, ensuring started...
[ComfyUI-GeometryPack] Health check: ping (timeout=5.0s)...
[ComfyUI-GeometryPack] Health check: ok
[SubprocessWorker] worker started/confirmed
[SubprocessWorker] serializing kwargs to shm...
[SubprocessWorker] created 1 shm blocks
[SubprocessWorker] sending request via socket...
[SubprocessWorker] call_id=44 sending call_method
[worker:ComfyUI-GeometryPack] INFO: Backend: quadric_edge_collapse
[worker:ComfyUI-GeometryPack] INFO: Input: 56,203 vertices, 112,402 faces
[SubprocessWorker] got response: ok
[comfy-env] GeomPackDecimate_QuadricEdgeCollapse done (3.52s): result: NodeOutput
[comfy-env] Running GeomPackPreviewMeshMulti: mode: 'fields', mesh_1: Trimesh, mesh_2: Trimesh, mesh_3: Trimesh
[SubprocessWorker] call_method: nodes.visualization.preview_mesh_multi.PreviewMeshMultiNode.EXECUTE_NORMALIZED
[SubprocessWorker] acquired lock, ensuring started...
[ComfyUI-GeometryPack] Health check: ping (timeout=5.0s)...
[ComfyUI-GeometryPack] Health check: ok
[SubprocessWorker] worker started/confirmed
[SubprocessWorker] serializing kwargs to shm...
[SubprocessWorker] created 3 shm blocks
[SubprocessWorker] sending request via socket...
[SubprocessWorker] call_id=45 sending call_method
[worker:ComfyUI-GeometryPack] INFO: Mode: fields, Meshes: 3
[worker:ComfyUI-GeometryPack] INFO: Mesh 1: Mesh - 56203 vertices, 112402 faces
[worker:ComfyUI-GeometryPack] INFO: Exporting mesh to VTP: D:\a\comfy-gpu-ci\comfy-gpu-ci\test_workspaces\GeometryPack-1002\portable-comfyui\ComfyUI_windows_portable\ComfyUI\output\preview_multi_1_93046553.vtp
[worker:ComfyUI-GeometryPack] INFO: Adding normals field (56203 vertices)
[worker:ComfyUI-GeometryPack] INFO: Adding face field: stl
[worker:ComfyUI-GeometryPack] INFO: Export complete: 56203 vertices, 112402 faces
[worker:ComfyUI-GeometryPack] INFO: Exported VTP: D:\a\comfy-gpu-ci\comfy-gpu-ci\test_workspaces\GeometryPack-1002\portable-comfyui\ComfyUI_windows_portable\ComfyUI\output\preview_multi_1_93046553.vtp
[worker:ComfyUI-GeometryPack] INFO: Mesh 2: Mesh - 2502 vertices, 5000 faces
[worker:ComfyUI-GeometryPack] INFO: Exporting mesh to VTP: D:\a\comfy-gpu-ci\comfy-gpu-ci\test_workspaces\GeometryPack-1002\portable-comfyui\ComfyUI_windows_portable\ComfyUI\output\preview_multi_2_93046553.vtp
[worker:ComfyUI-GeometryPack] INFO: Adding normals field (2502 vertices)
[worker:ComfyUI-GeometryPack] INFO: Export complete: 2502 vertices, 5000 faces
[worker:ComfyUI-GeometryPack] INFO: Exported VTP: D:\a\comfy-gpu-ci\comfy-gpu-ci\test_workspaces\GeometryPack-1002\portable-comfyui\ComfyUI_windows_portable\ComfyUI\output\preview_multi_2_93046553.vtp
[worker:ComfyUI-GeometryPack] INFO: Mesh 3: Mesh - 11242 vertices, 22480 faces
[worker:ComfyUI-GeometryPack] INFO: Exporting mesh to VTP: D:\a\comfy-gpu-ci\comfy-gpu-ci\test_workspaces\GeometryPack-1002\portable-comfyui\ComfyUI_windows_portable\ComfyUI\output\preview_multi_3_93046553.vtp
[worker:ComfyUI-GeometryPack] INFO: Adding normals field (11242 vertices)
[worker:ComfyUI-GeometryPack] INFO: Export complete: 11242 vertices, 22480 faces
[worker:ComfyUI-GeometryPack] INFO: Exported VTP: D:\a\comfy-gpu-ci\comfy-gpu-ci\test_workspaces\GeometryPack-1002\portable-comfyui\ComfyUI_windows_portable\ComfyUI\output\preview_multi_3_93046553.vtp
[worker:ComfyUI-GeometryPack] INFO: Grid: 3x1, Preview ready
[SubprocessWorker] got response: ok
[comfy-env] GeomPackPreviewMeshMulti done (1.48s): result: NodeOutput
Prompt executed in 11.39 seconds
=== /validate endpoint called ===
Received JSON with keys: ['prompt']
Prompt has 4 nodes
  Node 1: LoadImage
    Inputs: {"image": "example.png"}
  Node 4: GeomPackPreviewMeshVTK
    Inputs: {"mode": "fields", "preview_vtk": "{\"show_edges\":false,\"camera_state\":\"{\\\"position\\\":[-0.24987848276768215,0.32154187563545744,0.9133299327529744],\\\"focalPoint\\\":[0,0,0],\\\"viewUp\\\":[0
  Node 6: ImageToMask
    Inputs: {"channel": "red", "image": ["1", 0]}
  Node 7: GeomPackTextureToGeometry
    Inputs: {"height_scale": 1, "backend": "grid", "backend.smooth_normals": "true", "field_name": "field", "invert_height": "false", "skip_black": "false", "black_threshold": 0.01, "report_panel": "false", "mask
Generated prompt_id: 5739afdc-0b52-4bb8-a97e-fef4b6c171d6
Calling execution.validate_prompt()...
Validation result: valid=True
=== Validation PASSED ===
got prompt
[comfy-env] Running GeomPackTextureToGeometry: height_scale: 1.0, backend: dict, field_name: 'field', invert_height: 'false', skip_black: 'false', black_threshold: 0.01, mask: torch.float32 [1,768,768] cpu
[SubprocessWorker] call_method: nodes.texture_remeshing.texture_to_geometry.TextureToGeometryNode.EXECUTE_NORMALIZED
[SubprocessWorker] acquired lock, ensuring started...
[ComfyUI-GeometryPack] Health check: ping (timeout=5.0s)...
[ComfyUI-GeometryPack] Health check: ok
[SubprocessWorker] worker started/confirmed
[comfy-env] PRE-SERIALIZE 'mask' shape: torch.Size([1, 768, 768])
[SubprocessWorker] serializing kwargs to shm...
[SubprocessWorker] created 0 shm blocks
[SubprocessWorker] sending request via socket...
[SubprocessWorker] call_id=46 sending call_method
[worker:ComfyUI-GeometryPack] [comfy-env] _from_shm got dict with keys: ['__type__', 'strategy', 'manager_path', 'storage_key', 'storage_size']
[worker:ComfyUI-GeometryPack] [comfy-env] DESERIALIZE TensorRef: tensor_size=[1, 768, 768]
[worker:ComfyUI-GeometryPack] [comfy-env] DESERIALIZED tensor shape: torch.Size([1, 768, 768])
[worker:ComfyUI-GeometryPack] INFO: Converting to geometry using backend: grid
[worker:ComfyUI-GeometryPack] INFO: Using mask input
[worker:ComfyUI-GeometryPack] INFO: Using native resolution: 768x768, range: [0.000, 1.000]
[worker:ComfyUI-GeometryPack] INFO: Generated 589824 points
[worker:ComfyUI-GeometryPack] INFO: Created mesh: 589824 vertices, 1176578 faces
[SubprocessWorker] got response: ok
[comfy-env] GeomPackTextureToGeometry done (6.21s): result: NodeOutput
[comfy-env] Running GeomPackPreviewMeshVTK: mode: 'fields', trimesh: Trimesh
[SubprocessWorker] call_method: nodes.visualization.preview_mesh_vtk.PreviewMeshVTKNode.EXECUTE_NORMALIZED
[SubprocessWorker] acquired lock, ensuring started...
[ComfyUI-GeometryPack] Health check: ping (timeout=5.0s)...
[ComfyUI-GeometryPack] Health check: ok
[SubprocessWorker] worker started/confirmed
[SubprocessWorker] serializing kwargs to shm...
[SubprocessWorker] created 1 shm blocks
[SubprocessWorker] sending request via socket...
[SubprocessWorker] call_id=47 sending call_method
[worker:ComfyUI-GeometryPack] 
=== WATCHDOG TICK 1 ===
[worker:ComfyUI-GeometryPack] Current thread 0x000022ac (most recent call first):
  File "C:\Users\stduser\AppData\Local\Temp\comfyui_pvenv_hyjqyn9e\persistent_worker.py", line 52 in _watchdog
  File "C:\Users\stduser\AppData\Local\Programs\comfy-env\.pixi\envs\geometrypack-nodes\Lib\threading.py", line 995 in run
  File "C:\Users\stduser\AppData\Local\Programs\comfy-env\.pixi\envs\geometrypack-nodes\Lib\threading.py", line 1044 in _bootstrap_inner
  File "C:\Users\stduser\AppData\Local\Programs\comfy-env\.pixi\envs\geometrypack-nodes\Lib\threading.py", line 1015 in _bootstrap

Thread 0x000025b0 (most recent call first):
  File "C:\Users\stduser\AppData\Local\Temp\comfyui_pvenv_hyjqyn9e\persistent_worker.py", line 86 in wlog
  File "C:\Users\stduser\AppData\Local\Temp\comfyui_pvenv_hyjqyn9e\persistent_worker.py", line 1718 in main
  File "C:\Users\stduser\AppData\Local\Temp\comfyui_pvenv_hyjqyn9e\persistent_worker.py", line 1807 in <module>

[worker:ComfyUI-GeometryPack] === END ===

[worker:ComfyUI-GeometryPack] INFO: Preparing preview: Mesh - 589824 vertices, 1176578 faces
[worker:ComfyUI-GeometryPack] INFO: Mode: fields
[worker:ComfyUI-GeometryPack] INFO: Visual data - has_visual: True, kind: None, texture: False, vertex_colors: False
[worker:ComfyUI-GeometryPack] INFO: Using fields mode - VTP export
[worker:ComfyUI-GeometryPack] INFO: Exporting mesh to VTP: D:\a\comfy-gpu-ci\comfy-gpu-ci\test_workspaces\GeometryPack-1002\portable-comfyui\ComfyUI_windows_portable\ComfyUI\output\preview_vtk_35d4206a.vtp
[worker:ComfyUI-GeometryPack] INFO: Adding normals field (589824 vertices)
[worker:ComfyUI-GeometryPack] INFO: Export complete: 589824 vertices, 1176578 faces
[worker:ComfyUI-GeometryPack] INFO: Exported VTP to: D:\a\comfy-gpu-ci\comfy-gpu-ci\test_workspaces\GeometryPack-1002\portable-comfyui\ComfyUI_windows_portable\ComfyUI\output\preview_vtk_35d4206a.vtp
[worker:ComfyUI-GeometryPack] INFO: Fields mode info: watertight=False, volume=None, area=11.966723990015208, no fields
[SubprocessWorker] got response: ok
[comfy-env] GeomPackPreviewMeshVTK done (7.24s): result: NodeOutput
Prompt executed in 13.67 seconds
=== /validate endpoint called ===
Received JSON with keys: ['prompt']
Prompt has 8 nodes
  Node 1: GeomPackLoadMesh
    Inputs: {"file_path": "3d/truck.obj"}
  Node 2: GeomPackFixNormals
    Inputs: {"backend": "trimesh", "report_panel": "false", "trimesh": ["1", 0]}
  Node 3: GeomPackFixNormals
    Inputs: {"backend": "igl_bfs", "report_panel": "false", "trimesh": ["1", 0]}
  Node 4: GeomPackFixNormals
    Inputs: {"backend": "igl_winding", "report_panel": "false", "trimesh": ["1", 0]}
  Node 5: GeomPackFixNormals
    Inputs: {"backend": "igl_raycast", "report_panel": "false", "trimesh": ["1", 0]}
  Node 6: GeomPackFixNormals
    Inputs: {"backend": "igl_signed_dist", "report_panel": "false", "trimesh": ["1", 0]}
  Node 8: GeomPackPreviewMeshMulti
    Inputs: {"mode": "fields", "preview_multi": "{\"show_edges\":true,\"camera_state\":\"{\\\"position\\\":[2.4457834419570967,0.9339641357719854,-1.1112698573158992],\\\"focalPoint\\\":[0,0,0],\\\"viewUp\\\":[-0
  Node 9: GeomPackPreviewMeshMulti
    Inputs: {"mode": "fields", "preview_multi": "{\"show_edges\":true,\"camera_state\":\"{\\\"position\\\":[2.4457834419570967,0.9339641357719854,-1.1112698573158992],\\\"focalPoint\\\":[0,0,0],\\\"viewUp\\\":[-0
Generated prompt_id: 15ad65b7-30eb-4d0f-9f25-4290df46f89f
Calling execution.validate_prompt()...
Validation result: valid=True
=== Validation PASSED ===
got prompt
[comfy-env] Running GeomPackLoadMesh: file_path: '3d/truck.obj'
[SubprocessWorker] call_method: nodes.io.load_mesh.LoadMesh.EXECUTE_NORMALIZED
[SubprocessWorker] acquired lock, ensuring started...
[ComfyUI-GeometryPack] Health check: ping (timeout=5.0s)...
[ComfyUI-GeometryPack] Health check: ok
[SubprocessWorker] worker started/confirmed
[SubprocessWorker] serializing kwargs to shm...
[SubprocessWorker] created 0 shm blocks
[SubprocessWorker] sending request via socket...
[SubprocessWorker] call_id=48 sending call_method
[worker:ComfyUI-GeometryPack] INFO: Found mesh in input folder: 3d/truck.obj
[worker:ComfyUI-GeometryPack] INFO: Loading: D:\a\comfy-gpu-ci\comfy-gpu-ci\test_workspaces\GeometryPack-1002\portable-comfyui\ComfyUI_windows_portable\ComfyUI\input\3d/truck.obj
[worker:ComfyUI-GeometryPack] INFO: Initial mesh: 2956 vertices, 4770 faces
[worker:ComfyUI-GeometryPack] INFO: Successfully loaded: 2956 vertices, 4770 faces
[worker:ComfyUI-GeometryPack] INFO: Loaded: 2956 vertices, 4770 faces
[SubprocessWorker] got response: ok
[comfy-env] GeomPackLoadMesh done (0.10s): result: NodeOutput
[comfy-env] Running GeomPackFixNormals: backend: dict, trimesh: Trimesh
[SubprocessWorker] call_method: nodes.repair.fix_normals.FixNormalsNode.EXECUTE_NORMALIZED
[SubprocessWorker] acquired lock, ensuring started...
[ComfyUI-GeometryPack] Health check: ping (timeout=5.0s)...
[ComfyUI-GeometryPack] Health check: ok
[SubprocessWorker] worker started/confirmed
[SubprocessWorker] serializing kwargs to shm...
[SubprocessWorker] created 1 shm blocks
[SubprocessWorker] sending request via socket...
[SubprocessWorker] call_id=49 sending call_method
[worker:ComfyUI-GeometryPack] INFO: Fix Normals dispatch: igl_winding -> GeomPackFixNormals_IglWinding
[SubprocessWorker] got response: ok
[comfy-env] GeomPackFixNormals done (0.09s): result: NodeOutput
[comfy-env] Running GeomPackFixNormals: backend: dict, trimesh: Trimesh
[SubprocessWorker] call_method: nodes.repair.fix_normals.FixNormalsNode.EXECUTE_NORMALIZED
[SubprocessWorker] acquired lock, ensuring started...
[ComfyUI-GeometryPack] Health check: ping (timeout=5.0s)...
[ComfyUI-GeometryPack] Health check: ok
[SubprocessWorker] worker started/confirmed
[SubprocessWorker] serializing kwargs to shm...
[SubprocessWorker] created 1 shm blocks
[SubprocessWorker] sending request via socket...
[SubprocessWorker] call_id=50 sending call_method
[worker:ComfyUI-GeometryPack] INFO: Fix Normals dispatch: igl_bfs -> GeomPackFixNormals_IglBfs
[SubprocessWorker] got response: ok
[comfy-env] GeomPackFixNormals done (0.06s): result: NodeOutput
[comfy-env] Running GeomPackFixNormals: backend: dict, trimesh: Trimesh
[SubprocessWorker] call_method: nodes.repair.fix_normals.FixNormalsNode.EXECUTE_NORMALIZED
[SubprocessWorker] acquired lock, ensuring started...
[ComfyUI-GeometryPack] Health check: ping (timeout=5.0s)...
[ComfyUI-GeometryPack] Health check: ok
[SubprocessWorker] worker started/confirmed
[SubprocessWorker] serializing kwargs to shm...
[SubprocessWorker] created 1 shm blocks
[SubprocessWorker] sending request via socket...
[SubprocessWorker] call_id=51 sending call_method
[worker:ComfyUI-GeometryPack] INFO: Fix Normals dispatch: trimesh -> GeomPackFixNormals_Trimesh
[SubprocessWorker] got response: ok
[comfy-env] GeomPackFixNormals done (0.06s): result: NodeOutput
[comfy-env] Running GeomPackFixNormals: backend: dict, trimesh: Trimesh
[SubprocessWorker] call_method: nodes.repair.fix_normals.FixNormalsNode.EXECUTE_NORMALIZED
[SubprocessWorker] acquired lock, ensuring started...
[ComfyUI-GeometryPack] Health check: ping (timeout=5.0s)...
[ComfyUI-GeometryPack] Health check: ok
[SubprocessWorker] worker started/confirmed
[SubprocessWorker] serializing kwargs to shm...
[SubprocessWorker] created 1 shm blocks
[SubprocessWorker] sending request via socket...
[SubprocessWorker] call_id=52 sending call_method
[worker:ComfyUI-GeometryPack] INFO: Fix Normals dispatch: igl_raycast -> GeomPackFixNormals_IglRaycast
[SubprocessWorker] got response: ok
[comfy-env] GeomPackFixNormals done (0.07s): result: NodeOutput
[comfy-env] Running GeomPackFixNormals: backend: dict, trimesh: Trimesh
[SubprocessWorker] call_method: nodes.repair.fix_normals.FixNormalsNode.EXECUTE_NORMALIZED
[SubprocessWorker] acquired lock, ensuring started...
[ComfyUI-GeometryPack] Health check: ping (timeout=5.0s)...
[ComfyUI-GeometryPack] Health check: ok
[SubprocessWorker] worker started/confirmed
[SubprocessWorker] serializing kwargs to shm...
[SubprocessWorker] created 1 shm blocks
[SubprocessWorker] sending request via socket...
[SubprocessWorker] call_id=53 sending call_method
[worker:ComfyUI-GeometryPack] INFO: Fix Normals dispatch: igl_signed_dist -> GeomPackFixNormals_IglSignedDist
[SubprocessWorker] got response: ok
[comfy-env] GeomPackFixNormals done (0.06s): result: NodeOutput
[comfy-env] Running GeomPackFixNormals_IglWinding: trimesh: Trimesh
[SubprocessWorker] call_method: nodes.repair.fix_normals_backends.igl_winding.FixNormalsIglWindingNode.EXECUTE_NORMALIZED
[SubprocessWorker] acquired lock, ensuring started...
[ComfyUI-GeometryPack] Health check: ping (timeout=5.0s)...
[ComfyUI-GeometryPack] Health check: ok
[SubprocessWorker] worker started/confirmed
[SubprocessWorker] serializing kwargs to shm...
[SubprocessWorker] created 1 shm blocks
[SubprocessWorker] sending request via socket...
[SubprocessWorker] call_id=54 sending call_method
[worker:ComfyUI-GeometryPack] INFO: igl_winding: flipped 4022/4770 faces
[worker:ComfyUI-GeometryPack] INFO: Normal orientation: False -> False
[SubprocessWorker] got response: ok
[comfy-env] GeomPackFixNormals_IglWinding done (0.18s): result: NodeOutput
[comfy-env] Running GeomPackFixNormals_IglBfs: trimesh: Trimesh
[SubprocessWorker] call_method: nodes.repair.fix_normals_backends.igl_bfs.FixNormalsIglBfsNode.EXECUTE_NORMALIZED
[SubprocessWorker] acquired lock, ensuring started...
[ComfyUI-GeometryPack] Health check: ping (timeout=5.0s)...
[ComfyUI-GeometryPack] Health check: ok
[SubprocessWorker] worker started/confirmed
[SubprocessWorker] serializing kwargs to shm...
[SubprocessWorker] created 1 shm blocks
[SubprocessWorker] sending request via socket...
[SubprocessWorker] call_id=55 sending call_method
[worker:ComfyUI-GeometryPack] INFO: igl.bfs_orient: 66 orientation components
[worker:ComfyUI-GeometryPack] INFO: Normal orientation: False -> True
[SubprocessWorker] got response: ok
[comfy-env] GeomPackFixNormals_IglBfs done (0.11s): result: NodeOutput
[comfy-env] Running GeomPackFixNormals_Trimesh: trimesh: Trimesh
[SubprocessWorker] call_method: nodes.repair.fix_normals_backends.trimesh_fix.FixNormalsTrimeshNode.EXECUTE_NORMALIZED
[SubprocessWorker] acquired lock, ensuring started...
[ComfyUI-GeometryPack] Health check: ping (timeout=5.0s)...
[ComfyUI-GeometryPack] Health check: ok
[SubprocessWorker] worker started/confirmed
[SubprocessWorker] serializing kwargs to shm...
[SubprocessWorker] created 1 shm blocks
[SubprocessWorker] sending request via socket...
[SubprocessWorker] call_id=56 sending call_method
[worker:ComfyUI-GeometryPack] INFO: Normal orientation: False -> True
[SubprocessWorker] got response: ok
[comfy-env] GeomPackFixNormals_Trimesh done (1.12s): result: NodeOutput
[comfy-env] Running GeomPackPreviewMeshMulti: mode: 'fields', mesh_1: Trimesh, mesh_2: Trimesh, mesh_3: Trimesh, mesh_4: Trimesh
[SubprocessWorker] call_method: nodes.visualization.preview_mesh_multi.PreviewMeshMultiNode.EXECUTE_NORMALIZED
[SubprocessWorker] acquired lock, ensuring started...
[ComfyUI-GeometryPack] Health check: ping (timeout=5.0s)...
[ComfyUI-GeometryPack] Health check: ok
[SubprocessWorker] worker started/confirmed
[SubprocessWorker] serializing kwargs to shm...
[SubprocessWorker] created 4 shm blocks
[SubprocessWorker] sending request via socket...
[SubprocessWorker] call_id=57 sending call_method
[worker:ComfyUI-GeometryPack] INFO: Mode: fields, Meshes: 4
[worker:ComfyUI-GeometryPack] INFO: Mesh 1: Mesh - 2956 vertices, 4770 faces
[worker:ComfyUI-GeometryPack] INFO: Exporting mesh to VTP: D:\a\comfy-gpu-ci\comfy-gpu-ci\test_workspaces\GeometryPack-1002\portable-comfyui\ComfyUI_windows_portable\ComfyUI\output\preview_multi_1_31a436c0.vtp
[worker:ComfyUI-GeometryPack] INFO: Adding normals field (2956 vertices)
[worker:ComfyUI-GeometryPack] INFO: Export complete: 2956 vertices, 4770 faces
[worker:ComfyUI-GeometryPack] INFO: Exported VTP: D:\a\comfy-gpu-ci\comfy-gpu-ci\test_workspaces\GeometryPack-1002\portable-comfyui\ComfyUI_windows_portable\ComfyUI\output\preview_multi_1_31a436c0.vtp
[worker:ComfyUI-GeometryPack] INFO: Mesh 2: Mesh - 2956 vertices, 4770 faces
[worker:ComfyUI-GeometryPack] INFO: Exporting mesh to VTP: D:\a\comfy-gpu-ci\comfy-gpu-ci\test_workspaces\GeometryPack-1002\portable-comfyui\ComfyUI_windows_portable\ComfyUI\output\preview_multi_2_31a436c0.vtp
[worker:ComfyUI-GeometryPack] INFO: Adding normals field (2956 vertices)
[worker:ComfyUI-GeometryPack] INFO: Export complete: 2956 vertices, 4770 faces
[worker:ComfyUI-GeometryPack] INFO: Exported VTP: D:\a\comfy-gpu-ci\comfy-gpu-ci\test_workspaces\GeometryPack-1002\portable-comfyui\ComfyUI_windows_portable\ComfyUI\output\preview_multi_2_31a436c0.vtp
[worker:ComfyUI-GeometryPack] INFO: Mesh 3: Mesh - 2956 vertices, 4770 faces
[worker:ComfyUI-GeometryPack] INFO: Exporting mesh to VTP: D:\a\comfy-gpu-ci\comfy-gpu-ci\test_workspaces\GeometryPack-1002\portable-comfyui\ComfyUI_windows_portable\ComfyUI\output\preview_multi_3_31a436c0.vtp
[worker:ComfyUI-GeometryPack] INFO: Adding normals field (2956 vertices)
[worker:ComfyUI-GeometryPack] INFO: Export complete: 2956 vertices, 4770 faces
[worker:ComfyUI-GeometryPack] INFO: Exported VTP: D:\a\comfy-gpu-ci\comfy-gpu-ci\test_workspaces\GeometryPack-1002\portable-comfyui\ComfyUI_windows_portable\ComfyUI\output\preview_multi_3_31a436c0.vtp
[worker:ComfyUI-GeometryPack] INFO: Mesh 4: Mesh - 2956 vertices, 4770 faces
[worker:ComfyUI-GeometryPack] INFO: Exporting mesh to VTP: D:\a\comfy-gpu-ci\comfy-gpu-ci\test_workspaces\GeometryPack-1002\portable-comfyui\ComfyUI_windows_portable\ComfyUI\output\preview_multi_4_31a436c0.vtp
[worker:ComfyUI-GeometryPack] INFO: Adding normals field (2956 vertices)
[worker:ComfyUI-GeometryPack] INFO: Export complete: 2956 vertices, 4770 faces
[worker:ComfyUI-GeometryPack] INFO: Exported VTP: D:\a\comfy-gpu-ci\comfy-gpu-ci\test_workspaces\GeometryPack-1002\portable-comfyui\ComfyUI_windows_portable\ComfyUI\output\preview_multi_4_31a436c0.vtp
[worker:ComfyUI-GeometryPack] INFO: Grid: 2x2, Preview ready
[SubprocessWorker] got response: ok
[comfy-env] GeomPackPreviewMeshMulti done (0.33s): result: NodeOutput
[comfy-env] Running GeomPackFixNormals_IglRaycast: trimesh: Trimesh
[SubprocessWorker] call_method: nodes.repair.fix_normals_backends.igl_raycast.FixNormalsIglRaycastNode.EXECUTE_NORMALIZED
[SubprocessWorker] acquired lock, ensuring started...
[ComfyUI-GeometryPack] Health check: ping (timeout=5.0s)...
[ComfyUI-GeometryPack] Health check: ok
[SubprocessWorker] worker started/confirmed
[SubprocessWorker] serializing kwargs to shm...
[SubprocessWorker] created 1 shm blocks
[SubprocessWorker] sending request via socket...
[SubprocessWorker] call_id=58 sending call_method
[worker:ComfyUI-GeometryPack] INFO: igl_raycast: flipped 3339/4770 faces
[worker:ComfyUI-GeometryPack] INFO: Normal orientation: False -> False
[SubprocessWorker] got response: ok
[comfy-env] GeomPackFixNormals_IglRaycast done (1.80s): result: NodeOutput
[comfy-env] Running GeomPackFixNormals_IglSignedDist: trimesh: Trimesh
[SubprocessWorker] call_method: nodes.repair.fix_normals_backends.igl_signed_dist.FixNormalsIglSignedDistNode.EXECUTE_NORMALIZED
[SubprocessWorker] acquired lock, ensuring started...
[ComfyUI-GeometryPack] Health check: ping (timeout=5.0s)...
[ComfyUI-GeometryPack] Health check: ok
[SubprocessWorker] worker started/confirmed
[SubprocessWorker] serializing kwargs to shm...
[SubprocessWorker] created 1 shm blocks
[SubprocessWorker] sending request via socket...
[SubprocessWorker] call_id=59 sending call_method
[worker:ComfyUI-GeometryPack] INFO: igl_signed_dist: flipped 4757/4770 faces
[worker:ComfyUI-GeometryPack] INFO: Normal orientation: False -> False
[SubprocessWorker] got response: ok
[comfy-env] GeomPackFixNormals_IglSignedDist done (0.16s): result: NodeOutput
[comfy-env] Running GeomPackPreviewMeshMulti: mode: 'fields', mesh_1: Trimesh, mesh_2: Trimesh
[SubprocessWorker] call_method: nodes.visualization.preview_mesh_multi.PreviewMeshMultiNode.EXECUTE_NORMALIZED
[SubprocessWorker] acquired lock, ensuring started...
[ComfyUI-GeometryPack] Health check: ping (timeout=5.0s)...
[ComfyUI-GeometryPack] Health check: ok
[SubprocessWorker] worker started/confirmed
[SubprocessWorker] serializing kwargs to shm...
[SubprocessWorker] created 2 shm blocks
[SubprocessWorker] sending request via socket...
[SubprocessWorker] call_id=60 sending call_method
[worker:ComfyUI-GeometryPack] INFO: Mode: fields, Meshes: 2
[worker:ComfyUI-GeometryPack] INFO: Mesh 1: Mesh - 2956 vertices, 4770 faces
[worker:ComfyUI-GeometryPack] INFO: Exporting mesh to VTP: D:\a\comfy-gpu-ci\comfy-gpu-ci\test_workspaces\GeometryPack-1002\portable-comfyui\ComfyUI_windows_portable\ComfyUI\output\preview_multi_1_9e2b0cf0.vtp
[worker:ComfyUI-GeometryPack] INFO: Adding normals field (2956 vertices)
[worker:ComfyUI-GeometryPack] INFO: Export complete: 2956 vertices, 4770 faces
[worker:ComfyUI-GeometryPack] INFO: Exported VTP: D:\a\comfy-gpu-ci\comfy-gpu-ci\test_workspaces\GeometryPack-1002\portable-comfyui\ComfyUI_windows_portable\ComfyUI\output\preview_multi_1_9e2b0cf0.vtp
[worker:ComfyUI-GeometryPack] INFO: Mesh 2: Mesh - 2956 vertices, 4770 faces
[worker:ComfyUI-GeometryPack] INFO: Exporting mesh to VTP: D:\a\comfy-gpu-ci\comfy-gpu-ci\test_workspaces\GeometryPack-1002\portable-comfyui\ComfyUI_windows_portable\ComfyUI\output\preview_multi_2_9e2b0cf0.vtp
[worker:ComfyUI-GeometryPack] INFO: Adding normals field (2956 vertices)
[worker:ComfyUI-GeometryPack] INFO: Export complete: 2956 vertices, 4770 faces
[worker:ComfyUI-GeometryPack] INFO: Exported VTP: D:\a\comfy-gpu-ci\comfy-gpu-ci\test_workspaces\GeometryPack-1002\portable-comfyui\ComfyUI_windows_portable\ComfyUI\output\preview_multi_2_9e2b0cf0.vtp
[worker:ComfyUI-GeometryPack] INFO: Grid: 2x1, Preview ready
[SubprocessWorker] got response: ok
[comfy-env] GeomPackPreviewMeshMulti done (0.22s): result: NodeOutput
Prompt executed in 4.37 seconds
=== /validate endpoint called ===
Received JSON with keys: ['prompt']
Prompt has 5 nodes
  Node 1: GeomPackLoadMesh
    Inputs: {"file_path": "3d/camelhead.off"}
  Node 14: GeomPackDetectSelfIntersections
    Inputs: {"report_panel": "false", "trimesh": ["1", 0]}
  Node 17: GeomPackFixSelfIntersectionsByPerturbation
    Inputs: {"epsilon": 0.0001, "max_iterations": 12, "direction": "adaptive", "scale_by_intersection_count": true, "re_detect_after_fix": true, "report_panel": "false", "trimesh": ["14", 0]}
  Node 21: GeomPackPreviewMeshDual
    Inputs: {"layout": "side_by_side", "mode": "fields", "opacity_1": 1, "opacity_2": 1, "preview_dual": "{\"show_edges\":true,\"camera_state\":\"{\\\"position\\\":[-0.09236526786018014,0.17034567262454137,0.1140
  Node 22: GeomPackDetectSelfIntersections
    Inputs: {"report_panel": "false", "trimesh": ["17", 0]}
Generated prompt_id: 18337854-709b-47fe-89ff-b2015adde0bc
Calling execution.validate_prompt()...
Validation result: valid=True
=== Validation PASSED ===
got prompt
[comfy-env] Running GeomPackLoadMesh: file_path: '3d/camelhead.off'
[SubprocessWorker] call_method: nodes.io.load_mesh.LoadMesh.EXECUTE_NORMALIZED
[SubprocessWorker] acquired lock, ensuring started...
[ComfyUI-GeometryPack] Health check: ping (timeout=5.0s)...
[ComfyUI-GeometryPack] Health check: ok
[SubprocessWorker] worker started/confirmed
[SubprocessWorker] serializing kwargs to shm...
[SubprocessWorker] created 0 shm blocks
[SubprocessWorker] sending request via socket...
[SubprocessWorker] call_id=61 sending call_method
[worker:ComfyUI-GeometryPack] INFO: Found mesh in input folder: 3d/camelhead.off
[worker:ComfyUI-GeometryPack] INFO: Loading: D:\a\comfy-gpu-ci\comfy-gpu-ci\test_workspaces\GeometryPack-1002\portable-comfyui\ComfyUI_windows_portable\ComfyUI\input\3d/camelhead.off
[worker:ComfyUI-GeometryPack] INFO: Initial mesh: 11381 vertices, 22704 faces
[worker:ComfyUI-GeometryPack] INFO: Successfully loaded: 11381 vertices, 22704 faces
[worker:ComfyUI-GeometryPack] INFO: Loaded: 11381 vertices, 22704 faces
[SubprocessWorker] got response: ok
[comfy-env] GeomPackLoadMesh done (0.22s): result: NodeOutput
[comfy-env] Running GeomPackDetectSelfIntersections: trimesh: Trimesh
[SubprocessWorker] call_method: nodes.repair_cgal.detect_intersections.DetectSelfIntersectionsNode.EXECUTE_NORMALIZED
[SubprocessWorker] acquired lock, ensuring started...
[ComfyUI-GeometryPack] Health check: ping (timeout=5.0s)...
[ComfyUI-GeometryPack] Health check: ok
[SubprocessWorker] worker started/confirmed
[SubprocessWorker] serializing kwargs to shm...
[SubprocessWorker] created 1 shm blocks
[SubprocessWorker] sending request via socket...
[SubprocessWorker] call_id=62 sending call_method
[worker:ComfyUI-GeometryPack] INFO: Analyzing mesh: 11381 vertices, 22704 faces
[worker:ComfyUI-GeometryPack] INFO: Using libigl CGAL method
[worker:ComfyUI-GeometryPack] INFO: Found 6 intersecting faces (5 intersection pairs)
[SubprocessWorker] got response: ok
[comfy-env] GeomPackDetectSelfIntersections done (0.16s): result: NodeOutput
[comfy-env] Running GeomPackFixSelfIntersectionsByPerturbation: epsilon: 0.0001, max_iterations: 12, direction: 'adaptive', scale_by_intersection_count: True, re_detect_after_fix: True, trimesh: Trimesh
[SubprocessWorker] call_method: nodes.repair_cgal.fix_intersections_perturbation.FixSelfIntersectionsByPerturbationNode.EXECUTE_NORMALIZED
[SubprocessWorker] acquired lock, ensuring started...
[ComfyUI-GeometryPack] Health check: ping (timeout=5.0s)...
[ComfyUI-GeometryPack] Health check: ok
[SubprocessWorker] worker started/confirmed
[SubprocessWorker] serializing kwargs to shm...
[SubprocessWorker] created 1 shm blocks
[SubprocessWorker] sending request via socket...
[SubprocessWorker] call_id=63 sending call_method
[worker:ComfyUI-GeometryPack] INFO: Processing mesh: 11381 vertices, 22704 faces
[worker:ComfyUI-GeometryPack] INFO: Params: epsilon=0.0001, max_iter=12, direction=adaptive, re_detect=True
[worker:ComfyUI-GeometryPack] INFO: Found 8 vertices to perturb
[worker:ComfyUI-GeometryPack] INFO: Iteration 1: avg displacement = 0.000004
[worker:ComfyUI-GeometryPack] INFO: Iteration 2: avg displacement = 0.000008
[worker:ComfyUI-GeometryPack] INFO: Iteration 3: avg displacement = 0.000011
[worker:ComfyUI-GeometryPack] INFO: Iteration 4: avg displacement = 0.000015
[worker:ComfyUI-GeometryPack] INFO: Iteration 5: avg displacement = 0.000019
[worker:ComfyUI-GeometryPack] INFO: Iteration 6: avg displacement = 0.000023
[worker:ComfyUI-GeometryPack] INFO: Iteration 7: avg displacement = 0.000026
[worker:ComfyUI-GeometryPack] INFO: Iteration 8: avg displacement = 0.000030
[worker:ComfyUI-GeometryPack] INFO: Iteration 9: avg displacement = 0.000034
[worker:ComfyUI-GeometryPack] INFO: Iteration 10: avg displacement = 0.000038
[worker:ComfyUI-GeometryPack] INFO: Iteration 11: avg displacement = 0.000041
[worker:ComfyUI-GeometryPack] INFO: Iteration 12: avg displacement = 0.000045
[worker:ComfyUI-GeometryPack] INFO: Re-detecting self-intersections...
[worker:ComfyUI-GeometryPack] INFO: No self-intersections remaining!
[worker:ComfyUI-GeometryPack] INFO: Complete: perturbed 8 vertices over 12 iterations
[SubprocessWorker] got response: ok
[comfy-env] GeomPackFixSelfIntersectionsByPerturbation done (0.49s): result: NodeOutput
[comfy-env] Running GeomPackDetectSelfIntersections: trimesh: Trimesh
[SubprocessWorker] call_method: nodes.repair_cgal.detect_intersections.DetectSelfIntersectionsNode.EXECUTE_NORMALIZED
[SubprocessWorker] acquired lock, ensuring started...
[ComfyUI-GeometryPack] Health check: ping (timeout=5.0s)...
[ComfyUI-GeometryPack] Health check: ok
[SubprocessWorker] worker started/confirmed
[SubprocessWorker] serializing kwargs to shm...
[SubprocessWorker] created 1 shm blocks
[SubprocessWorker] sending request via socket...
[SubprocessWorker] call_id=64 sending call_method
[worker:ComfyUI-GeometryPack] INFO: Analyzing mesh: 11381 vertices, 22704 faces
[worker:ComfyUI-GeometryPack] INFO: Using libigl CGAL method
[worker:ComfyUI-GeometryPack] INFO: No self-intersections detected
[SubprocessWorker] got response: ok
[comfy-env] GeomPackDetectSelfIntersections done (0.18s): result: NodeOutput
[comfy-env] Running GeomPackPreviewMeshDual: layout: 'side_by_side', mode: 'fields', opacity_1: 1.0, opacity_2: 1.0, mesh_1: Trimesh, mesh_2: Trimesh
[SubprocessWorker] call_method: nodes.visualization.preview_mesh_dual.PreviewMeshDualNode.EXECUTE_NORMALIZED
[SubprocessWorker] acquired lock, ensuring started...
[ComfyUI-GeometryPack] Health check: ping (timeout=5.0s)...
[ComfyUI-GeometryPack] Health check: ok
[SubprocessWorker] worker started/confirmed
[SubprocessWorker] serializing kwargs to shm...
[SubprocessWorker] created 2 shm blocks
[SubprocessWorker] sending request via socket...
[SubprocessWorker] call_id=65 sending call_method
[worker:ComfyUI-GeometryPack] INFO: Layout: side_by_side, Mode: fields
[worker:ComfyUI-GeometryPack] INFO: Mesh 1: Mesh - 11381 vertices, 22704 faces
[worker:ComfyUI-GeometryPack] INFO: Mesh 2: Mesh - 11381 vertices, 22704 faces
[worker:ComfyUI-GeometryPack] INFO: Mesh 1 fields: ['intersection_flag', 'intersection_count', 'face.self_intersecting']
[worker:ComfyUI-GeometryPack] INFO: Mesh 2 fields: ['intersection_flag', 'intersection_count', 'face.self_intersecting']
[worker:ComfyUI-GeometryPack] INFO: Common fields: ['intersection_flag', 'intersection_count', 'face.self_intersecting']
[worker:ComfyUI-GeometryPack] INFO: Mesh 1 visual: kind=None, texture=False, vertex_colors=False
[worker:ComfyUI-GeometryPack] INFO: Mesh 2 visual: kind=None, texture=False, vertex_colors=False
[worker:ComfyUI-GeometryPack] INFO: Exporting mesh to VTP: D:\a\comfy-gpu-ci\comfy-gpu-ci\test_workspaces\GeometryPack-1002\portable-comfyui\ComfyUI_windows_portable\ComfyUI\output\preview_dual_1_8270c792.vtp
[worker:ComfyUI-GeometryPack] INFO: Adding normals field (11381 vertices)
[worker:ComfyUI-GeometryPack] INFO: Adding scalar field: intersection_flag (components: 1)
[worker:ComfyUI-GeometryPack] INFO: Adding scalar field: intersection_count (components: 1)
[worker:ComfyUI-GeometryPack] INFO: Adding face field: self_intersecting
[worker:ComfyUI-GeometryPack] INFO: Export complete: 11381 vertices, 22704 faces
[worker:ComfyUI-GeometryPack] INFO: Exported VTP with fields: D:\a\comfy-gpu-ci\comfy-gpu-ci\test_workspaces\GeometryPack-1002\portable-comfyui\ComfyUI_windows_portable\ComfyUI\output\preview_dual_1_8270c792.vtp
[worker:ComfyUI-GeometryPack] INFO: Exporting mesh to VTP: D:\a\comfy-gpu-ci\comfy-gpu-ci\test_workspaces\GeometryPack-1002\portable-comfyui\ComfyUI_windows_portable\ComfyUI\output\preview_dual_2_8270c792.vtp
[worker:ComfyUI-GeometryPack] INFO: Adding normals field (11381 vertices)
[worker:ComfyUI-GeometryPack] INFO: Adding scalar field: intersection_flag (components: 1)
[worker:ComfyUI-GeometryPack] INFO: Adding scalar field: intersection_count (components: 1)
[worker:ComfyUI-GeometryPack] INFO: Adding face field: self_intersecting
[worker:ComfyUI-GeometryPack] INFO: Export complete: 11381 vertices, 22704 faces
[worker:ComfyUI-GeometryPack] INFO: Exported VTP with fields: D:\a\comfy-gpu-ci\comfy-gpu-ci\test_workspaces\GeometryPack-1002\portable-comfyui\ComfyUI_windows_portable\ComfyUI\output\preview_dual_2_8270c792.vtp
[worker:ComfyUI-GeometryPack] INFO: Preview ready
[SubprocessWorker] got response: ok
[comfy-env] GeomPackPreviewMeshDual done (0.51s): result: NodeOutput
Prompt executed in 1.56 seconds
=== /validate endpoint called ===
Received JSON with keys: ['prompt']
Prompt has 3 nodes
  Node 1: GeomPackCreatePrimitive
    Inputs: {"shape": "cube", "size": 2, "subdivisions": 1}
  Node 7: GeomPackMeshInfo
    Inputs: {"report_panel": "true", "trimesh": ["1", 0]}
  Node 12: GeomPackMeshQuality
    Inputs: {"include_face_quality": true, "include_edge_stats": true, "report_panel": "true", "trimesh": ["1", 0]}
Generated prompt_id: 24fbd117-e042-445d-a532-d61317a428a6
Calling execution.validate_prompt()...
Validation result: valid=True
=== Validation PASSED ===
got prompt
[comfy-env] Running GeomPackCreatePrimitive: shape: 'cube', size: 2.0, subdivisions: 1
[SubprocessWorker] call_method: nodes.primitives.create_primitive.CreatePrimitive.EXECUTE_NORMALIZED
[SubprocessWorker] acquired lock, ensuring started...
[ComfyUI-GeometryPack] Health check: ping (timeout=5.0s)...
[ComfyUI-GeometryPack] Health check: ok
[SubprocessWorker] worker started/confirmed
[SubprocessWorker] serializing kwargs to shm...
[SubprocessWorker] created 0 shm blocks
[SubprocessWorker] sending request via socket...
[SubprocessWorker] call_id=66 sending call_method
[worker:ComfyUI-GeometryPack] INFO: Created cube: 8 vertices, 12 faces
[SubprocessWorker] got response: ok
[comfy-env] GeomPackCreatePrimitive done (0.07s): result: NodeOutput
[comfy-env] Running GeomPackMeshQuality: include_face_quality: True, include_edge_stats: True, trimesh: Trimesh
[SubprocessWorker] call_method: nodes.analysis.mesh_quality.MeshQualityNode.EXECUTE_NORMALIZED
[SubprocessWorker] acquired lock, ensuring started...
[ComfyUI-GeometryPack] Health check: ping (timeout=5.0s)...
[ComfyUI-GeometryPack] Health check: ok
[SubprocessWorker] worker started/confirmed
[SubprocessWorker] serializing kwargs to shm...
[SubprocessWorker] created 1 shm blocks
[SubprocessWorker] sending request via socket...
[SubprocessWorker] call_id=67 sending call_method
[worker:ComfyUI-GeometryPack] INFO: Analyzing mesh: 8 vertices, 12 faces
[worker:ComfyUI-GeometryPack] INFO: Analysis complete
[SubprocessWorker] got response: ok
[comfy-env] GeomPackMeshQuality done (0.07s): result: NodeOutput
[comfy-env] Running GeomPackMeshInfo: trimesh: list[1]
[SubprocessWorker] call_method: nodes.analysis.mesh_info.MeshInfoNode.EXECUTE_NORMALIZED
[SubprocessWorker] acquired lock, ensuring started...
[ComfyUI-GeometryPack] Health check: ping (timeout=5.0s)...
[ComfyUI-GeometryPack] Health check: ok
[SubprocessWorker] worker started/confirmed
[SubprocessWorker] serializing kwargs to shm...
[SubprocessWorker] created 1 shm blocks
[SubprocessWorker] sending request via socket...
[SubprocessWorker] call_id=68 sending call_method
[SubprocessWorker] got response: ok
[comfy-env] GeomPackMeshInfo done (0.06s): result: NodeOutput
Prompt executed in 0.21 seconds
=== /validate endpoint called ===
Received JSON with keys: ['prompt']
Prompt has 5 nodes
  Node 3: GeomPackMeshToMeshDistance
    Inputs: {"metric": "hausdorff", "sample_count": 10000, "symmetric": "true", "report_panel": "true", "mesh_a": ["8", 0], "mesh_b": ["15", 0]}
  Node 8: GeomPackLoadMesh
    Inputs: {"file_path": "3d/Stanford_Bunny.stl"}
  Node 10: GeomPackMeshToMeshDistance
    Inputs: {"metric": "hausdorff", "sample_count": 10000, "symmetric": "true", "report_panel": "false", "mesh_a": ["8", 0], "mesh_b": ["16", 0]}
  Node 15: GeomPackRemesh
    Inputs: {"backend": "pymeshlab_isotropic", "backend.target_edge_length": 1, "backend.iterations": 3, "backend.feature_angle": 30, "backend.adaptive": "false", "report_panel": "false", "trimesh": ["8", 0]}
  Node 16: GeomPackRemesh
    Inputs: {"backend": "cgal_isotropic", "backend.cgal_edge_length": 1, "backend.cgal_iterations": 3, "backend.protect_boundaries": "true", "report_panel": "false", "trimesh": ["8", 0]}
Generated prompt_id: 5fa3ea76-8b93-4feb-b169-a38721ba9161
Calling execution.validate_prompt()...
Validation result: valid=True
=== Validation PASSED ===
got prompt
[comfy-env] Running GeomPackLoadMesh: file_path: '3d/Stanford_Bunny.stl'
[SubprocessWorker] call_method: nodes.io.load_mesh.LoadMesh.EXECUTE_NORMALIZED
[SubprocessWorker] acquired lock, ensuring started...
[ComfyUI-GeometryPack] Health check: ping (timeout=5.0s)...
[ComfyUI-GeometryPack] Health check: ok
[SubprocessWorker] worker started/confirmed
[SubprocessWorker] serializing kwargs to shm...
[SubprocessWorker] created 0 shm blocks
[SubprocessWorker] sending request via socket...
[SubprocessWorker] call_id=69 sending call_method
[worker:ComfyUI-GeometryPack] INFO: Found mesh in input folder: 3d/Stanford_Bunny.stl
[worker:ComfyUI-GeometryPack] INFO: Loading: D:\a\comfy-gpu-ci\comfy-gpu-ci\test_workspaces\GeometryPack-1002\portable-comfyui\ComfyUI_windows_portable\ComfyUI\input\3d/Stanford_Bunny.stl
[worker:ComfyUI-GeometryPack] INFO: Initial mesh: 56203 vertices, 112402 faces
[worker:ComfyUI-GeometryPack] INFO: Successfully loaded: 56203 vertices, 112402 faces
[worker:ComfyUI-GeometryPack] INFO: Loaded: 56203 vertices, 112402 faces
[SubprocessWorker] got response: ok
[comfy-env] GeomPackLoadMesh done (0.36s): result: NodeOutput
[comfy-env] Running GeomPackRemesh: backend: dict, trimesh: Trimesh
[SubprocessWorker] call_method: nodes.remeshing.remesh.RemeshNode.EXECUTE_NORMALIZED
[SubprocessWorker] acquired lock, ensuring started...
[ComfyUI-GeometryPack] Health check: ping (timeout=5.0s)...
[ComfyUI-GeometryPack] Health check: ok
[SubprocessWorker] worker started/confirmed
[SubprocessWorker] serializing kwargs to shm...
[SubprocessWorker] created 1 shm blocks
[SubprocessWorker] sending request via socket...
[SubprocessWorker] call_id=70 sending call_method
[worker:ComfyUI-GeometryPack] INFO: Remesh dispatch: pymeshlab_isotropic -> GeomPackRemesh_PyMeshLab
[SubprocessWorker] got response: ok
[comfy-env] GeomPackRemesh done (0.10s): result: NodeOutput
[comfy-env] Running GeomPackRemesh: backend: dict, trimesh: Trimesh
[SubprocessWorker] call_method: nodes.remeshing.remesh.RemeshNode.EXECUTE_NORMALIZED
[SubprocessWorker] acquired lock, ensuring started...
[ComfyUI-GeometryPack] Health check: ping (timeout=5.0s)...
[ComfyUI-GeometryPack] Health check: ok
[SubprocessWorker] worker started/confirmed
[SubprocessWorker] serializing kwargs to shm...
[SubprocessWorker] created 1 shm blocks
[SubprocessWorker] sending request via socket...
[SubprocessWorker] call_id=71 sending call_method
[worker:ComfyUI-GeometryPack] INFO: Remesh dispatch: cgal_isotropic -> GeomPackRemesh_CGAL
[SubprocessWorker] got response: ok
[comfy-env] GeomPackRemesh done (0.10s): result: NodeOutput
[comfy-env] Running GeomPackRemesh_PyMeshLab: trimesh: Trimesh, target_edge_length: 1.0, iterations: 3, feature_angle: 30.0, adaptive: 'false'
[SubprocessWorker] call_method: nodes.remeshing.backends.pymeshlab_isotropic.RemeshPyMeshLabNode.EXECUTE_NORMALIZED
[SubprocessWorker] acquired lock, ensuring started...
[ComfyUI-GeometryPack] Health check: ping (timeout=5.0s)...
[ComfyUI-GeometryPack] Health check: ok
[SubprocessWorker] worker started/confirmed
[SubprocessWorker] serializing kwargs to shm...
[SubprocessWorker] created 1 shm blocks
[SubprocessWorker] sending request via socket...
[SubprocessWorker] call_id=72 sending call_method
[worker:ComfyUI-GeometryPack] INFO: Backend: pymeshlab_isotropic
[worker:ComfyUI-GeometryPack] INFO: Input: 56203 vertices, 112402 faces
[worker:ComfyUI-GeometryPack] INFO: Parameters: target_edge_length=1.0, iterations=3, feature_angle=30.0, adaptive=false
[worker:ComfyUI-GeometryPack] 
=== WATCHDOG TICK 2 ===
[worker:ComfyUI-GeometryPack] Current thread 0x000022ac (most recent call first):
  File "C:\Users\stduser\AppData\Local\Temp\comfyui_pvenv_hyjqyn9e\persistent_worker.py", line 52 in _watchdog
  File "C:\Users\stduser\AppData\Local\Programs\comfy-env\.pixi\envs\geometrypack-nodes\Lib\threading.py", line 995 in run
  File "C:\Users\stduser\AppData\Local\Programs\comfy-env\.pixi\envs\geometrypack-nodes\Lib\threading.py", line 1044 in _bootstrap_inner
  File "C:\Users\stduser\AppData\Local\Programs\comfy-env\.pixi\envs\geometrypack-nodes\Lib\threading.py", line 1015 in _bootstrap

Thread 0x000025b0 (most recent call first):
  File "C:\Users\stduser\AppData\Local\Programs\comfy-env\.pixi\envs\geometrypack-nodes\Lib\site-packages\pymeshlab\__init__.py", line 41 in filter_function
  File "D:\a\comfy-gpu-ci\comfy-gpu-ci\test_workspaces\GeometryPack-1002\portable-comfyui\ComfyUI_windows_portable\ComfyUI\custom_nodes\ComfyUI-GeometryPack\nodes\remeshing\backends\pymeshlab_isotropic.py", line 29 in _pymeshlab_isotropic_remesh
  File "D:\a\comfy-gpu-ci\comfy-gpu-ci\test_workspaces\GeometryPack-1002\portable-comfyui\ComfyUI_windows_portable\ComfyUI\custom_nodes\ComfyUI-GeometryPack\nodes\remeshing\backends\pymeshlab_isotropic.py", line 87 in execute
  File "D:\a\comfy-gpu-ci\comfy-gpu-ci\test_workspaces\GeometryPack-1002\portable-comfyui\ComfyUI_windows_portable\ComfyUI\comfy_api\latest\_io.py", line 1833 in EXECUTE_NORMALIZED
  File "C:\Users\stduser\AppData\Local\Temp\comfyui_pvenv_hyjqyn9e\persistent_worker.py", line 1762 in main
  File "C:\Users\stduser\AppData\Local\Temp\comfyui_pvenv_hyjqyn9e\persistent_worker.py", line 1807 in <module>

[worker:ComfyUI-GeometryPack] === END ===

[worker:ComfyUI-GeometryPack] INFO: Output: 32264 vertices, 64524 faces
[SubprocessWorker] got response: ok
[comfy-env] GeomPackRemesh_PyMeshLab done (8.78s): result: NodeOutput
[comfy-env] Running GeomPackMeshToMeshDistance: metric: 'hausdorff', sample_count: 10000, symmetric: 'true', mesh_a: Trimesh, mesh_b: Trimesh
[SubprocessWorker] call_method: nodes.distance.mesh_to_mesh_distance.MeshDistanceNode.EXECUTE_NORMALIZED
[SubprocessWorker] acquired lock, ensuring started...
[ComfyUI-GeometryPack] Health check: ping (timeout=5.0s)...
[ComfyUI-GeometryPack] Health check: ok
[SubprocessWorker] worker started/confirmed
[SubprocessWorker] serializing kwargs to shm...
[SubprocessWorker] created 2 shm blocks
[SubprocessWorker] sending request via socket...
[SubprocessWorker] call_id=73 sending call_method
C:\Users\stduser\AppData\Local\Programs\comfy-env\.pixi\envs\geometrypack-nodes\Lib\site-packages\point_cloud_utils\_ray_mesh_intersector.py:13: SyntaxWarning: invalid escape sequence '\#'
  mesh_v : \#v by 3 array of vertex positions (each row is a vertex)
C:\Users\stduser\AppData\Local\Programs\comfy-env\.pixi\envs\geometrypack-nodes\Lib\site-packages\point_cloud_utils\_ray_mesh_intersector.py:27: SyntaxWarning: invalid escape sequence '\#'
  ray_o : array of shape (\#rays, 3) of ray origins (one per row) or a single array of shape (3,) to use
C:\Users\stduser\AppData\Local\Programs\comfy-env\.pixi\envs\geometrypack-nodes\Lib\site-packages\point_cloud_utils\_point_cloud_geometry.py:71: SyntaxWarning: invalid escape sequence '\#'
  p : \#p by 3 array of vertex positions (each row is a vertex)
C:\Users\stduser\AppData\Local\Programs\comfy-env\.pixi\envs\geometrypack-nodes\Lib\site-packages\point_cloud_utils\_point_cloud_geometry.py:91: SyntaxWarning: invalid escape sequence '\#'
  p : \#p by 3 array of vertex positions (each row is a vertex)
[worker:ComfyUI-GeometryPack] INFO: Metric: hausdorff, Samples: 10000
[worker:ComfyUI-GeometryPack] INFO: Mesh A: 56203 vertices, 112402 faces
[worker:ComfyUI-GeometryPack] INFO: Mesh B: 32264 vertices, 64524 faces
[worker:ComfyUI-GeometryPack] INFO: Result: 2.951709
[SubprocessWorker] got response: ok
[comfy-env] GeomPackMeshToMeshDistance done (0.96s): result: NodeOutput
[comfy-env] Running GeomPackRemesh_CGAL: trimesh: Trimesh, target_edge_length: 1.0, iterations: 3, protect_boundaries: 'true'
[SubprocessWorker] call_method: nodes.remeshing_cgal.remesh.RemeshCGALNode.EXECUTE_NORMALIZED
[SubprocessWorker] acquired lock, ensuring started...
[ComfyUI-GeometryPack] Health check: ping (timeout=5.0s)...
[ComfyUI-GeometryPack] Health check: ok
[SubprocessWorker] worker started/confirmed
[SubprocessWorker] serializing kwargs to shm...
[SubprocessWorker] created 1 shm blocks
[SubprocessWorker] sending request via socket...
[SubprocessWorker] call_id=74 sending call_method
[worker:ComfyUI-GeometryPack] INFO: Backend: cgal_isotropic
[worker:ComfyUI-GeometryPack] INFO: Input: 56,203 vertices, 112,402 faces
[worker:ComfyUI-GeometryPack] INFO: Parameters: target_edge_length=1.0, iterations=3, protect_boundaries=true
[worker:ComfyUI-GeometryPack] INFO: Running CGAL isotropic remesh (target_edge_length=1.0)...
[worker:ComfyUI-GeometryPack] INFO: Output: 41466 vertices (-14737), 82928 faces (-29474)
[SubprocessWorker] got response: ok
[comfy-env] GeomPackRemesh_CGAL done (10.08s): result: NodeOutput
[comfy-env] Running GeomPackMeshToMeshDistance: metric: 'hausdorff', sample_count: 10000, symmetric: 'true', mesh_a: Trimesh, mesh_b: Trimesh
[SubprocessWorker] call_method: nodes.distance.mesh_to_mesh_distance.MeshDistanceNode.EXECUTE_NORMALIZED
[SubprocessWorker] acquired lock, ensuring started...
[ComfyUI-GeometryPack] Health check: ping (timeout=5.0s)...
[ComfyUI-GeometryPack] Health check: ok
[SubprocessWorker] worker started/confirmed
[SubprocessWorker] serializing kwargs to shm...
[SubprocessWorker] created 2 shm blocks
[SubprocessWorker] sending request via socket...
[SubprocessWorker] call_id=75 sending call_method
[worker:ComfyUI-GeometryPack] INFO: Metric: hausdorff, Samples: 10000
[worker:ComfyUI-GeometryPack] INFO: Mesh A: 56203 vertices, 112402 faces
[worker:ComfyUI-GeometryPack] INFO: Mesh B: 41466 vertices, 82928 faces
[worker:ComfyUI-GeometryPack] INFO: Result: 2.940458
[SubprocessWorker] got response: ok
[comfy-env] GeomPackMeshToMeshDistance done (0.47s): result: NodeOutput
Prompt executed in 20.88 seconds
=== /validate endpoint called ===
Received JSON with keys: ['prompt']
Prompt has 4 nodes
  Node 1: GeomPackLoadMesh
    Inputs: {"file_path": "3d/Stanford_Bunny.stl"}
  Node 2: GeomPackCheckNormals
    Inputs: {"report_panel": "false", "trimesh": ["1", 0]}
  Node 3: GeomPackComputeNormals
    Inputs: {"smooth_vertex_normals": "true", "trimesh": ["1", 0]}
  Node 7: GeomPackPreviewMeshVTK
    Inputs: {"mode": "fields", "preview_vtk": "{\"show_edges\":false,\"camera_state\":\"\",\"selected_field\":\"\",\"selected_channel\":\"magnitude\",\"selected_colormap\":\"erdc_rainbow_bright\"}", "trimesh": ["
Generated prompt_id: af10d5e9-939d-480c-bd59-7d2583fd9e6c
Calling execution.validate_prompt()...
Validation result: valid=True
=== Validation PASSED ===
got prompt
[comfy-env] Running GeomPackLoadMesh: file_path: '3d/Stanford_Bunny.stl'
[SubprocessWorker] call_method: nodes.io.load_mesh.LoadMesh.EXECUTE_NORMALIZED
[SubprocessWorker] acquired lock, ensuring started...
[ComfyUI-GeometryPack] Health check: ping (timeout=5.0s)...
[ComfyUI-GeometryPack] Health check: ok
[SubprocessWorker] worker started/confirmed
[SubprocessWorker] serializing kwargs to shm...
[SubprocessWorker] created 0 shm blocks
[SubprocessWorker] sending request via socket...
[SubprocessWorker] call_id=76 sending call_method
[worker:ComfyUI-GeometryPack] INFO: Found mesh in input folder: 3d/Stanford_Bunny.stl
[worker:ComfyUI-GeometryPack] INFO: Loading: D:\a\comfy-gpu-ci\comfy-gpu-ci\test_workspaces\GeometryPack-1002\portable-comfyui\ComfyUI_windows_portable\ComfyUI\input\3d/Stanford_Bunny.stl
[worker:ComfyUI-GeometryPack] INFO: Initial mesh: 56203 vertices, 112402 faces
[worker:ComfyUI-GeometryPack] INFO: Successfully loaded: 56203 vertices, 112402 faces
[worker:ComfyUI-GeometryPack] INFO: Loaded: 56203 vertices, 112402 faces
[SubprocessWorker] got response: ok
[comfy-env] GeomPackLoadMesh done (0.43s): result: NodeOutput
[comfy-env] Running GeomPackCheckNormals: trimesh: Trimesh
[SubprocessWorker] call_method: nodes.repair.check_normals.CheckNormalsNode.EXECUTE_NORMALIZED
[SubprocessWorker] acquired lock, ensuring started...
[ComfyUI-GeometryPack] Health check: ping (timeout=5.0s)...
[ComfyUI-GeometryPack] Health check: ok
[SubprocessWorker] worker started/confirmed
[SubprocessWorker] serializing kwargs to shm...
[SubprocessWorker] created 1 shm blocks
[SubprocessWorker] sending request via socket...
[SubprocessWorker] call_id=77 sending call_method
[worker:ComfyUI-GeometryPack] INFO: Analyzing mesh with 56203 vertices, 112402 faces
[worker:ComfyUI-GeometryPack] INFO: Winding: True, Watertight: True, Degenerate: 1
[SubprocessWorker] got response: ok
[comfy-env] GeomPackCheckNormals done (0.25s): result: NodeOutput
[comfy-env] Running GeomPackComputeNormals: smooth_vertex_normals: 'true', trimesh: Trimesh
[SubprocessWorker] call_method: nodes.repair.compute_normals.ComputeNormalsNode.EXECUTE_NORMALIZED
[SubprocessWorker] acquired lock, ensuring started...
[ComfyUI-GeometryPack] Health check: ping (timeout=5.0s)...
[ComfyUI-GeometryPack] Health check: ok
[SubprocessWorker] worker started/confirmed
[SubprocessWorker] serializing kwargs to shm...
[SubprocessWorker] created 1 shm blocks
[SubprocessWorker] sending request via socket...
[SubprocessWorker] call_id=78 sending call_method
[worker:ComfyUI-GeometryPack] INFO: Processing mesh with 56203 vertices, 112402 faces
[worker:ComfyUI-GeometryPack] INFO: Computed smooth vertex normals
[SubprocessWorker] got response: ok
[comfy-env] GeomPackComputeNormals done (0.21s): result: NodeOutput
[comfy-env] Running GeomPackPreviewMeshVTK: mode: 'fields', trimesh: Trimesh
[SubprocessWorker] call_method: nodes.visualization.preview_mesh_vtk.PreviewMeshVTKNode.EXECUTE_NORMALIZED
[SubprocessWorker] acquired lock, ensuring started...
[ComfyUI-GeometryPack] Health check: ping (timeout=5.0s)...
[ComfyUI-GeometryPack] Health check: ok
[SubprocessWorker] worker started/confirmed
[SubprocessWorker] serializing kwargs to shm...
[SubprocessWorker] created 1 shm blocks
[SubprocessWorker] sending request via socket...
[SubprocessWorker] call_id=79 sending call_method
[worker:ComfyUI-GeometryPack] INFO: Preparing preview: Mesh - 56203 vertices, 112402 faces
[worker:ComfyUI-GeometryPack] INFO: Mode: fields
[worker:ComfyUI-GeometryPack] INFO: Visual data - has_visual: True, kind: None, texture: False, vertex_colors: False
[worker:ComfyUI-GeometryPack] INFO: Using fields mode - VTP export
[worker:ComfyUI-GeometryPack] INFO: Exporting mesh to VTP: D:\a\comfy-gpu-ci\comfy-gpu-ci\test_workspaces\GeometryPack-1002\portable-comfyui\ComfyUI_windows_portable\ComfyUI\output\preview_vtk_dab8a201.vtp
[worker:ComfyUI-GeometryPack] INFO: Adding normals field (56203 vertices)
[worker:ComfyUI-GeometryPack] INFO: Adding scalar field: normal_x (components: 1)
[worker:ComfyUI-GeometryPack] INFO: Adding scalar field: normal_y (components: 1)
[worker:ComfyUI-GeometryPack] INFO: Adding scalar field: normal_z (components: 1)
[worker:ComfyUI-GeometryPack] INFO: Adding scalar field: normal_magnitude (components: 1)
[worker:ComfyUI-GeometryPack] INFO: Adding face field: stl
[worker:ComfyUI-GeometryPack] INFO: Export complete: 56203 vertices, 112402 faces
[worker:ComfyUI-GeometryPack] INFO: Exported VTP to: D:\a\comfy-gpu-ci\comfy-gpu-ci\test_workspaces\GeometryPack-1002\portable-comfyui\ComfyUI_windows_portable\ComfyUI\output\preview_vtk_dab8a201.vtp
[worker:ComfyUI-GeometryPack] INFO: Vertex attributes: ['normal_x', 'normal_y', 'normal_z', 'normal_magnitude']
[worker:ComfyUI-GeometryPack] INFO: Face attributes: ['stl']
[worker:ComfyUI-GeometryPack] INFO: Fields mode info: watertight=True, volume=279628.2991519195, area=29684.951065464225, fields=['normal_x', 'normal_y', 'normal_z', 'normal_magnitude', 'face.stl']
[SubprocessWorker] got response: ok
[comfy-env] GeomPackPreviewMeshVTK done (1.17s): result: NodeOutput
Prompt executed in 2.06 seconds
=== /validate endpoint called ===
Received JSON with keys: ['prompt']
Prompt has 6 nodes
  Node 1: GeomPackCreatePrimitive
    Inputs: {"shape": "cube", "size": 2, "subdivisions": 1}
  Node 2: GeomPackCreatePrimitive
    Inputs: {"shape": "sphere", "size": 2.5, "subdivisions": 2}
  Node 4: GeomPackMeshToPointCloud
    Inputs: {"mode": "surface_sampling", "sample_count": 10000, "sampling_method": "uniform", "include_normals": "true", "trimesh": ["1", 0]}
  Node 5: GeomPackPointToMeshDistance
    Inputs: {"distance_type": "unsigned", "sign_method": "default", "report_panel": "false", "target_mesh": ["2", 0], "pointcloud": ["4", 0]}
  Node 7: GeomPackCombineMeshes
    Inputs: {"report_panel": "false", "mesh_a": ["1", 0], "mesh_b": ["2", 0]}
  Node 8: GeomPackPreviewMeshDual
    Inputs: {"layout": "side_by_side", "mode": "fields", "opacity_1": 1, "opacity_2": 1, "preview_dual": "{\"show_edges\":false,\"camera_state\":\"\",\"selected_field\":\"\",\"selected_channel\":\"magnitude\",\"s
Generated prompt_id: debaa6a0-fa21-4af1-8bb6-789d0d0beb1d
Calling execution.validate_prompt()...
Validation result: valid=True
=== Validation PASSED ===
got prompt
[comfy-env] Running GeomPackCreatePrimitive: shape: 'cube', size: 2.0, subdivisions: 1
[SubprocessWorker] call_method: nodes.primitives.create_primitive.CreatePrimitive.EXECUTE_NORMALIZED
[SubprocessWorker] acquired lock, ensuring started...
[ComfyUI-GeometryPack] Health check: ping (timeout=5.0s)...
[ComfyUI-GeometryPack] Health check: ok
[SubprocessWorker] worker started/confirmed
[SubprocessWorker] serializing kwargs to shm...
[SubprocessWorker] created 0 shm blocks
[SubprocessWorker] sending request via socket...
[SubprocessWorker] call_id=80 sending call_method
[worker:ComfyUI-GeometryPack] INFO: Created cube: 8 vertices, 12 faces
[SubprocessWorker] got response: ok
[comfy-env] GeomPackCreatePrimitive done (0.06s): result: NodeOutput
[comfy-env] Running GeomPackMeshToPointCloud: mode: 'surface_sampling', sample_count: 10000, sampling_method: 'uniform', include_normals: 'true', trimesh: Trimesh
[SubprocessWorker] call_method: nodes.conversion.mesh_to_pointcloud.MeshToPointCloudNode.EXECUTE_NORMALIZED
[SubprocessWorker] acquired lock, ensuring started...
[ComfyUI-GeometryPack] Health check: ping (timeout=5.0s)...
[ComfyUI-GeometryPack] Health check: ok
[SubprocessWorker] worker started/confirmed
[SubprocessWorker] serializing kwargs to shm...
[SubprocessWorker] created 1 shm blocks
[SubprocessWorker] sending request via socket...
[SubprocessWorker] call_id=81 sending call_method
[worker:ComfyUI-GeometryPack] INFO: Sampling 10,000 points using uniform method
[worker:ComfyUI-GeometryPack] INFO: Generated point cloud with 10,000 points
[SubprocessWorker] got response: ok
[comfy-env] GeomPackMeshToPointCloud done (0.07s): result: NodeOutput
[comfy-env] Running GeomPackCreatePrimitive: shape: 'sphere', size: 2.5, subdivisions: 2
[SubprocessWorker] call_method: nodes.primitives.create_primitive.CreatePrimitive.EXECUTE_NORMALIZED
[SubprocessWorker] acquired lock, ensuring started...
[ComfyUI-GeometryPack] Health check: ping (timeout=5.0s)...
[ComfyUI-GeometryPack] Health check: ok
[SubprocessWorker] worker started/confirmed
[SubprocessWorker] serializing kwargs to shm...
[SubprocessWorker] created 0 shm blocks
[SubprocessWorker] sending request via socket...
[SubprocessWorker] call_id=82 sending call_method
[worker:ComfyUI-GeometryPack] INFO: Created sphere: 162 vertices, 320 faces
[SubprocessWorker] got response: ok
[comfy-env] GeomPackCreatePrimitive done (0.06s): result: NodeOutput
[comfy-env] Running GeomPackPointToMeshDistance: distance_type: 'unsigned', sign_method: 'default', target_mesh: Trimesh, pointcloud: Trimesh
[SubprocessWorker] call_method: nodes.distance.point_to_mesh_distance.PointToMeshDistanceNode.EXECUTE_NORMALIZED
[SubprocessWorker] acquired lock, ensuring started...
[ComfyUI-GeometryPack] Health check: ping (timeout=5.0s)...
[ComfyUI-GeometryPack] Health check: ok
[SubprocessWorker] worker started/confirmed
[SubprocessWorker] serializing kwargs to shm...
[SubprocessWorker] created 2 shm blocks
[SubprocessWorker] sending request via socket...
[SubprocessWorker] call_id=83 sending call_method
[worker:ComfyUI-GeometryPack] INFO: Computing unsigned distances for 10,000 points
[worker:ComfyUI-GeometryPack] INFO: Input: Point Cloud
[worker:ComfyUI-GeometryPack] INFO: Target Mesh: 162 vertices, 320 faces
[worker:ComfyUI-GeometryPack] INFO: Using trimesh.proximity.closest_point (unsigned)
[worker:ComfyUI-GeometryPack] INFO: Min: 0.000002, Max: 0.495627, Mean: 0.139947
[worker:ComfyUI-GeometryPack] INFO: Distance field added to vertex_attributes['distance']
[SubprocessWorker] got response: ok
[comfy-env] GeomPackPointToMeshDistance done (0.83s): result: NodeOutput
[comfy-env] Running GeomPackCombineMeshes: mesh_a: Trimesh, mesh_b: Trimesh
[SubprocessWorker] call_method: nodes.combine.combine_meshes.CombineMeshesNode.EXECUTE_NORMALIZED
[SubprocessWorker] acquired lock, ensuring started...
[ComfyUI-GeometryPack] Health check: ping (timeout=5.0s)...
[ComfyUI-GeometryPack] Health check: ok
[SubprocessWorker] worker started/confirmed
[SubprocessWorker] serializing kwargs to shm...
[SubprocessWorker] created 2 shm blocks
[SubprocessWorker] sending request via socket...
[SubprocessWorker] call_id=84 sending call_method
[worker:ComfyUI-GeometryPack] INFO: Combining 2 meshes
[worker:ComfyUI-GeometryPack] INFO: Mesh 1: 8 vertices, 12 faces
[worker:ComfyUI-GeometryPack] INFO: Mesh 2: 162 vertices, 320 faces
[worker:ComfyUI-GeometryPack] INFO: Result: 170 vertices, 332 faces
[SubprocessWorker] got response: ok
[comfy-env] GeomPackCombineMeshes done (0.11s): result: NodeOutput
[comfy-env] Running GeomPackPreviewMeshDual: layout: 'side_by_side', mode: 'fields', opacity_1: 1.0, opacity_2: 1.0, mesh_1: Trimesh, mesh_2: Trimesh
[SubprocessWorker] call_method: nodes.visualization.preview_mesh_dual.PreviewMeshDualNode.EXECUTE_NORMALIZED
[SubprocessWorker] acquired lock, ensuring started...
[ComfyUI-GeometryPack] Health check: ping (timeout=5.0s)...
[ComfyUI-GeometryPack] Health check: ok
[SubprocessWorker] worker started/confirmed
[SubprocessWorker] serializing kwargs to shm...
[SubprocessWorker] created 2 shm blocks
[SubprocessWorker] sending request via socket...
[SubprocessWorker] call_id=85 sending call_method
[worker:ComfyUI-GeometryPack] INFO: Layout: side_by_side, Mode: fields
[worker:ComfyUI-GeometryPack] INFO: Mesh 1: Mesh - 170 vertices, 332 faces
[worker:ComfyUI-GeometryPack] INFO: Mesh 2: Point Cloud - 10000 vertices, 0 faces
[worker:ComfyUI-GeometryPack] INFO: Mesh 1 fields: []
[worker:ComfyUI-GeometryPack] INFO: Mesh 2 fields: ['distance']
[worker:ComfyUI-GeometryPack] INFO: Common fields: []
[worker:ComfyUI-GeometryPack] INFO: Mesh 1 visual: kind=None, texture=False, vertex_colors=False
[worker:ComfyUI-GeometryPack] INFO: Mesh 2 visual: kind=None, texture=False, vertex_colors=False
[worker:ComfyUI-GeometryPack] INFO: Exported STL: D:\a\comfy-gpu-ci\comfy-gpu-ci\test_workspaces\GeometryPack-1002\portable-comfyui\ComfyUI_windows_portable\ComfyUI\output\preview_dual_1_4d20adb3.stl
[worker:ComfyUI-GeometryPack] INFO: Exporting point cloud to VTP: D:\a\comfy-gpu-ci\comfy-gpu-ci\test_workspaces\GeometryPack-1002\portable-comfyui\ComfyUI_windows_portable\ComfyUI\output\preview_dual_2_4d20adb3.vtp
[worker:ComfyUI-GeometryPack] INFO: Adding scalar field: distance (components: 1)
[worker:ComfyUI-GeometryPack] INFO: Export complete: 10000 points
[worker:ComfyUI-GeometryPack] INFO: Exported VTP with fields: D:\a\comfy-gpu-ci\comfy-gpu-ci\test_workspaces\GeometryPack-1002\portable-comfyui\ComfyUI_windows_portable\ComfyUI\output\preview_dual_2_4d20adb3.vtp
[worker:ComfyUI-GeometryPack] INFO: Preview ready
[SubprocessWorker] got response: ok
[comfy-env] GeomPackPreviewMeshDual done (0.20s): result: NodeOutput
Prompt executed in 1.34 seconds
=== /validate endpoint called ===
Received JSON with keys: ['prompt']
Prompt has 2 nodes
  Node 1: GeomPackLoadMesh
    Inputs: {"file_path": "3d/Stanford_Bunny.stl"}
  Node 3: GeomPackPreviewMesh
    Inputs: {"preview": "", "trimesh": ["1", 0]}
Generated prompt_id: 8200fe6e-5d88-4bc7-9bf9-ff178f9884c6
Calling execution.validate_prompt()...
Validation result: valid=True
=== Validation PASSED ===
got prompt
[comfy-env] Running GeomPackLoadMesh: file_path: '3d/Stanford_Bunny.stl'
[SubprocessWorker] call_method: nodes.io.load_mesh.LoadMesh.EXECUTE_NORMALIZED
[SubprocessWorker] acquired lock, ensuring started...
[ComfyUI-GeometryPack] Health check: ping (timeout=5.0s)...
[ComfyUI-GeometryPack] Health check: ok
[SubprocessWorker] worker started/confirmed
[SubprocessWorker] serializing kwargs to shm...
[SubprocessWorker] created 0 shm blocks
[SubprocessWorker] sending request via socket...
[SubprocessWorker] call_id=86 sending call_method
[worker:ComfyUI-GeometryPack] INFO: Found mesh in input folder: 3d/Stanford_Bunny.stl
[worker:ComfyUI-GeometryPack] INFO: Loading: D:\a\comfy-gpu-ci\comfy-gpu-ci\test_workspaces\GeometryPack-1002\portable-comfyui\ComfyUI_windows_portable\ComfyUI\input\3d/Stanford_Bunny.stl
[worker:ComfyUI-GeometryPack] INFO: Initial mesh: 56203 vertices, 112402 faces
[worker:ComfyUI-GeometryPack] INFO: Successfully loaded: 56203 vertices, 112402 faces
[worker:ComfyUI-GeometryPack] INFO: Loaded: 56203 vertices, 112402 faces
[SubprocessWorker] got response: ok
[comfy-env] GeomPackLoadMesh done (0.49s): result: NodeOutput
[comfy-env] Running GeomPackPreviewMesh: trimesh: Trimesh
[SubprocessWorker] call_method: nodes.visualization.preview_mesh.PreviewMeshNode.EXECUTE_NORMALIZED
[SubprocessWorker] acquired lock, ensuring started...
[ComfyUI-GeometryPack] Health check: ping (timeout=5.0s)...
[ComfyUI-GeometryPack] Health check: ok
[SubprocessWorker] worker started/confirmed
[SubprocessWorker] serializing kwargs to shm...
[SubprocessWorker] created 1 shm blocks
[SubprocessWorker] sending request via socket...
[SubprocessWorker] call_id=87 sending call_method
[worker:ComfyUI-GeometryPack] INFO: Preparing preview: Mesh - 56203 vertices, 112402 faces
[worker:ComfyUI-GeometryPack] INFO: Exported to: D:\a\comfy-gpu-ci\comfy-gpu-ci\test_workspaces\GeometryPack-1002\portable-comfyui\ComfyUI_windows_portable\ComfyUI\output\preview_8f710ba7.glb
[SubprocessWorker] got response: ok
[comfy-env] GeomPackPreviewMesh done (0.13s): result: NodeOutput
Prompt executed in 0.63 seconds
=== /validate endpoint called ===
Received JSON with keys: ['prompt']
Prompt has 8 nodes
  Node 1: GeomPackLoadMesh
    Inputs: {"file_path": "3d/Stanford_Bunny.stl"}
  Node 2: GeomPackMeshToPointCloud
    Inputs: {"mode": "surface_sampling", "sample_count": 10000, "sampling_method": "uniform", "include_normals": "true", "trimesh": ["1", 0]}
  Node 3: GeomPackReconstructSurface
    Inputs: {"backend": "poisson", "backend.poisson_depth": 8, "backend.poisson_scale": 1.1, "backend.estimate_normals": "true", "backend.normal_radius": 0.1, "report_panel": "false", "points": ["2", 0]}
  Node 4: GeomPackReconstructSurface
    Inputs: {"backend": "ball_pivoting", "backend.ball_radius": 3, "backend.estimate_normals": "true", "backend.normal_radius": 0.5, "report_panel": "false", "points": ["2", 0]}
  Node 5: GeomPackReconstructSurface
    Inputs: {"backend": "alpha_shape", "backend.alpha": 8, "report_panel": "false", "points": ["2", 0]}
  Node 6: GeomPackReconstructSurface
    Inputs: {"backend": "convex_hull", "report_panel": "false", "points": ["2", 0]}
  Node 10: GeomPackPreviewMeshMulti
    Inputs: {"mode": "fields", "preview_multi": "{\"show_edges\":true,\"camera_state\":\"{\\\"position\\\":[30.06530722689757,-256.0460141720188,95.11427347765263],\\\"focalPoint\\\":[30.322647094726562,1.8909549
  Node 14: GeomPackPreviewMeshVTK
    Inputs: {"mode": "fields", "preview_vtk": "{\"show_edges\":false,\"camera_state\":\"{\\\"position\\\":[30.06530722689757,-256.0460141720188,95.11427347765263],\\\"focalPoint\\\":[30.322647094726562,1.89095497
Generated prompt_id: be068168-f98e-409f-a27f-382e6397f58d
Calling execution.validate_prompt()...
Validation result: valid=True
=== Validation PASSED ===
got prompt
[comfy-env] Running GeomPackLoadMesh: file_path: '3d/Stanford_Bunny.stl'
[SubprocessWorker] call_method: nodes.io.load_mesh.LoadMesh.EXECUTE_NORMALIZED
[SubprocessWorker] acquired lock, ensuring started...
[ComfyUI-GeometryPack] Health check: ping (timeout=5.0s)...
[ComfyUI-GeometryPack] Health check: ok
[SubprocessWorker] worker started/confirmed
[SubprocessWorker] serializing kwargs to shm...
[SubprocessWorker] created 0 shm blocks
[SubprocessWorker] sending request via socket...
[SubprocessWorker] call_id=88 sending call_method
[worker:ComfyUI-GeometryPack] INFO: Found mesh in input folder: 3d/Stanford_Bunny.stl
[worker:ComfyUI-GeometryPack] INFO: Loading: D:\a\comfy-gpu-ci\comfy-gpu-ci\test_workspaces\GeometryPack-1002\portable-comfyui\ComfyUI_windows_portable\ComfyUI\input\3d/Stanford_Bunny.stl
[worker:ComfyUI-GeometryPack] INFO: Initial mesh: 56203 vertices, 112402 faces
[worker:ComfyUI-GeometryPack] INFO: Successfully loaded: 56203 vertices, 112402 faces
[worker:ComfyUI-GeometryPack] INFO: Loaded: 56203 vertices, 112402 faces
[SubprocessWorker] got response: ok
[comfy-env] GeomPackLoadMesh done (0.41s): result: NodeOutput
[comfy-env] Running GeomPackMeshToPointCloud: mode: 'surface_sampling', sample_count: 10000, sampling_method: 'uniform', include_normals: 'true', trimesh: Trimesh
[SubprocessWorker] call_method: nodes.conversion.mesh_to_pointcloud.MeshToPointCloudNode.EXECUTE_NORMALIZED
[SubprocessWorker] acquired lock, ensuring started...
[ComfyUI-GeometryPack] Health check: ping (timeout=5.0s)...
[ComfyUI-GeometryPack] Health check: ok
[SubprocessWorker] worker started/confirmed
[SubprocessWorker] serializing kwargs to shm...
[SubprocessWorker] created 1 shm blocks
[SubprocessWorker] sending request via socket...
[SubprocessWorker] call_id=89 sending call_method
[worker:ComfyUI-GeometryPack] INFO: Sampling 10,000 points using uniform method
[worker:ComfyUI-GeometryPack] INFO: Generated point cloud with 10,000 points
[SubprocessWorker] got response: ok
[comfy-env] GeomPackMeshToPointCloud done (0.16s): result: NodeOutput
[comfy-env] Running GeomPackReconstructSurface: backend: dict, points: Trimesh
[SubprocessWorker] call_method: nodes.reconstruction.reconstruct_surface.ReconstructSurfaceNode.EXECUTE_NORMALIZED
[SubprocessWorker] acquired lock, ensuring started...
[ComfyUI-GeometryPack] Health check: ping (timeout=5.0s)...
[ComfyUI-GeometryPack] Health check: ok
[SubprocessWorker] worker started/confirmed
[SubprocessWorker] serializing kwargs to shm...
[SubprocessWorker] created 1 shm blocks
[SubprocessWorker] sending request via socket...
[SubprocessWorker] call_id=90 sending call_method
[worker:ComfyUI-GeometryPack] INFO: Reconstruct dispatch: alpha_shape -> GeomPackReconstruct_AlphaShape
[SubprocessWorker] got response: ok
[comfy-env] GeomPackReconstructSurface done (0.08s): result: NodeOutput
[comfy-env] Running GeomPackPreviewMeshVTK: mode: 'fields', trimesh: Trimesh
[SubprocessWorker] call_method: nodes.visualization.preview_mesh_vtk.PreviewMeshVTKNode.EXECUTE_NORMALIZED
[SubprocessWorker] acquired lock, ensuring started...
[ComfyUI-GeometryPack] Health check: ping (timeout=5.0s)...
[ComfyUI-GeometryPack] Health check: ok
[SubprocessWorker] worker started/confirmed
[SubprocessWorker] serializing kwargs to shm...
[SubprocessWorker] created 1 shm blocks
[SubprocessWorker] sending request via socket...
[SubprocessWorker] call_id=91 sending call_method
[worker:ComfyUI-GeometryPack] INFO: Preparing preview: Point Cloud - 10000 vertices, 0 faces
[worker:ComfyUI-GeometryPack] INFO: Mode: fields
[worker:ComfyUI-GeometryPack] INFO: Visual data - has_visual: True, kind: None, texture: False, vertex_colors: False
[worker:ComfyUI-GeometryPack] INFO: Using fields mode - VTP export
[worker:ComfyUI-GeometryPack] INFO: Exporting point cloud to VTP: D:\a\comfy-gpu-ci\comfy-gpu-ci\test_workspaces\GeometryPack-1002\portable-comfyui\ComfyUI_windows_portable\ComfyUI\output\preview_vtk_04b43530.vtp
[worker:ComfyUI-GeometryPack] INFO: Export complete: 10000 points
[worker:ComfyUI-GeometryPack] INFO: Exported VTP to: D:\a\comfy-gpu-ci\comfy-gpu-ci\test_workspaces\GeometryPack-1002\portable-comfyui\ComfyUI_windows_portable\ComfyUI\output\preview_vtk_04b43530.vtp
[worker:ComfyUI-GeometryPack] INFO: Fields mode info: watertight=False, volume=None, area=None, no fields
[SubprocessWorker] got response: ok
[comfy-env] GeomPackPreviewMeshVTK done (0.16s): result: NodeOutput
[comfy-env] Running GeomPackReconstructSurface: backend: dict, points: Trimesh
[SubprocessWorker] call_method: nodes.reconstruction.reconstruct_surface.ReconstructSurfaceNode.EXECUTE_NORMALIZED
[SubprocessWorker] acquired lock, ensuring started...
[ComfyUI-GeometryPack] Health check: ping (timeout=5.0s)...
[ComfyUI-GeometryPack] Health check: ok
[SubprocessWorker] worker started/confirmed
[SubprocessWorker] serializing kwargs to shm...
[SubprocessWorker] created 1 shm blocks
[SubprocessWorker] sending request via socket...
[SubprocessWorker] call_id=92 sending call_method
[worker:ComfyUI-GeometryPack] INFO: Reconstruct dispatch: ball_pivoting -> GeomPackReconstruct_BallPivoting
[SubprocessWorker] got response: ok
[comfy-env] GeomPackReconstructSurface done (0.10s): result: NodeOutput
[comfy-env] Running GeomPackReconstructSurface: backend: dict, points: Trimesh
[SubprocessWorker] call_method: nodes.reconstruction.reconstruct_surface.ReconstructSurfaceNode.EXECUTE_NORMALIZED
[SubprocessWorker] acquired lock, ensuring started...
[ComfyUI-GeometryPack] Health check: ping (timeout=5.0s)...
[ComfyUI-GeometryPack] Health check: ok
[SubprocessWorker] worker started/confirmed
[SubprocessWorker] serializing kwargs to shm...
[SubprocessWorker] created 1 shm blocks
[SubprocessWorker] sending request via socket...
[SubprocessWorker] call_id=93 sending call_method
[worker:ComfyUI-GeometryPack] INFO: Reconstruct dispatch: poisson -> GeomPackReconstruct_Poisson
[SubprocessWorker] got response: ok
[comfy-env] GeomPackReconstructSurface done (0.08s): result: NodeOutput
[comfy-env] Running GeomPackReconstructSurface: backend: dict, points: Trimesh
[SubprocessWorker] call_method: nodes.reconstruction.reconstruct_surface.ReconstructSurfaceNode.EXECUTE_NORMALIZED
[SubprocessWorker] acquired lock, ensuring started...
[ComfyUI-GeometryPack] Health check: ping (timeout=5.0s)...
[ComfyUI-GeometryPack] Health check: ok
[SubprocessWorker] worker started/confirmed
[SubprocessWorker] serializing kwargs to shm...
[SubprocessWorker] created 1 shm blocks
[SubprocessWorker] sending request via socket...
[SubprocessWorker] call_id=94 sending call_method
[worker:ComfyUI-GeometryPack] INFO: Reconstruct dispatch: convex_hull -> GeomPackReconstruct_ConvexHull
[SubprocessWorker] got response: ok
[comfy-env] GeomPackReconstructSurface done (0.08s): result: NodeOutput
[comfy-env] Running GeomPackReconstruct_AlphaShape: points: Trimesh, alpha: 8.0
[SubprocessWorker] call_method: nodes.reconstruction.backends.alpha_shape.ReconstructAlphaShapeNode.EXECUTE_NORMALIZED
[SubprocessWorker] acquired lock, ensuring started...
[ComfyUI-GeometryPack] Health check: ping (timeout=5.0s)...
[ComfyUI-GeometryPack] Health check: ok
[SubprocessWorker] worker started/confirmed
[SubprocessWorker] serializing kwargs to shm...
[SubprocessWorker] created 1 shm blocks
[SubprocessWorker] sending request via socket...
[SubprocessWorker] call_id=95 sending call_method
[worker:ComfyUI-GeometryPack] INFO: Backend: alpha_shape
[worker:ComfyUI-GeometryPack] INFO: Computing alpha shape...
[worker:ComfyUI-GeometryPack] 
=== WATCHDOG TICK 3 ===
[worker:ComfyUI-GeometryPack] Current thread 0x000022ac (most recent call first):
  File "C:\Users\stduser\AppData\Local\Temp\comfyui_pvenv_hyjqyn9e\persistent_worker.py", line 52 in _watchdog
  File "C:\Users\stduser\AppData\Local\Programs\comfy-env\.pixi\envs\geometrypack-nodes\Lib\threading.py", line 995 in run
  File "C:\Users\stduser\AppData\Local\Programs\comfy-env\.pixi\envs\geometrypack-nodes\Lib\threading.py", line 1044 in _bootstrap_inner
  File "C:\Users\stduser\AppData\Local\Programs\comfy-env\.pixi\envs\geometrypack-nodes\Lib\threading.py", line 1015 in _bootstrap

Thread 0x000025b0 (most recent call first):
  File "C:\Users\stduser\AppData\Local\Programs\comfy-env\.pixi\envs\geometrypack-nodes\Lib\site-packages\numpy\linalg\_linalg.py", line 2768 in norm
  File "D:\a\comfy-gpu-ci\comfy-gpu-ci\test_workspaces\GeometryPack-1002\portable-comfyui\ComfyUI_windows_portable\ComfyUI\custom_nodes\ComfyUI-GeometryPack\nodes\reconstruction\backends\alpha_shape.py", line 62 in execute
  File "D:\a\comfy-gpu-ci\comfy-gpu-ci\test_workspaces\GeometryPack-1002\portable-comfyui\ComfyUI_windows_portable\ComfyUI\comfy_api\latest\_io.py", line 1833 in EXECUTE_NORMALIZED
  File "C:\Users\stduser\AppData\Local\Temp\comfyui_pvenv_hyjqyn9e\persistent_worker.py", line 1762 in main
  File "C:\Users\stduser\AppData\Local\Temp\comfyui_pvenv_hyjqyn9e\persistent_worker.py", line 1807 in <module>

[worker:ComfyUI-GeometryPack] === END ===

[SubprocessWorker] got response: ok
[comfy-env] GeomPackReconstruct_AlphaShape done (4.14s): result: NodeOutput
[comfy-env] Running GeomPackReconstruct_BallPivoting: points: Trimesh, ball_radius: 3.0, estimate_normals: 'true', normal_radius: 0.5
[SubprocessWorker] call_method: nodes.reconstruction.backends.ball_pivoting.ReconstructBallPivotingNode.EXECUTE_NORMALIZED
[SubprocessWorker] acquired lock, ensuring started...
[ComfyUI-GeometryPack] Health check: ping (timeout=5.0s)...
[ComfyUI-GeometryPack] Health check: ok
[SubprocessWorker] worker started/confirmed
[SubprocessWorker] serializing kwargs to shm...
[SubprocessWorker] created 1 shm blocks
[SubprocessWorker] sending request via socket...
[SubprocessWorker] call_id=96 sending call_method
[worker:ComfyUI-GeometryPack] INFO: Backend: ball_pivoting
[worker:ComfyUI-GeometryPack] INFO: Using PyMeshLab Ball Pivoting...
[SubprocessWorker] got response: ok
[comfy-env] GeomPackReconstruct_BallPivoting done (0.21s): result: NodeOutput
[comfy-env] Running GeomPackReconstruct_Poisson: points: Trimesh, poisson_depth: 8, poisson_scale: 1.1, estimate_normals: 'true', normal_radius: 0.1
[SubprocessWorker] call_method: nodes.reconstruction.backends.poisson.ReconstructPoissonNode.EXECUTE_NORMALIZED
[SubprocessWorker] acquired lock, ensuring started...
[ComfyUI-GeometryPack] Health check: ping (timeout=5.0s)...
[ComfyUI-GeometryPack] Health check: ok
[SubprocessWorker] worker started/confirmed
[SubprocessWorker] serializing kwargs to shm...
[SubprocessWorker] created 1 shm blocks
[SubprocessWorker] sending request via socket...
[SubprocessWorker] call_id=97 sending call_method
[worker:ComfyUI-GeometryPack] INFO: Backend: poisson
[worker:ComfyUI-GeometryPack] INFO: Using normals from input
[worker:ComfyUI-GeometryPack] INFO: Using PyMeshLab Poisson reconstruction...
[SubprocessWorker] got response: ok
[comfy-env] GeomPackReconstruct_Poisson done (3.29s): result: NodeOutput
[comfy-env] Running GeomPackReconstruct_ConvexHull: points: Trimesh
[SubprocessWorker] call_method: nodes.reconstruction.backends.convex_hull.ReconstructConvexHullNode.EXECUTE_NORMALIZED
[SubprocessWorker] acquired lock, ensuring started...
[ComfyUI-GeometryPack] Health check: ping (timeout=5.0s)...
[ComfyUI-GeometryPack] Health check: ok
[SubprocessWorker] worker started/confirmed
[SubprocessWorker] serializing kwargs to shm...
[SubprocessWorker] created 1 shm blocks
[SubprocessWorker] sending request via socket...
[SubprocessWorker] call_id=98 sending call_method
[worker:ComfyUI-GeometryPack] INFO: Backend: convex_hull
[worker:ComfyUI-GeometryPack] INFO: Computing convex hull...
[SubprocessWorker] got response: ok
[comfy-env] GeomPackReconstruct_ConvexHull done (0.09s): result: NodeOutput
[comfy-env] Running GeomPackPreviewMeshMulti: mode: 'fields', mesh_1: Trimesh, mesh_2: Trimesh, mesh_3: Trimesh, mesh_4: Trimesh
[SubprocessWorker] call_method: nodes.visualization.preview_mesh_multi.PreviewMeshMultiNode.EXECUTE_NORMALIZED
[SubprocessWorker] acquired lock, ensuring started...
[ComfyUI-GeometryPack] Health check: ping (timeout=5.0s)...
[ComfyUI-GeometryPack] Health check: ok
[SubprocessWorker] worker started/confirmed
[SubprocessWorker] serializing kwargs to shm...
[SubprocessWorker] created 4 shm blocks
[SubprocessWorker] sending request via socket...
[SubprocessWorker] call_id=99 sending call_method
[worker:ComfyUI-GeometryPack] INFO: Mode: fields, Meshes: 4
[worker:ComfyUI-GeometryPack] INFO: Mesh 1: Mesh - 43647 vertices, 87280 faces
[worker:ComfyUI-GeometryPack] INFO: Exporting mesh to VTP: D:\a\comfy-gpu-ci\comfy-gpu-ci\test_workspaces\GeometryPack-1002\portable-comfyui\ComfyUI_windows_portable\ComfyUI\output\preview_multi_1_4c8112fe.vtp
[worker:ComfyUI-GeometryPack] INFO: Adding normals field (43647 vertices)
[worker:ComfyUI-GeometryPack] INFO: Export complete: 43647 vertices, 87280 faces
[worker:ComfyUI-GeometryPack] INFO: Exported VTP: D:\a\comfy-gpu-ci\comfy-gpu-ci\test_workspaces\GeometryPack-1002\portable-comfyui\ComfyUI_windows_portable\ComfyUI\output\preview_multi_1_4c8112fe.vtp
[worker:ComfyUI-GeometryPack] INFO: Mesh 2: Mesh - 10000 vertices, 16641 faces
[worker:ComfyUI-GeometryPack] INFO: Exporting mesh to VTP: D:\a\comfy-gpu-ci\comfy-gpu-ci\test_workspaces\GeometryPack-1002\portable-comfyui\ComfyUI_windows_portable\ComfyUI\output\preview_multi_2_4c8112fe.vtp
[worker:ComfyUI-GeometryPack] INFO: Adding normals field (10000 vertices)
[worker:ComfyUI-GeometryPack] INFO: Export complete: 10000 vertices, 16641 faces
[worker:ComfyUI-GeometryPack] INFO: Exported VTP: D:\a\comfy-gpu-ci\comfy-gpu-ci\test_workspaces\GeometryPack-1002\portable-comfyui\ComfyUI_windows_portable\ComfyUI\output\preview_multi_2_4c8112fe.vtp
[worker:ComfyUI-GeometryPack] INFO: Mesh 3: Mesh - 5775 vertices, 12162 faces
[worker:ComfyUI-GeometryPack] INFO: Exporting mesh to VTP: D:\a\comfy-gpu-ci\comfy-gpu-ci\test_workspaces\GeometryPack-1002\portable-comfyui\ComfyUI_windows_portable\ComfyUI\output\preview_multi_3_4c8112fe.vtp
[worker:ComfyUI-GeometryPack] INFO: Adding normals field (5775 vertices)
[worker:ComfyUI-GeometryPack] INFO: Export complete: 5775 vertices, 12162 faces
[worker:ComfyUI-GeometryPack] INFO: Exported VTP: D:\a\comfy-gpu-ci\comfy-gpu-ci\test_workspaces\GeometryPack-1002\portable-comfyui\ComfyUI_windows_portable\ComfyUI\output\preview_multi_3_4c8112fe.vtp
[worker:ComfyUI-GeometryPack] INFO: Mesh 4: Mesh - 716 vertices, 1428 faces
[worker:ComfyUI-GeometryPack] INFO: Exporting mesh to VTP: D:\a\comfy-gpu-ci\comfy-gpu-ci\test_workspaces\GeometryPack-1002\portable-comfyui\ComfyUI_windows_portable\ComfyUI\output\preview_multi_4_4c8112fe.vtp
[worker:ComfyUI-GeometryPack] INFO: Adding normals field (716 vertices)
[worker:ComfyUI-GeometryPack] INFO: Export complete: 716 vertices, 1428 faces
[worker:ComfyUI-GeometryPack] INFO: Exported VTP: D:\a\comfy-gpu-ci\comfy-gpu-ci\test_workspaces\GeometryPack-1002\portable-comfyui\ComfyUI_windows_portable\ComfyUI\output\preview_multi_4_4c8112fe.vtp
[worker:ComfyUI-GeometryPack] INFO: Grid: 2x2, Preview ready
[SubprocessWorker] got response: ok
[comfy-env] GeomPackPreviewMeshMulti done (0.97s): result: NodeOutput
Prompt executed in 9.79 seconds
Exception in callback _ProactorBasePipeTransport._call_connection_lost()
handle: <Handle _ProactorBasePipeTransport._call_connection_lost()>
Traceback (most recent call last):
  File "asyncio\events.py", line 89, in _run
  File "asyncio\proactor_events.py", line 165, in _call_connection_lost
ConnectionResetError: [WinError 10054] An existing connection was forcibly closed by the remote host
=== /validate endpoint called ===
Received JSON with keys: ['prompt']
Prompt has 3 nodes
  Node 1: GeomPackLoadMesh
    Inputs: {"file_path": "3d/Stanford_Bunny.stl"}
  Node 3: GeomPackPreviewMeshDual
    Inputs: {"layout": "side_by_side", "mode": "fields", "opacity_1": 1, "opacity_2": 1, "preview_dual": "{\"show_edges\":true,\"camera_state\":\"\",\"selected_field\":\"\",\"selected_channel\":\"magnitude\",\"se
  Node 4: RefineMesh
    Inputs: {"operation": "decimation", "target_face_count": 5000, "decimation_method": "trimesh", "subdivision_iterations": 1, "smoothing_iterations": 5, "lambda_factor": 0.5, "report_panel": "false", "trimesh":
Generated prompt_id: 592c38bd-cb6b-491a-af6b-5e3cc8a98dbc
Calling execution.validate_prompt()...
Validation result: valid=True
=== Validation PASSED ===
got prompt
[comfy-env] Running GeomPackLoadMesh: file_path: '3d/Stanford_Bunny.stl'
[SubprocessWorker] call_method: nodes.io.load_mesh.LoadMesh.EXECUTE_NORMALIZED
[SubprocessWorker] acquired lock, ensuring started...
[ComfyUI-GeometryPack] Health check: ping (timeout=5.0s)...
[ComfyUI-GeometryPack] Health check: ok
[SubprocessWorker] worker started/confirmed
[SubprocessWorker] serializing kwargs to shm...
[SubprocessWorker] created 0 shm blocks
[SubprocessWorker] sending request via socket...
[SubprocessWorker] call_id=100 sending call_method
[worker:ComfyUI-GeometryPack] INFO: Found mesh in input folder: 3d/Stanford_Bunny.stl
[worker:ComfyUI-GeometryPack] INFO: Loading: D:\a\comfy-gpu-ci\comfy-gpu-ci\test_workspaces\GeometryPack-1002\portable-comfyui\ComfyUI_windows_portable\ComfyUI\input\3d/Stanford_Bunny.stl
[worker:ComfyUI-GeometryPack] INFO: Initial mesh: 56203 vertices, 112402 faces
[worker:ComfyUI-GeometryPack] INFO: Successfully loaded: 56203 vertices, 112402 faces
[worker:ComfyUI-GeometryPack] INFO: Loaded: 56203 vertices, 112402 faces
[SubprocessWorker] got response: ok
[comfy-env] GeomPackLoadMesh done (0.32s): result: NodeOutput
[comfy-env] Running RefineMesh: operation: 'decimation', target_face_count: 5000, decimation_method: 'trimesh', subdivision_iterations: 1, smoothing_iterations: 5, lambda_factor: 0.5, trimesh: Trimesh
[SubprocessWorker] call_method: nodes.remeshing.refine.RefineMeshNode.EXECUTE_NORMALIZED
[SubprocessWorker] acquired lock, ensuring started...
[ComfyUI-GeometryPack] Health check: ping (timeout=5.0s)...
[ComfyUI-GeometryPack] Health check: ok
[SubprocessWorker] worker started/confirmed
[SubprocessWorker] serializing kwargs to shm...
[SubprocessWorker] created 1 shm blocks
[SubprocessWorker] sending request via socket...
[SubprocessWorker] call_id=101 sending call_method
[worker:ComfyUI-GeometryPack] INFO: Input: 56203 vertices, 112402 faces
[worker:ComfyUI-GeometryPack] INFO: Operation: decimation
[worker:ComfyUI-GeometryPack] INFO: Output: 2502 vertices (-53701), 5000 faces (-107402)
[SubprocessWorker] got response: ok
[comfy-env] RefineMesh done (0.27s): result: NodeOutput
[comfy-env] Running GeomPackPreviewMeshDual: layout: 'side_by_side', mode: 'fields', opacity_1: 1.0, opacity_2: 1.0, mesh_1: Trimesh, mesh_2: Trimesh
[SubprocessWorker] call_method: nodes.visualization.preview_mesh_dual.PreviewMeshDualNode.EXECUTE_NORMALIZED
[SubprocessWorker] acquired lock, ensuring started...
[ComfyUI-GeometryPack] Health check: ping (timeout=5.0s)...
[ComfyUI-GeometryPack] Health check: ok
[SubprocessWorker] worker started/confirmed
[SubprocessWorker] serializing kwargs to shm...
[SubprocessWorker] created 2 shm blocks
[SubprocessWorker] sending request via socket...
[SubprocessWorker] call_id=102 sending call_method
[worker:ComfyUI-GeometryPack] INFO: Layout: side_by_side, Mode: fields
[worker:ComfyUI-GeometryPack] INFO: Mesh 1: Mesh - 56203 vertices, 112402 faces
[worker:ComfyUI-GeometryPack] INFO: Mesh 2: Mesh - 2502 vertices, 5000 faces
[worker:ComfyUI-GeometryPack] INFO: Mesh 1 fields: ['face.stl']
[worker:ComfyUI-GeometryPack] INFO: Mesh 2 fields: []
[worker:ComfyUI-GeometryPack] INFO: Common fields: []
[worker:ComfyUI-GeometryPack] INFO: Mesh 1 visual: kind=None, texture=False, vertex_colors=False
[worker:ComfyUI-GeometryPack] INFO: Mesh 2 visual: kind=None, texture=False, vertex_colors=False
[worker:ComfyUI-GeometryPack] INFO: Exporting mesh to VTP: D:\a\comfy-gpu-ci\comfy-gpu-ci\test_workspaces\GeometryPack-1002\portable-comfyui\ComfyUI_windows_portable\ComfyUI\output\preview_dual_1_8dc1b85e.vtp
[worker:ComfyUI-GeometryPack] INFO: Adding normals field (56203 vertices)
[worker:ComfyUI-GeometryPack] INFO: Adding face field: stl
[worker:ComfyUI-GeometryPack] INFO: Export complete: 56203 vertices, 112402 faces
[worker:ComfyUI-GeometryPack] INFO: Exported VTP with fields: D:\a\comfy-gpu-ci\comfy-gpu-ci\test_workspaces\GeometryPack-1002\portable-comfyui\ComfyUI_windows_portable\ComfyUI\output\preview_dual_1_8dc1b85e.vtp
[worker:ComfyUI-GeometryPack] INFO: Exported STL: D:\a\comfy-gpu-ci\comfy-gpu-ci\test_workspaces\GeometryPack-1002\portable-comfyui\ComfyUI_windows_portable\ComfyUI\output\preview_dual_2_8dc1b85e.stl
[worker:ComfyUI-GeometryPack] INFO: Preview ready
[SubprocessWorker] got response: ok
[comfy-env] GeomPackPreviewMeshDual done (0.82s): result: NodeOutput
Prompt executed in 1.41 seconds
=== /validate endpoint called ===
Received JSON with keys: ['prompt']
Prompt has 5 nodes
  Node 1: GeomPackLoadMesh
    Inputs: {"file_path": "3d/camelhead.off"}
  Node 5: GeomPackDetectSelfIntersections
    Inputs: {"report_panel": "false", "trimesh": ["1", 0]}
  Node 8: GeomPackDetectSelfIntersections
    Inputs: {"report_panel": "false", "trimesh": ["12", 0]}
  Node 12: GeomPackRemeshSelfIntersections
    Inputs: {"detect_only": false, "remove_unreferenced": true, "extract_outer_hull": false, "stitch_all": true, "report_panel": "false", "mesh": ["1", 0]}
  Node 13: GeomPackPreviewMeshDual
    Inputs: {"layout": "side_by_side", "mode": "fields", "opacity_1": 1, "opacity_2": 1, "preview_dual": "{\"show_edges\":true,\"camera_state\":\"{\\\"position\\\":[-0.09589855044406126,0.14917436072323867,0.1071
Generated prompt_id: 22e8e300-c438-4233-9112-e6c03b0bff45
Calling execution.validate_prompt()...
Validation result: valid=True
=== Validation PASSED ===
got prompt
[comfy-env] Running GeomPackLoadMesh: file_path: '3d/camelhead.off'
[SubprocessWorker] call_method: nodes.io.load_mesh.LoadMesh.EXECUTE_NORMALIZED
[SubprocessWorker] acquired lock, ensuring started...
[ComfyUI-GeometryPack] Health check: ping (timeout=5.0s)...
[ComfyUI-GeometryPack] Health check: ok
[SubprocessWorker] worker started/confirmed
[SubprocessWorker] serializing kwargs to shm...
[SubprocessWorker] created 0 shm blocks
[SubprocessWorker] sending request via socket...
[SubprocessWorker] call_id=103 sending call_method
[worker:ComfyUI-GeometryPack] INFO: Found mesh in input folder: 3d/camelhead.off
[worker:ComfyUI-GeometryPack] INFO: Loading: D:\a\comfy-gpu-ci\comfy-gpu-ci\test_workspaces\GeometryPack-1002\portable-comfyui\ComfyUI_windows_portable\ComfyUI\input\3d/camelhead.off
[worker:ComfyUI-GeometryPack] INFO: Initial mesh: 11381 vertices, 22704 faces
[worker:ComfyUI-GeometryPack] INFO: Successfully loaded: 11381 vertices, 22704 faces
[worker:ComfyUI-GeometryPack] INFO: Loaded: 11381 vertices, 22704 faces
[SubprocessWorker] got response: ok
[comfy-env] GeomPackLoadMesh done (0.17s): result: NodeOutput
[comfy-env] Running GeomPackRemeshSelfIntersections: detect_only: False, remove_unreferenced: True, extract_outer_hull: False, stitch_all: True, mesh: Trimesh
[SubprocessWorker] call_method: nodes.repair_cgal.remesh_intersections.RemeshSelfIntersectionsNode.EXECUTE_NORMALIZED
[SubprocessWorker] acquired lock, ensuring started...
[ComfyUI-GeometryPack] Health check: ping (timeout=5.0s)...
[ComfyUI-GeometryPack] Health check: ok
[SubprocessWorker] worker started/confirmed
[SubprocessWorker] serializing kwargs to shm...
[SubprocessWorker] created 1 shm blocks
[SubprocessWorker] sending request via socket...
[SubprocessWorker] call_id=104 sending call_method
[worker:ComfyUI-GeometryPack] INFO: Processing mesh: 11381 vertices, 22704 faces
[worker:ComfyUI-GeometryPack] INFO: Options: detect_only=False, remove_unreferenced=True, extract_outer_hull=False, stitch_all=True
[worker:ComfyUI-GeometryPack] INFO: Using libigl CGAL method
[worker:ComfyUI-GeometryPack] INFO: Remeshing complete: 11385 vertices, 22720 faces
[worker:ComfyUI-GeometryPack] INFO: Removing unreferenced vertices...
[worker:ComfyUI-GeometryPack] INFO: After cleanup: 11385 vertices, 22720 faces
[SubprocessWorker] got response: ok
[comfy-env] GeomPackRemeshSelfIntersections done (0.30s): result: NodeOutput
[comfy-env] Running GeomPackDetectSelfIntersections: trimesh: Trimesh
[SubprocessWorker] call_method: nodes.repair_cgal.detect_intersections.DetectSelfIntersectionsNode.EXECUTE_NORMALIZED
[SubprocessWorker] acquired lock, ensuring started...
[ComfyUI-GeometryPack] Health check: ping (timeout=5.0s)...
[ComfyUI-GeometryPack] Health check: ok
[SubprocessWorker] worker started/confirmed
[SubprocessWorker] serializing kwargs to shm...
[SubprocessWorker] created 1 shm blocks
[SubprocessWorker] sending request via socket...
[SubprocessWorker] call_id=105 sending call_method
[worker:ComfyUI-GeometryPack] INFO: Analyzing mesh: 11385 vertices, 22720 faces
[worker:ComfyUI-GeometryPack] INFO: Using libigl CGAL method
[worker:ComfyUI-GeometryPack] INFO: No self-intersections detected
[SubprocessWorker] got response: ok
[comfy-env] GeomPackDetectSelfIntersections done (0.15s): result: NodeOutput
[comfy-env] Running GeomPackDetectSelfIntersections: trimesh: Trimesh
[SubprocessWorker] call_method: nodes.repair_cgal.detect_intersections.DetectSelfIntersectionsNode.EXECUTE_NORMALIZED
[SubprocessWorker] acquired lock, ensuring started...
[ComfyUI-GeometryPack] Health check: ping (timeout=5.0s)...
[ComfyUI-GeometryPack] Health check: ok
[SubprocessWorker] worker started/confirmed
[SubprocessWorker] serializing kwargs to shm...
[SubprocessWorker] created 1 shm blocks
[SubprocessWorker] sending request via socket...
[SubprocessWorker] call_id=106 sending call_method
[worker:ComfyUI-GeometryPack] INFO: Analyzing mesh: 11381 vertices, 22704 faces
[worker:ComfyUI-GeometryPack] INFO: Using libigl CGAL method
[worker:ComfyUI-GeometryPack] INFO: Found 6 intersecting faces (5 intersection pairs)
[SubprocessWorker] got response: ok
[comfy-env] GeomPackDetectSelfIntersections done (0.17s): result: NodeOutput
[comfy-env] Running GeomPackPreviewMeshDual: layout: 'side_by_side', mode: 'fields', opacity_1: 1.0, opacity_2: 1.0, mesh_1: Trimesh, mesh_2: Trimesh
[SubprocessWorker] call_method: nodes.visualization.preview_mesh_dual.PreviewMeshDualNode.EXECUTE_NORMALIZED
[SubprocessWorker] acquired lock, ensuring started...
[ComfyUI-GeometryPack] Health check: ping (timeout=5.0s)...
[ComfyUI-GeometryPack] Health check: ok
[SubprocessWorker] worker started/confirmed
[SubprocessWorker] serializing kwargs to shm...
[SubprocessWorker] created 2 shm blocks
[SubprocessWorker] sending request via socket...
[SubprocessWorker] call_id=107 sending call_method
[worker:ComfyUI-GeometryPack] INFO: Layout: side_by_side, Mode: fields
[worker:ComfyUI-GeometryPack] INFO: Mesh 1: Mesh - 11381 vertices, 22704 faces
[worker:ComfyUI-GeometryPack] INFO: Mesh 2: Mesh - 11385 vertices, 22720 faces
[worker:ComfyUI-GeometryPack] INFO: Mesh 1 fields: ['intersection_flag', 'intersection_count', 'face.self_intersecting']
[worker:ComfyUI-GeometryPack] INFO: Mesh 2 fields: ['intersection_flag', 'intersection_count', 'face.self_intersecting']
[worker:ComfyUI-GeometryPack] INFO: Common fields: ['intersection_flag', 'intersection_count', 'face.self_intersecting']
[worker:ComfyUI-GeometryPack] INFO: Mesh 1 visual: kind=None, texture=False, vertex_colors=False
[worker:ComfyUI-GeometryPack] INFO: Mesh 2 visual: kind=None, texture=False, vertex_colors=False
[worker:ComfyUI-GeometryPack] INFO: Exporting mesh to VTP: D:\a\comfy-gpu-ci\comfy-gpu-ci\test_workspaces\GeometryPack-1002\portable-comfyui\ComfyUI_windows_portable\ComfyUI\output\preview_dual_1_fed2b452.vtp
[worker:ComfyUI-GeometryPack] INFO: Adding normals field (11381 vertices)
[worker:ComfyUI-GeometryPack] INFO: Adding scalar field: intersection_flag (components: 1)
[worker:ComfyUI-GeometryPack] INFO: Adding scalar field: intersection_count (components: 1)
[worker:ComfyUI-GeometryPack] INFO: Adding face field: self_intersecting
[worker:ComfyUI-GeometryPack] INFO: Export complete: 11381 vertices, 22704 faces
[worker:ComfyUI-GeometryPack] INFO: Exported VTP with fields: D:\a\comfy-gpu-ci\comfy-gpu-ci\test_workspaces\GeometryPack-1002\portable-comfyui\ComfyUI_windows_portable\ComfyUI\output\preview_dual_1_fed2b452.vtp
[worker:ComfyUI-GeometryPack] INFO: Exporting mesh to VTP: D:\a\comfy-gpu-ci\comfy-gpu-ci\test_workspaces\GeometryPack-1002\portable-comfyui\ComfyUI_windows_portable\ComfyUI\output\preview_dual_2_fed2b452.vtp
[worker:ComfyUI-GeometryPack] INFO: Adding normals field (11385 vertices)
[worker:ComfyUI-GeometryPack] INFO: Adding scalar field: intersection_flag (components: 1)
[worker:ComfyUI-GeometryPack] INFO: Adding scalar field: intersection_count (components: 1)
[worker:ComfyUI-GeometryPack] INFO: Adding face field: self_intersecting
[worker:ComfyUI-GeometryPack] INFO: Export complete: 11385 vertices, 22720 faces
[worker:ComfyUI-GeometryPack] INFO: Exported VTP with fields: D:\a\comfy-gpu-ci\comfy-gpu-ci\test_workspaces\GeometryPack-1002\portable-comfyui\ComfyUI_windows_portable\ComfyUI\output\preview_dual_2_fed2b452.vtp
[worker:ComfyUI-GeometryPack] INFO: Preview ready
[SubprocessWorker] got response: ok
[comfy-env] GeomPackPreviewMeshDual done (0.45s): result: NodeOutput
Prompt executed in 1.25 seconds
=== /validate endpoint called ===
Received JSON with keys: ['prompt']
Prompt has 3 nodes
  Node 1: GeomPackLoadMesh
    Inputs: {"file_path": "3d/Stanford_Bunny.stl"}
  Node 25: GeomPackPreviewMeshDual
    Inputs: {"layout": "side_by_side", "mode": "fields", "opacity_1": 1, "opacity_2": 1, "preview_dual": "{\"show_edges\":true,\"camera_state\":\"{\\\"position\\\":[25.772299630393015,-184.35090618167206,132.3708
  Node 27: GeomPackRemesh
    Inputs: {"backend": "quadwild", "backend.qw_sharp_angle": 35, "backend.qw_alpha": 0.02, "backend.qw_scale_factor": 1, "backend.qw_remesh": "true", "backend.qw_smooth": "true", "report_panel": "false", "trimes
Generated prompt_id: aee8df8e-33a7-4ff7-b9fa-e1f6f9daa7c6
Calling execution.validate_prompt()...
Validation result: valid=True
=== Validation PASSED ===
got prompt
[comfy-env] Running GeomPackLoadMesh: file_path: '3d/Stanford_Bunny.stl'
[SubprocessWorker] call_method: nodes.io.load_mesh.LoadMesh.EXECUTE_NORMALIZED
[SubprocessWorker] acquired lock, ensuring started...
[ComfyUI-GeometryPack] Health check: ping (timeout=5.0s)...
[ComfyUI-GeometryPack] Health check: ok
[SubprocessWorker] worker started/confirmed
[SubprocessWorker] serializing kwargs to shm...
[SubprocessWorker] created 0 shm blocks
[SubprocessWorker] sending request via socket...
[SubprocessWorker] call_id=108 sending call_method
[worker:ComfyUI-GeometryPack] INFO: Found mesh in input folder: 3d/Stanford_Bunny.stl
[worker:ComfyUI-GeometryPack] INFO: Loading: D:\a\comfy-gpu-ci\comfy-gpu-ci\test_workspaces\GeometryPack-1002\portable-comfyui\ComfyUI_windows_portable\ComfyUI\input\3d/Stanford_Bunny.stl
[worker:ComfyUI-GeometryPack] INFO: Initial mesh: 56203 vertices, 112402 faces
[worker:ComfyUI-GeometryPack] INFO: Successfully loaded: 56203 vertices, 112402 faces
[worker:ComfyUI-GeometryPack] INFO: Loaded: 56203 vertices, 112402 faces
[SubprocessWorker] got response: ok
[comfy-env] GeomPackLoadMesh done (0.33s): result: NodeOutput
[comfy-env] Running GeomPackRemesh: backend: dict, trimesh: Trimesh
[SubprocessWorker] call_method: nodes.remeshing.remesh.RemeshNode.EXECUTE_NORMALIZED
[SubprocessWorker] acquired lock, ensuring started...
[ComfyUI-GeometryPack] Health check: ping (timeout=5.0s)...
[ComfyUI-GeometryPack] Health check: ok
[SubprocessWorker] worker started/confirmed
[SubprocessWorker] serializing kwargs to shm...
[SubprocessWorker] created 1 shm blocks
[SubprocessWorker] sending request via socket...
[SubprocessWorker] call_id=109 sending call_method
[worker:ComfyUI-GeometryPack] INFO: Remesh dispatch: quadwild -> GeomPackRemesh_QuadWild
[SubprocessWorker] got response: ok
[comfy-env] GeomPackRemesh done (0.10s): result: NodeOutput
[comfy-env] Running GeomPackRemesh_QuadWild: trimesh: Trimesh, qw_sharp_angle: 35.0, qw_alpha: 0.02, qw_scale_factor: 1.0, qw_remesh: 'true', qw_smooth: 'true'
[SubprocessWorker] call_method: nodes.remeshing.backends.quadwild.RemeshQuadWildNode.EXECUTE_NORMALIZED
[SubprocessWorker] acquired lock, ensuring started...
[ComfyUI-GeometryPack] Health check: ping (timeout=5.0s)...
[ComfyUI-GeometryPack] Health check: ok
[SubprocessWorker] worker started/confirmed
[SubprocessWorker] serializing kwargs to shm...
[SubprocessWorker] created 1 shm blocks
[SubprocessWorker] sending request via socket...
[SubprocessWorker] call_id=110 sending call_method
[worker:ComfyUI-GeometryPack] INFO: Backend: quadwild
[worker:ComfyUI-GeometryPack] INFO: Input: 56203 vertices, 112402 faces
[worker:ComfyUI-GeometryPack] INFO: Parameters: sharp_angle=35.0, alpha=0.02, scale=1.0, remesh=true, smooth=true
Initital dimension: 33306 x 33306, number of constraints: 0, number of integer variables: 20058, use reordering: yes
COMISO::ConstrainedSolver::make_constraints_independent took 0.00071250000000000003 s.
Constraint integration took 0.0001381 s.
Constraint elimination took 0.0057954 s.
Reindexing took 0.00026729999999999999 s.
COMISO::ConstrainedSolver::eliminate_constraints took 0.0064932999999999996 s.
Eliminated dimension: 33306 x 33306
#nonzeros: 152166
integer variables #: 20058
continuous variables #: 13248
initial full solution
COMISO::EigenLDLTSolver::calc_system_eigen took 0.022906900000000001 s.
final full solution
COMISO::EigenLDLTSolver::update_system_eigen took 0.0063127000000000001 s.
 *** Statistics of MiSo Solver ***
Number of LOCAL iterations  = 3043
Number of CG    iterations  = 0
Number of FULL  iterations  = 2
Number of ROUNDING          = 20058
COMISO::MISolver::solve_multiple_rounding took 0.75014670000000006 s.
COMISO::MISolver::solve took 0.75040609999999996 s.
COMISO::ConstrainedSolver::restore_eliminated_vars took 0.0001661 s.
COMISO::ConstrainedSolver::solve took 0.75950759999999995 s.
performed 202 adjustments for even rhs
performed 184 adjustments for even rhs
[worker:ComfyUI-GeometryPack] INFO: Output: 6906 vertices, 13804 faces
[worker:ComfyUI-GeometryPack] 
=== WATCHDOG TICK 4 ===
[worker:ComfyUI-GeometryPack] Current thread 0x000022ac (most recent call first):
  File "C:\Users\stduser\AppData\Local\Temp\comfyui_pvenv_hyjqyn9e\persistent_worker.py", line 52 in _watchdog
  File "C:\Users\stduser\AppData\Local\Programs\comfy-env\.pixi\envs\geometrypack-nodes\Lib\threading.py", line 995 in run
  File "C:\Users\stduser\AppData\Local\Programs\comfy-env\.pixi\envs\geometrypack-nodes\Lib\threading.py", line 1044 in _bootstrap_inner
  File "C:\Users\stduser\AppData\Local\Programs\comfy-env\.pixi\envs\geometrypack-nodes\Lib\threading.py", line 1015 in _bootstrap

Thread 0x000025b0 (most recent call first):
  File "C:\Users\stduser\AppData\Local\Programs\comfy-env\.pixi\envs\geometrypack-nodes\Lib\site-packages\numpy\_core\shape_base.py", line 290 in vstack
  File "C:\Users\stduser\AppData\Local\Programs\comfy-env\.pixi\envs\geometrypack-nodes\Lib\site-packages\trimesh\geometry.py", line 185 in triangulate_quads
  File "C:\Users\stduser\AppData\Local\Programs\comfy-env\.pixi\envs\geometrypack-nodes\Lib\site-packages\trimesh\base.py", line 379 in faces
  File "C:\Users\stduser\AppData\Local\Programs\comfy-env\.pixi\envs\geometrypack-nodes\Lib\site-packages\trimesh\base.py", line 192 in __init__
  File "D:\a\comfy-gpu-ci\comfy-gpu-ci\test_workspaces\GeometryPack-1002\portable-comfyui\ComfyUI_windows_portable\ComfyUI\custom_nodes\ComfyUI-GeometryPack\nodes\remeshing\backends\quadwild.py", line 61 in execute
  File "D:\a\comfy-gpu-ci\comfy-gpu-ci\test_workspaces\GeometryPack-1002\portable-comfyui\ComfyUI_windows_portable\ComfyUI\comfy_api\latest\_io.py", line 1833 in EXECUTE_NORMALIZED
  File "C:\Users\stduser\AppData\Local\Temp\comfyui_pvenv_hyjqyn9e\persistent_worker.py", line 1762 in main
  File "C:\Users\stduser\AppData\Local\Temp\comfyui_pvenv_hyjqyn9e\persistent_worker.py", line 1807 in <module>

[worker:ComfyUI-GeometryPack] === END ===

[SubprocessWorker] got response: ok
[comfy-env] GeomPackRemesh_QuadWild done (42.73s): result: NodeOutput
[comfy-env] Running GeomPackPreviewMeshDual: layout: 'side_by_side', mode: 'fields', opacity_1: 1.0, opacity_2: 1.0, mesh_1: Trimesh, mesh_2: Trimesh
[SubprocessWorker] call_method: nodes.visualization.preview_mesh_dual.PreviewMeshDualNode.EXECUTE_NORMALIZED
[SubprocessWorker] acquired lock, ensuring started...
[ComfyUI-GeometryPack] Health check: ping (timeout=5.0s)...
[ComfyUI-GeometryPack] Health check: ok
[SubprocessWorker] worker started/confirmed
[SubprocessWorker] serializing kwargs to shm...
[SubprocessWorker] created 2 shm blocks
[SubprocessWorker] sending request via socket...
[SubprocessWorker] call_id=111 sending call_method
[worker:ComfyUI-GeometryPack] INFO: Layout: side_by_side, Mode: fields
[worker:ComfyUI-GeometryPack] INFO: Mesh 1: Mesh - 56203 vertices, 112402 faces
[worker:ComfyUI-GeometryPack] INFO: Mesh 2: Mesh - 6906 vertices, 13804 faces
[worker:ComfyUI-GeometryPack] INFO: Mesh 1 fields: ['face.stl']
[worker:ComfyUI-GeometryPack] INFO: Mesh 2 fields: []
[worker:ComfyUI-GeometryPack] INFO: Common fields: []
[worker:ComfyUI-GeometryPack] INFO: Mesh 1 visual: kind=None, texture=False, vertex_colors=False
[worker:ComfyUI-GeometryPack] INFO: Mesh 2 visual: kind=None, texture=False, vertex_colors=False
[worker:ComfyUI-GeometryPack] INFO: Exporting mesh to VTP: D:\a\comfy-gpu-ci\comfy-gpu-ci\test_workspaces\GeometryPack-1002\portable-comfyui\ComfyUI_windows_portable\ComfyUI\output\preview_dual_1_374d3a61.vtp
[worker:ComfyUI-GeometryPack] INFO: Adding normals field (56203 vertices)
[worker:ComfyUI-GeometryPack] INFO: Adding face field: stl
[worker:ComfyUI-GeometryPack] INFO: Export complete: 56203 vertices, 112402 faces
[worker:ComfyUI-GeometryPack] INFO: Exported VTP with fields: D:\a\comfy-gpu-ci\comfy-gpu-ci\test_workspaces\GeometryPack-1002\portable-comfyui\ComfyUI_windows_portable\ComfyUI\output\preview_dual_1_374d3a61.vtp
[worker:ComfyUI-GeometryPack] INFO: Exported STL: D:\a\comfy-gpu-ci\comfy-gpu-ci\test_workspaces\GeometryPack-1002\portable-comfyui\ComfyUI_windows_portable\ComfyUI\output\preview_dual_2_374d3a61.stl
[worker:ComfyUI-GeometryPack] INFO: Preview ready
[SubprocessWorker] got response: ok
[comfy-env] GeomPackPreviewMeshDual done (0.81s): result: NodeOutput
Prompt executed in 43.97 seconds
=== /validate endpoint called ===
Received JSON with keys: ['prompt']
Prompt has 4 nodes
  Node 4: GeomPackLoadMesh
    Inputs: {"file_path": "3d/noisy/Fandisk0.3/Noisy.obj"}
  Node 6: GeomPackLoadMesh
    Inputs: {"file_path": "3d/noisy/Fandisk0.3/Original.obj"}
  Node 7: GeomPackSharpenMesh
    Inputs: {"backend": "two_step", "backend.smooth_steps": 2, "backend.normal_threshold": 60, "trimesh": ["4", 0]}
  Node 8: GeomPackPreviewMeshMulti
    Inputs: {"mode": "fields", "preview_multi": "{\"show_edges\":true,\"camera_state\":\"{\\\"position\\\":[11.988365833801835,17.82450062324679,9.744545997398912],\\\"focalPoint\\\":[2.4225937947630882,15.191427
Generated prompt_id: e49bd360-1e97-4d54-8553-8a3a830d3652
Calling execution.validate_prompt()...
Validation result: valid=True
=== Validation PASSED ===
got prompt
[comfy-env] Running GeomPackLoadMesh: file_path: '3d/noisy/Fandisk0.3/Noisy.obj'
[SubprocessWorker] call_method: nodes.io.load_mesh.LoadMesh.EXECUTE_NORMALIZED
[SubprocessWorker] acquired lock, ensuring started...
[ComfyUI-GeometryPack] Health check: ping (timeout=5.0s)...
[ComfyUI-GeometryPack] Health check: ok
[SubprocessWorker] worker started/confirmed
[SubprocessWorker] serializing kwargs to shm...
[SubprocessWorker] created 0 shm blocks
[SubprocessWorker] sending request via socket...
[SubprocessWorker] call_id=112 sending call_method
[worker:ComfyUI-GeometryPack] INFO: Found mesh in input folder: 3d/noisy/Fandisk0.3/Noisy.obj
[worker:ComfyUI-GeometryPack] INFO: Loading: D:\a\comfy-gpu-ci\comfy-gpu-ci\test_workspaces\GeometryPack-1002\portable-comfyui\ComfyUI_windows_portable\ComfyUI\input\3d/noisy/Fandisk0.3/Noisy.obj
[worker:ComfyUI-GeometryPack] INFO: Initial mesh: 6475 vertices, 12946 faces
[worker:ComfyUI-GeometryPack] INFO: Successfully loaded: 6475 vertices, 12946 faces
[worker:ComfyUI-GeometryPack] INFO: Loaded: 6475 vertices, 12946 faces
[SubprocessWorker] got response: ok
[comfy-env] GeomPackLoadMesh done (0.13s): result: NodeOutput
[comfy-env] Running GeomPackSharpenMesh: backend: dict, trimesh: Trimesh
[SubprocessWorker] call_method: nodes.smoothing.sharpen.SharpenMeshNode.EXECUTE_NORMALIZED
[SubprocessWorker] acquired lock, ensuring started...
[ComfyUI-GeometryPack] Health check: ping (timeout=5.0s)...
[ComfyUI-GeometryPack] Health check: ok
[SubprocessWorker] worker started/confirmed
[SubprocessWorker] serializing kwargs to shm...
[SubprocessWorker] created 1 shm blocks
[SubprocessWorker] sending request via socket...
[SubprocessWorker] call_id=113 sending call_method
[worker:ComfyUI-GeometryPack] INFO: Sharpen dispatch: two_step -> GeomPackSharpen_TwoStep
[SubprocessWorker] got response: ok
[comfy-env] GeomPackSharpenMesh done (0.08s): result: NodeOutput
[comfy-env] Running GeomPackSharpen_TwoStep: trimesh: Trimesh, smooth_steps: 2, normal_threshold: 60.0
[SubprocessWorker] call_method: nodes.smoothing.sharpen_backends.two_step.SharpenTwoStepNode.EXECUTE_NORMALIZED
[SubprocessWorker] acquired lock, ensuring started...
[ComfyUI-GeometryPack] Health check: ping (timeout=5.0s)...
[ComfyUI-GeometryPack] Health check: ok
[SubprocessWorker] worker started/confirmed
[SubprocessWorker] serializing kwargs to shm...
[SubprocessWorker] created 1 shm blocks
[SubprocessWorker] sending request via socket...
[SubprocessWorker] call_id=114 sending call_method
[worker:ComfyUI-GeometryPack] INFO: Backend: two_step
[worker:ComfyUI-GeometryPack] INFO: Input: 6475 vertices, 12946 faces
[worker:ComfyUI-GeometryPack] INFO: Parameters: smooth_steps=2, normal_threshold=60.0
[worker:ComfyUI-GeometryPack] INFO: Output: 6475 vertices, 12946 faces
[worker:ComfyUI-GeometryPack] INFO: Avg vertex displacement: 0.050268, max: 0.269867
[SubprocessWorker] got response: ok
[comfy-env] GeomPackSharpen_TwoStep done (0.18s): result: NodeOutput
[comfy-env] Running GeomPackLoadMesh: file_path: '3d/noisy/Fandisk0.3/Original.obj'
[SubprocessWorker] call_method: nodes.io.load_mesh.LoadMesh.EXECUTE_NORMALIZED
[SubprocessWorker] acquired lock, ensuring started...
[ComfyUI-GeometryPack] Health check: ping (timeout=5.0s)...
[ComfyUI-GeometryPack] Health check: ok
[SubprocessWorker] worker started/confirmed
[SubprocessWorker] serializing kwargs to shm...
[SubprocessWorker] created 0 shm blocks
[SubprocessWorker] sending request via socket...
[SubprocessWorker] call_id=115 sending call_method
[worker:ComfyUI-GeometryPack] INFO: Found mesh in input folder: 3d/noisy/Fandisk0.3/Original.obj
[worker:ComfyUI-GeometryPack] INFO: Loading: D:\a\comfy-gpu-ci\comfy-gpu-ci\test_workspaces\GeometryPack-1002\portable-comfyui\ComfyUI_windows_portable\ComfyUI\input\3d/noisy/Fandisk0.3/Original.obj
[worker:ComfyUI-GeometryPack] INFO: Initial mesh: 6475 vertices, 12946 faces
[worker:ComfyUI-GeometryPack] INFO: Successfully loaded: 6475 vertices, 12946 faces
[worker:ComfyUI-GeometryPack] INFO: Loaded: 6475 vertices, 12946 faces
[SubprocessWorker] got response: ok
[comfy-env] GeomPackLoadMesh done (0.18s): result: NodeOutput
[comfy-env] Running GeomPackPreviewMeshMulti: mode: 'fields', mesh_1: Trimesh, mesh_2: Trimesh, mesh_3: Trimesh
[SubprocessWorker] call_method: nodes.visualization.preview_mesh_multi.PreviewMeshMultiNode.EXECUTE_NORMALIZED
[SubprocessWorker] acquired lock, ensuring started...
[ComfyUI-GeometryPack] Health check: ping (timeout=5.0s)...
[ComfyUI-GeometryPack] Health check: ok
[SubprocessWorker] worker started/confirmed
[SubprocessWorker] serializing kwargs to shm...
[SubprocessWorker] created 3 shm blocks
[SubprocessWorker] sending request via socket...
[SubprocessWorker] call_id=116 sending call_method
[worker:ComfyUI-GeometryPack] INFO: Mode: fields, Meshes: 3
[worker:ComfyUI-GeometryPack] INFO: Mesh 1: Mesh - 6475 vertices, 12946 faces
[worker:ComfyUI-GeometryPack] INFO: Exporting mesh to VTP: D:\a\comfy-gpu-ci\comfy-gpu-ci\test_workspaces\GeometryPack-1002\portable-comfyui\ComfyUI_windows_portable\ComfyUI\output\preview_multi_1_f493c5b5.vtp
[worker:ComfyUI-GeometryPack] INFO: Adding normals field (6475 vertices)
[worker:ComfyUI-GeometryPack] INFO: Export complete: 6475 vertices, 12946 faces
[worker:ComfyUI-GeometryPack] INFO: Exported VTP: D:\a\comfy-gpu-ci\comfy-gpu-ci\test_workspaces\GeometryPack-1002\portable-comfyui\ComfyUI_windows_portable\ComfyUI\output\preview_multi_1_f493c5b5.vtp
[worker:ComfyUI-GeometryPack] INFO: Mesh 2: Mesh - 6475 vertices, 12946 faces
[worker:ComfyUI-GeometryPack] INFO: Exporting mesh to VTP: D:\a\comfy-gpu-ci\comfy-gpu-ci\test_workspaces\GeometryPack-1002\portable-comfyui\ComfyUI_windows_portable\ComfyUI\output\preview_multi_2_f493c5b5.vtp
[worker:ComfyUI-GeometryPack] INFO: Adding normals field (6475 vertices)
[worker:ComfyUI-GeometryPack] INFO: Export complete: 6475 vertices, 12946 faces
[worker:ComfyUI-GeometryPack] INFO: Exported VTP: D:\a\comfy-gpu-ci\comfy-gpu-ci\test_workspaces\GeometryPack-1002\portable-comfyui\ComfyUI_windows_portable\ComfyUI\output\preview_multi_2_f493c5b5.vtp
[worker:ComfyUI-GeometryPack] INFO: Mesh 3: Mesh - 6475 vertices, 12946 faces
[worker:ComfyUI-GeometryPack] INFO: Exporting mesh to VTP: D:\a\comfy-gpu-ci\comfy-gpu-ci\test_workspaces\GeometryPack-1002\portable-comfyui\ComfyUI_windows_portable\ComfyUI\output\preview_multi_3_f493c5b5.vtp
[worker:ComfyUI-GeometryPack] INFO: Adding normals field (6475 vertices)
[worker:ComfyUI-GeometryPack] INFO: Export complete: 6475 vertices, 12946 faces
[worker:ComfyUI-GeometryPack] INFO: Exported VTP: D:\a\comfy-gpu-ci\comfy-gpu-ci\test_workspaces\GeometryPack-1002\portable-comfyui\ComfyUI_windows_portable\ComfyUI\output\preview_multi_3_f493c5b5.vtp
[worker:ComfyUI-GeometryPack] INFO: Grid: 3x1, Preview ready
[SubprocessWorker] got response: ok
[comfy-env] GeomPackPreviewMeshMulti done (0.45s): result: NodeOutput
Prompt executed in 1.02 seconds
=== /validate endpoint called ===
Received JSON with keys: ['prompt']
Prompt has 10 nodes
  Node 1: GeomPackLoadMesh
    Inputs: {"file_path": "3d/noisy/Fandisk0.3/Noisy.obj"}
  Node 2: GeomPackSharpenMesh
    Inputs: {"backend": "two_step", "backend.smooth_steps": 3, "backend.normal_threshold": 60, "trimesh": ["1", 0]}
  Node 4: GeomPackSharpenMesh
    Inputs: {"backend": "libigl_unsharp", "backend.weight": 0.5, "backend.iterations": 3, "trimesh": ["1", 0]}
  Node 5: GeomPackSharpenMesh
    Inputs: {"backend": "l0_minimize", "backend.alpha": 0.001, "backend.beta": 2, "backend.iterations": 10, "trimesh": ["1", 0]}
  Node 6: GeomPackSharpenMesh
    Inputs: {"backend": "guided_normal", "backend.normal_iterations": 5, "backend.vertex_iterations": 10, "backend.sigma_s": 1, "backend.sigma_r": 0.35, "trimesh": ["1", 0]}
  Node 8: GeomPackSharpenMesh
    Inputs: {"backend": "fast_effective", "backend.threshold_T": 0.2, "backend.normal_iterations": 10, "backend.vertex_iterations": 20, "trimesh": ["1", 0]}
  Node 9: GeomPackSharpenMesh
    Inputs: {"backend": "non_iterative", "backend.sigma_f": 1, "backend.sigma_g": 1, "trimesh": ["1", 0]}
  Node 10: GeomPackPreviewMeshMulti
    Inputs: {"mode": "fields", "preview_multi": "{\"show_edges\":true,\"camera_state\":\"{\\\"position\\\":[-5.961122528109332,15.888697444123462,3.5443586005740766],\\\"focalPoint\\\":[2.429478704929352,15.20779
  Node 11: GeomPackPreviewMeshMulti
    Inputs: {"mode": "fields", "preview_multi": "{\"show_edges\":true,\"camera_state\":\"{\\\"position\\\":[-5.961122528109332,15.888697444123462,3.5443586005740766],\\\"focalPoint\\\":[2.429478704929352,15.20779
  Node 15: GeomPackSharpenMesh
    Inputs: {"backend": "unsharp_mask", "backend.weight": 0.3, "backend.iterations": 5, "trimesh": ["1", 0]}
Generated prompt_id: 42d54ed0-7ff2-4eda-b443-1e00ee9d601c
Calling execution.validate_prompt()...
Validation result: valid=True
=== Validation PASSED ===
got prompt
[comfy-env] Running GeomPackLoadMesh: file_path: '3d/noisy/Fandisk0.3/Noisy.obj'
[SubprocessWorker] call_method: nodes.io.load_mesh.LoadMesh.EXECUTE_NORMALIZED
[SubprocessWorker] acquired lock, ensuring started...
[ComfyUI-GeometryPack] Health check: ping (timeout=5.0s)...
[ComfyUI-GeometryPack] Health check: ok
[SubprocessWorker] worker started/confirmed
[SubprocessWorker] serializing kwargs to shm...
[SubprocessWorker] created 0 shm blocks
[SubprocessWorker] sending request via socket...
[SubprocessWorker] call_id=117 sending call_method
[worker:ComfyUI-GeometryPack] INFO: Found mesh in input folder: 3d/noisy/Fandisk0.3/Noisy.obj
[worker:ComfyUI-GeometryPack] INFO: Loading: D:\a\comfy-gpu-ci\comfy-gpu-ci\test_workspaces\GeometryPack-1002\portable-comfyui\ComfyUI_windows_portable\ComfyUI\input\3d/noisy/Fandisk0.3/Noisy.obj
[worker:ComfyUI-GeometryPack] INFO: Initial mesh: 6475 vertices, 12946 faces
[worker:ComfyUI-GeometryPack] INFO: Successfully loaded: 6475 vertices, 12946 faces
[worker:ComfyUI-GeometryPack] INFO: Loaded: 6475 vertices, 12946 faces
[SubprocessWorker] got response: ok
[comfy-env] GeomPackLoadMesh done (0.13s): result: NodeOutput
[comfy-env] Running GeomPackSharpenMesh: backend: dict, trimesh: Trimesh
[SubprocessWorker] call_method: nodes.smoothing.sharpen.SharpenMeshNode.EXECUTE_NORMALIZED
[SubprocessWorker] acquired lock, ensuring started...
[ComfyUI-GeometryPack] Health check: ping (timeout=5.0s)...
[ComfyUI-GeometryPack] Health check: ok
[SubprocessWorker] worker started/confirmed
[SubprocessWorker] serializing kwargs to shm...
[SubprocessWorker] created 1 shm blocks
[SubprocessWorker] sending request via socket...
[SubprocessWorker] call_id=118 sending call_method
[worker:ComfyUI-GeometryPack] INFO: Sharpen dispatch: fast_effective -> GeomPackSharpen_FastEffective
[SubprocessWorker] got response: ok
[comfy-env] GeomPackSharpenMesh done (0.07s): result: NodeOutput
[comfy-env] Running GeomPackSharpenMesh: backend: dict, trimesh: Trimesh
[SubprocessWorker] call_method: nodes.smoothing.sharpen.SharpenMeshNode.EXECUTE_NORMALIZED
[SubprocessWorker] acquired lock, ensuring started...
[ComfyUI-GeometryPack] Health check: ping (timeout=5.0s)...
[ComfyUI-GeometryPack] Health check: ok
[SubprocessWorker] worker started/confirmed
[SubprocessWorker] serializing kwargs to shm...
[SubprocessWorker] created 1 shm blocks
[SubprocessWorker] sending request via socket...
[SubprocessWorker] call_id=119 sending call_method
[worker:ComfyUI-GeometryPack] INFO: Sharpen dispatch: l0_minimize -> GeomPackSharpen_L0Minimize
[SubprocessWorker] got response: ok
[comfy-env] GeomPackSharpenMesh done (0.07s): result: NodeOutput
[comfy-env] Running GeomPackSharpenMesh: backend: dict, trimesh: Trimesh
[SubprocessWorker] call_method: nodes.smoothing.sharpen.SharpenMeshNode.EXECUTE_NORMALIZED
[SubprocessWorker] acquired lock, ensuring started...
[ComfyUI-GeometryPack] Health check: ping (timeout=5.0s)...
[ComfyUI-GeometryPack] Health check: ok
[SubprocessWorker] worker started/confirmed
[SubprocessWorker] serializing kwargs to shm...
[SubprocessWorker] created 1 shm blocks
[SubprocessWorker] sending request via socket...
[SubprocessWorker] call_id=120 sending call_method
[worker:ComfyUI-GeometryPack] INFO: Sharpen dispatch: libigl_unsharp -> GeomPackSharpen_LibiglUnsharp
[SubprocessWorker] got response: ok
[comfy-env] GeomPackSharpenMesh done (0.07s): result: NodeOutput
[comfy-env] Running GeomPackSharpenMesh: backend: dict, trimesh: Trimesh
[SubprocessWorker] call_method: nodes.smoothing.sharpen.SharpenMeshNode.EXECUTE_NORMALIZED
[SubprocessWorker] acquired lock, ensuring started...
[ComfyUI-GeometryPack] Health check: ping (timeout=5.0s)...
[ComfyUI-GeometryPack] Health check: ok
[SubprocessWorker] worker started/confirmed
[SubprocessWorker] serializing kwargs to shm...
[SubprocessWorker] created 1 shm blocks
[SubprocessWorker] sending request via socket...
[SubprocessWorker] call_id=121 sending call_method
[worker:ComfyUI-GeometryPack] INFO: Sharpen dispatch: non_iterative -> GeomPackSharpen_NonIterative
[SubprocessWorker] got response: ok
[comfy-env] GeomPackSharpenMesh done (0.06s): result: NodeOutput
[comfy-env] Running GeomPackSharpenMesh: backend: dict, trimesh: Trimesh
[SubprocessWorker] call_method: nodes.smoothing.sharpen.SharpenMeshNode.EXECUTE_NORMALIZED
[SubprocessWorker] acquired lock, ensuring started...
[ComfyUI-GeometryPack] Health check: ping (timeout=5.0s)...
[ComfyUI-GeometryPack] Health check: ok
[SubprocessWorker] worker started/confirmed
[SubprocessWorker] serializing kwargs to shm...
[SubprocessWorker] created 1 shm blocks
[SubprocessWorker] sending request via socket...
[SubprocessWorker] call_id=122 sending call_method
[worker:ComfyUI-GeometryPack] INFO: Sharpen dispatch: guided_normal -> GeomPackSharpen_GuidedNormal
[SubprocessWorker] got response: ok
[comfy-env] GeomPackSharpenMesh done (0.07s): result: NodeOutput
[comfy-env] Running GeomPackSharpenMesh: backend: dict, trimesh: Trimesh
[SubprocessWorker] call_method: nodes.smoothing.sharpen.SharpenMeshNode.EXECUTE_NORMALIZED
[SubprocessWorker] acquired lock, ensuring started...
[ComfyUI-GeometryPack] Health check: ping (timeout=5.0s)...
[ComfyUI-GeometryPack] Health check: ok
[SubprocessWorker] worker started/confirmed
[SubprocessWorker] serializing kwargs to shm...
[SubprocessWorker] created 1 shm blocks
[SubprocessWorker] sending request via socket...
[SubprocessWorker] call_id=123 sending call_method
[worker:ComfyUI-GeometryPack] INFO: Sharpen dispatch: unsharp_mask -> GeomPackSharpen_UnsharpMask
[SubprocessWorker] got response: ok
[comfy-env] GeomPackSharpenMesh done (0.07s): result: NodeOutput
[comfy-env] Running GeomPackSharpenMesh: backend: dict, trimesh: Trimesh
[SubprocessWorker] call_method: nodes.smoothing.sharpen.SharpenMeshNode.EXECUTE_NORMALIZED
[SubprocessWorker] acquired lock, ensuring started...
[ComfyUI-GeometryPack] Health check: ping (timeout=5.0s)...
[ComfyUI-GeometryPack] Health check: ok
[SubprocessWorker] worker started/confirmed
[SubprocessWorker] serializing kwargs to shm...
[SubprocessWorker] created 1 shm blocks
[SubprocessWorker] sending request via socket...
[SubprocessWorker] call_id=124 sending call_method
[worker:ComfyUI-GeometryPack] INFO: Sharpen dispatch: two_step -> GeomPackSharpen_TwoStep
[SubprocessWorker] got response: ok
[comfy-env] GeomPackSharpenMesh done (0.07s): result: NodeOutput
[comfy-env] Running GeomPackSharpen_FastEffective: trimesh: Trimesh, threshold_T: 0.2, normal_iterations: 10, vertex_iterations: 20
[SubprocessWorker] call_method: nodes.smoothing.sharpen_backends.fast_effective.SharpenFastEffectiveNode.EXECUTE_NORMALIZED
[SubprocessWorker] acquired lock, ensuring started...
[ComfyUI-GeometryPack] Health check: ping (timeout=5.0s)...
[ComfyUI-GeometryPack] Health check: ok
[SubprocessWorker] worker started/confirmed
[SubprocessWorker] serializing kwargs to shm...
[SubprocessWorker] created 1 shm blocks
[SubprocessWorker] sending request via socket...
[SubprocessWorker] call_id=125 sending call_method
[worker:ComfyUI-GeometryPack] INFO: Backend: fast_effective
[worker:ComfyUI-GeometryPack] INFO: Input: 6475 vertices, 12946 faces
[worker:ComfyUI-GeometryPack] INFO: Parameters: threshold_T=0.200, normal_iter=10, vertex_iter=20
[worker:ComfyUI-GeometryPack] INFO: Output: 6475 vertices, 12946 faces
[worker:ComfyUI-GeometryPack] INFO: Avg vertex displacement: 0.026954, max: 0.126612
[SubprocessWorker] got response: ok
[comfy-env] GeomPackSharpen_FastEffective done (15.23s): result: NodeOutput
[comfy-env] Running GeomPackSharpen_L0Minimize: trimesh: Trimesh, alpha: 0.001, beta: 2.0, iterations: 10
[SubprocessWorker] call_method: nodes.smoothing.sharpen_backends.l0_minimize.SharpenL0MinimizeNode.EXECUTE_NORMALIZED
[SubprocessWorker] acquired lock, ensuring started...
[ComfyUI-GeometryPack] Health check: ping (timeout=5.0s)...
[ComfyUI-GeometryPack] Health check: ok
[SubprocessWorker] worker started/confirmed
[SubprocessWorker] serializing kwargs to shm...
[SubprocessWorker] created 1 shm blocks
[SubprocessWorker] sending request via socket...
[SubprocessWorker] call_id=126 sending call_method
[worker:ComfyUI-GeometryPack] INFO: Backend: l0_minimize
[worker:ComfyUI-GeometryPack] INFO: Input: 6475 vertices, 12946 faces
[worker:ComfyUI-GeometryPack] INFO: Parameters: alpha=0.0010, beta=2.0, iterations=10
[worker:ComfyUI-GeometryPack] INFO: Output: 6475 vertices, 12946 faces
[worker:ComfyUI-GeometryPack] INFO: Avg vertex displacement: 0.009479, max: 0.060807
[SubprocessWorker] got response: ok
[comfy-env] GeomPackSharpen_L0Minimize done (5.66s): result: NodeOutput
[comfy-env] Running GeomPackSharpen_LibiglUnsharp: trimesh: Trimesh, weight: 0.5, iterations: 3
[SubprocessWorker] call_method: nodes.smoothing.sharpen_backends.libigl_unsharp.SharpenLibiglUnsharpNode.EXECUTE_NORMALIZED
[SubprocessWorker] acquired lock, ensuring started...
[ComfyUI-GeometryPack] Health check: ping (timeout=5.0s)...
[ComfyUI-GeometryPack] Health check: ok
[SubprocessWorker] worker started/confirmed
[SubprocessWorker] serializing kwargs to shm...
[SubprocessWorker] created 1 shm blocks
[SubprocessWorker] sending request via socket...
[SubprocessWorker] call_id=127 sending call_method
[worker:ComfyUI-GeometryPack] INFO: Backend: libigl_unsharp
[worker:ComfyUI-GeometryPack] INFO: Input: 6475 vertices, 12946 faces
[worker:ComfyUI-GeometryPack] INFO: Parameters: weight=0.500, iterations=3
[worker:ComfyUI-GeometryPack] INFO: Output: 6475 vertices, 12946 faces
[worker:ComfyUI-GeometryPack] INFO: Avg vertex displacement: 0.541299, max: 1.039092
[SubprocessWorker] got response: ok
[comfy-env] GeomPackSharpen_LibiglUnsharp done (0.44s): result: NodeOutput
[comfy-env] Running GeomPackSharpen_NonIterative: trimesh: Trimesh, sigma_f: 1.0, sigma_g: 1.0
[SubprocessWorker] call_method: nodes.smoothing.sharpen_backends.non_iterative.SharpenNonIterativeNode.EXECUTE_NORMALIZED
[SubprocessWorker] acquired lock, ensuring started...
[ComfyUI-GeometryPack] Health check: ping (timeout=5.0s)...
[ComfyUI-GeometryPack] Health check: ok
[SubprocessWorker] worker started/confirmed
[SubprocessWorker] serializing kwargs to shm...
[SubprocessWorker] created 1 shm blocks
[SubprocessWorker] sending request via socket...
[SubprocessWorker] call_id=128 sending call_method
[worker:ComfyUI-GeometryPack] INFO: Backend: non_iterative
[worker:ComfyUI-GeometryPack] INFO: Input: 6475 vertices, 12946 faces
[worker:ComfyUI-GeometryPack] INFO: Parameters: sigma_f=1.000, sigma_g=1.000
[worker:ComfyUI-GeometryPack] 
=== WATCHDOG TICK 5 ===
[worker:ComfyUI-GeometryPack] Current thread 0x000022ac (most recent call first):
  File "C:\Users\stduser\AppData\Local\Temp\comfyui_pvenv_hyjqyn9e\persistent_worker.py", line 52 in _watchdog
  File "C:\Users\stduser\AppData\Local\Programs\comfy-env\.pixi\envs\geometrypack-nodes\Lib\threading.py", line 995 in run
  File "C:\Users\stduser\AppData\Local\Programs\comfy-env\.pixi\envs\geometrypack-nodes\Lib\threading.py", line 1044 in _bootstrap_inner
  File "C:\Users\stduser\AppData\Local\Programs\comfy-env\.pixi\envs\geometrypack-nodes\Lib\threading.py", line 1015 in _bootstrap

Thread 0x000025b0 (most recent call first):
  File "C:\Users\stduser\AppData\Local\Programs\comfy-env\.pixi\envs\geometrypack-nodes\Lib\site-packages\numpy\linalg\_linalg.py", line 2768 in norm
  File "D:\a\comfy-gpu-ci\comfy-gpu-ci\test_workspaces\GeometryPack-1002\portable-comfyui\ComfyUI_windows_portable\ComfyUI\custom_nodes\ComfyUI-GeometryPack\nodes\smoothing\sharpen_backends\non_iterative.py", line 81 in _bfs_faces_in_radius
  File "D:\a\comfy-gpu-ci\comfy-gpu-ci\test_workspaces\GeometryPack-1002\portable-comfyui\ComfyUI_windows_portable\ComfyUI\custom_nodes\ComfyUI-GeometryPack\nodes\smoothing\sharpen_backends\non_iterative.py", line 124 in _non_iterative_sharpen
  File "D:\a\comfy-gpu-ci\comfy-gpu-ci\test_workspaces\GeometryPack-1002\portable-comfyui\ComfyUI_windows_portable\ComfyUI\custom_nodes\ComfyUI-GeometryPack\nodes\smoothing\sharpen_backends\non_iterative.py", line 199 in execute
  File "D:\a\comfy-gpu-ci\comfy-gpu-ci\test_workspaces\GeometryPack-1002\portable-comfyui\ComfyUI_windows_portable\ComfyUI\comfy_api\latest\_io.py", line 1833 in EXECUTE_NORMALIZED
  File "C:\Users\stduser\AppData\Local\Temp\comfyui_pvenv_hyjqyn9e\persistent_worker.py", line 1762 in main
  File "C:\Users\stduser\AppData\Local\Temp\comfyui_pvenv_hyjqyn9e\persistent_worker.py", line 1807 in <module>

[worker:ComfyUI-GeometryPack] === END ===

[worker:ComfyUI-GeometryPack] INFO: Output: 6475 vertices, 12946 faces
[worker:ComfyUI-GeometryPack] INFO: Avg vertex displacement: 0.021192, max: 0.087476
[SubprocessWorker] got response: ok
[comfy-env] GeomPackSharpen_NonIterative done (12.14s): result: NodeOutput
[comfy-env] Running GeomPackSharpen_GuidedNormal: trimesh: Trimesh, normal_iterations: 5, vertex_iterations: 10, sigma_s: 1.0, sigma_r: 0.35
[SubprocessWorker] call_method: nodes.smoothing.sharpen_backends.guided_normal.SharpenGuidedNormalNode.EXECUTE_NORMALIZED
[SubprocessWorker] acquired lock, ensuring started...
[ComfyUI-GeometryPack] Health check: ping (timeout=5.0s)...
[ComfyUI-GeometryPack] Health check: ok
[SubprocessWorker] worker started/confirmed
[SubprocessWorker] serializing kwargs to shm...
[SubprocessWorker] created 1 shm blocks
[SubprocessWorker] sending request via socket...
[SubprocessWorker] call_id=129 sending call_method
[worker:ComfyUI-GeometryPack] INFO: Backend: guided_normal
[worker:ComfyUI-GeometryPack] INFO: Input: 6475 vertices, 12946 faces
[worker:ComfyUI-GeometryPack] INFO: Parameters: normal_iter=5, vertex_iter=10, sigma_s=1.00, sigma_r=0.350
[worker:ComfyUI-GeometryPack] INFO: Output: 6475 vertices, 12946 faces
[worker:ComfyUI-GeometryPack] INFO: Avg vertex displacement: 0.025300, max: 0.123510
[SubprocessWorker] got response: ok
[comfy-env] GeomPackSharpen_GuidedNormal done (41.35s): result: NodeOutput
[comfy-env] Running GeomPackPreviewMeshMulti: mode: 'fields', mesh_1: Trimesh, mesh_2: Trimesh, mesh_3: Trimesh, mesh_4: Trimesh
[SubprocessWorker] call_method: nodes.visualization.preview_mesh_multi.PreviewMeshMultiNode.EXECUTE_NORMALIZED
[SubprocessWorker] acquired lock, ensuring started...
[ComfyUI-GeometryPack] Health check: ping (timeout=5.0s)...
[ComfyUI-GeometryPack] Health check: ok
[SubprocessWorker] worker started/confirmed
[SubprocessWorker] serializing kwargs to shm...
[SubprocessWorker] created 4 shm blocks
[SubprocessWorker] sending request via socket...
[SubprocessWorker] call_id=130 sending call_method
[worker:ComfyUI-GeometryPack] INFO: Mode: fields, Meshes: 4
[worker:ComfyUI-GeometryPack] INFO: Mesh 1: Mesh - 6475 vertices, 12946 faces
[worker:ComfyUI-GeometryPack] INFO: Exporting mesh to VTP: D:\a\comfy-gpu-ci\comfy-gpu-ci\test_workspaces\GeometryPack-1002\portable-comfyui\ComfyUI_windows_portable\ComfyUI\output\preview_multi_1_8af15ba1.vtp
[worker:ComfyUI-GeometryPack] INFO: Adding normals field (6475 vertices)
[worker:ComfyUI-GeometryPack] INFO: Export complete: 6475 vertices, 12946 faces
[worker:ComfyUI-GeometryPack] INFO: Exported VTP: D:\a\comfy-gpu-ci\comfy-gpu-ci\test_workspaces\GeometryPack-1002\portable-comfyui\ComfyUI_windows_portable\ComfyUI\output\preview_multi_1_8af15ba1.vtp
[worker:ComfyUI-GeometryPack] INFO: Mesh 2: Mesh - 6475 vertices, 12946 faces
[worker:ComfyUI-GeometryPack] INFO: Exporting mesh to VTP: D:\a\comfy-gpu-ci\comfy-gpu-ci\test_workspaces\GeometryPack-1002\portable-comfyui\ComfyUI_windows_portable\ComfyUI\output\preview_multi_2_8af15ba1.vtp
[worker:ComfyUI-GeometryPack] INFO: Adding normals field (6475 vertices)
[worker:ComfyUI-GeometryPack] INFO: Export complete: 6475 vertices, 12946 faces
[worker:ComfyUI-GeometryPack] INFO: Exported VTP: D:\a\comfy-gpu-ci\comfy-gpu-ci\test_workspaces\GeometryPack-1002\portable-comfyui\ComfyUI_windows_portable\ComfyUI\output\preview_multi_2_8af15ba1.vtp
[worker:ComfyUI-GeometryPack] INFO: Mesh 3: Mesh - 6475 vertices, 12946 faces
[worker:ComfyUI-GeometryPack] INFO: Exporting mesh to VTP: D:\a\comfy-gpu-ci\comfy-gpu-ci\test_workspaces\GeometryPack-1002\portable-comfyui\ComfyUI_windows_portable\ComfyUI\output\preview_multi_3_8af15ba1.vtp
[worker:ComfyUI-GeometryPack] INFO: Adding normals field (6475 vertices)
[worker:ComfyUI-GeometryPack] INFO: Export complete: 6475 vertices, 12946 faces
[worker:ComfyUI-GeometryPack] INFO: Exported VTP: D:\a\comfy-gpu-ci\comfy-gpu-ci\test_workspaces\GeometryPack-1002\portable-comfyui\ComfyUI_windows_portable\ComfyUI\output\preview_multi_3_8af15ba1.vtp
[worker:ComfyUI-GeometryPack] INFO: Mesh 4: Mesh - 6475 vertices, 12946 faces
[worker:ComfyUI-GeometryPack] INFO: Exporting mesh to VTP: D:\a\comfy-gpu-ci\comfy-gpu-ci\test_workspaces\GeometryPack-1002\portable-comfyui\ComfyUI_windows_portable\ComfyUI\output\preview_multi_4_8af15ba1.vtp
[worker:ComfyUI-GeometryPack] INFO: Adding normals field (6475 vertices)
[worker:ComfyUI-GeometryPack] INFO: Export complete: 6475 vertices, 12946 faces
[worker:ComfyUI-GeometryPack] INFO: Exported VTP: D:\a\comfy-gpu-ci\comfy-gpu-ci\test_workspaces\GeometryPack-1002\portable-comfyui\ComfyUI_windows_portable\ComfyUI\output\preview_multi_4_8af15ba1.vtp
[worker:ComfyUI-GeometryPack] INFO: Grid: 2x2, Preview ready
[SubprocessWorker] got response: ok
[comfy-env] GeomPackPreviewMeshMulti done (0.44s): result: NodeOutput
[comfy-env] Running GeomPackSharpen_UnsharpMask: trimesh: Trimesh, weight: 0.3, iterations: 5
[SubprocessWorker] call_method: nodes.smoothing.sharpen_backends.unsharp_mask.SharpenUnsharpMaskNode.EXECUTE_NORMALIZED
[SubprocessWorker] acquired lock, ensuring started...
[ComfyUI-GeometryPack] Health check: ping (timeout=5.0s)...
[ComfyUI-GeometryPack] Health check: ok
[SubprocessWorker] worker started/confirmed
[SubprocessWorker] serializing kwargs to shm...
[SubprocessWorker] created 1 shm blocks
[SubprocessWorker] sending request via socket...
[SubprocessWorker] call_id=131 sending call_method
[worker:ComfyUI-GeometryPack] INFO: Backend: unsharp_mask
[worker:ComfyUI-GeometryPack] INFO: Input: 6475 vertices, 12946 faces
[worker:ComfyUI-GeometryPack] INFO: Parameters: weight=0.300, iterations=5
[worker:ComfyUI-GeometryPack] INFO: Output: 6475 vertices, 12946 faces
[worker:ComfyUI-GeometryPack] INFO: Avg vertex displacement: 0.013687, max: 0.066009
[SubprocessWorker] got response: ok
[comfy-env] GeomPackSharpen_UnsharpMask done (0.15s): result: NodeOutput
[comfy-env] Running GeomPackSharpen_TwoStep: trimesh: Trimesh, smooth_steps: 3, normal_threshold: 60.0
[SubprocessWorker] call_method: nodes.smoothing.sharpen_backends.two_step.SharpenTwoStepNode.EXECUTE_NORMALIZED
[SubprocessWorker] acquired lock, ensuring started...
[ComfyUI-GeometryPack] Health check: ping (timeout=5.0s)...
[ComfyUI-GeometryPack] Health check: ok
[SubprocessWorker] worker started/confirmed
[SubprocessWorker] serializing kwargs to shm...
[SubprocessWorker] created 1 shm blocks
[SubprocessWorker] sending request via socket...
[SubprocessWorker] call_id=132 sending call_method
[worker:ComfyUI-GeometryPack] INFO: Backend: two_step
[worker:ComfyUI-GeometryPack] INFO: Input: 6475 vertices, 12946 faces
[worker:ComfyUI-GeometryPack] INFO: Parameters: smooth_steps=3, normal_threshold=60.0
[worker:ComfyUI-GeometryPack] INFO: Output: 6475 vertices, 12946 faces
[worker:ComfyUI-GeometryPack] INFO: Avg vertex displacement: 0.059156, max: 0.318610
[SubprocessWorker] got response: ok
[comfy-env] GeomPackSharpen_TwoStep done (0.31s): result: NodeOutput
[comfy-env] Running GeomPackPreviewMeshMulti: mode: 'fields', mesh_1: Trimesh, mesh_2: Trimesh, mesh_3: Trimesh, mesh_4: Trimesh
[SubprocessWorker] call_method: nodes.visualization.preview_mesh_multi.PreviewMeshMultiNode.EXECUTE_NORMALIZED
[SubprocessWorker] acquired lock, ensuring started...
[ComfyUI-GeometryPack] Health check: ping (timeout=5.0s)...
[ComfyUI-GeometryPack] Health check: ok
[SubprocessWorker] worker started/confirmed
[SubprocessWorker] serializing kwargs to shm...
[SubprocessWorker] created 4 shm blocks
[SubprocessWorker] sending request via socket...
[SubprocessWorker] call_id=133 sending call_method
[worker:ComfyUI-GeometryPack] INFO: Mode: fields, Meshes: 4
[worker:ComfyUI-GeometryPack] INFO: Mesh 1: Mesh - 6475 vertices, 12946 faces
[worker:ComfyUI-GeometryPack] INFO: Exporting mesh to VTP: D:\a\comfy-gpu-ci\comfy-gpu-ci\test_workspaces\GeometryPack-1002\portable-comfyui\ComfyUI_windows_portable\ComfyUI\output\preview_multi_1_1d22269f.vtp
[worker:ComfyUI-GeometryPack] INFO: Adding normals field (6475 vertices)
[worker:ComfyUI-GeometryPack] INFO: Export complete: 6475 vertices, 12946 faces
[worker:ComfyUI-GeometryPack] INFO: Exported VTP: D:\a\comfy-gpu-ci\comfy-gpu-ci\test_workspaces\GeometryPack-1002\portable-comfyui\ComfyUI_windows_portable\ComfyUI\output\preview_multi_1_1d22269f.vtp
[worker:ComfyUI-GeometryPack] INFO: Mesh 2: Mesh - 6475 vertices, 12946 faces
[worker:ComfyUI-GeometryPack] INFO: Exporting mesh to VTP: D:\a\comfy-gpu-ci\comfy-gpu-ci\test_workspaces\GeometryPack-1002\portable-comfyui\ComfyUI_windows_portable\ComfyUI\output\preview_multi_2_1d22269f.vtp
[worker:ComfyUI-GeometryPack] INFO: Adding normals field (6475 vertices)
[worker:ComfyUI-GeometryPack] INFO: Export complete: 6475 vertices, 12946 faces
[worker:ComfyUI-GeometryPack] INFO: Exported VTP: D:\a\comfy-gpu-ci\comfy-gpu-ci\test_workspaces\GeometryPack-1002\portable-comfyui\ComfyUI_windows_portable\ComfyUI\output\preview_multi_2_1d22269f.vtp
[worker:ComfyUI-GeometryPack] INFO: Mesh 3: Mesh - 6475 vertices, 12946 faces
[worker:ComfyUI-GeometryPack] INFO: Exporting mesh to VTP: D:\a\comfy-gpu-ci\comfy-gpu-ci\test_workspaces\GeometryPack-1002\portable-comfyui\ComfyUI_windows_portable\ComfyUI\output\preview_multi_3_1d22269f.vtp
[worker:ComfyUI-GeometryPack] INFO: Adding normals field (6475 vertices)
[worker:ComfyUI-GeometryPack] INFO: Export complete: 6475 vertices, 12946 faces
[worker:ComfyUI-GeometryPack] INFO: Exported VTP: D:\a\comfy-gpu-ci\comfy-gpu-ci\test_workspaces\GeometryPack-1002\portable-comfyui\ComfyUI_windows_portable\ComfyUI\output\preview_multi_3_1d22269f.vtp
[worker:ComfyUI-GeometryPack] INFO: Mesh 4: Mesh - 6475 vertices, 12946 faces
[worker:ComfyUI-GeometryPack] INFO: Exporting mesh to VTP: D:\a\comfy-gpu-ci\comfy-gpu-ci\test_workspaces\GeometryPack-1002\portable-comfyui\ComfyUI_windows_portable\ComfyUI\output\preview_multi_4_1d22269f.vtp
[worker:ComfyUI-GeometryPack] INFO: Adding normals field (6475 vertices)
[worker:ComfyUI-GeometryPack] INFO: Export complete: 6475 vertices, 12946 faces
[worker:ComfyUI-GeometryPack] INFO: Exported VTP: D:\a\comfy-gpu-ci\comfy-gpu-ci\test_workspaces\GeometryPack-1002\portable-comfyui\ComfyUI_windows_portable\ComfyUI\output\preview_multi_4_1d22269f.vtp
[worker:ComfyUI-GeometryPack] INFO: Grid: 2x2, Preview ready
[SubprocessWorker] got response: ok
[comfy-env] GeomPackPreviewMeshMulti done (1.24s): result: NodeOutput
Prompt executed in 77.58 seconds
=== /validate endpoint called ===
Received JSON with keys: ['prompt']
Prompt has 3 nodes
  Node 1: GeomPackCreatePrimitive
    Inputs: {"shape": "cube", "size": 2, "subdivisions": 1}
  Node 2: GeomPackCreatePrimitive
    Inputs: {"shape": "sphere", "size": 2.5, "subdivisions": 2}
  Node 7: GeomPackPreviewMeshDual
    Inputs: {"layout": "side_by_side", "mode": "fields", "opacity_1": 1, "opacity_2": 1, "preview_dual": "{\"show_edges\":true,\"camera_state\":\"\",\"selected_field\":\"\",\"selected_channel\":\"magnitude\",\"se
Generated prompt_id: 543a1541-aea2-42dc-afa9-233afaa55663
Calling execution.validate_prompt()...
Validation result: valid=True
=== Validation PASSED ===
got prompt
[comfy-env] Running GeomPackCreatePrimitive: shape: 'sphere', size: 2.5, subdivisions: 2
[SubprocessWorker] call_method: nodes.primitives.create_primitive.CreatePrimitive.EXECUTE_NORMALIZED
[SubprocessWorker] acquired lock, ensuring started...
[ComfyUI-GeometryPack] Health check: ping (timeout=5.0s)...
[ComfyUI-GeometryPack] Health check: failed
[ComfyUI-GeometryPack] Socket unhealthy, restarting worker...
[comfy-env] geometrypack-nodes: Library/bin has 613 DLLs
[ComfyUI-GeometryPack] python: C:\Users\stduser\AppData\Local\Programs\comfy-env\.pixi\envs\geometrypack-nodes\python.exe
[ComfyUI-GeometryPack] sys_path sent to worker: ['D:\\a\\comfy-gpu-ci\\comfy-gpu-ci\\test_workspaces\\GeometryPack-1002\\portable-comfyui\\ComfyUI_windows_portable\\ComfyUI', 'D:\\a\\comfy-gpu-ci\\comfy-gpu-ci\\test_workspaces\\GeometryPack-1002\\portable-comfyui\\ComfyUI_windows_portable\\ComfyUI\\custom_nodes\\ComfyUI-GeometryPack', 'C:\\Users\\stduser\\AppData\\Local\\Programs\\comfy-env\\.pixi\\envs\\geometrypack-nodes\\Lib\\site-packages', 'D:\\a\\comfy-gpu-ci\\comfy-gpu-ci\\test_workspaces\\GeometryPack-1002\\portable-comfyui\\ComfyUI_windows_portable\\ComfyUI\\custom_nodes\\ComfyUI-GeometryPack']
[SubprocessWorker] is_pixi=True, python=C:\Users\stduser\AppData\Local\Programs\comfy-env\.pixi\envs\geometrypack-nodes\python.exe
[SubprocessWorker] launching cmd=['C:\\Users\\stduser\\.pixi\\bin\\pixi.exe', 'run', '--as-is', '--manifest-path', 'C:\\Users\\stduser\\AppData\\Local\\Programs\\comfy-env\\pixi.toml', '-e', 'geometrypack-nodes', 'python', 'C:\\Users\\stduser\\AppData\\Local\\Temp\\comfyui_pvenv_hyjqyn9e\\persistent_worker.py', 'tcp://127.0.0.1:59947']...
C:\Users\stduser\AppData\Local\Programs\comfy-env\.pixi\envs\geometrypack-nodes\Lib\site-packages\torch\cuda\__init__.py:180: UserWarning: cudaGetDeviceCount() returned cudaErrorNotSupported, likely using older driver or on CPU machine (Triggered internally at C:\actions-runner\_work\pytorch\pytorch\pytorch\c10\cuda\CUDAFunctions.cpp:88.)
  return torch._C._cuda_getDeviceCount() > 0
[worker:ComfyUI-GeometryPack] ERROR: Failed to import comfy_kitchen, Error: No module named 'comfy_kitchen', fp8 and fp4 support will not be available.
[SubprocessWorker] worker started/confirmed
[SubprocessWorker] serializing kwargs to shm...
[SubprocessWorker] created 0 shm blocks
[SubprocessWorker] sending request via socket...
[SubprocessWorker] call_id=134 sending call_method
[worker:ComfyUI-GeometryPack] INFO: Created sphere: 162 vertices, 320 faces
[SubprocessWorker] got response: ok
[comfy-env] GeomPackCreatePrimitive done (4.23s): result: NodeOutput
[comfy-env] Running GeomPackCreatePrimitive: shape: 'cube', size: 2.0, subdivisions: 1
[SubprocessWorker] call_method: nodes.primitives.create_primitive.CreatePrimitive.EXECUTE_NORMALIZED
[SubprocessWorker] acquired lock, ensuring started...
[ComfyUI-GeometryPack] Health check: ping (timeout=5.0s)...
[ComfyUI-GeometryPack] Health check: ok
[SubprocessWorker] worker started/confirmed
[SubprocessWorker] serializing kwargs to shm...
[SubprocessWorker] created 0 shm blocks
[SubprocessWorker] sending request via socket...
[SubprocessWorker] call_id=135 sending call_method
[worker:ComfyUI-GeometryPack] INFO: Created cube: 8 vertices, 12 faces
[SubprocessWorker] got response: ok
[comfy-env] GeomPackCreatePrimitive done (0.06s): result: NodeOutput
[comfy-env] Running GeomPackPreviewMeshDual: layout: 'side_by_side', mode: 'fields', opacity_1: 1.0, opacity_2: 1.0, mesh_1: Trimesh, mesh_2: Trimesh
[SubprocessWorker] call_method: nodes.visualization.preview_mesh_dual.PreviewMeshDualNode.EXECUTE_NORMALIZED
[SubprocessWorker] acquired lock, ensuring started...
[ComfyUI-GeometryPack] Health check: ping (timeout=5.0s)...
[ComfyUI-GeometryPack] Health check: ok
[SubprocessWorker] worker started/confirmed
[SubprocessWorker] serializing kwargs to shm...
[SubprocessWorker] created 2 shm blocks
[SubprocessWorker] sending request via socket...
[SubprocessWorker] call_id=136 sending call_method
[worker:ComfyUI-GeometryPack] INFO: Layout: side_by_side, Mode: fields
[worker:ComfyUI-GeometryPack] INFO: Mesh 1: Mesh - 8 vertices, 12 faces
[worker:ComfyUI-GeometryPack] INFO: Mesh 2: Mesh - 162 vertices, 320 faces
[worker:ComfyUI-GeometryPack] INFO: Mesh 1 fields: []
[worker:ComfyUI-GeometryPack] INFO: Mesh 2 fields: []
[worker:ComfyUI-GeometryPack] INFO: Common fields: []
[worker:ComfyUI-GeometryPack] INFO: Mesh 1 visual: kind=None, texture=False, vertex_colors=False
[worker:ComfyUI-GeometryPack] INFO: Mesh 2 visual: kind=None, texture=False, vertex_colors=False
[worker:ComfyUI-GeometryPack] INFO: Exported STL: D:\a\comfy-gpu-ci\comfy-gpu-ci\test_workspaces\GeometryPack-1002\portable-comfyui\ComfyUI_windows_portable\ComfyUI\output\preview_dual_1_5bf066c9.stl
[worker:ComfyUI-GeometryPack] INFO: Exported STL: D:\a\comfy-gpu-ci\comfy-gpu-ci\test_workspaces\GeometryPack-1002\portable-comfyui\ComfyUI_windows_portable\ComfyUI\output\preview_dual_2_5bf066c9.stl
[worker:ComfyUI-GeometryPack] INFO: Preview ready
[SubprocessWorker] got response: ok
[comfy-env] GeomPackPreviewMeshDual done (0.13s): result: NodeOutput
Prompt executed in 4.42 seconds
=== /validate endpoint called ===
Received JSON with keys: ['prompt']
Prompt has 11 nodes
  Node 1: GeomPackLoadMesh
    Inputs: {"file_path": "3d/cow.off"}
  Node 2: GeomPackExtractSkeleton
    Inputs: {"fix_mesh": "wavefront", "normalize": false, "backend": "wavefront", "backend.waves": 1, "backend.step_size": 1, "trimesh": ["1", 0]}
  Node 3: GeomPackExtractSkeleton
    Inputs: {"fix_mesh": "vertex_clusters", "normalize": false, "backend": "vertex_clusters", "backend.sampling_dist": 1, "backend.cluster_pos": "median", "trimesh": ["1", 0]}
  Node 4: GeomPackExtractSkeleton
    Inputs: {"fix_mesh": "edge_collapse", "normalize": false, "backend": "edge_collapse", "backend.shape_weight": 1, "backend.sample_weight": 0.1, "trimesh": ["1", 0]}
  Node 5: GeomPackExtractSkeleton
    Inputs: {"fix_mesh": "teasar", "normalize": false, "backend": "teasar", "backend.inv_dist": 10, "backend.min_length": 0, "trimesh": ["1", 0]}
  Node 6: GeomPackMeshFromSkeleton
    Inputs: {"joint_radius": 0.02, "bone_radius": 0.01, "skeleton": ["2", 0]}
  Node 7: GeomPackMeshFromSkeleton
    Inputs: {"joint_radius": 0.02, "bone_radius": 0.01, "skeleton": ["3", 0]}
  Node 8: GeomPackMeshFromSkeleton
    Inputs: {"joint_radius": 0.02, "bone_radius": 0.01, "skeleton": ["4", 0]}
  Node 9: GeomPackMeshFromSkeleton
    Inputs: {"joint_radius": 0.02, "bone_radius": 0.01, "skeleton": ["5", 0]}
  Node 12: GeomPackPreviewMeshMulti
    Inputs: {"mode": "fields", "preview_multi": "{\"show_edges\":true,\"camera_state\":\"{\\\"position\\\":[-0.10839671976880196,-0.004104770901572197,-1.5722856770085691],\\\"focalPoint\\\":[0,0,0],\\\"viewUp\\\
  Node 13: GeomPackPreviewMeshMulti
    Inputs: {"mode": "fields", "preview_multi": "{\"show_edges\":true,\"camera_state\":\"{\\\"position\\\":[-0.10839671976880196,-0.004104770901572197,-1.5722856770085691],\\\"focalPoint\\\":[0,0,0],\\\"viewUp\\\
Generated prompt_id: 4bb919d8-6977-43f1-b774-731fb734c221
Calling execution.validate_prompt()...
Validation result: valid=True
=== Validation PASSED ===
got prompt
[comfy-env] Running GeomPackLoadMesh: file_path: '3d/cow.off'
[SubprocessWorker] call_method: nodes.io.load_mesh.LoadMesh.EXECUTE_NORMALIZED
[SubprocessWorker] acquired lock, ensuring started...
[ComfyUI-GeometryPack] Health check: ping (timeout=5.0s)...
[ComfyUI-GeometryPack] Health check: ok
[SubprocessWorker] worker started/confirmed
[SubprocessWorker] serializing kwargs to shm...
[SubprocessWorker] created 0 shm blocks
[SubprocessWorker] sending request via socket...
[SubprocessWorker] call_id=137 sending call_method
[worker:ComfyUI-GeometryPack] INFO: Found mesh in input folder: 3d/cow.off
[worker:ComfyUI-GeometryPack] INFO: Loading: D:\a\comfy-gpu-ci\comfy-gpu-ci\test_workspaces\GeometryPack-1002\portable-comfyui\ComfyUI_windows_portable\ComfyUI\input\3d/cow.off
[worker:ComfyUI-GeometryPack] INFO: Initial mesh: 2761 vertices, 5520 faces
[worker:ComfyUI-GeometryPack] INFO: Successfully loaded: 2761 vertices, 5520 faces
[worker:ComfyUI-GeometryPack] INFO: Loaded: 2761 vertices, 5520 faces
[SubprocessWorker] got response: ok
[comfy-env] GeomPackLoadMesh done (0.11s): result: NodeOutput
[comfy-env] Running GeomPackExtractSkeleton: fix_mesh: True, normalize: False, backend: dict, trimesh: Trimesh
[SubprocessWorker] call_method: nodes.skeleton.extract_skeleton.ExtractSkeleton.EXECUTE_NORMALIZED
[SubprocessWorker] acquired lock, ensuring started...
[ComfyUI-GeometryPack] Health check: ping (timeout=5.0s)...
[ComfyUI-GeometryPack] Health check: ok
[SubprocessWorker] worker started/confirmed
[SubprocessWorker] serializing kwargs to shm...
[SubprocessWorker] created 1 shm blocks
[SubprocessWorker] sending request via socket...
[SubprocessWorker] call_id=138 sending call_method
[worker:ComfyUI-GeometryPack] INFO: Extract Skeleton dispatch: edge_collapse -> GeomPackSkeleton_EdgeCollapse
[SubprocessWorker] got response: ok
[comfy-env] GeomPackExtractSkeleton done (0.07s): result: NodeOutput
[comfy-env] Running GeomPackSkeleton_EdgeCollapse: trimesh: Trimesh, fix_mesh: True, normalize: False, shape_weight: 1.0, sample_weight: 0.1
[SubprocessWorker] call_method: nodes.skeleton.backends.edge_collapse.SkeletonEdgeCollapseNode.EXECUTE_NORMALIZED
[SubprocessWorker] acquired lock, ensuring started...
[ComfyUI-GeometryPack] Health check: ping (timeout=5.0s)...
[ComfyUI-GeometryPack] Health check: ok
[SubprocessWorker] worker started/confirmed
[SubprocessWorker] serializing kwargs to shm...
[SubprocessWorker] created 1 shm blocks
[SubprocessWorker] sending request via socket...
[SubprocessWorker] call_id=139 sending call_method
[worker:ComfyUI-GeometryPack] INFO: Backend: edge_collapse
Collapsing edges:   0%|          | 0/5520 [00:00<?, ?it/s]Collapsing edges:   5%|▍         | 252/5520 [00:00<00:02, 2511.34it/s]Collapsing edges:   9%|▉         | 506/5520 [00:00<00:01, 2520.56it/s]Collapsing edges:  14%|█▍        | 780/5520 [00:00<00:01, 2609.58it/s]Collapsing edges:  19%|█▉        | 1042/5520 [00:00<00:02, 2113.13it/s]Collapsing edges:  23%|██▎       | 1266/5520 [00:00<00:02, 2027.42it/s]Collapsing edges:  27%|██▋       | 1476/5520 [00:00<00:01, 2037.84it/s]Collapsing edges:  32%|███▏      | 1778/5520 [00:00<00:01, 2323.19it/s]Collapsing edges:  38%|███▊      | 2072/5520 [00:00<00:01, 2502.88it/s]Collapsing edges:  43%|████▎     | 2398/5520 [00:00<00:01, 2726.51it/s]Collapsing edges:  48%|████▊     | 2676/5520 [00:01<00:01, 2698.57it/s]Collapsing edges:  53%|█████▎    | 2950/5520 [00:01<00:01, 2452.05it/s]Collapsing edges:  58%|█████▊    | 3202/5520 [00:01<00:01, 2252.65it/s]Collapsing edges:  62%|██████▏   | 3434/5520 [00:01<00:00, 2258.33it/s]Collapsing edges:  68%|██████▊   | 3736/5520 [00:01<00:00, 2465.25it/s]Collapsing edges:  74%|███████▎  | 4070/5520 [00:01<00:00, 2709.94it/s]Collapsing edges:  79%|███████▉  | 4348/5520 [00:01<00:00, 2699.94it/s]Collapsing edges:  85%|████████▍ | 4684/5520 [00:01<00:00, 2886.68it/s]Collapsing edges:  91%|█████████ | 5030/5520 [00:01<00:00, 3051.43it/s]Collapsing edges:  97%|█████████▋| 5358/5520 [00:02<00:00, 3116.23it/s]Collapsing edges: 100%|█████████▉| 5518/5520 [00:02<00:00, 2551.73it/s]
[SubprocessWorker] got response: ok
[comfy-env] GeomPackSkeleton_EdgeCollapse done (10.31s): result: NodeOutput
[comfy-env] Running GeomPackMeshFromSkeleton: joint_radius: 0.02, bone_radius: 0.01, skeleton: dict
[SubprocessWorker] call_method: nodes.skeleton.mesh_from_skeleton.SkeletonToMesh.EXECUTE_NORMALIZED
[SubprocessWorker] acquired lock, ensuring started...
[ComfyUI-GeometryPack] Health check: ping (timeout=5.0s)...
[ComfyUI-GeometryPack] Health check: ok
[SubprocessWorker] worker started/confirmed
[SubprocessWorker] serializing kwargs to shm...
[SubprocessWorker] created 0 shm blocks
[SubprocessWorker] sending request via socket...
[SubprocessWorker] call_id=140 sending call_method
[worker:ComfyUI-GeometryPack] [comfy-env] _from_shm got dict with keys: ['__type__', 'strategy', 'manager_path', 'storage_key', 'storage_size']
[worker:ComfyUI-GeometryPack] [comfy-env] DESERIALIZE TensorRef: tensor_size=[55, 3]
[worker:ComfyUI-GeometryPack] [comfy-env] DESERIALIZED tensor shape: torch.Size([55, 3])
[worker:ComfyUI-GeometryPack] [comfy-env] _from_shm got dict with keys: ['__type__', 'strategy', 'manager_path', 'storage_key', 'storage_size']
[worker:ComfyUI-GeometryPack] [comfy-env] DESERIALIZE TensorRef: tensor_size=[54, 2]
[worker:ComfyUI-GeometryPack] [comfy-env] DESERIALIZED tensor shape: torch.Size([54, 2])
[worker:ComfyUI-GeometryPack] INFO: Creating solid mesh: 55 joints, 54 bones
[worker:ComfyUI-GeometryPack] INFO: Skeleton metadata: scale=0.505, normalized=False
[worker:ComfyUI-GeometryPack] INFO: Input skeleton bounding box:
[worker:ComfyUI-GeometryPack] INFO:   Min: [-0.507, -0.308, -0.140]
[worker:ComfyUI-GeometryPack] INFO:   Max: [0.503, 0.319, 0.138]
[worker:ComfyUI-GeometryPack] INFO:   Size: [1.010, 0.627, 0.277]
[worker:ComfyUI-GeometryPack] INFO:   Center: [-0.002, 0.005, -0.001]
[worker:ComfyUI-GeometryPack] INFO: Created mesh: 6362 vertices, 12288 faces
[worker:ComfyUI-GeometryPack] INFO: Output mesh bounding box:
[worker:ComfyUI-GeometryPack] INFO:   Min: [-0.527, -0.328, -0.160]
[worker:ComfyUI-GeometryPack] INFO:   Max: [0.522, 0.338, 0.158]
[worker:ComfyUI-GeometryPack] INFO:   Size: [1.049, 0.666, 0.317]
[worker:ComfyUI-GeometryPack] INFO:   Center: [-0.002, 0.005, -0.001]
[SubprocessWorker] got response: ok
[comfy-env] GeomPackMeshFromSkeleton done (0.34s): result: NodeOutput
[comfy-env] Running GeomPackExtractSkeleton: fix_mesh: True, normalize: False, backend: dict, trimesh: Trimesh
[SubprocessWorker] call_method: nodes.skeleton.extract_skeleton.ExtractSkeleton.EXECUTE_NORMALIZED
[SubprocessWorker] acquired lock, ensuring started...
[ComfyUI-GeometryPack] Health check: ping (timeout=5.0s)...
[ComfyUI-GeometryPack] Health check: ok
[SubprocessWorker] worker started/confirmed
[SubprocessWorker] serializing kwargs to shm...
[SubprocessWorker] created 1 shm blocks
[SubprocessWorker] sending request via socket...
[SubprocessWorker] call_id=141 sending call_method
[worker:ComfyUI-GeometryPack] INFO: Extract Skeleton dispatch: vertex_clusters -> GeomPackSkeleton_VertexClusters
[SubprocessWorker] got response: ok
[comfy-env] GeomPackExtractSkeleton done (0.08s): result: NodeOutput
[comfy-env] Running GeomPackSkeleton_VertexClusters: trimesh: Trimesh, fix_mesh: True, normalize: False, sampling_dist: 1.0, cluster_pos: 'median'
[SubprocessWorker] call_method: nodes.skeleton.backends.vertex_clusters.SkeletonVertexClustersNode.EXECUTE_NORMALIZED
[SubprocessWorker] acquired lock, ensuring started...
[ComfyUI-GeometryPack] Health check: ping (timeout=5.0s)...
[ComfyUI-GeometryPack] Health check: ok
[SubprocessWorker] worker started/confirmed
[SubprocessWorker] serializing kwargs to shm...
[SubprocessWorker] created 1 shm blocks
[SubprocessWorker] sending request via socket...
[SubprocessWorker] call_id=142 sending call_method
[worker:ComfyUI-GeometryPack] INFO: Backend: vertex_clusters
Clustering:   0%|          | 0/2761 [00:00<?, ?it/s]Clustering: 100%|██████████| 2761/2761 [00:00<00:00, 334135.65it/s]
[SubprocessWorker] got response: ok
[comfy-env] GeomPackSkeleton_VertexClusters done (0.39s): result: NodeOutput
[comfy-env] Running GeomPackMeshFromSkeleton: joint_radius: 0.02, bone_radius: 0.01, skeleton: dict
[SubprocessWorker] call_method: nodes.skeleton.mesh_from_skeleton.SkeletonToMesh.EXECUTE_NORMALIZED
[SubprocessWorker] acquired lock, ensuring started...
[ComfyUI-GeometryPack] Health check: ping (timeout=5.0s)...
[ComfyUI-GeometryPack] Health check: ok
[SubprocessWorker] worker started/confirmed
[SubprocessWorker] serializing kwargs to shm...
[SubprocessWorker] created 0 shm blocks
[SubprocessWorker] sending request via socket...
[SubprocessWorker] call_id=143 sending call_method
[worker:ComfyUI-GeometryPack] [comfy-env] _from_shm got dict with keys: ['__type__', 'strategy', 'manager_path', 'storage_key', 'storage_size']
[worker:ComfyUI-GeometryPack] [comfy-env] DESERIALIZE TensorRef: tensor_size=[25, 3]
[worker:ComfyUI-GeometryPack] [comfy-env] DESERIALIZED tensor shape: torch.Size([25, 3])
[worker:ComfyUI-GeometryPack] [comfy-env] _from_shm got dict with keys: ['__type__', 'strategy', 'manager_path', 'storage_key', 'storage_size']
[worker:ComfyUI-GeometryPack] [comfy-env] DESERIALIZE TensorRef: tensor_size=[24, 2]
[worker:ComfyUI-GeometryPack] [comfy-env] DESERIALIZED tensor shape: torch.Size([24, 2])
[worker:ComfyUI-GeometryPack] INFO: Creating solid mesh: 25 joints, 24 bones
[worker:ComfyUI-GeometryPack] INFO: Skeleton metadata: scale=0.453, normalized=False
[worker:ComfyUI-GeometryPack] INFO: Input skeleton bounding box:
[worker:ComfyUI-GeometryPack] INFO:   Min: [-0.481, -0.320, -0.111]
[worker:ComfyUI-GeometryPack] INFO:   Max: [0.425, 0.308, 0.123]
[worker:ComfyUI-GeometryPack] INFO:   Size: [0.906, 0.628, 0.234]
[worker:ComfyUI-GeometryPack] INFO:   Center: [-0.028, -0.006, 0.006]
[worker:ComfyUI-GeometryPack] INFO: Created mesh: 2882 vertices, 5568 faces
[worker:ComfyUI-GeometryPack] INFO: Output mesh bounding box:
[worker:ComfyUI-GeometryPack] INFO:   Min: [-0.500, -0.339, -0.131]
[worker:ComfyUI-GeometryPack] INFO:   Max: [0.445, 0.328, 0.143]
[worker:ComfyUI-GeometryPack] INFO:   Size: [0.945, 0.667, 0.274]
[worker:ComfyUI-GeometryPack] INFO:   Center: [-0.028, -0.006, 0.006]
[SubprocessWorker] got response: ok
[comfy-env] GeomPackMeshFromSkeleton done (0.23s): result: NodeOutput
[comfy-env] Running GeomPackExtractSkeleton: fix_mesh: True, normalize: False, backend: dict, trimesh: Trimesh
[SubprocessWorker] call_method: nodes.skeleton.extract_skeleton.ExtractSkeleton.EXECUTE_NORMALIZED
[SubprocessWorker] acquired lock, ensuring started...
[ComfyUI-GeometryPack] Health check: ping (timeout=5.0s)...
[ComfyUI-GeometryPack] Health check: ok
[SubprocessWorker] worker started/confirmed
[SubprocessWorker] serializing kwargs to shm...
[SubprocessWorker] created 1 shm blocks
[SubprocessWorker] sending request via socket...
[SubprocessWorker] call_id=144 sending call_method
[worker:ComfyUI-GeometryPack] INFO: Extract Skeleton dispatch: wavefront -> GeomPackSkeleton_Wavefront
[SubprocessWorker] got response: ok
[comfy-env] GeomPackExtractSkeleton done (0.07s): result: NodeOutput
[comfy-env] Running GeomPackSkeleton_Wavefront: trimesh: Trimesh, fix_mesh: True, normalize: False, waves: 1, step_size: 1.0
[SubprocessWorker] call_method: nodes.skeleton.backends.wavefront.SkeletonWavefrontNode.EXECUTE_NORMALIZED
[SubprocessWorker] acquired lock, ensuring started...
[ComfyUI-GeometryPack] Health check: ping (timeout=5.0s)...
[ComfyUI-GeometryPack] Health check: ok
[SubprocessWorker] worker started/confirmed
[SubprocessWorker] serializing kwargs to shm...
[SubprocessWorker] created 1 shm blocks
[SubprocessWorker] sending request via socket...
[SubprocessWorker] call_id=145 sending call_method
[worker:ComfyUI-GeometryPack] INFO: Backend: wavefront
Skeletonizing:   0%|          | 0/2761 [00:00<?, ?it/s]Skeletonizing: 100%|██████████| 2761/2761 [00:00<00:00, 64442.29it/s]
[SubprocessWorker] got response: ok
[comfy-env] GeomPackSkeleton_Wavefront done (0.24s): result: NodeOutput
[comfy-env] Running GeomPackMeshFromSkeleton: joint_radius: 0.02, bone_radius: 0.01, skeleton: dict
[SubprocessWorker] call_method: nodes.skeleton.mesh_from_skeleton.SkeletonToMesh.EXECUTE_NORMALIZED
[SubprocessWorker] acquired lock, ensuring started...
[ComfyUI-GeometryPack] Health check: ping (timeout=5.0s)...
[ComfyUI-GeometryPack] Health check: ok
[SubprocessWorker] worker started/confirmed
[SubprocessWorker] serializing kwargs to shm...
[SubprocessWorker] created 0 shm blocks
[SubprocessWorker] sending request via socket...
[SubprocessWorker] call_id=146 sending call_method
[worker:ComfyUI-GeometryPack] [comfy-env] _from_shm got dict with keys: ['__type__', 'strategy', 'manager_path', 'storage_key', 'storage_size']
[worker:ComfyUI-GeometryPack] [comfy-env] DESERIALIZE TensorRef: tensor_size=[96, 3]
[worker:ComfyUI-GeometryPack] [comfy-env] DESERIALIZED tensor shape: torch.Size([96, 3])
[worker:ComfyUI-GeometryPack] [comfy-env] _from_shm got dict with keys: ['__type__', 'strategy', 'manager_path', 'storage_key', 'storage_size']
[worker:ComfyUI-GeometryPack] [comfy-env] DESERIALIZE TensorRef: tensor_size=[95, 2]
[worker:ComfyUI-GeometryPack] [comfy-env] DESERIALIZED tensor shape: torch.Size([95, 2])
[worker:ComfyUI-GeometryPack] INFO: Creating solid mesh: 96 joints, 95 bones
[worker:ComfyUI-GeometryPack] INFO: Skeleton metadata: scale=0.515, normalized=False
[worker:ComfyUI-GeometryPack] INFO: Input skeleton bounding box:
[worker:ComfyUI-GeometryPack] INFO:   Min: [-0.512, -0.315, -0.154]
[worker:ComfyUI-GeometryPack] INFO:   Max: [0.519, 0.320, 0.138]
[worker:ComfyUI-GeometryPack] INFO:   Size: [1.031, 0.635, 0.292]
[worker:ComfyUI-GeometryPack] INFO:   Center: [0.003, 0.002, -0.008]
[worker:ComfyUI-GeometryPack] INFO: Created mesh: 11118 vertices, 21472 faces
[worker:ComfyUI-GeometryPack] INFO: Output mesh bounding box:
[worker:ComfyUI-GeometryPack] INFO:   Min: [-0.531, -0.334, -0.174]
[worker:ComfyUI-GeometryPack] INFO:   Max: [0.538, 0.339, 0.158]
[worker:ComfyUI-GeometryPack] INFO:   Size: [1.070, 0.674, 0.332]
[worker:ComfyUI-GeometryPack] INFO:   Center: [0.003, 0.002, -0.008]
[SubprocessWorker] got response: ok
[comfy-env] GeomPackMeshFromSkeleton done (0.45s): result: NodeOutput
[comfy-env] Running GeomPackPreviewMeshMulti: mode: 'fields', mesh_1: Trimesh, mesh_2: Trimesh, mesh_3: Trimesh, mesh_4: Trimesh
[SubprocessWorker] call_method: nodes.visualization.preview_mesh_multi.PreviewMeshMultiNode.EXECUTE_NORMALIZED
[SubprocessWorker] acquired lock, ensuring started...
[ComfyUI-GeometryPack] Health check: ping (timeout=5.0s)...
[ComfyUI-GeometryPack] Health check: ok
[SubprocessWorker] worker started/confirmed
[SubprocessWorker] serializing kwargs to shm...
[SubprocessWorker] created 4 shm blocks
[SubprocessWorker] sending request via socket...
[SubprocessWorker] call_id=147 sending call_method
[worker:ComfyUI-GeometryPack] INFO: Mode: fields, Meshes: 4
[worker:ComfyUI-GeometryPack] INFO: Mesh 1: Mesh - 2761 vertices, 5520 faces
[worker:ComfyUI-GeometryPack] INFO: Exporting mesh to VTP: D:\a\comfy-gpu-ci\comfy-gpu-ci\test_workspaces\GeometryPack-1002\portable-comfyui\ComfyUI_windows_portable\ComfyUI\output\preview_multi_1_126ad71b.vtp
[worker:ComfyUI-GeometryPack] INFO: Adding normals field (2761 vertices)
[worker:ComfyUI-GeometryPack] INFO: Export complete: 2761 vertices, 5520 faces
[worker:ComfyUI-GeometryPack] INFO: Exported VTP: D:\a\comfy-gpu-ci\comfy-gpu-ci\test_workspaces\GeometryPack-1002\portable-comfyui\ComfyUI_windows_portable\ComfyUI\output\preview_multi_1_126ad71b.vtp
[worker:ComfyUI-GeometryPack] INFO: Mesh 2: Mesh - 11118 vertices, 21472 faces
[worker:ComfyUI-GeometryPack] INFO: Exporting mesh to VTP: D:\a\comfy-gpu-ci\comfy-gpu-ci\test_workspaces\GeometryPack-1002\portable-comfyui\ComfyUI_windows_portable\ComfyUI\output\preview_multi_2_126ad71b.vtp
[worker:ComfyUI-GeometryPack] INFO: Adding normals field (11118 vertices)
[worker:ComfyUI-GeometryPack] INFO: Export complete: 11118 vertices, 21472 faces
[worker:ComfyUI-GeometryPack] INFO: Exported VTP: D:\a\comfy-gpu-ci\comfy-gpu-ci\test_workspaces\GeometryPack-1002\portable-comfyui\ComfyUI_windows_portable\ComfyUI\output\preview_multi_2_126ad71b.vtp
[worker:ComfyUI-GeometryPack] INFO: Mesh 3: Mesh - 2882 vertices, 5568 faces
[worker:ComfyUI-GeometryPack] INFO: Exporting mesh to VTP: D:\a\comfy-gpu-ci\comfy-gpu-ci\test_workspaces\GeometryPack-1002\portable-comfyui\ComfyUI_windows_portable\ComfyUI\output\preview_multi_3_126ad71b.vtp
[worker:ComfyUI-GeometryPack] INFO: Adding normals field (2882 vertices)
[worker:ComfyUI-GeometryPack] INFO: Export complete: 2882 vertices, 5568 faces
[worker:ComfyUI-GeometryPack] INFO: Exported VTP: D:\a\comfy-gpu-ci\comfy-gpu-ci\test_workspaces\GeometryPack-1002\portable-comfyui\ComfyUI_windows_portable\ComfyUI\output\preview_multi_3_126ad71b.vtp
[worker:ComfyUI-GeometryPack] INFO: Mesh 4: Mesh - 6362 vertices, 12288 faces
[worker:ComfyUI-GeometryPack] INFO: Exporting mesh to VTP: D:\a\comfy-gpu-ci\comfy-gpu-ci\test_workspaces\GeometryPack-1002\portable-comfyui\ComfyUI_windows_portable\ComfyUI\output\preview_multi_4_126ad71b.vtp
[worker:ComfyUI-GeometryPack] INFO: Adding normals field (6362 vertices)
[worker:ComfyUI-GeometryPack] INFO: Export complete: 6362 vertices, 12288 faces
[worker:ComfyUI-GeometryPack] INFO: Exported VTP: D:\a\comfy-gpu-ci\comfy-gpu-ci\test_workspaces\GeometryPack-1002\portable-comfyui\ComfyUI_windows_portable\ComfyUI\output\preview_multi_4_126ad71b.vtp
[worker:ComfyUI-GeometryPack] INFO: Grid: 2x2, Preview ready
[SubprocessWorker] got response: ok
[comfy-env] GeomPackPreviewMeshMulti done (0.47s): result: NodeOutput
[comfy-env] Running GeomPackExtractSkeleton: fix_mesh: True, normalize: False, backend: dict, trimesh: Trimesh
[SubprocessWorker] call_method: nodes.skeleton.extract_skeleton.ExtractSkeleton.EXECUTE_NORMALIZED
[SubprocessWorker] acquired lock, ensuring started...
[ComfyUI-GeometryPack] Health check: ping (timeout=5.0s)...
[ComfyUI-GeometryPack] Health check: ok
[SubprocessWorker] worker started/confirmed
[SubprocessWorker] serializing kwargs to shm...
[SubprocessWorker] created 1 shm blocks
[SubprocessWorker] sending request via socket...
[SubprocessWorker] call_id=148 sending call_method
[worker:ComfyUI-GeometryPack] INFO: Extract Skeleton dispatch: teasar -> GeomPackSkeleton_Teasar
[SubprocessWorker] got response: ok
[comfy-env] GeomPackExtractSkeleton done (0.11s): result: NodeOutput
[comfy-env] Running GeomPackSkeleton_Teasar: trimesh: Trimesh, fix_mesh: True, normalize: False, inv_dist: 10.0, min_length: 0.0
[SubprocessWorker] call_method: nodes.skeleton.backends.teasar.SkeletonTeasarNode.EXECUTE_NORMALIZED
[SubprocessWorker] acquired lock, ensuring started...
[ComfyUI-GeometryPack] Health check: ping (timeout=5.0s)...
[ComfyUI-GeometryPack] Health check: ok
[SubprocessWorker] worker started/confirmed
[SubprocessWorker] serializing kwargs to shm...
[SubprocessWorker] created 1 shm blocks
[SubprocessWorker] sending request via socket...
[SubprocessWorker] call_id=149 sending call_method
[worker:ComfyUI-GeometryPack] INFO: Backend: teasar
Invalidating:   0%|          | 0/2761 [00:00<?, ?it/s]                                                      [SubprocessWorker] got response: ok
[comfy-env] GeomPackSkeleton_Teasar done (0.26s): result: NodeOutput
[comfy-env] Running GeomPackMeshFromSkeleton: joint_radius: 0.02, bone_radius: 0.01, skeleton: dict
[SubprocessWorker] call_method: nodes.skeleton.mesh_from_skeleton.SkeletonToMesh.EXECUTE_NORMALIZED
[SubprocessWorker] acquired lock, ensuring started...
[ComfyUI-GeometryPack] Health check: ping (timeout=5.0s)...
[ComfyUI-GeometryPack] Health check: ok
[SubprocessWorker] worker started/confirmed
[SubprocessWorker] serializing kwargs to shm...
[SubprocessWorker] created 0 shm blocks
[SubprocessWorker] sending request via socket...
[SubprocessWorker] call_id=150 sending call_method
[worker:ComfyUI-GeometryPack] [comfy-env] _from_shm got dict with keys: ['__type__', 'strategy', 'manager_path', 'storage_key', 'storage_size']
[worker:ComfyUI-GeometryPack] [comfy-env] DESERIALIZE TensorRef: tensor_size=[37, 3]
[worker:ComfyUI-GeometryPack] [comfy-env] DESERIALIZED tensor shape: torch.Size([37, 3])
[worker:ComfyUI-GeometryPack] [comfy-env] _from_shm got dict with keys: ['__type__', 'strategy', 'manager_path', 'storage_key', 'storage_size']
[worker:ComfyUI-GeometryPack] [comfy-env] DESERIALIZE TensorRef: tensor_size=[36, 2]
[worker:ComfyUI-GeometryPack] [comfy-env] DESERIALIZED tensor shape: torch.Size([36, 2])
[worker:ComfyUI-GeometryPack] INFO: Creating solid mesh: 37 joints, 36 bones
[worker:ComfyUI-GeometryPack] INFO: Skeleton metadata: scale=0.325, normalized=False
[worker:ComfyUI-GeometryPack] INFO: Input skeleton bounding box:
[worker:ComfyUI-GeometryPack] INFO:   Min: [-0.498, -0.152, -0.129]
[worker:ComfyUI-GeometryPack] INFO:   Max: [0.152, 0.231, 0.017]
[worker:ComfyUI-GeometryPack] INFO:   Size: [0.650, 0.383, 0.146]
[worker:ComfyUI-GeometryPack] INFO:   Center: [-0.173, 0.040, -0.056]
[worker:ComfyUI-GeometryPack] INFO: Created mesh: 4274 vertices, 8256 faces
[worker:ComfyUI-GeometryPack] INFO: Output mesh bounding box:
[worker:ComfyUI-GeometryPack] INFO:   Min: [-0.518, -0.171, -0.149]
[worker:ComfyUI-GeometryPack] INFO:   Max: [0.171, 0.251, 0.037]
[worker:ComfyUI-GeometryPack] INFO:   Size: [0.689, 0.422, 0.186]
[worker:ComfyUI-GeometryPack] INFO:   Center: [-0.173, 0.040, -0.056]
[SubprocessWorker] got response: ok
[comfy-env] GeomPackMeshFromSkeleton done (0.85s): result: NodeOutput
[comfy-env] Running GeomPackPreviewMeshMulti: mode: 'fields', mesh_1: Trimesh, mesh_2: Trimesh
[SubprocessWorker] call_method: nodes.visualization.preview_mesh_multi.PreviewMeshMultiNode.EXECUTE_NORMALIZED
[SubprocessWorker] acquired lock, ensuring started...
[ComfyUI-GeometryPack] Health check: ping (timeout=5.0s)...
[ComfyUI-GeometryPack] Health check: ok
[SubprocessWorker] worker started/confirmed
[SubprocessWorker] serializing kwargs to shm...
[SubprocessWorker] created 2 shm blocks
[SubprocessWorker] sending request via socket...
[SubprocessWorker] call_id=151 sending call_method
[worker:ComfyUI-GeometryPack] INFO: Mode: fields, Meshes: 2
[worker:ComfyUI-GeometryPack] INFO: Mesh 1: Mesh - 4274 vertices, 8256 faces
[worker:ComfyUI-GeometryPack] INFO: Exporting mesh to VTP: D:\a\comfy-gpu-ci\comfy-gpu-ci\test_workspaces\GeometryPack-1002\portable-comfyui\ComfyUI_windows_portable\ComfyUI\output\preview_multi_1_0ed0372d.vtp
[worker:ComfyUI-GeometryPack] INFO: Adding normals field (4274 vertices)
[worker:ComfyUI-GeometryPack] INFO: Export complete: 4274 vertices, 8256 faces
[worker:ComfyUI-GeometryPack] INFO: Exported VTP: D:\a\comfy-gpu-ci\comfy-gpu-ci\test_workspaces\GeometryPack-1002\portable-comfyui\ComfyUI_windows_portable\ComfyUI\output\preview_multi_1_0ed0372d.vtp
[worker:ComfyUI-GeometryPack] INFO: Mesh 2: Mesh - 6362 vertices, 12288 faces
[worker:ComfyUI-GeometryPack] INFO: Exporting mesh to VTP: D:\a\comfy-gpu-ci\comfy-gpu-ci\test_workspaces\GeometryPack-1002\portable-comfyui\ComfyUI_windows_portable\ComfyUI\output\preview_multi_2_0ed0372d.vtp
[worker:ComfyUI-GeometryPack] INFO: Adding normals field (6362 vertices)
[worker:ComfyUI-GeometryPack] INFO: Export complete: 6362 vertices, 12288 faces
[worker:ComfyUI-GeometryPack] INFO: Exported VTP: D:\a\comfy-gpu-ci\comfy-gpu-ci\test_workspaces\GeometryPack-1002\portable-comfyui\ComfyUI_windows_portable\ComfyUI\output\preview_multi_2_0ed0372d.vtp
[worker:ComfyUI-GeometryPack] INFO: Grid: 2x1, Preview ready
[SubprocessWorker] got response: ok
[comfy-env] GeomPackPreviewMeshMulti done (0.28s): result: NodeOutput
Prompt executed in 14.27 seconds
=== /validate endpoint called ===
Received JSON with keys: ['prompt']
Prompt has 4 nodes
  Node 1: GeomPackLoadMesh
    Inputs: {"file_path": "3d/cow.off"}
  Node 3: GeomPackMeshFromSkeleton
    Inputs: {"joint_radius": 0.02, "bone_radius": 0.01, "skeleton": ["6", 0]}
  Node 5: GeomPackPreviewMeshDual
    Inputs: {"layout": "overlay", "mode": "fields", "opacity_1": 0.5, "opacity_2": 0.5, "preview_dual": "{\"show_edges\":false,\"camera_state\":\"{\\\"position\\\":[1.3662524844520427,1.1685429744811375,-2.017582
  Node 6: GeomPackExtractSkeleton
    Inputs: {"fix_mesh": "wavefront", "normalize": false, "backend": "wavefront", "backend.waves": 1, "backend.step_size": 1, "trimesh": ["1", 0]}
Generated prompt_id: 964325d3-2e28-4fc7-8482-b778f68a773b
Calling execution.validate_prompt()...
Validation result: valid=True
=== Validation PASSED ===
got prompt
[comfy-env] Running GeomPackLoadMesh: file_path: '3d/cow.off'
[SubprocessWorker] call_method: nodes.io.load_mesh.LoadMesh.EXECUTE_NORMALIZED
[SubprocessWorker] acquired lock, ensuring started...
[ComfyUI-GeometryPack] Health check: ping (timeout=5.0s)...
[ComfyUI-GeometryPack] Health check: ok
[SubprocessWorker] worker started/confirmed
[SubprocessWorker] serializing kwargs to shm...
[SubprocessWorker] created 0 shm blocks
[SubprocessWorker] sending request via socket...
[SubprocessWorker] call_id=152 sending call_method
[worker:ComfyUI-GeometryPack] INFO: Found mesh in input folder: 3d/cow.off
[worker:ComfyUI-GeometryPack] INFO: Loading: D:\a\comfy-gpu-ci\comfy-gpu-ci\test_workspaces\GeometryPack-1002\portable-comfyui\ComfyUI_windows_portable\ComfyUI\input\3d/cow.off
[worker:ComfyUI-GeometryPack] INFO: Initial mesh: 2761 vertices, 5520 faces
[worker:ComfyUI-GeometryPack] INFO: Successfully loaded: 2761 vertices, 5520 faces
[worker:ComfyUI-GeometryPack] INFO: Loaded: 2761 vertices, 5520 faces
[SubprocessWorker] got response: ok
[comfy-env] GeomPackLoadMesh done (0.10s): result: NodeOutput
[comfy-env] Running GeomPackExtractSkeleton: fix_mesh: True, normalize: False, backend: dict, trimesh: Trimesh
[SubprocessWorker] call_method: nodes.skeleton.extract_skeleton.ExtractSkeleton.EXECUTE_NORMALIZED
[SubprocessWorker] acquired lock, ensuring started...
[ComfyUI-GeometryPack] Health check: ping (timeout=5.0s)...
[ComfyUI-GeometryPack] Health check: ok
[SubprocessWorker] worker started/confirmed
[SubprocessWorker] serializing kwargs to shm...
[SubprocessWorker] created 1 shm blocks
[SubprocessWorker] sending request via socket...
[SubprocessWorker] call_id=153 sending call_method
[worker:ComfyUI-GeometryPack] INFO: Extract Skeleton dispatch: wavefront -> GeomPackSkeleton_Wavefront
[SubprocessWorker] got response: ok
[comfy-env] GeomPackExtractSkeleton done (0.07s): result: NodeOutput
[comfy-env] Running GeomPackSkeleton_Wavefront: trimesh: Trimesh, fix_mesh: True, normalize: False, waves: 1, step_size: 1.0
[SubprocessWorker] call_method: nodes.skeleton.backends.wavefront.SkeletonWavefrontNode.EXECUTE_NORMALIZED
[SubprocessWorker] acquired lock, ensuring started...
[ComfyUI-GeometryPack] Health check: ping (timeout=5.0s)...
[ComfyUI-GeometryPack] Health check: ok
[SubprocessWorker] worker started/confirmed
[SubprocessWorker] serializing kwargs to shm...
[SubprocessWorker] created 1 shm blocks
[SubprocessWorker] sending request via socket...
[SubprocessWorker] call_id=154 sending call_method
[worker:ComfyUI-GeometryPack] INFO: Backend: wavefront
Skeletonizing:   0%|          | 0/2761 [00:00<?, ?it/s]Skeletonizing: 100%|██████████| 2761/2761 [00:00<00:00, 235701.24it/s]
[SubprocessWorker] got response: ok
[comfy-env] GeomPackSkeleton_Wavefront done (0.14s): result: NodeOutput
[comfy-env] Running GeomPackMeshFromSkeleton: joint_radius: 0.02, bone_radius: 0.01, skeleton: dict
[SubprocessWorker] call_method: nodes.skeleton.mesh_from_skeleton.SkeletonToMesh.EXECUTE_NORMALIZED
[SubprocessWorker] acquired lock, ensuring started...
[ComfyUI-GeometryPack] Health check: ping (timeout=5.0s)...
[ComfyUI-GeometryPack] Health check: ok
[SubprocessWorker] worker started/confirmed
[SubprocessWorker] serializing kwargs to shm...
[SubprocessWorker] created 0 shm blocks
[SubprocessWorker] sending request via socket...
[SubprocessWorker] call_id=155 sending call_method
[worker:ComfyUI-GeometryPack] [comfy-env] _from_shm got dict with keys: ['__type__', 'strategy', 'manager_path', 'storage_key', 'storage_size']
[worker:ComfyUI-GeometryPack] [comfy-env] DESERIALIZE TensorRef: tensor_size=[96, 3]
[worker:ComfyUI-GeometryPack] [comfy-env] DESERIALIZED tensor shape: torch.Size([96, 3])
[worker:ComfyUI-GeometryPack] [comfy-env] _from_shm got dict with keys: ['__type__', 'strategy', 'manager_path', 'storage_key', 'storage_size']
[worker:ComfyUI-GeometryPack] [comfy-env] DESERIALIZE TensorRef: tensor_size=[95, 2]
[worker:ComfyUI-GeometryPack] [comfy-env] DESERIALIZED tensor shape: torch.Size([95, 2])
[worker:ComfyUI-GeometryPack] INFO: Creating solid mesh: 96 joints, 95 bones
[worker:ComfyUI-GeometryPack] INFO: Skeleton metadata: scale=0.515, normalized=False
[worker:ComfyUI-GeometryPack] INFO: Input skeleton bounding box:
[worker:ComfyUI-GeometryPack] INFO:   Min: [-0.512, -0.315, -0.154]
[worker:ComfyUI-GeometryPack] INFO:   Max: [0.519, 0.320, 0.138]
[worker:ComfyUI-GeometryPack] INFO:   Size: [1.031, 0.635, 0.292]
[worker:ComfyUI-GeometryPack] INFO:   Center: [0.003, 0.002, -0.008]
[worker:ComfyUI-GeometryPack] INFO: Created mesh: 11118 vertices, 21472 faces
[worker:ComfyUI-GeometryPack] INFO: Output mesh bounding box:
[worker:ComfyUI-GeometryPack] INFO:   Min: [-0.531, -0.334, -0.174]
[worker:ComfyUI-GeometryPack] INFO:   Max: [0.538, 0.339, 0.158]
[worker:ComfyUI-GeometryPack] INFO:   Size: [1.070, 0.674, 0.332]
[worker:ComfyUI-GeometryPack] INFO:   Center: [0.003, 0.002, -0.008]
[SubprocessWorker] got response: ok
[comfy-env] GeomPackMeshFromSkeleton done (0.38s): result: NodeOutput
[comfy-env] Running GeomPackPreviewMeshDual: layout: 'overlay', mode: 'fields', opacity_1: 0.5, opacity_2: 0.5, mesh_1: Trimesh, mesh_2: Trimesh
[SubprocessWorker] call_method: nodes.visualization.preview_mesh_dual.PreviewMeshDualNode.EXECUTE_NORMALIZED
[SubprocessWorker] acquired lock, ensuring started...
[ComfyUI-GeometryPack] Health check: ping (timeout=5.0s)...
[ComfyUI-GeometryPack] Health check: ok
[SubprocessWorker] worker started/confirmed
[SubprocessWorker] serializing kwargs to shm...
[SubprocessWorker] created 2 shm blocks
[SubprocessWorker] sending request via socket...
[SubprocessWorker] call_id=156 sending call_method
[worker:ComfyUI-GeometryPack] INFO: Layout: overlay, Mode: fields
[worker:ComfyUI-GeometryPack] INFO: Mesh 1: Mesh - 11118 vertices, 21472 faces
[worker:ComfyUI-GeometryPack] INFO: Mesh 2: Mesh - 2761 vertices, 5520 faces
[worker:ComfyUI-GeometryPack] INFO: Mesh 1 fields: []
[worker:ComfyUI-GeometryPack] INFO: Mesh 2 fields: []
[worker:ComfyUI-GeometryPack] INFO: Common fields: []
[worker:ComfyUI-GeometryPack] INFO: Mesh 1 visual: kind=None, texture=False, vertex_colors=False
[worker:ComfyUI-GeometryPack] INFO: Mesh 2 visual: kind=None, texture=False, vertex_colors=False
[worker:ComfyUI-GeometryPack] INFO: Added mesh_id field and red/blue colors for overlay
[worker:ComfyUI-GeometryPack] INFO: Exporting mesh to VTP: D:\a\comfy-gpu-ci\comfy-gpu-ci\test_workspaces\GeometryPack-1002\portable-comfyui\ComfyUI_windows_portable\ComfyUI\output\preview_dual_overlay_51ad3a9d.vtp
[worker:ComfyUI-GeometryPack] INFO: Adding normals field (13879 vertices)
[worker:ComfyUI-GeometryPack] INFO: Adding scalar field: mesh_id (components: 1)
[worker:ComfyUI-GeometryPack] INFO: Export complete: 13879 vertices, 26992 faces
[worker:ComfyUI-GeometryPack] INFO: Exported combined VTP: D:\a\comfy-gpu-ci\comfy-gpu-ci\test_workspaces\GeometryPack-1002\portable-comfyui\ComfyUI_windows_portable\ComfyUI\output\preview_dual_overlay_51ad3a9d.vtp
[worker:ComfyUI-GeometryPack] INFO: Combined Mesh: 13879 vertices, 26992 faces
[worker:ComfyUI-GeometryPack] INFO: Preview ready
[SubprocessWorker] got response: ok
[comfy-env] GeomPackPreviewMeshDual done (0.33s): result: NodeOutput
Prompt executed in 1.03 seconds
=== /validate endpoint called ===
Received JSON with keys: ['prompt']
Prompt has 3 nodes
  Node 1: GeomPackPreviewMeshDual
    Inputs: {"layout": "side_by_side", "mode": "fields", "opacity_1": 1, "opacity_2": 1, "preview_dual": "{\"show_edges\":true,\"camera_state\":\"{\\\"position\\\":[-1.264590737186599,0.4315551722479547,-0.956898
  Node 3: GeomPackLoadMesh
    Inputs: {"file_path": "3d/cow.off"}
  Node 5: GeomPackSmoothMesh
    Inputs: {"backend": "taubin", "backend.iterations": 5, "backend.lambda_": 1, "backend.mu": -0.8, "trimesh": ["3", 0]}
Generated prompt_id: ae1838d8-e74e-434e-89f0-762cb0dd9f48
Calling execution.validate_prompt()...
Validation result: valid=True
=== Validation PASSED ===
got prompt
[comfy-env] Running GeomPackLoadMesh: file_path: '3d/cow.off'
[SubprocessWorker] call_method: nodes.io.load_mesh.LoadMesh.EXECUTE_NORMALIZED
[SubprocessWorker] acquired lock, ensuring started...
[ComfyUI-GeometryPack] Health check: ping (timeout=5.0s)...
[ComfyUI-GeometryPack] Health check: ok
[SubprocessWorker] worker started/confirmed
[SubprocessWorker] serializing kwargs to shm...
[SubprocessWorker] created 0 shm blocks
[SubprocessWorker] sending request via socket...
[SubprocessWorker] call_id=157 sending call_method
[worker:ComfyUI-GeometryPack] INFO: Found mesh in input folder: 3d/cow.off
[worker:ComfyUI-GeometryPack] INFO: Loading: D:\a\comfy-gpu-ci\comfy-gpu-ci\test_workspaces\GeometryPack-1002\portable-comfyui\ComfyUI_windows_portable\ComfyUI\input\3d/cow.off
[worker:ComfyUI-GeometryPack] INFO: Initial mesh: 2761 vertices, 5520 faces
[worker:ComfyUI-GeometryPack] INFO: Successfully loaded: 2761 vertices, 5520 faces
[worker:ComfyUI-GeometryPack] INFO: Loaded: 2761 vertices, 5520 faces
[SubprocessWorker] got response: ok
[comfy-env] GeomPackLoadMesh done (0.11s): result: NodeOutput
[comfy-env] Running GeomPackSmoothMesh: backend: dict, trimesh: Trimesh
[SubprocessWorker] call_method: nodes.smoothing.smooth.SmoothMeshNode.EXECUTE_NORMALIZED
[SubprocessWorker] acquired lock, ensuring started...
[ComfyUI-GeometryPack] Health check: ping (timeout=5.0s)...
[ComfyUI-GeometryPack] Health check: ok
[SubprocessWorker] worker started/confirmed
[SubprocessWorker] serializing kwargs to shm...
[SubprocessWorker] created 1 shm blocks
[SubprocessWorker] sending request via socket...
[SubprocessWorker] call_id=158 sending call_method
[worker:ComfyUI-GeometryPack] INFO: Smooth dispatch: taubin -> GeomPackSmooth_Taubin
[SubprocessWorker] got response: ok
[comfy-env] GeomPackSmoothMesh done (0.06s): result: NodeOutput
[comfy-env] Running GeomPackSmooth_Taubin: trimesh: Trimesh, iterations: 5, lambda_: 1.0, mu: -0.8
[SubprocessWorker] call_method: nodes.smoothing.smooth_backends.taubin.SmoothTaubinNode.EXECUTE_NORMALIZED
[SubprocessWorker] acquired lock, ensuring started...
[ComfyUI-GeometryPack] Health check: ping (timeout=5.0s)...
[ComfyUI-GeometryPack] Health check: ok
[SubprocessWorker] worker started/confirmed
[SubprocessWorker] serializing kwargs to shm...
[SubprocessWorker] created 1 shm blocks
[SubprocessWorker] sending request via socket...
[SubprocessWorker] call_id=159 sending call_method
[worker:ComfyUI-GeometryPack] INFO: Backend: taubin
[worker:ComfyUI-GeometryPack] INFO: Input: 2761 vertices, 5520 faces
[worker:ComfyUI-GeometryPack] INFO: Parameters: iterations=5, lambda=1.000, mu=-0.800
[worker:ComfyUI-GeometryPack] INFO: Output: 2761 vertices, 5520 faces
[worker:ComfyUI-GeometryPack] INFO: Avg vertex displacement: 0.007834, max: 0.047218
[SubprocessWorker] got response: ok
[comfy-env] GeomPackSmooth_Taubin done (0.36s): result: NodeOutput
[comfy-env] Running GeomPackPreviewMeshDual: layout: 'side_by_side', mode: 'fields', opacity_1: 1.0, opacity_2: 1.0, mesh_1: Trimesh, mesh_2: Trimesh
[SubprocessWorker] call_method: nodes.visualization.preview_mesh_dual.PreviewMeshDualNode.EXECUTE_NORMALIZED
[SubprocessWorker] acquired lock, ensuring started...
[ComfyUI-GeometryPack] Health check: ping (timeout=5.0s)...
[ComfyUI-GeometryPack] Health check: ok
[SubprocessWorker] worker started/confirmed
[SubprocessWorker] serializing kwargs to shm...
[SubprocessWorker] created 2 shm blocks
[SubprocessWorker] sending request via socket...
[SubprocessWorker] call_id=160 sending call_method
[worker:ComfyUI-GeometryPack] INFO: Layout: side_by_side, Mode: fields
[worker:ComfyUI-GeometryPack] INFO: Mesh 1: Mesh - 2761 vertices, 5520 faces
[worker:ComfyUI-GeometryPack] INFO: Mesh 2: Mesh - 2761 vertices, 5520 faces
[worker:ComfyUI-GeometryPack] INFO: Mesh 1 fields: []
[worker:ComfyUI-GeometryPack] INFO: Mesh 2 fields: []
[worker:ComfyUI-GeometryPack] INFO: Common fields: []
[worker:ComfyUI-GeometryPack] INFO: Mesh 1 visual: kind=None, texture=False, vertex_colors=False
[worker:ComfyUI-GeometryPack] INFO: Mesh 2 visual: kind=None, texture=False, vertex_colors=False
[worker:ComfyUI-GeometryPack] INFO: Exported STL: D:\a\comfy-gpu-ci\comfy-gpu-ci\test_workspaces\GeometryPack-1002\portable-comfyui\ComfyUI_windows_portable\ComfyUI\output\preview_dual_1_c53db2ea.stl
[worker:ComfyUI-GeometryPack] INFO: Exported STL: D:\a\comfy-gpu-ci\comfy-gpu-ci\test_workspaces\GeometryPack-1002\portable-comfyui\ComfyUI_windows_portable\ComfyUI\output\preview_dual_2_c53db2ea.stl
[worker:ComfyUI-GeometryPack] INFO: Preview ready
[SubprocessWorker] got response: ok
[comfy-env] GeomPackPreviewMeshDual done (0.14s): result: NodeOutput
Prompt executed in 0.67 seconds
=== /validate endpoint called ===
Received JSON with keys: ['prompt']
Prompt has 8 nodes
  Node 1: GeomPackLoadMesh
    Inputs: {"file_path": "3d/cow.off"}
  Node 2: GeomPackSmoothMesh
    Inputs: {"backend": "taubin", "backend.iterations": 5, "backend.lambda_": 0.5, "backend.mu": -0.53, "trimesh": ["1", 0]}
  Node 3: GeomPackSmoothMesh
    Inputs: {"backend": "laplacian", "backend.iterations": 5, "backend.cotangent_weight": "true", "trimesh": ["1", 0]}
  Node 4: GeomPackSmoothMesh
    Inputs: {"backend": "hc_laplacian", "trimesh": ["1", 0]}
  Node 5: GeomPackSmoothMesh
    Inputs: {"backend": "trimesh_laplacian", "backend.iterations": 7, "backend.lambda_": 0.5, "trimesh": ["1", 0]}
  Node 6: GeomPackSmoothMesh
    Inputs: {"backend": "trimesh_taubin", "backend.iterations": 10, "backend.lambda_": 0.6, "backend.mu": -0.53, "trimesh": ["1", 0]}
  Node 8: GeomPackPreviewMeshMulti
    Inputs: {"mode": "fields", "preview_multi": "{\"show_edges\":true,\"camera_state\":\"{\\\"position\\\":[-0.8124876310583045,0.33787129680966865,-2.241461606161383],\\\"focalPoint\\\":[0,-0.0000846534967422485
  Node 9: GeomPackPreviewMeshMulti
    Inputs: {"mode": "fields", "preview_multi": "{\"show_edges\":true,\"camera_state\":\"{\\\"position\\\":[-0.8124876310583045,0.33787129680966865,-2.241461606161383],\\\"focalPoint\\\":[0,-0.0000846534967422485
Generated prompt_id: 5fc26932-c69e-4b5f-9f20-769e301e7714
Calling execution.validate_prompt()...
Validation result: valid=True
=== Validation PASSED ===
got prompt
[comfy-env] Running GeomPackLoadMesh: file_path: '3d/cow.off'
[SubprocessWorker] call_method: nodes.io.load_mesh.LoadMesh.EXECUTE_NORMALIZED
[SubprocessWorker] acquired lock, ensuring started...
[ComfyUI-GeometryPack] Health check: ping (timeout=5.0s)...
[ComfyUI-GeometryPack] Health check: ok
[SubprocessWorker] worker started/confirmed
[SubprocessWorker] serializing kwargs to shm...
[SubprocessWorker] created 0 shm blocks
[SubprocessWorker] sending request via socket...
[SubprocessWorker] call_id=161 sending call_method
[worker:ComfyUI-GeometryPack] INFO: Found mesh in input folder: 3d/cow.off
[worker:ComfyUI-GeometryPack] INFO: Loading: D:\a\comfy-gpu-ci\comfy-gpu-ci\test_workspaces\GeometryPack-1002\portable-comfyui\ComfyUI_windows_portable\ComfyUI\input\3d/cow.off
[worker:ComfyUI-GeometryPack] INFO: Initial mesh: 2761 vertices, 5520 faces
[worker:ComfyUI-GeometryPack] INFO: Successfully loaded: 2761 vertices, 5520 faces
[worker:ComfyUI-GeometryPack] INFO: Loaded: 2761 vertices, 5520 faces
[SubprocessWorker] got response: ok
[comfy-env] GeomPackLoadMesh done (0.11s): result: NodeOutput
[comfy-env] Running GeomPackSmoothMesh: backend: dict, trimesh: Trimesh
[SubprocessWorker] call_method: nodes.smoothing.smooth.SmoothMeshNode.EXECUTE_NORMALIZED
[SubprocessWorker] acquired lock, ensuring started...
[ComfyUI-GeometryPack] Health check: ping (timeout=5.0s)...
[ComfyUI-GeometryPack] Health check: ok
[SubprocessWorker] worker started/confirmed
[SubprocessWorker] serializing kwargs to shm...
[SubprocessWorker] created 1 shm blocks
[SubprocessWorker] sending request via socket...
[SubprocessWorker] call_id=162 sending call_method
[worker:ComfyUI-GeometryPack] INFO: Smooth dispatch: hc_laplacian -> GeomPackSmooth_HCLaplacian
[SubprocessWorker] got response: ok
[comfy-env] GeomPackSmoothMesh done (0.06s): result: NodeOutput
[comfy-env] Running GeomPackSmoothMesh: backend: dict, trimesh: Trimesh
[SubprocessWorker] call_method: nodes.smoothing.smooth.SmoothMeshNode.EXECUTE_NORMALIZED
[SubprocessWorker] acquired lock, ensuring started...
[ComfyUI-GeometryPack] Health check: ping (timeout=5.0s)...
[ComfyUI-GeometryPack] Health check: ok
[SubprocessWorker] worker started/confirmed
[SubprocessWorker] serializing kwargs to shm...
[SubprocessWorker] created 1 shm blocks
[SubprocessWorker] sending request via socket...
[SubprocessWorker] call_id=163 sending call_method
[worker:ComfyUI-GeometryPack] INFO: Smooth dispatch: laplacian -> GeomPackSmooth_Laplacian
[SubprocessWorker] got response: ok
[comfy-env] GeomPackSmoothMesh done (0.07s): result: NodeOutput
[comfy-env] Running GeomPackSmoothMesh: backend: dict, trimesh: Trimesh
[SubprocessWorker] call_method: nodes.smoothing.smooth.SmoothMeshNode.EXECUTE_NORMALIZED
[SubprocessWorker] acquired lock, ensuring started...
[ComfyUI-GeometryPack] Health check: ping (timeout=5.0s)...
[ComfyUI-GeometryPack] Health check: ok
[SubprocessWorker] worker started/confirmed
[SubprocessWorker] serializing kwargs to shm...
[SubprocessWorker] created 1 shm blocks
[SubprocessWorker] sending request via socket...
[SubprocessWorker] call_id=164 sending call_method
[worker:ComfyUI-GeometryPack] INFO: Smooth dispatch: taubin -> GeomPackSmooth_Taubin
[SubprocessWorker] got response: ok
[comfy-env] GeomPackSmoothMesh done (0.06s): result: NodeOutput
[comfy-env] Running GeomPackSmoothMesh: backend: dict, trimesh: Trimesh
[SubprocessWorker] call_method: nodes.smoothing.smooth.SmoothMeshNode.EXECUTE_NORMALIZED
[SubprocessWorker] acquired lock, ensuring started...
[ComfyUI-GeometryPack] Health check: ping (timeout=5.0s)...
[ComfyUI-GeometryPack] Health check: ok
[SubprocessWorker] worker started/confirmed
[SubprocessWorker] serializing kwargs to shm...
[SubprocessWorker] created 1 shm blocks
[SubprocessWorker] sending request via socket...
[SubprocessWorker] call_id=165 sending call_method
[worker:ComfyUI-GeometryPack] INFO: Smooth dispatch: trimesh_laplacian -> GeomPackSmooth_TrimeshLaplacian
[SubprocessWorker] got response: ok
[comfy-env] GeomPackSmoothMesh done (0.06s): result: NodeOutput
[comfy-env] Running GeomPackSmoothMesh: backend: dict, trimesh: Trimesh
[SubprocessWorker] call_method: nodes.smoothing.smooth.SmoothMeshNode.EXECUTE_NORMALIZED
[SubprocessWorker] acquired lock, ensuring started...
[ComfyUI-GeometryPack] Health check: ping (timeout=5.0s)...
[ComfyUI-GeometryPack] Health check: ok
[SubprocessWorker] worker started/confirmed
[SubprocessWorker] serializing kwargs to shm...
[SubprocessWorker] created 1 shm blocks
[SubprocessWorker] sending request via socket...
[SubprocessWorker] call_id=166 sending call_method
[worker:ComfyUI-GeometryPack] INFO: Smooth dispatch: trimesh_taubin -> GeomPackSmooth_TrimeshTaubin
[SubprocessWorker] got response: ok
[comfy-env] GeomPackSmoothMesh done (0.07s): result: NodeOutput
[comfy-env] Running GeomPackSmooth_HCLaplacian: trimesh: Trimesh
[SubprocessWorker] call_method: nodes.smoothing.smooth_backends.hc_laplacian.SmoothHCLaplacianNode.EXECUTE_NORMALIZED
[SubprocessWorker] acquired lock, ensuring started...
[ComfyUI-GeometryPack] Health check: ping (timeout=5.0s)...
[ComfyUI-GeometryPack] Health check: ok
[SubprocessWorker] worker started/confirmed
[SubprocessWorker] serializing kwargs to shm...
[SubprocessWorker] created 1 shm blocks
[SubprocessWorker] sending request via socket...
[SubprocessWorker] call_id=167 sending call_method
[worker:ComfyUI-GeometryPack] INFO: Backend: hc_laplacian
[worker:ComfyUI-GeometryPack] INFO: Input: 2761 vertices, 5520 faces
[worker:ComfyUI-GeometryPack] INFO: Output: 2761 vertices, 5520 faces
[worker:ComfyUI-GeometryPack] INFO: Avg vertex displacement: 0.003891, max: 0.020931
[SubprocessWorker] got response: ok
[comfy-env] GeomPackSmooth_HCLaplacian done (0.09s): result: NodeOutput
[comfy-env] Running GeomPackSmooth_Laplacian: trimesh: Trimesh, iterations: 5, cotangent_weight: 'true'
[SubprocessWorker] call_method: nodes.smoothing.smooth_backends.laplacian.SmoothLaplacianNode.EXECUTE_NORMALIZED
[SubprocessWorker] acquired lock, ensuring started...
[ComfyUI-GeometryPack] Health check: ping (timeout=5.0s)...
[ComfyUI-GeometryPack] Health check: ok
[SubprocessWorker] worker started/confirmed
[SubprocessWorker] serializing kwargs to shm...
[SubprocessWorker] created 1 shm blocks
[SubprocessWorker] sending request via socket...
[SubprocessWorker] call_id=168 sending call_method
[worker:ComfyUI-GeometryPack] INFO: Backend: laplacian
[worker:ComfyUI-GeometryPack] INFO: Input: 2761 vertices, 5520 faces
[worker:ComfyUI-GeometryPack] INFO: Parameters: iterations=5, cotangent_weight=True
[worker:ComfyUI-GeometryPack] INFO: Output: 2761 vertices, 5520 faces
[worker:ComfyUI-GeometryPack] INFO: Avg vertex displacement: 0.005665, max: 0.030324
[SubprocessWorker] got response: ok
[comfy-env] GeomPackSmooth_Laplacian done (0.10s): result: NodeOutput
[comfy-env] Running GeomPackSmooth_Taubin: trimesh: Trimesh, iterations: 5, lambda_: 0.5, mu: -0.53
[SubprocessWorker] call_method: nodes.smoothing.smooth_backends.taubin.SmoothTaubinNode.EXECUTE_NORMALIZED
[SubprocessWorker] acquired lock, ensuring started...
[ComfyUI-GeometryPack] Health check: ping (timeout=5.0s)...
[ComfyUI-GeometryPack] Health check: ok
[SubprocessWorker] worker started/confirmed
[SubprocessWorker] serializing kwargs to shm...
[SubprocessWorker] created 1 shm blocks
[SubprocessWorker] sending request via socket...
[SubprocessWorker] call_id=169 sending call_method
[worker:ComfyUI-GeometryPack] 
=== WATCHDOG TICK 1 ===
[worker:ComfyUI-GeometryPack] INFO: Backend: taubin
[worker:ComfyUI-GeometryPack] Thread 0x00002474 (most recent call first):
  File "C:\Users\stduser\AppData\Local\Programs\comfy-env\.pixi\envs\geometrypack-nodes\Lib\threading.py", line 363 in wait
  File "C:\Users\stduser\AppData\Local\Programs\comfy-env\.pixi\envs\geometrypack-nodes\Lib\threading.py", line 660 in wait
  File "C:\Users\stduser\AppData\Local\Programs\comfy-env\.pixi\envs\geometrypack-nodes\Lib\site-packages\tqdm\_monitor.py", line 60 in run
  File "C:\Users\stduser\AppData\Local\Programs\comfy-env\.pixi\envs\geometrypack-nodes\Lib\threading.py", line 1044 in _bootstrap_inner
  File "C:\Users\stduser\AppData\Local\Programs\comfy-env\.pixi\envs\geometrypack-nodes\Lib\threading.py", line 1015 in _bootstrap

Current thread 0x00001320 (most recent call first):
  File "C:\Users\stduser\AppData\Local\Temp\comfyui_pvenv_hyjqyn9e\persistent_worker.py", line 52 in _watchdog
  File "C:\Users\stduser\AppData\Local\Programs\comfy-env\.pixi\envs\geometrypack-nodes\Lib\threading.py", line 995 in run
  File "C:\Users\stduser\AppData\Local\Programs\comfy-env\.pixi\envs\geometrypack-nodes\Lib\threading.py", line 1044 in _bootstrap_inner
  File "C:\Users\stduser\AppData\Local\Programs\comfy-env\.pixi\envs\geometrypack-nodes\Lib\threading.py", line 1015 in _bootstrap

Thread 0x00000508 (most recent call first):
  File "C:\Users\stduser\AppData\Local\Temp\comfyui_pvenv_hyjqyn9e\persistent_worker.py", line 86 in wlog
  File "C:\Users\stduser\AppData\Local\Temp\comfyui_pvenv_hyjqyn9e\persistent_worker.py", line 1754 in main
  File "C:\Users\stduser\AppData\Local\Temp\comfyui_pvenv_hyjqyn9e\persistent_worker.py", line 1807 in <module>

[worker:ComfyUI-GeometryPack] INFO: Input: 2761 vertices, 5520 faces
[worker:ComfyUI-GeometryPack] === END ===

[worker:ComfyUI-GeometryPack] INFO: Parameters: iterations=5, lambda=0.500, mu=-0.530
[worker:ComfyUI-GeometryPack] INFO: Output: 2761 vertices, 5520 faces
[worker:ComfyUI-GeometryPack] INFO: Avg vertex displacement: 0.003815, max: 0.025956
[SubprocessWorker] got response: ok
[comfy-env] GeomPackSmooth_Taubin done (0.12s): result: NodeOutput
[comfy-env] Running GeomPackPreviewMeshMulti: mode: 'fields', mesh_1: Trimesh, mesh_2: Trimesh, mesh_3: Trimesh, mesh_4: Trimesh
[SubprocessWorker] call_method: nodes.visualization.preview_mesh_multi.PreviewMeshMultiNode.EXECUTE_NORMALIZED
[SubprocessWorker] acquired lock, ensuring started...
[ComfyUI-GeometryPack] Health check: ping (timeout=5.0s)...
[ComfyUI-GeometryPack] Health check: ok
[SubprocessWorker] worker started/confirmed
[SubprocessWorker] serializing kwargs to shm...
[SubprocessWorker] created 4 shm blocks
[SubprocessWorker] sending request via socket...
[SubprocessWorker] call_id=170 sending call_method
[worker:ComfyUI-GeometryPack] INFO: Mode: fields, Meshes: 4
[worker:ComfyUI-GeometryPack] INFO: Mesh 1: Mesh - 2761 vertices, 5520 faces
[worker:ComfyUI-GeometryPack] INFO: Exporting mesh to VTP: D:\a\comfy-gpu-ci\comfy-gpu-ci\test_workspaces\GeometryPack-1002\portable-comfyui\ComfyUI_windows_portable\ComfyUI\output\preview_multi_1_0a78e1d5.vtp
[worker:ComfyUI-GeometryPack] INFO: Adding normals field (2761 vertices)
[worker:ComfyUI-GeometryPack] INFO: Export complete: 2761 vertices, 5520 faces
[worker:ComfyUI-GeometryPack] INFO: Exported VTP: D:\a\comfy-gpu-ci\comfy-gpu-ci\test_workspaces\GeometryPack-1002\portable-comfyui\ComfyUI_windows_portable\ComfyUI\output\preview_multi_1_0a78e1d5.vtp
[worker:ComfyUI-GeometryPack] INFO: Mesh 2: Mesh - 2761 vertices, 5520 faces
[worker:ComfyUI-GeometryPack] INFO: Exporting mesh to VTP: D:\a\comfy-gpu-ci\comfy-gpu-ci\test_workspaces\GeometryPack-1002\portable-comfyui\ComfyUI_windows_portable\ComfyUI\output\preview_multi_2_0a78e1d5.vtp
[worker:ComfyUI-GeometryPack] INFO: Adding normals field (2761 vertices)
[worker:ComfyUI-GeometryPack] INFO: Export complete: 2761 vertices, 5520 faces
[worker:ComfyUI-GeometryPack] INFO: Exported VTP: D:\a\comfy-gpu-ci\comfy-gpu-ci\test_workspaces\GeometryPack-1002\portable-comfyui\ComfyUI_windows_portable\ComfyUI\output\preview_multi_2_0a78e1d5.vtp
[worker:ComfyUI-GeometryPack] INFO: Mesh 3: Mesh - 2761 vertices, 5520 faces
[worker:ComfyUI-GeometryPack] INFO: Exporting mesh to VTP: D:\a\comfy-gpu-ci\comfy-gpu-ci\test_workspaces\GeometryPack-1002\portable-comfyui\ComfyUI_windows_portable\ComfyUI\output\preview_multi_3_0a78e1d5.vtp
[worker:ComfyUI-GeometryPack] INFO: Adding normals field (2761 vertices)
[worker:ComfyUI-GeometryPack] INFO: Export complete: 2761 vertices, 5520 faces
[worker:ComfyUI-GeometryPack] INFO: Exported VTP: D:\a\comfy-gpu-ci\comfy-gpu-ci\test_workspaces\GeometryPack-1002\portable-comfyui\ComfyUI_windows_portable\ComfyUI\output\preview_multi_3_0a78e1d5.vtp
[worker:ComfyUI-GeometryPack] INFO: Mesh 4: Mesh - 2761 vertices, 5520 faces
[worker:ComfyUI-GeometryPack] INFO: Exporting mesh to VTP: D:\a\comfy-gpu-ci\comfy-gpu-ci\test_workspaces\GeometryPack-1002\portable-comfyui\ComfyUI_windows_portable\ComfyUI\output\preview_multi_4_0a78e1d5.vtp
[worker:ComfyUI-GeometryPack] INFO: Adding normals field (2761 vertices)
[worker:ComfyUI-GeometryPack] INFO: Export complete: 2761 vertices, 5520 faces
[worker:ComfyUI-GeometryPack] INFO: Exported VTP: D:\a\comfy-gpu-ci\comfy-gpu-ci\test_workspaces\GeometryPack-1002\portable-comfyui\ComfyUI_windows_portable\ComfyUI\output\preview_multi_4_0a78e1d5.vtp
[worker:ComfyUI-GeometryPack] INFO: Grid: 2x2, Preview ready
[SubprocessWorker] got response: ok
[comfy-env] GeomPackPreviewMeshMulti done (0.34s): result: NodeOutput
[comfy-env] Running GeomPackSmooth_TrimeshLaplacian: trimesh: Trimesh, iterations: 7, lambda_: 0.5
[SubprocessWorker] call_method: nodes.smoothing.smooth_backends.trimesh_laplacian.SmoothTrimeshLaplacianNode.EXECUTE_NORMALIZED
[SubprocessWorker] acquired lock, ensuring started...
[ComfyUI-GeometryPack] Health check: ping (timeout=5.0s)...
[ComfyUI-GeometryPack] Health check: ok
[SubprocessWorker] worker started/confirmed
[SubprocessWorker] serializing kwargs to shm...
[SubprocessWorker] created 1 shm blocks
[SubprocessWorker] sending request via socket...
[SubprocessWorker] call_id=171 sending call_method
[worker:ComfyUI-GeometryPack] INFO: Backend: trimesh_laplacian
[worker:ComfyUI-GeometryPack] INFO: Input: 2761 vertices, 5520 faces
[worker:ComfyUI-GeometryPack] INFO: Parameters: iterations=7, lambda=0.500
[worker:ComfyUI-GeometryPack] INFO: Output: 2761 vertices, 5520 faces
[worker:ComfyUI-GeometryPack] INFO: Avg vertex displacement: 0.013786, max: 0.047123
[SubprocessWorker] got response: ok
[comfy-env] GeomPackSmooth_TrimeshLaplacian done (0.16s): result: NodeOutput
[comfy-env] Running GeomPackSmooth_TrimeshTaubin: trimesh: Trimesh, iterations: 10, lambda_: 0.6, mu: -0.53
[SubprocessWorker] call_method: nodes.smoothing.smooth_backends.trimesh_taubin.SmoothTrimeshTaubinNode.EXECUTE_NORMALIZED
[SubprocessWorker] acquired lock, ensuring started...
[ComfyUI-GeometryPack] Health check: ping (timeout=5.0s)...
[ComfyUI-GeometryPack] Health check: ok
[SubprocessWorker] worker started/confirmed
[SubprocessWorker] serializing kwargs to shm...
[SubprocessWorker] created 1 shm blocks
[SubprocessWorker] sending request via socket...
[SubprocessWorker] call_id=172 sending call_method
[worker:ComfyUI-GeometryPack] INFO: Backend: trimesh_taubin
[worker:ComfyUI-GeometryPack] INFO: Input: 2761 vertices, 5520 faces
[worker:ComfyUI-GeometryPack] INFO: Parameters: iterations=10, lambda=0.600, mu=-0.530
[worker:ComfyUI-GeometryPack] INFO: Output: 2761 vertices, 5520 faces
[worker:ComfyUI-GeometryPack] INFO: Avg vertex displacement: 0.013246, max: 0.069047
[SubprocessWorker] got response: ok
[comfy-env] GeomPackSmooth_TrimeshTaubin done (0.12s): result: NodeOutput
[comfy-env] Running GeomPackPreviewMeshMulti: mode: 'fields', mesh_1: Trimesh, mesh_2: Trimesh
[SubprocessWorker] call_method: nodes.visualization.preview_mesh_multi.PreviewMeshMultiNode.EXECUTE_NORMALIZED
[SubprocessWorker] acquired lock, ensuring started...
[ComfyUI-GeometryPack] Health check: ping (timeout=5.0s)...
[ComfyUI-GeometryPack] Health check: ok
[SubprocessWorker] worker started/confirmed
[SubprocessWorker] serializing kwargs to shm...
[SubprocessWorker] created 2 shm blocks
[SubprocessWorker] sending request via socket...
[SubprocessWorker] call_id=173 sending call_method
[worker:ComfyUI-GeometryPack] INFO: Mode: fields, Meshes: 2
[worker:ComfyUI-GeometryPack] INFO: Mesh 1: Mesh - 2761 vertices, 5520 faces
[worker:ComfyUI-GeometryPack] INFO: Exporting mesh to VTP: D:\a\comfy-gpu-ci\comfy-gpu-ci\test_workspaces\GeometryPack-1002\portable-comfyui\ComfyUI_windows_portable\ComfyUI\output\preview_multi_1_b03bef9a.vtp
[worker:ComfyUI-GeometryPack] INFO: Adding normals field (2761 vertices)
[worker:ComfyUI-GeometryPack] INFO: Export complete: 2761 vertices, 5520 faces
[worker:ComfyUI-GeometryPack] INFO: Exported VTP: D:\a\comfy-gpu-ci\comfy-gpu-ci\test_workspaces\GeometryPack-1002\portable-comfyui\ComfyUI_windows_portable\ComfyUI\output\preview_multi_1_b03bef9a.vtp
[worker:ComfyUI-GeometryPack] INFO: Mesh 2: Mesh - 2761 vertices, 5520 faces
[worker:ComfyUI-GeometryPack] INFO: Exporting mesh to VTP: D:\a\comfy-gpu-ci\comfy-gpu-ci\test_workspaces\GeometryPack-1002\portable-comfyui\ComfyUI_windows_portable\ComfyUI\output\preview_multi_2_b03bef9a.vtp
[worker:ComfyUI-GeometryPack] INFO: Adding normals field (2761 vertices)
[worker:ComfyUI-GeometryPack] INFO: Export complete: 2761 vertices, 5520 faces
[worker:ComfyUI-GeometryPack] INFO: Exported VTP: D:\a\comfy-gpu-ci\comfy-gpu-ci\test_workspaces\GeometryPack-1002\portable-comfyui\ComfyUI_windows_portable\ComfyUI\output\preview_multi_2_b03bef9a.vtp
[worker:ComfyUI-GeometryPack] INFO: Grid: 2x1, Preview ready
[SubprocessWorker] got response: ok
[comfy-env] GeomPackPreviewMeshMulti done (0.52s): result: NodeOutput
Prompt executed in 1.88 seconds
=== /validate endpoint called ===
Received JSON with keys: ['prompt']
Prompt has 4 nodes
  Node 20: GeomPackLoadMesh
    Inputs: {"file_path": "3d/Stanford_Bunny.stl"}
  Node 21: GeomPackMeshToPointCloud
    Inputs: {"mode": "surface_sampling", "sample_count": 10000, "sampling_method": "uniform", "include_normals": "true", "trimesh": ["20", 0]}
  Node 22: GeomPackReconstructSurface
    Inputs: {"backend": "poisson", "backend.poisson_depth": 8, "backend.poisson_scale": 1.1, "backend.estimate_normals": "true", "backend.normal_radius": 0.1, "report_panel": "false", "points": ["21", 0]}
  Node 28: GeomPackPreviewMeshDual
    Inputs: {"layout": "side_by_side", "mode": "fields", "opacity_1": 1, "opacity_2": 1, "preview_dual": "{\"show_edges\":true,\"camera_state\":\"\",\"selected_field\":\"\",\"selected_channel\":\"magnitude\",\"se
Generated prompt_id: c1a96ac1-e8bf-415b-b094-aac947afbd98
Calling execution.validate_prompt()...
Validation result: valid=True
=== Validation PASSED ===
got prompt
[comfy-env] Running GeomPackLoadMesh: file_path: '3d/Stanford_Bunny.stl'
[SubprocessWorker] call_method: nodes.io.load_mesh.LoadMesh.EXECUTE_NORMALIZED
[SubprocessWorker] acquired lock, ensuring started...
[ComfyUI-GeometryPack] Health check: ping (timeout=5.0s)...
[ComfyUI-GeometryPack] Health check: ok
[SubprocessWorker] worker started/confirmed
[SubprocessWorker] serializing kwargs to shm...
[SubprocessWorker] created 0 shm blocks
[SubprocessWorker] sending request via socket...
[SubprocessWorker] call_id=174 sending call_method
[worker:ComfyUI-GeometryPack] INFO: Found mesh in input folder: 3d/Stanford_Bunny.stl
[worker:ComfyUI-GeometryPack] INFO: Loading: D:\a\comfy-gpu-ci\comfy-gpu-ci\test_workspaces\GeometryPack-1002\portable-comfyui\ComfyUI_windows_portable\ComfyUI\input\3d/Stanford_Bunny.stl
[worker:ComfyUI-GeometryPack] INFO: Initial mesh: 56203 vertices, 112402 faces
[worker:ComfyUI-GeometryPack] INFO: Successfully loaded: 56203 vertices, 112402 faces
[worker:ComfyUI-GeometryPack] INFO: Loaded: 56203 vertices, 112402 faces
[SubprocessWorker] got response: ok
[comfy-env] GeomPackLoadMesh done (0.44s): result: NodeOutput
[comfy-env] Running GeomPackMeshToPointCloud: mode: 'surface_sampling', sample_count: 10000, sampling_method: 'uniform', include_normals: 'true', trimesh: Trimesh
[SubprocessWorker] call_method: nodes.conversion.mesh_to_pointcloud.MeshToPointCloudNode.EXECUTE_NORMALIZED
[SubprocessWorker] acquired lock, ensuring started...
[ComfyUI-GeometryPack] Health check: ping (timeout=5.0s)...
[ComfyUI-GeometryPack] Health check: ok
[SubprocessWorker] worker started/confirmed
[SubprocessWorker] serializing kwargs to shm...
[SubprocessWorker] created 1 shm blocks
[SubprocessWorker] sending request via socket...
[SubprocessWorker] call_id=175 sending call_method
[worker:ComfyUI-GeometryPack] INFO: Sampling 10,000 points using uniform method
[worker:ComfyUI-GeometryPack] INFO: Generated point cloud with 10,000 points
[SubprocessWorker] got response: ok
[comfy-env] GeomPackMeshToPointCloud done (0.16s): result: NodeOutput
[comfy-env] Running GeomPackReconstructSurface: backend: dict, points: Trimesh
[SubprocessWorker] call_method: nodes.reconstruction.reconstruct_surface.ReconstructSurfaceNode.EXECUTE_NORMALIZED
[SubprocessWorker] acquired lock, ensuring started...
[ComfyUI-GeometryPack] Health check: ping (timeout=5.0s)...
[ComfyUI-GeometryPack] Health check: ok
[SubprocessWorker] worker started/confirmed
[SubprocessWorker] serializing kwargs to shm...
[SubprocessWorker] created 1 shm blocks
[SubprocessWorker] sending request via socket...
[SubprocessWorker] call_id=176 sending call_method
[worker:ComfyUI-GeometryPack] INFO: Reconstruct dispatch: poisson -> GeomPackReconstruct_Poisson
[SubprocessWorker] got response: ok
[comfy-env] GeomPackReconstructSurface done (0.07s): result: NodeOutput
[comfy-env] Running GeomPackReconstruct_Poisson: points: Trimesh, poisson_depth: 8, poisson_scale: 1.1, estimate_normals: 'true', normal_radius: 0.1
[SubprocessWorker] call_method: nodes.reconstruction.backends.poisson.ReconstructPoissonNode.EXECUTE_NORMALIZED
[SubprocessWorker] acquired lock, ensuring started...
[ComfyUI-GeometryPack] Health check: ping (timeout=5.0s)...
[ComfyUI-GeometryPack] Health check: ok
[SubprocessWorker] worker started/confirmed
[SubprocessWorker] serializing kwargs to shm...
[SubprocessWorker] created 1 shm blocks
[SubprocessWorker] sending request via socket...
[SubprocessWorker] call_id=177 sending call_method
[worker:ComfyUI-GeometryPack] INFO: Backend: poisson
[worker:ComfyUI-GeometryPack] INFO: Using normals from input
[worker:ComfyUI-GeometryPack] INFO: Using PyMeshLab Poisson reconstruction...
[SubprocessWorker] got response: ok
[comfy-env] GeomPackReconstruct_Poisson done (3.16s): result: NodeOutput
[comfy-env] Running GeomPackPreviewMeshDual: layout: 'side_by_side', mode: 'fields', opacity_1: 1.0, opacity_2: 1.0, mesh_1: Trimesh, mesh_2: Trimesh
[SubprocessWorker] call_method: nodes.visualization.preview_mesh_dual.PreviewMeshDualNode.EXECUTE_NORMALIZED
[SubprocessWorker] acquired lock, ensuring started...
[ComfyUI-GeometryPack] Health check: ping (timeout=5.0s)...
[ComfyUI-GeometryPack] Health check: ok
[SubprocessWorker] worker started/confirmed
[SubprocessWorker] serializing kwargs to shm...
[SubprocessWorker] created 2 shm blocks
[SubprocessWorker] sending request via socket...
[SubprocessWorker] call_id=178 sending call_method
[worker:ComfyUI-GeometryPack] INFO: Layout: side_by_side, Mode: fields
[worker:ComfyUI-GeometryPack] INFO: Mesh 1: Mesh - 56203 vertices, 112402 faces
[worker:ComfyUI-GeometryPack] INFO: Mesh 2: Mesh - 43733 vertices, 87486 faces
[worker:ComfyUI-GeometryPack] INFO: Mesh 1 fields: ['face.stl']
[worker:ComfyUI-GeometryPack] INFO: Mesh 2 fields: []
[worker:ComfyUI-GeometryPack] INFO: Common fields: []
[worker:ComfyUI-GeometryPack] INFO: Mesh 1 visual: kind=None, texture=False, vertex_colors=False
[worker:ComfyUI-GeometryPack] INFO: Mesh 2 visual: kind=None, texture=False, vertex_colors=False
[worker:ComfyUI-GeometryPack] INFO: Exporting mesh to VTP: D:\a\comfy-gpu-ci\comfy-gpu-ci\test_workspaces\GeometryPack-1002\portable-comfyui\ComfyUI_windows_portable\ComfyUI\output\preview_dual_1_ace66da4.vtp
[worker:ComfyUI-GeometryPack] INFO: Adding normals field (56203 vertices)
[worker:ComfyUI-GeometryPack] INFO: Adding face field: stl
[worker:ComfyUI-GeometryPack] INFO: Export complete: 56203 vertices, 112402 faces
[worker:ComfyUI-GeometryPack] INFO: Exported VTP with fields: D:\a\comfy-gpu-ci\comfy-gpu-ci\test_workspaces\GeometryPack-1002\portable-comfyui\ComfyUI_windows_portable\ComfyUI\output\preview_dual_1_ace66da4.vtp
[worker:ComfyUI-GeometryPack] INFO: Exported STL: D:\a\comfy-gpu-ci\comfy-gpu-ci\test_workspaces\GeometryPack-1002\portable-comfyui\ComfyUI_windows_portable\ComfyUI\output\preview_dual_2_ace66da4.stl
[worker:ComfyUI-GeometryPack] INFO: Preview ready
[SubprocessWorker] got response: ok
[comfy-env] GeomPackPreviewMeshDual done (1.63s): result: NodeOutput
Prompt executed in 5.46 seconds
=== /validate endpoint called ===
Received JSON with keys: ['prompt']
Prompt has 3 nodes
  Node 1: GeomPackLoadMeshBlend
    Inputs: {"file_path": "3d/coca_cola.blend", "report_panel": "false"}
  Node 2: GeomPackLoadMeshFBX
    Inputs: {"file_path": "3d/rigged_human.fbx", "report_panel": "false"}
  Node 3: GeomPackPreviewMeshDual
    Inputs: {"layout": "side_by_side", "mode": "fields", "opacity_1": 1, "opacity_2": 1, "preview_dual": "{\"show_edges\":false,\"camera_state\":\"\",\"selected_field\":\"\",\"selected_channel\":\"magnitude\",\"s
Generated prompt_id: ddbd343c-d588-402f-bbb9-1bde8a07c179
Calling execution.validate_prompt()...
Validation result: valid=True
=== Validation PASSED ===
got prompt
[comfy-env] Running GeomPackLoadMeshFBX: file_path: '3d/rigged_human.fbx'
[SubprocessWorker] call_method: nodes.blender_io.load_mesh_fbx.LoadMeshFBX.EXECUTE_NORMALIZED
[SubprocessWorker] acquired lock, ensuring started...
[ComfyUI-GeometryPack] Health check: ping (timeout=5.0s)...
[ComfyUI-GeometryPack] Health check: ok
[SubprocessWorker] worker started/confirmed
[SubprocessWorker] serializing kwargs to shm...
[SubprocessWorker] created 0 shm blocks
[SubprocessWorker] sending request via socket...
[SubprocessWorker] call_id=179 sending call_method
[worker:ComfyUI-GeometryPack] INFO: Found FBX in input folder: 3d/rigged_human.fbx
[worker:ComfyUI-GeometryPack] INFO: Loading via bpy: D:\a\comfy-gpu-ci\comfy-gpu-ci\test_workspaces\GeometryPack-1002\portable-comfyui\ComfyUI_windows_portable\ComfyUI\input\3d/rigged_human.fbx
[worker:ComfyUI-GeometryPack] FBX version: 7400
[worker:ComfyUI-GeometryPack] INFO: Loaded: 32327 vertices, 50000 faces
[SubprocessWorker] got response: ok
[comfy-env] GeomPackLoadMeshFBX done (7.41s): result: NodeOutput
[comfy-env] Running GeomPackLoadMeshBlend: file_path: '3d/coca_cola.blend'
[SubprocessWorker] call_method: nodes.blender_io.load_mesh_blend.LoadMeshBlend.EXECUTE_NORMALIZED
[SubprocessWorker] acquired lock, ensuring started...
[ComfyUI-GeometryPack] Health check: ping (timeout=5.0s)...
[ComfyUI-GeometryPack] Health check: ok
[SubprocessWorker] worker started/confirmed
[SubprocessWorker] serializing kwargs to shm...
[SubprocessWorker] created 0 shm blocks
[SubprocessWorker] sending request via socket...
[SubprocessWorker] call_id=180 sending call_method
[worker:ComfyUI-GeometryPack] INFO: Found .blend in input folder: 3d/coca_cola.blend
[worker:ComfyUI-GeometryPack] INFO: Loading via bpy: D:\a\comfy-gpu-ci\comfy-gpu-ci\test_workspaces\GeometryPack-1002\portable-comfyui\ComfyUI_windows_portable\ComfyUI\input\3d/coca_cola.blend
[worker:ComfyUI-GeometryPack] INFO: Loaded: 36696 vertices, 73216 faces
[SubprocessWorker] got response: ok
[comfy-env] GeomPackLoadMeshBlend done (0.70s): result: NodeOutput
[comfy-env] Running GeomPackPreviewMeshDual: layout: 'side_by_side', mode: 'fields', opacity_1: 1.0, opacity_2: 1.0, mesh_1: Trimesh, mesh_2: Trimesh
[SubprocessWorker] call_method: nodes.visualization.preview_mesh_dual.PreviewMeshDualNode.EXECUTE_NORMALIZED
[SubprocessWorker] acquired lock, ensuring started...
[ComfyUI-GeometryPack] Health check: ping (timeout=5.0s)...
[ComfyUI-GeometryPack] Health check: ok
[SubprocessWorker] worker started/confirmed
[SubprocessWorker] serializing kwargs to shm...
[SubprocessWorker] created 2 shm blocks
[SubprocessWorker] sending request via socket...
[SubprocessWorker] call_id=181 sending call_method
[worker:ComfyUI-GeometryPack] INFO: Layout: side_by_side, Mode: fields
[worker:ComfyUI-GeometryPack] INFO: Mesh 1: Mesh - 36696 vertices, 73216 faces
[worker:ComfyUI-GeometryPack] INFO: Mesh 2: Mesh - 32327 vertices, 50000 faces
[worker:ComfyUI-GeometryPack] INFO: Mesh 1 fields: []
[worker:ComfyUI-GeometryPack] INFO: Mesh 2 fields: []
[worker:ComfyUI-GeometryPack] INFO: Common fields: []
[worker:ComfyUI-GeometryPack] INFO: Mesh 1 visual: kind=None, texture=False, vertex_colors=False
[worker:ComfyUI-GeometryPack] INFO: Mesh 2 visual: kind=None, texture=False, vertex_colors=False
[worker:ComfyUI-GeometryPack] INFO: Exported STL: D:\a\comfy-gpu-ci\comfy-gpu-ci\test_workspaces\GeometryPack-1002\portable-comfyui\ComfyUI_windows_portable\ComfyUI\output\preview_dual_1_225923ea.stl
[worker:ComfyUI-GeometryPack] INFO: Exported STL: D:\a\comfy-gpu-ci\comfy-gpu-ci\test_workspaces\GeometryPack-1002\portable-comfyui\ComfyUI_windows_portable\ComfyUI\output\preview_dual_2_225923ea.stl
[worker:ComfyUI-GeometryPack] INFO: Preview ready
[SubprocessWorker] got response: ok
[comfy-env] GeomPackPreviewMeshDual done (0.25s): result: NodeOutput
Prompt executed in 8.36 seconds
=== /validate endpoint called ===
Received JSON with keys: ['prompt']
Prompt has 3 nodes
  Node 2: GeomPackTransformMesh
    Inputs: {"operation": "translate", "operation.translate_x": 0.5, "operation.translate_y": 0.5, "operation.translate_z": 2, "report_panel": "false", "trimesh": ["5", 0]}
  Node 5: GeomPackCreatePrimitive
    Inputs: {"shape": "cube", "size": 1, "subdivisions": 2}
  Node 6: GeomPackPreviewMeshDual
    Inputs: {"layout": "overlay", "mode": "fields", "opacity_1": 1, "opacity_2": 1, "preview_dual": "{\"show_edges\":true,\"camera_state\":\"\",\"selected_field\":\"\",\"selected_channel\":\"magnitude\",\"selecte
Generated prompt_id: 23f72be5-f012-4389-9c30-36734e8c8552
Calling execution.validate_prompt()...
Validation result: valid=True
=== Validation PASSED ===
got prompt
[comfy-env] Running GeomPackCreatePrimitive: shape: 'cube', size: 1.0, subdivisions: 2
[SubprocessWorker] call_method: nodes.primitives.create_primitive.CreatePrimitive.EXECUTE_NORMALIZED
[SubprocessWorker] acquired lock, ensuring started...
[ComfyUI-GeometryPack] Health check: ping (timeout=5.0s)...
[ComfyUI-GeometryPack] Health check: ok
[SubprocessWorker] worker started/confirmed
[SubprocessWorker] serializing kwargs to shm...
[SubprocessWorker] created 0 shm blocks
[SubprocessWorker] sending request via socket...
[SubprocessWorker] call_id=182 sending call_method
[worker:ComfyUI-GeometryPack] INFO: Created cube: 8 vertices, 12 faces
[SubprocessWorker] got response: ok
[comfy-env] GeomPackCreatePrimitive done (0.06s): result: NodeOutput
[comfy-env] Running GeomPackTransformMesh: operation: dict, trimesh: Trimesh
[SubprocessWorker] call_method: nodes.transforms.transform.TransformMeshNode.EXECUTE_NORMALIZED
[SubprocessWorker] acquired lock, ensuring started...
[ComfyUI-GeometryPack] Health check: ping (timeout=5.0s)...
[ComfyUI-GeometryPack] Health check: ok
[SubprocessWorker] worker started/confirmed
[SubprocessWorker] serializing kwargs to shm...
[SubprocessWorker] created 1 shm blocks
[SubprocessWorker] sending request via socket...
[SubprocessWorker] call_id=183 sending call_method
[worker:ComfyUI-GeometryPack] INFO: Input: 8 vertices, 12 faces
[worker:ComfyUI-GeometryPack] INFO: Operation: translate
[worker:ComfyUI-GeometryPack] INFO: Complete
[SubprocessWorker] got response: ok
[comfy-env] GeomPackTransformMesh done (0.08s): result: NodeOutput
[comfy-env] Running GeomPackPreviewMeshDual: layout: 'overlay', mode: 'fields', opacity_1: 1.0, opacity_2: 1.0, mesh_1: Trimesh, mesh_2: Trimesh
[SubprocessWorker] call_method: nodes.visualization.preview_mesh_dual.PreviewMeshDualNode.EXECUTE_NORMALIZED
[SubprocessWorker] acquired lock, ensuring started...
[ComfyUI-GeometryPack] Health check: ping (timeout=5.0s)...
[ComfyUI-GeometryPack] Health check: ok
[SubprocessWorker] worker started/confirmed
[SubprocessWorker] serializing kwargs to shm...
[SubprocessWorker] created 2 shm blocks
[SubprocessWorker] sending request via socket...
[SubprocessWorker] call_id=184 sending call_method
[worker:ComfyUI-GeometryPack] INFO: Layout: overlay, Mode: fields
[worker:ComfyUI-GeometryPack] INFO: Mesh 1: Mesh - 8 vertices, 12 faces
[worker:ComfyUI-GeometryPack] INFO: Mesh 2: Mesh - 8 vertices, 12 faces
[worker:ComfyUI-GeometryPack] INFO: Mesh 1 fields: []
[worker:ComfyUI-GeometryPack] INFO: Mesh 2 fields: []
[worker:ComfyUI-GeometryPack] INFO: Common fields: []
[worker:ComfyUI-GeometryPack] INFO: Mesh 1 visual: kind=None, texture=False, vertex_colors=False
[worker:ComfyUI-GeometryPack] INFO: Mesh 2 visual: kind=None, texture=False, vertex_colors=False
[worker:ComfyUI-GeometryPack] INFO: Added mesh_id field and red/blue colors for overlay
[worker:ComfyUI-GeometryPack] INFO: Exporting mesh to VTP: D:\a\comfy-gpu-ci\comfy-gpu-ci\test_workspaces\GeometryPack-1002\portable-comfyui\ComfyUI_windows_portable\ComfyUI\output\preview_dual_overlay_78bca905.vtp
[worker:ComfyUI-GeometryPack] INFO: Adding normals field (16 vertices)
[worker:ComfyUI-GeometryPack] INFO: Adding scalar field: mesh_id (components: 1)
[worker:ComfyUI-GeometryPack] INFO: Export complete: 16 vertices, 24 faces
[worker:ComfyUI-GeometryPack] INFO: Exported combined VTP: D:\a\comfy-gpu-ci\comfy-gpu-ci\test_workspaces\GeometryPack-1002\portable-comfyui\ComfyUI_windows_portable\ComfyUI\output\preview_dual_overlay_78bca905.vtp
[worker:ComfyUI-GeometryPack] INFO: Combined Mesh: 16 vertices, 24 faces
[worker:ComfyUI-GeometryPack] INFO: Preview ready
[SubprocessWorker] got response: ok
[comfy-env] GeomPackPreviewMeshDual done (0.13s): result: NodeOutput
Prompt executed in 0.27 seconds
=== /validate endpoint called ===
Received JSON with keys: ['prompt']
Prompt has 3 nodes
  Node 4: GeomPackLoadMesh
    Inputs: {"file_path": "3d/camelhead.off"}
  Node 8: GeomPackUVUnwrap
    Inputs: {"backend": "xatlas", "report_panel": "false", "trimesh": ["4", 0]}
  Node 9: GeomPackPreviewMeshUV
    Inputs: {"show_checker": false, "show_wireframe": false, "uv_preview": "", "trimesh": ["8", 0]}
Generated prompt_id: 0d7b294f-d50a-47e6-9bc8-3bb3c096ec12
Calling execution.validate_prompt()...
Validation result: valid=True
=== Validation PASSED ===
got prompt
[comfy-env] Running GeomPackLoadMesh: file_path: '3d/camelhead.off'
[SubprocessWorker] call_method: nodes.io.load_mesh.LoadMesh.EXECUTE_NORMALIZED
[SubprocessWorker] acquired lock, ensuring started...
[ComfyUI-GeometryPack] Health check: ping (timeout=5.0s)...
[ComfyUI-GeometryPack] Health check: ok
[SubprocessWorker] worker started/confirmed
[SubprocessWorker] serializing kwargs to shm...
[SubprocessWorker] created 0 shm blocks
[SubprocessWorker] sending request via socket...
[SubprocessWorker] call_id=185 sending call_method
[worker:ComfyUI-GeometryPack] INFO: Found mesh in input folder: 3d/camelhead.off
[worker:ComfyUI-GeometryPack] INFO: Loading: D:\a\comfy-gpu-ci\comfy-gpu-ci\test_workspaces\GeometryPack-1002\portable-comfyui\ComfyUI_windows_portable\ComfyUI\input\3d/camelhead.off
[worker:ComfyUI-GeometryPack] INFO: Initial mesh: 11381 vertices, 22704 faces
[worker:ComfyUI-GeometryPack] INFO: Successfully loaded: 11381 vertices, 22704 faces
[worker:ComfyUI-GeometryPack] INFO: Loaded: 11381 vertices, 22704 faces
[SubprocessWorker] got response: ok
[comfy-env] GeomPackLoadMesh done (0.22s): result: NodeOutput
[comfy-env] Running GeomPackUVUnwrap: backend: dict, trimesh: Trimesh
[SubprocessWorker] call_method: nodes.uv.uv_unwrap.UVUnwrapNode.EXECUTE_NORMALIZED
[SubprocessWorker] acquired lock, ensuring started...
[ComfyUI-GeometryPack] Health check: ping (timeout=5.0s)...
[ComfyUI-GeometryPack] Health check: ok
[SubprocessWorker] worker started/confirmed
[SubprocessWorker] serializing kwargs to shm...
[SubprocessWorker] created 1 shm blocks
[SubprocessWorker] sending request via socket...
[SubprocessWorker] call_id=186 sending call_method
[worker:ComfyUI-GeometryPack] INFO: UV Unwrap dispatch: xatlas -> GeomPackUV_Xatlas
[SubprocessWorker] got response: ok
[comfy-env] GeomPackUVUnwrap done (0.08s): result: NodeOutput
[comfy-env] Running GeomPackUV_Xatlas: trimesh: Trimesh
[SubprocessWorker] call_method: nodes.uv.backends.xatlas.UVXatlasNode.EXECUTE_NORMALIZED
[SubprocessWorker] acquired lock, ensuring started...
[ComfyUI-GeometryPack] Health check: ping (timeout=5.0s)...
[ComfyUI-GeometryPack] Health check: ok
[SubprocessWorker] worker started/confirmed
[SubprocessWorker] serializing kwargs to shm...
[SubprocessWorker] created 1 shm blocks
[SubprocessWorker] sending request via socket...
[SubprocessWorker] call_id=187 sending call_method
[worker:ComfyUI-GeometryPack] INFO: Backend: xatlas
[worker:ComfyUI-GeometryPack] INFO: Input: 11381 vertices, 22704 faces
[worker:ComfyUI-GeometryPack] INFO: Output: 14128 vertices, 22704 faces
[worker:ComfyUI-GeometryPack] 
=== WATCHDOG TICK 2 ===
[worker:ComfyUI-GeometryPack] Thread 0x00002474 (most recent call first):
  File "C:\Users\stduser\AppData\Local\Programs\comfy-env\.pixi\envs\geometrypack-nodes\Lib\threading.py", line 363 in wait
  File "C:\Users\stduser\AppData\Local\Programs\comfy-env\.pixi\envs\geometrypack-nodes\Lib\threading.py", line 660 in wait
  File "C:\Users\stduser\AppData\Local\Programs\comfy-env\.pixi\envs\geometrypack-nodes\Lib\site-packages\tqdm\_monitor.py", line 60 in run
  File "C:\Users\stduser\AppData\Local\Programs\comfy-env\.pixi\envs\geometrypack-nodes\Lib\threading.py", line 1044 in _bootstrap_inner
  File "C:\Users\stduser\AppData\Local\Programs\comfy-env\.pixi\envs\geometrypack-nodes\Lib\threading.py", line 1015 in _bootstrap

Current thread 0x00001320 (most recent call first):
  File "C:\Users\stduser\AppData\Local\Temp\comfyui_pvenv_hyjqyn9e\persistent_worker.py", line 52 in _watchdog
  File "C:\Users\stduser\AppData\Local\Programs\comfy-env\.pixi\envs\geometrypack-nodes\Lib\threading.py", line 995 in run
  File "C:\Users\stduser\AppData\Local\Programs\comfy-env\.pixi\envs\geometrypack-nodes\Lib\threading.py", line 1044 in _bootstrap_inner
  File "C:\Users\stduser\AppData\Local\Programs\comfy-env\.pixi\envs\geometrypack-nodes\Lib\threading.py", line 1015 in _bootstrap

Thread 0x00000508 (most recent call first):
  File "D:\a\comfy-gpu-ci\comfy-gpu-ci\test_workspaces\GeometryPack-1002\portable-comfyui\ComfyUI_windows_portable\ComfyUI\custom_nodes\ComfyUI-GeometryPack\nodes\uv\backends\xatlas.py", line 51 in execute
  File "D:\a\comfy-gpu-ci\comfy-gpu-ci\test_workspaces\GeometryPack-1002\portable-comfyui\ComfyUI_windows_portable\ComfyUI\comfy_api\latest\_io.py", line 1833 in EXECUTE_NORMALIZED
  File "C:\Users\stduser\AppData\Local\Temp\comfyui_pvenv_hyjqyn9e\persistent_worker.py", line 1762 in main
  File "C:\Users\stduser\AppData\Local\Temp\comfyui_pvenv_hyjqyn9e\persistent_worker.py", line 1807 in <module>

[worker:ComfyUI-GeometryPack] === END ===

[SubprocessWorker] got response: ok
[comfy-env] GeomPackUV_Xatlas done (8.84s): result: NodeOutput
[comfy-env] Running GeomPackPreviewMeshUV: show_checker: False, show_wireframe: False, trimesh: Trimesh
[SubprocessWorker] call_method: nodes.visualization.preview_mesh_uv.PreviewMeshUVNode.EXECUTE_NORMALIZED
[SubprocessWorker] acquired lock, ensuring started...
[ComfyUI-GeometryPack] Health check: ping (timeout=5.0s)...
[ComfyUI-GeometryPack] Health check: ok
[SubprocessWorker] worker started/confirmed
[SubprocessWorker] serializing kwargs to shm...
[SubprocessWorker] created 1 shm blocks
[SubprocessWorker] sending request via socket...
[SubprocessWorker] call_id=188 sending call_method
[worker:ComfyUI-GeometryPack] INFO: Preparing preview: Mesh - 14128 vertices, 22704 faces
[worker:ComfyUI-GeometryPack] INFO: Found UV data: 14128 UV coordinates
[worker:ComfyUI-GeometryPack] INFO: UV stats: range=[0.99958265 0.99956256], in_unit_square=True, coverage=0.5783
[worker:ComfyUI-GeometryPack] INFO: Exported mesh to: D:\a\comfy-gpu-ci\comfy-gpu-ci\test_workspaces\GeometryPack-1002\portable-comfyui\ComfyUI_windows_portable\ComfyUI\output\preview_uv_c2edbc1d.glb
[worker:ComfyUI-GeometryPack] INFO: Exported UV data to: D:\a\comfy-gpu-ci\comfy-gpu-ci\test_workspaces\GeometryPack-1002\portable-comfyui\ComfyUI_windows_portable\ComfyUI\output\preview_uv_79176400_uvdata.json
[worker:ComfyUI-GeometryPack] INFO: Preview ready: has_uvs=True, checker=False, wireframe=False
[SubprocessWorker] got response: ok
[comfy-env] GeomPackPreviewMeshUV done (1.06s): result: NodeOutput
Prompt executed in 10.21 seconds
=== /validate endpoint called ===
Received JSON with keys: ['prompt']
Prompt has 2 nodes
  Node 3: GeomPackLoadMesh
    Inputs: {"file_path": "3d/mount_textured.glb"}
  Node 12: GeomPackPreviewMeshVTK
    Inputs: {"mode": "texture", "preview_vtk": "{\"show_edges\":false,\"camera_state\":\"\",\"selected_field\":\"\",\"selected_channel\":\"magnitude\",\"selected_colormap\":\"erdc_rainbow_bright\"}", "trimesh": [
Generated prompt_id: 2f7e9e99-070b-4b6f-804c-255ec07f7a09
Calling execution.validate_prompt()...
Validation result: valid=True
=== Validation PASSED ===
got prompt
[comfy-env] Running GeomPackLoadMesh: file_path: '3d/mount_textured.glb'
[SubprocessWorker] call_method: nodes.io.load_mesh.LoadMesh.EXECUTE_NORMALIZED
[SubprocessWorker] acquired lock, ensuring started...
[ComfyUI-GeometryPack] Health check: ping (timeout=5.0s)...
[ComfyUI-GeometryPack] Health check: ok
[SubprocessWorker] worker started/confirmed
[SubprocessWorker] serializing kwargs to shm...
[SubprocessWorker] created 0 shm blocks
[SubprocessWorker] sending request via socket...
[SubprocessWorker] call_id=189 sending call_method
[worker:ComfyUI-GeometryPack] INFO: Found mesh in input folder: 3d/mount_textured.glb
[worker:ComfyUI-GeometryPack] INFO: Loading: D:\a\comfy-gpu-ci\comfy-gpu-ci\test_workspaces\GeometryPack-1002\portable-comfyui\ComfyUI_windows_portable\ComfyUI\input\3d/mount_textured.glb
[worker:ComfyUI-GeometryPack] INFO: Converting Scene to single mesh (scene has 2 geometries)
[worker:ComfyUI-GeometryPack] INFO: Initial mesh: 3604 vertices, 6964 faces
[worker:ComfyUI-GeometryPack] INFO: Successfully loaded: 3604 vertices, 6964 faces
[worker:ComfyUI-GeometryPack] INFO: Loaded: 3604 vertices, 6964 faces
[SubprocessWorker] got response: ok
[comfy-env] GeomPackLoadMesh done (0.27s): result: NodeOutput
[comfy-env] Running GeomPackPreviewMeshVTK: mode: 'texture', trimesh: Trimesh
[SubprocessWorker] call_method: nodes.visualization.preview_mesh_vtk.PreviewMeshVTKNode.EXECUTE_NORMALIZED
[SubprocessWorker] acquired lock, ensuring started...
[ComfyUI-GeometryPack] Health check: ping (timeout=5.0s)...
[ComfyUI-GeometryPack] Health check: ok
[SubprocessWorker] worker started/confirmed
[SubprocessWorker] serializing kwargs to shm...
[SubprocessWorker] created 1 shm blocks
[SubprocessWorker] sending request via socket...
[SubprocessWorker] call_id=190 sending call_method
[worker:ComfyUI-GeometryPack] INFO: Preparing preview: Mesh - 3604 vertices, 6964 faces
[worker:ComfyUI-GeometryPack] INFO: Mode: texture
[worker:ComfyUI-GeometryPack] INFO: Visual data - has_visual: True, kind: texture, texture: True, vertex_colors: False
[worker:ComfyUI-GeometryPack] INFO: Using texture mode - GLB export
[worker:ComfyUI-GeometryPack] INFO: Set alphaMode to OPAQUE for texture mode
[worker:ComfyUI-GeometryPack] INFO: Exported GLB to: D:\a\comfy-gpu-ci\comfy-gpu-ci\test_workspaces\GeometryPack-1002\portable-comfyui\ComfyUI_windows_portable\ComfyUI\output\preview_vtk_8b809ec5.glb
[worker:ComfyUI-GeometryPack] INFO: Texture mode info: watertight=False, volume=None, area=720.728733148043, texture=True, vertex_colors=False
[SubprocessWorker] got response: ok
[comfy-env] GeomPackPreviewMeshVTK done (0.46s): result: NodeOutput
Prompt executed in 0.74 seconds
