[00:00] Crash dump logging enabled: D:\a\comfy-gpu-ci\comfy-gpu-ci\comfy-test-logs\GeometryPack-2137\dev\windows-portable-cpu\crash_dump.log
[00:00] 
[00:00] [1/5] SYNTAX
[00:00] ----------------------------------------
[00:00] 
[DEBUG] server=None, server_url=None, api=None
[00:00] Found pyproject.toml (modern format)
[00:00] Found requirements.txt (legacy format)
[00:00] Unicode check: OK (all characters cp1252-safe)
[00:00] Forbidden patterns check: OK
[00:00] [SYNTAX] PASSED
[00:00] 
[00:00] [2/5] INSTALL
[00:00] ----------------------------------------
[00:00] 
[DEBUG] server=None, server_url=None, api=None
[00:00] 
Setting up ComfyUI...
[00:00] Fetching latest release version...
[00:00] Latest version: v0.20.1
[00:00] Downloading portable ComfyUI from https://github.com/comfyanonymous/ComfyUI/releases/download/v0.20.1/ComfyUI_windows_portable_nvidia.7z...
[00:01]   Downloaded: 10%
[00:02]   Downloaded: 20%
[00:03]   Downloaded: 30%
[00:04]   Downloaded: 40%
[00:04]   Downloaded: 50%
[00:05]   Downloaded: 60%
[00:06]   Downloaded: 70%
[00:07]   Downloaded: 80%
[00:08]   Downloaded: 90%
[00:08]   Downloaded: 100%
[00:08] Downloaded to C:\Users\runneradmin\.comfy-test\cache\portable\ComfyUI_portable_v0.20.1.7z
[00:08] Extracting to cache: C:\Users\runneradmin\.comfy-test\cache\portable\ComfyUI_portable_v0.20.1
[00:08] Extracting ComfyUI_portable_v0.20.1.7z...
[00:08] Using 7z: 7z
[02:18] Extracted to C:\Users\runneradmin\.comfy-test\cache\portable\ComfyUI_portable_v0.20.1
[02:18] Copying from cache to: D:\a\comfy-gpu-ci\comfy-gpu-ci\test_workspaces\GeometryPack-2137\portable-comfyui
[02:40] Installing uv into embedded Python...
[02:40] Running: D:\a\comfy-gpu-ci\comfy-gpu-ci\test_workspaces\GeometryPack-2137\portable-comfyui\ComfyUI_windows_portable\python_embeded\python.exe -m pip install uv
[02:44] Installing ComfyUI requirements...
[02:44] Running: D:\a\comfy-gpu-ci\comfy-gpu-ci\test_workspaces\GeometryPack-2137\portable-comfyui\ComfyUI_windows_portable\python_embeded\python.exe -m uv pip install -r D:\a\comfy-gpu-ci\comfy-gpu-ci\test_workspaces\GeometryPack-2137\portable-comfyui\ComfyUI_windows_portable\ComfyUI\requirements.txt
[02:45] 
Installing custom node...
[02:45] Copying ComfyUI-GeometryPack to custom_nodes/...
[02:47] Installing node requirements...
[02:47] Running: D:\a\comfy-gpu-ci\comfy-gpu-ci\test_workspaces\GeometryPack-2137\portable-comfyui\ComfyUI_windows_portable\python_embeded\python.exe -m pip install -r D:\a\comfy-gpu-ci\comfy-gpu-ci\test_workspaces\GeometryPack-2137\portable-comfyui\ComfyUI_windows_portable\ComfyUI\custom_nodes\ComfyUI-GeometryPack\requirements.txt
[02:56] 
Running install.py...
[02:56] Running: D:\a\comfy-gpu-ci\comfy-gpu-ci\test_workspaces\GeometryPack-2137\portable-comfyui\ComfyUI_windows_portable\python_embeded\python.exe D:\a\comfy-gpu-ci\comfy-gpu-ci\test_workspaces\GeometryPack-2137\portable-comfyui\ComfyUI_windows_portable\ComfyUI\custom_nodes\ComfyUI-GeometryPack\install.py
[02:56]   [comfy-env] Enabled Windows long path support
[02:58]   [comfy-env] _discover: scanning D:\a\comfy-gpu-ci\comfy-gpu-ci\test_workspaces\GeometryPack-2137\portable-comfyui\ComfyUI_windows_portable\ComfyUI\custom_nodes
[02:58]   [comfy-env] _discover: ComfyUI-GeometryPack -> geometrypack-nodes (custom_nodes\ComfyUI-GeometryPack\nodes\comfy-env.toml)
[02:58]   [comfy-env] Workspace: C:\ce
[02:58]   [comfy-env] ComfyUI: D:\a\comfy-gpu-ci\comfy-gpu-ci\test_workspaces\GeometryPack-2137\portable-comfyui\ComfyUI_windows_portable\ComfyUI
[02:58]   [comfy-env] Found 1 node config(s):
[02:58]     - geometrypack-nodes <- custom_nodes\ComfyUI-GeometryPack\nodes\comfy-env.toml (python=host)
[02:58]   [comfy-env] Bootstrap interpreter has python 3.13 + torch 2.11.0 (cu130). Looking for cuda-only wheels matching cu130/torch2.11/cp313.
[03:00]   [comfy-env] GPU: No GPU detected
[03:00]   [comfy-env] Comfyui feature -> torch 2.11.0 from https://download.pytorch.org/whl/cu130 (CUDA 13.0 via bootstrap torch)
[03:00]   [comfy-env] cuda-wheels: 1 package(s) need a matched (cuda, torch, python) combo: ['cumesh']
[03:00]   [comfy-env] cuda-wheels tier 1 (bootstrap): probing cu13.0/torch2.11/cp313
[03:00]   [cuda-wheels] Looking up cumesh: cu130 torch2.11 cp313 win_amd64
[03:00]   [cuda-wheels]   Found: cumesh-0.0.1+cu130torch2.11-cp313-cp313-win_amd64.whl
[03:00]   [comfy-env] cuda-wheels combo: cu13.0/torch2.11 (bootstrap matches; per-node envs will pin to this)
[03:00]   [cuda-wheels] Looking up cumesh: cu130 torch2.11 cp313 win_amd64
[03:00]   [cuda-wheels]   Found: cumesh-0.0.1+cu130torch2.11-cp313-cp313-win_amd64.whl
[03:00]   [comfy-env] geometrypack-nodes: cuda-wheels deferred for post-pixi install (cumesh)
[03:00]   Generated C:\ce\pixi.toml
[03:00]   [comfy-env] Installing 1 environment(s):
[03:00]     - geometrypack-nodes (python=host, 14 pypi deps, 1 cuda wheels)
[03:00]   [comfy-env] Running `pixi install -e geometrypack-nodes`...
[05:35]      WARN Skipped running the post-link scripts because `run-post-link-scripts` = `false`
[05:35]     	- Scripts/.librsvg-pre-unlink.bat
[05:35]     To enable them, run:
[05:35]     	pixi config set --local run-post-link-scripts insecure
[05:35]     More info:
[05:35]     	https://pixi.sh/latest/reference/pixi_configuration/#run-post-link-scripts
[06:26]     The geometrypack-nodes environment has been installed.
[06:26]   [comfy-env] geometrypack-nodes: installing cuda-wheels with --no-deps (cumesh)
[06:27]     Using Python 3.13.13 environment at: .pixi\envs\geometrypack-nodes
[06:27]     Resolved 1 package in 502ms
[06:27]     Downloading cumesh (3.8MiB)
[06:27]      Downloaded cumesh
[06:27]     Prepared 1 package in 91ms
[06:27]     Installed 1 package in 21ms
[06:27]      + cumesh==0.0.1+cu130torch2.11 (from https://github.com/PozzettiAndrea/cuda-wheels/releases/download/cumesh-latest/cumesh-0.0.1%2Bcu130torch2.11-cp313-cp313-win_amd64.whl)
[06:27]   [comfy-env] Install log: C:\ce\install.log
[06:27]   
[06:27]   Installation complete!
[06:28] Installing validation endpoint...
[06:28]   Cloning PozzettiAndrea/ComfyUI-validate-endpoint...
[06:28] Running: git clone --depth 1 https://github.com/PozzettiAndrea/ComfyUI-validate-endpoint.git D:\a\comfy-gpu-ci\comfy-gpu-ci\test_workspaces\GeometryPack-2137\portable-comfyui\ComfyUI_windows_portable\ComfyUI\custom_nodes\ComfyUI-validate-endpoint
[06:28] CUDA packages absent (will mock): cumesh
[06:28] [INSTALL] PASSED
[06:28] 
[06:28] [3/5] REGISTRATION
[06:28] ----------------------------------------
[06:28] 
[DEBUG] server=None, server_url=None, api=None
[06:28] 
Starting ComfyUI server...
[06:28] Starting ComfyUI server on port 41896...
[06:28] CUDA mock packages: cumesh
[06:28] Starting ComfyUI server on port 41896...
[06:28] Waiting for server to be ready (timeout: 600s)...
[06:29]   [ComfyUI] setup plugin alembic.autogenerate.schemas
[06:29]   [ComfyUI] setup plugin alembic.autogenerate.tables
[06:29]   [ComfyUI] setup plugin alembic.autogenerate.types
[06:29]   [ComfyUI] setup plugin alembic.autogenerate.constraints
[06:29]   [ComfyUI] setup plugin alembic.autogenerate.defaults
[06:29]   [ComfyUI] setup plugin alembic.autogenerate.comments
[06:29]   [ComfyUI] [comfy-env] ComfyUI-GeometryPack: 1 isolation env(s):
[06:29]   [ComfyUI] [comfy-env]   nodes -> D:\a\comfy-gpu-ci\comfy-gpu-ci\test_workspaces\GeometryPack-2137\portable-comfyui\ComfyUI_windows_portable\ComfyUI\custom_nodes\ComfyUI-GeometryPack\nodes
[06:29]   [ComfyUI] [comfy-env] prestartup complete
[06:29]   [ComfyUI] 
[06:29]   [ComfyUI] Prestartup times for custom nodes:
[06:29]   [ComfyUI]    0.3 seconds: D:\a\comfy-gpu-ci\comfy-gpu-ci\test_workspaces\GeometryPack-2137\portable-comfyui\ComfyUI_windows_portable\ComfyUI\custom_nodes\ComfyUI-GeometryPack
[06:29]   [ComfyUI] 
[06:31]   [ComfyUI] D:\a\comfy-gpu-ci\comfy-gpu-ci\test_workspaces\GeometryPack-2137\portable-comfyui\ComfyUI_windows_portable\python_embeded\Lib\site-packages\torch\cuda\__init__.py:180: UserWarning: cudaGetDeviceCount() returned cudaErrorNotSupported, likely using older driver or on CPU machine (Triggered internally at C:\actions-runner\_work\pytorch\pytorch\pytorch\c10\cuda\CUDAFunctions.cpp:88.)
[06:31]   [ComfyUI]   return torch._C._cuda_getDeviceCount() > 0
[06:32]   [ComfyUI] Found comfy_kitchen backend eager: {'available': True, 'disabled': False, 'unavailable_reason': None, 'capabilities': ['apply_rope', 'apply_rope1', 'dequantize_mxfp8', 'dequantize_nvfp4', 'dequantize_per_tensor_fp8', 'quantize_mxfp8', 'quantize_nvfp4', 'quantize_per_tensor_fp8', 'scaled_mm_mxfp8', 'scaled_mm_nvfp4']}
[06:32]   [ComfyUI] Found comfy_kitchen backend cuda: {'available': False, 'disabled': False, 'unavailable_reason': 'CUDA not available on this system', 'capabilities': []}
[06:32]   [ComfyUI] Found comfy_kitchen backend triton: {'available': False, 'disabled': True, 'unavailable_reason': "ImportError: No module named 'triton'", 'capabilities': []}
[06:32]   [ComfyUI] Checkpoint files will always be loaded safely.
[06:32]   [ComfyUI] Total VRAM 16379 MB, total RAM 16379 MB
[06:32]   [ComfyUI] pytorch version: 2.11.0+cu130
[06:32]   [ComfyUI] Set vram state to: DISABLED
[06:32]   [ComfyUI] Device: cpu
[06:33]   [ComfyUI] Using sub quadratic optimization for attention, if you have memory or speed issues try using: --use-split-cross-attention
[06:37]   [ComfyUI] Python version: 3.13.12 (tags/v3.13.12:1cbe481, Feb  3 2026, 18:22:25) [MSC v.1944 64 bit (AMD64)]
[06:37]   [ComfyUI] ComfyUI version: 0.20.1
[06:37]   [ComfyUI] comfy-aimdo version: 0.2.14
[06:37]   [ComfyUI] comfy-kitchen version: 0.2.8
[06:37]   [ComfyUI] ****** User settings have been changed to be stored on the server instead of browser storage. ******
[06:37]   [ComfyUI] ****** For multi-user setups add the --multi-user CLI argument to enable multiple user profiles. ******
[06:37]   [ComfyUI] ComfyUI frontend version: 1.42.15
[06:37]   [ComfyUI] [Prompt Server] web root: D:\a\comfy-gpu-ci\comfy-gpu-ci\test_workspaces\GeometryPack-2137\portable-comfyui\ComfyUI_windows_portable\python_embeded\Lib\site-packages\comfyui_frontend_package\static
[06:37]   [ComfyUI] Asset seeder disabled
[06:39]   [ComfyUI] loading...
[06:39]   [ComfyUI] calling register_nodes
[06:39]   [ComfyUI] [comfy-env] Version: 0.3.82
[06:40]   [ComfyUI] [comfy-env] register_nodes: ComfyUI-GeometryPack
[06:40]   [ComfyUI] [comfy-env] ComfyUI source dir: D:\a\comfy-gpu-ci\comfy-gpu-ci\test_workspaces\GeometryPack-2137\portable-comfyui\ComfyUI_windows_portable\ComfyUI
[06:40]   [ComfyUI] [comfy-env] Found 1 isolation env(s)
[06:40]   [ComfyUI] [comfy-env] Scanning nodes metadata (isolation root)...
[06:40]   [ComfyUI] [comfy-env] geometrypack-nodes: Library/bin has 611 DLLs
[06:40]   [ComfyUI] [comfy-env] Metadata scan: C:\Users\runneradmin\.pixi\bin\pixi.exe run --as-is --manifest-path C:\ce\pixi.toml -e geometrypack-nodes python C:\Users\RUNNER~1\AppData\Local\Temp\comfy_meta_8uxr_aj0.py D:\a\comfy-gpu-ci\comfy-gpu-ci\test_workspaces\GeometryPack-2137\portable-comfyui\ComfyUI_windows_portable\ComfyUI\custom_nodes\ComfyUI-GeometryPack nodes
[06:40]   [ComfyUI] [comfy-env] Scan env PATH for nodes:
[06:40]   [ComfyUI] [comfy-env]   [0] C:\ce\.pixi\envs\geometrypack-nodes
[06:40]   [ComfyUI] [comfy-env]   [1] C:\ce\.pixi\envs\geometrypack-nodes\Library\bin
[06:40]   [ComfyUI] [comfy-env]   [2] C:\ce\.pixi\envs\geometrypack-nodes\Scripts
[06:40]   [ComfyUI] [comfy-env]   [3] C:\ce\.pixi\envs\geometrypack-nodes\Lib\site-packages\bpy
[06:40]   [ComfyUI] [comfy-env]   [4] C:\Windows\System32
[06:40]   [ComfyUI] [comfy-env]   [5] C:\Windows
[06:40]   [ComfyUI] [comfy-env]   [6] C:\Windows\System32\Wbem
[06:54]   [ComfyUI] [comfy-env] Metadata scan stderr for nodes:
[06:54]   [ComfyUI] [comfy-env]   [meta-scan] importing nodes from D:\a\comfy-gpu-ci\comfy-gpu-ci\test_workspaces\GeometryPack-2137\portable-comfyui\ComfyUI_windows_portable\ComfyUI\custom_nodes\ComfyUI-GeometryPack
[06:54]   [ComfyUI] [comfy-env]   ERROR:root:Failed to import comfy_kitchen, Error: No module named 'comfy_kitchen', fp8 and fp4 support will not be available.
[06:54]   [ComfyUI] [comfy-env]   [meta-scan] import OK
[06:54]   [ComfyUI] [comfy-env] Scanned nodes: 125 nodes (14.0s)
[06:54]   [ComfyUI] [comfy-env] Scanned nodes root: 125 nodes (14.0s)
[06:54]   [ComfyUI] [comfy-env] Imported nodes root: 125 nodes (isolation)
[06:54]   [ComfyUI] [comfy-env] Registered 125 total nodes
[06:54]   [ComfyUI] 
[06:54]   [ComfyUI] Import times for custom nodes:
[06:54]   [ComfyUI]    0.0 seconds: D:\a\comfy-gpu-ci\comfy-gpu-ci\test_workspaces\GeometryPack-2137\portable-comfyui\ComfyUI_windows_portable\ComfyUI\custom_nodes\websocket_image_save.py
[06:54]   [ComfyUI]    0.0 seconds: D:\a\comfy-gpu-ci\comfy-gpu-ci\test_workspaces\GeometryPack-2137\portable-comfyui\ComfyUI_windows_portable\ComfyUI\custom_nodes\ComfyUI-validate-endpoint
[06:54]   [ComfyUI]   15.6 seconds: D:\a\comfy-gpu-ci\comfy-gpu-ci\test_workspaces\GeometryPack-2137\portable-comfyui\ComfyUI_windows_portable\ComfyUI\custom_nodes\ComfyUI-GeometryPack
[06:54]   [ComfyUI] 
[06:54]   [ComfyUI] Context impl SQLiteImpl.
[06:54]   [ComfyUI] Will assume non-transactional DDL.
[06:55]   [ComfyUI] Context impl SQLiteImpl.
[06:55]   [ComfyUI] Will assume non-transactional DDL.
[06:55]   [ComfyUI] Running upgrade  -> 0001_assets, Initial assets schema
[06:55]   [ComfyUI] Revision ID: 0001_assets
[06:55]   [ComfyUI] Revises: None
[06:55]   [ComfyUI] Create Date: 2025-12-10 00:00:00
[06:55]   [ComfyUI] Running upgrade 0001_assets -> 0002_merge_to_asset_references, Merge AssetInfo and AssetCacheState into unified asset_references table.
[06:55]   [ComfyUI] Running upgrade 0002_merge_to_asset_references -> 0003_add_metadata_job_id, Add system_metadata and job_id columns to asset_references.
[06:55]   [ComfyUI] Change preview_id FK from assets.id to asset_references.id.
[06:55]   [ComfyUI] Database upgraded from None to 0003_add_metadata_job_id
[06:55]   [ComfyUI] Starting server
[06:55]   [ComfyUI] 
[06:55]   [ComfyUI] To see the GUI go to: http://127.0.0.1:41896
[06:56] Server responding, waiting for nodes to load...
[07:16] Server is ready!
[07:16] Checking for import errors in server logs...
[07:16] No import errors detected
[07:16] Found 814 registered nodes
[07:16] [REGISTRATION] PASSED
[07:16] 
[07:16] [4/5] INSTANTIATION
[07:16] ----------------------------------------
[07:16] 
[DEBUG] server=<comfy_test.comfyui.server.ComfyUIServer object at 0x00000244EDD73FD0>, server_url=None, api=<comfy_test.comfyui.api.ComfyUIAPI object at 0x00000244EDD8F2B0>
[07:16] Testing node constructors...
[07:20] All 125 node(s) instantiated successfully!
[07:20] [INSTANTIATION] PASSED
[07:20] 
[07:20] [5/5] EXECUTION
[07:20] ----------------------------------------
[07:20] 
[DEBUG] server=<comfy_test.comfyui.server.ComfyUIServer object at 0x00000244EDD73FD0>, server_url=None, api=<comfy_test.comfyui.api.ComfyUIAPI object at 0x00000244EDD8F2B0>
[07:20] CPU runner - will execute 30 workflow(s)
[07:20] Running 33 workflow(s) (all with videos)...
[07:20] Installing screenshot dependencies (playwright, pillow)...
[07:24]   Packages installed, downloading chromium browser...
[07:36]   Screenshot dependencies installed successfully
[07:37] Starting headless browser...
[07:37]   Downloading Mesa llvmpipe for Windows...
[07:41]   Copied opengl32.dll to Chromium dir
[07:41]   Copied libgallium_wgl.dll to Chromium dir
[07:41]   Using Mesa llvmpipe (desktop GL) -- multithreaded CPU rendering
[07:41] Capturing execution frames: alpha_wrap.json
[07:51]   Frame 1 saved (frame_000.jpg, t=0.0s)
[07:51]   Validating workflow...
[07:51]   [ComfyUI] === /validate endpoint called ===
[07:51]   [ComfyUI] Received JSON with keys: ['prompt']
[07:51]   [ComfyUI] Prompt has 5 nodes
[07:51]   [ComfyUI]   Node 4: GeomPackLoadMesh
[07:51]   [ComfyUI]     Inputs: {"file_path": "3d/ArmoredWarrior_00005_.glb"}
[07:51]   [ComfyUI]   Node 5: GeomPackAlphaWrap
[07:51]   [ComfyUI]     Inputs: {"alpha_percent": 1.1, "offset_percent": 0.01, "report_panel": "false", "input_mesh": ["4", 0]}
[07:51]   [ComfyUI]   Node 6: GeomPackPreviewMeshDual
[07:51]   Queuing workflow for execution...
[07:51]   [ComfyUI]     Inputs: {"layout": "side_by_side", "mode": "fields", "opacity_1": 1, "opacity_2": 1, "preview_dual": "{\"show_edges\":true,\"camera_state\":\"{\\\"position\\\":[1.6361067258611197,1.6476459280683735,1.6093683
[07:51]   [ComfyUI]   Node 9: GeomPackPreviewMeshMulti
[07:51]   [ComfyUI]     Inputs: {"mode": "fields", "preview_multi": "{\"show_edges\":true,\"camera_state\":\"{\\\"position\\\":[1.6361067258611197,1.6476459280683735,1.6093683078862575],\\\"focalPoint\\\":[0.0000012814998626708984,-
[07:51]   [ComfyUI]   Node 11: GeomPackRemesh
[07:51]   [ComfyUI]     Inputs: {"backend": "pymeshlab_isotropic", "backend.target_edge_length": 1, "backend.iterations": 3, "backend.feature_angle": 30, "backend.adaptive": "false", "report_panel": "false", "trimesh": ["5", 0]}
[07:51]   [ComfyUI] Generated prompt_id: 80a19c1e-8222-4245-b4cf-e344f5411ce4
[07:51]   [ComfyUI] Calling execution.validate_prompt()...
[07:51]   [ComfyUI] Validation result: valid=True
[07:51]   [ComfyUI] === Validation PASSED ===
[07:51]   [ComfyUI] got prompt
[07:51]   [ComfyUI] [comfy-env] Running GeomPackLoadMesh: file_path: '3d/ArmoredWarrior_00005_.glb'
[07:51]   [ComfyUI] [comfy-env] SubprocessWorker: C:\ce\.pixi\envs\geometrypack-nodes\python.exe
[07:51]   [ComfyUI] [comfy-env] env_vars: {'KMP_DUPLICATE_LIB_OK': 'TRUE', 'OMP_NUM_THREADS': '1', 'COMFYUI_BASE': 'D:\\a\\comfy-gpu-ci\\comfy-gpu-ci\\test_workspaces\\GeometryPack-2137\\portable-comfyui\\ComfyUI_windows_portable\\ComfyUI'}
[07:51]   [ComfyUI] [SubprocessWorker] call_method: nodes.io.load_mesh.LoadMesh.EXECUTE_NORMALIZED
[07:51]   [ComfyUI] [SubprocessWorker] acquired lock, ensuring started...
[07:51]   [ComfyUI] [comfy-env] geometrypack-nodes: Library/bin has 611 DLLs
[07:51]   [ComfyUI] [ComfyUI-GeometryPack] python: C:\ce\.pixi\envs\geometrypack-nodes\python.exe
[07:51]   [ComfyUI] [ComfyUI-GeometryPack] sys_path sent to worker: ['D:\\a\\comfy-gpu-ci\\comfy-gpu-ci\\test_workspaces\\GeometryPack-2137\\portable-comfyui\\ComfyUI_windows_portable\\ComfyUI', 'D:\\a\\comfy-gpu-ci\\comfy-gpu-ci\\test_workspaces\\GeometryPack-2137\\portable-comfyui\\ComfyUI_windows_portable\\ComfyUI\\custom_nodes\\ComfyUI-GeometryPack', 'C:\\ce\\.pixi\\envs\\geometrypack-nodes\\Lib\\site-packages', 'D:\\a\\comfy-gpu-ci\\comfy-gpu-ci\\test_workspaces\\GeometryPack-2137\\portable-comfyui\\ComfyUI_windows_portable\\ComfyUI\\custom_nodes\\ComfyUI-GeometryPack']
[07:51]   [ComfyUI] [SubprocessWorker] is_pixi=True, python=C:\ce\.pixi\envs\geometrypack-nodes\python.exe
[07:51]   [ComfyUI] [SubprocessWorker] launching cmd=['C:\\Users\\runneradmin\\.pixi\\bin\\pixi.exe', 'run', '--as-is', '--manifest-path', 'C:\\ce\\pixi.toml', '-e', 'geometrypack-nodes', 'python', 'C:\\Users\\RUNNER~1\\AppData\\Local\\Temp\\comfyui_pvenv_23kbyj93\\persistent_worker.py', 'tcp://127.0.0.1:52506']...
[07:53]   Frame 2 saved (frame_001.jpg, t=2.3s)
[07:53]   [capture-periodic] freeze=3ms shot=112ms unfreeze=4ms saved=True
[07:53]   [ComfyUI] C:\ce\.pixi\envs\geometrypack-nodes\Lib\site-packages\torch\cuda\__init__.py:180: UserWarning: cudaGetDeviceCount() returned cudaErrorNotSupported, likely using older driver or on CPU machine (Triggered internally at C:\actions-runner\_work\pytorch\pytorch\pytorch\c10\cuda\CUDAFunctions.cpp:88.)
[07:53]   [ComfyUI]   return torch._C._cuda_getDeviceCount() > 0
[07:53]   [ComfyUI] [worker:ComfyUI-GeometryPack] ERROR: Failed to import comfy_kitchen, Error: No module named 'comfy_kitchen', fp8 and fp4 support will not be available.
[07:53]   [ComfyUI] [SubprocessWorker] worker started/confirmed
[07:53]   [ComfyUI] [SubprocessWorker] serializing kwargs to shm...
[07:53]   [ComfyUI] [SubprocessWorker] created 0 shm blocks
[07:53]   [ComfyUI] [SubprocessWorker] sending request via socket...
[07:53]   [ComfyUI] [SubprocessWorker] call_id=1 sending call_method
[07:55]   [ComfyUI] [worker:ComfyUI-GeometryPack] INFO: Found mesh in input folder: 3d/ArmoredWarrior_00005_.glb
[07:55]   [ComfyUI] [worker:ComfyUI-GeometryPack] INFO: Loading: D:\a\comfy-gpu-ci\comfy-gpu-ci\test_workspaces\GeometryPack-2137\portable-comfyui\ComfyUI_windows_portable\ComfyUI\input\3d/ArmoredWarrior_00005_.glb
[07:55]   [ComfyUI] [worker:ComfyUI-GeometryPack] INFO: Converting Scene to single mesh (scene has 1 geometries)
[07:55]   [ComfyUI] [worker:ComfyUI-GeometryPack] INFO: Initial mesh: 18061 vertices, 19827 faces
[07:55]   [ComfyUI] [worker:ComfyUI-GeometryPack] INFO: Successfully loaded: 18061 vertices, 19827 faces
[07:55]   [ComfyUI] [worker:ComfyUI-GeometryPack] INFO: Loaded: 18061 vertices, 19827 faces
[07:55]   Frame 3 saved (frame_002.jpg, t=4.5s)
[07:55]   [capture-periodic] freeze=4ms shot=133ms unfreeze=4ms saved=True
[07:55]   [ComfyUI] [SubprocessWorker] got response: ok
[07:56]   [ComfyUI] [comfy-env] GeomPackLoadMesh done (5.03s): result: NodeOutput
[07:56]   [ComfyUI] [comfy-env] Running GeomPackAlphaWrap: alpha_percent: 1.1, offset_percent: 0.01, input_mesh: Trimesh
[07:56]   [ComfyUI] [SubprocessWorker] call_method: nodes.reconstruction_cgal.alpha_wrap.AlphaWrapNode.EXECUTE_NORMALIZED
[07:56]   [ComfyUI] [SubprocessWorker] acquired lock, ensuring started...
[07:56]   [ComfyUI] [ComfyUI-GeometryPack] Health check: ping (timeout=5.0s)...
[07:56]   [ComfyUI] [ComfyUI-GeometryPack] Health check: ok
[07:56]   [ComfyUI] [SubprocessWorker] worker started/confirmed
[07:56]   [ComfyUI] [SubprocessWorker] serializing kwargs to shm...
[07:56]   [ComfyUI] [SubprocessWorker] created 1 shm blocks
[07:56]   [ComfyUI] [SubprocessWorker] sending request via socket...
[07:56]   [ComfyUI] [SubprocessWorker] call_id=2 sending call_method
[07:56]   [ComfyUI] [worker:ComfyUI-GeometryPack] INFO: Input: 18,061 vertices, 19,827 faces (mesh)
[07:56]   [ComfyUI] [worker:ComfyUI-GeometryPack] INFO: Bounding box diagonal: 1.4618
[07:56]   [ComfyUI] [worker:ComfyUI-GeometryPack] INFO: Alpha: 0.016080 (1.1% of bbox)
[07:56]   [ComfyUI] [worker:ComfyUI-GeometryPack] INFO: Offset: 0.000146 (0.01% of bbox)
[07:56]   [ComfyUI] [SubprocessWorker] callback 'report_progress' from call_id=2
[07:56]   [ComfyUI] [SubprocessWorker] callback 'report_progress' from call_id=2
[07:56]   [ComfyUI] [worker:ComfyUI-GeometryPack] INFO: Built CGAL input data in 0.1s
[07:56]   [ComfyUI] [worker:ComfyUI-GeometryPack] INFO: Running CGAL Alpha Wrap...
[07:57]   [capture-loop] iter=50 t=5.8s state={'complete': False, 'error': None, 'executedCount': 0, 'wsState': 1} eval_ms=4 ram=6.1/16.0GB (38%) swap=0.2/2.9GB (8%) cpu=40% browser_rss=0.70GB
[07:57]   Frame 4 saved (frame_003.jpg, t=6.7s)
[07:57]   [capture-periodic] freeze=3ms shot=100ms unfreeze=4ms saved=True
[08:01]   [ComfyUI] [SubprocessWorker] callback 'report_progress' from call_id=2
[08:01]   [ComfyUI] [worker:ComfyUI-GeometryPack] INFO: Alpha Wrap finished in 0.0s, RSS 0 MB (+0 MB)
[08:01]   [ComfyUI] [SubprocessWorker] callback 'report_progress' from call_id=2
[08:01]   [ComfyUI] [worker:ComfyUI-GeometryPack] INFO: Extracted result mesh in 0.3s
[08:01]   [ComfyUI] [worker:ComfyUI-GeometryPack] INFO: Result: 12,770 vertices, 25,536 faces
[08:01]   [ComfyUI] [worker:ComfyUI-GeometryPack] INFO: Watertight: True
[08:01]   [ComfyUI] [SubprocessWorker] got response: ok
[08:01]   [ComfyUI] [comfy-env] GeomPackAlphaWrap done (5.40s): result: NodeOutput
[08:01]   [ComfyUI] [comfy-env] Running GeomPackPreviewMeshDual: layout: 'side_by_side', mode: 'fields', opacity_1: 1.0, opacity_2: 1.0, mesh_1: Trimesh, mesh_2: Trimesh
[08:01]   [ComfyUI] [SubprocessWorker] call_method: nodes.visualization.preview_mesh_dual.PreviewMeshDualNode.EXECUTE_NORMALIZED
[08:01]   [ComfyUI] [SubprocessWorker] acquired lock, ensuring started...
[08:01]   [ComfyUI] [ComfyUI-GeometryPack] Health check: ping (timeout=5.0s)...
[08:01]   [ComfyUI] [ComfyUI-GeometryPack] Health check: ok
[08:01]   [ComfyUI] [SubprocessWorker] worker started/confirmed
[08:01]   [ComfyUI] [SubprocessWorker] serializing kwargs to shm...
[08:01]   Node executed (1 total), capturing...
[08:01]   [ComfyUI] [SubprocessWorker] created 2 shm blocks
[08:01]   [ComfyUI] [SubprocessWorker] sending request via socket...
[08:01]   [ComfyUI] [SubprocessWorker] call_id=3 sending call_method
[08:01]   [ComfyUI] [worker:ComfyUI-GeometryPack] INFO: Layout: side_by_side, Mode: fields
[08:01]   [ComfyUI] [worker:ComfyUI-GeometryPack] INFO: Mesh 1: Mesh - 18061 vertices, 19827 faces
[08:01]   [ComfyUI] [worker:ComfyUI-GeometryPack] INFO: Mesh 2: Mesh - 12770 vertices, 25536 faces
[08:01]   [ComfyUI] [worker:ComfyUI-GeometryPack] INFO: Mesh 1 fields: []
[08:01]   [ComfyUI] [worker:ComfyUI-GeometryPack] INFO: Mesh 2 fields: []
[08:01]   [ComfyUI] [worker:ComfyUI-GeometryPack] INFO: Common fields: []
[08:01]   [ComfyUI] [worker:ComfyUI-GeometryPack] INFO: Mesh 1 visual: kind=texture, texture=True, vertex_colors=False
[08:01]   [ComfyUI] [worker:ComfyUI-GeometryPack] INFO: Mesh 2 visual: kind=None, texture=False, vertex_colors=False
[08:01]   [ComfyUI] [worker:ComfyUI-GeometryPack] INFO: Exported STL: D:\a\comfy-gpu-ci\comfy-gpu-ci\test_workspaces\GeometryPack-2137\portable-comfyui\ComfyUI_windows_portable\ComfyUI\output\preview_dual_1_d550850a.stl
[08:01]   [ComfyUI] [worker:ComfyUI-GeometryPack] INFO: Exported STL: D:\a\comfy-gpu-ci\comfy-gpu-ci\test_workspaces\GeometryPack-2137\portable-comfyui\ComfyUI_windows_portable\ComfyUI\output\preview_dual_2_d550850a.stl
[08:01]   [ComfyUI] [worker:ComfyUI-GeometryPack] INFO: Preview ready
[08:01]   Frame 5 saved (frame_004.jpg, t=10.8s)
[08:01]   [capture-node] freeze=4ms shot=96ms unfreeze=4ms saved=True
[08:01]   [ComfyUI] [SubprocessWorker] got response: ok
[08:01]   [ComfyUI] [comfy-env] GeomPackPreviewMeshDual done (0.34s): result: NodeOutput
[08:01]   [ComfyUI] [comfy-env] Running GeomPackRemesh: backend: dict, trimesh: Trimesh
[08:01]   [ComfyUI] [SubprocessWorker] call_method: nodes.remeshing.remesh.RemeshNode.EXECUTE_NORMALIZED
[08:01]   [ComfyUI] [SubprocessWorker] acquired lock, ensuring started...
[08:01]   [ComfyUI] [ComfyUI-GeometryPack] Health check: ping (timeout=5.0s)...
[08:01]   [ComfyUI] [ComfyUI-GeometryPack] Health check: ok
[08:01]   [ComfyUI] [SubprocessWorker] worker started/confirmed
[08:01]   [ComfyUI] [SubprocessWorker] serializing kwargs to shm...
[08:01]   [ComfyUI] [SubprocessWorker] created 1 shm blocks
[08:01]   [ComfyUI] [SubprocessWorker] sending request via socket...
[08:01]   [ComfyUI] [SubprocessWorker] call_id=4 sending call_method
[08:02]   Node executed (2 total), capturing...
[08:02]   [ComfyUI] [worker:ComfyUI-GeometryPack] INFO: Remesh dispatch: pymeshlab_isotropic -> GeomPackRemesh_PyMeshLab
[08:02]   [ComfyUI] [SubprocessWorker] got response: ok
[08:02]   [ComfyUI] [comfy-env] GeomPackRemesh done (0.14s): result: NodeOutput
[08:02]   [ComfyUI] [comfy-env] Running GeomPackRemesh_PyMeshLab: trimesh: Trimesh, target_edge_length: 1.0, iterations: 3, feature_angle: 30.0, adaptive: 'false'
[08:02]   [ComfyUI] [SubprocessWorker] call_method: nodes.remeshing.backends.pymeshlab_isotropic.RemeshPyMeshLabNode.EXECUTE_NORMALIZED
[08:02]   [ComfyUI] [SubprocessWorker] acquired lock, ensuring started...
[08:02]   [ComfyUI] [ComfyUI-GeometryPack] Health check: ping (timeout=5.0s)...
[08:02]   [ComfyUI] [ComfyUI-GeometryPack] Health check: ok
[08:02]   [ComfyUI] [SubprocessWorker] worker started/confirmed
[08:02]   [ComfyUI] [SubprocessWorker] serializing kwargs to shm...
[08:02]   [ComfyUI] [SubprocessWorker] created 1 shm blocks
[08:02]   [ComfyUI] [SubprocessWorker] sending request via socket...
[08:02]   [ComfyUI] [SubprocessWorker] call_id=5 sending call_method
[08:02]   [ComfyUI] [worker:ComfyUI-GeometryPack] INFO: Backend: pymeshlab_isotropic
[08:02]   [ComfyUI] [worker:ComfyUI-GeometryPack] INFO: Input: 12770 vertices, 25536 faces
[08:02]   [ComfyUI] [worker:ComfyUI-GeometryPack] INFO: Parameters: target_edge_length=1.0, iterations=3, feature_angle=30.0, adaptive=false
[08:02]   Frame 6 saved (frame_005.jpg, t=11.2s)
[08:02]   [capture-node] freeze=23ms shot=530ms unfreeze=4ms saved=True
[08:04]   [capture-loop] iter=100 t=13.0s state={'complete': False, 'error': None, 'executedCount': 2, 'wsState': 1} eval_ms=3 ram=6.2/16.0GB (39%) swap=0.2/2.9GB (8%) cpu=44% browser_rss=0.80GB
[08:04]   [ComfyUI] [worker:ComfyUI-GeometryPack] INFO: Output: 1967 vertices, 3930 faces
[08:04]   [ComfyUI] [SubprocessWorker] got response: ok
[08:04]   [ComfyUI] [comfy-env] GeomPackRemesh_PyMeshLab done (2.35s): result: NodeOutput
[08:04]   [ComfyUI] [comfy-env] Running GeomPackPreviewMeshMulti: mode: 'fields', mesh_1: Trimesh, mesh_2: Trimesh, mesh_3: Trimesh
[08:04]   [ComfyUI] [SubprocessWorker] call_method: nodes.visualization.preview_mesh_multi.PreviewMeshMultiNode.EXECUTE_NORMALIZED
[08:04]   [ComfyUI] [SubprocessWorker] acquired lock, ensuring started...
[08:04]   [ComfyUI] [ComfyUI-GeometryPack] Health check: ping (timeout=5.0s)...
[08:04]   [ComfyUI] [ComfyUI-GeometryPack] Health check: ok
[08:04]   [ComfyUI] [SubprocessWorker] worker started/confirmed
[08:04]   [ComfyUI] [SubprocessWorker] serializing kwargs to shm...
[08:04]   Node executed (3 total), capturing...
[08:04]   [ComfyUI] [SubprocessWorker] created 3 shm blocks
[08:04]   [ComfyUI] [SubprocessWorker] sending request via socket...
[08:04]   [ComfyUI] [SubprocessWorker] call_id=6 sending call_method
[08:04]   [ComfyUI] [worker:ComfyUI-GeometryPack] INFO: Mode: fields, Meshes: 3
[08:04]   [ComfyUI] [worker:ComfyUI-GeometryPack] INFO: Mesh 1: Mesh - 18061 vertices, 19827 faces
[08:04]   [ComfyUI] [worker:ComfyUI-GeometryPack] INFO: Exporting mesh to VTP: D:\a\comfy-gpu-ci\comfy-gpu-ci\test_workspaces\GeometryPack-2137\portable-comfyui\ComfyUI_windows_portable\ComfyUI\output\preview_multi_1_ae90f2e5.vtp
[08:04]   [ComfyUI] [worker:ComfyUI-GeometryPack] INFO: Adding normals field (18061 vertices)
[08:04]   [ComfyUI] [worker:ComfyUI-GeometryPack] INFO: Export complete: 18061 vertices, 19827 faces
[08:04]   [ComfyUI] [worker:ComfyUI-GeometryPack] INFO: Exported VTP: D:\a\comfy-gpu-ci\comfy-gpu-ci\test_workspaces\GeometryPack-2137\portable-comfyui\ComfyUI_windows_portable\ComfyUI\output\preview_multi_1_ae90f2e5.vtp
[08:04]   Frame 7 saved (frame_006.jpg, t=13.7s)
[08:04]   [capture-node] freeze=3ms shot=117ms unfreeze=3ms saved=True
[08:04]   [ComfyUI] [worker:ComfyUI-GeometryPack] INFO: Mesh 2: Mesh - 12770 vertices, 25536 faces
[08:04]   [ComfyUI] [worker:ComfyUI-GeometryPack] INFO: Exporting mesh to VTP: D:\a\comfy-gpu-ci\comfy-gpu-ci\test_workspaces\GeometryPack-2137\portable-comfyui\ComfyUI_windows_portable\ComfyUI\output\preview_multi_2_ae90f2e5.vtp
[08:04]   [ComfyUI] [worker:ComfyUI-GeometryPack] INFO: Adding normals field (12770 vertices)
[08:04]   [ComfyUI] [worker:ComfyUI-GeometryPack] INFO: Export complete: 12770 vertices, 25536 faces
[08:04]   [ComfyUI] [worker:ComfyUI-GeometryPack] INFO: Exported VTP: D:\a\comfy-gpu-ci\comfy-gpu-ci\test_workspaces\GeometryPack-2137\portable-comfyui\ComfyUI_windows_portable\ComfyUI\output\preview_multi_2_ae90f2e5.vtp
[08:04]   [ComfyUI] [worker:ComfyUI-GeometryPack] INFO: Mesh 3: Mesh - 1967 vertices, 3930 faces
[08:05]   [ComfyUI] [worker:ComfyUI-GeometryPack] INFO: Exporting mesh to VTP: D:\a\comfy-gpu-ci\comfy-gpu-ci\test_workspaces\GeometryPack-2137\portable-comfyui\ComfyUI_windows_portable\ComfyUI\output\preview_multi_3_ae90f2e5.vtp
[08:05]   [ComfyUI] [worker:ComfyUI-GeometryPack] INFO: Adding normals field (1967 vertices)
[08:05]   [ComfyUI] [worker:ComfyUI-GeometryPack] INFO: Export complete: 1967 vertices, 3930 faces
[08:05]   [ComfyUI] [worker:ComfyUI-GeometryPack] INFO: Exported VTP: D:\a\comfy-gpu-ci\comfy-gpu-ci\test_workspaces\GeometryPack-2137\portable-comfyui\ComfyUI_windows_portable\ComfyUI\output\preview_multi_3_ae90f2e5.vtp
[08:05]   [ComfyUI] [worker:ComfyUI-GeometryPack] INFO: Grid: 3x1, Preview ready
[08:05]   [ComfyUI] [SubprocessWorker] got response: ok
[08:05]   [ComfyUI] [comfy-env] GeomPackPreviewMeshMulti done (0.61s): result: NodeOutput
[08:05]   [ComfyUI] Prompt executed in 13.90 seconds
[08:05]   Node executed (4 total), capturing...
[08:05]   Frame 8 saved (frame_007.jpg, t=14.3s)
[08:05]   [capture-node] freeze=3ms shot=119ms unfreeze=0ms saved=True
[08:05]   Execution complete (t=14.3s)
[08:05]   Captured 8 unique frames over 14.48s
[08:05]   [debug] iframes: 2
[08:05]   [debug]   iframe[0]: src=http://127.0.0.1:41896/extensions/ComfyUI-GeometryPack/viewer_dual.html?v=177844, canvas=370x485, rafFrozen=True
[08:05]   [debug]   iframe[1]: src=http://127.0.0.1:41896/extensions/ComfyUI-GeometryPack/viewer_multi.html?v=17784, canvas=244x393, rafFrozen=True
[08:05]   [timing] trigger_3d_previews: 0.0s
[08:08]   Saved high-quality screenshot: alpha_wrap_executed.png
[08:08]   [timing] final_screenshot: 0.3s
[08:08] Capturing execution frames: batch_remesh.json
[08:15]   Frame 1 saved (frame_000.jpg, t=0.0s)
[08:15]   Validating workflow...
[08:15]   [ComfyUI] === /validate endpoint called ===
[08:15]   [ComfyUI] Received JSON with keys: ['prompt']
[08:15]   [ComfyUI] Prompt has 4 nodes
[08:15]   [ComfyUI]   Node 1: GeomPackLoadMeshBatch
[08:15]   [ComfyUI]     Inputs: {"folder_path": "3d", "start_index": 0, "max_meshes": 4}
[08:15]   [ComfyUI]   Node 4: GeomPackMeshInfo
[08:15]   [ComfyUI]     Inputs: {"report_panel": "false", "trimesh": ["1", 0]}
[08:15]   Queuing workflow for execution...
[08:15]   [ComfyUI]   Node 6: GeomPackPreviewMeshVTKBatch
[08:15]   [ComfyUI]     Inputs: {"mode": "fields", "index": 0, "preview_vtk_batch": "{\"show_edges\":false,\"camera_state\":\"\",\"selected_field\":\"\",\"selected_channel\":\"magnitude\",\"selected_colormap\":\"erdc_rainbow_bright\
[08:15]   [ComfyUI]   Node 11: GeomPackRemesh
[08:15]   [ComfyUI]     Inputs: {"backend": "pymeshlab_isotropic", "backend.target_edge_length": 1, "backend.iterations": 3, "backend.feature_angle": 30, "backend.adaptive": "false", "report_panel": "false", "trimesh": ["1", 0]}
[08:15]   [ComfyUI] Generated prompt_id: 02ffe29a-2242-416f-a6ba-49f213be66a1
[08:15]   [ComfyUI] Calling execution.validate_prompt()...
[08:15]   [ComfyUI] Validation result: valid=True
[08:15]   [ComfyUI] === Validation PASSED ===
[08:15]   [ComfyUI] got prompt
[08:15]   [ComfyUI] [comfy-env] Running GeomPackLoadMeshBatch: folder_path: '3d', start_index: 0, max_meshes: 4
[08:15]   [ComfyUI] [SubprocessWorker] call_method: nodes.io.load_mesh_batch.LoadMeshBatch.EXECUTE_NORMALIZED
[08:15]   [ComfyUI] [SubprocessWorker] acquired lock, ensuring started...
[08:15]   [ComfyUI] [ComfyUI-GeometryPack] Health check: ping (timeout=5.0s)...
[08:15]   [ComfyUI] [ComfyUI-GeometryPack] Health check: ok
[08:15]   [ComfyUI] [SubprocessWorker] worker started/confirmed
[08:15]   [ComfyUI] [SubprocessWorker] serializing kwargs to shm...
[08:15]   [ComfyUI] [SubprocessWorker] created 0 shm blocks
[08:15]   [ComfyUI] [SubprocessWorker] sending request via socket...
[08:15]   [ComfyUI] [SubprocessWorker] call_id=7 sending call_method
[08:15]   [ComfyUI] [worker:ComfyUI-GeometryPack] INFO: Found folder in input: 3d
[08:15]   [ComfyUI] [worker:ComfyUI-GeometryPack] INFO: Found 12 mesh files
[08:15]   [ComfyUI] [worker:ComfyUI-GeometryPack] INFO: Loading up to 4 meshes
[08:15]   [ComfyUI] [worker:ComfyUI-GeometryPack] INFO: Loading: D:\a\comfy-gpu-ci\comfy-gpu-ci\test_workspaces\GeometryPack-2137\portable-comfyui\ComfyUI_windows_portable\ComfyUI\input\3d\ArmoredWarrior_00005_.glb
[08:15]   [ComfyUI] [worker:ComfyUI-GeometryPack] INFO: Converting Scene to single mesh (scene has 1 geometries)
[08:15]   [ComfyUI] [worker:ComfyUI-GeometryPack] INFO: Initial mesh: 18061 vertices, 19827 faces
[08:15]   [ComfyUI] [worker:ComfyUI-GeometryPack] INFO: Successfully loaded: 18061 vertices, 19827 faces
[08:15]   [ComfyUI] [worker:ComfyUI-GeometryPack] INFO: [1/4] Loaded ArmoredWarrior_00005_.glb: 18061 vertices, 19827 faces
[08:15]   [ComfyUI] [worker:ComfyUI-GeometryPack] INFO: Loading: D:\a\comfy-gpu-ci\comfy-gpu-ci\test_workspaces\GeometryPack-2137\portable-comfyui\ComfyUI_windows_portable\ComfyUI\input\3d\Stanford_Bunny.stl
[08:16]   [ComfyUI] [worker:ComfyUI-GeometryPack] INFO: Initial mesh: 56203 vertices, 112402 faces
[08:16]   [ComfyUI] [worker:ComfyUI-GeometryPack] INFO: Successfully loaded: 56203 vertices, 112402 faces
[08:16]   [ComfyUI] [worker:ComfyUI-GeometryPack] INFO: [2/4] Loaded Stanford_Bunny.stl: 56203 vertices, 112402 faces
[08:16]   [ComfyUI] [worker:ComfyUI-GeometryPack] INFO: Loading: D:\a\comfy-gpu-ci\comfy-gpu-ci\test_workspaces\GeometryPack-2137\portable-comfyui\ComfyUI_windows_portable\ComfyUI\input\3d\camel_b.obj
[08:16]   [ComfyUI] [worker:ComfyUI-GeometryPack] INFO: Initial mesh: 2032 vertices, 3576 faces
[08:16]   [ComfyUI] [worker:ComfyUI-GeometryPack] INFO: Successfully loaded: 2032 vertices, 3576 faces
[08:16]   [ComfyUI] [worker:ComfyUI-GeometryPack] INFO: [3/4] Loaded camel_b.obj: 2032 vertices, 3576 faces
[08:16]   [ComfyUI] [worker:ComfyUI-GeometryPack] INFO: Loading: D:\a\comfy-gpu-ci\comfy-gpu-ci\test_workspaces\GeometryPack-2137\portable-comfyui\ComfyUI_windows_portable\ComfyUI\input\3d\camelhead.off
[08:16]   [ComfyUI] [worker:ComfyUI-GeometryPack] INFO: Initial mesh: 11381 vertices, 22704 faces
[08:16]   [ComfyUI] [worker:ComfyUI-GeometryPack] INFO: Successfully loaded: 11381 vertices, 22704 faces
[08:16]   [ComfyUI] [worker:ComfyUI-GeometryPack] INFO: [4/4] Loaded camelhead.off: 11381 vertices, 22704 faces
[08:16]   [ComfyUI] [worker:ComfyUI-GeometryPack] INFO: Successfully loaded 4 meshes
[08:16]   [ComfyUI] [SubprocessWorker] got response: ok
[08:16]   [ComfyUI] [comfy-env] GeomPackLoadMeshBatch done (1.75s): result: NodeOutput
[08:16]   [ComfyUI] [comfy-env] Running GeomPackMeshInfo: trimesh: list[4]
[08:16]   [ComfyUI] [SubprocessWorker] call_method: nodes.analysis.mesh_info.MeshInfoNode.EXECUTE_NORMALIZED
[08:16]   [ComfyUI] [SubprocessWorker] acquired lock, ensuring started...
[08:16]   [ComfyUI] [ComfyUI-GeometryPack] Health check: ping (timeout=5.0s)...
[08:16]   [ComfyUI] [ComfyUI-GeometryPack] Health check: ok
[08:16]   [ComfyUI] [SubprocessWorker] worker started/confirmed
[08:16]   [ComfyUI] [SubprocessWorker] serializing kwargs to shm...
[08:17]   [ComfyUI] [SubprocessWorker] created 4 shm blocks
[08:17]   [ComfyUI] [SubprocessWorker] sending request via socket...
[08:17]   [ComfyUI] [SubprocessWorker] call_id=8 sending call_method
[08:17]   Frame 2 saved (frame_001.jpg, t=2.3s)
[08:17]   [capture-periodic] freeze=4ms shot=101ms unfreeze=5ms saved=True
[08:17]   [ComfyUI] [SubprocessWorker] got response: ok
[08:17]   [ComfyUI] [comfy-env] GeomPackMeshInfo done (0.72s): result: NodeOutput
[08:17]   [ComfyUI] [comfy-env] Running GeomPackRemesh: backend: dict, trimesh: Trimesh
[08:17]   [ComfyUI] [SubprocessWorker] call_method: nodes.remeshing.remesh.RemeshNode.EXECUTE_NORMALIZED
[08:17]   [ComfyUI] [SubprocessWorker] acquired lock, ensuring started...
[08:17]   [ComfyUI] [ComfyUI-GeometryPack] Health check: ping (timeout=5.0s)...
[08:17]   [ComfyUI] [ComfyUI-GeometryPack] Health check: ok
[08:17]   [ComfyUI] [SubprocessWorker] worker started/confirmed
[08:17]   [ComfyUI] [SubprocessWorker] serializing kwargs to shm...
[08:17]   [ComfyUI] [SubprocessWorker] created 1 shm blocks
[08:17]   [ComfyUI] [SubprocessWorker] sending request via socket...
[08:17]   [ComfyUI] [SubprocessWorker] call_id=9 sending call_method
[08:17]   Node executed (1 total), capturing...
[08:18]   Frame 3 saved (frame_002.jpg, t=2.9s)
[08:18]   [capture-node] freeze=4ms shot=114ms unfreeze=5ms saved=True
[08:18]   [ComfyUI] [worker:ComfyUI-GeometryPack] INFO: Remesh dispatch: pymeshlab_isotropic -> GeomPackRemesh_PyMeshLab
[08:18]   [ComfyUI] [SubprocessWorker] got response: ok
[08:18]   [ComfyUI] [comfy-env] GeomPackRemesh done (0.66s): result: NodeOutput
[08:18]   [ComfyUI] [comfy-env] Running GeomPackRemesh: backend: dict, trimesh: Trimesh
[08:18]   [ComfyUI] [SubprocessWorker] call_method: nodes.remeshing.remesh.RemeshNode.EXECUTE_NORMALIZED
[08:18]   [ComfyUI] [SubprocessWorker] acquired lock, ensuring started...
[08:18]   [ComfyUI] [ComfyUI-GeometryPack] Health check: ping (timeout=5.0s)...
[08:18]   [ComfyUI] [ComfyUI-GeometryPack] Health check: ok
[08:18]   [ComfyUI] [SubprocessWorker] worker started/confirmed
[08:18]   [ComfyUI] [SubprocessWorker] serializing kwargs to shm...
[08:18]   [ComfyUI] [SubprocessWorker] created 1 shm blocks
[08:18]   [ComfyUI] [SubprocessWorker] sending request via socket...
[08:18]   [ComfyUI] [SubprocessWorker] call_id=10 sending call_method
[08:18]   [ComfyUI] [worker:ComfyUI-GeometryPack] INFO: Remesh dispatch: pymeshlab_isotropic -> GeomPackRemesh_PyMeshLab
[08:18]   [ComfyUI] [SubprocessWorker] got response: ok
[08:18]   [ComfyUI] [comfy-env] GeomPackRemesh done (0.24s): result: NodeOutput
[08:18]   [ComfyUI] [comfy-env] Running GeomPackRemesh: backend: dict, trimesh: Trimesh
[08:18]   [ComfyUI] [SubprocessWorker] call_method: nodes.remeshing.remesh.RemeshNode.EXECUTE_NORMALIZED
[08:18]   [ComfyUI] [SubprocessWorker] acquired lock, ensuring started...
[08:18]   [ComfyUI] [ComfyUI-GeometryPack] Health check: ping (timeout=5.0s)...
[08:18]   [ComfyUI] [ComfyUI-GeometryPack] Health check: ok
[08:18]   [ComfyUI] [SubprocessWorker] worker started/confirmed
[08:18]   [ComfyUI] [SubprocessWorker] serializing kwargs to shm...
[08:18]   [ComfyUI] [SubprocessWorker] created 1 shm blocks
[08:18]   [ComfyUI] [SubprocessWorker] sending request via socket...
[08:18]   [ComfyUI] [SubprocessWorker] call_id=11 sending call_method
[08:18]   [ComfyUI] [worker:ComfyUI-GeometryPack] INFO: Remesh dispatch: pymeshlab_isotropic -> GeomPackRemesh_PyMeshLab
[08:18]   [ComfyUI] [SubprocessWorker] got response: ok
[08:18]   [ComfyUI] [comfy-env] GeomPackRemesh done (0.14s): result: NodeOutput
[08:18]   [ComfyUI] [comfy-env] Running GeomPackRemesh: backend: dict, trimesh: Trimesh
[08:18]   [ComfyUI] [SubprocessWorker] call_method: nodes.remeshing.remesh.RemeshNode.EXECUTE_NORMALIZED
[08:18]   [ComfyUI] [SubprocessWorker] acquired lock, ensuring started...
[08:18]   [ComfyUI] [ComfyUI-GeometryPack] Health check: ping (timeout=5.0s)...
[08:18]   [ComfyUI] [ComfyUI-GeometryPack] Health check: ok
[08:18]   [ComfyUI] [SubprocessWorker] worker started/confirmed
[08:18]   [ComfyUI] [SubprocessWorker] serializing kwargs to shm...
[08:18]   [ComfyUI] [SubprocessWorker] created 1 shm blocks
[08:18]   [ComfyUI] [SubprocessWorker] sending request via socket...
[08:18]   [ComfyUI] [SubprocessWorker] call_id=12 sending call_method
[08:18]   [ComfyUI] [worker:ComfyUI-GeometryPack] INFO: Remesh dispatch: pymeshlab_isotropic -> GeomPackRemesh_PyMeshLab
[08:18]   [ComfyUI] [SubprocessWorker] got response: ok
[08:18]   [ComfyUI] [comfy-env] GeomPackRemesh done (0.24s): result: NodeOutput
[08:18]   [ComfyUI] [comfy-env] Running GeomPackRemesh_PyMeshLab: trimesh: Trimesh, target_edge_length: 1.0, iterations: 3, feature_angle: 30.0, adaptive: 'false'
[08:18]   [ComfyUI] [SubprocessWorker] call_method: nodes.remeshing.backends.pymeshlab_isotropic.RemeshPyMeshLabNode.EXECUTE_NORMALIZED
[08:18]   [ComfyUI] [SubprocessWorker] acquired lock, ensuring started...
[08:18]   [ComfyUI] [ComfyUI-GeometryPack] Health check: ping (timeout=5.0s)...
[08:18]   [ComfyUI] [ComfyUI-GeometryPack] Health check: ok
[08:18]   [ComfyUI] [SubprocessWorker] worker started/confirmed
[08:18]   [ComfyUI] [SubprocessWorker] serializing kwargs to shm...
[08:19]   [ComfyUI] [SubprocessWorker] created 1 shm blocks
[08:19]   [ComfyUI] [SubprocessWorker] sending request via socket...
[08:19]   [ComfyUI] [SubprocessWorker] call_id=13 sending call_method
[08:19]   [ComfyUI] [worker:ComfyUI-GeometryPack] INFO: Backend: pymeshlab_isotropic
[08:19]   [ComfyUI] [worker:ComfyUI-GeometryPack] INFO: Input: 18061 vertices, 19827 faces
[08:19]   [ComfyUI] [worker:ComfyUI-GeometryPack] INFO: Parameters: target_edge_length=1.0, iterations=3, feature_angle=30.0, adaptive=false
[08:20]   Frame 4 saved (frame_003.jpg, t=5.1s)
[08:20]   [capture-periodic] freeze=3ms shot=112ms unfreeze=4ms saved=True
[08:20]   [ComfyUI] [worker:ComfyUI-GeometryPack] INFO: Output: 5251 vertices, 11070 faces
[08:21]   [ComfyUI] [SubprocessWorker] got response: ok
[08:21]   [ComfyUI] [comfy-env] GeomPackRemesh_PyMeshLab done (2.07s): result: NodeOutput
[08:21]   [ComfyUI] [comfy-env] Running GeomPackRemesh_PyMeshLab: trimesh: Trimesh, target_edge_length: 1.0, iterations: 3, feature_angle: 30.0, adaptive: 'false'
[08:21]   [ComfyUI] [SubprocessWorker] call_method: nodes.remeshing.backends.pymeshlab_isotropic.RemeshPyMeshLabNode.EXECUTE_NORMALIZED
[08:21]   [ComfyUI] [SubprocessWorker] acquired lock, ensuring started...
[08:21]   [ComfyUI] [ComfyUI-GeometryPack] Health check: ping (timeout=5.0s)...
[08:21]   [ComfyUI] [ComfyUI-GeometryPack] Health check: ok
[08:21]   [ComfyUI] [SubprocessWorker] worker started/confirmed
[08:21]   [ComfyUI] [SubprocessWorker] serializing kwargs to shm...
[08:21]   [ComfyUI] [SubprocessWorker] created 1 shm blocks
[08:21]   [ComfyUI] [SubprocessWorker] sending request via socket...
[08:21]   [ComfyUI] [SubprocessWorker] call_id=14 sending call_method
[08:21]   Node executed (2 total), capturing...
[08:21]   [ComfyUI] [worker:ComfyUI-GeometryPack] INFO: Backend: pymeshlab_isotropic
[08:21]   [ComfyUI] [worker:ComfyUI-GeometryPack] INFO: Input: 56203 vertices, 112402 faces
[08:21]   [ComfyUI] [worker:ComfyUI-GeometryPack] INFO: Parameters: target_edge_length=1.0, iterations=3, feature_angle=30.0, adaptive=false
[08:21]   Frame 5 saved (frame_004.jpg, t=6.2s)
[08:21]   [capture-node] freeze=4ms shot=115ms unfreeze=3ms saved=True
[08:21]   [capture-loop] iter=50 t=6.4s state={'complete': False, 'error': None, 'executedCount': 2, 'wsState': 1} eval_ms=4 ram=6.8/16.0GB (43%) swap=0.2/2.9GB (8%) cpu=44% browser_rss=0.71GB
[08:27]   [capture-loop] iter=100 t=12.0s state={'complete': False, 'error': None, 'executedCount': 2, 'wsState': 1} eval_ms=4 ram=6.9/16.0GB (43%) swap=0.2/2.9GB (8%) cpu=52% browser_rss=0.72GB
[08:29]   [ComfyUI] [worker:ComfyUI-GeometryPack] INFO: Output: 32264 vertices, 64524 faces
[08:30]   [ComfyUI] [SubprocessWorker] got response: ok
[08:30]   [ComfyUI] [comfy-env] GeomPackRemesh_PyMeshLab done (9.55s): result: NodeOutput
[08:30]   [ComfyUI] [comfy-env] Running GeomPackRemesh_PyMeshLab: trimesh: Trimesh, target_edge_length: 1.0, iterations: 3, feature_angle: 30.0, adaptive: 'false'
[08:30]   [ComfyUI] [SubprocessWorker] call_method: nodes.remeshing.backends.pymeshlab_isotropic.RemeshPyMeshLabNode.EXECUTE_NORMALIZED
[08:30]   [ComfyUI] [SubprocessWorker] acquired lock, ensuring started...
[08:30]   [ComfyUI] [ComfyUI-GeometryPack] Health check: ping (timeout=5.0s)...
[08:30]   Node executed (3 total), capturing...
[08:30]   Frame 6 saved (frame_005.jpg, t=15.7s)
[08:30]   [capture-node] freeze=4ms shot=89ms unfreeze=3ms saved=True
[08:30]   [ComfyUI] [ComfyUI-GeometryPack] Health check: ok
[08:30]   [ComfyUI] [SubprocessWorker] worker started/confirmed
[08:30]   [ComfyUI] [SubprocessWorker] serializing kwargs to shm...
[08:30]   [ComfyUI] [SubprocessWorker] created 1 shm blocks
[08:30]   [ComfyUI] [SubprocessWorker] sending request via socket...
[08:30]   [ComfyUI] [SubprocessWorker] call_id=15 sending call_method
[08:32]   [ComfyUI] [worker:ComfyUI-GeometryPack] INFO: Backend: pymeshlab_isotropic
[08:32]   [ComfyUI] [worker:ComfyUI-GeometryPack] INFO: Input: 2032 vertices, 3576 faces
[08:32]   [capture-loop] iter=150 t=17.7s state={'complete': False, 'error': None, 'executedCount': 3, 'wsState': 1} eval_ms=3 ram=6.8/16.0GB (42%) swap=0.2/2.9GB (8%) cpu=28% browser_rss=0.71GB
[08:33]   [ComfyUI] [worker:ComfyUI-GeometryPack] INFO: Parameters: target_edge_length=1.0, iterations=3, feature_angle=30.0, adaptive=false
[08:33]   [ComfyUI] [worker:ComfyUI-GeometryPack] INFO: Output: 9670 vertices, 19338 faces
[08:34]   [ComfyUI] [SubprocessWorker] got response: ok
[08:34]   [ComfyUI] [comfy-env] GeomPackRemesh_PyMeshLab done (4.19s): result: NodeOutput
[08:34]   [ComfyUI] [comfy-env] Running GeomPackRemesh_PyMeshLab: trimesh: Trimesh, target_edge_length: 1.0, iterations: 3, feature_angle: 30.0, adaptive: 'false'
[08:34]   [ComfyUI] [SubprocessWorker] call_method: nodes.remeshing.backends.pymeshlab_isotropic.RemeshPyMeshLabNode.EXECUTE_NORMALIZED
[08:34]   [ComfyUI] [SubprocessWorker] acquired lock, ensuring started...
[08:34]   [ComfyUI] [ComfyUI-GeometryPack] Health check: ping (timeout=5.0s)...
[08:34]   Node executed (4 total), capturing...
[08:34]   [ComfyUI] [ComfyUI-GeometryPack] Health check: ok
[08:34]   [ComfyUI] [SubprocessWorker] worker started/confirmed
[08:34]   [ComfyUI] [SubprocessWorker] serializing kwargs to shm...
[08:34]   [ComfyUI] [SubprocessWorker] created 1 shm blocks
[08:34]   [ComfyUI] [SubprocessWorker] sending request via socket...
[08:34]   [ComfyUI] [SubprocessWorker] call_id=16 sending call_method
[08:35]   Frame 7 saved (frame_006.jpg, t=19.9s)
[08:35]   [capture-node] freeze=2ms shot=80ms unfreeze=3ms saved=True
[08:36]   [ComfyUI] [worker:ComfyUI-GeometryPack] INFO: Backend: pymeshlab_isotropic
[08:36]   [ComfyUI] [worker:ComfyUI-GeometryPack] INFO: Input: 11381 vertices, 22704 faces
[08:36]   [ComfyUI] [worker:ComfyUI-GeometryPack] INFO: Parameters: target_edge_length=1.0, iterations=3, feature_angle=30.0, adaptive=false
[08:38]   [ComfyUI] [worker:ComfyUI-GeometryPack] INFO: Output: 206 vertices, 394 faces
[08:38]   [ComfyUI] [SubprocessWorker] got response: ok
[08:38]   [ComfyUI] [comfy-env] GeomPackRemesh_PyMeshLab done (3.37s): result: NodeOutput
[08:38]   [ComfyUI] [comfy-env] Running GeomPackPreviewMeshVTKBatch: mode: list[1], index: list[1], trimesh: list[4]
[08:38]   [ComfyUI] [SubprocessWorker] call_method: nodes.visualization.preview_mesh_vtk_batch.PreviewMeshVTKBatchNode.EXECUTE_NORMALIZED
[08:38]   [ComfyUI] [SubprocessWorker] acquired lock, ensuring started...
[08:38]   [ComfyUI] [ComfyUI-GeometryPack] Health check: ping (timeout=5.0s)...
[08:38]   [ComfyUI] [ComfyUI-GeometryPack] Health check: ok
[08:38]   [ComfyUI] [SubprocessWorker] worker started/confirmed
[08:38]   [ComfyUI] [SubprocessWorker] serializing kwargs to shm...
[08:38]   [ComfyUI] [SubprocessWorker] created 4 shm blocks
[08:38]   [ComfyUI] [SubprocessWorker] sending request via socket...
[08:38]   [ComfyUI] [SubprocessWorker] call_id=17 sending call_method
[08:38]   Node executed (5 total), capturing...
[08:38]   [ComfyUI] [worker:ComfyUI-GeometryPack] INFO: Batch size: 4, showing index: 1/4
[08:38]   [ComfyUI] [worker:ComfyUI-GeometryPack] INFO: Preparing preview: Mesh - 5251 vertices, 11070 faces
[08:38]   [ComfyUI] [worker:ComfyUI-GeometryPack] INFO: Mode: fields
[08:38]   [ComfyUI] [worker:ComfyUI-GeometryPack] INFO: Visual data - has_visual: True, kind: None, texture: False, vertex_colors: False
[08:38]   [ComfyUI] [worker:ComfyUI-GeometryPack] INFO: Using fields mode - VTP/STL export
[08:38]   [ComfyUI] [worker:ComfyUI-GeometryPack] INFO: Exported STL to: D:\a\comfy-gpu-ci\comfy-gpu-ci\test_workspaces\GeometryPack-2137\portable-comfyui\ComfyUI_windows_portable\ComfyUI\output\preview_vtk_batch_70aa2577.stl
[08:38]   [ComfyUI] [worker:ComfyUI-GeometryPack] INFO: Fields mode info: watertight=False, volume=None, area=4.318366133448304, no fields
[08:38]   Frame 8 saved (frame_007.jpg, t=23.3s)
[08:38]   [capture-node] freeze=3ms shot=100ms unfreeze=5ms saved=True
[08:38]   [ComfyUI] [SubprocessWorker] got response: ok
[08:38]   [ComfyUI] [comfy-env] GeomPackPreviewMeshVTKBatch done (0.40s): result: NodeOutput
[08:38]   [ComfyUI] Prompt executed in 23.35 seconds
[08:38]   Node executed (6 total), capturing...
[08:38]   Frame 9 saved (frame_008.jpg, t=23.7s)
[08:38]   [capture-node] freeze=3ms shot=95ms unfreeze=3ms saved=True
[08:39]   Execution complete (t=24.0s)
[08:39]   Captured 9 unique frames over 24.0s
[08:39]   [debug] iframes: 1
[08:39]   [debug]   iframe[0]: src=http://127.0.0.1:41896/extensions/ComfyUI-GeometryPack/viewer_vtk.html?v=1778449, canvas=622x373, rafFrozen=False
[08:39]   [timing] trigger_3d_previews: 0.0s
[08:41]   Saved high-quality screenshot: batch_remesh_executed.png
[08:41]   [timing] final_screenshot: 0.2s
[08:41] Capturing execution frames: boolean_ops.json
[08:47]   Frame 1 saved (frame_000.jpg, t=0.0s)
[08:47]   Validating workflow...
[08:47]   [ComfyUI] === /validate endpoint called ===
[08:47]   [ComfyUI] Received JSON with keys: ['prompt']
[08:47]   [ComfyUI] Prompt has 5 nodes
[08:47]   [ComfyUI]   Node 1: GeomPackCreatePrimitive
[08:47]   [ComfyUI]     Inputs: {"shape": "cube", "size": 2, "subdivisions": 1}
[08:47]   [ComfyUI]   Node 2: GeomPackCreatePrimitive
[08:47]   Queuing workflow for execution...
[08:47]   [ComfyUI]     Inputs: {"shape": "sphere", "size": 2.5, "subdivisions": 2}
[08:47]   [ComfyUI]   Node 21: GeomPackPreviewMeshDual
[08:47]   [ComfyUI]     Inputs: {"layout": "side_by_side", "mode": "fields", "opacity_1": 1, "opacity_2": 1, "preview_dual": "{\"show_edges\":true,\"camera_state\":\"\",\"selected_field\":\"\",\"selected_channel\":\"magnitude\",\"se
[08:47]   [ComfyUI]   Node 22: GeomPackPreviewMeshVTK
[08:47]   [ComfyUI]     Inputs: {"mode": "fields", "preview_vtk": "{\"show_edges\":true,\"camera_state\":\"\",\"selected_field\":\"\",\"selected_channel\":\"magnitude\",\"selected_colormap\":\"erdc_rainbow_bright\"}", "trimesh": ["2
[08:47]   [ComfyUI]   Node 25: GeomPackBoolean
[08:47]   [ComfyUI]     Inputs: {"operation": "union", "backend": "libigl_cgal", "mesh_a": ["1", 0], "mesh_b": ["2", 0]}
[08:47]   [ComfyUI] Generated prompt_id: aa96d901-bbc9-4733-8beb-aee281a509a6
[08:47]   [ComfyUI] Calling execution.validate_prompt()...
[08:47]   [ComfyUI] Validation result: valid=True
[08:47]   [ComfyUI] === Validation PASSED ===
[08:47]   [ComfyUI] got prompt
[08:47]   [ComfyUI] [comfy-env] Running GeomPackCreatePrimitive: shape: 'sphere', size: 2.5, subdivisions: 2
[08:47]   [ComfyUI] [SubprocessWorker] call_method: nodes.primitives.create_primitive.CreatePrimitive.EXECUTE_NORMALIZED
[08:47]   [ComfyUI] [SubprocessWorker] acquired lock, ensuring started...
[08:47]   [ComfyUI] [ComfyUI-GeometryPack] Health check: ping (timeout=5.0s)...
[08:47]   [ComfyUI] [ComfyUI-GeometryPack] Health check: ok
[08:47]   [ComfyUI] [SubprocessWorker] worker started/confirmed
[08:47]   [ComfyUI] [SubprocessWorker] serializing kwargs to shm...
[08:47]   [ComfyUI] [SubprocessWorker] created 0 shm blocks
[08:47]   [ComfyUI] [SubprocessWorker] sending request via socket...
[08:47]   [ComfyUI] [SubprocessWorker] call_id=18 sending call_method
[08:47]   [ComfyUI] [worker:ComfyUI-GeometryPack] INFO: Created sphere: 162 vertices, 320 faces
[08:47]   [ComfyUI] [SubprocessWorker] got response: ok
[08:47]   [ComfyUI] [comfy-env] GeomPackCreatePrimitive done (0.10s): result: NodeOutput
[08:47]   [ComfyUI] [comfy-env] Running GeomPackCreatePrimitive: shape: 'cube', size: 2.0, subdivisions: 1
[08:47]   [ComfyUI] [SubprocessWorker] call_method: nodes.primitives.create_primitive.CreatePrimitive.EXECUTE_NORMALIZED
[08:47]   [ComfyUI] [SubprocessWorker] acquired lock, ensuring started...
[08:47]   [ComfyUI] [ComfyUI-GeometryPack] Health check: ping (timeout=5.0s)...
[08:47]   [ComfyUI] [ComfyUI-GeometryPack] Health check: ok
[08:47]   [ComfyUI] [SubprocessWorker] worker started/confirmed
[08:47]   [ComfyUI] [SubprocessWorker] serializing kwargs to shm...
[08:47]   [ComfyUI] [SubprocessWorker] created 0 shm blocks
[08:47]   [ComfyUI] [SubprocessWorker] sending request via socket...
[08:47]   [ComfyUI] [SubprocessWorker] call_id=19 sending call_method
[08:47]   [ComfyUI] [worker:ComfyUI-GeometryPack] INFO: Created cube: 8 vertices, 12 faces
[08:47]   [ComfyUI] [SubprocessWorker] got response: ok
[08:47]   [ComfyUI] [comfy-env] GeomPackCreatePrimitive done (0.11s): result: NodeOutput
[08:47]   [ComfyUI] [comfy-env] Running GeomPackPreviewMeshDual: layout: 'side_by_side', mode: 'fields', opacity_1: 1.0, opacity_2: 1.0, mesh_1: Trimesh, mesh_2: Trimesh
[08:47]   [ComfyUI] [SubprocessWorker] call_method: nodes.visualization.preview_mesh_dual.PreviewMeshDualNode.EXECUTE_NORMALIZED
[08:47]   [ComfyUI] [SubprocessWorker] acquired lock, ensuring started...
[08:47]   [ComfyUI] [ComfyUI-GeometryPack] Health check: ping (timeout=5.0s)...
[08:47]   [ComfyUI] [ComfyUI-GeometryPack] Health check: ok
[08:47]   [ComfyUI] [SubprocessWorker] worker started/confirmed
[08:47]   [ComfyUI] [SubprocessWorker] serializing kwargs to shm...
[08:47]   [ComfyUI] [SubprocessWorker] created 2 shm blocks
[08:47]   [ComfyUI] [SubprocessWorker] sending request via socket...
[08:47]   [ComfyUI] [SubprocessWorker] call_id=20 sending call_method
[08:47]   [ComfyUI] [worker:ComfyUI-GeometryPack] INFO: Layout: side_by_side, Mode: fields
[08:47]   [ComfyUI] [worker:ComfyUI-GeometryPack] INFO: Mesh 1: Mesh - 8 vertices, 12 faces
[08:47]   [ComfyUI] [worker:ComfyUI-GeometryPack] INFO: Mesh 2: Mesh - 162 vertices, 320 faces
[08:47]   [ComfyUI] [worker:ComfyUI-GeometryPack] INFO: Mesh 1 fields: []
[08:47]   [ComfyUI] [worker:ComfyUI-GeometryPack] INFO: Mesh 2 fields: []
[08:47]   [ComfyUI] [worker:ComfyUI-GeometryPack] INFO: Common fields: []
[08:47]   [ComfyUI] [worker:ComfyUI-GeometryPack] INFO: Mesh 1 visual: kind=None, texture=False, vertex_colors=False
[08:47]   [ComfyUI] [worker:ComfyUI-GeometryPack] INFO: Mesh 2 visual: kind=None, texture=False, vertex_colors=False
[08:47]   [ComfyUI] [worker:ComfyUI-GeometryPack] INFO: Exported STL: D:\a\comfy-gpu-ci\comfy-gpu-ci\test_workspaces\GeometryPack-2137\portable-comfyui\ComfyUI_windows_portable\ComfyUI\output\preview_dual_1_54100170.stl
[08:47]   [ComfyUI] [worker:ComfyUI-GeometryPack] INFO: Exported STL: D:\a\comfy-gpu-ci\comfy-gpu-ci\test_workspaces\GeometryPack-2137\portable-comfyui\ComfyUI_windows_portable\ComfyUI\output\preview_dual_2_54100170.stl
[08:47]   [ComfyUI] [worker:ComfyUI-GeometryPack] INFO: Preview ready
[08:47]   [ComfyUI] [SubprocessWorker] got response: ok
[08:47]   [ComfyUI] [comfy-env] GeomPackPreviewMeshDual done (0.16s): result: NodeOutput
[08:47]   [ComfyUI] [comfy-env] Running GeomPackBoolean: operation: 'union', backend: dict, mesh_a: Trimesh, mesh_b: Trimesh
[08:47]   [ComfyUI] [SubprocessWorker] call_method: nodes.boolean.boolean.BooleanNode.EXECUTE_NORMALIZED
[08:47]   [ComfyUI] [SubprocessWorker] acquired lock, ensuring started...
[08:47]   [ComfyUI] [ComfyUI-GeometryPack] Health check: ping (timeout=5.0s)...
[08:47]   [ComfyUI] [ComfyUI-GeometryPack] Health check: ok
[08:47]   [ComfyUI] [SubprocessWorker] worker started/confirmed
[08:47]   [ComfyUI] [SubprocessWorker] serializing kwargs to shm...
[08:47]   [ComfyUI] [SubprocessWorker] created 2 shm blocks
[08:47]   [ComfyUI] [SubprocessWorker] sending request via socket...
[08:47]   [ComfyUI] [SubprocessWorker] call_id=21 sending call_method
[08:47]   Node executed (1 total), capturing...
[08:47]   [ComfyUI] [worker:ComfyUI-GeometryPack] INFO: Boolean dispatch: libigl_cgal -> GeomPackBoolean_LibiglCGAL
[08:47]   [ComfyUI] [SubprocessWorker] got response: ok
[08:47]   [ComfyUI] [comfy-env] GeomPackBoolean done (0.11s): result: NodeOutput
[08:47]   [ComfyUI] [comfy-env] Running GeomPackBoolean_LibiglCGAL: mesh_a: Trimesh, mesh_b: Trimesh, operation: 'union'
[08:47]   [ComfyUI] [SubprocessWorker] call_method: nodes.boolean.backends.libigl_cgal.BooleanLibiglCGALNode.EXECUTE_NORMALIZED
[08:47]   [ComfyUI] [SubprocessWorker] acquired lock, ensuring started...
[08:47]   [ComfyUI] [ComfyUI-GeometryPack] Health check: ping (timeout=5.0s)...
[08:47]   [ComfyUI] [ComfyUI-GeometryPack] Health check: ok
[08:47]   [ComfyUI] [SubprocessWorker] worker started/confirmed
[08:47]   [ComfyUI] [SubprocessWorker] serializing kwargs to shm...
[08:47]   [ComfyUI] [SubprocessWorker] created 2 shm blocks
[08:47]   [ComfyUI] [SubprocessWorker] sending request via socket...
[08:47]   [ComfyUI] [SubprocessWorker] call_id=22 sending call_method
[08:48]   [ComfyUI] [worker:ComfyUI-GeometryPack] INFO: Backend: libigl_cgal
[08:48]   [ComfyUI] [worker:ComfyUI-GeometryPack] INFO: Mesh A: 8 vertices, 12 faces
[08:48]   [ComfyUI] [worker:ComfyUI-GeometryPack] INFO: Mesh B: 162 vertices, 320 faces
[08:48]   [ComfyUI] [worker:ComfyUI-GeometryPack] INFO: Operation: union
[08:48]   Frame 2 saved (frame_001.jpg, t=0.7s)
[08:48]   [capture-node] freeze=39ms shot=234ms unfreeze=4ms saved=True
[08:48]   [ComfyUI] [worker:ComfyUI-GeometryPack] INFO: Success: 302 vertices, 600 faces
[08:48]   [ComfyUI] [SubprocessWorker] got response: ok
[08:48]   [ComfyUI] [comfy-env] GeomPackBoolean_LibiglCGAL done (0.56s): result: NodeOutput
[08:48]   [ComfyUI] [comfy-env] Running GeomPackPreviewMeshVTK: mode: 'fields', trimesh: Trimesh
[08:48]   [ComfyUI] [SubprocessWorker] call_method: nodes.visualization.preview_mesh_vtk.PreviewMeshVTKNode.EXECUTE_NORMALIZED
[08:48]   [ComfyUI] [SubprocessWorker] acquired lock, ensuring started...
[08:48]   [ComfyUI] [ComfyUI-GeometryPack] Health check: ping (timeout=5.0s)...
[08:48]   [ComfyUI] [ComfyUI-GeometryPack] Health check: ok
[08:48]   [ComfyUI] [SubprocessWorker] worker started/confirmed
[08:48]   [ComfyUI] [SubprocessWorker] serializing kwargs to shm...
[08:48]   [ComfyUI] [SubprocessWorker] created 1 shm blocks
[08:48]   [ComfyUI] [SubprocessWorker] sending request via socket...
[08:48]   [ComfyUI] [SubprocessWorker] call_id=23 sending call_method
[08:48]   Node executed (2 total), capturing...
[08:48]   [ComfyUI] [worker:ComfyUI-GeometryPack] INFO: Preparing preview: Mesh - 302 vertices, 600 faces
[08:48]   [ComfyUI] [worker:ComfyUI-GeometryPack] INFO: Mode: fields
[08:48]   [ComfyUI] [worker:ComfyUI-GeometryPack] INFO: Visual data - has_visual: True, kind: None, texture: False, vertex_colors: False
[08:48]   [ComfyUI] [worker:ComfyUI-GeometryPack] INFO: Using fields mode - VTP export
[08:48]   [ComfyUI] [worker:ComfyUI-GeometryPack] INFO: Exporting mesh to VTP: D:\a\comfy-gpu-ci\comfy-gpu-ci\test_workspaces\GeometryPack-2137\portable-comfyui\ComfyUI_windows_portable\ComfyUI\output\preview_vtk_d332e92b.vtp
[08:48]   [ComfyUI] [worker:ComfyUI-GeometryPack] INFO: Adding normals field (302 vertices)
[08:48]   [ComfyUI] [worker:ComfyUI-GeometryPack] INFO: Export complete: 302 vertices, 600 faces
[08:48]   [ComfyUI] [worker:ComfyUI-GeometryPack] INFO: Exported VTP to: D:\a\comfy-gpu-ci\comfy-gpu-ci\test_workspaces\GeometryPack-2137\portable-comfyui\ComfyUI_windows_portable\ComfyUI\output\preview_vtk_d332e92b.vtp
[08:48]   [ComfyUI] [worker:ComfyUI-GeometryPack] INFO: Fields mode info: watertight=True, volume=9.214489033870414, area=25.093742655540616, no fields
[08:48]   [ComfyUI] [SubprocessWorker] got response: ok
[08:48]   [ComfyUI] [comfy-env] GeomPackPreviewMeshVTK done (0.15s): result: NodeOutput
[08:48]   [ComfyUI] Prompt executed in 1.20 seconds
[08:49]   Frame 3 saved (frame_002.jpg, t=1.3s)
[08:49]   [capture-node] freeze=53ms shot=147ms unfreeze=88ms saved=True
[08:49]   Node executed (3 total), capturing...
[08:49]   Frame 4 saved (frame_003.jpg, t=1.9s)
[08:49]   [capture-node] freeze=2ms shot=126ms unfreeze=0ms saved=True
[08:49]   Execution complete (t=1.9s)
[08:49]   Captured 4 unique frames over 2.08s
[08:49]   [debug] iframes: 2
[08:49]   [debug]   iframe[0]: src=http://127.0.0.1:41896/extensions/ComfyUI-GeometryPack/viewer_dual.html?v=177844, canvas=370x485, rafFrozen=True
[08:49]   [debug]   iframe[1]: src=http://127.0.0.1:41896/extensions/ComfyUI-GeometryPack/viewer_vtk.html?v=1778449, canvas=486x348, rafFrozen=True
[08:49]   [timing] trigger_3d_previews: 0.0s
[08:51]   Saved high-quality screenshot: boolean_ops_executed.png
[08:51]   [timing] final_screenshot: 0.2s
[08:52] Capturing execution frames: boolean_ops_all.json
[08:58]   Frame 1 saved (frame_000.jpg, t=0.0s)
[08:58]   Validating workflow...
[08:58]   [ComfyUI] === /validate endpoint called ===
[08:58]   [ComfyUI] Received JSON with keys: ['prompt']
[08:58]   [ComfyUI] Prompt has 5 nodes
[08:58]   [ComfyUI]   Node 1: GeomPackCreatePrimitive
[08:58]   [ComfyUI]     Inputs: {"shape": "sphere", "size": 1, "subdivisions": 4}
[08:58]   [ComfyUI]   Node 2: GeomPackCreatePrimitive
[08:58]   [ComfyUI]     Inputs: {"shape": "cube", "size": 0.8, "subdivisions": 1}
[08:58]   [ComfyUI]   Node 3: GeomPackBoolean
[08:58]   Queuing workflow for execution...
[08:58]   [ComfyUI]     Inputs: {"operation": "difference", "backend": "libigl_cgal", "mesh_a": ["1", 0], "mesh_b": ["2", 0]}
[08:58]   [ComfyUI]   Node 4: GeomPackBoolean
[08:58]   [ComfyUI]     Inputs: {"operation": "difference", "backend": "blender_exact", "mesh_a": ["1", 0], "mesh_b": ["2", 0]}
[08:58]   [ComfyUI]   Node 5: GeomPackPreviewMeshMulti
[08:58]   [ComfyUI]     Inputs: {"mode": "fields", "preview_multi": "{\"show_edges\":true,\"camera_state\":\"{\\\"position\\\":[1.2245775204403364,1.2245775204403364,1.2245775204403364],\\\"focalPoint\\\":[0,0,0],\\\"viewUp\\\":[0,0
[08:58]   [ComfyUI] Generated prompt_id: da9c1847-2803-4c0a-bed1-dcb085509847
[08:58]   [ComfyUI] Calling execution.validate_prompt()...
[08:58]   [ComfyUI] Validation result: valid=True
[08:58]   [ComfyUI] === Validation PASSED ===
[08:58]   [ComfyUI] got prompt
[08:58]   [ComfyUI] [comfy-env] Running GeomPackCreatePrimitive: shape: 'cube', size: 0.8, subdivisions: 1
[08:58]   [ComfyUI] [SubprocessWorker] call_method: nodes.primitives.create_primitive.CreatePrimitive.EXECUTE_NORMALIZED
[08:58]   [ComfyUI] [SubprocessWorker] acquired lock, ensuring started...
[08:58]   [ComfyUI] [ComfyUI-GeometryPack] Health check: ping (timeout=5.0s)...
[08:58]   [ComfyUI] [ComfyUI-GeometryPack] Health check: failed
[08:58]   [ComfyUI] [ComfyUI-GeometryPack] Socket unhealthy, restarting worker...
[08:58]   [ComfyUI] [comfy-env] geometrypack-nodes: Library/bin has 611 DLLs
[08:58]   [ComfyUI] [ComfyUI-GeometryPack] python: C:\ce\.pixi\envs\geometrypack-nodes\python.exe
[08:58]   [ComfyUI] [ComfyUI-GeometryPack] sys_path sent to worker: ['D:\\a\\comfy-gpu-ci\\comfy-gpu-ci\\test_workspaces\\GeometryPack-2137\\portable-comfyui\\ComfyUI_windows_portable\\ComfyUI', 'D:\\a\\comfy-gpu-ci\\comfy-gpu-ci\\test_workspaces\\GeometryPack-2137\\portable-comfyui\\ComfyUI_windows_portable\\ComfyUI\\custom_nodes\\ComfyUI-GeometryPack', 'C:\\ce\\.pixi\\envs\\geometrypack-nodes\\Lib\\site-packages', 'D:\\a\\comfy-gpu-ci\\comfy-gpu-ci\\test_workspaces\\GeometryPack-2137\\portable-comfyui\\ComfyUI_windows_portable\\ComfyUI\\custom_nodes\\ComfyUI-GeometryPack']
[08:58]   [ComfyUI] [SubprocessWorker] is_pixi=True, python=C:\ce\.pixi\envs\geometrypack-nodes\python.exe
[08:58]   [ComfyUI] [SubprocessWorker] launching cmd=['C:\\Users\\runneradmin\\.pixi\\bin\\pixi.exe', 'run', '--as-is', '--manifest-path', 'C:\\ce\\pixi.toml', '-e', 'geometrypack-nodes', 'python', 'C:\\Users\\RUNNER~1\\AppData\\Local\\Temp\\comfyui_pvenv_23kbyj93\\persistent_worker.py', 'tcp://127.0.0.1:55747']...
[09:00]   Frame 2 saved (frame_001.jpg, t=2.2s)
[09:00]   [capture-periodic] freeze=3ms shot=105ms unfreeze=3ms saved=True
[09:00]   [ComfyUI] C:\ce\.pixi\envs\geometrypack-nodes\Lib\site-packages\torch\cuda\__init__.py:180: UserWarning: cudaGetDeviceCount() returned cudaErrorNotSupported, likely using older driver or on CPU machine (Triggered internally at C:\actions-runner\_work\pytorch\pytorch\pytorch\c10\cuda\CUDAFunctions.cpp:88.)
[09:00]   [ComfyUI]   return torch._C._cuda_getDeviceCount() > 0
[09:00]   [ComfyUI] [worker:ComfyUI-GeometryPack] ERROR: Failed to import comfy_kitchen, Error: No module named 'comfy_kitchen', fp8 and fp4 support will not be available.
[09:00]   [ComfyUI] [SubprocessWorker] worker started/confirmed
[09:00]   [ComfyUI] [SubprocessWorker] serializing kwargs to shm...
[09:00]   [ComfyUI] [SubprocessWorker] created 0 shm blocks
[09:00]   [ComfyUI] [SubprocessWorker] sending request via socket...
[09:00]   [ComfyUI] [SubprocessWorker] call_id=24 sending call_method
[09:02]   [ComfyUI] [worker:ComfyUI-GeometryPack] INFO: Created cube: 8 vertices, 12 faces
[09:02]   [ComfyUI] [SubprocessWorker] got response: ok
[09:02]   [ComfyUI] [comfy-env] GeomPackCreatePrimitive done (4.00s): result: NodeOutput
[09:02]   [ComfyUI] [comfy-env] Running GeomPackCreatePrimitive: shape: 'sphere', size: 1.0, subdivisions: 4
[09:02]   [ComfyUI] [SubprocessWorker] call_method: nodes.primitives.create_primitive.CreatePrimitive.EXECUTE_NORMALIZED
[09:02]   [ComfyUI] [SubprocessWorker] acquired lock, ensuring started...
[09:02]   [ComfyUI] [ComfyUI-GeometryPack] Health check: ping (timeout=5.0s)...
[09:02]   [ComfyUI] [ComfyUI-GeometryPack] Health check: ok
[09:02]   [ComfyUI] [SubprocessWorker] worker started/confirmed
[09:02]   [ComfyUI] [SubprocessWorker] serializing kwargs to shm...
[09:02]   [ComfyUI] [SubprocessWorker] created 0 shm blocks
[09:02]   [ComfyUI] [SubprocessWorker] sending request via socket...
[09:02]   [ComfyUI] [SubprocessWorker] call_id=25 sending call_method
[09:02]   [ComfyUI] [worker:ComfyUI-GeometryPack] INFO: Created sphere: 2562 vertices, 5120 faces
[09:02]   [ComfyUI] [SubprocessWorker] got response: ok
[09:02]   [ComfyUI] [comfy-env] GeomPackCreatePrimitive done (0.09s): result: NodeOutput
[09:02]   [ComfyUI] [comfy-env] Running GeomPackBoolean: operation: 'difference', backend: dict, mesh_a: Trimesh, mesh_b: Trimesh
[09:02]   [ComfyUI] [SubprocessWorker] call_method: nodes.boolean.boolean.BooleanNode.EXECUTE_NORMALIZED
[09:02]   [ComfyUI] [SubprocessWorker] acquired lock, ensuring started...
[09:02]   [ComfyUI] [ComfyUI-GeometryPack] Health check: ping (timeout=5.0s)...
[09:02]   [ComfyUI] [ComfyUI-GeometryPack] Health check: ok
[09:02]   [ComfyUI] [SubprocessWorker] worker started/confirmed
[09:02]   [ComfyUI] [SubprocessWorker] serializing kwargs to shm...
[09:02]   [ComfyUI] [SubprocessWorker] created 2 shm blocks
[09:02]   [ComfyUI] [SubprocessWorker] sending request via socket...
[09:02]   [ComfyUI] [SubprocessWorker] call_id=26 sending call_method
[09:02]   [ComfyUI] [worker:ComfyUI-GeometryPack] INFO: Boolean dispatch: libigl_cgal -> GeomPackBoolean_LibiglCGAL
[09:02]   [ComfyUI] [SubprocessWorker] got response: ok
[09:02]   [ComfyUI] [comfy-env] GeomPackBoolean done (0.10s): result: NodeOutput
[09:02]   [ComfyUI] [comfy-env] Running GeomPackBoolean: operation: 'difference', backend: dict, mesh_a: Trimesh, mesh_b: Trimesh
[09:02]   [ComfyUI] [SubprocessWorker] call_method: nodes.boolean.boolean.BooleanNode.EXECUTE_NORMALIZED
[09:02]   [ComfyUI] [SubprocessWorker] acquired lock, ensuring started...
[09:02]   [ComfyUI] [ComfyUI-GeometryPack] Health check: ping (timeout=5.0s)...
[09:02]   [ComfyUI] [ComfyUI-GeometryPack] Health check: ok
[09:02]   [ComfyUI] [SubprocessWorker] worker started/confirmed
[09:02]   [ComfyUI] [SubprocessWorker] serializing kwargs to shm...
[09:02]   [ComfyUI] [SubprocessWorker] created 2 shm blocks
[09:02]   [ComfyUI] [SubprocessWorker] sending request via socket...
[09:02]   [ComfyUI] [SubprocessWorker] call_id=27 sending call_method
[09:02]   [ComfyUI] [worker:ComfyUI-GeometryPack] INFO: Boolean dispatch: blender_exact -> GeomPackBoolean_BlenderExact
[09:02]   [ComfyUI] [SubprocessWorker] got response: ok
[09:02]   [ComfyUI] [comfy-env] GeomPackBoolean done (0.10s): result: NodeOutput
[09:02]   [ComfyUI] [comfy-env] Running GeomPackBoolean_LibiglCGAL: mesh_a: Trimesh, mesh_b: Trimesh, operation: 'difference'
[09:02]   [ComfyUI] [SubprocessWorker] call_method: nodes.boolean.backends.libigl_cgal.BooleanLibiglCGALNode.EXECUTE_NORMALIZED
[09:02]   [ComfyUI] [SubprocessWorker] acquired lock, ensuring started...
[09:02]   [ComfyUI] [ComfyUI-GeometryPack] Health check: ping (timeout=5.0s)...
[09:02]   [ComfyUI] [ComfyUI-GeometryPack] Health check: ok
[09:02]   [ComfyUI] [SubprocessWorker] worker started/confirmed
[09:02]   [ComfyUI] [SubprocessWorker] serializing kwargs to shm...
[09:02]   [ComfyUI] [SubprocessWorker] created 2 shm blocks
[09:02]   [ComfyUI] [SubprocessWorker] sending request via socket...
[09:02]   [ComfyUI] [SubprocessWorker] call_id=28 sending call_method
[09:02]   [ComfyUI] [worker:ComfyUI-GeometryPack] INFO: Backend: libigl_cgal
[09:02]   [ComfyUI] [worker:ComfyUI-GeometryPack] INFO: Mesh A: 2562 vertices, 5120 faces
[09:02]   [ComfyUI] [worker:ComfyUI-GeometryPack] INFO: Mesh B: 8 vertices, 12 faces
[09:02]   [ComfyUI] [worker:ComfyUI-GeometryPack] INFO: Operation: difference
[09:02]   Frame 3 saved (frame_002.jpg, t=4.4s)
[09:02]   [capture-periodic] freeze=3ms shot=94ms unfreeze=4ms saved=True
[09:03]   [ComfyUI] [worker:ComfyUI-GeometryPack] INFO: Success: 2202 vertices, 4380 faces
[09:03]   [ComfyUI] [SubprocessWorker] got response: ok
[09:03]   [ComfyUI] [comfy-env] GeomPackBoolean_LibiglCGAL done (0.97s): result: NodeOutput
[09:03]   [ComfyUI] [comfy-env] Running GeomPackBoolean_BlenderExact: mesh_a: Trimesh, mesh_b: Trimesh, operation: 'difference'
[09:03]   [ComfyUI] [SubprocessWorker] call_method: nodes.blender_boolean.boolean.BooleanBlenderExactNode.EXECUTE_NORMALIZED
[09:03]   [ComfyUI] [SubprocessWorker] acquired lock, ensuring started...
[09:03]   [ComfyUI] [ComfyUI-GeometryPack] Health check: ping (timeout=5.0s)...
[09:03]   [ComfyUI] [ComfyUI-GeometryPack] Health check: ok
[09:03]   [ComfyUI] [SubprocessWorker] worker started/confirmed
[09:03]   [ComfyUI] [SubprocessWorker] serializing kwargs to shm...
[09:03]   [ComfyUI] [SubprocessWorker] created 2 shm blocks
[09:03]   [ComfyUI] [SubprocessWorker] sending request via socket...
[09:03]   [ComfyUI] [SubprocessWorker] call_id=29 sending call_method
[09:03]   Node executed (1 total), capturing...
[09:03]   [ComfyUI] [worker:ComfyUI-GeometryPack] INFO: Backend: blender_exact
[09:03]   [ComfyUI] [worker:ComfyUI-GeometryPack] INFO: Mesh A: 2562 vertices, 5120 faces
[09:03]   [ComfyUI] [worker:ComfyUI-GeometryPack] INFO: Mesh B: 8 vertices, 12 faces
[09:03]   [ComfyUI] [worker:ComfyUI-GeometryPack] INFO: Operation: difference
[09:03]   Frame 4 saved (frame_003.jpg, t=5.5s)
[09:03]   [capture-node] freeze=7ms shot=91ms unfreeze=3ms saved=True
[09:03]   [ComfyUI] [worker:ComfyUI-GeometryPack] INFO: Success: 2202 vertices, 4380 faces
[09:03]   [ComfyUI] [SubprocessWorker] got response: ok
[09:03]   [ComfyUI] [comfy-env] GeomPackBoolean_BlenderExact done (0.47s): result: NodeOutput
[09:03]   [ComfyUI] [comfy-env] Running GeomPackPreviewMeshMulti: mode: 'fields', mesh_1: Trimesh, mesh_2: Trimesh
[09:03]   [ComfyUI] [SubprocessWorker] call_method: nodes.visualization.preview_mesh_multi.PreviewMeshMultiNode.EXECUTE_NORMALIZED
[09:03]   [ComfyUI] [SubprocessWorker] acquired lock, ensuring started...
[09:03]   [ComfyUI] [ComfyUI-GeometryPack] Health check: ping (timeout=5.0s)...
[09:03]   [ComfyUI] [ComfyUI-GeometryPack] Health check: ok
[09:03]   [ComfyUI] [SubprocessWorker] worker started/confirmed
[09:03]   [ComfyUI] [SubprocessWorker] serializing kwargs to shm...
[09:03]   [ComfyUI] [SubprocessWorker] created 2 shm blocks
[09:03]   [ComfyUI] [SubprocessWorker] sending request via socket...
[09:03]   [ComfyUI] [SubprocessWorker] call_id=30 sending call_method
[09:03]   Node executed (2 total), capturing...
[09:03]   [ComfyUI] [worker:ComfyUI-GeometryPack] INFO: Mode: fields, Meshes: 2
[09:03]   [ComfyUI] [worker:ComfyUI-GeometryPack] INFO: Mesh 1: Mesh - 2202 vertices, 4380 faces
[09:03]   [ComfyUI] [worker:ComfyUI-GeometryPack] INFO: Exporting mesh to VTP: D:\a\comfy-gpu-ci\comfy-gpu-ci\test_workspaces\GeometryPack-2137\portable-comfyui\ComfyUI_windows_portable\ComfyUI\output\preview_multi_1_5f84da20.vtp
[09:03]   [ComfyUI] [worker:ComfyUI-GeometryPack] INFO: Adding normals field (2202 vertices)
[09:03]   [ComfyUI] [worker:ComfyUI-GeometryPack] INFO: Export complete: 2202 vertices, 4380 faces
[09:03]   [ComfyUI] [worker:ComfyUI-GeometryPack] INFO: Exported VTP: D:\a\comfy-gpu-ci\comfy-gpu-ci\test_workspaces\GeometryPack-2137\portable-comfyui\ComfyUI_windows_portable\ComfyUI\output\preview_multi_1_5f84da20.vtp
[09:03]   [ComfyUI] [worker:ComfyUI-GeometryPack] INFO: Mesh 2: Mesh - 2202 vertices, 4380 faces
[09:03]   [ComfyUI] [worker:ComfyUI-GeometryPack] INFO: Exporting mesh to VTP: D:\a\comfy-gpu-ci\comfy-gpu-ci\test_workspaces\GeometryPack-2137\portable-comfyui\ComfyUI_windows_portable\ComfyUI\output\preview_multi_2_5f84da20.vtp
[09:03]   [ComfyUI] [worker:ComfyUI-GeometryPack] INFO: Adding normals field (2202 vertices)
[09:03]   [ComfyUI] [worker:ComfyUI-GeometryPack] INFO: Export complete: 2202 vertices, 4380 faces
[09:03]   [ComfyUI] [worker:ComfyUI-GeometryPack] INFO: Exported VTP: D:\a\comfy-gpu-ci\comfy-gpu-ci\test_workspaces\GeometryPack-2137\portable-comfyui\ComfyUI_windows_portable\ComfyUI\output\preview_multi_2_5f84da20.vtp
[09:03]   [ComfyUI] [worker:ComfyUI-GeometryPack] INFO: Grid: 2x1, Preview ready
[09:03]   [ComfyUI] [SubprocessWorker] got response: ok
[09:03]   [ComfyUI] [comfy-env] GeomPackPreviewMeshMulti done (0.20s): result: NodeOutput
[09:03]   [ComfyUI] Prompt executed in 5.93 seconds
[09:04]   Frame 5 saved (frame_004.jpg, t=6.0s)
[09:04]   [capture-node] freeze=3ms shot=156ms unfreeze=3ms saved=True
[09:04]   [capture-loop] iter=50 t=6.3s state={'complete': True, 'error': None, 'executedCount': 3, 'wsState': 1} eval_ms=4 ram=6.1/16.0GB (38%) swap=0.4/2.9GB (14%) cpu=34% browser_rss=0.76GB
[09:04]   Node executed (3 total), capturing...
[09:04]   Frame 6 saved (frame_005.jpg, t=6.5s)
[09:04]   [capture-node] freeze=193ms shot=277ms unfreeze=0ms saved=True
[09:04]   Execution complete (t=6.5s)
[09:04]   Captured 6 unique frames over 6.98s
[09:04]   [debug] iframes: 1
[09:04]   [debug]   iframe[0]: src=http://127.0.0.1:41896/extensions/ComfyUI-GeometryPack/viewer_multi.html?v=17784, canvas=368x393, rafFrozen=True
[09:04]   [timing] trigger_3d_previews: 0.0s
[09:07]   Saved high-quality screenshot: boolean_ops_all_executed.png
[09:07]   [timing] final_screenshot: 0.2s
[09:07] Capturing execution frames: decimate.json
[09:13]   Frame 1 saved (frame_000.jpg, t=0.0s)
[09:13]   Validating workflow...
[09:13]   [ComfyUI] === /validate endpoint called ===
[09:13]   [ComfyUI] Received JSON with keys: ['prompt']
[09:13]   [ComfyUI] Prompt has 3 nodes
[09:13]   [ComfyUI]   Node 2: GeomPackLoadMesh
[09:13]   [ComfyUI]     Inputs: {"file_path": "3d/spot_the_cow.obj"}
[09:13]   [ComfyUI]   Node 3: GeomPackPreviewMeshDual
[09:13]   Queuing workflow for execution...
[09:13]   [ComfyUI]     Inputs: {"layout": "side_by_side", "mode": "fields", "opacity_1": 1, "opacity_2": 1, "preview_dual": "{\"show_edges\":true,\"camera_state\":\"{\\\"position\\\":[-3.3575253938003646,2.5035395853711653,0.519424
[09:13]   [ComfyUI]   Node 4: GeomPackDecimateMesh
[09:13]   [ComfyUI]     Inputs: {"backend": "quadric_edge_collapse", "backend.target_face_count": 1004, "backend.quality_threshold": 0.3, "backend.preserve_boundary": "true", "backend.preserve_normal": "true", "backend.preserve_topo
[09:13]   [ComfyUI] Generated prompt_id: b4384434-53cf-4d8e-a0c0-6edae4a354e6
[09:13]   [ComfyUI] Calling execution.validate_prompt()...
[09:13]   [ComfyUI] Validation result: valid=True
[09:13]   [ComfyUI] === Validation PASSED ===
[09:13]   [ComfyUI] got prompt
[09:13]   [ComfyUI] [comfy-env] Running GeomPackLoadMesh: file_path: '3d/spot_the_cow.obj'
[09:13]   [ComfyUI] [SubprocessWorker] call_method: nodes.io.load_mesh.LoadMesh.EXECUTE_NORMALIZED
[09:13]   [ComfyUI] [SubprocessWorker] acquired lock, ensuring started...
[09:13]   [ComfyUI] [ComfyUI-GeometryPack] Health check: ping (timeout=5.0s)...
[09:13]   [ComfyUI] [ComfyUI-GeometryPack] Health check: ok
[09:13]   [ComfyUI] [SubprocessWorker] worker started/confirmed
[09:13]   [ComfyUI] [SubprocessWorker] serializing kwargs to shm...
[09:13]   [ComfyUI] [SubprocessWorker] created 0 shm blocks
[09:13]   [ComfyUI] [SubprocessWorker] sending request via socket...
[09:13]   [ComfyUI] [SubprocessWorker] call_id=31 sending call_method
[09:13]   [ComfyUI] [worker:ComfyUI-GeometryPack] INFO: Found mesh in input folder: 3d/spot_the_cow.obj
[09:13]   [ComfyUI] [worker:ComfyUI-GeometryPack] INFO: Loading: D:\a\comfy-gpu-ci\comfy-gpu-ci\test_workspaces\GeometryPack-2137\portable-comfyui\ComfyUI_windows_portable\ComfyUI\input\3d/spot_the_cow.obj
[09:13]   [ComfyUI] [worker:ComfyUI-GeometryPack] INFO: Initial mesh: 3225 vertices, 5856 faces
[09:13]   [ComfyUI] [worker:ComfyUI-GeometryPack] INFO: Successfully loaded: 3225 vertices, 5856 faces
[09:13]   [ComfyUI] [worker:ComfyUI-GeometryPack] INFO: Loaded: 3225 vertices, 5856 faces
[09:13]   [ComfyUI] [SubprocessWorker] got response: ok
[09:13]   [ComfyUI] [comfy-env] GeomPackLoadMesh done (0.14s): result: NodeOutput
[09:13]   [ComfyUI] [comfy-env] Running GeomPackDecimateMesh: backend: dict, trimesh: Trimesh
[09:13]   [ComfyUI] [SubprocessWorker] call_method: nodes.decimation.decimate.DecimateMeshNode.EXECUTE_NORMALIZED
[09:13]   [ComfyUI] [SubprocessWorker] acquired lock, ensuring started...
[09:13]   [ComfyUI] [ComfyUI-GeometryPack] Health check: ping (timeout=5.0s)...
[09:13]   [ComfyUI] [ComfyUI-GeometryPack] Health check: ok
[09:13]   [ComfyUI] [SubprocessWorker] worker started/confirmed
[09:13]   [ComfyUI] [SubprocessWorker] serializing kwargs to shm...
[09:13]   [ComfyUI] [SubprocessWorker] created 1 shm blocks
[09:13]   [ComfyUI] [SubprocessWorker] sending request via socket...
[09:13]   [ComfyUI] [SubprocessWorker] call_id=32 sending call_method
[09:13]   [ComfyUI] [worker:ComfyUI-GeometryPack] INFO: Decimate dispatch: quadric_edge_collapse -> GeomPackDecimate_QuadricEdgeCollapse
[09:13]   [ComfyUI] [SubprocessWorker] got response: ok
[09:13]   [ComfyUI] [comfy-env] GeomPackDecimateMesh done (0.09s): result: NodeOutput
[09:13]   [ComfyUI] [comfy-env] Running GeomPackDecimate_QuadricEdgeCollapse: trimesh: Trimesh, target_face_count: 1004, quality_threshold: 0.3, preserve_boundary: 'true', preserve_normal: 'true', preserve_topology: 'true', planar_quadric: 'false'
[09:13]   [ComfyUI] [SubprocessWorker] call_method: nodes.decimation.backends.quadric_edge_collapse.DecimateQuadricEdgeCollapseNode.EXECUTE_NORMALIZED
[09:13]   [ComfyUI] [SubprocessWorker] acquired lock, ensuring started...
[09:13]   [ComfyUI] [ComfyUI-GeometryPack] Health check: ping (timeout=5.0s)...
[09:13]   [ComfyUI] [ComfyUI-GeometryPack] Health check: ok
[09:13]   [ComfyUI] [SubprocessWorker] worker started/confirmed
[09:13]   [ComfyUI] [SubprocessWorker] serializing kwargs to shm...
[09:13]   [ComfyUI] [SubprocessWorker] created 1 shm blocks
[09:13]   [ComfyUI] [SubprocessWorker] sending request via socket...
[09:13]   [ComfyUI] [SubprocessWorker] call_id=33 sending call_method
[09:13]   [ComfyUI] [worker:ComfyUI-GeometryPack] INFO: Backend: quadric_edge_collapse
[09:13]   [ComfyUI] [worker:ComfyUI-GeometryPack] INFO: Input: 3,225 vertices, 5,856 faces
[09:13]   [ComfyUI] [SubprocessWorker] got response: ok
[09:13]   [ComfyUI] [comfy-env] GeomPackDecimate_QuadricEdgeCollapse done (0.33s): result: NodeOutput
[09:13]   [ComfyUI] [comfy-env] Running GeomPackPreviewMeshDual: layout: 'side_by_side', mode: 'fields', opacity_1: 1.0, opacity_2: 1.0, mesh_1: Trimesh, mesh_2: Trimesh
[09:13]   [ComfyUI] [SubprocessWorker] call_method: nodes.visualization.preview_mesh_dual.PreviewMeshDualNode.EXECUTE_NORMALIZED
[09:13]   [ComfyUI] [SubprocessWorker] acquired lock, ensuring started...
[09:13]   [ComfyUI] [ComfyUI-GeometryPack] Health check: ping (timeout=5.0s)...
[09:13]   [ComfyUI] [ComfyUI-GeometryPack] Health check: ok
[09:13]   [ComfyUI] [SubprocessWorker] worker started/confirmed
[09:13]   [ComfyUI] [SubprocessWorker] serializing kwargs to shm...
[09:13]   [ComfyUI] [SubprocessWorker] created 2 shm blocks
[09:13]   [ComfyUI] [SubprocessWorker] sending request via socket...
[09:13]   [ComfyUI] [SubprocessWorker] call_id=34 sending call_method
[09:13]   Node executed (1 total), capturing...
[09:13]   [ComfyUI] [worker:ComfyUI-GeometryPack] INFO: Layout: side_by_side, Mode: fields
[09:13]   [ComfyUI] [worker:ComfyUI-GeometryPack] INFO: Mesh 1: Mesh - 3225 vertices, 5856 faces
[09:13]   [ComfyUI] [worker:ComfyUI-GeometryPack] INFO: Mesh 2: Mesh - 504 vertices, 1004 faces
[09:13]   [ComfyUI] [worker:ComfyUI-GeometryPack] INFO: Mesh 1 fields: []
[09:13]   [ComfyUI] [worker:ComfyUI-GeometryPack] INFO: Mesh 2 fields: []
[09:13]   [ComfyUI] [worker:ComfyUI-GeometryPack] INFO: Common fields: []
[09:13]   [ComfyUI] [worker:ComfyUI-GeometryPack] INFO: Mesh 1 visual: kind=texture, texture=True, vertex_colors=False
[09:13]   [ComfyUI] [worker:ComfyUI-GeometryPack] INFO: Mesh 2 visual: kind=None, texture=False, vertex_colors=False
[09:13]   [ComfyUI] [worker:ComfyUI-GeometryPack] INFO: Exported STL: D:\a\comfy-gpu-ci\comfy-gpu-ci\test_workspaces\GeometryPack-2137\portable-comfyui\ComfyUI_windows_portable\ComfyUI\output\preview_dual_1_aefae0ed.stl
[09:13]   [ComfyUI] [worker:ComfyUI-GeometryPack] INFO: Exported STL: D:\a\comfy-gpu-ci\comfy-gpu-ci\test_workspaces\GeometryPack-2137\portable-comfyui\ComfyUI_windows_portable\ComfyUI\output\preview_dual_2_aefae0ed.stl
[09:13]   [ComfyUI] [worker:ComfyUI-GeometryPack] INFO: Preview ready
[09:13]   [ComfyUI] [SubprocessWorker] got response: ok
[09:13]   [ComfyUI] [comfy-env] GeomPackPreviewMeshDual done (0.17s): result: NodeOutput
[09:13]   [ComfyUI] Prompt executed in 0.75 seconds
[09:14]   Frame 2 saved (frame_001.jpg, t=0.9s)
[09:14]   [capture-node] freeze=29ms shot=132ms unfreeze=13ms saved=True
[09:14]   Node executed (2 total), capturing...
[09:14]   Frame 3 saved (frame_002.jpg, t=1.4s)
[09:14]   [capture-node] freeze=3ms shot=127ms unfreeze=0ms saved=True
[09:14]   Execution complete (t=1.5s)
[09:14]   Captured 3 unique frames over 1.62s
[09:14]   [debug] iframes: 1
[09:14]   [debug]   iframe[0]: src=http://127.0.0.1:41896/extensions/ComfyUI-GeometryPack/viewer_dual.html?v=177844, canvas=370x485, rafFrozen=True
[09:14]   [timing] trigger_3d_previews: 0.0s
[09:16]   Saved high-quality screenshot: decimate_executed.png
[09:16]   [timing] final_screenshot: 0.2s
[09:17] Capturing execution frames: decimate_all.json
[09:23]   Frame 1 saved (frame_000.jpg, t=0.0s)
[09:23]   Validating workflow...
[09:23]   [ComfyUI] === /validate endpoint called ===
[09:23]   [ComfyUI] Received JSON with keys: ['prompt']
[09:23]   [ComfyUI] Prompt has 7 nodes
[09:23]   [ComfyUI]   Node 1: GeomPackLoadMesh
[09:23]   [ComfyUI]     Inputs: {"file_path": "3d/Stanford_Bunny.stl"}
[09:23]   Queuing workflow for execution...
[09:23]   [ComfyUI]   Node 2: GeomPackDecimateMesh
[09:23]   [ComfyUI]     Inputs: {"backend": "quadric_edge_collapse", "backend.target_face_count": 5000, "backend.quality_threshold": 0.3, "backend.preserve_boundary": "true", "backend.preserve_normal": "true", "backend.preserve_topo
[09:23]   [ComfyUI]   Node 3: GeomPackDecimateMesh
[09:23]   [ComfyUI]     Inputs: {"backend": "fast_simplification", "backend.target_reduction": 0.8, "backend.aggressiveness": 7, "trimesh": ["1", 0]}
[09:23]   [ComfyUI]   Node 4: GeomPackDecimateMesh
[09:23]   [ComfyUI]     Inputs: {"backend": "vertex_clustering", "backend.cluster_threshold": 3, "trimesh": ["1", 0]}
[09:23]   [ComfyUI]   Node 6: GeomPackDecimateMesh
[09:23]   [ComfyUI]     Inputs: {"backend": "decimate_pro", "backend.target_reduction": 0.8, "backend.feature_angle": 15, "backend.preserve_topology": "true", "trimesh": ["1", 0]}
[09:23]   [ComfyUI]   Node 7: GeomPackPreviewMeshMulti
[09:23]   [ComfyUI]     Inputs: {"mode": "fields", "preview_multi": "{\"show_edges\":true,\"camera_state\":\"{\\\"position\\\":[156.15573456772853,45.50443036606394,116.04835655422535],\\\"focalPoint\\\":[30.319300651550293,1.894807
[09:23]   [ComfyUI]   Node 8: GeomPackPreviewMeshMulti
[09:23]   [ComfyUI]     Inputs: {"mode": "fields", "preview_multi": "{\"show_edges\":true,\"camera_state\":\"{\\\"position\\\":[156.15573456772853,45.50443036606394,116.04835655422535],\\\"focalPoint\\\":[30.319300651550293,1.894807
[09:23]   [ComfyUI] Generated prompt_id: 90a341ed-ab39-443e-9b71-7dd38888fcc1
[09:23]   [ComfyUI] Calling execution.validate_prompt()...
[09:23]   [ComfyUI] Validation result: valid=True
[09:23]   [ComfyUI] === Validation PASSED ===
[09:23]   [ComfyUI] got prompt
[09:23]   [ComfyUI] [comfy-env] Running GeomPackLoadMesh: file_path: '3d/Stanford_Bunny.stl'
[09:23]   [ComfyUI] [SubprocessWorker] call_method: nodes.io.load_mesh.LoadMesh.EXECUTE_NORMALIZED
[09:23]   [ComfyUI] [SubprocessWorker] acquired lock, ensuring started...
[09:23]   [ComfyUI] [ComfyUI-GeometryPack] Health check: ping (timeout=5.0s)...
[09:23]   [ComfyUI] [ComfyUI-GeometryPack] Health check: ok
[09:23]   [ComfyUI] [SubprocessWorker] worker started/confirmed
[09:23]   [ComfyUI] [SubprocessWorker] serializing kwargs to shm...
[09:23]   [ComfyUI] [SubprocessWorker] created 0 shm blocks
[09:23]   [ComfyUI] [SubprocessWorker] sending request via socket...
[09:23]   [ComfyUI] [SubprocessWorker] call_id=35 sending call_method
[09:23]   [ComfyUI] [worker:ComfyUI-GeometryPack] INFO: Found mesh in input folder: 3d/Stanford_Bunny.stl
[09:23]   [ComfyUI] [worker:ComfyUI-GeometryPack] INFO: Loading: D:\a\comfy-gpu-ci\comfy-gpu-ci\test_workspaces\GeometryPack-2137\portable-comfyui\ComfyUI_windows_portable\ComfyUI\input\3d/Stanford_Bunny.stl
[09:23]   [ComfyUI] [worker:ComfyUI-GeometryPack] INFO: Initial mesh: 56203 vertices, 112402 faces
[09:23]   [ComfyUI] [worker:ComfyUI-GeometryPack] INFO: Successfully loaded: 56203 vertices, 112402 faces
[09:23]   [ComfyUI] [worker:ComfyUI-GeometryPack] INFO: Loaded: 56203 vertices, 112402 faces
[09:23]   [ComfyUI] [SubprocessWorker] got response: ok
[09:23]   [ComfyUI] [comfy-env] GeomPackLoadMesh done (0.41s): result: NodeOutput
[09:23]   [ComfyUI] [comfy-env] Running GeomPackDecimateMesh: backend: dict, trimesh: Trimesh
[09:23]   [ComfyUI] [SubprocessWorker] call_method: nodes.decimation.decimate.DecimateMeshNode.EXECUTE_NORMALIZED
[09:23]   [ComfyUI] [SubprocessWorker] acquired lock, ensuring started...
[09:23]   [ComfyUI] [ComfyUI-GeometryPack] Health check: ping (timeout=5.0s)...
[09:23]   [ComfyUI] [ComfyUI-GeometryPack] Health check: ok
[09:23]   [ComfyUI] [SubprocessWorker] worker started/confirmed
[09:23]   [ComfyUI] [SubprocessWorker] serializing kwargs to shm...
[09:23]   [ComfyUI] [SubprocessWorker] created 1 shm blocks
[09:23]   [ComfyUI] [SubprocessWorker] sending request via socket...
[09:23]   [ComfyUI] [SubprocessWorker] call_id=36 sending call_method
[09:23]   [ComfyUI] [worker:ComfyUI-GeometryPack] INFO: Decimate dispatch: decimate_pro -> GeomPackDecimate_DecimatePro
[09:23]   [ComfyUI] [SubprocessWorker] got response: ok
[09:23]   [ComfyUI] [comfy-env] GeomPackDecimateMesh done (0.12s): result: NodeOutput
[09:23]   [ComfyUI] [comfy-env] Running GeomPackDecimateMesh: backend: dict, trimesh: Trimesh
[09:23]   [ComfyUI] [SubprocessWorker] call_method: nodes.decimation.decimate.DecimateMeshNode.EXECUTE_NORMALIZED
[09:23]   [ComfyUI] [SubprocessWorker] acquired lock, ensuring started...
[09:23]   [ComfyUI] [ComfyUI-GeometryPack] Health check: ping (timeout=5.0s)...
[09:23]   [ComfyUI] [ComfyUI-GeometryPack] Health check: ok
[09:23]   [ComfyUI] [SubprocessWorker] worker started/confirmed
[09:23]   [ComfyUI] [SubprocessWorker] serializing kwargs to shm...
[09:23]   [ComfyUI] [SubprocessWorker] created 1 shm blocks
[09:23]   [ComfyUI] [SubprocessWorker] sending request via socket...
[09:23]   [ComfyUI] [SubprocessWorker] call_id=37 sending call_method
[09:24]   [ComfyUI] [worker:ComfyUI-GeometryPack] INFO: Decimate dispatch: fast_simplification -> GeomPackDecimate_FastSimplification
[09:24]   [ComfyUI] [SubprocessWorker] got response: ok
[09:24]   [ComfyUI] [comfy-env] GeomPackDecimateMesh done (0.12s): result: NodeOutput
[09:24]   [ComfyUI] [comfy-env] Running GeomPackDecimateMesh: backend: dict, trimesh: Trimesh
[09:24]   [ComfyUI] [SubprocessWorker] call_method: nodes.decimation.decimate.DecimateMeshNode.EXECUTE_NORMALIZED
[09:24]   [ComfyUI] [SubprocessWorker] acquired lock, ensuring started...
[09:24]   [ComfyUI] [ComfyUI-GeometryPack] Health check: ping (timeout=5.0s)...
[09:24]   [ComfyUI] [ComfyUI-GeometryPack] Health check: ok
[09:24]   [ComfyUI] [SubprocessWorker] worker started/confirmed
[09:24]   [ComfyUI] [SubprocessWorker] serializing kwargs to shm...
[09:24]   [ComfyUI] [SubprocessWorker] created 1 shm blocks
[09:24]   [ComfyUI] [SubprocessWorker] sending request via socket...
[09:24]   [ComfyUI] [SubprocessWorker] call_id=38 sending call_method
[09:24]   [ComfyUI] [worker:ComfyUI-GeometryPack] INFO: Decimate dispatch: vertex_clustering -> GeomPackDecimate_VertexClustering
[09:24]   [ComfyUI] [SubprocessWorker] got response: ok
[09:24]   [ComfyUI] [comfy-env] GeomPackDecimateMesh done (0.14s): result: NodeOutput
[09:24]   [ComfyUI] [comfy-env] Running GeomPackDecimateMesh: backend: dict, trimesh: Trimesh
[09:24]   [ComfyUI] [SubprocessWorker] call_method: nodes.decimation.decimate.DecimateMeshNode.EXECUTE_NORMALIZED
[09:24]   [ComfyUI] [SubprocessWorker] acquired lock, ensuring started...
[09:24]   [ComfyUI] [ComfyUI-GeometryPack] Health check: ping (timeout=5.0s)...
[09:24]   [ComfyUI] [ComfyUI-GeometryPack] Health check: ok
[09:24]   [ComfyUI] [SubprocessWorker] worker started/confirmed
[09:24]   [ComfyUI] [SubprocessWorker] serializing kwargs to shm...
[09:24]   [ComfyUI] [SubprocessWorker] created 1 shm blocks
[09:24]   [ComfyUI] [SubprocessWorker] sending request via socket...
[09:24]   [ComfyUI] [SubprocessWorker] call_id=39 sending call_method
[09:24]   [ComfyUI] [worker:ComfyUI-GeometryPack] INFO: Decimate dispatch: quadric_edge_collapse -> GeomPackDecimate_QuadricEdgeCollapse
[09:24]   [ComfyUI] [SubprocessWorker] got response: ok
[09:24]   [ComfyUI] [comfy-env] GeomPackDecimateMesh done (0.12s): result: NodeOutput
[09:24]   [ComfyUI] [comfy-env] Running GeomPackDecimate_DecimatePro: trimesh: Trimesh, target_reduction: 0.8, feature_angle: 15.0, preserve_topology: 'true'
[09:24]   [ComfyUI] [SubprocessWorker] call_method: nodes.decimation.backends.decimate_pro.DecimateProNode.EXECUTE_NORMALIZED
[09:24]   [ComfyUI] [SubprocessWorker] acquired lock, ensuring started...
[09:24]   [ComfyUI] [ComfyUI-GeometryPack] Health check: ping (timeout=5.0s)...
[09:24]   [ComfyUI] [ComfyUI-GeometryPack] Health check: ok
[09:24]   [ComfyUI] [SubprocessWorker] worker started/confirmed
[09:24]   [ComfyUI] [SubprocessWorker] serializing kwargs to shm...
[09:24]   [ComfyUI] [SubprocessWorker] created 1 shm blocks
[09:24]   [ComfyUI] [SubprocessWorker] sending request via socket...
[09:24]   [ComfyUI] [SubprocessWorker] call_id=40 sending call_method
[09:24]   [ComfyUI] [worker:ComfyUI-GeometryPack] INFO: Backend: decimate_pro
[09:24]   [ComfyUI] [worker:ComfyUI-GeometryPack] INFO: Input: 56,203 vertices, 112,402 faces
[09:25]   Frame 2 saved (frame_001.jpg, t=2.3s)
[09:25]   [capture-periodic] freeze=3ms shot=102ms unfreeze=4ms saved=True
[09:26]   [ComfyUI] [SubprocessWorker] got response: ok
[09:26]   [ComfyUI] [comfy-env] GeomPackDecimate_DecimatePro done (2.29s): result: NodeOutput
[09:26]   [ComfyUI] [comfy-env] Running GeomPackDecimate_FastSimplification: trimesh: Trimesh, target_reduction: 0.8, aggressiveness: 7
[09:26]   [ComfyUI] [SubprocessWorker] call_method: nodes.decimation.backends.fast_simplification.DecimateFastSimplificationNode.EXECUTE_NORMALIZED
[09:26]   [ComfyUI] [SubprocessWorker] acquired lock, ensuring started...
[09:26]   [ComfyUI] [ComfyUI-GeometryPack] Health check: ping (timeout=5.0s)...
[09:26]   [ComfyUI] [ComfyUI-GeometryPack] Health check: ok
[09:26]   [ComfyUI] [SubprocessWorker] worker started/confirmed
[09:26]   [ComfyUI] [SubprocessWorker] serializing kwargs to shm...
[09:26]   [ComfyUI] [SubprocessWorker] created 1 shm blocks
[09:26]   [ComfyUI] [SubprocessWorker] sending request via socket...
[09:26]   [ComfyUI] [SubprocessWorker] call_id=41 sending call_method
[09:26]   [ComfyUI] [worker:ComfyUI-GeometryPack] INFO: Backend: fast_simplification
[09:26]   Node executed (1 total), capturing...
[09:26]   [ComfyUI] [worker:ComfyUI-GeometryPack] INFO: Input: 56,203 vertices, 112,402 faces
[09:26]   [ComfyUI] [SubprocessWorker] got response: ok
[09:26]   [ComfyUI] [comfy-env] GeomPackDecimate_FastSimplification done (0.31s): result: NodeOutput
[09:26]   [ComfyUI] [comfy-env] Running GeomPackDecimate_VertexClustering: trimesh: Trimesh, cluster_threshold: 3.0
[09:26]   [ComfyUI] [SubprocessWorker] call_method: nodes.decimation.backends.vertex_clustering.DecimateVertexClusteringNode.EXECUTE_NORMALIZED
[09:26]   [ComfyUI] [SubprocessWorker] acquired lock, ensuring started...
[09:26]   [ComfyUI] [ComfyUI-GeometryPack] Health check: ping (timeout=5.0s)...
[09:26]   [ComfyUI] [ComfyUI-GeometryPack] Health check: ok
[09:26]   [ComfyUI] [SubprocessWorker] worker started/confirmed
[09:26]   [ComfyUI] [SubprocessWorker] serializing kwargs to shm...
[09:26]   [ComfyUI] [SubprocessWorker] created 1 shm blocks
[09:26]   [ComfyUI] [SubprocessWorker] sending request via socket...
[09:26]   [ComfyUI] [SubprocessWorker] call_id=42 sending call_method
[09:26]   Frame 3 saved (frame_002.jpg, t=3.6s)
[09:26]   [capture-node] freeze=4ms shot=104ms unfreeze=4ms saved=True
[09:26]   [ComfyUI] [worker:ComfyUI-GeometryPack] INFO: Backend: vertex_clustering
[09:27]   [ComfyUI] [worker:ComfyUI-GeometryPack] INFO: Input: 56,203 vertices, 112,402 faces
[09:27]   [ComfyUI] [SubprocessWorker] got response: ok
[09:27]   Node executed (2 total), capturing...
[09:27]   [ComfyUI] [comfy-env] GeomPackDecimate_VertexClustering done (0.18s): result: NodeOutput
[09:27]   [ComfyUI] [comfy-env] Running GeomPackPreviewMeshMulti: mode: 'fields', mesh_1: Trimesh, mesh_2: Trimesh, mesh_3: Trimesh
[09:27]   [ComfyUI] [SubprocessWorker] call_method: nodes.visualization.preview_mesh_multi.PreviewMeshMultiNode.EXECUTE_NORMALIZED
[09:27]   [ComfyUI] [SubprocessWorker] acquired lock, ensuring started...
[09:27]   [ComfyUI] [ComfyUI-GeometryPack] Health check: ping (timeout=5.0s)...
[09:27]   [ComfyUI] [ComfyUI-GeometryPack] Health check: ok
[09:27]   [ComfyUI] [SubprocessWorker] worker started/confirmed
[09:27]   [ComfyUI] [SubprocessWorker] serializing kwargs to shm...
[09:27]   [ComfyUI] [SubprocessWorker] created 3 shm blocks
[09:27]   [ComfyUI] [SubprocessWorker] sending request via socket...
[09:27]   [ComfyUI] [SubprocessWorker] call_id=43 sending call_method
[09:27]   [ComfyUI] [worker:ComfyUI-GeometryPack] INFO: Mode: fields, Meshes: 3
[09:27]   [ComfyUI] [worker:ComfyUI-GeometryPack] INFO: Mesh 1: Mesh - 56203 vertices, 112402 faces
[09:27]   [ComfyUI] [worker:ComfyUI-GeometryPack] INFO: Exporting mesh to VTP: D:\a\comfy-gpu-ci\comfy-gpu-ci\test_workspaces\GeometryPack-2137\portable-comfyui\ComfyUI_windows_portable\ComfyUI\output\preview_multi_1_487f4a89.vtp
[09:27]   Frame 4 saved (frame_003.jpg, t=4.0s)
[09:27]   [capture-node] freeze=3ms shot=93ms unfreeze=3ms saved=True
[09:27]   [ComfyUI] [worker:ComfyUI-GeometryPack] INFO: Adding normals field (56203 vertices)
[09:27]   Node executed (3 total), capturing...
[09:27]   [ComfyUI] [worker:ComfyUI-GeometryPack] INFO: Adding face field: stl
[09:27]   [ComfyUI] [worker:ComfyUI-GeometryPack] INFO: Export complete: 56203 vertices, 112402 faces
[09:27]   [ComfyUI] [worker:ComfyUI-GeometryPack] INFO: Exported VTP: D:\a\comfy-gpu-ci\comfy-gpu-ci\test_workspaces\GeometryPack-2137\portable-comfyui\ComfyUI_windows_portable\ComfyUI\output\preview_multi_1_487f4a89.vtp
[09:27]   Frame 5 saved (frame_004.jpg, t=4.4s)
[09:27]   [capture-node] freeze=3ms shot=97ms unfreeze=3ms saved=True
[09:27]   [ComfyUI] [worker:ComfyUI-GeometryPack] INFO: Mesh 2: Mesh - 11242 vertices, 22480 faces
[09:27]   [ComfyUI] [worker:ComfyUI-GeometryPack] INFO: Exporting mesh to VTP: D:\a\comfy-gpu-ci\comfy-gpu-ci\test_workspaces\GeometryPack-2137\portable-comfyui\ComfyUI_windows_portable\ComfyUI\output\preview_multi_2_487f4a89.vtp
[09:27]   [ComfyUI] [worker:ComfyUI-GeometryPack] INFO: Adding normals field (11242 vertices)
[09:27]   [ComfyUI] [worker:ComfyUI-GeometryPack] INFO: Export complete: 11242 vertices, 22480 faces
[09:27]   [ComfyUI] [worker:ComfyUI-GeometryPack] INFO: Exported VTP: D:\a\comfy-gpu-ci\comfy-gpu-ci\test_workspaces\GeometryPack-2137\portable-comfyui\ComfyUI_windows_portable\ComfyUI\output\preview_multi_2_487f4a89.vtp
[09:27]   [ComfyUI] [worker:ComfyUI-GeometryPack] INFO: Mesh 3: Mesh - 1272 vertices, 2582 faces
[09:27]   [ComfyUI] [worker:ComfyUI-GeometryPack] INFO: Exporting mesh to VTP: D:\a\comfy-gpu-ci\comfy-gpu-ci\test_workspaces\GeometryPack-2137\portable-comfyui\ComfyUI_windows_portable\ComfyUI\output\preview_multi_3_487f4a89.vtp
[09:27]   [ComfyUI] [worker:ComfyUI-GeometryPack] INFO: Adding normals field (1272 vertices)
[09:27]   [ComfyUI] [worker:ComfyUI-GeometryPack] INFO: Export complete: 1272 vertices, 2582 faces
[09:27]   [ComfyUI] [worker:ComfyUI-GeometryPack] INFO: Exported VTP: D:\a\comfy-gpu-ci\comfy-gpu-ci\test_workspaces\GeometryPack-2137\portable-comfyui\ComfyUI_windows_portable\ComfyUI\output\preview_multi_3_487f4a89.vtp
[09:27]   [ComfyUI] [worker:ComfyUI-GeometryPack] INFO: Grid: 3x1, Preview ready
[09:28]   [ComfyUI] [SubprocessWorker] got response: ok
[09:28]   [ComfyUI] [comfy-env] GeomPackPreviewMeshMulti done (0.91s): result: NodeOutput
[09:28]   [ComfyUI] [comfy-env] Running GeomPackDecimate_QuadricEdgeCollapse: trimesh: Trimesh, target_face_count: 5000, quality_threshold: 0.3, preserve_boundary: 'true', preserve_normal: 'true', preserve_topology: 'true', planar_quadric: 'false'
[09:28]   [ComfyUI] [SubprocessWorker] call_method: nodes.decimation.backends.quadric_edge_collapse.DecimateQuadricEdgeCollapseNode.EXECUTE_NORMALIZED
[09:28]   [ComfyUI] [SubprocessWorker] acquired lock, ensuring started...
[09:28]   [ComfyUI] [ComfyUI-GeometryPack] Health check: ping (timeout=5.0s)...
[09:28]   [ComfyUI] [ComfyUI-GeometryPack] Health check: ok
[09:28]   [ComfyUI] [SubprocessWorker] worker started/confirmed
[09:28]   [ComfyUI] [SubprocessWorker] serializing kwargs to shm...
[09:28]   [ComfyUI] [SubprocessWorker] created 1 shm blocks
[09:28]   [ComfyUI] [SubprocessWorker] sending request via socket...
[09:28]   [ComfyUI] [SubprocessWorker] call_id=44 sending call_method
[09:28]   [ComfyUI] [worker:ComfyUI-GeometryPack] INFO: Backend: quadric_edge_collapse
[09:28]   [ComfyUI] [worker:ComfyUI-GeometryPack] INFO: Input: 56,203 vertices, 112,402 faces
[09:28]   Node executed (4 total), capturing...
[09:30]   Frame 6 saved (frame_005.jpg, t=5.0s)
[09:30]   [capture-node] freeze=1429ms shot=681ms unfreeze=4ms saved=True
[09:32]   [capture-loop] iter=50 t=8.8s state={'complete': False, 'error': None, 'executedCount': 4, 'wsState': 1} eval_ms=3 ram=6.6/16.0GB (41%) swap=0.4/2.9GB (14%) cpu=36% browser_rss=0.94GB
[09:32]   [ComfyUI] [SubprocessWorker] got response: ok
[09:32]   [ComfyUI] [comfy-env] GeomPackDecimate_QuadricEdgeCollapse done (4.30s): result: NodeOutput
[09:32]   [ComfyUI] [comfy-env] Running GeomPackPreviewMeshMulti: mode: 'fields', mesh_1: Trimesh, mesh_2: Trimesh, mesh_3: Trimesh
[09:32]   [ComfyUI] [SubprocessWorker] call_method: nodes.visualization.preview_mesh_multi.PreviewMeshMultiNode.EXECUTE_NORMALIZED
[09:32]   [ComfyUI] [SubprocessWorker] acquired lock, ensuring started...
[09:32]   [ComfyUI] [ComfyUI-GeometryPack] Health check: ping (timeout=5.0s)...
[09:32]   [ComfyUI] [ComfyUI-GeometryPack] Health check: ok
[09:32]   [ComfyUI] [SubprocessWorker] worker started/confirmed
[09:32]   [ComfyUI] [SubprocessWorker] serializing kwargs to shm...
[09:32]   Node executed (5 total), capturing...
[09:32]   [ComfyUI] [SubprocessWorker] created 3 shm blocks
[09:32]   [ComfyUI] [SubprocessWorker] sending request via socket...
[09:32]   [ComfyUI] [SubprocessWorker] call_id=45 sending call_method
[09:32]   [ComfyUI] [worker:ComfyUI-GeometryPack] INFO: Mode: fields, Meshes: 3
[09:32]   [ComfyUI] [worker:ComfyUI-GeometryPack] INFO: Mesh 1: Mesh - 56203 vertices, 112402 faces
[09:32]   [ComfyUI] [worker:ComfyUI-GeometryPack] INFO: Exporting mesh to VTP: D:\a\comfy-gpu-ci\comfy-gpu-ci\test_workspaces\GeometryPack-2137\portable-comfyui\ComfyUI_windows_portable\ComfyUI\output\preview_multi_1_b88105a1.vtp
[09:32]   [ComfyUI] [worker:ComfyUI-GeometryPack] INFO: Adding normals field (56203 vertices)
[09:32]   [ComfyUI] [worker:ComfyUI-GeometryPack] INFO: Adding face field: stl
[09:32]   Frame 7 saved (frame_006.jpg, t=9.3s)
[09:32]   [capture-node] freeze=4ms shot=187ms unfreeze=3ms saved=True
[09:32]   [ComfyUI] [worker:ComfyUI-GeometryPack] INFO: Export complete: 56203 vertices, 112402 faces
[09:32]   [ComfyUI] [worker:ComfyUI-GeometryPack] INFO: Exported VTP: D:\a\comfy-gpu-ci\comfy-gpu-ci\test_workspaces\GeometryPack-2137\portable-comfyui\ComfyUI_windows_portable\ComfyUI\output\preview_multi_1_b88105a1.vtp
[09:32]   [ComfyUI] [worker:ComfyUI-GeometryPack] INFO: Mesh 2: Mesh - 2502 vertices, 5000 faces
[09:32]   [ComfyUI] [worker:ComfyUI-GeometryPack] INFO: Exporting mesh to VTP: D:\a\comfy-gpu-ci\comfy-gpu-ci\test_workspaces\GeometryPack-2137\portable-comfyui\ComfyUI_windows_portable\ComfyUI\output\preview_multi_2_b88105a1.vtp
[09:32]   [ComfyUI] [worker:ComfyUI-GeometryPack] INFO: Adding normals field (2502 vertices)
[09:32]   [ComfyUI] [worker:ComfyUI-GeometryPack] INFO: Export complete: 2502 vertices, 5000 faces
[09:33]   [ComfyUI] [worker:ComfyUI-GeometryPack] INFO: Exported VTP: D:\a\comfy-gpu-ci\comfy-gpu-ci\test_workspaces\GeometryPack-2137\portable-comfyui\ComfyUI_windows_portable\ComfyUI\output\preview_multi_2_b88105a1.vtp
[09:33]   [ComfyUI] [worker:ComfyUI-GeometryPack] INFO: Mesh 3: Mesh - 11242 vertices, 22480 faces
[09:33]   [ComfyUI] [worker:ComfyUI-GeometryPack] INFO: Exporting mesh to VTP: D:\a\comfy-gpu-ci\comfy-gpu-ci\test_workspaces\GeometryPack-2137\portable-comfyui\ComfyUI_windows_portable\ComfyUI\output\preview_multi_3_b88105a1.vtp
[09:33]   [ComfyUI] [worker:ComfyUI-GeometryPack] INFO: Adding normals field (11242 vertices)
[09:33]   [ComfyUI] [worker:ComfyUI-GeometryPack] INFO: Export complete: 11242 vertices, 22480 faces
[09:33]   [ComfyUI] [worker:ComfyUI-GeometryPack] INFO: Exported VTP: D:\a\comfy-gpu-ci\comfy-gpu-ci\test_workspaces\GeometryPack-2137\portable-comfyui\ComfyUI_windows_portable\ComfyUI\output\preview_multi_3_b88105a1.vtp
[09:33]   [ComfyUI] [worker:ComfyUI-GeometryPack] INFO: Grid: 3x1, Preview ready
[09:33]   [ComfyUI] [SubprocessWorker] got response: ok
[09:33]   [ComfyUI] [comfy-env] GeomPackPreviewMeshMulti done (0.85s): result: NodeOutput
[09:33]   [ComfyUI] Prompt executed in 9.77 seconds
[09:33]   Node executed (6 total), capturing...
[09:33]   Frame 8 saved (frame_007.jpg, t=10.2s)
[09:33]   [capture-node] freeze=4ms shot=172ms unfreeze=0ms saved=True
[09:33]   Execution complete (t=10.2s)
[09:33]   Captured 8 unique frames over 10.43s
[09:33]   [debug] iframes: 2
[09:33]   [debug]   iframe[0]: src=http://127.0.0.1:41896/extensions/ComfyUI-GeometryPack/viewer_multi.html?v=17784, canvas=244x393, rafFrozen=True
[09:33]   [debug]   iframe[1]: src=http://127.0.0.1:41896/extensions/ComfyUI-GeometryPack/viewer_multi.html?v=17784, canvas=244x393, rafFrozen=True
[09:33]   [timing] trigger_3d_previews: 0.1s
[09:37]   Saved high-quality screenshot: decimate_all_executed.png
[09:37]   [timing] final_screenshot: 0.3s
[09:37] Capturing execution frames: depth_map_to_mesh.json
[09:44]   Frame 1 saved (frame_000.jpg, t=0.0s)
[09:44]   Validating workflow...
[09:44]   [ComfyUI] === /validate endpoint called ===
[09:44]   [ComfyUI] Received JSON with keys: ['prompt']
[09:44]   [ComfyUI] Prompt has 4 nodes
[09:44]   [ComfyUI]   Node 1: LoadImage
[09:44]   [ComfyUI]     Inputs: {"image": "example.png"}
[09:44]   [ComfyUI]   Node 4: GeomPackPreviewMeshVTK
[09:44]   [ComfyUI]     Inputs: {"mode": "fields", "preview_vtk": "{\"show_edges\":false,\"camera_state\":\"{\\\"position\\\":[-0.24987848276768215,0.32154187563545744,0.9133299327529744],\\\"focalPoint\\\":[0,0,0],\\\"viewUp\\\":[0
[09:44]   Queuing workflow for execution...
[09:44]   [ComfyUI]   Node 6: ImageToMask
[09:44]   [ComfyUI]     Inputs: {"channel": "red", "image": ["1", 0]}
[09:44]   [ComfyUI]   Node 7: GeomPackTextureToGeometry
[09:44]   [ComfyUI]     Inputs: {"height_scale": 1, "backend": "grid", "backend.smooth_normals": "true", "field_name": "field", "invert_height": "false", "skip_black": "false", "black_threshold": 0.01, "report_panel": "false", "mask
[09:44]   [ComfyUI] Generated prompt_id: 08a914e8-c5d8-46f2-8c04-4e98749fc034
[09:44]   [ComfyUI] Calling execution.validate_prompt()...
[09:44]   [ComfyUI] Validation result: valid=True
[09:44]   [ComfyUI] === Validation PASSED ===
[09:44]   [ComfyUI] got prompt
[09:44]   [ComfyUI] [comfy-env] Running GeomPackTextureToGeometry: height_scale: 1.0, backend: dict, field_name: 'field', invert_height: 'false', skip_black: 'false', black_threshold: 0.01, mask: torch.float32 [1,768,768] cpu
[09:44]   [ComfyUI] [SubprocessWorker] call_method: nodes.texture_remeshing.texture_to_geometry.TextureToGeometryNode.EXECUTE_NORMALIZED
[09:44]   [ComfyUI] [SubprocessWorker] acquired lock, ensuring started...
[09:44]   [ComfyUI] [ComfyUI-GeometryPack] Health check: ping (timeout=5.0s)...
[09:44]   [ComfyUI] [ComfyUI-GeometryPack] Health check: ok
[09:44]   [ComfyUI] [SubprocessWorker] worker started/confirmed
[09:44]   [ComfyUI] [comfy-env] PRE-SERIALIZE 'mask' shape: torch.Size([1, 768, 768])
[09:44]   [ComfyUI] [SubprocessWorker] serializing kwargs to shm...
[09:44]   [ComfyUI] [SubprocessWorker] created 0 shm blocks
[09:44]   [ComfyUI] [SubprocessWorker] sending request via socket...
[09:44]   [ComfyUI] [SubprocessWorker] call_id=46 sending call_method
[09:44]   [ComfyUI] [worker:ComfyUI-GeometryPack] [comfy-env] _from_shm got dict with keys: ['__type__', 'strategy', 'manager_path', 'storage_key', 'storage_size']
[09:44]   [ComfyUI] [worker:ComfyUI-GeometryPack] [comfy-env] DESERIALIZE TensorRef: tensor_size=[1, 768, 768]
[09:45]   [ComfyUI] [worker:ComfyUI-GeometryPack] [comfy-env] DESERIALIZED tensor shape: torch.Size([1, 768, 768])
[09:45]   [ComfyUI] [worker:ComfyUI-GeometryPack] INFO: Converting to geometry using backend: grid
[09:45]   [ComfyUI] [worker:ComfyUI-GeometryPack] INFO: Using mask input
[09:45]   [ComfyUI] [worker:ComfyUI-GeometryPack] INFO: Using native resolution: 768x768, range: [0.000, 1.000]
[09:46]   [ComfyUI] [worker:ComfyUI-GeometryPack] INFO: Generated 589824 points
[09:46]   Frame 2 saved (frame_001.jpg, t=2.2s)
[09:46]   [capture-periodic] freeze=2ms shot=93ms unfreeze=6ms saved=True
[09:48]   Frame 3 saved (frame_002.jpg, t=4.4s)
[09:48]   [capture-periodic] freeze=3ms shot=100ms unfreeze=3ms saved=True
[09:49]   [capture-loop] iter=50 t=5.7s state={'complete': False, 'error': None, 'executedCount': 0, 'wsState': 1} eval_ms=3 ram=6.5/16.0GB (41%) swap=0.4/2.9GB (14%) cpu=45% browser_rss=0.77GB
[09:50]   [ComfyUI] [worker:ComfyUI-GeometryPack] INFO: Created mesh: 589824 vertices, 1176578 faces
[09:51]   [ComfyUI] [SubprocessWorker] got response: ok
[09:51]   [ComfyUI] [comfy-env] GeomPackTextureToGeometry done (7.80s): result: NodeOutput
[09:51]   [ComfyUI] [comfy-env] Running GeomPackPreviewMeshVTK: mode: 'fields', trimesh: Trimesh
[09:51]   [ComfyUI] [SubprocessWorker] call_method: nodes.visualization.preview_mesh_vtk.PreviewMeshVTKNode.EXECUTE_NORMALIZED
[09:51]   [ComfyUI] [SubprocessWorker] acquired lock, ensuring started...
[09:51]   [ComfyUI] [ComfyUI-GeometryPack] Health check: ping (timeout=5.0s)...
[09:52]   [ComfyUI] [ComfyUI-GeometryPack] Health check: ok
[09:52]   [ComfyUI] [SubprocessWorker] worker started/confirmed
[09:52]   [ComfyUI] [SubprocessWorker] serializing kwargs to shm...
[09:52]   Node executed (1 total), capturing...
[09:52]   [ComfyUI] [SubprocessWorker] created 1 shm blocks
[09:52]   [ComfyUI] [SubprocessWorker] sending request via socket...
[09:52]   [ComfyUI] [SubprocessWorker] call_id=47 sending call_method
[09:52]   Frame 4 saved (frame_003.jpg, t=8.2s)
[09:52]   [capture-node] freeze=3ms shot=91ms unfreeze=8ms saved=True
[09:52]   [ComfyUI] [worker:ComfyUI-GeometryPack] INFO: Preparing preview: Mesh - 589824 vertices, 1176578 faces
[09:52]   [ComfyUI] [worker:ComfyUI-GeometryPack] INFO: Mode: fields
[09:53]   [ComfyUI] [worker:ComfyUI-GeometryPack] INFO: Visual data - has_visual: True, kind: None, texture: False, vertex_colors: False
[09:53]   [ComfyUI] [worker:ComfyUI-GeometryPack] INFO: Using fields mode - VTP export
[09:53]   [ComfyUI] [worker:ComfyUI-GeometryPack] INFO: Exporting mesh to VTP: D:\a\comfy-gpu-ci\comfy-gpu-ci\test_workspaces\GeometryPack-2137\portable-comfyui\ComfyUI_windows_portable\ComfyUI\output\preview_vtk_bb3b4497.vtp
[09:55]   [capture-loop] iter=100 t=11.5s state={'complete': False, 'error': None, 'executedCount': 1, 'wsState': 1} eval_ms=4 ram=6.9/16.0GB (43%) swap=0.4/2.9GB (14%) cpu=30% browser_rss=0.67GB
[09:56]   [ComfyUI] [worker:ComfyUI-GeometryPack] INFO: Adding normals field (589824 vertices)
[09:58]   [ComfyUI] [worker:ComfyUI-GeometryPack]
[09:58]   [ComfyUI] === WATCHDOG TICK 1 ===
[09:58]   [ComfyUI] [worker:ComfyUI-GeometryPack] Current thread 0x000014f8 (most recent call first):
[09:58]   [ComfyUI]   File "C:\Users\RUNNER~1\AppData\Local\Temp\comfyui_pvenv_23kbyj93\persistent_worker.py", line 52 in _watchdog
[09:58]   [ComfyUI]   File "C:\ce\.pixi\envs\geometrypack-nodes\Lib\threading.py", line 995 in run
[09:58]   [ComfyUI]   File "C:\ce\.pixi\envs\geometrypack-nodes\Lib\threading.py", line 1044 in _bootstrap_inner
[09:58]   [ComfyUI]   File "C:\ce\.pixi\envs\geometrypack-nodes\Lib\threading.py", line 1015 in _bootstrap
[09:58]   [ComfyUI] 
[09:58]   [ComfyUI] Thread 0x00000f60 (most recent call first):
[09:58]   [ComfyUI]   File "C:\ce\.pixi\envs\geometrypack-nodes\Lib\xml\etree\ElementTree.py", line 896 in _serialize_xml
[09:58]   [ComfyUI]   File "C:\ce\.pixi\envs\geometrypack-nodes\Lib\xml\etree\ElementTree.py", line 898 in _serialize_xml
[09:58]   [ComfyUI]   File "C:\ce\.pixi\envs\geometrypack-nodes\Lib\xml\etree\ElementTree.py", line 898 in _serialize_xml
[09:58]   [ComfyUI]   File "C:\ce\.pixi\envs\geometrypack-nodes\Lib\xml\etree\ElementTree.py", line 898 in _serialize_xml
[09:58]   [ComfyUI]   File "C:\ce\.pixi\envs\geometrypack-nodes\Lib\xml\etree\ElementTree.py", line 898 in _serialize_xml
[09:58]   [ComfyUI]   File "C:\ce\.pixi\envs\geometrypack-nodes\Lib\xml\etree\ElementTree.py", line 735 in write
[09:58]   [ComfyUI]   File "D:\a\comfy-gpu-ci\comfy-gpu-ci\test_workspaces\GeometryPack-2137\portable-comfyui\ComfyUI_windows_portable\ComfyUI\custom_nodes\ComfyUI-GeometryPack\nodes\visualization\_vtp_export.py", line 164 in export_mesh_with_scalars_vtp
[09:58]   [ComfyUI]   File "D:\a\comfy-gpu-ci\comfy-gpu-ci\test_workspaces\GeometryPack-2137\portable-comfyui\ComfyUI_windows_portable\ComfyUI\custom_nodes\ComfyUI-GeometryPack\nodes\visualization\preview_mesh_vtk.py", line 163 in execute
[09:58]   [ComfyUI]   File "D:\a\comfy-gpu-ci\comfy-gpu-ci\test_workspaces\GeometryPack-2137\portable-comfyui\ComfyUI_windows_portable\ComfyUI\comfy_api\latest\_io.py", line 1826 in EXECUTE_NORMALIZED
[09:58]   [ComfyUI]   File "C:\Users\RUNNER~1\AppData\Local\Temp\comfyui_pvenv_23kbyj93\persistent_worker.py", line 1762 in main
[09:58]   [ComfyUI]   File "C:\Users\RUNNER~1\AppData\Local\Temp\comfyui_pvenv_23kbyj93\persistent_worker.py", line 1807 in <module>
[09:58]   [ComfyUI] 
[09:58]   [ComfyUI] [worker:ComfyUI-GeometryPack] INFO: Export complete: 589824 vertices, 1176578 faces
[09:58]   [ComfyUI] [worker:ComfyUI-GeometryPack] === END ===
[09:58]   [ComfyUI] 
[09:58]   [ComfyUI] [worker:ComfyUI-GeometryPack] INFO: Exported VTP to: D:\a\comfy-gpu-ci\comfy-gpu-ci\test_workspaces\GeometryPack-2137\portable-comfyui\ComfyUI_windows_portable\ComfyUI\output\preview_vtk_bb3b4497.vtp
[09:59]   [ComfyUI] [worker:ComfyUI-GeometryPack] INFO: Fields mode info: watertight=False, volume=None, area=11.966723990015208, no fields
[09:59]   [ComfyUI] [SubprocessWorker] got response: ok
[09:59]   [ComfyUI] [comfy-env] GeomPackPreviewMeshVTK done (7.25s): result: NodeOutput
[09:59]   [ComfyUI] Prompt executed in 15.07 seconds
[09:59]   Node executed (2 total), capturing...
[09:59]   Frame 5 saved (frame_004.jpg, t=15.5s)
[09:59]   [capture-node] freeze=4ms shot=103ms unfreeze=0ms saved=True
[09:59]   Execution complete (t=15.5s)
[09:59]   Captured 5 unique frames over 15.59s
[09:59]   [debug] iframes: 1
[09:59]   [debug]   iframe[0]: src=http://127.0.0.1:41896/extensions/ComfyUI-GeometryPack/viewer_vtk.html?v=1778449, canvas=0x0, rafFrozen=False
[09:59]   [timing] trigger_3d_previews: 0.0s
[10:03]   Saved high-quality screenshot: depth_map_to_mesh_executed.png
[10:03]   [timing] final_screenshot: 2.0s
[10:04]   [8/33] SKIPPED (not in cpu list) fill_holes_all.json
[10:04] Capturing execution frames: fix_normals_all.json
[10:10]   Frame 1 saved (frame_000.jpg, t=0.0s)
[10:10]   Validating workflow...
[10:10]   [ComfyUI] === /validate endpoint called ===
[10:10]   [ComfyUI] Received JSON with keys: ['prompt']
[10:10]   [ComfyUI] Prompt has 8 nodes
[10:10]   [ComfyUI]   Node 1: GeomPackLoadMesh
[10:10]   [ComfyUI]     Inputs: {"file_path": "3d/truck.obj"}
[10:10]   [ComfyUI]   Node 2: GeomPackFixNormals
[10:10]   [ComfyUI]     Inputs: {"backend": "trimesh", "report_panel": "false", "trimesh": ["1", 0]}
[10:10]   Queuing workflow for execution...
[10:10]   [ComfyUI]   Node 3: GeomPackFixNormals
[10:10]   [ComfyUI]     Inputs: {"backend": "igl_bfs", "report_panel": "false", "trimesh": ["1", 0]}
[10:10]   [ComfyUI]   Node 4: GeomPackFixNormals
[10:10]   [ComfyUI]     Inputs: {"backend": "igl_winding", "report_panel": "false", "trimesh": ["1", 0]}
[10:10]   [ComfyUI]   Node 5: GeomPackFixNormals
[10:10]   [ComfyUI]     Inputs: {"backend": "igl_raycast", "report_panel": "false", "trimesh": ["1", 0]}
[10:10]   [ComfyUI]   Node 6: GeomPackFixNormals
[10:10]   [ComfyUI]     Inputs: {"backend": "igl_signed_dist", "report_panel": "false", "trimesh": ["1", 0]}
[10:10]   [ComfyUI]   Node 8: GeomPackPreviewMeshMulti
[10:10]   [ComfyUI]     Inputs: {"mode": "fields", "preview_multi": "{\"show_edges\":true,\"camera_state\":\"{\\\"position\\\":[2.4457834419570967,0.9339641357719854,-1.1112698573158992],\\\"focalPoint\\\":[0,0,0],\\\"viewUp\\\":[-0
[10:10]   [ComfyUI]   Node 9: GeomPackPreviewMeshMulti
[10:10]   [ComfyUI]     Inputs: {"mode": "fields", "preview_multi": "{\"show_edges\":true,\"camera_state\":\"{\\\"position\\\":[2.4457834419570967,0.9339641357719854,-1.1112698573158992],\\\"focalPoint\\\":[0,0,0],\\\"viewUp\\\":[-0
[10:10]   [ComfyUI] Generated prompt_id: e63c8088-7f74-4035-8a07-e5316e99ec45
[10:10]   [ComfyUI] Calling execution.validate_prompt()...
[10:10]   [ComfyUI] Validation result: valid=True
[10:10]   [ComfyUI] === Validation PASSED ===
[10:10]   [ComfyUI] got prompt
[10:10]   [ComfyUI] [comfy-env] Running GeomPackLoadMesh: file_path: '3d/truck.obj'
[10:10]   [ComfyUI] [SubprocessWorker] call_method: nodes.io.load_mesh.LoadMesh.EXECUTE_NORMALIZED
[10:10]   [ComfyUI] [SubprocessWorker] acquired lock, ensuring started...
[10:10]   [ComfyUI] [ComfyUI-GeometryPack] Health check: ping (timeout=5.0s)...
[10:10]   [ComfyUI] [ComfyUI-GeometryPack] Health check: ok
[10:10]   [ComfyUI] [SubprocessWorker] worker started/confirmed
[10:10]   [ComfyUI] [SubprocessWorker] serializing kwargs to shm...
[10:10]   [ComfyUI] [SubprocessWorker] created 0 shm blocks
[10:10]   [ComfyUI] [SubprocessWorker] sending request via socket...
[10:10]   [ComfyUI] [SubprocessWorker] call_id=48 sending call_method
[10:10]   [ComfyUI] [worker:ComfyUI-GeometryPack] INFO: Found mesh in input folder: 3d/truck.obj
[10:10]   [ComfyUI] [worker:ComfyUI-GeometryPack] INFO: Loading: D:\a\comfy-gpu-ci\comfy-gpu-ci\test_workspaces\GeometryPack-2137\portable-comfyui\ComfyUI_windows_portable\ComfyUI\input\3d/truck.obj
[10:10]   [ComfyUI] [worker:ComfyUI-GeometryPack] INFO: Initial mesh: 2956 vertices, 4770 faces
[10:10]   [ComfyUI] [worker:ComfyUI-GeometryPack] INFO: Successfully loaded: 2956 vertices, 4770 faces
[10:10]   [ComfyUI] [worker:ComfyUI-GeometryPack] INFO: Loaded: 2956 vertices, 4770 faces
[10:10]   [ComfyUI] [SubprocessWorker] got response: ok
[10:10]   [ComfyUI] [comfy-env] GeomPackLoadMesh done (0.13s): result: NodeOutput
[10:10]   [ComfyUI] [comfy-env] Running GeomPackFixNormals: backend: dict, trimesh: Trimesh
[10:10]   [ComfyUI] [SubprocessWorker] call_method: nodes.repair.fix_normals.FixNormalsNode.EXECUTE_NORMALIZED
[10:10]   [ComfyUI] [SubprocessWorker] acquired lock, ensuring started...
[10:10]   [ComfyUI] [ComfyUI-GeometryPack] Health check: ping (timeout=5.0s)...
[10:10]   [ComfyUI] [ComfyUI-GeometryPack] Health check: ok
[10:10]   [ComfyUI] [SubprocessWorker] worker started/confirmed
[10:10]   [ComfyUI] [SubprocessWorker] serializing kwargs to shm...
[10:10]   [ComfyUI] [SubprocessWorker] created 1 shm blocks
[10:10]   [ComfyUI] [SubprocessWorker] sending request via socket...
[10:10]   [ComfyUI] [SubprocessWorker] call_id=49 sending call_method
[10:10]   [ComfyUI] [worker:ComfyUI-GeometryPack] INFO: Fix Normals dispatch: igl_signed_dist -> GeomPackFixNormals_IglSignedDist
[10:10]   [ComfyUI] [SubprocessWorker] got response: ok
[10:10]   [ComfyUI] [comfy-env] GeomPackFixNormals done (0.09s): result: NodeOutput
[10:10]   [ComfyUI] [comfy-env] Running GeomPackFixNormals: backend: dict, trimesh: Trimesh
[10:10]   [ComfyUI] [SubprocessWorker] call_method: nodes.repair.fix_normals.FixNormalsNode.EXECUTE_NORMALIZED
[10:10]   [ComfyUI] [SubprocessWorker] acquired lock, ensuring started...
[10:10]   [ComfyUI] [ComfyUI-GeometryPack] Health check: ping (timeout=5.0s)...
[10:10]   [ComfyUI] [ComfyUI-GeometryPack] Health check: ok
[10:10]   [ComfyUI] [SubprocessWorker] worker started/confirmed
[10:10]   [ComfyUI] [SubprocessWorker] serializing kwargs to shm...
[10:10]   [ComfyUI] [SubprocessWorker] created 1 shm blocks
[10:10]   [ComfyUI] [SubprocessWorker] sending request via socket...
[10:10]   [ComfyUI] [SubprocessWorker] call_id=50 sending call_method
[10:10]   [ComfyUI] [worker:ComfyUI-GeometryPack] INFO: Fix Normals dispatch: igl_raycast -> GeomPackFixNormals_IglRaycast
[10:10]   [ComfyUI] [SubprocessWorker] got response: ok
[10:10]   [ComfyUI] [comfy-env] GeomPackFixNormals done (0.10s): result: NodeOutput
[10:10]   [ComfyUI] [comfy-env] Running GeomPackFixNormals: backend: dict, trimesh: Trimesh
[10:10]   [ComfyUI] [SubprocessWorker] call_method: nodes.repair.fix_normals.FixNormalsNode.EXECUTE_NORMALIZED
[10:10]   [ComfyUI] [SubprocessWorker] acquired lock, ensuring started...
[10:10]   [ComfyUI] [ComfyUI-GeometryPack] Health check: ping (timeout=5.0s)...
[10:10]   [ComfyUI] [ComfyUI-GeometryPack] Health check: ok
[10:10]   [ComfyUI] [SubprocessWorker] worker started/confirmed
[10:10]   [ComfyUI] [SubprocessWorker] serializing kwargs to shm...
[10:10]   [ComfyUI] [SubprocessWorker] created 1 shm blocks
[10:10]   [ComfyUI] [SubprocessWorker] sending request via socket...
[10:10]   [ComfyUI] [SubprocessWorker] call_id=51 sending call_method
[10:10]   [ComfyUI] [worker:ComfyUI-GeometryPack] INFO: Fix Normals dispatch: igl_bfs -> GeomPackFixNormals_IglBfs
[10:10]   [ComfyUI] [SubprocessWorker] got response: ok
[10:10]   [ComfyUI] [comfy-env] GeomPackFixNormals done (0.09s): result: NodeOutput
[10:10]   [ComfyUI] [comfy-env] Running GeomPackFixNormals: backend: dict, trimesh: Trimesh
[10:10]   [ComfyUI] [SubprocessWorker] call_method: nodes.repair.fix_normals.FixNormalsNode.EXECUTE_NORMALIZED
[10:10]   [ComfyUI] [SubprocessWorker] acquired lock, ensuring started...
[10:10]   [ComfyUI] [ComfyUI-GeometryPack] Health check: ping (timeout=5.0s)...
[10:10]   [ComfyUI] [ComfyUI-GeometryPack] Health check: ok
[10:10]   [ComfyUI] [SubprocessWorker] worker started/confirmed
[10:10]   [ComfyUI] [SubprocessWorker] serializing kwargs to shm...
[10:10]   [ComfyUI] [SubprocessWorker] created 1 shm blocks
[10:10]   [ComfyUI] [SubprocessWorker] sending request via socket...
[10:10]   [ComfyUI] [SubprocessWorker] call_id=52 sending call_method
[10:10]   [ComfyUI] [worker:ComfyUI-GeometryPack] INFO: Fix Normals dispatch: igl_winding -> GeomPackFixNormals_IglWinding
[10:10]   [ComfyUI] [SubprocessWorker] got response: ok
[10:10]   [ComfyUI] [comfy-env] GeomPackFixNormals done (0.10s): result: NodeOutput
[10:10]   [ComfyUI] [comfy-env] Running GeomPackFixNormals: backend: dict, trimesh: Trimesh
[10:10]   [ComfyUI] [SubprocessWorker] call_method: nodes.repair.fix_normals.FixNormalsNode.EXECUTE_NORMALIZED
[10:10]   [ComfyUI] [SubprocessWorker] acquired lock, ensuring started...
[10:10]   [ComfyUI] [ComfyUI-GeometryPack] Health check: ping (timeout=5.0s)...
[10:10]   [ComfyUI] [ComfyUI-GeometryPack] Health check: ok
[10:10]   [ComfyUI] [SubprocessWorker] worker started/confirmed
[10:10]   [ComfyUI] [SubprocessWorker] serializing kwargs to shm...
[10:10]   [ComfyUI] [SubprocessWorker] created 1 shm blocks
[10:10]   [ComfyUI] [SubprocessWorker] sending request via socket...
[10:10]   [ComfyUI] [SubprocessWorker] call_id=53 sending call_method
[10:11]   [ComfyUI] [worker:ComfyUI-GeometryPack] INFO: Fix Normals dispatch: trimesh -> GeomPackFixNormals_Trimesh
[10:11]   [ComfyUI] [SubprocessWorker] got response: ok
[10:11]   [ComfyUI] [comfy-env] GeomPackFixNormals done (0.09s): result: NodeOutput
[10:11]   [ComfyUI] [comfy-env] Running GeomPackFixNormals_IglSignedDist: trimesh: Trimesh
[10:11]   [ComfyUI] [SubprocessWorker] call_method: nodes.repair.fix_normals_backends.igl_signed_dist.FixNormalsIglSignedDistNode.EXECUTE_NORMALIZED
[10:11]   [ComfyUI] [SubprocessWorker] acquired lock, ensuring started...
[10:11]   [ComfyUI] [ComfyUI-GeometryPack] Health check: ping (timeout=5.0s)...
[10:11]   [ComfyUI] [ComfyUI-GeometryPack] Health check: ok
[10:11]   [ComfyUI] [SubprocessWorker] worker started/confirmed
[10:11]   [ComfyUI] [SubprocessWorker] serializing kwargs to shm...
[10:11]   [ComfyUI] [SubprocessWorker] created 1 shm blocks
[10:11]   [ComfyUI] [SubprocessWorker] sending request via socket...
[10:11]   [ComfyUI] [SubprocessWorker] call_id=54 sending call_method
[10:11]   [ComfyUI] [worker:ComfyUI-GeometryPack] INFO: igl_signed_dist: flipped 4757/4770 faces
[10:11]   [ComfyUI] [worker:ComfyUI-GeometryPack] INFO: Normal orientation: False -> False
[10:11]   [ComfyUI] [SubprocessWorker] got response: ok
[10:11]   [ComfyUI] [comfy-env] GeomPackFixNormals_IglSignedDist done (0.15s): result: NodeOutput
[10:11]   [ComfyUI] [comfy-env] Running GeomPackFixNormals_IglRaycast: trimesh: Trimesh
[10:11]   [ComfyUI] [SubprocessWorker] call_method: nodes.repair.fix_normals_backends.igl_raycast.FixNormalsIglRaycastNode.EXECUTE_NORMALIZED
[10:11]   [ComfyUI] [SubprocessWorker] acquired lock, ensuring started...
[10:11]   [ComfyUI] [ComfyUI-GeometryPack] Health check: ping (timeout=5.0s)...
[10:11]   [ComfyUI] [ComfyUI-GeometryPack] Health check: ok
[10:11]   [ComfyUI] [SubprocessWorker] worker started/confirmed
[10:11]   [ComfyUI] [SubprocessWorker] serializing kwargs to shm...
[10:11]   [ComfyUI] [SubprocessWorker] created 1 shm blocks
[10:11]   [ComfyUI] [SubprocessWorker] sending request via socket...
[10:11]   [ComfyUI] [SubprocessWorker] call_id=55 sending call_method
[10:11]   Node executed (1 total), capturing...
[10:11]   Frame 2 saved (frame_001.jpg, t=1.1s)
[10:11]   [capture-node] freeze=3ms shot=99ms unfreeze=4ms saved=True
[10:12]   [ComfyUI] [worker:ComfyUI-GeometryPack] INFO: igl_raycast: flipped 3339/4770 faces
[10:12]   [ComfyUI] [worker:ComfyUI-GeometryPack] INFO: Normal orientation: False -> False
[10:12]   [ComfyUI] [SubprocessWorker] got response: ok
[10:12]   [ComfyUI] [comfy-env] GeomPackFixNormals_IglRaycast done (0.85s): result: NodeOutput
[10:12]   [ComfyUI] [comfy-env] Running GeomPackPreviewMeshMulti: mode: 'fields', mesh_1: Trimesh, mesh_2: Trimesh
[10:12]   [ComfyUI] [SubprocessWorker] call_method: nodes.visualization.preview_mesh_multi.PreviewMeshMultiNode.EXECUTE_NORMALIZED
[10:12]   [ComfyUI] [SubprocessWorker] acquired lock, ensuring started...
[10:12]   [ComfyUI] [ComfyUI-GeometryPack] Health check: ping (timeout=5.0s)...
[10:12]   [ComfyUI] [ComfyUI-GeometryPack] Health check: ok
[10:12]   [ComfyUI] [SubprocessWorker] worker started/confirmed
[10:12]   [ComfyUI] [SubprocessWorker] serializing kwargs to shm...
[10:12]   [ComfyUI] [SubprocessWorker] created 2 shm blocks
[10:12]   [ComfyUI] [SubprocessWorker] sending request via socket...
[10:12]   [ComfyUI] [SubprocessWorker] call_id=56 sending call_method
[10:12]   Node executed (2 total), capturing...
[10:12]   [ComfyUI] [worker:ComfyUI-GeometryPack] INFO: Mode: fields, Meshes: 2
[10:12]   [ComfyUI] [worker:ComfyUI-GeometryPack] INFO: Mesh 1: Mesh - 2956 vertices, 4770 faces
[10:12]   [ComfyUI] [worker:ComfyUI-GeometryPack] INFO: Exporting mesh to VTP: D:\a\comfy-gpu-ci\comfy-gpu-ci\test_workspaces\GeometryPack-2137\portable-comfyui\ComfyUI_windows_portable\ComfyUI\output\preview_multi_1_0095e1be.vtp
[10:12]   [ComfyUI] [worker:ComfyUI-GeometryPack] INFO: Adding normals field (2956 vertices)
[10:12]   [ComfyUI] [worker:ComfyUI-GeometryPack] INFO: Export complete: 2956 vertices, 4770 faces
[10:12]   [ComfyUI] [worker:ComfyUI-GeometryPack] INFO: Exported VTP: D:\a\comfy-gpu-ci\comfy-gpu-ci\test_workspaces\GeometryPack-2137\portable-comfyui\ComfyUI_windows_portable\ComfyUI\output\preview_multi_1_0095e1be.vtp
[10:12]   [ComfyUI] [worker:ComfyUI-GeometryPack] INFO: Mesh 2: Mesh - 2956 vertices, 4770 faces
[10:12]   [ComfyUI] [worker:ComfyUI-GeometryPack] INFO: Exporting mesh to VTP: D:\a\comfy-gpu-ci\comfy-gpu-ci\test_workspaces\GeometryPack-2137\portable-comfyui\ComfyUI_windows_portable\ComfyUI\output\preview_multi_2_0095e1be.vtp
[10:12]   [ComfyUI] [worker:ComfyUI-GeometryPack] INFO: Adding normals field (2956 vertices)
[10:12]   [ComfyUI] [worker:ComfyUI-GeometryPack] INFO: Export complete: 2956 vertices, 4770 faces
[10:12]   [ComfyUI] [worker:ComfyUI-GeometryPack] INFO: Exported VTP: D:\a\comfy-gpu-ci\comfy-gpu-ci\test_workspaces\GeometryPack-2137\portable-comfyui\ComfyUI_windows_portable\ComfyUI\output\preview_multi_2_0095e1be.vtp
[10:12]   [ComfyUI] [worker:ComfyUI-GeometryPack] INFO: Grid: 2x1, Preview ready
[10:12]   [ComfyUI] [SubprocessWorker] got response: ok
[10:12]   [ComfyUI] [comfy-env] GeomPackPreviewMeshMulti done (0.20s): result: NodeOutput
[10:12]   [ComfyUI] [comfy-env] Running GeomPackFixNormals_IglBfs: trimesh: Trimesh
[10:12]   [ComfyUI] [SubprocessWorker] call_method: nodes.repair.fix_normals_backends.igl_bfs.FixNormalsIglBfsNode.EXECUTE_NORMALIZED
[10:12]   [ComfyUI] [SubprocessWorker] acquired lock, ensuring started...
[10:12]   [ComfyUI] [ComfyUI-GeometryPack] Health check: ping (timeout=5.0s)...
[10:12]   [ComfyUI] [ComfyUI-GeometryPack] Health check: ok
[10:12]   [ComfyUI] [SubprocessWorker] worker started/confirmed
[10:12]   [ComfyUI] [SubprocessWorker] serializing kwargs to shm...
[10:12]   [ComfyUI] [SubprocessWorker] created 1 shm blocks
[10:12]   [ComfyUI] [SubprocessWorker] sending request via socket...
[10:12]   [ComfyUI] [SubprocessWorker] call_id=57 sending call_method
[10:12]   [ComfyUI] [worker:ComfyUI-GeometryPack] INFO: igl.bfs_orient: 66 orientation components
[10:12]   [ComfyUI] [worker:ComfyUI-GeometryPack] INFO: Normal orientation: False -> True
[10:12]   [ComfyUI] [SubprocessWorker] got response: ok
[10:12]   [ComfyUI] [comfy-env] GeomPackFixNormals_IglBfs done (0.13s): result: NodeOutput
[10:12]   [ComfyUI] [comfy-env] Running GeomPackFixNormals_IglWinding: trimesh: Trimesh
[10:12]   [ComfyUI] [SubprocessWorker] call_method: nodes.repair.fix_normals_backends.igl_winding.FixNormalsIglWindingNode.EXECUTE_NORMALIZED
[10:12]   [ComfyUI] [SubprocessWorker] acquired lock, ensuring started...
[10:12]   [ComfyUI] [ComfyUI-GeometryPack] Health check: ping (timeout=5.0s)...
[10:12]   [ComfyUI] [ComfyUI-GeometryPack] Health check: ok
[10:12]   [ComfyUI] [SubprocessWorker] worker started/confirmed
[10:12]   [ComfyUI] [SubprocessWorker] serializing kwargs to shm...
[10:12]   [ComfyUI] [SubprocessWorker] created 1 shm blocks
[10:12]   [ComfyUI] [SubprocessWorker] sending request via socket...
[10:12]   [ComfyUI] [SubprocessWorker] call_id=58 sending call_method
[10:12]   [ComfyUI] [worker:ComfyUI-GeometryPack] INFO: igl_winding: flipped 4022/4770 faces
[10:12]   [ComfyUI] [worker:ComfyUI-GeometryPack] INFO: Normal orientation: False -> False
[10:12]   [ComfyUI] [SubprocessWorker] got response: ok
[10:12]   [ComfyUI] [comfy-env] GeomPackFixNormals_IglWinding done (0.25s): result: NodeOutput
[10:12]   [ComfyUI] [comfy-env] Running GeomPackFixNormals_Trimesh: trimesh: Trimesh
[10:12]   [ComfyUI] [SubprocessWorker] call_method: nodes.repair.fix_normals_backends.trimesh_fix.FixNormalsTrimeshNode.EXECUTE_NORMALIZED
[10:12]   [ComfyUI] [SubprocessWorker] acquired lock, ensuring started...
[10:12]   [ComfyUI] [ComfyUI-GeometryPack] Health check: ping (timeout=5.0s)...
[10:12]   [ComfyUI] [ComfyUI-GeometryPack] Health check: ok
[10:12]   [ComfyUI] [SubprocessWorker] worker started/confirmed
[10:12]   [ComfyUI] [SubprocessWorker] serializing kwargs to shm...
[10:12]   [ComfyUI] [SubprocessWorker] created 1 shm blocks
[10:12]   [ComfyUI] [SubprocessWorker] sending request via socket...
[10:12]   [ComfyUI] [SubprocessWorker] call_id=59 sending call_method
[10:12]   Frame 3 saved (frame_002.jpg, t=1.9s)
[10:12]   [capture-node] freeze=3ms shot=454ms unfreeze=19ms saved=True
[10:12]   Node executed (5 total), capturing...
[10:13]   Frame 4 saved (frame_003.jpg, t=2.8s)
[10:13]   [capture-node] freeze=3ms shot=122ms unfreeze=4ms saved=True
[10:13]   [ComfyUI] [worker:ComfyUI-GeometryPack] INFO: Normal orientation: False -> True
[10:13]   [ComfyUI] [SubprocessWorker] got response: ok
[10:13]   [ComfyUI] [comfy-env] GeomPackFixNormals_Trimesh done (0.69s): result: NodeOutput
[10:13]   [ComfyUI] [comfy-env] Running GeomPackPreviewMeshMulti: mode: 'fields', mesh_1: Trimesh, mesh_2: Trimesh, mesh_3: Trimesh, mesh_4: Trimesh
[10:13]   [ComfyUI] [SubprocessWorker] call_method: nodes.visualization.preview_mesh_multi.PreviewMeshMultiNode.EXECUTE_NORMALIZED
[10:13]   [ComfyUI] [SubprocessWorker] acquired lock, ensuring started...
[10:13]   [ComfyUI] [ComfyUI-GeometryPack] Health check: ping (timeout=5.0s)...
[10:13]   [ComfyUI] [ComfyUI-GeometryPack] Health check: ok
[10:13]   [ComfyUI] [SubprocessWorker] worker started/confirmed
[10:13]   [ComfyUI] [SubprocessWorker] serializing kwargs to shm...
[10:13]   [ComfyUI] [SubprocessWorker] created 4 shm blocks
[10:13]   [ComfyUI] [SubprocessWorker] sending request via socket...
[10:13]   [ComfyUI] [SubprocessWorker] call_id=60 sending call_method
[10:13]   Node executed (6 total), capturing...
[10:13]   [ComfyUI] [worker:ComfyUI-GeometryPack] INFO: Mode: fields, Meshes: 4
[10:13]   [ComfyUI] [worker:ComfyUI-GeometryPack] INFO: Mesh 1: Mesh - 2956 vertices, 4770 faces
[10:13]   [ComfyUI] [worker:ComfyUI-GeometryPack] INFO: Exporting mesh to VTP: D:\a\comfy-gpu-ci\comfy-gpu-ci\test_workspaces\GeometryPack-2137\portable-comfyui\ComfyUI_windows_portable\ComfyUI\output\preview_multi_1_ec9940fb.vtp
[10:13]   [ComfyUI] [worker:ComfyUI-GeometryPack] INFO: Adding normals field (2956 vertices)
[10:13]   [ComfyUI] [worker:ComfyUI-GeometryPack] INFO: Export complete: 2956 vertices, 4770 faces
[10:13]   [ComfyUI] [worker:ComfyUI-GeometryPack] INFO: Exported VTP: D:\a\comfy-gpu-ci\comfy-gpu-ci\test_workspaces\GeometryPack-2137\portable-comfyui\ComfyUI_windows_portable\ComfyUI\output\preview_multi_1_ec9940fb.vtp
[10:13]   [ComfyUI] [worker:ComfyUI-GeometryPack] INFO: Mesh 2: Mesh - 2956 vertices, 4770 faces
[10:13]   [ComfyUI] [worker:ComfyUI-GeometryPack] INFO: Exporting mesh to VTP: D:\a\comfy-gpu-ci\comfy-gpu-ci\test_workspaces\GeometryPack-2137\portable-comfyui\ComfyUI_windows_portable\ComfyUI\output\preview_multi_2_ec9940fb.vtp
[10:13]   [ComfyUI] [worker:ComfyUI-GeometryPack] INFO: Adding normals field (2956 vertices)
[10:13]   [ComfyUI] [worker:ComfyUI-GeometryPack] INFO: Export complete: 2956 vertices, 4770 faces
[10:13]   [ComfyUI] [worker:ComfyUI-GeometryPack] INFO: Exported VTP: D:\a\comfy-gpu-ci\comfy-gpu-ci\test_workspaces\GeometryPack-2137\portable-comfyui\ComfyUI_windows_portable\ComfyUI\output\preview_multi_2_ec9940fb.vtp
[10:13]   [ComfyUI] [worker:ComfyUI-GeometryPack] INFO: Mesh 3: Mesh - 2956 vertices, 4770 faces
[10:13]   [ComfyUI] [worker:ComfyUI-GeometryPack] INFO: Exporting mesh to VTP: D:\a\comfy-gpu-ci\comfy-gpu-ci\test_workspaces\GeometryPack-2137\portable-comfyui\ComfyUI_windows_portable\ComfyUI\output\preview_multi_3_ec9940fb.vtp
[10:13]   [ComfyUI] [worker:ComfyUI-GeometryPack] INFO: Adding normals field (2956 vertices)
[10:13]   [ComfyUI] [worker:ComfyUI-GeometryPack] INFO: Export complete: 2956 vertices, 4770 faces
[10:13]   [ComfyUI] [worker:ComfyUI-GeometryPack] INFO: Exported VTP: D:\a\comfy-gpu-ci\comfy-gpu-ci\test_workspaces\GeometryPack-2137\portable-comfyui\ComfyUI_windows_portable\ComfyUI\output\preview_multi_3_ec9940fb.vtp
[10:13]   [ComfyUI] [worker:ComfyUI-GeometryPack] INFO: Mesh 4: Mesh - 2956 vertices, 4770 faces
[10:13]   [ComfyUI] [worker:ComfyUI-GeometryPack] INFO: Exporting mesh to VTP: D:\a\comfy-gpu-ci\comfy-gpu-ci\test_workspaces\GeometryPack-2137\portable-comfyui\ComfyUI_windows_portable\ComfyUI\output\preview_multi_4_ec9940fb.vtp
[10:13]   [ComfyUI] [worker:ComfyUI-GeometryPack] INFO: Adding normals field (2956 vertices)
[10:13]   [ComfyUI] [worker:ComfyUI-GeometryPack] INFO: Export complete: 2956 vertices, 4770 faces
[10:13]   [ComfyUI] [worker:ComfyUI-GeometryPack] INFO: Exported VTP: D:\a\comfy-gpu-ci\comfy-gpu-ci\test_workspaces\GeometryPack-2137\portable-comfyui\ComfyUI_windows_portable\ComfyUI\output\preview_multi_4_ec9940fb.vtp
[10:13]   [ComfyUI] [worker:ComfyUI-GeometryPack] INFO: Grid: 2x2, Preview ready
[10:13]   Frame 5 saved (frame_004.jpg, t=3.2s)
[10:13]   [capture-node] freeze=3ms shot=118ms unfreeze=3ms saved=True
[10:13]   [ComfyUI] [SubprocessWorker] got response: ok
[10:13]   [ComfyUI] [comfy-env] GeomPackPreviewMeshMulti done (0.31s): result: NodeOutput
[10:13]   [ComfyUI] Prompt executed in 3.21 seconds
[10:14]   Node executed (7 total), capturing...
[10:14]   Frame 6 saved (frame_005.jpg, t=4.1s)
[10:14]   [capture-node] freeze=93ms shot=132ms unfreeze=0ms saved=True
[10:14]   Execution complete (t=4.1s)
[10:14]   Captured 6 unique frames over 4.37s
[10:14]   [debug] iframes: 2
[10:14]   [debug]   iframe[0]: src=http://127.0.0.1:41896/extensions/ComfyUI-GeometryPack/viewer_multi.html?v=17784, canvas=368x393, rafFrozen=True
[10:14]   [debug]   iframe[1]: src=http://127.0.0.1:41896/extensions/ComfyUI-GeometryPack/viewer_multi.html?v=17784, canvas=368x195, rafFrozen=True
[10:14]   [timing] trigger_3d_previews: 0.0s
[10:16]   Saved high-quality screenshot: fix_normals_all_executed.png
[10:16]   [timing] final_screenshot: 0.2s
[10:17] Capturing execution frames: fix_self_intersection.json
[10:23]   Frame 1 saved (frame_000.jpg, t=0.0s)
[10:23]   Validating workflow...
[10:23]   [ComfyUI] === /validate endpoint called ===
[10:23]   [ComfyUI] Received JSON with keys: ['prompt']
[10:23]   [ComfyUI] Prompt has 5 nodes
[10:23]   [ComfyUI]   Node 1: GeomPackLoadMesh
[10:23]   [ComfyUI]     Inputs: {"file_path": "3d/camelhead.off"}
[10:23]   [ComfyUI]   Node 14: GeomPackDetectSelfIntersections
[10:23]   Queuing workflow for execution...
[10:23]   [ComfyUI]     Inputs: {"report_panel": "false", "trimesh": ["1", 0]}
[10:23]   [ComfyUI]   Node 17: GeomPackFixSelfIntersectionsByPerturbation
[10:23]   [ComfyUI]     Inputs: {"epsilon": 0.0001, "max_iterations": 12, "direction": "adaptive", "scale_by_intersection_count": true, "re_detect_after_fix": true, "report_panel": "false", "trimesh": ["14", 0]}
[10:23]   [ComfyUI]   Node 21: GeomPackPreviewMeshDual
[10:23]   [ComfyUI]     Inputs: {"layout": "side_by_side", "mode": "fields", "opacity_1": 1, "opacity_2": 1, "preview_dual": "{\"show_edges\":true,\"camera_state\":\"{\\\"position\\\":[-0.09236526786018014,0.17034567262454137,0.1140
[10:23]   [ComfyUI]   Node 22: GeomPackDetectSelfIntersections
[10:23]   [ComfyUI]     Inputs: {"report_panel": "false", "trimesh": ["17", 0]}
[10:23]   [ComfyUI] Generated prompt_id: e7898393-5b0c-4f3b-8fc0-aafdd300b223
[10:23]   [ComfyUI] Calling execution.validate_prompt()...
[10:23]   [ComfyUI] Validation result: valid=True
[10:23]   [ComfyUI] === Validation PASSED ===
[10:23]   [ComfyUI] got prompt
[10:23]   [ComfyUI] [comfy-env] Running GeomPackLoadMesh: file_path: '3d/camelhead.off'
[10:23]   [ComfyUI] [SubprocessWorker] call_method: nodes.io.load_mesh.LoadMesh.EXECUTE_NORMALIZED
[10:23]   [ComfyUI] [SubprocessWorker] acquired lock, ensuring started...
[10:23]   [ComfyUI] [ComfyUI-GeometryPack] Health check: ping (timeout=5.0s)...
[10:23]   [ComfyUI] [ComfyUI-GeometryPack] Health check: ok
[10:23]   [ComfyUI] [SubprocessWorker] worker started/confirmed
[10:23]   [ComfyUI] [SubprocessWorker] serializing kwargs to shm...
[10:23]   [ComfyUI] [SubprocessWorker] created 0 shm blocks
[10:23]   [ComfyUI] [SubprocessWorker] sending request via socket...
[10:23]   [ComfyUI] [SubprocessWorker] call_id=61 sending call_method
[10:23]   [ComfyUI] [worker:ComfyUI-GeometryPack] INFO: Found mesh in input folder: 3d/camelhead.off
[10:23]   [ComfyUI] [worker:ComfyUI-GeometryPack] INFO: Loading: D:\a\comfy-gpu-ci\comfy-gpu-ci\test_workspaces\GeometryPack-2137\portable-comfyui\ComfyUI_windows_portable\ComfyUI\input\3d/camelhead.off
[10:23]   [ComfyUI] [worker:ComfyUI-GeometryPack] INFO: Initial mesh: 11381 vertices, 22704 faces
[10:23]   [ComfyUI] [worker:ComfyUI-GeometryPack] INFO: Successfully loaded: 11381 vertices, 22704 faces
[10:23]   [ComfyUI] [worker:ComfyUI-GeometryPack] INFO: Loaded: 11381 vertices, 22704 faces
[10:23]   [ComfyUI] [SubprocessWorker] got response: ok
[10:23]   [ComfyUI] [comfy-env] GeomPackLoadMesh done (0.20s): result: NodeOutput
[10:23]   [ComfyUI] [comfy-env] Running GeomPackDetectSelfIntersections: trimesh: Trimesh
[10:23]   [ComfyUI] [SubprocessWorker] call_method: nodes.repair_cgal.detect_intersections.DetectSelfIntersectionsNode.EXECUTE_NORMALIZED
[10:23]   [ComfyUI] [SubprocessWorker] acquired lock, ensuring started...
[10:23]   [ComfyUI] [ComfyUI-GeometryPack] Health check: ping (timeout=5.0s)...
[10:23]   [ComfyUI] [ComfyUI-GeometryPack] Health check: ok
[10:23]   [ComfyUI] [SubprocessWorker] worker started/confirmed
[10:23]   [ComfyUI] [SubprocessWorker] serializing kwargs to shm...
[10:23]   [ComfyUI] [SubprocessWorker] created 1 shm blocks
[10:23]   [ComfyUI] [SubprocessWorker] sending request via socket...
[10:23]   [ComfyUI] [SubprocessWorker] call_id=62 sending call_method
[10:23]   [ComfyUI] [worker:ComfyUI-GeometryPack] INFO: Analyzing mesh: 11381 vertices, 22704 faces
[10:23]   [ComfyUI] [worker:ComfyUI-GeometryPack] INFO: Using libigl CGAL method
[10:23]   [ComfyUI] [worker:ComfyUI-GeometryPack] INFO: Found 6 intersecting faces (5 intersection pairs)
[10:23]   [ComfyUI] [SubprocessWorker] got response: ok
[10:23]   [ComfyUI] [comfy-env] GeomPackDetectSelfIntersections done (0.19s): result: NodeOutput
[10:23]   [ComfyUI] [comfy-env] Running GeomPackFixSelfIntersectionsByPerturbation: epsilon: 0.0001, max_iterations: 12, direction: 'adaptive', scale_by_intersection_count: True, re_detect_after_fix: True, trimesh: Trimesh
[10:23]   [ComfyUI] [SubprocessWorker] call_method: nodes.repair_cgal.fix_intersections_perturbation.FixSelfIntersectionsByPerturbationNode.EXECUTE_NORMALIZED
[10:23]   [ComfyUI] [SubprocessWorker] acquired lock, ensuring started...
[10:23]   [ComfyUI] [ComfyUI-GeometryPack] Health check: ping (timeout=5.0s)...
[10:23]   [ComfyUI] [ComfyUI-GeometryPack] Health check: ok
[10:23]   [ComfyUI] [SubprocessWorker] worker started/confirmed
[10:23]   [ComfyUI] [SubprocessWorker] serializing kwargs to shm...
[10:23]   [ComfyUI] [SubprocessWorker] created 1 shm blocks
[10:23]   [ComfyUI] [SubprocessWorker] sending request via socket...
[10:23]   [ComfyUI] [SubprocessWorker] call_id=63 sending call_method
[10:23]   Node executed (1 total), capturing...
[10:23]   [ComfyUI] [worker:ComfyUI-GeometryPack] INFO: Processing mesh: 11381 vertices, 22704 faces
[10:24]   [ComfyUI] [worker:ComfyUI-GeometryPack] INFO: Params: epsilon=0.0001, max_iter=12, direction=adaptive, re_detect=True
[10:24]   [ComfyUI] [worker:ComfyUI-GeometryPack] INFO: Found 8 vertices to perturb
[10:24]   [ComfyUI] [worker:ComfyUI-GeometryPack] INFO: Iteration 1: avg displacement = 0.000004
[10:24]   [ComfyUI] [worker:ComfyUI-GeometryPack] INFO: Iteration 2: avg displacement = 0.000008
[10:24]   [ComfyUI] [worker:ComfyUI-GeometryPack] INFO: Iteration 3: avg displacement = 0.000011
[10:24]   [ComfyUI] [worker:ComfyUI-GeometryPack] INFO: Iteration 4: avg displacement = 0.000015
[10:24]   [ComfyUI] [worker:ComfyUI-GeometryPack] INFO: Iteration 5: avg displacement = 0.000019
[10:24]   [ComfyUI] [worker:ComfyUI-GeometryPack] INFO: Iteration 6: avg displacement = 0.000023
[10:24]   [ComfyUI] [worker:ComfyUI-GeometryPack] INFO: Iteration 7: avg displacement = 0.000026
[10:24]   [ComfyUI] [worker:ComfyUI-GeometryPack] INFO: Iteration 8: avg displacement = 0.000030
[10:24]   [ComfyUI] [worker:ComfyUI-GeometryPack] INFO: Iteration 9: avg displacement = 0.000034
[10:24]   [ComfyUI] [worker:ComfyUI-GeometryPack] INFO: Iteration 10: avg displacement = 0.000038
[10:24]   [ComfyUI] [worker:ComfyUI-GeometryPack] INFO: Iteration 11: avg displacement = 0.000041
[10:24]   Frame 2 saved (frame_001.jpg, t=0.8s)
[10:24]   [capture-node] freeze=4ms shot=121ms unfreeze=5ms saved=True
[10:24]   [ComfyUI] [worker:ComfyUI-GeometryPack] INFO: Iteration 12: avg displacement = 0.000045
[10:24]   [ComfyUI] [worker:ComfyUI-GeometryPack] INFO: Re-detecting self-intersections...
[10:24]   [ComfyUI] [worker:ComfyUI-GeometryPack] INFO: No self-intersections remaining!
[10:24]   [ComfyUI] [worker:ComfyUI-GeometryPack] INFO: Complete: perturbed 8 vertices over 12 iterations
[10:24]   [ComfyUI] [SubprocessWorker] got response: ok
[10:24]   [ComfyUI] [comfy-env] GeomPackFixSelfIntersectionsByPerturbation done (0.48s): result: NodeOutput
[10:24]   [ComfyUI] [comfy-env] Running GeomPackDetectSelfIntersections: trimesh: Trimesh
[10:24]   [ComfyUI] [SubprocessWorker] call_method: nodes.repair_cgal.detect_intersections.DetectSelfIntersectionsNode.EXECUTE_NORMALIZED
[10:24]   [ComfyUI] [SubprocessWorker] acquired lock, ensuring started...
[10:24]   [ComfyUI] [ComfyUI-GeometryPack] Health check: ping (timeout=5.0s)...
[10:24]   [ComfyUI] [ComfyUI-GeometryPack] Health check: ok
[10:24]   [ComfyUI] [SubprocessWorker] worker started/confirmed
[10:24]   [ComfyUI] [SubprocessWorker] serializing kwargs to shm...
[10:24]   [ComfyUI] [SubprocessWorker] created 1 shm blocks
[10:24]   [ComfyUI] [SubprocessWorker] sending request via socket...
[10:24]   [ComfyUI] [SubprocessWorker] call_id=64 sending call_method
[10:24]   [ComfyUI] [worker:ComfyUI-GeometryPack] INFO: Analyzing mesh: 11381 vertices, 22704 faces
[10:24]   Node executed (2 total), capturing...
[10:24]   [ComfyUI] [worker:ComfyUI-GeometryPack] INFO: Using libigl CGAL method
[10:24]   [ComfyUI] [worker:ComfyUI-GeometryPack] INFO: No self-intersections detected
[10:24]   [ComfyUI] [SubprocessWorker] got response: ok
[10:24]   [ComfyUI] [comfy-env] GeomPackDetectSelfIntersections done (0.18s): result: NodeOutput
[10:24]   [ComfyUI] [comfy-env] Running GeomPackPreviewMeshDual: layout: 'side_by_side', mode: 'fields', opacity_1: 1.0, opacity_2: 1.0, mesh_1: Trimesh, mesh_2: Trimesh
[10:24]   [ComfyUI] [SubprocessWorker] call_method: nodes.visualization.preview_mesh_dual.PreviewMeshDualNode.EXECUTE_NORMALIZED
[10:24]   [ComfyUI] [SubprocessWorker] acquired lock, ensuring started...
[10:24]   [ComfyUI] [ComfyUI-GeometryPack] Health check: ping (timeout=5.0s)...
[10:24]   [ComfyUI] [ComfyUI-GeometryPack] Health check: ok
[10:24]   [ComfyUI] [SubprocessWorker] worker started/confirmed
[10:24]   [ComfyUI] [SubprocessWorker] serializing kwargs to shm...
[10:24]   [ComfyUI] [SubprocessWorker] created 2 shm blocks
[10:24]   [ComfyUI] [SubprocessWorker] sending request via socket...
[10:24]   [ComfyUI] [SubprocessWorker] call_id=65 sending call_method
[10:24]   [ComfyUI] [worker:ComfyUI-GeometryPack] INFO: Layout: side_by_side, Mode: fields
[10:24]   [ComfyUI] [worker:ComfyUI-GeometryPack] INFO: Mesh 1: Mesh - 11381 vertices, 22704 faces
[10:24]   [ComfyUI] [worker:ComfyUI-GeometryPack] INFO: Mesh 2: Mesh - 11381 vertices, 22704 faces
[10:24]   [ComfyUI] [worker:ComfyUI-GeometryPack] INFO: Mesh 1 fields: ['intersection_flag', 'intersection_count', 'face.self_intersecting']
[10:24]   [ComfyUI] [worker:ComfyUI-GeometryPack] INFO: Mesh 2 fields: ['intersection_flag', 'intersection_count', 'face.self_intersecting']
[10:24]   [ComfyUI] [worker:ComfyUI-GeometryPack] INFO: Common fields: ['intersection_count', 'face.self_intersecting', 'intersection_flag']
[10:24]   [ComfyUI] [worker:ComfyUI-GeometryPack] INFO: Mesh 1 visual: kind=None, texture=False, vertex_colors=False
[10:24]   [ComfyUI] [worker:ComfyUI-GeometryPack] INFO: Mesh 2 visual: kind=None, texture=False, vertex_colors=False
[10:24]   [ComfyUI] [worker:ComfyUI-GeometryPack] INFO: Exporting mesh to VTP: D:\a\comfy-gpu-ci\comfy-gpu-ci\test_workspaces\GeometryPack-2137\portable-comfyui\ComfyUI_windows_portable\ComfyUI\output\preview_dual_1_ceba0f48.vtp
[10:24]   [ComfyUI] [worker:ComfyUI-GeometryPack] INFO: Adding normals field (11381 vertices)
[10:24]   Frame 3 saved (frame_002.jpg, t=1.3s)
[10:24]   [capture-node] freeze=3ms shot=104ms unfreeze=3ms saved=True
[10:24]   [ComfyUI] [worker:ComfyUI-GeometryPack] INFO: Adding scalar field: intersection_flag (components: 1)
[10:24]   [ComfyUI] [worker:ComfyUI-GeometryPack] INFO: Adding scalar field: intersection_count (components: 1)
[10:24]   [ComfyUI] [worker:ComfyUI-GeometryPack] INFO: Adding face field: self_intersecting
[10:24]   [ComfyUI] [worker:ComfyUI-GeometryPack] INFO: Export complete: 11381 vertices, 22704 faces
[10:24]   [ComfyUI] [worker:ComfyUI-GeometryPack] INFO: Exported VTP with fields: D:\a\comfy-gpu-ci\comfy-gpu-ci\test_workspaces\GeometryPack-2137\portable-comfyui\ComfyUI_windows_portable\ComfyUI\output\preview_dual_1_ceba0f48.vtp
[10:24]   [ComfyUI] [worker:ComfyUI-GeometryPack] INFO: Exporting mesh to VTP: D:\a\comfy-gpu-ci\comfy-gpu-ci\test_workspaces\GeometryPack-2137\portable-comfyui\ComfyUI_windows_portable\ComfyUI\output\preview_dual_2_ceba0f48.vtp
[10:24]   Node executed (3 total), capturing...
[10:24]   [ComfyUI] [worker:ComfyUI-GeometryPack] INFO: Adding normals field (11381 vertices)
[10:24]   [ComfyUI] [worker:ComfyUI-GeometryPack] INFO: Adding scalar field: intersection_flag (components: 1)
[10:24]   [ComfyUI] [worker:ComfyUI-GeometryPack] INFO: Adding scalar field: intersection_count (components: 1)
[10:24]   [ComfyUI] [worker:ComfyUI-GeometryPack] INFO: Adding face field: self_intersecting
[10:24]   [ComfyUI] [worker:ComfyUI-GeometryPack] INFO: Export complete: 11381 vertices, 22704 faces
[10:24]   [ComfyUI] [worker:ComfyUI-GeometryPack] INFO: Exported VTP with fields: D:\a\comfy-gpu-ci\comfy-gpu-ci\test_workspaces\GeometryPack-2137\portable-comfyui\ComfyUI_windows_portable\ComfyUI\output\preview_dual_2_ceba0f48.vtp
[10:24]   [ComfyUI] [worker:ComfyUI-GeometryPack] INFO: Preview ready
[10:25]   [ComfyUI] [SubprocessWorker] got response: ok
[10:25]   [ComfyUI] [comfy-env] GeomPackPreviewMeshDual done (0.44s): result: NodeOutput
[10:25]   [ComfyUI] Prompt executed in 1.50 seconds
[10:25]   Frame 4 saved (frame_003.jpg, t=1.7s)
[10:25]   [capture-node] freeze=53ms shot=152ms unfreeze=69ms saved=True
[10:25]   Node executed (4 total), capturing...
[10:26]   Frame 5 saved (frame_004.jpg, t=2.5s)
[10:26]   [capture-node] freeze=44ms shot=198ms unfreeze=0ms saved=True
[10:26]   Execution complete (t=2.4s)
[10:26]   Captured 5 unique frames over 2.73s
[10:26]   [debug] iframes: 1
[10:26]   [debug]   iframe[0]: src=http://127.0.0.1:41896/extensions/ComfyUI-GeometryPack/viewer_dual.html?v=177844, canvas=370x485, rafFrozen=True
[10:26]   [timing] trigger_3d_previews: 0.0s
[10:28]   Saved high-quality screenshot: fix_self_intersection_executed.png
[10:28]   [timing] final_screenshot: 0.4s
[10:28] Capturing execution frames: mesh_info.json
[10:34]   Frame 1 saved (frame_000.jpg, t=0.0s)
[10:34]   Validating workflow...
[10:34]   [ComfyUI] === /validate endpoint called ===
[10:34]   [ComfyUI] Received JSON with keys: ['prompt']
[10:34]   [ComfyUI] Prompt has 3 nodes
[10:34]   [ComfyUI]   Node 1: GeomPackCreatePrimitive
[10:34]   [ComfyUI]     Inputs: {"shape": "cube", "size": 2, "subdivisions": 1}
[10:34]   [ComfyUI]   Node 7: GeomPackMeshInfo
[10:34]   Queuing workflow for execution...
[10:34]   [ComfyUI]     Inputs: {"report_panel": "true", "trimesh": ["1", 0]}
[10:34]   [ComfyUI]   Node 12: GeomPackMeshQuality
[10:34]   [ComfyUI]     Inputs: {"include_face_quality": true, "include_edge_stats": true, "report_panel": "true", "trimesh": ["1", 0]}
[10:34]   [ComfyUI] Generated prompt_id: a85065fd-1857-405f-8ed5-ac8eec46b80a
[10:34]   [ComfyUI] Calling execution.validate_prompt()...
[10:34]   [ComfyUI] Validation result: valid=True
[10:34]   [ComfyUI] === Validation PASSED ===
[10:34]   [ComfyUI] got prompt
[10:34]   [ComfyUI] [comfy-env] Running GeomPackCreatePrimitive: shape: 'cube', size: 2.0, subdivisions: 1
[10:34]   [ComfyUI] [SubprocessWorker] call_method: nodes.primitives.create_primitive.CreatePrimitive.EXECUTE_NORMALIZED
[10:34]   [ComfyUI] [SubprocessWorker] acquired lock, ensuring started...
[10:34]   [ComfyUI] [ComfyUI-GeometryPack] Health check: ping (timeout=5.0s)...
[10:34]   [ComfyUI] [ComfyUI-GeometryPack] Health check: ok
[10:34]   [ComfyUI] [SubprocessWorker] worker started/confirmed
[10:34]   [ComfyUI] [SubprocessWorker] serializing kwargs to shm...
[10:34]   [ComfyUI] [SubprocessWorker] created 0 shm blocks
[10:34]   [ComfyUI] [SubprocessWorker] sending request via socket...
[10:34]   [ComfyUI] [SubprocessWorker] call_id=66 sending call_method
[10:35]   [ComfyUI] [worker:ComfyUI-GeometryPack] INFO: Created cube: 8 vertices, 12 faces
[10:35]   [ComfyUI] [SubprocessWorker] got response: ok
[10:35]   [ComfyUI] [comfy-env] GeomPackCreatePrimitive done (0.32s): result: NodeOutput
[10:35]   [ComfyUI] [comfy-env] Running GeomPackMeshQuality: include_face_quality: True, include_edge_stats: True, trimesh: Trimesh
[10:35]   [ComfyUI] [SubprocessWorker] call_method: nodes.analysis.mesh_quality.MeshQualityNode.EXECUTE_NORMALIZED
[10:35]   [ComfyUI] [SubprocessWorker] acquired lock, ensuring started...
[10:35]   [ComfyUI] [ComfyUI-GeometryPack] Health check: ping (timeout=5.0s)...
[10:35]   [ComfyUI] [ComfyUI-GeometryPack] Health check: ok
[10:35]   [ComfyUI] [SubprocessWorker] worker started/confirmed
[10:35]   [ComfyUI] [SubprocessWorker] serializing kwargs to shm...
[10:35]   [ComfyUI] [SubprocessWorker] created 1 shm blocks
[10:35]   [ComfyUI] [SubprocessWorker] sending request via socket...
[10:35]   [ComfyUI] [SubprocessWorker] call_id=67 sending call_method
[10:35]   [ComfyUI] [worker:ComfyUI-GeometryPack] INFO: Analyzing mesh: 8 vertices, 12 faces
[10:35]   [ComfyUI] [worker:ComfyUI-GeometryPack] INFO: Analysis complete
[10:35]   [ComfyUI] [SubprocessWorker] got response: ok
[10:35]   [ComfyUI] [comfy-env] GeomPackMeshQuality done (0.63s): result: NodeOutput
[10:35]   [ComfyUI] [comfy-env] Running GeomPackMeshInfo: trimesh: list[1]
[10:35]   [ComfyUI] [SubprocessWorker] call_method: nodes.analysis.mesh_info.MeshInfoNode.EXECUTE_NORMALIZED
[10:35]   [ComfyUI] [SubprocessWorker] acquired lock, ensuring started...
[10:35]   [ComfyUI] [ComfyUI-GeometryPack] Health check: ping (timeout=5.0s)...
[10:35]   [ComfyUI] [ComfyUI-GeometryPack] Health check: ok
[10:35]   [ComfyUI] [SubprocessWorker] worker started/confirmed
[10:35]   [ComfyUI] [SubprocessWorker] serializing kwargs to shm...
[10:35]   [ComfyUI] [SubprocessWorker] created 1 shm blocks
[10:35]   [ComfyUI] [SubprocessWorker] sending request via socket...
[10:35]   [ComfyUI] [SubprocessWorker] call_id=68 sending call_method
[10:35]   Node executed (1 total), capturing...
[10:36]   Frame 2 saved (frame_001.jpg, t=1.3s)
[10:36]   [capture-node] freeze=3ms shot=93ms unfreeze=1ms saved=True
[10:36]   [ComfyUI] [SubprocessWorker] got response: ok
[10:36]   [ComfyUI] [comfy-env] GeomPackMeshInfo done (0.57s): result: NodeOutput
[10:36]   [ComfyUI] Prompt executed in 1.52 seconds
[10:36]   Node executed (2 total), capturing...
[10:36]   Frame 3 saved (frame_002.jpg, t=1.9s)
[10:36]   [capture-node] freeze=2ms shot=86ms unfreeze=0ms saved=True
[10:36]   Execution complete (t=1.8s)
[10:36]   Captured 3 unique frames over 1.96s
[10:36]   [debug] iframes: 0
[10:36]   [timing] trigger_3d_previews: 0.0s
[10:38]   Saved high-quality screenshot: mesh_info_executed.png
[10:38]   [timing] final_screenshot: 0.2s
[10:39] Capturing execution frames: mesh_mesh_distance.json
[10:45]   Frame 1 saved (frame_000.jpg, t=0.0s)
[10:45]   Validating workflow...
[10:45]   [ComfyUI] === /validate endpoint called ===
[10:45]   [ComfyUI] Received JSON with keys: ['prompt']
[10:45]   [ComfyUI] Prompt has 5 nodes
[10:45]   [ComfyUI]   Node 3: GeomPackMeshToMeshDistance
[10:45]   [ComfyUI]     Inputs: {"metric": "hausdorff", "sample_count": 10000, "symmetric": "true", "report_panel": "true", "mesh_a": ["8", 0], "mesh_b": ["15", 0]}
[10:45]   [ComfyUI]   Node 8: GeomPackLoadMesh
[10:45]   [ComfyUI]     Inputs: {"file_path": "3d/Stanford_Bunny.stl"}
[10:45]   [ComfyUI]   Node 10: GeomPackMeshToMeshDistance
[10:45]   Queuing workflow for execution...
[10:45]   [ComfyUI]     Inputs: {"metric": "hausdorff", "sample_count": 10000, "symmetric": "true", "report_panel": "false", "mesh_a": ["8", 0], "mesh_b": ["16", 0]}
[10:45]   [ComfyUI]   Node 15: GeomPackRemesh
[10:45]   [ComfyUI]     Inputs: {"backend": "pymeshlab_isotropic", "backend.target_edge_length": 1, "backend.iterations": 3, "backend.feature_angle": 30, "backend.adaptive": "false", "report_panel": "false", "trimesh": ["8", 0]}
[10:45]   [ComfyUI]   Node 16: GeomPackRemesh
[10:45]   [ComfyUI]     Inputs: {"backend": "cgal_isotropic", "backend.cgal_edge_length": 1, "backend.cgal_iterations": 3, "backend.protect_boundaries": "true", "report_panel": "false", "trimesh": ["8", 0]}
[10:45]   [ComfyUI] Generated prompt_id: 5f95d56b-b245-439e-affa-b880f4de4ce2
[10:45]   [ComfyUI] Calling execution.validate_prompt()...
[10:45]   [ComfyUI] Validation result: valid=True
[10:45]   [ComfyUI] === Validation PASSED ===
[10:45]   [ComfyUI] got prompt
[10:45]   [ComfyUI] [comfy-env] Running GeomPackLoadMesh: file_path: '3d/Stanford_Bunny.stl'
[10:45]   [ComfyUI] [SubprocessWorker] call_method: nodes.io.load_mesh.LoadMesh.EXECUTE_NORMALIZED
[10:45]   [ComfyUI] [SubprocessWorker] acquired lock, ensuring started...
[10:45]   [ComfyUI] [ComfyUI-GeometryPack] Health check: ping (timeout=5.0s)...
[10:45]   [ComfyUI] [ComfyUI-GeometryPack] Health check: ok
[10:45]   [ComfyUI] [SubprocessWorker] worker started/confirmed
[10:45]   [ComfyUI] [SubprocessWorker] serializing kwargs to shm...
[10:45]   [ComfyUI] [SubprocessWorker] created 0 shm blocks
[10:45]   [ComfyUI] [SubprocessWorker] sending request via socket...
[10:45]   [ComfyUI] [SubprocessWorker] call_id=69 sending call_method
[10:45]   [ComfyUI] [worker:ComfyUI-GeometryPack] INFO: Found mesh in input folder: 3d/Stanford_Bunny.stl
[10:45]   [ComfyUI] [worker:ComfyUI-GeometryPack] INFO: Loading: D:\a\comfy-gpu-ci\comfy-gpu-ci\test_workspaces\GeometryPack-2137\portable-comfyui\ComfyUI_windows_portable\ComfyUI\input\3d/Stanford_Bunny.stl
[10:45]   [ComfyUI] [worker:ComfyUI-GeometryPack] INFO: Initial mesh: 56203 vertices, 112402 faces
[10:46]   [ComfyUI] [worker:ComfyUI-GeometryPack] INFO: Successfully loaded: 56203 vertices, 112402 faces
[10:46]   [ComfyUI] [worker:ComfyUI-GeometryPack] INFO: Loaded: 56203 vertices, 112402 faces
[10:46]   [ComfyUI] [SubprocessWorker] got response: ok
[10:46]   [ComfyUI] [comfy-env] GeomPackLoadMesh done (0.87s): result: NodeOutput
[10:46]   [ComfyUI] [comfy-env] Running GeomPackRemesh: backend: dict, trimesh: Trimesh
[10:46]   [ComfyUI] [SubprocessWorker] call_method: nodes.remeshing.remesh.RemeshNode.EXECUTE_NORMALIZED
[10:46]   [ComfyUI] [SubprocessWorker] acquired lock, ensuring started...
[10:46]   [ComfyUI] [ComfyUI-GeometryPack] Health check: ping (timeout=5.0s)...
[10:46]   [ComfyUI] [ComfyUI-GeometryPack] Health check: ok
[10:46]   [ComfyUI] [SubprocessWorker] worker started/confirmed
[10:46]   [ComfyUI] [SubprocessWorker] serializing kwargs to shm...
[10:46]   [ComfyUI] [SubprocessWorker] created 1 shm blocks
[10:46]   [ComfyUI] [SubprocessWorker] sending request via socket...
[10:46]   [ComfyUI] [SubprocessWorker] call_id=70 sending call_method
[10:46]   [ComfyUI] [worker:ComfyUI-GeometryPack] INFO: Remesh dispatch: cgal_isotropic -> GeomPackRemesh_CGAL
[10:46]   [ComfyUI] [SubprocessWorker] got response: ok
[10:46]   [ComfyUI] [comfy-env] GeomPackRemesh done (0.42s): result: NodeOutput
[10:46]   [ComfyUI] [comfy-env] Running GeomPackRemesh: backend: dict, trimesh: Trimesh
[10:46]   [ComfyUI] [SubprocessWorker] call_method: nodes.remeshing.remesh.RemeshNode.EXECUTE_NORMALIZED
[10:46]   [ComfyUI] [SubprocessWorker] acquired lock, ensuring started...
[10:46]   [ComfyUI] [ComfyUI-GeometryPack] Health check: ping (timeout=5.0s)...
[10:46]   [ComfyUI] [ComfyUI-GeometryPack] Health check: ok
[10:46]   [ComfyUI] [SubprocessWorker] worker started/confirmed
[10:46]   [ComfyUI] [SubprocessWorker] serializing kwargs to shm...
[10:46]   [ComfyUI] [SubprocessWorker] created 1 shm blocks
[10:46]   [ComfyUI] [SubprocessWorker] sending request via socket...
[10:46]   [ComfyUI] [SubprocessWorker] call_id=71 sending call_method
[10:46]   [ComfyUI] [worker:ComfyUI-GeometryPack] INFO: Remesh dispatch: pymeshlab_isotropic -> GeomPackRemesh_PyMeshLab
[10:47]   [ComfyUI] [SubprocessWorker] got response: ok
[10:47]   [ComfyUI] [comfy-env] GeomPackRemesh done (0.51s): result: NodeOutput
[10:47]   [ComfyUI] [comfy-env] Running GeomPackRemesh_CGAL: trimesh: Trimesh, target_edge_length: 1.0, iterations: 3, protect_boundaries: 'true'
[10:47]   [ComfyUI] [SubprocessWorker] call_method: nodes.remeshing_cgal.remesh.RemeshCGALNode.EXECUTE_NORMALIZED
[10:47]   [ComfyUI] [SubprocessWorker] acquired lock, ensuring started...
[10:47]   [ComfyUI] [ComfyUI-GeometryPack] Health check: ping (timeout=5.0s)...
[10:47]   [ComfyUI] [ComfyUI-GeometryPack] Health check: ok
[10:47]   [ComfyUI] [SubprocessWorker] worker started/confirmed
[10:47]   [ComfyUI] [SubprocessWorker] serializing kwargs to shm...
[10:47]   [ComfyUI] [SubprocessWorker] created 1 shm blocks
[10:47]   [ComfyUI] [SubprocessWorker] sending request via socket...
[10:47]   [ComfyUI] [SubprocessWorker] call_id=72 sending call_method
[10:47]   [ComfyUI] [worker:ComfyUI-GeometryPack] INFO: Backend: cgal_isotropic
[10:47]   [ComfyUI] [worker:ComfyUI-GeometryPack] INFO: Input: 56,203 vertices, 112,402 faces
[10:47]   [ComfyUI] [worker:ComfyUI-GeometryPack] INFO: Parameters: target_edge_length=1.0, iterations=3, protect_boundaries=true
[10:47]   Frame 2 saved (frame_001.jpg, t=2.3s)
[10:47]   [capture-periodic] freeze=2ms shot=114ms unfreeze=3ms saved=True
[10:47]   [ComfyUI] [worker:ComfyUI-GeometryPack] INFO: Running CGAL isotropic remesh (target_edge_length=1.0)...
[10:49]   Frame 3 saved (frame_002.jpg, t=4.5s)
[10:49]   [capture-periodic] freeze=3ms shot=114ms unfreeze=4ms saved=True
[10:50]   [capture-loop] iter=50 t=5.8s state={'complete': False, 'error': None, 'executedCount': 0, 'wsState': 1} eval_ms=5 ram=5.9/16.0GB (37%) swap=0.7/2.9GB (25%) cpu=45% browser_rss=0.70GB
[10:56]   [ComfyUI] [worker:ComfyUI-GeometryPack] INFO: Output: 41466 vertices (-14737), 82928 faces (-29474)
[10:56]   [ComfyUI] [SubprocessWorker] got response: ok
[10:56]   [ComfyUI] [comfy-env] GeomPackRemesh_CGAL done (9.29s): result: NodeOutput
[10:56]   [ComfyUI] [comfy-env] Running GeomPackMeshToMeshDistance: metric: 'hausdorff', sample_count: 10000, symmetric: 'true', mesh_a: Trimesh, mesh_b: Trimesh
[10:56]   [ComfyUI] [SubprocessWorker] call_method: nodes.distance.mesh_to_mesh_distance.MeshDistanceNode.EXECUTE_NORMALIZED
[10:56]   [ComfyUI] [SubprocessWorker] acquired lock, ensuring started...
[10:56]   [ComfyUI] [ComfyUI-GeometryPack] Health check: ping (timeout=5.0s)...
[10:56]   [ComfyUI] [ComfyUI-GeometryPack] Health check: ok
[10:56]   [ComfyUI] [SubprocessWorker] worker started/confirmed
[10:56]   [ComfyUI] [SubprocessWorker] serializing kwargs to shm...
[10:56]   Node executed (1 total), capturing...
[10:56]   [ComfyUI] [SubprocessWorker] created 2 shm blocks
[10:56]   [ComfyUI] [SubprocessWorker] sending request via socket...
[10:56]   [ComfyUI] [SubprocessWorker] call_id=73 sending call_method
[10:56]   Frame 4 saved (frame_003.jpg, t=11.4s)
[10:56]   [capture-node] freeze=6ms shot=98ms unfreeze=4ms saved=True
[10:56]   [capture-loop] iter=100 t=11.8s state={'complete': False, 'error': None, 'executedCount': 1, 'wsState': 1} eval_ms=3 ram=5.7/16.0GB (36%) swap=0.7/2.9GB (25%) cpu=49% browser_rss=0.59GB
[10:57]   [ComfyUI] C:\ce\.pixi\envs\geometrypack-nodes\Lib\site-packages\point_cloud_utils\_ray_mesh_intersector.py:13: SyntaxWarning: invalid escape sequence '\#'
[10:57]   [ComfyUI]   mesh_v : \#v by 3 array of vertex positions (each row is a vertex)
[10:57]   [ComfyUI] C:\ce\.pixi\envs\geometrypack-nodes\Lib\site-packages\point_cloud_utils\_ray_mesh_intersector.py:27: SyntaxWarning: invalid escape sequence '\#'
[10:57]   [ComfyUI]   ray_o : array of shape (\#rays, 3) of ray origins (one per row) or a single array of shape (3,) to use
[10:57]   [ComfyUI] C:\ce\.pixi\envs\geometrypack-nodes\Lib\site-packages\point_cloud_utils\_point_cloud_geometry.py:71: SyntaxWarning: invalid escape sequence '\#'
[10:57]   [ComfyUI]   p : \#p by 3 array of vertex positions (each row is a vertex)
[10:57]   [ComfyUI] C:\ce\.pixi\envs\geometrypack-nodes\Lib\site-packages\point_cloud_utils\_point_cloud_geometry.py:91: SyntaxWarning: invalid escape sequence '\#'
[10:57]   [ComfyUI]   p : \#p by 3 array of vertex positions (each row is a vertex)
[10:57]   [ComfyUI] [worker:ComfyUI-GeometryPack] INFO: Metric: hausdorff, Samples: 10000
[10:57]   [ComfyUI] [worker:ComfyUI-GeometryPack] INFO: Mesh A: 56203 vertices, 112402 faces
[10:57]   [ComfyUI] [worker:ComfyUI-GeometryPack] INFO: Mesh B: 41466 vertices, 82928 faces
[10:58]   [ComfyUI] [worker:ComfyUI-GeometryPack] INFO: Result: 3.112758
[10:58]   [ComfyUI] [SubprocessWorker] got response: ok
[10:58]   [ComfyUI] [comfy-env] GeomPackMeshToMeshDistance done (1.95s): result: NodeOutput
[10:58]   [ComfyUI] [comfy-env] Running GeomPackRemesh_PyMeshLab: trimesh: Trimesh, target_edge_length: 1.0, iterations: 3, feature_angle: 30.0, adaptive: 'false'
[10:58]   [ComfyUI] [SubprocessWorker] call_method: nodes.remeshing.backends.pymeshlab_isotropic.RemeshPyMeshLabNode.EXECUTE_NORMALIZED
[10:58]   [ComfyUI] [SubprocessWorker] acquired lock, ensuring started...
[10:58]   [ComfyUI] [ComfyUI-GeometryPack] Health check: ping (timeout=5.0s)...
[10:58]   [ComfyUI] [ComfyUI-GeometryPack] Health check: ok
[10:58]   [ComfyUI] [SubprocessWorker] worker started/confirmed
[10:58]   [ComfyUI] [SubprocessWorker] serializing kwargs to shm...
[10:58]   [ComfyUI] [SubprocessWorker] created 1 shm blocks
[10:58]   [ComfyUI] [SubprocessWorker] sending request via socket...
[10:58]   [ComfyUI] [SubprocessWorker] call_id=74 sending call_method
[10:58]   [ComfyUI] [worker:ComfyUI-GeometryPack]
[10:58]   [ComfyUI] === WATCHDOG TICK 2 ===
[10:58]   Node executed (2 total), capturing...
[10:58]   [ComfyUI] [worker:ComfyUI-GeometryPack] Current thread 0x000014f8 (most recent call first):
[10:58]   [ComfyUI]   File "C:\Users\RUNNER~1\AppData\Local\Temp\comfyui_pvenv_23kbyj93\persistent_worker.py", line 52 in _watchdog
[10:58]   [ComfyUI]   File "C:\ce\.pixi\envs\geometrypack-nodes\Lib\threading.py", line 995 in run
[10:58]   [ComfyUI]   File "C:\ce\.pixi\envs\geometrypack-nodes\Lib\threading.py", line 1044 in _bootstrap_inner
[10:58]   [ComfyUI]   File "C:\ce\.pixi\envs\geometrypack-nodes\Lib\threading.py", line 1015 in _bootstrap
[10:58]   [ComfyUI] 
[10:58]   [ComfyUI] Thread 0x00000f60 (most recent call first):
[10:58]   [ComfyUI]   File "C:\Users\RUNNER~1\AppData\Local\Temp\comfyui_pvenv_23kbyj93\persistent_worker.py", line 86 in wlog
[10:58]   [ComfyUI]   File "C:\Users\RUNNER~1\AppData\Local\Temp\comfyui_pvenv_23kbyj93\persistent_worker.py", line 1649 in main
[10:58]   [ComfyUI]   File "C:\Users\RUNNER~1\AppData\Local\Temp\comfyui_pvenv_23kbyj93\persistent_worker.py", line 1807 in <module>
[10:58]   [ComfyUI] 
[10:58]   [ComfyUI] [worker:ComfyUI-GeometryPack] === END ===
[10:58]   [ComfyUI] 
[10:58]   Frame 5 saved (frame_004.jpg, t=13.4s)
[10:58]   [capture-node] freeze=5ms shot=114ms unfreeze=3ms saved=True
[10:58]   [ComfyUI] [worker:ComfyUI-GeometryPack] INFO: Backend: pymeshlab_isotropic
[10:58]   [ComfyUI] [worker:ComfyUI-GeometryPack] INFO: Input: 56203 vertices, 112402 faces
[10:58]   [ComfyUI] [worker:ComfyUI-GeometryPack] INFO: Parameters: target_edge_length=1.0, iterations=3, feature_angle=30.0, adaptive=false
[11:02]   [capture-loop] iter=150 t=17.5s state={'complete': False, 'error': None, 'executedCount': 2, 'wsState': 1} eval_ms=3 ram=5.7/16.0GB (36%) swap=0.7/2.9GB (24%) cpu=46% browser_rss=0.59GB
[11:08]   [capture-loop] iter=200 t=23.2s state={'complete': False, 'error': None, 'executedCount': 2, 'wsState': 1} eval_ms=3 ram=5.7/16.0GB (36%) swap=0.7/2.9GB (24%) cpu=54% browser_rss=0.59GB
[11:08]   [ComfyUI] [worker:ComfyUI-GeometryPack] INFO: Output: 32264 vertices, 64524 faces
[11:08]   [ComfyUI] [SubprocessWorker] got response: ok
[11:08]   [ComfyUI] [comfy-env] GeomPackRemesh_PyMeshLab done (10.49s): result: NodeOutput
[11:08]   [ComfyUI] [comfy-env] Running GeomPackMeshToMeshDistance: metric: 'hausdorff', sample_count: 10000, symmetric: 'true', mesh_a: Trimesh, mesh_b: Trimesh
[11:08]   [ComfyUI] [SubprocessWorker] call_method: nodes.distance.mesh_to_mesh_distance.MeshDistanceNode.EXECUTE_NORMALIZED
[11:08]   [ComfyUI] [SubprocessWorker] acquired lock, ensuring started...
[11:08]   [ComfyUI] [ComfyUI-GeometryPack] Health check: ping (timeout=5.0s)...
[11:08]   [ComfyUI] [ComfyUI-GeometryPack] Health check: ok
[11:08]   [ComfyUI] [SubprocessWorker] worker started/confirmed
[11:08]   [ComfyUI] [SubprocessWorker] serializing kwargs to shm...
[11:08]   [ComfyUI] [SubprocessWorker] created 2 shm blocks
[11:08]   [ComfyUI] [SubprocessWorker] sending request via socket...
[11:08]   [ComfyUI] [SubprocessWorker] call_id=75 sending call_method
[11:08]   Node executed (3 total), capturing...
[11:09]   Frame 6 saved (frame_005.jpg, t=23.9s)
[11:09]   [capture-node] freeze=3ms shot=109ms unfreeze=6ms saved=True
[11:09]   [ComfyUI] [worker:ComfyUI-GeometryPack] INFO: Metric: hausdorff, Samples: 10000
[11:09]   [ComfyUI] [worker:ComfyUI-GeometryPack] INFO: Mesh A: 56203 vertices, 112402 faces
[11:09]   [ComfyUI] [worker:ComfyUI-GeometryPack] INFO: Mesh B: 32264 vertices, 64524 faces
[11:09]   [ComfyUI] [worker:ComfyUI-GeometryPack] INFO: Result: 2.858216
[11:09]   [ComfyUI] [SubprocessWorker] got response: ok
[11:09]   [ComfyUI] [comfy-env] GeomPackMeshToMeshDistance done (0.70s): result: NodeOutput
[11:09]   [ComfyUI] Prompt executed in 24.24 seconds
[11:09]   Node executed (4 total), capturing...
[11:09]   Frame 7 saved (frame_006.jpg, t=24.6s)
[11:09]   [capture-node] freeze=4ms shot=111ms unfreeze=0ms saved=True
[11:09]   Execution complete (t=24.6s)
[11:09]   Captured 7 unique frames over 24.81s
[11:09]   [debug] iframes: 0
[11:09]   [timing] trigger_3d_previews: 0.0s
[11:12]   Saved high-quality screenshot: mesh_mesh_distance_executed.png
[11:12]   [timing] final_screenshot: 0.2s
[11:12] Capturing execution frames: normals.json
[11:19]   Frame 1 saved (frame_000.jpg, t=0.0s)
[11:19]   Validating workflow...
[11:19]   [ComfyUI] === /validate endpoint called ===
[11:19]   [ComfyUI] Received JSON with keys: ['prompt']
[11:19]   [ComfyUI] Prompt has 4 nodes
[11:19]   [ComfyUI]   Node 1: GeomPackLoadMesh
[11:19]   [ComfyUI]     Inputs: {"file_path": "3d/Stanford_Bunny.stl"}
[11:19]   [ComfyUI]   Node 2: GeomPackCheckNormals
[11:19]   Queuing workflow for execution...
[11:19]   [ComfyUI]     Inputs: {"report_panel": "false", "trimesh": ["1", 0]}
[11:19]   [ComfyUI]   Node 3: GeomPackComputeNormals
[11:19]   [ComfyUI]     Inputs: {"smooth_vertex_normals": "true", "trimesh": ["1", 0]}
[11:19]   [ComfyUI]   Node 7: GeomPackPreviewMeshVTK
[11:19]   [ComfyUI]     Inputs: {"mode": "fields", "preview_vtk": "{\"show_edges\":false,\"camera_state\":\"\",\"selected_field\":\"\",\"selected_channel\":\"magnitude\",\"selected_colormap\":\"erdc_rainbow_bright\"}", "trimesh": ["
[11:19]   [ComfyUI] Generated prompt_id: 60b7a3fd-fd16-41ce-beb0-5276c88b2c44
[11:19]   [ComfyUI] Calling execution.validate_prompt()...
[11:19]   [ComfyUI] Validation result: valid=True
[11:19]   [ComfyUI] === Validation PASSED ===
[11:19]   [ComfyUI] got prompt
[11:19]   [ComfyUI] [comfy-env] Running GeomPackLoadMesh: file_path: '3d/Stanford_Bunny.stl'
[11:19]   [ComfyUI] [SubprocessWorker] call_method: nodes.io.load_mesh.LoadMesh.EXECUTE_NORMALIZED
[11:19]   [ComfyUI] [SubprocessWorker] acquired lock, ensuring started...
[11:19]   [ComfyUI] [ComfyUI-GeometryPack] Health check: ping (timeout=5.0s)...
[11:19]   [ComfyUI] [ComfyUI-GeometryPack] Health check: ok
[11:19]   [ComfyUI] [SubprocessWorker] worker started/confirmed
[11:19]   [ComfyUI] [SubprocessWorker] serializing kwargs to shm...
[11:19]   [ComfyUI] [SubprocessWorker] created 0 shm blocks
[11:19]   [ComfyUI] [SubprocessWorker] sending request via socket...
[11:19]   [ComfyUI] [SubprocessWorker] call_id=76 sending call_method
[11:19]   [ComfyUI] [worker:ComfyUI-GeometryPack] INFO: Found mesh in input folder: 3d/Stanford_Bunny.stl
[11:19]   [ComfyUI] [worker:ComfyUI-GeometryPack] INFO: Loading: D:\a\comfy-gpu-ci\comfy-gpu-ci\test_workspaces\GeometryPack-2137\portable-comfyui\ComfyUI_windows_portable\ComfyUI\input\3d/Stanford_Bunny.stl
[11:19]   [ComfyUI] [worker:ComfyUI-GeometryPack] INFO: Initial mesh: 56203 vertices, 112402 faces
[11:19]   [ComfyUI] [worker:ComfyUI-GeometryPack] INFO: Successfully loaded: 56203 vertices, 112402 faces
[11:19]   [ComfyUI] [worker:ComfyUI-GeometryPack] INFO: Loaded: 56203 vertices, 112402 faces
[11:19]   [ComfyUI] [SubprocessWorker] got response: ok
[11:19]   [ComfyUI] [comfy-env] GeomPackLoadMesh done (0.74s): result: NodeOutput
[11:19]   [ComfyUI] [comfy-env] Running GeomPackCheckNormals: trimesh: Trimesh
[11:19]   [ComfyUI] [SubprocessWorker] call_method: nodes.repair.check_normals.CheckNormalsNode.EXECUTE_NORMALIZED
[11:19]   [ComfyUI] [SubprocessWorker] acquired lock, ensuring started...
[11:19]   [ComfyUI] [ComfyUI-GeometryPack] Health check: ping (timeout=5.0s)...
[11:19]   [ComfyUI] [ComfyUI-GeometryPack] Health check: ok
[11:19]   [ComfyUI] [SubprocessWorker] worker started/confirmed
[11:19]   [ComfyUI] [SubprocessWorker] serializing kwargs to shm...
[11:20]   [ComfyUI] [SubprocessWorker] created 1 shm blocks
[11:20]   [ComfyUI] [SubprocessWorker] sending request via socket...
[11:20]   [ComfyUI] [SubprocessWorker] call_id=77 sending call_method
[11:20]   [ComfyUI] [worker:ComfyUI-GeometryPack] INFO: Analyzing mesh with 56203 vertices, 112402 faces
[11:20]   [ComfyUI] [worker:ComfyUI-GeometryPack] INFO: Winding: True, Watertight: True, Degenerate: 1
[11:20]   [ComfyUI] [SubprocessWorker] got response: ok
[11:20]   [ComfyUI] [comfy-env] GeomPackCheckNormals done (0.61s): result: NodeOutput
[11:20]   [ComfyUI] [comfy-env] Running GeomPackComputeNormals: smooth_vertex_normals: 'true', trimesh: Trimesh
[11:20]   [ComfyUI] [SubprocessWorker] call_method: nodes.repair.compute_normals.ComputeNormalsNode.EXECUTE_NORMALIZED
[11:20]   [ComfyUI] [SubprocessWorker] acquired lock, ensuring started...
[11:20]   [ComfyUI] [ComfyUI-GeometryPack] Health check: ping (timeout=5.0s)...
[11:20]   [ComfyUI] [ComfyUI-GeometryPack] Health check: ok
[11:20]   [ComfyUI] [SubprocessWorker] worker started/confirmed
[11:20]   [ComfyUI] [SubprocessWorker] serializing kwargs to shm...
[11:20]   [ComfyUI] [SubprocessWorker] created 1 shm blocks
[11:20]   [ComfyUI] [SubprocessWorker] sending request via socket...
[11:20]   [ComfyUI] [SubprocessWorker] call_id=78 sending call_method
[11:20]   Node executed (1 total), capturing...
[11:20]   Frame 2 saved (frame_001.jpg, t=1.8s)
[11:20]   [capture-node] freeze=3ms shot=79ms unfreeze=2ms saved=True
[11:21]   [ComfyUI] [worker:ComfyUI-GeometryPack] INFO: Processing mesh with 56203 vertices, 112402 faces
[11:21]   [ComfyUI] [worker:ComfyUI-GeometryPack] INFO: Computed smooth vertex normals
[11:21]   [ComfyUI] [SubprocessWorker] got response: ok
[11:21]   [ComfyUI] [comfy-env] GeomPackComputeNormals done (0.71s): result: NodeOutput
[11:21]   [ComfyUI] [comfy-env] Running GeomPackPreviewMeshVTK: mode: 'fields', trimesh: Trimesh
[11:21]   [ComfyUI] [SubprocessWorker] call_method: nodes.visualization.preview_mesh_vtk.PreviewMeshVTKNode.EXECUTE_NORMALIZED
[11:21]   [ComfyUI] [SubprocessWorker] acquired lock, ensuring started...
[11:21]   [ComfyUI] [ComfyUI-GeometryPack] Health check: ping (timeout=5.0s)...
[11:21]   [ComfyUI] [ComfyUI-GeometryPack] Health check: ok
[11:21]   [ComfyUI] [SubprocessWorker] worker started/confirmed
[11:21]   [ComfyUI] [SubprocessWorker] serializing kwargs to shm...
[11:21]   [ComfyUI] [SubprocessWorker] created 1 shm blocks
[11:21]   [ComfyUI] [SubprocessWorker] sending request via socket...
[11:21]   [ComfyUI] [SubprocessWorker] call_id=79 sending call_method
[11:21]   [ComfyUI] [worker:ComfyUI-GeometryPack] INFO: Preparing preview: Mesh - 56203 vertices, 112402 faces
[11:21]   [ComfyUI] [worker:ComfyUI-GeometryPack] INFO: Mode: fields
[11:21]   [ComfyUI] [worker:ComfyUI-GeometryPack] INFO: Visual data - has_visual: True, kind: None, texture: False, vertex_colors: False
[11:21]   [ComfyUI] [worker:ComfyUI-GeometryPack] INFO: Using fields mode - VTP export
[11:21]   [ComfyUI] [worker:ComfyUI-GeometryPack] INFO: Exporting mesh to VTP: D:\a\comfy-gpu-ci\comfy-gpu-ci\test_workspaces\GeometryPack-2137\portable-comfyui\ComfyUI_windows_portable\ComfyUI\output\preview_vtk_166d2f06.vtp
[11:21]   [ComfyUI] [worker:ComfyUI-GeometryPack] INFO: Adding normals field (56203 vertices)
[11:21]   [ComfyUI] [worker:ComfyUI-GeometryPack] INFO: Adding scalar field: normal_x (components: 1)
[11:22]   [ComfyUI] [worker:ComfyUI-GeometryPack] INFO: Adding scalar field: normal_y (components: 1)
[11:22]   [ComfyUI] [worker:ComfyUI-GeometryPack] INFO: Adding scalar field: normal_z (components: 1)
[11:22]   [ComfyUI] [worker:ComfyUI-GeometryPack] INFO: Adding scalar field: normal_magnitude (components: 1)
[11:22]   [ComfyUI] [worker:ComfyUI-GeometryPack] INFO: Adding face field: stl
[11:22]   [ComfyUI] [worker:ComfyUI-GeometryPack] INFO: Export complete: 56203 vertices, 112402 faces
[11:22]   [ComfyUI] [worker:ComfyUI-GeometryPack] INFO: Exported VTP to: D:\a\comfy-gpu-ci\comfy-gpu-ci\test_workspaces\GeometryPack-2137\portable-comfyui\ComfyUI_windows_portable\ComfyUI\output\preview_vtk_166d2f06.vtp
[11:22]   [ComfyUI] [worker:ComfyUI-GeometryPack] INFO: Vertex attributes: ['normal_x', 'normal_y', 'normal_z', 'normal_magnitude']
[11:22]   [ComfyUI] [worker:ComfyUI-GeometryPack] INFO: Face attributes: ['stl']
[11:22]   [ComfyUI] [worker:ComfyUI-GeometryPack] INFO: Fields mode info: watertight=True, volume=279628.2991519195, area=29684.951065464225, fields=['normal_x', 'normal_y', 'normal_z', 'normal_magnitude', 'face.stl']
[11:23]   [ComfyUI] [SubprocessWorker] got response: ok
[11:23]   Frame 3 saved (frame_002.jpg, t=3.9s)
[11:23]   [ComfyUI] [comfy-env] GeomPackPreviewMeshVTK done (1.77s): result: NodeOutput
[11:23]   [capture-periodic] freeze=2ms shot=82ms unfreeze=2ms saved=True
[11:23]   [ComfyUI] Prompt executed in 3.84 seconds
[11:23]   Node executed (2 total), capturing...
[11:23]   Frame 4 saved (frame_003.jpg, t=4.2s)
[11:23]   [capture-node] freeze=3ms shot=98ms unfreeze=0ms saved=True
[11:23]   Execution complete (t=4.2s)
[11:23]   Captured 4 unique frames over 4.38s
[11:23]   [debug] iframes: 1
[11:23]   [debug]   iframe[0]: src=http://127.0.0.1:41896/extensions/ComfyUI-GeometryPack/viewer_vtk.html?v=1778449, canvas=0x0, rafFrozen=False
[11:23]   [timing] trigger_3d_previews: 0.0s
[11:25]   Saved high-quality screenshot: normals_executed.png
[11:25]   [timing] final_screenshot: 0.2s
[11:25] Capturing execution frames: point_mesh_distance.json
[11:32]   Frame 1 saved (frame_000.jpg, t=0.0s)
[11:32]   Validating workflow...
[11:32]   [ComfyUI] === /validate endpoint called ===
[11:32]   [ComfyUI] Received JSON with keys: ['prompt']
[11:32]   [ComfyUI] Prompt has 6 nodes
[11:32]   [ComfyUI]   Node 1: GeomPackCreatePrimitive
[11:32]   [ComfyUI]     Inputs: {"shape": "cube", "size": 2, "subdivisions": 1}
[11:32]   [ComfyUI]   Node 2: GeomPackCreatePrimitive
[11:32]   [ComfyUI]     Inputs: {"shape": "sphere", "size": 2.5, "subdivisions": 2}
[11:32]   [ComfyUI]   Node 4: GeomPackMeshToPointCloud
[11:32]   Queuing workflow for execution...
[11:32]   [ComfyUI]     Inputs: {"mode": "surface_sampling", "sample_count": 10000, "sampling_method": "uniform", "include_normals": "true", "trimesh": ["1", 0]}
[11:32]   [ComfyUI]   Node 5: GeomPackPointToMeshDistance
[11:32]   [ComfyUI]     Inputs: {"distance_type": "unsigned", "sign_method": "default", "report_panel": "false", "target_mesh": ["2", 0], "pointcloud": ["4", 0]}
[11:32]   [ComfyUI]   Node 7: GeomPackCombineMeshes
[11:32]   [ComfyUI]     Inputs: {"report_panel": "false", "mesh_a": ["1", 0], "mesh_b": ["2", 0]}
[11:32]   [ComfyUI]   Node 8: GeomPackPreviewMeshDual
[11:32]   [ComfyUI]     Inputs: {"layout": "side_by_side", "mode": "fields", "opacity_1": 1, "opacity_2": 1, "preview_dual": "{\"show_edges\":false,\"camera_state\":\"\",\"selected_field\":\"\",\"selected_channel\":\"magnitude\",\"s
[11:32]   [ComfyUI] Generated prompt_id: aa375f5b-55d3-4eb9-93f1-fdcd8fafa757
[11:32]   [ComfyUI] Calling execution.validate_prompt()...
[11:32]   [ComfyUI] Validation result: valid=True
[11:32]   [ComfyUI] === Validation PASSED ===
[11:32]   [ComfyUI] got prompt
[11:32]   [ComfyUI] [comfy-env] Running GeomPackCreatePrimitive: shape: 'sphere', size: 2.5, subdivisions: 2
[11:32]   [ComfyUI] [SubprocessWorker] call_method: nodes.primitives.create_primitive.CreatePrimitive.EXECUTE_NORMALIZED
[11:32]   [ComfyUI] [SubprocessWorker] acquired lock, ensuring started...
[11:32]   [ComfyUI] [ComfyUI-GeometryPack] Health check: ping (timeout=5.0s)...
[11:32]   [ComfyUI] [ComfyUI-GeometryPack] Health check: ok
[11:32]   [ComfyUI] [SubprocessWorker] worker started/confirmed
[11:32]   [ComfyUI] [SubprocessWorker] serializing kwargs to shm...
[11:32]   [ComfyUI] [SubprocessWorker] created 0 shm blocks
[11:32]   [ComfyUI] [SubprocessWorker] sending request via socket...
[11:32]   [ComfyUI] [SubprocessWorker] call_id=80 sending call_method
[11:32]   [ComfyUI] [worker:ComfyUI-GeometryPack] INFO: Created sphere: 162 vertices, 320 faces
[11:32]   [ComfyUI] [SubprocessWorker] got response: ok
[11:32]   [ComfyUI] [comfy-env] GeomPackCreatePrimitive done (0.09s): result: NodeOutput
[11:32]   [ComfyUI] [comfy-env] Running GeomPackCreatePrimitive: shape: 'cube', size: 2.0, subdivisions: 1
[11:32]   [ComfyUI] [SubprocessWorker] call_method: nodes.primitives.create_primitive.CreatePrimitive.EXECUTE_NORMALIZED
[11:32]   [ComfyUI] [SubprocessWorker] acquired lock, ensuring started...
[11:32]   [ComfyUI] [ComfyUI-GeometryPack] Health check: ping (timeout=5.0s)...
[11:32]   [ComfyUI] [ComfyUI-GeometryPack] Health check: ok
[11:32]   [ComfyUI] [SubprocessWorker] worker started/confirmed
[11:32]   [ComfyUI] [SubprocessWorker] serializing kwargs to shm...
[11:32]   [ComfyUI] [SubprocessWorker] created 0 shm blocks
[11:32]   [ComfyUI] [SubprocessWorker] sending request via socket...
[11:32]   [ComfyUI] [SubprocessWorker] call_id=81 sending call_method
[11:32]   [ComfyUI] [worker:ComfyUI-GeometryPack] INFO: Created cube: 8 vertices, 12 faces
[11:32]   [ComfyUI] [SubprocessWorker] got response: ok
[11:32]   [ComfyUI] [comfy-env] GeomPackCreatePrimitive done (0.10s): result: NodeOutput
[11:32]   [ComfyUI] [comfy-env] Running GeomPackCombineMeshes: mesh_a: Trimesh, mesh_b: Trimesh
[11:32]   [ComfyUI] [SubprocessWorker] call_method: nodes.combine.combine_meshes.CombineMeshesNode.EXECUTE_NORMALIZED
[11:32]   [ComfyUI] [SubprocessWorker] acquired lock, ensuring started...
[11:32]   [ComfyUI] [ComfyUI-GeometryPack] Health check: ping (timeout=5.0s)...
[11:32]   [ComfyUI] [ComfyUI-GeometryPack] Health check: ok
[11:32]   [ComfyUI] [SubprocessWorker] worker started/confirmed
[11:32]   [ComfyUI] [SubprocessWorker] serializing kwargs to shm...
[11:32]   [ComfyUI] [SubprocessWorker] created 2 shm blocks
[11:32]   [ComfyUI] [SubprocessWorker] sending request via socket...
[11:32]   [ComfyUI] [SubprocessWorker] call_id=82 sending call_method
[11:32]   [ComfyUI] [worker:ComfyUI-GeometryPack] INFO: Combining 2 meshes
[11:32]   [ComfyUI] [worker:ComfyUI-GeometryPack] INFO: Mesh 1: 8 vertices, 12 faces
[11:32]   [ComfyUI] [worker:ComfyUI-GeometryPack] INFO: Mesh 2: 162 vertices, 320 faces
[11:32]   [ComfyUI] [worker:ComfyUI-GeometryPack] INFO: Result: 170 vertices, 332 faces
[11:32]   [ComfyUI] [SubprocessWorker] got response: ok
[11:32]   [ComfyUI] [comfy-env] GeomPackCombineMeshes done (0.12s): result: NodeOutput
[11:32]   [ComfyUI] [comfy-env] Running GeomPackMeshToPointCloud: mode: 'surface_sampling', sample_count: 10000, sampling_method: 'uniform', include_normals: 'true', trimesh: Trimesh
[11:32]   [ComfyUI] [SubprocessWorker] call_method: nodes.conversion.mesh_to_pointcloud.MeshToPointCloudNode.EXECUTE_NORMALIZED
[11:32]   [ComfyUI] [SubprocessWorker] acquired lock, ensuring started...
[11:32]   [ComfyUI] [ComfyUI-GeometryPack] Health check: ping (timeout=5.0s)...
[11:32]   [ComfyUI] [ComfyUI-GeometryPack] Health check: ok
[11:32]   [ComfyUI] [SubprocessWorker] worker started/confirmed
[11:32]   [ComfyUI] [SubprocessWorker] serializing kwargs to shm...
[11:32]   [ComfyUI] [SubprocessWorker] created 1 shm blocks
[11:32]   [ComfyUI] [SubprocessWorker] sending request via socket...
[11:32]   [ComfyUI] [SubprocessWorker] call_id=83 sending call_method
[11:32]   Node executed (1 total), capturing...
[11:32]   [ComfyUI] [worker:ComfyUI-GeometryPack] INFO: Sampling 10,000 points using uniform method
[11:32]   [ComfyUI] [worker:ComfyUI-GeometryPack] INFO: Generated point cloud with 10,000 points
[11:32]   [ComfyUI] [SubprocessWorker] got response: ok
[11:32]   [ComfyUI] [comfy-env] GeomPackMeshToPointCloud done (0.12s): result: NodeOutput
[11:32]   [ComfyUI] [comfy-env] Running GeomPackPointToMeshDistance: distance_type: 'unsigned', sign_method: 'default', target_mesh: Trimesh, pointcloud: Trimesh
[11:32]   [ComfyUI] [SubprocessWorker] call_method: nodes.distance.point_to_mesh_distance.PointToMeshDistanceNode.EXECUTE_NORMALIZED
[11:32]   [ComfyUI] [SubprocessWorker] acquired lock, ensuring started...
[11:32]   [ComfyUI] [ComfyUI-GeometryPack] Health check: ping (timeout=5.0s)...
[11:32]   [ComfyUI] [ComfyUI-GeometryPack] Health check: ok
[11:32]   [ComfyUI] [SubprocessWorker] worker started/confirmed
[11:32]   [ComfyUI] [SubprocessWorker] serializing kwargs to shm...
[11:32]   [ComfyUI] [SubprocessWorker] created 2 shm blocks
[11:32]   [ComfyUI] [SubprocessWorker] sending request via socket...
[11:32]   [ComfyUI] [SubprocessWorker] call_id=84 sending call_method
[11:32]   [ComfyUI] [worker:ComfyUI-GeometryPack] INFO: Computing unsigned distances for 10,000 points
[11:32]   [ComfyUI] [worker:ComfyUI-GeometryPack] INFO: Input: Point Cloud
[11:32]   [ComfyUI] [worker:ComfyUI-GeometryPack] INFO: Target Mesh: 162 vertices, 320 faces
[11:32]   [ComfyUI] [worker:ComfyUI-GeometryPack] INFO: Using trimesh.proximity.closest_point (unsigned)
[11:32]   Frame 2 saved (frame_001.jpg, t=0.6s)
[11:32]   [capture-node] freeze=4ms shot=111ms unfreeze=6ms saved=True
[11:33]   [ComfyUI] [worker:ComfyUI-GeometryPack] INFO: Min: 0.000038, Max: 0.498753, Mean: 0.137644
[11:33]   [ComfyUI] [worker:ComfyUI-GeometryPack] INFO: Distance field added to vertex_attributes['distance']
[11:33]   [ComfyUI] [SubprocessWorker] got response: ok
[11:33]   [ComfyUI] [comfy-env] GeomPackPointToMeshDistance done (0.71s): result: NodeOutput
[11:33]   [ComfyUI] [comfy-env] Running GeomPackPreviewMeshDual: layout: 'side_by_side', mode: 'fields', opacity_1: 1.0, opacity_2: 1.0, mesh_1: Trimesh, mesh_2: Trimesh
[11:33]   [ComfyUI] [SubprocessWorker] call_method: nodes.visualization.preview_mesh_dual.PreviewMeshDualNode.EXECUTE_NORMALIZED
[11:33]   [ComfyUI] [SubprocessWorker] acquired lock, ensuring started...
[11:33]   [ComfyUI] [ComfyUI-GeometryPack] Health check: ping (timeout=5.0s)...
[11:33]   [ComfyUI] [ComfyUI-GeometryPack] Health check: ok
[11:33]   [ComfyUI] [SubprocessWorker] worker started/confirmed
[11:33]   [ComfyUI] [SubprocessWorker] serializing kwargs to shm...
[11:33]   [ComfyUI] [SubprocessWorker] created 2 shm blocks
[11:33]   [ComfyUI] [SubprocessWorker] sending request via socket...
[11:33]   [ComfyUI] [SubprocessWorker] call_id=85 sending call_method
[11:33]   Node executed (2 total), capturing...
[11:33]   [ComfyUI] [worker:ComfyUI-GeometryPack] INFO: Layout: side_by_side, Mode: fields
[11:33]   [ComfyUI] [worker:ComfyUI-GeometryPack] INFO: Mesh 1: Mesh - 170 vertices, 332 faces
[11:33]   [ComfyUI] [worker:ComfyUI-GeometryPack] INFO: Mesh 2: Point Cloud - 10000 vertices, 0 faces
[11:33]   [ComfyUI] [worker:ComfyUI-GeometryPack] INFO: Mesh 1 fields: []
[11:33]   [ComfyUI] [worker:ComfyUI-GeometryPack] INFO: Mesh 2 fields: ['distance']
[11:33]   [ComfyUI] [worker:ComfyUI-GeometryPack] INFO: Common fields: []
[11:33]   [ComfyUI] [worker:ComfyUI-GeometryPack] INFO: Mesh 1 visual: kind=None, texture=False, vertex_colors=False
[11:33]   [ComfyUI] [worker:ComfyUI-GeometryPack] INFO: Mesh 2 visual: kind=None, texture=False, vertex_colors=False
[11:33]   [ComfyUI] [worker:ComfyUI-GeometryPack] INFO: Exported STL: D:\a\comfy-gpu-ci\comfy-gpu-ci\test_workspaces\GeometryPack-2137\portable-comfyui\ComfyUI_windows_portable\ComfyUI\output\preview_dual_1_7d80af94.stl
[11:33]   [ComfyUI] [worker:ComfyUI-GeometryPack] INFO: Exporting point cloud to VTP: D:\a\comfy-gpu-ci\comfy-gpu-ci\test_workspaces\GeometryPack-2137\portable-comfyui\ComfyUI_windows_portable\ComfyUI\output\preview_dual_2_7d80af94.vtp
[11:33]   [ComfyUI] [worker:ComfyUI-GeometryPack] INFO: Adding scalar field: distance (components: 1)
[11:33]   [ComfyUI] [worker:ComfyUI-GeometryPack] INFO: Export complete: 10000 points
[11:33]   [ComfyUI] [worker:ComfyUI-GeometryPack] INFO: Exported VTP with fields: D:\a\comfy-gpu-ci\comfy-gpu-ci\test_workspaces\GeometryPack-2137\portable-comfyui\ComfyUI_windows_portable\ComfyUI\output\preview_dual_2_7d80af94.vtp
[11:33]   [ComfyUI] [worker:ComfyUI-GeometryPack] INFO: Preview ready
[11:33]   [ComfyUI] [SubprocessWorker] got response: ok
[11:33]   [ComfyUI] [comfy-env] GeomPackPreviewMeshDual done (0.24s): result: NodeOutput
[11:33]   [ComfyUI] Prompt executed in 1.39 seconds
[11:33]   Frame 3 saved (frame_002.jpg, t=1.5s)
[11:33]   [capture-node] freeze=3ms shot=128ms unfreeze=16ms saved=True
[11:33]   Node executed (3 total), capturing...
[11:34]   Frame 4 saved (frame_003.jpg, t=2.0s)
[11:34]   [capture-node] freeze=4ms shot=124ms unfreeze=0ms saved=True
[11:34]   Execution complete (t=2.0s)
[11:34]   Captured 4 unique frames over 2.17s
[11:34]   [debug] iframes: 1
[11:34]   [debug]   iframe[0]: src=http://127.0.0.1:41896/extensions/ComfyUI-GeometryPack/viewer_dual.html?v=177844, canvas=370x485, rafFrozen=True
[11:34]   [timing] trigger_3d_previews: 0.0s
[11:36]   Saved high-quality screenshot: point_mesh_distance_executed.png
[11:36]   [timing] final_screenshot: 0.2s
[11:36] Capturing execution frames: preview_mesh_threejs.json
[11:42]   Frame 1 saved (frame_000.jpg, t=0.0s)
[11:42]   Validating workflow...
[11:42]   [ComfyUI] === /validate endpoint called ===
[11:42]   [ComfyUI] Received JSON with keys: ['prompt']
[11:42]   [ComfyUI] Prompt has 2 nodes
[11:42]   [ComfyUI]   Node 1: GeomPackLoadMesh
[11:42]   [ComfyUI]     Inputs: {"file_path": "3d/Stanford_Bunny.stl"}
[11:42]   [ComfyUI]   Node 3: GeomPackPreviewMesh
[11:42]   Queuing workflow for execution...
[11:42]   [ComfyUI]     Inputs: {"preview": "", "trimesh": ["1", 0]}
[11:42]   [ComfyUI] Generated prompt_id: a0743817-8471-49ea-8b84-97b960b1e230
[11:42]   [ComfyUI] Calling execution.validate_prompt()...
[11:42]   [ComfyUI] Validation result: valid=True
[11:42]   [ComfyUI] === Validation PASSED ===
[11:42]   [ComfyUI] got prompt
[11:42]   [ComfyUI] [comfy-env] Running GeomPackLoadMesh: file_path: '3d/Stanford_Bunny.stl'
[11:42]   [ComfyUI] [SubprocessWorker] call_method: nodes.io.load_mesh.LoadMesh.EXECUTE_NORMALIZED
[11:42]   [ComfyUI] [SubprocessWorker] acquired lock, ensuring started...
[11:42]   [ComfyUI] [ComfyUI-GeometryPack] Health check: ping (timeout=5.0s)...
[11:42]   [ComfyUI] [ComfyUI-GeometryPack] Health check: ok
[11:42]   [ComfyUI] [SubprocessWorker] worker started/confirmed
[11:42]   [ComfyUI] [SubprocessWorker] serializing kwargs to shm...
[11:42]   [ComfyUI] [SubprocessWorker] created 0 shm blocks
[11:42]   [ComfyUI] [SubprocessWorker] sending request via socket...
[11:42]   [ComfyUI] [SubprocessWorker] call_id=86 sending call_method
[11:42]   [ComfyUI] [worker:ComfyUI-GeometryPack] INFO: Found mesh in input folder: 3d/Stanford_Bunny.stl
[11:42]   [ComfyUI] [worker:ComfyUI-GeometryPack] INFO: Loading: D:\a\comfy-gpu-ci\comfy-gpu-ci\test_workspaces\GeometryPack-2137\portable-comfyui\ComfyUI_windows_portable\ComfyUI\input\3d/Stanford_Bunny.stl
[11:43]   [ComfyUI] [worker:ComfyUI-GeometryPack] INFO: Initial mesh: 56203 vertices, 112402 faces
[11:43]   [ComfyUI] [worker:ComfyUI-GeometryPack] INFO: Successfully loaded: 56203 vertices, 112402 faces
[11:43]   [ComfyUI] [worker:ComfyUI-GeometryPack] INFO: Loaded: 56203 vertices, 112402 faces
[11:43]   [ComfyUI] [SubprocessWorker] got response: ok
[11:43]   [ComfyUI] [comfy-env] GeomPackLoadMesh done (0.78s): result: NodeOutput
[11:43]   [ComfyUI] [comfy-env] Running GeomPackPreviewMesh: trimesh: Trimesh
[11:43]   [ComfyUI] [SubprocessWorker] call_method: nodes.visualization.preview_mesh.PreviewMeshNode.EXECUTE_NORMALIZED
[11:43]   [ComfyUI] [SubprocessWorker] acquired lock, ensuring started...
[11:43]   [ComfyUI] [ComfyUI-GeometryPack] Health check: ping (timeout=5.0s)...
[11:43]   [ComfyUI] [ComfyUI-GeometryPack] Health check: ok
[11:43]   [ComfyUI] [SubprocessWorker] worker started/confirmed
[11:43]   [ComfyUI] [SubprocessWorker] serializing kwargs to shm...
[11:43]   [ComfyUI] [SubprocessWorker] created 1 shm blocks
[11:43]   [ComfyUI] [SubprocessWorker] sending request via socket...
[11:43]   [ComfyUI] [SubprocessWorker] call_id=87 sending call_method
[11:43]   [ComfyUI] [worker:ComfyUI-GeometryPack] INFO: Preparing preview: Mesh - 56203 vertices, 112402 faces
[11:43]   [ComfyUI] [worker:ComfyUI-GeometryPack] INFO: Exported to: D:\a\comfy-gpu-ci\comfy-gpu-ci\test_workspaces\GeometryPack-2137\portable-comfyui\ComfyUI_windows_portable\ComfyUI\output\preview_5aaa8923.glb
[11:43]   [ComfyUI] [SubprocessWorker] got response: ok
[11:43]   [ComfyUI] [comfy-env] GeomPackPreviewMesh done (0.43s): result: NodeOutput
[11:43]   [ComfyUI] Prompt executed in 1.22 seconds
[11:43]   Node executed (1 total), capturing...
[11:44]   Frame 2 saved (frame_001.jpg, t=1.6s)
[11:44]   [capture-node] freeze=25ms shot=210ms unfreeze=0ms saved=True
[11:44]   Execution complete (t=1.6s)
[11:44]   Captured 2 unique frames over 1.85s
[11:44]   [debug] iframes: 1
[11:44]   [debug]   iframe[0]: src=http://127.0.0.1:41896/extensions/ComfyUI-GeometryPack/viewer.html?v=17784497354, canvas=486x486, rafFrozen=True
[11:44]   [timing] trigger_3d_previews: 0.0s
[11:46]   Saved high-quality screenshot: preview_mesh_threejs_executed.png
[11:46]   [timing] final_screenshot: 0.2s
[11:46] Capturing execution frames: reconstruct_all.json
[11:52]   Frame 1 saved (frame_000.jpg, t=0.0s)
[11:52]   Validating workflow...
[11:52]   [ComfyUI] === /validate endpoint called ===
[11:52]   [ComfyUI] Received JSON with keys: ['prompt']
[11:52]   [ComfyUI] Prompt has 8 nodes
[11:52]   [ComfyUI]   Node 1: GeomPackLoadMesh
[11:52]   [ComfyUI]     Inputs: {"file_path": "3d/Stanford_Bunny.stl"}
[11:52]   [ComfyUI]   Node 2: GeomPackMeshToPointCloud
[11:52]   [ComfyUI]     Inputs: {"mode": "surface_sampling", "sample_count": 10000, "sampling_method": "uniform", "include_normals": "true", "trimesh": ["1", 0]}
[11:52]   [ComfyUI]   Node 3: GeomPackReconstructSurface
[11:52]   Queuing workflow for execution...
[11:52]   [ComfyUI]     Inputs: {"backend": "poisson", "backend.poisson_depth": 8, "backend.poisson_scale": 1.1, "backend.estimate_normals": "true", "backend.normal_radius": 0.1, "report_panel": "false", "points": ["2", 0]}
[11:52]   [ComfyUI]   Node 4: GeomPackReconstructSurface
[11:52]   [ComfyUI]     Inputs: {"backend": "ball_pivoting", "backend.ball_radius": 3, "backend.estimate_normals": "true", "backend.normal_radius": 0.5, "report_panel": "false", "points": ["2", 0]}
[11:52]   [ComfyUI]   Node 5: GeomPackReconstructSurface
[11:52]   [ComfyUI]     Inputs: {"backend": "alpha_shape", "backend.alpha": 8, "report_panel": "false", "points": ["2", 0]}
[11:52]   [ComfyUI]   Node 6: GeomPackReconstructSurface
[11:52]   [ComfyUI]     Inputs: {"backend": "convex_hull", "report_panel": "false", "points": ["2", 0]}
[11:52]   [ComfyUI]   Node 10: GeomPackPreviewMeshMulti
[11:52]   [ComfyUI]     Inputs: {"mode": "fields", "preview_multi": "{\"show_edges\":true,\"camera_state\":\"{\\\"position\\\":[30.06530722689757,-256.0460141720188,95.11427347765263],\\\"focalPoint\\\":[30.322647094726562,1.8909549
[11:52]   [ComfyUI]   Node 14: GeomPackPreviewMeshVTK
[11:52]   [ComfyUI]     Inputs: {"mode": "fields", "preview_vtk": "{\"show_edges\":false,\"camera_state\":\"{\\\"position\\\":[30.06530722689757,-256.0460141720188,95.11427347765263],\\\"focalPoint\\\":[30.322647094726562,1.89095497
[11:52]   [ComfyUI] Generated prompt_id: 6b7aa11c-3c7d-4612-8555-9baf340e11ca
[11:52]   [ComfyUI] Calling execution.validate_prompt()...
[11:52]   [ComfyUI] Validation result: valid=True
[11:52]   [ComfyUI] === Validation PASSED ===
[11:52]   [ComfyUI] got prompt
[11:52]   [ComfyUI] [comfy-env] Running GeomPackLoadMesh: file_path: '3d/Stanford_Bunny.stl'
[11:52]   [ComfyUI] [SubprocessWorker] call_method: nodes.io.load_mesh.LoadMesh.EXECUTE_NORMALIZED
[11:52]   [ComfyUI] [SubprocessWorker] acquired lock, ensuring started...
[11:52]   [ComfyUI] [ComfyUI-GeometryPack] Health check: ping (timeout=5.0s)...
[11:52]   [ComfyUI] [ComfyUI-GeometryPack] Health check: ok
[11:52]   [ComfyUI] [SubprocessWorker] worker started/confirmed
[11:52]   [ComfyUI] [SubprocessWorker] serializing kwargs to shm...
[11:52]   [ComfyUI] [SubprocessWorker] created 0 shm blocks
[11:52]   [ComfyUI] [SubprocessWorker] sending request via socket...
[11:52]   [ComfyUI] [SubprocessWorker] call_id=88 sending call_method
[11:52]   [ComfyUI] [worker:ComfyUI-GeometryPack] INFO: Found mesh in input folder: 3d/Stanford_Bunny.stl
[11:53]   [ComfyUI] [worker:ComfyUI-GeometryPack] INFO: Loading: D:\a\comfy-gpu-ci\comfy-gpu-ci\test_workspaces\GeometryPack-2137\portable-comfyui\ComfyUI_windows_portable\ComfyUI\input\3d/Stanford_Bunny.stl
[11:53]   [ComfyUI] [worker:ComfyUI-GeometryPack] INFO: Initial mesh: 56203 vertices, 112402 faces
[11:53]   [ComfyUI] [worker:ComfyUI-GeometryPack] INFO: Successfully loaded: 56203 vertices, 112402 faces
[11:53]   [ComfyUI] [worker:ComfyUI-GeometryPack] INFO: Loaded: 56203 vertices, 112402 faces
[11:53]   [ComfyUI] [SubprocessWorker] got response: ok
[11:53]   [ComfyUI] [comfy-env] GeomPackLoadMesh done (0.39s): result: NodeOutput
[11:53]   [ComfyUI] [comfy-env] Running GeomPackMeshToPointCloud: mode: 'surface_sampling', sample_count: 10000, sampling_method: 'uniform', include_normals: 'true', trimesh: Trimesh
[11:53]   [ComfyUI] [SubprocessWorker] call_method: nodes.conversion.mesh_to_pointcloud.MeshToPointCloudNode.EXECUTE_NORMALIZED
[11:53]   [ComfyUI] [SubprocessWorker] acquired lock, ensuring started...
[11:53]   [ComfyUI] [ComfyUI-GeometryPack] Health check: ping (timeout=5.0s)...
[11:53]   [ComfyUI] [ComfyUI-GeometryPack] Health check: ok
[11:53]   [ComfyUI] [SubprocessWorker] worker started/confirmed
[11:53]   [ComfyUI] [SubprocessWorker] serializing kwargs to shm...
[11:53]   [ComfyUI] [SubprocessWorker] created 1 shm blocks
[11:53]   [ComfyUI] [SubprocessWorker] sending request via socket...
[11:53]   [ComfyUI] [SubprocessWorker] call_id=89 sending call_method
[11:53]   [ComfyUI] [worker:ComfyUI-GeometryPack] INFO: Sampling 10,000 points using uniform method
[11:53]   [ComfyUI] [worker:ComfyUI-GeometryPack] INFO: Generated point cloud with 10,000 points
[11:53]   [ComfyUI] [SubprocessWorker] got response: ok
[11:53]   [ComfyUI] [comfy-env] GeomPackMeshToPointCloud done (0.18s): result: NodeOutput
[11:53]   [ComfyUI] [comfy-env] Running GeomPackReconstructSurface: backend: dict, points: Trimesh
[11:53]   [ComfyUI] [SubprocessWorker] call_method: nodes.reconstruction.reconstruct_surface.ReconstructSurfaceNode.EXECUTE_NORMALIZED
[11:53]   [ComfyUI] [SubprocessWorker] acquired lock, ensuring started...
[11:53]   [ComfyUI] [ComfyUI-GeometryPack] Health check: ping (timeout=5.0s)...
[11:53]   [ComfyUI] [ComfyUI-GeometryPack] Health check: ok
[11:53]   [ComfyUI] [SubprocessWorker] worker started/confirmed
[11:53]   [ComfyUI] [SubprocessWorker] serializing kwargs to shm...
[11:53]   [ComfyUI] [SubprocessWorker] created 1 shm blocks
[11:53]   [ComfyUI] [SubprocessWorker] sending request via socket...
[11:53]   [ComfyUI] [SubprocessWorker] call_id=90 sending call_method
[11:53]   [ComfyUI] [worker:ComfyUI-GeometryPack] INFO: Reconstruct dispatch: convex_hull -> GeomPackReconstruct_ConvexHull
[11:53]   [ComfyUI] [SubprocessWorker] got response: ok
[11:53]   [ComfyUI] [comfy-env] GeomPackReconstructSurface done (0.09s): result: NodeOutput
[11:53]   [ComfyUI] [comfy-env] Running GeomPackReconstructSurface: backend: dict, points: Trimesh
[11:53]   [ComfyUI] [SubprocessWorker] call_method: nodes.reconstruction.reconstruct_surface.ReconstructSurfaceNode.EXECUTE_NORMALIZED
[11:53]   [ComfyUI] [SubprocessWorker] acquired lock, ensuring started...
[11:53]   [ComfyUI] [ComfyUI-GeometryPack] Health check: ping (timeout=5.0s)...
[11:53]   [ComfyUI] [ComfyUI-GeometryPack] Health check: ok
[11:53]   [ComfyUI] [SubprocessWorker] worker started/confirmed
[11:53]   [ComfyUI] [SubprocessWorker] serializing kwargs to shm...
[11:53]   [ComfyUI] [SubprocessWorker] created 1 shm blocks
[11:53]   [ComfyUI] [SubprocessWorker] sending request via socket...
[11:53]   [ComfyUI] [SubprocessWorker] call_id=91 sending call_method
[11:53]   [ComfyUI] [worker:ComfyUI-GeometryPack] INFO: Reconstruct dispatch: alpha_shape -> GeomPackReconstruct_AlphaShape
[11:53]   [ComfyUI] [SubprocessWorker] got response: ok
[11:53]   [ComfyUI] [comfy-env] GeomPackReconstructSurface done (0.10s): result: NodeOutput
[11:53]   [ComfyUI] [comfy-env] Running GeomPackReconstructSurface: backend: dict, points: Trimesh
[11:53]   [ComfyUI] [SubprocessWorker] call_method: nodes.reconstruction.reconstruct_surface.ReconstructSurfaceNode.EXECUTE_NORMALIZED
[11:53]   [ComfyUI] [SubprocessWorker] acquired lock, ensuring started...
[11:53]   [ComfyUI] [ComfyUI-GeometryPack] Health check: ping (timeout=5.0s)...
[11:53]   [ComfyUI] [ComfyUI-GeometryPack] Health check: ok
[11:53]   [ComfyUI] [SubprocessWorker] worker started/confirmed
[11:53]   [ComfyUI] [SubprocessWorker] serializing kwargs to shm...
[11:53]   [ComfyUI] [SubprocessWorker] created 1 shm blocks
[11:53]   [ComfyUI] [SubprocessWorker] sending request via socket...
[11:53]   [ComfyUI] [SubprocessWorker] call_id=92 sending call_method
[11:53]   [ComfyUI] [worker:ComfyUI-GeometryPack] INFO: Reconstruct dispatch: ball_pivoting -> GeomPackReconstruct_BallPivoting
[11:53]   [ComfyUI] [SubprocessWorker] got response: ok
[11:53]   [ComfyUI] [comfy-env] GeomPackReconstructSurface done (0.09s): result: NodeOutput
[11:53]   [ComfyUI] [comfy-env] Running GeomPackReconstructSurface: backend: dict, points: Trimesh
[11:53]   [ComfyUI] [SubprocessWorker] call_method: nodes.reconstruction.reconstruct_surface.ReconstructSurfaceNode.EXECUTE_NORMALIZED
[11:53]   [ComfyUI] [SubprocessWorker] acquired lock, ensuring started...
[11:53]   [ComfyUI] [ComfyUI-GeometryPack] Health check: ping (timeout=5.0s)...
[11:53]   [ComfyUI] [ComfyUI-GeometryPack] Health check: ok
[11:53]   [ComfyUI] [SubprocessWorker] worker started/confirmed
[11:53]   [ComfyUI] [SubprocessWorker] serializing kwargs to shm...
[11:53]   [ComfyUI] [SubprocessWorker] created 1 shm blocks
[11:53]   [ComfyUI] [SubprocessWorker] sending request via socket...
[11:53]   [ComfyUI] [SubprocessWorker] call_id=93 sending call_method
[11:53]   [ComfyUI] [worker:ComfyUI-GeometryPack] INFO: Reconstruct dispatch: poisson -> GeomPackReconstruct_Poisson
[11:53]   [ComfyUI] [SubprocessWorker] got response: ok
[11:53]   [ComfyUI] [comfy-env] GeomPackReconstructSurface done (0.09s): result: NodeOutput
[11:53]   [ComfyUI] [comfy-env] Running GeomPackPreviewMeshVTK: mode: 'fields', trimesh: Trimesh
[11:53]   [ComfyUI] [SubprocessWorker] call_method: nodes.visualization.preview_mesh_vtk.PreviewMeshVTKNode.EXECUTE_NORMALIZED
[11:53]   [ComfyUI] [SubprocessWorker] acquired lock, ensuring started...
[11:53]   [ComfyUI] [ComfyUI-GeometryPack] Health check: ping (timeout=5.0s)...
[11:53]   [ComfyUI] [ComfyUI-GeometryPack] Health check: ok
[11:53]   [ComfyUI] [SubprocessWorker] worker started/confirmed
[11:53]   [ComfyUI] [SubprocessWorker] serializing kwargs to shm...
[11:53]   [ComfyUI] [SubprocessWorker] created 1 shm blocks
[11:53]   [ComfyUI] [SubprocessWorker] sending request via socket...
[11:53]   [ComfyUI] [SubprocessWorker] call_id=94 sending call_method
[11:53]   [ComfyUI] [worker:ComfyUI-GeometryPack] INFO: Preparing preview: Point Cloud - 10000 vertices, 0 faces
[11:53]   [ComfyUI] [worker:ComfyUI-GeometryPack] INFO: Mode: fields
[11:53]   [ComfyUI] [worker:ComfyUI-GeometryPack] INFO: Visual data - has_visual: True, kind: None, texture: False, vertex_colors: False
[11:53]   [ComfyUI] [worker:ComfyUI-GeometryPack] INFO: Using fields mode - VTP export
[11:53]   [ComfyUI] [worker:ComfyUI-GeometryPack] INFO: Exporting point cloud to VTP: D:\a\comfy-gpu-ci\comfy-gpu-ci\test_workspaces\GeometryPack-2137\portable-comfyui\ComfyUI_windows_portable\ComfyUI\output\preview_vtk_86c90312.vtp
[11:54]   [ComfyUI] [worker:ComfyUI-GeometryPack] INFO: Export complete: 10000 points
[11:54]   [ComfyUI] [worker:ComfyUI-GeometryPack] INFO: Exported VTP to: D:\a\comfy-gpu-ci\comfy-gpu-ci\test_workspaces\GeometryPack-2137\portable-comfyui\ComfyUI_windows_portable\ComfyUI\output\preview_vtk_86c90312.vtp
[11:54]   [ComfyUI] [worker:ComfyUI-GeometryPack] INFO: Fields mode info: watertight=False, volume=None, area=None, no fields
[11:54]   [ComfyUI] [SubprocessWorker] got response: ok
[11:54]   [ComfyUI] [comfy-env] GeomPackPreviewMeshVTK done (0.15s): result: NodeOutput
[11:54]   [ComfyUI] [comfy-env] Running GeomPackReconstruct_ConvexHull: points: Trimesh
[11:54]   [ComfyUI] [SubprocessWorker] call_method: nodes.reconstruction.backends.convex_hull.ReconstructConvexHullNode.EXECUTE_NORMALIZED
[11:54]   [ComfyUI] [SubprocessWorker] acquired lock, ensuring started...
[11:54]   [ComfyUI] [ComfyUI-GeometryPack] Health check: ping (timeout=5.0s)...
[11:54]   [ComfyUI] [ComfyUI-GeometryPack] Health check: ok
[11:54]   [ComfyUI] [SubprocessWorker] worker started/confirmed
[11:54]   [ComfyUI] [SubprocessWorker] serializing kwargs to shm...
[11:54]   [ComfyUI] [SubprocessWorker] created 1 shm blocks
[11:54]   [ComfyUI] [SubprocessWorker] sending request via socket...
[11:54]   [ComfyUI] [SubprocessWorker] call_id=95 sending call_method
[11:54]   Node executed (1 total), capturing...
[11:54]   [ComfyUI] [worker:ComfyUI-GeometryPack] INFO: Backend: convex_hull
[11:54]   [ComfyUI] [worker:ComfyUI-GeometryPack] INFO: Computing convex hull...
[11:54]   [ComfyUI] [SubprocessWorker] got response: ok
[11:54]   [ComfyUI] [comfy-env] GeomPackReconstruct_ConvexHull done (0.13s): result: NodeOutput
[11:54]   [ComfyUI] [comfy-env] Running GeomPackReconstruct_AlphaShape: points: Trimesh, alpha: 8.0
[11:54]   [ComfyUI] [SubprocessWorker] call_method: nodes.reconstruction.backends.alpha_shape.ReconstructAlphaShapeNode.EXECUTE_NORMALIZED
[11:54]   [ComfyUI] [SubprocessWorker] acquired lock, ensuring started...
[11:54]   [ComfyUI] [ComfyUI-GeometryPack] Health check: ping (timeout=5.0s)...
[11:54]   [ComfyUI] [ComfyUI-GeometryPack] Health check: ok
[11:54]   [ComfyUI] [SubprocessWorker] worker started/confirmed
[11:54]   [ComfyUI] [SubprocessWorker] serializing kwargs to shm...
[11:54]   [ComfyUI] [SubprocessWorker] created 1 shm blocks
[11:54]   [ComfyUI] [SubprocessWorker] sending request via socket...
[11:54]   [ComfyUI] [SubprocessWorker] call_id=96 sending call_method
[11:54]   [ComfyUI] [worker:ComfyUI-GeometryPack] INFO: Backend: alpha_shape
[11:54]   [ComfyUI] [worker:ComfyUI-GeometryPack] INFO: Computing alpha shape...
[11:54]   Frame 2 saved (frame_001.jpg, t=1.5s)
[11:54]   [capture-node] freeze=30ms shot=158ms unfreeze=4ms saved=True
[11:54]   Node executed (2 total), capturing...
[11:54]   [capture-node] freeze=3ms shot=113ms unfreeze=2ms saved=False
[11:56]   [ComfyUI] [SubprocessWorker] got response: ok
[11:56]   [ComfyUI] [comfy-env] GeomPackReconstruct_AlphaShape done (2.34s): result: NodeOutput
[11:56]   [ComfyUI] [comfy-env] Running GeomPackReconstruct_BallPivoting: points: Trimesh, ball_radius: 3.0, estimate_normals: 'true', normal_radius: 0.5
[11:56]   [ComfyUI] [SubprocessWorker] call_method: nodes.reconstruction.backends.ball_pivoting.ReconstructBallPivotingNode.EXECUTE_NORMALIZED
[11:56]   [ComfyUI] [SubprocessWorker] acquired lock, ensuring started...
[11:56]   [ComfyUI] [ComfyUI-GeometryPack] Health check: ping (timeout=5.0s)...
[11:56]   [ComfyUI] [ComfyUI-GeometryPack] Health check: ok
[11:56]   [ComfyUI] [SubprocessWorker] worker started/confirmed
[11:56]   [ComfyUI] [SubprocessWorker] serializing kwargs to shm...
[11:56]   [ComfyUI] [SubprocessWorker] created 1 shm blocks
[11:56]   [ComfyUI] [SubprocessWorker] sending request via socket...
[11:56]   [ComfyUI] [SubprocessWorker] call_id=97 sending call_method
[11:56]   Node executed (3 total), capturing...
[11:56]   [ComfyUI] [worker:ComfyUI-GeometryPack] INFO: Backend: ball_pivoting
[11:56]   [ComfyUI] [worker:ComfyUI-GeometryPack] INFO: Using PyMeshLab Ball Pivoting...
[11:56]   [ComfyUI] [SubprocessWorker] got response: ok
[11:56]   [ComfyUI] [comfy-env] GeomPackReconstruct_BallPivoting done (0.26s): result: NodeOutput
[11:56]   [ComfyUI] [comfy-env] Running GeomPackReconstruct_Poisson: points: Trimesh, poisson_depth: 8, poisson_scale: 1.1, estimate_normals: 'true', normal_radius: 0.1
[11:56]   [ComfyUI] [SubprocessWorker] call_method: nodes.reconstruction.backends.poisson.ReconstructPoissonNode.EXECUTE_NORMALIZED
[11:56]   [ComfyUI] [SubprocessWorker] acquired lock, ensuring started...
[11:56]   [ComfyUI] [ComfyUI-GeometryPack] Health check: ping (timeout=5.0s)...
[11:56]   [ComfyUI] [ComfyUI-GeometryPack] Health check: ok
[11:56]   [ComfyUI] [SubprocessWorker] worker started/confirmed
[11:56]   [ComfyUI] [SubprocessWorker] serializing kwargs to shm...
[11:56]   [ComfyUI] [SubprocessWorker] created 1 shm blocks
[11:56]   [ComfyUI] [SubprocessWorker] sending request via socket...
[11:56]   [ComfyUI] [SubprocessWorker] call_id=98 sending call_method
[11:56]   Frame 3 saved (frame_002.jpg, t=3.9s)
[11:56]   [capture-node] freeze=3ms shot=112ms unfreeze=2ms saved=True
[11:56]   [ComfyUI] [worker:ComfyUI-GeometryPack] INFO: Backend: poisson
[11:56]   [ComfyUI] [worker:ComfyUI-GeometryPack] INFO: Using normals from input
[11:56]   [ComfyUI] [worker:ComfyUI-GeometryPack] INFO: Using PyMeshLab Poisson reconstruction...
[11:56]   Node executed (4 total), capturing...
[11:57]   Frame 4 saved (frame_003.jpg, t=4.3s)
[11:57]   [capture-node] freeze=4ms shot=144ms unfreeze=29ms saved=True
[11:58]   [ComfyUI] [worker:ComfyUI-GeometryPack]
[11:58]   [ComfyUI] === WATCHDOG TICK 3 ===
[11:58]   [ComfyUI] [worker:ComfyUI-GeometryPack] Current thread 0x000014f8 (most recent call first):
[11:58]   [ComfyUI]   File "C:\Users\RUNNER~1\AppData\Local\Temp\comfyui_pvenv_23kbyj93\persistent_worker.py", line 52 in _watchdog
[11:58]   [ComfyUI]   File "C:\ce\.pixi\envs\geometrypack-nodes\Lib\threading.py", line 995 in run
[11:58]   [ComfyUI]   File "C:\ce\.pixi\envs\geometrypack-nodes\Lib\threading.py", line 1044 in _bootstrap_inner
[11:58]   [ComfyUI]   File "C:\ce\.pixi\envs\geometrypack-nodes\Lib\threading.py", line 1015 in _bootstrap
[11:58]   [ComfyUI] 
[11:58]   [ComfyUI] Thread 0x00000f60 (most recent call first):
[11:58]   [ComfyUI]   File "C:\ce\.pixi\envs\geometrypack-nodes\Lib\site-packages\pymeshlab\__init__.py", line 41 in filter_function
[11:58]   [ComfyUI]   File "D:\a\comfy-gpu-ci\comfy-gpu-ci\test_workspaces\GeometryPack-2137\portable-comfyui\ComfyUI_windows_portable\ComfyUI\custom_nodes\ComfyUI-GeometryPack\nodes\reconstruction\backends\poisson.py", line 173 in execute
[11:58]   [ComfyUI]   File "D:\a\comfy-gpu-ci\comfy-gpu-ci\test_workspaces\GeometryPack-2137\portable-comfyui\ComfyUI_windows_portable\ComfyUI\comfy_api\latest\_io.py", line 1826 in EXECUTE_NORMALIZED
[11:58]   [ComfyUI]   File "C:\Users\RUNNER~1\AppData\Local\Temp\comfyui_pvenv_23kbyj93\persistent_worker.py", line 1762 in main
[11:58]   [ComfyUI]   File "C:\Users\RUNNER~1\AppData\Local\Temp\comfyui_pvenv_23kbyj93\persistent_worker.py", line 1807 in <module>
[11:58]   [ComfyUI] 
[11:58]   [ComfyUI] [worker:ComfyUI-GeometryPack] === END ===
[11:58]   [ComfyUI] 
[11:58]   [ComfyUI] [SubprocessWorker] got response: ok
[11:58]   [ComfyUI] [comfy-env] GeomPackReconstruct_Poisson done (2.04s): result: NodeOutput
[11:58]   [ComfyUI] [comfy-env] Running GeomPackPreviewMeshMulti: mode: 'fields', mesh_1: Trimesh, mesh_2: Trimesh, mesh_3: Trimesh, mesh_4: Trimesh
[11:58]   [ComfyUI] [SubprocessWorker] call_method: nodes.visualization.preview_mesh_multi.PreviewMeshMultiNode.EXECUTE_NORMALIZED
[11:58]   [ComfyUI] [SubprocessWorker] acquired lock, ensuring started...
[11:58]   [ComfyUI] [ComfyUI-GeometryPack] Health check: ping (timeout=5.0s)...
[11:58]   [ComfyUI] [ComfyUI-GeometryPack] Health check: ok
[11:58]   [ComfyUI] [SubprocessWorker] worker started/confirmed
[11:58]   [ComfyUI] [SubprocessWorker] serializing kwargs to shm...
[11:58]   [ComfyUI] [SubprocessWorker] created 4 shm blocks
[11:58]   [ComfyUI] [SubprocessWorker] sending request via socket...
[11:58]   [ComfyUI] [SubprocessWorker] call_id=99 sending call_method
[11:58]   Node executed (5 total), capturing...
[11:58]   [ComfyUI] [worker:ComfyUI-GeometryPack] INFO: Mode: fields, Meshes: 4
[11:58]   [ComfyUI] [worker:ComfyUI-GeometryPack] INFO: Mesh 1: Mesh - 43461 vertices, 86920 faces
[11:58]   [ComfyUI] [worker:ComfyUI-GeometryPack] INFO: Exporting mesh to VTP: D:\a\comfy-gpu-ci\comfy-gpu-ci\test_workspaces\GeometryPack-2137\portable-comfyui\ComfyUI_windows_portable\ComfyUI\output\preview_multi_1_de373a6e.vtp
[11:59]   [ComfyUI] [worker:ComfyUI-GeometryPack] INFO: Adding normals field (43461 vertices)
[11:59]   Frame 5 saved (frame_004.jpg, t=6.2s)
[11:59]   [capture-node] freeze=4ms shot=129ms unfreeze=3ms saved=True
[11:59]   [ComfyUI] [worker:ComfyUI-GeometryPack] INFO: Export complete: 43461 vertices, 86920 faces
[11:59]   [ComfyUI] [worker:ComfyUI-GeometryPack] INFO: Exported VTP: D:\a\comfy-gpu-ci\comfy-gpu-ci\test_workspaces\GeometryPack-2137\portable-comfyui\ComfyUI_windows_portable\ComfyUI\output\preview_multi_1_de373a6e.vtp
[11:59]   [ComfyUI] [worker:ComfyUI-GeometryPack] INFO: Mesh 2: Mesh - 10000 vertices, 16802 faces
[11:59]   [ComfyUI] [worker:ComfyUI-GeometryPack] INFO: Exporting mesh to VTP: D:\a\comfy-gpu-ci\comfy-gpu-ci\test_workspaces\GeometryPack-2137\portable-comfyui\ComfyUI_windows_portable\ComfyUI\output\preview_multi_2_de373a6e.vtp
[11:59]   [ComfyUI] [worker:ComfyUI-GeometryPack] INFO: Adding normals field (10000 vertices)
[11:59]   [ComfyUI] [worker:ComfyUI-GeometryPack] INFO: Export complete: 10000 vertices, 16802 faces
[11:59]   [ComfyUI] [worker:ComfyUI-GeometryPack] INFO: Exported VTP: D:\a\comfy-gpu-ci\comfy-gpu-ci\test_workspaces\GeometryPack-2137\portable-comfyui\ComfyUI_windows_portable\ComfyUI\output\preview_multi_2_de373a6e.vtp
[11:59]   [ComfyUI] [worker:ComfyUI-GeometryPack] INFO: Mesh 3: Mesh - 5760 vertices, 12154 faces
[11:59]   [ComfyUI] [worker:ComfyUI-GeometryPack] INFO: Exporting mesh to VTP: D:\a\comfy-gpu-ci\comfy-gpu-ci\test_workspaces\GeometryPack-2137\portable-comfyui\ComfyUI_windows_portable\ComfyUI\output\preview_multi_3_de373a6e.vtp
[11:59]   [ComfyUI] [worker:ComfyUI-GeometryPack] INFO: Adding normals field (5760 vertices)
[11:59]   [ComfyUI] [worker:ComfyUI-GeometryPack] INFO: Export complete: 5760 vertices, 12154 faces
[11:59]   [ComfyUI] [worker:ComfyUI-GeometryPack] INFO: Exported VTP: D:\a\comfy-gpu-ci\comfy-gpu-ci\test_workspaces\GeometryPack-2137\portable-comfyui\ComfyUI_windows_portable\ComfyUI\output\preview_multi_3_de373a6e.vtp
[11:59]   [ComfyUI] [worker:ComfyUI-GeometryPack] INFO: Mesh 4: Mesh - 730 vertices, 1456 faces
[11:59]   [ComfyUI] [worker:ComfyUI-GeometryPack] INFO: Exporting mesh to VTP: D:\a\comfy-gpu-ci\comfy-gpu-ci\test_workspaces\GeometryPack-2137\portable-comfyui\ComfyUI_windows_portable\ComfyUI\output\preview_multi_4_de373a6e.vtp
[11:59]   [ComfyUI] [worker:ComfyUI-GeometryPack] INFO: Adding normals field (730 vertices)
[11:59]   [ComfyUI] [worker:ComfyUI-GeometryPack] INFO: Export complete: 730 vertices, 1456 faces
[11:59]   [ComfyUI] [worker:ComfyUI-GeometryPack] INFO: Exported VTP: D:\a\comfy-gpu-ci\comfy-gpu-ci\test_workspaces\GeometryPack-2137\portable-comfyui\ComfyUI_windows_portable\ComfyUI\output\preview_multi_4_de373a6e.vtp
[11:59]   [ComfyUI] [worker:ComfyUI-GeometryPack] INFO: Grid: 2x2, Preview ready
[11:59]   [ComfyUI] [SubprocessWorker] got response: ok
[11:59]   [ComfyUI] [comfy-env] GeomPackPreviewMeshMulti done (0.80s): result: NodeOutput
[11:59]   [ComfyUI] Prompt executed in 6.69 seconds
[11:59]   Node executed (6 total), capturing...
[12:00]   Frame 6 saved (frame_005.jpg, t=7.1s)
[12:00]   [capture-node] freeze=3ms shot=250ms unfreeze=0ms saved=True
[12:00]   Execution complete (t=7.1s)
[12:01]   Captured 6 unique frames over 8.45s
[12:01]   [debug] iframes: 2
[12:01]   [debug]   iframe[0]: src=http://127.0.0.1:41896/extensions/ComfyUI-GeometryPack/viewer_vtk.html?v=1778449, canvas=486x384, rafFrozen=True
[12:01]   [debug]   iframe[1]: src=http://127.0.0.1:41896/extensions/ComfyUI-GeometryPack/viewer_multi.html?v=17784, canvas=368x195, rafFrozen=True
[12:01]   [timing] trigger_3d_previews: 0.0s
[12:05]   Saved high-quality screenshot: reconstruct_all_executed.png
[12:05]   [timing] final_screenshot: 2.1s
[12:11] Capturing execution frames: refine_mesh.json
[12:20]   Frame 1 saved (frame_000.jpg, t=0.0s)
[12:20]   Validating workflow...
[12:20]   [ComfyUI] === /validate endpoint called ===
[12:20]   [ComfyUI] Received JSON with keys: ['prompt']
[12:20]   [ComfyUI] Prompt has 3 nodes
[12:20]   [ComfyUI]   Node 1: GeomPackLoadMesh
[12:20]   [ComfyUI]     Inputs: {"file_path": "3d/Stanford_Bunny.stl"}
[12:20]   [ComfyUI]   Node 3: GeomPackPreviewMeshDual
[12:20]   Queuing workflow for execution...
[12:20]   [ComfyUI]     Inputs: {"layout": "side_by_side", "mode": "fields", "opacity_1": 1, "opacity_2": 1, "preview_dual": "{\"show_edges\":true,\"camera_state\":\"\",\"selected_field\":\"\",\"selected_channel\":\"magnitude\",\"se
[12:20]   [ComfyUI]   Node 4: RefineMesh
[12:20]   [ComfyUI]     Inputs: {"operation": "decimation", "target_face_count": 5000, "decimation_method": "trimesh", "subdivision_iterations": 1, "smoothing_iterations": 5, "lambda_factor": 0.5, "report_panel": "false", "trimesh":
[12:20]   [ComfyUI] Generated prompt_id: c2082c48-4e65-45ed-a564-efd0f691f51c
[12:20]   [ComfyUI] Calling execution.validate_prompt()...
[12:20]   [ComfyUI] Validation result: valid=True
[12:20]   [ComfyUI] === Validation PASSED ===
[12:20]   [ComfyUI] got prompt
[12:20]   [ComfyUI] [comfy-env] Running GeomPackLoadMesh: file_path: '3d/Stanford_Bunny.stl'
[12:20]   [ComfyUI] [SubprocessWorker] call_method: nodes.io.load_mesh.LoadMesh.EXECUTE_NORMALIZED
[12:20]   [ComfyUI] [SubprocessWorker] acquired lock, ensuring started...
[12:20]   [ComfyUI] [ComfyUI-GeometryPack] Health check: ping (timeout=5.0s)...
[12:20]   [ComfyUI] [ComfyUI-GeometryPack] Health check: ok
[12:20]   [ComfyUI] [SubprocessWorker] worker started/confirmed
[12:20]   [ComfyUI] [SubprocessWorker] serializing kwargs to shm...
[12:20]   [ComfyUI] [SubprocessWorker] created 0 shm blocks
[12:20]   [ComfyUI] [SubprocessWorker] sending request via socket...
[12:20]   [ComfyUI] [SubprocessWorker] call_id=100 sending call_method
[12:20]   [ComfyUI] [worker:ComfyUI-GeometryPack] INFO: Found mesh in input folder: 3d/Stanford_Bunny.stl
[12:20]   [ComfyUI] [worker:ComfyUI-GeometryPack] INFO: Loading: D:\a\comfy-gpu-ci\comfy-gpu-ci\test_workspaces\GeometryPack-2137\portable-comfyui\ComfyUI_windows_portable\ComfyUI\input\3d/Stanford_Bunny.stl
[12:20]   [ComfyUI] [worker:ComfyUI-GeometryPack] INFO: Initial mesh: 56203 vertices, 112402 faces
[12:20]   [ComfyUI] [worker:ComfyUI-GeometryPack] INFO: Successfully loaded: 56203 vertices, 112402 faces
[12:20]   [ComfyUI] [worker:ComfyUI-GeometryPack] INFO: Loaded: 56203 vertices, 112402 faces
[12:20]   [ComfyUI] [SubprocessWorker] got response: ok
[12:20]   [ComfyUI] [comfy-env] GeomPackLoadMesh done (0.43s): result: NodeOutput
[12:20]   [ComfyUI] [comfy-env] Running RefineMesh: operation: 'decimation', target_face_count: 5000, decimation_method: 'trimesh', subdivision_iterations: 1, smoothing_iterations: 5, lambda_factor: 0.5, trimesh: Trimesh
[12:20]   [ComfyUI] [SubprocessWorker] call_method: nodes.remeshing.refine.RefineMeshNode.EXECUTE_NORMALIZED
[12:20]   [ComfyUI] [SubprocessWorker] acquired lock, ensuring started...
[12:20]   [ComfyUI] [ComfyUI-GeometryPack] Health check: ping (timeout=5.0s)...
[12:20]   [ComfyUI] [ComfyUI-GeometryPack] Health check: ok
[12:20]   [ComfyUI] [SubprocessWorker] worker started/confirmed
[12:20]   [ComfyUI] [SubprocessWorker] serializing kwargs to shm...
[12:20]   [ComfyUI] [SubprocessWorker] created 1 shm blocks
[12:20]   [ComfyUI] [SubprocessWorker] sending request via socket...
[12:20]   [ComfyUI] [SubprocessWorker] call_id=101 sending call_method
[12:20]   [ComfyUI] [worker:ComfyUI-GeometryPack] INFO: Input: 56203 vertices, 112402 faces
[12:20]   [ComfyUI] [worker:ComfyUI-GeometryPack] INFO: Operation: decimation
[12:20]   [ComfyUI] [worker:ComfyUI-GeometryPack] INFO: Output: 2502 vertices (-53701), 5000 faces (-107402)
[12:20]   [ComfyUI] [SubprocessWorker] got response: ok
[12:20]   [ComfyUI] [comfy-env] RefineMesh done (0.30s): result: NodeOutput
[12:20]   [ComfyUI] [comfy-env] Running GeomPackPreviewMeshDual: layout: 'side_by_side', mode: 'fields', opacity_1: 1.0, opacity_2: 1.0, mesh_1: Trimesh, mesh_2: Trimesh
[12:20]   [ComfyUI] [SubprocessWorker] call_method: nodes.visualization.preview_mesh_dual.PreviewMeshDualNode.EXECUTE_NORMALIZED
[12:20]   [ComfyUI] [SubprocessWorker] acquired lock, ensuring started...
[12:20]   [ComfyUI] [ComfyUI-GeometryPack] Health check: ping (timeout=5.0s)...
[12:20]   [ComfyUI] [ComfyUI-GeometryPack] Health check: ok
[12:20]   [ComfyUI] [SubprocessWorker] worker started/confirmed
[12:20]   [ComfyUI] [SubprocessWorker] serializing kwargs to shm...
[12:20]   Node executed (1 total), capturing...
[12:20]   [ComfyUI] [SubprocessWorker] created 2 shm blocks
[12:20]   [ComfyUI] [SubprocessWorker] sending request via socket...
[12:20]   [ComfyUI] [SubprocessWorker] call_id=102 sending call_method
[12:20]   [ComfyUI] [worker:ComfyUI-GeometryPack] INFO: Layout: side_by_side, Mode: fields
[12:20]   [ComfyUI] [worker:ComfyUI-GeometryPack] INFO: Mesh 1: Mesh - 56203 vertices, 112402 faces
[12:20]   [ComfyUI] [worker:ComfyUI-GeometryPack] INFO: Mesh 2: Mesh - 2502 vertices, 5000 faces
[12:20]   [ComfyUI] [worker:ComfyUI-GeometryPack] INFO: Mesh 1 fields: ['face.stl']
[12:20]   [ComfyUI] [worker:ComfyUI-GeometryPack] INFO: Mesh 2 fields: []
[12:20]   [ComfyUI] [worker:ComfyUI-GeometryPack] INFO: Common fields: []
[12:20]   [ComfyUI] [worker:ComfyUI-GeometryPack] INFO: Mesh 1 visual: kind=None, texture=False, vertex_colors=False
[12:20]   [ComfyUI] [worker:ComfyUI-GeometryPack] INFO: Mesh 2 visual: kind=None, texture=False, vertex_colors=False
[12:20]   [ComfyUI] [worker:ComfyUI-GeometryPack] INFO: Exporting mesh to VTP: D:\a\comfy-gpu-ci\comfy-gpu-ci\test_workspaces\GeometryPack-2137\portable-comfyui\ComfyUI_windows_portable\ComfyUI\output\preview_dual_1_26a51346.vtp
[12:21]   Frame 2 saved (frame_001.jpg, t=1.0s)
[12:21]   [capture-node] freeze=3ms shot=93ms unfreeze=7ms saved=True
[12:21]   [ComfyUI] [worker:ComfyUI-GeometryPack] INFO: Adding normals field (56203 vertices)
[12:21]   [ComfyUI] [worker:ComfyUI-GeometryPack] INFO: Adding face field: stl
[12:21]   [ComfyUI] [worker:ComfyUI-GeometryPack] INFO: Export complete: 56203 vertices, 112402 faces
[12:21]   [ComfyUI] [worker:ComfyUI-GeometryPack] INFO: Exported VTP with fields: D:\a\comfy-gpu-ci\comfy-gpu-ci\test_workspaces\GeometryPack-2137\portable-comfyui\ComfyUI_windows_portable\ComfyUI\output\preview_dual_1_26a51346.vtp
[12:21]   [ComfyUI] [worker:ComfyUI-GeometryPack] INFO: Exported STL: D:\a\comfy-gpu-ci\comfy-gpu-ci\test_workspaces\GeometryPack-2137\portable-comfyui\ComfyUI_windows_portable\ComfyUI\output\preview_dual_2_26a51346.stl
[12:21]   [ComfyUI] [worker:ComfyUI-GeometryPack] INFO: Preview ready
[12:21]   [ComfyUI] [SubprocessWorker] got response: ok
[12:21]   [ComfyUI] [comfy-env] GeomPackPreviewMeshDual done (0.73s): result: NodeOutput
[12:21]   [ComfyUI] Prompt executed in 1.47 seconds
[12:21]   Node executed (2 total), capturing...
[12:21]   Frame 3 saved (frame_002.jpg, t=1.9s)
[12:21]   [capture-node] freeze=3ms shot=111ms unfreeze=0ms saved=True
[12:21]   Execution complete (t=1.9s)
[12:21]   Captured 3 unique frames over 2.0s
[12:21]   [debug] iframes: 1
[12:21]   [debug]   iframe[0]: src=http://127.0.0.1:41896/extensions/ComfyUI-GeometryPack/viewer_dual.html?v=177844, canvas=0x0, rafFrozen=False
[12:21]   [timing] trigger_3d_previews: 0.0s
[12:24]   Saved high-quality screenshot: refine_mesh_executed.png
[12:24]   [timing] final_screenshot: 0.2s
[12:24] Capturing execution frames: remesh_intersections.json
[12:30]   Frame 1 saved (frame_000.jpg, t=0.0s)
[12:30]   Validating workflow...
[12:30]   [ComfyUI] === /validate endpoint called ===
[12:30]   [ComfyUI] Received JSON with keys: ['prompt']
[12:30]   [ComfyUI] Prompt has 5 nodes
[12:30]   [ComfyUI]   Node 1: GeomPackLoadMesh
[12:30]   [ComfyUI]     Inputs: {"file_path": "3d/camelhead.off"}
[12:30]   [ComfyUI]   Node 5: GeomPackDetectSelfIntersections
[12:30]   [ComfyUI]     Inputs: {"report_panel": "false", "trimesh": ["1", 0]}
[12:30]   Queuing workflow for execution...
[12:30]   [ComfyUI]   Node 8: GeomPackDetectSelfIntersections
[12:30]   [ComfyUI]     Inputs: {"report_panel": "false", "trimesh": ["12", 0]}
[12:30]   [ComfyUI]   Node 12: GeomPackRemeshSelfIntersections
[12:30]   [ComfyUI]     Inputs: {"detect_only": false, "remove_unreferenced": true, "extract_outer_hull": false, "stitch_all": true, "report_panel": "false", "mesh": ["1", 0]}
[12:30]   [ComfyUI]   Node 13: GeomPackPreviewMeshDual
[12:30]   [ComfyUI]     Inputs: {"layout": "side_by_side", "mode": "fields", "opacity_1": 1, "opacity_2": 1, "preview_dual": "{\"show_edges\":true,\"camera_state\":\"{\\\"position\\\":[-0.09589855044406126,0.14917436072323867,0.1071
[12:30]   [ComfyUI] Generated prompt_id: 15c80164-b154-41f1-97bd-53ace8d64fb3
[12:30]   [ComfyUI] Calling execution.validate_prompt()...
[12:30]   [ComfyUI] Validation result: valid=True
[12:30]   [ComfyUI] === Validation PASSED ===
[12:30]   [ComfyUI] got prompt
[12:30]   [ComfyUI] [comfy-env] Running GeomPackLoadMesh: file_path: '3d/camelhead.off'
[12:30]   [ComfyUI] [SubprocessWorker] call_method: nodes.io.load_mesh.LoadMesh.EXECUTE_NORMALIZED
[12:30]   [ComfyUI] [SubprocessWorker] acquired lock, ensuring started...
[12:30]   [ComfyUI] [ComfyUI-GeometryPack] Health check: ping (timeout=5.0s)...
[12:30]   [ComfyUI] [ComfyUI-GeometryPack] Health check: ok
[12:30]   [ComfyUI] [SubprocessWorker] worker started/confirmed
[12:30]   [ComfyUI] [SubprocessWorker] serializing kwargs to shm...
[12:30]   [ComfyUI] [SubprocessWorker] created 0 shm blocks
[12:30]   [ComfyUI] [SubprocessWorker] sending request via socket...
[12:30]   [ComfyUI] [SubprocessWorker] call_id=103 sending call_method
[12:30]   [ComfyUI] [worker:ComfyUI-GeometryPack] INFO: Found mesh in input folder: 3d/camelhead.off
[12:30]   [ComfyUI] [worker:ComfyUI-GeometryPack] INFO: Loading: D:\a\comfy-gpu-ci\comfy-gpu-ci\test_workspaces\GeometryPack-2137\portable-comfyui\ComfyUI_windows_portable\ComfyUI\input\3d/camelhead.off
[12:30]   [ComfyUI] [worker:ComfyUI-GeometryPack] INFO: Initial mesh: 11381 vertices, 22704 faces
[12:30]   [ComfyUI] [worker:ComfyUI-GeometryPack] INFO: Successfully loaded: 11381 vertices, 22704 faces
[12:30]   [ComfyUI] [worker:ComfyUI-GeometryPack] INFO: Loaded: 11381 vertices, 22704 faces
[12:30]   [ComfyUI] [SubprocessWorker] got response: ok
[12:30]   [ComfyUI] [comfy-env] GeomPackLoadMesh done (0.21s): result: NodeOutput
[12:30]   [ComfyUI] [comfy-env] Running GeomPackRemeshSelfIntersections: detect_only: False, remove_unreferenced: True, extract_outer_hull: False, stitch_all: True, mesh: Trimesh
[12:30]   [ComfyUI] [SubprocessWorker] call_method: nodes.repair_cgal.remesh_intersections.RemeshSelfIntersectionsNode.EXECUTE_NORMALIZED
[12:30]   [ComfyUI] [SubprocessWorker] acquired lock, ensuring started...
[12:30]   [ComfyUI] [ComfyUI-GeometryPack] Health check: ping (timeout=5.0s)...
[12:30]   [ComfyUI] [ComfyUI-GeometryPack] Health check: ok
[12:30]   [ComfyUI] [SubprocessWorker] worker started/confirmed
[12:30]   [ComfyUI] [SubprocessWorker] serializing kwargs to shm...
[12:30]   [ComfyUI] [SubprocessWorker] created 1 shm blocks
[12:30]   [ComfyUI] [SubprocessWorker] sending request via socket...
[12:30]   [ComfyUI] [SubprocessWorker] call_id=104 sending call_method
[12:30]   [ComfyUI] [worker:ComfyUI-GeometryPack] INFO: Processing mesh: 11381 vertices, 22704 faces
[12:30]   [ComfyUI] [worker:ComfyUI-GeometryPack] INFO: Options: detect_only=False, remove_unreferenced=True, extract_outer_hull=False, stitch_all=True
[12:30]   [ComfyUI] [worker:ComfyUI-GeometryPack] INFO: Using libigl CGAL method
[12:31]   [ComfyUI] [worker:ComfyUI-GeometryPack] INFO: Remeshing complete: 11385 vertices, 22720 faces
[12:31]   [ComfyUI] [worker:ComfyUI-GeometryPack] INFO: Removing unreferenced vertices...
[12:31]   [ComfyUI] [worker:ComfyUI-GeometryPack] INFO: After cleanup: 11385 vertices, 22720 faces
[12:31]   [ComfyUI] [SubprocessWorker] got response: ok
[12:31]   [ComfyUI] [comfy-env] GeomPackRemeshSelfIntersections done (0.39s): result: NodeOutput
[12:31]   [ComfyUI] [comfy-env] Running GeomPackDetectSelfIntersections: trimesh: Trimesh
[12:31]   [ComfyUI] [SubprocessWorker] call_method: nodes.repair_cgal.detect_intersections.DetectSelfIntersectionsNode.EXECUTE_NORMALIZED
[12:31]   [ComfyUI] [SubprocessWorker] acquired lock, ensuring started...
[12:31]   [ComfyUI] [ComfyUI-GeometryPack] Health check: ping (timeout=5.0s)...
[12:31]   [ComfyUI] [ComfyUI-GeometryPack] Health check: ok
[12:31]   [ComfyUI] [SubprocessWorker] worker started/confirmed
[12:31]   [ComfyUI] [SubprocessWorker] serializing kwargs to shm...
[12:31]   [ComfyUI] [SubprocessWorker] created 1 shm blocks
[12:31]   [ComfyUI] [SubprocessWorker] sending request via socket...
[12:31]   [ComfyUI] [SubprocessWorker] call_id=105 sending call_method
[12:31]   Node executed (1 total), capturing...
[12:31]   [ComfyUI] [worker:ComfyUI-GeometryPack] INFO: Analyzing mesh: 11385 vertices, 22720 faces
[12:31]   [ComfyUI] [worker:ComfyUI-GeometryPack] INFO: Using libigl CGAL method
[12:31]   [ComfyUI] [worker:ComfyUI-GeometryPack] INFO: No self-intersections detected
[12:31]   [ComfyUI] [SubprocessWorker] got response: ok
[12:31]   [ComfyUI] [comfy-env] GeomPackDetectSelfIntersections done (0.18s): result: NodeOutput
[12:31]   [ComfyUI] [comfy-env] Running GeomPackDetectSelfIntersections: trimesh: Trimesh
[12:31]   [ComfyUI] [SubprocessWorker] call_method: nodes.repair_cgal.detect_intersections.DetectSelfIntersectionsNode.EXECUTE_NORMALIZED
[12:31]   [ComfyUI] [SubprocessWorker] acquired lock, ensuring started...
[12:31]   [ComfyUI] [ComfyUI-GeometryPack] Health check: ping (timeout=5.0s)...
[12:31]   [ComfyUI] [ComfyUI-GeometryPack] Health check: ok
[12:31]   [ComfyUI] [SubprocessWorker] worker started/confirmed
[12:31]   [ComfyUI] [SubprocessWorker] serializing kwargs to shm...
[12:31]   [ComfyUI] [SubprocessWorker] created 1 shm blocks
[12:31]   [ComfyUI] [SubprocessWorker] sending request via socket...
[12:31]   [ComfyUI] [SubprocessWorker] call_id=106 sending call_method
[12:31]   [ComfyUI] [worker:ComfyUI-GeometryPack] INFO: Analyzing mesh: 11381 vertices, 22704 faces
[12:31]   [ComfyUI] [worker:ComfyUI-GeometryPack] INFO: Using libigl CGAL method
[12:31]   [ComfyUI] [worker:ComfyUI-GeometryPack] INFO: Found 6 intersecting faces (5 intersection pairs)
[12:31]   Frame 2 saved (frame_001.jpg, t=0.9s)
[12:31]   [capture-node] freeze=24ms shot=121ms unfreeze=3ms saved=True
[12:31]   [ComfyUI] [SubprocessWorker] got response: ok
[12:31]   [ComfyUI] [comfy-env] GeomPackDetectSelfIntersections done (0.19s): result: NodeOutput
[12:31]   [ComfyUI] [comfy-env] Running GeomPackPreviewMeshDual: layout: 'side_by_side', mode: 'fields', opacity_1: 1.0, opacity_2: 1.0, mesh_1: Trimesh, mesh_2: Trimesh
[12:31]   [ComfyUI] [SubprocessWorker] call_method: nodes.visualization.preview_mesh_dual.PreviewMeshDualNode.EXECUTE_NORMALIZED
[12:31]   [ComfyUI] [SubprocessWorker] acquired lock, ensuring started...
[12:31]   [ComfyUI] [ComfyUI-GeometryPack] Health check: ping (timeout=5.0s)...
[12:31]   [ComfyUI] [ComfyUI-GeometryPack] Health check: ok
[12:31]   [ComfyUI] [SubprocessWorker] worker started/confirmed
[12:31]   [ComfyUI] [SubprocessWorker] serializing kwargs to shm...
[12:31]   [ComfyUI] [SubprocessWorker] created 2 shm blocks
[12:31]   [ComfyUI] [SubprocessWorker] sending request via socket...
[12:31]   [ComfyUI] [SubprocessWorker] call_id=107 sending call_method
[12:31]   [ComfyUI] [worker:ComfyUI-GeometryPack] INFO: Layout: side_by_side, Mode: fields
[12:31]   [ComfyUI] [worker:ComfyUI-GeometryPack] INFO: Mesh 1: Mesh - 11381 vertices, 22704 faces
[12:31]   [ComfyUI] [worker:ComfyUI-GeometryPack] INFO: Mesh 2: Mesh - 11385 vertices, 22720 faces
[12:31]   Node executed (3 total), capturing...
[12:31]   [ComfyUI] [worker:ComfyUI-GeometryPack] INFO: Mesh 1 fields: ['intersection_flag', 'intersection_count', 'face.self_intersecting']
[12:31]   [ComfyUI] [worker:ComfyUI-GeometryPack] INFO: Mesh 2 fields: ['intersection_flag', 'intersection_count', 'face.self_intersecting']
[12:31]   [ComfyUI] [worker:ComfyUI-GeometryPack] INFO: Common fields: ['intersection_count', 'face.self_intersecting', 'intersection_flag']
[12:31]   [ComfyUI] [worker:ComfyUI-GeometryPack] INFO: Mesh 1 visual: kind=None, texture=False, vertex_colors=False
[12:31]   [ComfyUI] [worker:ComfyUI-GeometryPack] INFO: Mesh 2 visual: kind=None, texture=False, vertex_colors=False
[12:31]   [ComfyUI] [worker:ComfyUI-GeometryPack] INFO: Exporting mesh to VTP: D:\a\comfy-gpu-ci\comfy-gpu-ci\test_workspaces\GeometryPack-2137\portable-comfyui\ComfyUI_windows_portable\ComfyUI\output\preview_dual_1_13704daa.vtp
[12:31]   [ComfyUI] [worker:ComfyUI-GeometryPack] INFO: Adding normals field (11381 vertices)
[12:31]   [ComfyUI] [worker:ComfyUI-GeometryPack] INFO: Adding scalar field: intersection_flag (components: 1)
[12:31]   [ComfyUI] [worker:ComfyUI-GeometryPack] INFO: Adding scalar field: intersection_count (components: 1)
[12:31]   [ComfyUI] [worker:ComfyUI-GeometryPack] INFO: Adding face field: self_intersecting
[12:31]   [ComfyUI] [worker:ComfyUI-GeometryPack] INFO: Export complete: 11381 vertices, 22704 faces
[12:31]   [ComfyUI] [worker:ComfyUI-GeometryPack] INFO: Exported VTP with fields: D:\a\comfy-gpu-ci\comfy-gpu-ci\test_workspaces\GeometryPack-2137\portable-comfyui\ComfyUI_windows_portable\ComfyUI\output\preview_dual_1_13704daa.vtp
[12:31]   [ComfyUI] [worker:ComfyUI-GeometryPack] INFO: Exporting mesh to VTP: D:\a\comfy-gpu-ci\comfy-gpu-ci\test_workspaces\GeometryPack-2137\portable-comfyui\ComfyUI_windows_portable\ComfyUI\output\preview_dual_2_13704daa.vtp
[12:31]   [ComfyUI] [worker:ComfyUI-GeometryPack] INFO: Adding normals field (11385 vertices)
[12:31]   Frame 3 saved (frame_002.jpg, t=1.3s)
[12:31]   [capture-node] freeze=2ms shot=81ms unfreeze=3ms saved=True
[12:31]   [ComfyUI] [worker:ComfyUI-GeometryPack] INFO: Adding scalar field: intersection_flag (components: 1)
[12:31]   [ComfyUI] [worker:ComfyUI-GeometryPack] INFO: Adding scalar field: intersection_count (components: 1)
[12:31]   [ComfyUI] [worker:ComfyUI-GeometryPack] INFO: Adding face field: self_intersecting
[12:32]   [ComfyUI] [worker:ComfyUI-GeometryPack] INFO: Export complete: 11385 vertices, 22720 faces
[12:32]   [ComfyUI] [worker:ComfyUI-GeometryPack] INFO: Exported VTP with fields: D:\a\comfy-gpu-ci\comfy-gpu-ci\test_workspaces\GeometryPack-2137\portable-comfyui\ComfyUI_windows_portable\ComfyUI\output\preview_dual_2_13704daa.vtp
[12:32]   [ComfyUI] [worker:ComfyUI-GeometryPack] INFO: Preview ready
[12:32]   [ComfyUI] [SubprocessWorker] got response: ok
[12:32]   [ComfyUI] [comfy-env] GeomPackPreviewMeshDual done (0.49s): result: NodeOutput
[12:32]   [ComfyUI] Prompt executed in 1.47 seconds
[12:32]   Node executed (4 total), capturing...
[12:32]   Frame 4 saved (frame_003.jpg, t=1.8s)
[12:32]   [capture-node] freeze=339ms shot=286ms unfreeze=0ms saved=True
[12:32]   Execution complete (t=1.8s)
[12:32]   Captured 4 unique frames over 2.45s
[12:32]   [debug] iframes: 1
[12:32]   [debug]   iframe[0]: src=http://127.0.0.1:41896/extensions/ComfyUI-GeometryPack/viewer_dual.html?v=177844, canvas=370x485, rafFrozen=True
[12:32]   [timing] trigger_3d_previews: 0.0s
[12:35]   Saved high-quality screenshot: remesh_intersections_executed.png
[12:35]   [timing] final_screenshot: 0.2s
[12:35] Capturing execution frames: remeshing.json
[12:41]   Frame 1 saved (frame_000.jpg, t=0.0s)
[12:41]   Validating workflow...
[12:41]   [ComfyUI] === /validate endpoint called ===
[12:41]   [ComfyUI] Received JSON with keys: ['prompt']
[12:41]   [ComfyUI] Prompt has 3 nodes
[12:41]   [ComfyUI]   Node 1: GeomPackLoadMesh
[12:41]   [ComfyUI]     Inputs: {"file_path": "3d/Stanford_Bunny.stl"}
[12:41]   [ComfyUI]   Node 25: GeomPackPreviewMeshDual
[12:41]   Queuing workflow for execution...
[12:41]   [ComfyUI]     Inputs: {"layout": "side_by_side", "mode": "fields", "opacity_1": 1, "opacity_2": 1, "preview_dual": "{\"show_edges\":true,\"camera_state\":\"{\\\"position\\\":[25.772299630393015,-184.35090618167206,132.3708
[12:41]   [ComfyUI]   Node 27: GeomPackRemesh
[12:41]   [ComfyUI]     Inputs: {"backend": "quadwild", "backend.qw_sharp_angle": 35, "backend.qw_alpha": 0.02, "backend.qw_scale_factor": 1, "backend.qw_remesh": "true", "backend.qw_smooth": "true", "report_panel": "false", "trimes
[12:41]   [ComfyUI] Generated prompt_id: 0b1bcc54-1c14-4d08-8966-8da50f26ed77
[12:41]   [ComfyUI] Calling execution.validate_prompt()...
[12:41]   [ComfyUI] Validation result: valid=True
[12:41]   [ComfyUI] === Validation PASSED ===
[12:41]   [ComfyUI] got prompt
[12:41]   [ComfyUI] [comfy-env] Running GeomPackLoadMesh: file_path: '3d/Stanford_Bunny.stl'
[12:41]   [ComfyUI] [SubprocessWorker] call_method: nodes.io.load_mesh.LoadMesh.EXECUTE_NORMALIZED
[12:41]   [ComfyUI] [SubprocessWorker] acquired lock, ensuring started...
[12:41]   [ComfyUI] [ComfyUI-GeometryPack] Health check: ping (timeout=5.0s)...
[12:41]   [ComfyUI] [ComfyUI-GeometryPack] Health check: ok
[12:41]   [ComfyUI] [SubprocessWorker] worker started/confirmed
[12:41]   [ComfyUI] [SubprocessWorker] serializing kwargs to shm...
[12:41]   [ComfyUI] [SubprocessWorker] created 0 shm blocks
[12:41]   [ComfyUI] [SubprocessWorker] sending request via socket...
[12:41]   [ComfyUI] [SubprocessWorker] call_id=108 sending call_method
[12:41]   [ComfyUI] [worker:ComfyUI-GeometryPack] INFO: Found mesh in input folder: 3d/Stanford_Bunny.stl
[12:41]   [ComfyUI] [worker:ComfyUI-GeometryPack] INFO: Loading: D:\a\comfy-gpu-ci\comfy-gpu-ci\test_workspaces\GeometryPack-2137\portable-comfyui\ComfyUI_windows_portable\ComfyUI\input\3d/Stanford_Bunny.stl
[12:41]   [ComfyUI] [worker:ComfyUI-GeometryPack] INFO: Initial mesh: 56203 vertices, 112402 faces
[12:41]   [ComfyUI] [worker:ComfyUI-GeometryPack] INFO: Successfully loaded: 56203 vertices, 112402 faces
[12:41]   [ComfyUI] [worker:ComfyUI-GeometryPack] INFO: Loaded: 56203 vertices, 112402 faces
[12:41]   [ComfyUI] [SubprocessWorker] got response: ok
[12:41]   [ComfyUI] [comfy-env] GeomPackLoadMesh done (0.44s): result: NodeOutput
[12:41]   [ComfyUI] [comfy-env] Running GeomPackRemesh: backend: dict, trimesh: Trimesh
[12:41]   [ComfyUI] [SubprocessWorker] call_method: nodes.remeshing.remesh.RemeshNode.EXECUTE_NORMALIZED
[12:41]   [ComfyUI] [SubprocessWorker] acquired lock, ensuring started...
[12:41]   [ComfyUI] [ComfyUI-GeometryPack] Health check: ping (timeout=5.0s)...
[12:41]   [ComfyUI] [ComfyUI-GeometryPack] Health check: ok
[12:41]   [ComfyUI] [SubprocessWorker] worker started/confirmed
[12:41]   [ComfyUI] [SubprocessWorker] serializing kwargs to shm...
[12:41]   [ComfyUI] [SubprocessWorker] created 1 shm blocks
[12:41]   [ComfyUI] [SubprocessWorker] sending request via socket...
[12:41]   [ComfyUI] [SubprocessWorker] call_id=109 sending call_method
[12:42]   [ComfyUI] [worker:ComfyUI-GeometryPack] INFO: Remesh dispatch: quadwild -> GeomPackRemesh_QuadWild
[12:42]   [ComfyUI] [SubprocessWorker] got response: ok
[12:42]   [ComfyUI] [comfy-env] GeomPackRemesh done (0.13s): result: NodeOutput
[12:42]   [ComfyUI] [comfy-env] Running GeomPackRemesh_QuadWild: trimesh: Trimesh, qw_sharp_angle: 35.0, qw_alpha: 0.02, qw_scale_factor: 1.0, qw_remesh: 'true', qw_smooth: 'true'
[12:42]   [ComfyUI] [SubprocessWorker] call_method: nodes.remeshing.backends.quadwild.RemeshQuadWildNode.EXECUTE_NORMALIZED
[12:42]   [ComfyUI] [SubprocessWorker] acquired lock, ensuring started...
[12:42]   [ComfyUI] [ComfyUI-GeometryPack] Health check: ping (timeout=5.0s)...
[12:42]   [ComfyUI] [ComfyUI-GeometryPack] Health check: ok
[12:42]   [ComfyUI] [SubprocessWorker] worker started/confirmed
[12:42]   [ComfyUI] [SubprocessWorker] serializing kwargs to shm...
[12:42]   [ComfyUI] [SubprocessWorker] created 1 shm blocks
[12:42]   [ComfyUI] [SubprocessWorker] sending request via socket...
[12:42]   [ComfyUI] [SubprocessWorker] call_id=110 sending call_method
[12:42]   [ComfyUI] [worker:ComfyUI-GeometryPack] INFO: Backend: quadwild
[12:42]   [ComfyUI] [worker:ComfyUI-GeometryPack] INFO: Input: 56203 vertices, 112402 faces
[12:42]   [ComfyUI] [worker:ComfyUI-GeometryPack] INFO: Parameters: sharp_angle=35.0, alpha=0.02, scale=1.0, remesh=true, smooth=true
[12:43]   Frame 2 saved (frame_001.jpg, t=2.2s)
[12:43]   [capture-periodic] freeze=2ms shot=105ms unfreeze=3ms saved=True
[12:45]   Frame 3 saved (frame_002.jpg, t=4.4s)
[12:45]   [capture-periodic] freeze=3ms shot=91ms unfreeze=6ms saved=True
[12:47]   [capture-loop] iter=50 t=5.7s state={'complete': False, 'error': None, 'executedCount': 0, 'wsState': 1} eval_ms=4 ram=5.7/16.0GB (35%) swap=1.0/2.9GB (34%) cpu=52% browser_rss=0.66GB
[12:52]   [capture-loop] iter=100 t=11.3s state={'complete': False, 'error': None, 'executedCount': 0, 'wsState': 1} eval_ms=4 ram=5.5/16.0GB (35%) swap=1.0/2.9GB (34%) cpu=59% browser_rss=0.54GB
[12:58]   [capture-loop] iter=150 t=16.8s state={'complete': False, 'error': None, 'executedCount': 0, 'wsState': 1} eval_ms=4 ram=5.5/16.0GB (35%) swap=1.0/2.9GB (34%) cpu=56% browser_rss=0.54GB
[13:03]   [capture-loop] iter=200 t=22.4s state={'complete': False, 'error': None, 'executedCount': 0, 'wsState': 1} eval_ms=3 ram=5.5/16.0GB (35%) swap=1.0/2.9GB (34%) cpu=56% browser_rss=0.54GB
[13:09]   [capture-loop] iter=250 t=28.1s state={'complete': False, 'error': None, 'executedCount': 0, 'wsState': 1} eval_ms=4 ram=5.5/16.0GB (34%) swap=1.0/2.9GB (34%) cpu=56% browser_rss=0.53GB
[13:14]   [capture-loop] iter=300 t=33.6s state={'complete': False, 'error': None, 'executedCount': 0, 'wsState': 1} eval_ms=4 ram=5.4/16.0GB (34%) swap=1.0/2.9GB (34%) cpu=56% browser_rss=0.53GB
[13:17]   [ComfyUI] Initital dimension: 33306 x 33306, number of constraints: 0, number of integer variables: 20058, use reordering: yes
[13:17]   [ComfyUI] COMISO::ConstrainedSolver::make_constraints_independent took 0.0010575999999999999 s.
[13:17]   [ComfyUI] Constraint integration took 0.0002198 s.
[13:17]   [ComfyUI] Constraint elimination took 0.0071256000000000002 s.
[13:17]   [ComfyUI] Reindexing took 0.00044089999999999998 s.
[13:17]   [ComfyUI] COMISO::ConstrainedSolver::eliminate_constraints took 0.0081753999999999993 s.
[13:17]   [ComfyUI] Eliminated dimension: 33306 x 33306
[13:17]   [ComfyUI] #nonzeros: 152166
[13:17]   [ComfyUI] integer variables #: 20058
[13:17]   [ComfyUI] continuous variables #: 13248
[13:17]   [ComfyUI] initial full solution
[13:17]   [ComfyUI] COMISO::EigenLDLTSolver::calc_system_eigen took 0.022413599999999999 s.
[13:18]   [ComfyUI] final full solution
[13:18]   [ComfyUI] COMISO::EigenLDLTSolver::update_system_eigen took 0.0070809000000000002 s.
[13:18]   [ComfyUI]  *** Statistics of MiSo Solver ***
[13:18]   [ComfyUI] Number of LOCAL iterations  = 3043
[13:18]   [ComfyUI] Number of CG    iterations  = 0
[13:18]   [ComfyUI] Number of FULL  iterations  = 2
[13:18]   [ComfyUI] Number of ROUNDING          = 20058
[13:18]   [ComfyUI] COMISO::MISolver::solve_multiple_rounding took 0.78097059999999996 s.
[13:18]   [ComfyUI] COMISO::MISolver::solve took 0.78125739999999999 s.
[13:18]   [ComfyUI] COMISO::ConstrainedSolver::restore_eliminated_vars took 0.0001708 s.
[13:18]   [ComfyUI] COMISO::ConstrainedSolver::solve took 0.79246369999999999 s.
[13:20]   [capture-loop] iter=350 t=39.2s state={'complete': False, 'error': None, 'executedCount': 0, 'wsState': 1} eval_ms=4 ram=5.4/16.0GB (34%) swap=1.0/2.9GB (34%) cpu=58% browser_rss=0.53GB
[13:21]   [ComfyUI] performed 202 adjustments for even rhs
[13:21]   [ComfyUI] performed 184 adjustments for even rhs
[13:25]   [ComfyUI] [worker:ComfyUI-GeometryPack] INFO: Output: 6906 vertices, 13804 faces
[13:25]   [ComfyUI] [worker:ComfyUI-GeometryPack]
[13:25]   [ComfyUI] === WATCHDOG TICK 4 ===
[13:25]   [ComfyUI] [worker:ComfyUI-GeometryPack] Current thread 0x000014f8 (most recent call first):
[13:25]   [ComfyUI]   File "C:\Users\RUNNER~1\AppData\Local\Temp\comfyui_pvenv_23kbyj93\persistent_worker.py", line 52 in _watchdog
[13:25]   [ComfyUI]   File "C:\ce\.pixi\envs\geometrypack-nodes\Lib\threading.py", line 995 in run
[13:25]   [ComfyUI]   File "C:\ce\.pixi\envs\geometrypack-nodes\Lib\threading.py", line 1044 in _bootstrap_inner
[13:25]   [ComfyUI]   File "C:\ce\.pixi\envs\geometrypack-nodes\Lib\threading.py", line 1015 in _bootstrap
[13:25]   [ComfyUI] 
[13:25]   [ComfyUI] Thread 0x00000f60 (most recent call first):
[13:25]   [ComfyUI]   File "C:\ce\.pixi\envs\geometrypack-nodes\Lib\site-packages\trimesh\caching.py", line 96 in tracked_array
[13:25]   [ComfyUI]   File "C:\ce\.pixi\envs\geometrypack-nodes\Lib\site-packages\trimesh\caching.py", line 651 in __setitem__
[13:25]   [ComfyUI]   File "C:\ce\.pixi\envs\geometrypack-nodes\Lib\site-packages\trimesh\base.py", line 381 in faces
[13:25]   [ComfyUI]   File "C:\ce\.pixi\envs\geometrypack-nodes\Lib\site-packages\trimesh\base.py", line 192 in __init__
[13:25]   [ComfyUI]   File "D:\a\comfy-gpu-ci\comfy-gpu-ci\test_workspaces\GeometryPack-2137\portable-comfyui\ComfyUI_windows_portable\ComfyUI\custom_nodes\ComfyUI-GeometryPack\nodes\remeshing\backends\quadwild.py", line 61 in execute
[13:25]   [ComfyUI]   File "D:\a\comfy-gpu-ci\comfy-gpu-ci\test_workspaces\GeometryPack-2137\portable-comfyui\ComfyUI_windows_portable\ComfyUI\comfy_api\latest\_io.py", line 1826 in EXECUTE_NORMALIZED
[13:25]   [ComfyUI]   File "C:\Users\RUNNER~1\AppData\Local\Temp\comfyui_pvenv_23kbyj93\persistent_worker.py", line 1762 in main
[13:25]   [ComfyUI]   File "C:\Users\RUNNER~1\AppData\Local\Temp\comfyui_pvenv_23kbyj93\persistent_worker.py", line 1807 in <module>
[13:25]   [ComfyUI] 
[13:25]   [ComfyUI] [worker:ComfyUI-GeometryPack] === END ===
[13:25]   [ComfyUI] 
[13:26]   [ComfyUI] [SubprocessWorker] got response: ok
[13:26]   [ComfyUI] [comfy-env] GeomPackRemesh_QuadWild done (43.93s): result: NodeOutput
[13:26]   [ComfyUI] [comfy-env] Running GeomPackPreviewMeshDual: layout: 'side_by_side', mode: 'fields', opacity_1: 1.0, opacity_2: 1.0, mesh_1: Trimesh, mesh_2: Trimesh
[13:26]   [ComfyUI] [SubprocessWorker] call_method: nodes.visualization.preview_mesh_dual.PreviewMeshDualNode.EXECUTE_NORMALIZED
[13:26]   [ComfyUI] [SubprocessWorker] acquired lock, ensuring started...
[13:26]   [ComfyUI] [ComfyUI-GeometryPack] Health check: ping (timeout=5.0s)...
[13:26]   [ComfyUI] [ComfyUI-GeometryPack] Health check: ok
[13:26]   [ComfyUI] [SubprocessWorker] worker started/confirmed
[13:26]   [ComfyUI] [SubprocessWorker] serializing kwargs to shm...
[13:26]   [ComfyUI] [SubprocessWorker] created 2 shm blocks
[13:26]   [ComfyUI] [SubprocessWorker] sending request via socket...
[13:26]   [ComfyUI] [SubprocessWorker] call_id=111 sending call_method
[13:26]   [capture-loop] iter=400 t=44.7s state={'complete': False, 'error': None, 'executedCount': 1, 'wsState': 1} eval_ms=4 ram=5.3/16.0GB (33%) swap=1.0/2.9GB (33%) cpu=56% browser_rss=0.53GB
[13:26]   Node executed (1 total), capturing...
[13:26]   [ComfyUI] [worker:ComfyUI-GeometryPack] INFO: Layout: side_by_side, Mode: fields
[13:26]   [ComfyUI] [worker:ComfyUI-GeometryPack] INFO: Mesh 1: Mesh - 56203 vertices, 112402 faces
[13:26]   [ComfyUI] [worker:ComfyUI-GeometryPack] INFO: Mesh 2: Mesh - 6906 vertices, 13804 faces
[13:26]   [ComfyUI] [worker:ComfyUI-GeometryPack] INFO: Mesh 1 fields: ['face.stl']
[13:26]   [ComfyUI] [worker:ComfyUI-GeometryPack] INFO: Mesh 2 fields: []
[13:26]   [ComfyUI] [worker:ComfyUI-GeometryPack] INFO: Common fields: []
[13:26]   [ComfyUI] [worker:ComfyUI-GeometryPack] INFO: Mesh 1 visual: kind=None, texture=False, vertex_colors=False
[13:26]   [ComfyUI] [worker:ComfyUI-GeometryPack] INFO: Mesh 2 visual: kind=None, texture=False, vertex_colors=False
[13:26]   [ComfyUI] [worker:ComfyUI-GeometryPack] INFO: Exporting mesh to VTP: D:\a\comfy-gpu-ci\comfy-gpu-ci\test_workspaces\GeometryPack-2137\portable-comfyui\ComfyUI_windows_portable\ComfyUI\output\preview_dual_1_1a3a69eb.vtp
[13:26]   [ComfyUI] [worker:ComfyUI-GeometryPack] INFO: Adding normals field (56203 vertices)
[13:26]   Frame 4 saved (frame_003.jpg, t=44.9s)
[13:26]   [capture-node] freeze=3ms shot=102ms unfreeze=7ms saved=True
[13:26]   [ComfyUI] [worker:ComfyUI-GeometryPack] INFO: Adding face field: stl
[13:26]   [ComfyUI] [worker:ComfyUI-GeometryPack] INFO: Export complete: 56203 vertices, 112402 faces
[13:26]   [ComfyUI] [worker:ComfyUI-GeometryPack] INFO: Exported VTP with fields: D:\a\comfy-gpu-ci\comfy-gpu-ci\test_workspaces\GeometryPack-2137\portable-comfyui\ComfyUI_windows_portable\ComfyUI\output\preview_dual_1_1a3a69eb.vtp
[13:26]   [ComfyUI] [worker:ComfyUI-GeometryPack] INFO: Exported STL: D:\a\comfy-gpu-ci\comfy-gpu-ci\test_workspaces\GeometryPack-2137\portable-comfyui\ComfyUI_windows_portable\ComfyUI\output\preview_dual_2_1a3a69eb.stl
[13:26]   [ComfyUI] [worker:ComfyUI-GeometryPack] INFO: Preview ready
[13:26]   [ComfyUI] [SubprocessWorker] got response: ok
[13:26]   [ComfyUI] [comfy-env] GeomPackPreviewMeshDual done (0.74s): result: NodeOutput
[13:26]   [ComfyUI] Prompt executed in 45.25 seconds
[13:26]   Node executed (2 total), capturing...
[13:27]   Frame 5 saved (frame_004.jpg, t=45.6s)
[13:27]   [capture-node] freeze=4ms shot=95ms unfreeze=0ms saved=True
[13:27]   Execution complete (t=45.6s)
[13:27]   Captured 5 unique frames over 45.73s
[13:27]   [debug] iframes: 1
[13:27]   [debug]   iframe[0]: src=http://127.0.0.1:41896/extensions/ComfyUI-GeometryPack/viewer_dual.html?v=177844, canvas=0x0, rafFrozen=False
[13:27]   [timing] trigger_3d_previews: 0.0s
[13:29]   Saved high-quality screenshot: remeshing_executed.png
[13:29]   [timing] final_screenshot: 0.3s
[13:29]   [20/33] SKIPPED (not in cpu list) remeshing_all.json
[13:30] Capturing execution frames: sharpen.json
[13:36]   Frame 1 saved (frame_000.jpg, t=0.0s)
[13:36]   Validating workflow...
[13:36]   [ComfyUI] === /validate endpoint called ===
[13:36]   [ComfyUI] Received JSON with keys: ['prompt']
[13:36]   [ComfyUI] Prompt has 4 nodes
[13:36]   [ComfyUI]   Node 4: GeomPackLoadMesh
[13:36]   [ComfyUI]     Inputs: {"file_path": "3d/noisy/Fandisk0.3/Noisy.obj"}
[13:36]   Queuing workflow for execution...
[13:36]   [ComfyUI]   Node 6: GeomPackLoadMesh
[13:36]   [ComfyUI]     Inputs: {"file_path": "3d/noisy/Fandisk0.3/Original.obj"}
[13:36]   [ComfyUI]   Node 7: GeomPackSharpenMesh
[13:36]   [ComfyUI]     Inputs: {"backend": "two_step", "backend.smooth_steps": 2, "backend.normal_threshold": 60, "trimesh": ["4", 0]}
[13:36]   [ComfyUI]   Node 8: GeomPackPreviewMeshMulti
[13:36]   [ComfyUI]     Inputs: {"mode": "fields", "preview_multi": "{\"show_edges\":true,\"camera_state\":\"{\\\"position\\\":[11.988365833801835,17.82450062324679,9.744545997398912],\\\"focalPoint\\\":[2.4225937947630882,15.191427
[13:36]   [ComfyUI] Generated prompt_id: 6e5a4a89-18cc-433d-9bc5-09a4011d617e
[13:36]   [ComfyUI] Calling execution.validate_prompt()...
[13:36]   [ComfyUI] Validation result: valid=True
[13:36]   [ComfyUI] === Validation PASSED ===
[13:36]   [ComfyUI] got prompt
[13:36]   [ComfyUI] [comfy-env] Running GeomPackLoadMesh: file_path: '3d/noisy/Fandisk0.3/Noisy.obj'
[13:36]   [ComfyUI] [SubprocessWorker] call_method: nodes.io.load_mesh.LoadMesh.EXECUTE_NORMALIZED
[13:36]   [ComfyUI] [SubprocessWorker] acquired lock, ensuring started...
[13:36]   [ComfyUI] [ComfyUI-GeometryPack] Health check: ping (timeout=5.0s)...
[13:36]   [ComfyUI] [ComfyUI-GeometryPack] Health check: ok
[13:36]   [ComfyUI] [SubprocessWorker] worker started/confirmed
[13:36]   [ComfyUI] [SubprocessWorker] serializing kwargs to shm...
[13:36]   [ComfyUI] [SubprocessWorker] created 0 shm blocks
[13:36]   [ComfyUI] [SubprocessWorker] sending request via socket...
[13:36]   [ComfyUI] [SubprocessWorker] call_id=112 sending call_method
[13:36]   [ComfyUI] [worker:ComfyUI-GeometryPack] INFO: Found mesh in input folder: 3d/noisy/Fandisk0.3/Noisy.obj
[13:36]   [ComfyUI] [worker:ComfyUI-GeometryPack] INFO: Loading: D:\a\comfy-gpu-ci\comfy-gpu-ci\test_workspaces\GeometryPack-2137\portable-comfyui\ComfyUI_windows_portable\ComfyUI\input\3d/noisy/Fandisk0.3/Noisy.obj
[13:36]   [ComfyUI] [worker:ComfyUI-GeometryPack] INFO: Initial mesh: 6475 vertices, 12946 faces
[13:36]   [ComfyUI] [worker:ComfyUI-GeometryPack] INFO: Successfully loaded: 6475 vertices, 12946 faces
[13:36]   [ComfyUI] [worker:ComfyUI-GeometryPack] INFO: Loaded: 6475 vertices, 12946 faces
[13:36]   [ComfyUI] [SubprocessWorker] got response: ok
[13:36]   [ComfyUI] [comfy-env] GeomPackLoadMesh done (0.15s): result: NodeOutput
[13:36]   [ComfyUI] [comfy-env] Running GeomPackSharpenMesh: backend: dict, trimesh: Trimesh
[13:36]   [ComfyUI] [SubprocessWorker] call_method: nodes.smoothing.sharpen.SharpenMeshNode.EXECUTE_NORMALIZED
[13:36]   [ComfyUI] [SubprocessWorker] acquired lock, ensuring started...
[13:36]   [ComfyUI] [ComfyUI-GeometryPack] Health check: ping (timeout=5.0s)...
[13:36]   [ComfyUI] [ComfyUI-GeometryPack] Health check: ok
[13:36]   [ComfyUI] [SubprocessWorker] worker started/confirmed
[13:36]   [ComfyUI] [SubprocessWorker] serializing kwargs to shm...
[13:36]   [ComfyUI] [SubprocessWorker] created 1 shm blocks
[13:36]   [ComfyUI] [SubprocessWorker] sending request via socket...
[13:36]   [ComfyUI] [SubprocessWorker] call_id=113 sending call_method
[13:36]   [ComfyUI] [worker:ComfyUI-GeometryPack] INFO: Sharpen dispatch: two_step -> GeomPackSharpen_TwoStep
[13:36]   [ComfyUI] [SubprocessWorker] got response: ok
[13:36]   [ComfyUI] [comfy-env] GeomPackSharpenMesh done (0.09s): result: NodeOutput
[13:36]   [ComfyUI] [comfy-env] Running GeomPackSharpen_TwoStep: trimesh: Trimesh, smooth_steps: 2, normal_threshold: 60.0
[13:36]   [ComfyUI] [SubprocessWorker] call_method: nodes.smoothing.sharpen_backends.two_step.SharpenTwoStepNode.EXECUTE_NORMALIZED
[13:36]   [ComfyUI] [SubprocessWorker] acquired lock, ensuring started...
[13:36]   [ComfyUI] [ComfyUI-GeometryPack] Health check: ping (timeout=5.0s)...
[13:36]   [ComfyUI] [ComfyUI-GeometryPack] Health check: ok
[13:36]   [ComfyUI] [SubprocessWorker] worker started/confirmed
[13:36]   [ComfyUI] [SubprocessWorker] serializing kwargs to shm...
[13:36]   [ComfyUI] [SubprocessWorker] created 1 shm blocks
[13:36]   [ComfyUI] [SubprocessWorker] sending request via socket...
[13:36]   [ComfyUI] [SubprocessWorker] call_id=114 sending call_method
[13:36]   [ComfyUI] [worker:ComfyUI-GeometryPack] INFO: Backend: two_step
[13:36]   [ComfyUI] [worker:ComfyUI-GeometryPack] INFO: Input: 6475 vertices, 12946 faces
[13:36]   [ComfyUI] [worker:ComfyUI-GeometryPack] INFO: Parameters: smooth_steps=2, normal_threshold=60.0
[13:36]   [ComfyUI] [worker:ComfyUI-GeometryPack] INFO: Output: 6475 vertices, 12946 faces
[13:36]   [ComfyUI] [worker:ComfyUI-GeometryPack] INFO: Avg vertex displacement: 0.050268, max: 0.269867
[13:36]   [ComfyUI] [SubprocessWorker] got response: ok
[13:36]   [ComfyUI] [comfy-env] GeomPackSharpen_TwoStep done (0.20s): result: NodeOutput
[13:36]   [ComfyUI] [comfy-env] Running GeomPackLoadMesh: file_path: '3d/noisy/Fandisk0.3/Original.obj'
[13:36]   [ComfyUI] [SubprocessWorker] call_method: nodes.io.load_mesh.LoadMesh.EXECUTE_NORMALIZED
[13:36]   [ComfyUI] [SubprocessWorker] acquired lock, ensuring started...
[13:36]   [ComfyUI] [ComfyUI-GeometryPack] Health check: ping (timeout=5.0s)...
[13:36]   [ComfyUI] [ComfyUI-GeometryPack] Health check: ok
[13:36]   [ComfyUI] [SubprocessWorker] worker started/confirmed
[13:36]   [ComfyUI] [SubprocessWorker] serializing kwargs to shm...
[13:36]   [ComfyUI] [SubprocessWorker] created 0 shm blocks
[13:36]   [ComfyUI] [SubprocessWorker] sending request via socket...
[13:36]   [ComfyUI] [SubprocessWorker] call_id=115 sending call_method
[13:36]   Node executed (1 total), capturing...
[13:36]   [ComfyUI] [worker:ComfyUI-GeometryPack] INFO: Found mesh in input folder: 3d/noisy/Fandisk0.3/Original.obj
[13:36]   [ComfyUI] [worker:ComfyUI-GeometryPack] INFO: Loading: D:\a\comfy-gpu-ci\comfy-gpu-ci\test_workspaces\GeometryPack-2137\portable-comfyui\ComfyUI_windows_portable\ComfyUI\input\3d/noisy/Fandisk0.3/Original.obj
[13:36]   [ComfyUI] [worker:ComfyUI-GeometryPack] INFO: Initial mesh: 6475 vertices, 12946 faces
[13:36]   [ComfyUI] [worker:ComfyUI-GeometryPack] INFO: Successfully loaded: 6475 vertices, 12946 faces
[13:36]   [ComfyUI] [worker:ComfyUI-GeometryPack] INFO: Loaded: 6475 vertices, 12946 faces
[13:36]   [ComfyUI] [SubprocessWorker] got response: ok
[13:36]   [ComfyUI] [comfy-env] GeomPackLoadMesh done (0.17s): result: NodeOutput
[13:36]   [ComfyUI] [comfy-env] Running GeomPackPreviewMeshMulti: mode: 'fields', mesh_1: Trimesh, mesh_2: Trimesh, mesh_3: Trimesh
[13:36]   [ComfyUI] [SubprocessWorker] call_method: nodes.visualization.preview_mesh_multi.PreviewMeshMultiNode.EXECUTE_NORMALIZED
[13:36]   [ComfyUI] [SubprocessWorker] acquired lock, ensuring started...
[13:36]   [ComfyUI] [ComfyUI-GeometryPack] Health check: ping (timeout=5.0s)...
[13:36]   [ComfyUI] [ComfyUI-GeometryPack] Health check: ok
[13:36]   [ComfyUI] [SubprocessWorker] worker started/confirmed
[13:36]   [ComfyUI] [SubprocessWorker] serializing kwargs to shm...
[13:36]   [ComfyUI] [SubprocessWorker] created 3 shm blocks
[13:36]   [ComfyUI] [SubprocessWorker] sending request via socket...
[13:36]   [ComfyUI] [SubprocessWorker] call_id=116 sending call_method
[13:36]   [ComfyUI] [worker:ComfyUI-GeometryPack] INFO: Mode: fields, Meshes: 3
[13:36]   [ComfyUI] [worker:ComfyUI-GeometryPack] INFO: Mesh 1: Mesh - 6475 vertices, 12946 faces
[13:36]   [ComfyUI] [worker:ComfyUI-GeometryPack] INFO: Exporting mesh to VTP: D:\a\comfy-gpu-ci\comfy-gpu-ci\test_workspaces\GeometryPack-2137\portable-comfyui\ComfyUI_windows_portable\ComfyUI\output\preview_multi_1_76088322.vtp
[13:36]   [ComfyUI] [worker:ComfyUI-GeometryPack] INFO: Adding normals field (6475 vertices)
[13:36]   [ComfyUI] [worker:ComfyUI-GeometryPack] INFO: Export complete: 6475 vertices, 12946 faces
[13:36]   [ComfyUI] [worker:ComfyUI-GeometryPack] INFO: Exported VTP: D:\a\comfy-gpu-ci\comfy-gpu-ci\test_workspaces\GeometryPack-2137\portable-comfyui\ComfyUI_windows_portable\ComfyUI\output\preview_multi_1_76088322.vtp
[13:36]   Frame 2 saved (frame_001.jpg, t=0.8s)
[13:36]   [capture-node] freeze=3ms shot=94ms unfreeze=3ms saved=True
[13:36]   [ComfyUI] [worker:ComfyUI-GeometryPack] INFO: Mesh 2: Mesh - 6475 vertices, 12946 faces
[13:36]   [ComfyUI] [worker:ComfyUI-GeometryPack] INFO: Exporting mesh to VTP: D:\a\comfy-gpu-ci\comfy-gpu-ci\test_workspaces\GeometryPack-2137\portable-comfyui\ComfyUI_windows_portable\ComfyUI\output\preview_multi_2_76088322.vtp
[13:36]   [ComfyUI] [worker:ComfyUI-GeometryPack] INFO: Adding normals field (6475 vertices)
[13:37]   [ComfyUI] [worker:ComfyUI-GeometryPack] INFO: Export complete: 6475 vertices, 12946 faces
[13:37]   [ComfyUI] [worker:ComfyUI-GeometryPack] INFO: Exported VTP: D:\a\comfy-gpu-ci\comfy-gpu-ci\test_workspaces\GeometryPack-2137\portable-comfyui\ComfyUI_windows_portable\ComfyUI\output\preview_multi_2_76088322.vtp
[13:37]   [ComfyUI] [worker:ComfyUI-GeometryPack] INFO: Mesh 3: Mesh - 6475 vertices, 12946 faces
[13:37]   [ComfyUI] [worker:ComfyUI-GeometryPack] INFO: Exporting mesh to VTP: D:\a\comfy-gpu-ci\comfy-gpu-ci\test_workspaces\GeometryPack-2137\portable-comfyui\ComfyUI_windows_portable\ComfyUI\output\preview_multi_3_76088322.vtp
[13:37]   [ComfyUI] [worker:ComfyUI-GeometryPack] INFO: Adding normals field (6475 vertices)
[13:37]   [ComfyUI] [worker:ComfyUI-GeometryPack] INFO: Export complete: 6475 vertices, 12946 faces
[13:37]   [ComfyUI] [worker:ComfyUI-GeometryPack] INFO: Exported VTP: D:\a\comfy-gpu-ci\comfy-gpu-ci\test_workspaces\GeometryPack-2137\portable-comfyui\ComfyUI_windows_portable\ComfyUI\output\preview_multi_3_76088322.vtp
[13:37]   [ComfyUI] [worker:ComfyUI-GeometryPack] INFO: Grid: 3x1, Preview ready
[13:37]   [ComfyUI] [SubprocessWorker] got response: ok
[13:37]   [ComfyUI] [comfy-env] GeomPackPreviewMeshMulti done (0.37s): result: NodeOutput
[13:37]   [ComfyUI] Prompt executed in 0.99 seconds
[13:37]   Node executed (2 total), capturing...
[13:38]   Frame 3 saved (frame_002.jpg, t=1.4s)
[13:38]   [capture-node] freeze=396ms shot=352ms unfreeze=0ms saved=True
[13:38]   Execution complete (t=1.4s)
[13:38]   Captured 3 unique frames over 2.15s
[13:38]   [debug] iframes: 1
[13:38]   [debug]   iframe[0]: src=http://127.0.0.1:41896/extensions/ComfyUI-GeometryPack/viewer_multi.html?v=17784, canvas=244x393, rafFrozen=True
[13:38]   [timing] trigger_3d_previews: 0.0s
[13:40]   Saved high-quality screenshot: sharpen_executed.png
[13:40]   [timing] final_screenshot: 0.2s
[13:40] Capturing execution frames: sharpen_all.json
[13:47]   Frame 1 saved (frame_000.jpg, t=0.0s)
[13:47]   Validating workflow...
[13:47]   [ComfyUI] === /validate endpoint called ===
[13:47]   [ComfyUI] Received JSON with keys: ['prompt']
[13:47]   [ComfyUI] Prompt has 10 nodes
[13:47]   [ComfyUI]   Node 1: GeomPackLoadMesh
[13:47]   [ComfyUI]     Inputs: {"file_path": "3d/noisy/Fandisk0.3/Noisy.obj"}
[13:47]   [ComfyUI]   Node 2: GeomPackSharpenMesh
[13:47]   [ComfyUI]     Inputs: {"backend": "two_step", "backend.smooth_steps": 3, "backend.normal_threshold": 60, "trimesh": ["1", 0]}
[13:47]   Queuing workflow for execution...
[13:47]   [ComfyUI]   Node 4: GeomPackSharpenMesh
[13:47]   [ComfyUI]     Inputs: {"backend": "libigl_unsharp", "backend.weight": 0.5, "backend.iterations": 3, "trimesh": ["1", 0]}
[13:47]   [ComfyUI]   Node 5: GeomPackSharpenMesh
[13:47]   [ComfyUI]     Inputs: {"backend": "l0_minimize", "backend.alpha": 0.001, "backend.beta": 2, "backend.iterations": 10, "trimesh": ["1", 0]}
[13:47]   [ComfyUI]   Node 6: GeomPackSharpenMesh
[13:47]   [ComfyUI]     Inputs: {"backend": "guided_normal", "backend.normal_iterations": 5, "backend.vertex_iterations": 10, "backend.sigma_s": 1, "backend.sigma_r": 0.35, "trimesh": ["1", 0]}
[13:47]   [ComfyUI]   Node 8: GeomPackSharpenMesh
[13:47]   [ComfyUI]     Inputs: {"backend": "fast_effective", "backend.threshold_T": 0.2, "backend.normal_iterations": 10, "backend.vertex_iterations": 20, "trimesh": ["1", 0]}
[13:47]   [ComfyUI]   Node 9: GeomPackSharpenMesh
[13:47]   [ComfyUI]     Inputs: {"backend": "non_iterative", "backend.sigma_f": 1, "backend.sigma_g": 1, "trimesh": ["1", 0]}
[13:47]   [ComfyUI]   Node 10: GeomPackPreviewMeshMulti
[13:47]   [ComfyUI]     Inputs: {"mode": "fields", "preview_multi": "{\"show_edges\":true,\"camera_state\":\"{\\\"position\\\":[-5.961122528109332,15.888697444123462,3.5443586005740766],\\\"focalPoint\\\":[2.429478704929352,15.20779
[13:47]   [ComfyUI]   Node 11: GeomPackPreviewMeshMulti
[13:47]   [ComfyUI]     Inputs: {"mode": "fields", "preview_multi": "{\"show_edges\":true,\"camera_state\":\"{\\\"position\\\":[-5.961122528109332,15.888697444123462,3.5443586005740766],\\\"focalPoint\\\":[2.429478704929352,15.20779
[13:47]   [ComfyUI]   Node 15: GeomPackSharpenMesh
[13:47]   [ComfyUI]     Inputs: {"backend": "unsharp_mask", "backend.weight": 0.3, "backend.iterations": 5, "trimesh": ["1", 0]}
[13:47]   [ComfyUI] Generated prompt_id: 83971b3c-ad3e-41ce-b632-d2a42eb6d736
[13:47]   [ComfyUI] Calling execution.validate_prompt()...
[13:47]   [ComfyUI] Validation result: valid=True
[13:47]   [ComfyUI] === Validation PASSED ===
[13:47]   [ComfyUI] got prompt
[13:47]   [ComfyUI] [comfy-env] Running GeomPackLoadMesh: file_path: '3d/noisy/Fandisk0.3/Noisy.obj'
[13:47]   [ComfyUI] [SubprocessWorker] call_method: nodes.io.load_mesh.LoadMesh.EXECUTE_NORMALIZED
[13:47]   [ComfyUI] [SubprocessWorker] acquired lock, ensuring started...
[13:47]   [ComfyUI] [ComfyUI-GeometryPack] Health check: ping (timeout=5.0s)...
[13:47]   [ComfyUI] [ComfyUI-GeometryPack] Health check: ok
[13:47]   [ComfyUI] [SubprocessWorker] worker started/confirmed
[13:47]   [ComfyUI] [SubprocessWorker] serializing kwargs to shm...
[13:47]   [ComfyUI] [SubprocessWorker] created 0 shm blocks
[13:47]   [ComfyUI] [SubprocessWorker] sending request via socket...
[13:47]   [ComfyUI] [SubprocessWorker] call_id=117 sending call_method
[13:47]   [ComfyUI] [worker:ComfyUI-GeometryPack] INFO: Found mesh in input folder: 3d/noisy/Fandisk0.3/Noisy.obj
[13:47]   [ComfyUI] [worker:ComfyUI-GeometryPack] INFO: Loading: D:\a\comfy-gpu-ci\comfy-gpu-ci\test_workspaces\GeometryPack-2137\portable-comfyui\ComfyUI_windows_portable\ComfyUI\input\3d/noisy/Fandisk0.3/Noisy.obj
[13:47]   [ComfyUI] [worker:ComfyUI-GeometryPack] INFO: Initial mesh: 6475 vertices, 12946 faces
[13:47]   [ComfyUI] [worker:ComfyUI-GeometryPack] INFO: Successfully loaded: 6475 vertices, 12946 faces
[13:47]   [ComfyUI] [worker:ComfyUI-GeometryPack] INFO: Loaded: 6475 vertices, 12946 faces
[13:47]   [ComfyUI] [SubprocessWorker] got response: ok
[13:47]   [ComfyUI] [comfy-env] GeomPackLoadMesh done (0.16s): result: NodeOutput
[13:47]   [ComfyUI] [comfy-env] Running GeomPackSharpenMesh: backend: dict, trimesh: Trimesh
[13:47]   [ComfyUI] [SubprocessWorker] call_method: nodes.smoothing.sharpen.SharpenMeshNode.EXECUTE_NORMALIZED
[13:47]   [ComfyUI] [SubprocessWorker] acquired lock, ensuring started...
[13:47]   [ComfyUI] [ComfyUI-GeometryPack] Health check: ping (timeout=5.0s)...
[13:47]   [ComfyUI] [ComfyUI-GeometryPack] Health check: ok
[13:47]   [ComfyUI] [SubprocessWorker] worker started/confirmed
[13:47]   [ComfyUI] [SubprocessWorker] serializing kwargs to shm...
[13:47]   [ComfyUI] [SubprocessWorker] created 1 shm blocks
[13:47]   [ComfyUI] [SubprocessWorker] sending request via socket...
[13:47]   [ComfyUI] [SubprocessWorker] call_id=118 sending call_method
[13:47]   [ComfyUI] [worker:ComfyUI-GeometryPack] INFO: Sharpen dispatch: guided_normal -> GeomPackSharpen_GuidedNormal
[13:47]   [ComfyUI] [SubprocessWorker] got response: ok
[13:47]   [ComfyUI] [comfy-env] GeomPackSharpenMesh done (0.11s): result: NodeOutput
[13:47]   [ComfyUI] [comfy-env] Running GeomPackSharpenMesh: backend: dict, trimesh: Trimesh
[13:47]   [ComfyUI] [SubprocessWorker] call_method: nodes.smoothing.sharpen.SharpenMeshNode.EXECUTE_NORMALIZED
[13:47]   [ComfyUI] [SubprocessWorker] acquired lock, ensuring started...
[13:47]   [ComfyUI] [ComfyUI-GeometryPack] Health check: ping (timeout=5.0s)...
[13:47]   [ComfyUI] [ComfyUI-GeometryPack] Health check: ok
[13:47]   [ComfyUI] [SubprocessWorker] worker started/confirmed
[13:47]   [ComfyUI] [SubprocessWorker] serializing kwargs to shm...
[13:47]   [ComfyUI] [SubprocessWorker] created 1 shm blocks
[13:47]   [ComfyUI] [SubprocessWorker] sending request via socket...
[13:47]   [ComfyUI] [SubprocessWorker] call_id=119 sending call_method
[13:47]   [ComfyUI] [worker:ComfyUI-GeometryPack] INFO: Sharpen dispatch: non_iterative -> GeomPackSharpen_NonIterative
[13:47]   [ComfyUI] [SubprocessWorker] got response: ok
[13:47]   [ComfyUI] [comfy-env] GeomPackSharpenMesh done (0.10s): result: NodeOutput
[13:47]   [ComfyUI] [comfy-env] Running GeomPackSharpenMesh: backend: dict, trimesh: Trimesh
[13:47]   [ComfyUI] [SubprocessWorker] call_method: nodes.smoothing.sharpen.SharpenMeshNode.EXECUTE_NORMALIZED
[13:47]   [ComfyUI] [SubprocessWorker] acquired lock, ensuring started...
[13:47]   [ComfyUI] [ComfyUI-GeometryPack] Health check: ping (timeout=5.0s)...
[13:47]   [ComfyUI] [ComfyUI-GeometryPack] Health check: ok
[13:47]   [ComfyUI] [SubprocessWorker] worker started/confirmed
[13:47]   [ComfyUI] [SubprocessWorker] serializing kwargs to shm...
[13:47]   [ComfyUI] [SubprocessWorker] created 1 shm blocks
[13:47]   [ComfyUI] [SubprocessWorker] sending request via socket...
[13:47]   [ComfyUI] [SubprocessWorker] call_id=120 sending call_method
[13:47]   [ComfyUI] [worker:ComfyUI-GeometryPack] INFO: Sharpen dispatch: libigl_unsharp -> GeomPackSharpen_LibiglUnsharp
[13:47]   [ComfyUI] [SubprocessWorker] got response: ok
[13:47]   [ComfyUI] [comfy-env] GeomPackSharpenMesh done (0.09s): result: NodeOutput
[13:47]   [ComfyUI] [comfy-env] Running GeomPackSharpenMesh: backend: dict, trimesh: Trimesh
[13:47]   [ComfyUI] [SubprocessWorker] call_method: nodes.smoothing.sharpen.SharpenMeshNode.EXECUTE_NORMALIZED
[13:47]   [ComfyUI] [SubprocessWorker] acquired lock, ensuring started...
[13:47]   [ComfyUI] [ComfyUI-GeometryPack] Health check: ping (timeout=5.0s)...
[13:47]   [ComfyUI] [ComfyUI-GeometryPack] Health check: ok
[13:47]   [ComfyUI] [SubprocessWorker] worker started/confirmed
[13:47]   [ComfyUI] [SubprocessWorker] serializing kwargs to shm...
[13:47]   [ComfyUI] [SubprocessWorker] created 1 shm blocks
[13:47]   [ComfyUI] [SubprocessWorker] sending request via socket...
[13:47]   [ComfyUI] [SubprocessWorker] call_id=121 sending call_method
[13:47]   [ComfyUI] [worker:ComfyUI-GeometryPack] INFO: Sharpen dispatch: unsharp_mask -> GeomPackSharpen_UnsharpMask
[13:47]   [ComfyUI] [SubprocessWorker] got response: ok
[13:47]   [ComfyUI] [comfy-env] GeomPackSharpenMesh done (0.09s): result: NodeOutput
[13:47]   [ComfyUI] [comfy-env] Running GeomPackSharpenMesh: backend: dict, trimesh: Trimesh
[13:47]   [ComfyUI] [SubprocessWorker] call_method: nodes.smoothing.sharpen.SharpenMeshNode.EXECUTE_NORMALIZED
[13:47]   [ComfyUI] [SubprocessWorker] acquired lock, ensuring started...
[13:47]   [ComfyUI] [ComfyUI-GeometryPack] Health check: ping (timeout=5.0s)...
[13:47]   [ComfyUI] [ComfyUI-GeometryPack] Health check: ok
[13:47]   [ComfyUI] [SubprocessWorker] worker started/confirmed
[13:47]   [ComfyUI] [SubprocessWorker] serializing kwargs to shm...
[13:47]   [ComfyUI] [SubprocessWorker] created 1 shm blocks
[13:47]   [ComfyUI] [SubprocessWorker] sending request via socket...
[13:47]   [ComfyUI] [SubprocessWorker] call_id=122 sending call_method
[13:47]   [ComfyUI] [worker:ComfyUI-GeometryPack] INFO: Sharpen dispatch: two_step -> GeomPackSharpen_TwoStep
[13:47]   [ComfyUI] [SubprocessWorker] got response: ok
[13:47]   [ComfyUI] [comfy-env] GeomPackSharpenMesh done (0.10s): result: NodeOutput
[13:47]   [ComfyUI] [comfy-env] Running GeomPackSharpenMesh: backend: dict, trimesh: Trimesh
[13:47]   [ComfyUI] [SubprocessWorker] call_method: nodes.smoothing.sharpen.SharpenMeshNode.EXECUTE_NORMALIZED
[13:47]   [ComfyUI] [SubprocessWorker] acquired lock, ensuring started...
[13:47]   [ComfyUI] [ComfyUI-GeometryPack] Health check: ping (timeout=5.0s)...
[13:47]   [ComfyUI] [ComfyUI-GeometryPack] Health check: ok
[13:47]   [ComfyUI] [SubprocessWorker] worker started/confirmed
[13:47]   [ComfyUI] [SubprocessWorker] serializing kwargs to shm...
[13:47]   [ComfyUI] [SubprocessWorker] created 1 shm blocks
[13:47]   [ComfyUI] [SubprocessWorker] sending request via socket...
[13:47]   [ComfyUI] [SubprocessWorker] call_id=123 sending call_method
[13:47]   [ComfyUI] [worker:ComfyUI-GeometryPack] INFO: Sharpen dispatch: l0_minimize -> GeomPackSharpen_L0Minimize
[13:47]   [ComfyUI] [SubprocessWorker] got response: ok
[13:47]   [ComfyUI] [comfy-env] GeomPackSharpenMesh done (0.10s): result: NodeOutput
[13:47]   [ComfyUI] [comfy-env] Running GeomPackSharpenMesh: backend: dict, trimesh: Trimesh
[13:47]   [ComfyUI] [SubprocessWorker] call_method: nodes.smoothing.sharpen.SharpenMeshNode.EXECUTE_NORMALIZED
[13:47]   [ComfyUI] [SubprocessWorker] acquired lock, ensuring started...
[13:47]   [ComfyUI] [ComfyUI-GeometryPack] Health check: ping (timeout=5.0s)...
[13:47]   [ComfyUI] [ComfyUI-GeometryPack] Health check: ok
[13:47]   [ComfyUI] [SubprocessWorker] worker started/confirmed
[13:47]   [ComfyUI] [SubprocessWorker] serializing kwargs to shm...
[13:47]   [ComfyUI] [SubprocessWorker] created 1 shm blocks
[13:47]   [ComfyUI] [SubprocessWorker] sending request via socket...
[13:47]   [ComfyUI] [SubprocessWorker] call_id=124 sending call_method
[13:47]   [ComfyUI] [worker:ComfyUI-GeometryPack] INFO: Sharpen dispatch: fast_effective -> GeomPackSharpen_FastEffective
[13:48]   [ComfyUI] [SubprocessWorker] got response: ok
[13:48]   [ComfyUI] [comfy-env] GeomPackSharpenMesh done (0.09s): result: NodeOutput
[13:48]   [ComfyUI] [comfy-env] Running GeomPackSharpen_GuidedNormal: trimesh: Trimesh, normal_iterations: 5, vertex_iterations: 10, sigma_s: 1.0, sigma_r: 0.35
[13:48]   [ComfyUI] [SubprocessWorker] call_method: nodes.smoothing.sharpen_backends.guided_normal.SharpenGuidedNormalNode.EXECUTE_NORMALIZED
[13:48]   [ComfyUI] [SubprocessWorker] acquired lock, ensuring started...
[13:48]   [ComfyUI] [ComfyUI-GeometryPack] Health check: ping (timeout=5.0s)...
[13:48]   [ComfyUI] [ComfyUI-GeometryPack] Health check: ok
[13:48]   [ComfyUI] [SubprocessWorker] worker started/confirmed
[13:48]   [ComfyUI] [SubprocessWorker] serializing kwargs to shm...
[13:48]   [ComfyUI] [SubprocessWorker] created 1 shm blocks
[13:48]   [ComfyUI] [SubprocessWorker] sending request via socket...
[13:48]   [ComfyUI] [SubprocessWorker] call_id=125 sending call_method
[13:48]   [ComfyUI] [worker:ComfyUI-GeometryPack] INFO: Backend: guided_normal
[13:48]   [ComfyUI] [worker:ComfyUI-GeometryPack] INFO: Input: 6475 vertices, 12946 faces
[13:48]   [ComfyUI] [worker:ComfyUI-GeometryPack] INFO: Parameters: normal_iter=5, vertex_iter=10, sigma_s=1.00, sigma_r=0.350
[13:49]   Frame 2 saved (frame_001.jpg, t=2.3s)
[13:49]   [capture-periodic] freeze=3ms shot=116ms unfreeze=4ms saved=True
[13:51]   Frame 3 saved (frame_002.jpg, t=4.5s)
[13:51]   [capture-periodic] freeze=3ms shot=127ms unfreeze=3ms saved=True
[13:52]   [capture-loop] iter=50 t=5.9s state={'complete': False, 'error': None, 'executedCount': 0, 'wsState': 1} eval_ms=5 ram=5.0/16.0GB (32%) swap=1.1/2.9GB (39%) cpu=53% browser_rss=0.56GB
[13:58]   [capture-loop] iter=100 t=11.6s state={'complete': False, 'error': None, 'executedCount': 0, 'wsState': 1} eval_ms=3 ram=5.0/16.0GB (31%) swap=1.1/2.9GB (39%) cpu=57% browser_rss=0.55GB
[14:04]   [capture-loop] iter=150 t=17.1s state={'complete': False, 'error': None, 'executedCount': 0, 'wsState': 1} eval_ms=4 ram=5.0/16.0GB (31%) swap=1.1/2.9GB (39%) cpu=56% browser_rss=0.54GB
[14:09]   [capture-loop] iter=200 t=22.8s state={'complete': False, 'error': None, 'executedCount': 0, 'wsState': 1} eval_ms=4 ram=5.0/16.0GB (31%) swap=1.1/2.9GB (39%) cpu=56% browser_rss=0.54GB
[14:15]   [capture-loop] iter=250 t=28.5s state={'complete': False, 'error': None, 'executedCount': 0, 'wsState': 1} eval_ms=3 ram=5.0/16.0GB (31%) swap=1.1/2.9GB (39%) cpu=58% browser_rss=0.54GB
[14:21]   [capture-loop] iter=300 t=34.1s state={'complete': False, 'error': None, 'executedCount': 0, 'wsState': 1} eval_ms=3 ram=5.0/16.0GB (31%) swap=1.1/2.9GB (39%) cpu=56% browser_rss=0.54GB
[14:24]   [ComfyUI] [worker:ComfyUI-GeometryPack] INFO: Output: 6475 vertices, 12946 faces
[14:24]   [ComfyUI] [worker:ComfyUI-GeometryPack] INFO: Avg vertex displacement: 0.025300, max: 0.123510
[14:24]   [ComfyUI] [SubprocessWorker] got response: ok
[14:24]   [ComfyUI] [comfy-env] GeomPackSharpen_GuidedNormal done (36.09s): result: NodeOutput
[14:24]   [ComfyUI] [comfy-env] Running GeomPackSharpen_NonIterative: trimesh: Trimesh, sigma_f: 1.0, sigma_g: 1.0
[14:24]   [ComfyUI] [SubprocessWorker] call_method: nodes.smoothing.sharpen_backends.non_iterative.SharpenNonIterativeNode.EXECUTE_NORMALIZED
[14:24]   [ComfyUI] [SubprocessWorker] acquired lock, ensuring started...
[14:24]   [ComfyUI] [ComfyUI-GeometryPack] Health check: ping (timeout=5.0s)...
[14:24]   [ComfyUI] [ComfyUI-GeometryPack] Health check: ok
[14:24]   [ComfyUI] [SubprocessWorker] worker started/confirmed
[14:24]   [ComfyUI] [SubprocessWorker] serializing kwargs to shm...
[14:24]   [ComfyUI] [SubprocessWorker] created 1 shm blocks
[14:24]   [ComfyUI] [SubprocessWorker] sending request via socket...
[14:24]   [ComfyUI] [SubprocessWorker] call_id=126 sending call_method
[14:24]   Node executed (1 total), capturing...
[14:24]   [ComfyUI] [worker:ComfyUI-GeometryPack] INFO: Backend: non_iterative
[14:24]   [ComfyUI] [worker:ComfyUI-GeometryPack] INFO: Input: 6475 vertices, 12946 faces
[14:24]   [ComfyUI] [worker:ComfyUI-GeometryPack] INFO: Parameters: sigma_f=1.000, sigma_g=1.000
[14:24]   Frame 4 saved (frame_003.jpg, t=37.3s)
[14:24]   [capture-node] freeze=3ms shot=120ms unfreeze=5ms saved=True
[14:25]   [ComfyUI] [worker:ComfyUI-GeometryPack]
[14:25]   [ComfyUI] === WATCHDOG TICK 5 ===
[14:26]   [ComfyUI] [worker:ComfyUI-GeometryPack] Current thread 0x000014f8 (most recent call first):
[14:26]   [ComfyUI]   File "C:\Users\RUNNER~1\AppData\Local\Temp\comfyui_pvenv_23kbyj93\persistent_worker.py", line 52 in _watchdog
[14:26]   [ComfyUI]   File "C:\ce\.pixi\envs\geometrypack-nodes\Lib\threading.py", line 995 in run
[14:26]   [ComfyUI]   File "C:\ce\.pixi\envs\geometrypack-nodes\Lib\threading.py", line 1044 in _bootstrap_inner
[14:26]   [ComfyUI]   File "C:\ce\.pixi\envs\geometrypack-nodes\Lib\threading.py", line 1015 in _bootstrap
[14:26]   [ComfyUI] 
[14:26]   [ComfyUI] Thread 0x00000f60 (most recent call first):
[14:26]   [ComfyUI]   File "C:\ce\.pixi\envs\geometrypack-nodes\Lib\site-packages\numpy\linalg\_linalg.py", line 2767 in norm
[14:26]   [ComfyUI]   File "D:\a\comfy-gpu-ci\comfy-gpu-ci\test_workspaces\GeometryPack-2137\portable-comfyui\ComfyUI_windows_portable\ComfyUI\custom_nodes\ComfyUI-GeometryPack\nodes\smoothing\sharpen_backends\non_iterative.py", line 81 in _bfs_faces_in_radius
[14:26]   [ComfyUI]   File "D:\a\comfy-gpu-ci\comfy-gpu-ci\test_workspaces\GeometryPack-2137\portable-comfyui\ComfyUI_windows_portable\ComfyUI\custom_nodes\ComfyUI-GeometryPack\nodes\smoothing\sharpen_backends\non_iterative.py", line 95 in _non_iterative_sharpen
[14:26]   [ComfyUI]   File "D:\a\comfy-gpu-ci\comfy-gpu-ci\test_workspaces\GeometryPack-2137\portable-comfyui\ComfyUI_windows_portable\ComfyUI\custom_nodes\ComfyUI-GeometryPack\nodes\smoothing\sharpen_backends\non_iterative.py", line 199 in execute
[14:26]   [ComfyUI]   File "D:\a\comfy-gpu-ci\comfy-gpu-ci\test_workspaces\GeometryPack-2137\portable-comfyui\ComfyUI_windows_portable\ComfyUI\comfy_api\latest\_io.py", line 1826 in EXECUTE_NORMALIZED
[14:26]   [ComfyUI]   File "C:\Users\RUNNER~1\AppData\Local\Temp\comfyui_pvenv_23kbyj93\persistent_worker.py", line 1762 in main
[14:26]   [ComfyUI]   File "C:\Users\RUNNER~1\AppData\Local\Temp\comfyui_pvenv_23kbyj93\persistent_worker.py", line 1807 in <module>
[14:26]   [ComfyUI] 
[14:26]   [ComfyUI] [worker:ComfyUI-GeometryPack] === END ===
[14:26]   [ComfyUI] 
[14:27]   [capture-loop] iter=350 t=40.1s state={'complete': False, 'error': None, 'executedCount': 1, 'wsState': 1} eval_ms=3 ram=5.0/16.0GB (31%) swap=1.1/2.9GB (39%) cpu=58% browser_rss=0.54GB
[14:32]   [capture-loop] iter=400 t=45.7s state={'complete': False, 'error': None, 'executedCount': 1, 'wsState': 1} eval_ms=4 ram=4.8/16.0GB (30%) swap=1.3/2.9GB (45%) cpu=56% browser_rss=0.54GB
[14:34]   [ComfyUI] [worker:ComfyUI-GeometryPack] INFO: Output: 6475 vertices, 12946 faces
[14:34]   [ComfyUI] [worker:ComfyUI-GeometryPack] INFO: Avg vertex displacement: 0.021192, max: 0.087476
[14:35]   [ComfyUI] [SubprocessWorker] got response: ok
[14:35]   [ComfyUI] [comfy-env] GeomPackSharpen_NonIterative done (10.93s): result: NodeOutput
[14:35]   [ComfyUI] [comfy-env] Running GeomPackSharpen_LibiglUnsharp: trimesh: Trimesh, weight: 0.5, iterations: 3
[14:35]   [ComfyUI] [SubprocessWorker] call_method: nodes.smoothing.sharpen_backends.libigl_unsharp.SharpenLibiglUnsharpNode.EXECUTE_NORMALIZED
[14:35]   [ComfyUI] [SubprocessWorker] acquired lock, ensuring started...
[14:35]   [ComfyUI] [ComfyUI-GeometryPack] Health check: ping (timeout=5.0s)...
[14:35]   [ComfyUI] [ComfyUI-GeometryPack] Health check: ok
[14:35]   [ComfyUI] [SubprocessWorker] worker started/confirmed
[14:35]   [ComfyUI] [SubprocessWorker] serializing kwargs to shm...
[14:35]   [ComfyUI] [SubprocessWorker] created 1 shm blocks
[14:35]   [ComfyUI] [SubprocessWorker] sending request via socket...
[14:35]   [ComfyUI] [SubprocessWorker] call_id=127 sending call_method
[14:35]   [ComfyUI] [worker:ComfyUI-GeometryPack] INFO: Backend: libigl_unsharp
[14:35]   [ComfyUI] [worker:ComfyUI-GeometryPack] INFO: Input: 6475 vertices, 12946 faces
[14:35]   [ComfyUI] [worker:ComfyUI-GeometryPack] INFO: Parameters: weight=0.500, iterations=3
[14:35]   Frame 5 saved (frame_004.jpg, t=48.0s)
[14:35]   [capture-periodic] freeze=2ms shot=140ms unfreeze=2ms saved=True
[14:35]   Node executed (2 total), capturing...
[14:35]   [ComfyUI] [worker:ComfyUI-GeometryPack] INFO: Output: 6475 vertices, 12946 faces
[14:35]   [ComfyUI] [worker:ComfyUI-GeometryPack] INFO: Avg vertex displacement: 0.541299, max: 1.039092
[14:35]   [ComfyUI] [SubprocessWorker] got response: ok
[14:35]   [ComfyUI] [comfy-env] GeomPackSharpen_LibiglUnsharp done (0.50s): result: NodeOutput
[14:35]   [ComfyUI] [comfy-env] Running GeomPackSharpen_UnsharpMask: trimesh: Trimesh, weight: 0.3, iterations: 5
[14:35]   [ComfyUI] [SubprocessWorker] call_method: nodes.smoothing.sharpen_backends.unsharp_mask.SharpenUnsharpMaskNode.EXECUTE_NORMALIZED
[14:35]   [ComfyUI] [SubprocessWorker] acquired lock, ensuring started...
[14:35]   [ComfyUI] [ComfyUI-GeometryPack] Health check: ping (timeout=5.0s)...
[14:35]   [ComfyUI] [ComfyUI-GeometryPack] Health check: ok
[14:35]   [ComfyUI] [SubprocessWorker] worker started/confirmed
[14:35]   [ComfyUI] [SubprocessWorker] serializing kwargs to shm...
[14:35]   [ComfyUI] [SubprocessWorker] created 1 shm blocks
[14:35]   [ComfyUI] [SubprocessWorker] sending request via socket...
[14:35]   [ComfyUI] [SubprocessWorker] call_id=128 sending call_method
[14:35]   Frame 6 saved (frame_005.jpg, t=48.5s)
[14:35]   [capture-node] freeze=3ms shot=109ms unfreeze=2ms saved=True
[14:35]   [ComfyUI] [worker:ComfyUI-GeometryPack] INFO: Backend: unsharp_mask
[14:35]   [ComfyUI] [worker:ComfyUI-GeometryPack] INFO: Input: 6475 vertices, 12946 faces
[14:35]   [ComfyUI] [worker:ComfyUI-GeometryPack] INFO: Parameters: weight=0.300, iterations=5
[14:35]   [ComfyUI] [worker:ComfyUI-GeometryPack] INFO: Output: 6475 vertices, 12946 faces
[14:35]   [ComfyUI] [worker:ComfyUI-GeometryPack] INFO: Avg vertex displacement: 0.013687, max: 0.066009
[14:35]   [ComfyUI] [SubprocessWorker] got response: ok
[14:35]   [ComfyUI] [comfy-env] GeomPackSharpen_UnsharpMask done (0.15s): result: NodeOutput
[14:35]   [ComfyUI] [comfy-env] Running GeomPackSharpen_TwoStep: trimesh: Trimesh, smooth_steps: 3, normal_threshold: 60.0
[14:35]   [ComfyUI] [SubprocessWorker] call_method: nodes.smoothing.sharpen_backends.two_step.SharpenTwoStepNode.EXECUTE_NORMALIZED
[14:35]   [ComfyUI] [SubprocessWorker] acquired lock, ensuring started...
[14:35]   [ComfyUI] [ComfyUI-GeometryPack] Health check: ping (timeout=5.0s)...
[14:35]   [ComfyUI] [ComfyUI-GeometryPack] Health check: ok
[14:35]   [ComfyUI] [SubprocessWorker] worker started/confirmed
[14:35]   [ComfyUI] [SubprocessWorker] serializing kwargs to shm...
[14:35]   [ComfyUI] [SubprocessWorker] created 1 shm blocks
[14:35]   [ComfyUI] [SubprocessWorker] sending request via socket...
[14:35]   [ComfyUI] [SubprocessWorker] call_id=129 sending call_method
[14:35]   Node executed (4 total), capturing...
[14:35]   [ComfyUI] [worker:ComfyUI-GeometryPack] INFO: Backend: two_step
[14:35]   [ComfyUI] [worker:ComfyUI-GeometryPack] INFO: Input: 6475 vertices, 12946 faces
[14:35]   [ComfyUI] [worker:ComfyUI-GeometryPack] INFO: Parameters: smooth_steps=3, normal_threshold=60.0
[14:35]   [ComfyUI] [worker:ComfyUI-GeometryPack] INFO: Output: 6475 vertices, 12946 faces
[14:35]   [ComfyUI] [worker:ComfyUI-GeometryPack] INFO: Avg vertex displacement: 0.059156, max: 0.318610
[14:35]   [ComfyUI] [SubprocessWorker] got response: ok
[14:35]   [ComfyUI] [comfy-env] GeomPackSharpen_TwoStep done (0.24s): result: NodeOutput
[14:35]   [ComfyUI] [comfy-env] Running GeomPackPreviewMeshMulti: mode: 'fields', mesh_1: Trimesh, mesh_2: Trimesh, mesh_3: Trimesh, mesh_4: Trimesh
[14:35]   [ComfyUI] [SubprocessWorker] call_method: nodes.visualization.preview_mesh_multi.PreviewMeshMultiNode.EXECUTE_NORMALIZED
[14:35]   [ComfyUI] [SubprocessWorker] acquired lock, ensuring started...
[14:35]   [ComfyUI] [ComfyUI-GeometryPack] Health check: ping (timeout=5.0s)...
[14:35]   [ComfyUI] [ComfyUI-GeometryPack] Health check: ok
[14:35]   [ComfyUI] [SubprocessWorker] worker started/confirmed
[14:35]   [ComfyUI] [SubprocessWorker] serializing kwargs to shm...
[14:35]   [ComfyUI] [SubprocessWorker] created 4 shm blocks
[14:35]   [ComfyUI] [SubprocessWorker] sending request via socket...
[14:35]   [ComfyUI] [SubprocessWorker] call_id=130 sending call_method
[14:36]   Frame 7 saved (frame_006.jpg, t=48.9s)
[14:36]   [capture-node] freeze=4ms shot=113ms unfreeze=6ms saved=True
[14:36]   [ComfyUI] [worker:ComfyUI-GeometryPack] INFO: Mode: fields, Meshes: 4
[14:36]   [ComfyUI] [worker:ComfyUI-GeometryPack] INFO: Mesh 1: Mesh - 6475 vertices, 12946 faces
[14:36]   [ComfyUI] [worker:ComfyUI-GeometryPack] INFO: Exporting mesh to VTP: D:\a\comfy-gpu-ci\comfy-gpu-ci\test_workspaces\GeometryPack-2137\portable-comfyui\ComfyUI_windows_portable\ComfyUI\output\preview_multi_1_104738fa.vtp
[14:36]   [ComfyUI] [worker:ComfyUI-GeometryPack] INFO: Adding normals field (6475 vertices)
[14:36]   Node executed (5 total), capturing...
[14:36]   [ComfyUI] [worker:ComfyUI-GeometryPack] INFO: Export complete: 6475 vertices, 12946 faces
[14:36]   [ComfyUI] [worker:ComfyUI-GeometryPack] INFO: Exported VTP: D:\a\comfy-gpu-ci\comfy-gpu-ci\test_workspaces\GeometryPack-2137\portable-comfyui\ComfyUI_windows_portable\ComfyUI\output\preview_multi_1_104738fa.vtp
[14:36]   [ComfyUI] [worker:ComfyUI-GeometryPack] INFO: Mesh 2: Mesh - 6475 vertices, 12946 faces
[14:36]   [ComfyUI] [worker:ComfyUI-GeometryPack] INFO: Exporting mesh to VTP: D:\a\comfy-gpu-ci\comfy-gpu-ci\test_workspaces\GeometryPack-2137\portable-comfyui\ComfyUI_windows_portable\ComfyUI\output\preview_multi_2_104738fa.vtp
[14:36]   [ComfyUI] [worker:ComfyUI-GeometryPack] INFO: Adding normals field (6475 vertices)
[14:36]   [ComfyUI] [worker:ComfyUI-GeometryPack] INFO: Export complete: 6475 vertices, 12946 faces
[14:36]   [ComfyUI] [worker:ComfyUI-GeometryPack] INFO: Exported VTP: D:\a\comfy-gpu-ci\comfy-gpu-ci\test_workspaces\GeometryPack-2137\portable-comfyui\ComfyUI_windows_portable\ComfyUI\output\preview_multi_2_104738fa.vtp
[14:36]   [ComfyUI] [worker:ComfyUI-GeometryPack] INFO: Mesh 3: Mesh - 6475 vertices, 12946 faces
[14:36]   [ComfyUI] [worker:ComfyUI-GeometryPack] INFO: Exporting mesh to VTP: D:\a\comfy-gpu-ci\comfy-gpu-ci\test_workspaces\GeometryPack-2137\portable-comfyui\ComfyUI_windows_portable\ComfyUI\output\preview_multi_3_104738fa.vtp
[14:36]   [ComfyUI] [worker:ComfyUI-GeometryPack] INFO: Adding normals field (6475 vertices)
[14:36]   [ComfyUI] [worker:ComfyUI-GeometryPack] INFO: Export complete: 6475 vertices, 12946 faces
[14:36]   [ComfyUI] [worker:ComfyUI-GeometryPack] INFO: Exported VTP: D:\a\comfy-gpu-ci\comfy-gpu-ci\test_workspaces\GeometryPack-2137\portable-comfyui\ComfyUI_windows_portable\ComfyUI\output\preview_multi_3_104738fa.vtp
[14:36]   [ComfyUI] [worker:ComfyUI-GeometryPack] INFO: Mesh 4: Mesh - 6475 vertices, 12946 faces
[14:36]   [ComfyUI] [worker:ComfyUI-GeometryPack] INFO: Exporting mesh to VTP: D:\a\comfy-gpu-ci\comfy-gpu-ci\test_workspaces\GeometryPack-2137\portable-comfyui\ComfyUI_windows_portable\ComfyUI\output\preview_multi_4_104738fa.vtp
[14:36]   [ComfyUI] [worker:ComfyUI-GeometryPack] INFO: Adding normals field (6475 vertices)
[14:36]   Frame 8 saved (frame_007.jpg, t=49.2s)
[14:36]   [capture-node] freeze=3ms shot=106ms unfreeze=8ms saved=True
[14:36]   [ComfyUI] [worker:ComfyUI-GeometryPack] INFO: Export complete: 6475 vertices, 12946 faces
[14:36]   [ComfyUI] [worker:ComfyUI-GeometryPack] INFO: Exported VTP: D:\a\comfy-gpu-ci\comfy-gpu-ci\test_workspaces\GeometryPack-2137\portable-comfyui\ComfyUI_windows_portable\ComfyUI\output\preview_multi_4_104738fa.vtp
[14:36]   [ComfyUI] [worker:ComfyUI-GeometryPack] INFO: Grid: 2x2, Preview ready
[14:36]   [ComfyUI] [SubprocessWorker] got response: ok
[14:36]   [ComfyUI] [comfy-env] GeomPackPreviewMeshMulti done (0.56s): result: NodeOutput
[14:36]   [ComfyUI] [comfy-env] Running GeomPackSharpen_L0Minimize: trimesh: Trimesh, alpha: 0.001, beta: 2.0, iterations: 10
[14:36]   [ComfyUI] [SubprocessWorker] call_method: nodes.smoothing.sharpen_backends.l0_minimize.SharpenL0MinimizeNode.EXECUTE_NORMALIZED
[14:36]   [ComfyUI] [SubprocessWorker] acquired lock, ensuring started...
[14:36]   [ComfyUI] [ComfyUI-GeometryPack] Health check: ping (timeout=5.0s)...
[14:36]   [ComfyUI] [ComfyUI-GeometryPack] Health check: ok
[14:36]   [ComfyUI] [SubprocessWorker] worker started/confirmed
[14:36]   [ComfyUI] [SubprocessWorker] serializing kwargs to shm...
[14:36]   [ComfyUI] [SubprocessWorker] created 1 shm blocks
[14:36]   [ComfyUI] [SubprocessWorker] sending request via socket...
[14:36]   [ComfyUI] [SubprocessWorker] call_id=131 sending call_method
[14:36]   [ComfyUI] [worker:ComfyUI-GeometryPack] INFO: Backend: l0_minimize
[14:36]   Node executed (6 total), capturing...
[14:36]   [ComfyUI] [worker:ComfyUI-GeometryPack] INFO: Input: 6475 vertices, 12946 faces
[14:36]   [ComfyUI] [worker:ComfyUI-GeometryPack] INFO: Parameters: alpha=0.0010, beta=2.0, iterations=10
[14:37]   Frame 9 saved (frame_008.jpg, t=49.8s)
[14:37]   [capture-node] freeze=8ms shot=899ms unfreeze=5ms saved=True
[14:40]   [capture-loop] iter=450 t=53.8s state={'complete': False, 'error': None, 'executedCount': 6, 'wsState': 1} eval_ms=4 ram=4.9/16.0GB (30%) swap=1.3/2.9GB (45%) cpu=64% browser_rss=0.62GB
[14:42]   [ComfyUI] [worker:ComfyUI-GeometryPack] INFO: Output: 6475 vertices, 12946 faces
[14:42]   [ComfyUI] [worker:ComfyUI-GeometryPack] INFO: Avg vertex displacement: 0.009479, max: 0.060807
[14:42]   [ComfyUI] [SubprocessWorker] got response: ok
[14:42]   [ComfyUI] [comfy-env] GeomPackSharpen_L0Minimize done (5.69s): result: NodeOutput
[14:42]   [ComfyUI] [comfy-env] Running GeomPackSharpen_FastEffective: trimesh: Trimesh, threshold_T: 0.2, normal_iterations: 10, vertex_iterations: 20
[14:42]   [ComfyUI] [SubprocessWorker] call_method: nodes.smoothing.sharpen_backends.fast_effective.SharpenFastEffectiveNode.EXECUTE_NORMALIZED
[14:42]   [ComfyUI] [SubprocessWorker] acquired lock, ensuring started...
[14:42]   [ComfyUI] [ComfyUI-GeometryPack] Health check: ping (timeout=5.0s)...
[14:42]   [ComfyUI] [ComfyUI-GeometryPack] Health check: ok
[14:42]   [ComfyUI] [SubprocessWorker] worker started/confirmed
[14:42]   [ComfyUI] [SubprocessWorker] serializing kwargs to shm...
[14:42]   [ComfyUI] [SubprocessWorker] created 1 shm blocks
[14:42]   [ComfyUI] [SubprocessWorker] sending request via socket...
[14:42]   [ComfyUI] [SubprocessWorker] call_id=132 sending call_method
[14:42]   [ComfyUI] [worker:ComfyUI-GeometryPack] INFO: Backend: fast_effective
[14:42]   [ComfyUI] [worker:ComfyUI-GeometryPack] INFO: Input: 6475 vertices, 12946 faces
[14:42]   [ComfyUI] [worker:ComfyUI-GeometryPack] INFO: Parameters: threshold_T=0.200, normal_iter=10, vertex_iter=20
[14:42]   Frame 10 saved (frame_009.jpg, t=55.1s)
[14:42]   [capture-periodic] freeze=2ms shot=157ms unfreeze=3ms saved=True
[14:42]   Node executed (7 total), capturing...
[14:42]   [capture-node] freeze=4ms shot=163ms unfreeze=4ms saved=False
[14:46]   [capture-loop] iter=500 t=59.7s state={'complete': False, 'error': None, 'executedCount': 7, 'wsState': 1} eval_ms=3 ram=4.8/16.0GB (30%) swap=1.3/2.9GB (45%) cpu=56% browser_rss=0.61GB
[14:52]   [capture-loop] iter=550 t=65.6s state={'complete': False, 'error': None, 'executedCount': 7, 'wsState': 1} eval_ms=4 ram=4.8/16.0GB (30%) swap=1.3/2.9GB (45%) cpu=57% browser_rss=0.60GB
[14:54]   [ComfyUI] [worker:ComfyUI-GeometryPack] INFO: Output: 6475 vertices, 12946 faces
[14:54]   [ComfyUI] [worker:ComfyUI-GeometryPack] INFO: Avg vertex displacement: 0.026954, max: 0.126612
[14:54]   [ComfyUI] [SubprocessWorker] got response: ok
[14:54]   [ComfyUI] [comfy-env] GeomPackSharpen_FastEffective done (12.39s): result: NodeOutput
[14:54]   [ComfyUI] [comfy-env] Running GeomPackPreviewMeshMulti: mode: 'fields', mesh_1: Trimesh, mesh_2: Trimesh, mesh_3: Trimesh, mesh_4: Trimesh
[14:54]   [ComfyUI] [SubprocessWorker] call_method: nodes.visualization.preview_mesh_multi.PreviewMeshMultiNode.EXECUTE_NORMALIZED
[14:54]   [ComfyUI] [SubprocessWorker] acquired lock, ensuring started...
[14:54]   [ComfyUI] [ComfyUI-GeometryPack] Health check: ping (timeout=5.0s)...
[14:54]   [ComfyUI] [ComfyUI-GeometryPack] Health check: ok
[14:54]   [ComfyUI] [SubprocessWorker] worker started/confirmed
[14:54]   [ComfyUI] [SubprocessWorker] serializing kwargs to shm...
[14:54]   [ComfyUI] [SubprocessWorker] created 4 shm blocks
[14:54]   [ComfyUI] [SubprocessWorker] sending request via socket...
[14:54]   [ComfyUI] [SubprocessWorker] call_id=133 sending call_method
[14:54]   Node executed (8 total), capturing...
[14:54]   [ComfyUI] [worker:ComfyUI-GeometryPack] INFO: Mode: fields, Meshes: 4
[14:54]   [ComfyUI] [worker:ComfyUI-GeometryPack] INFO: Mesh 1: Mesh - 6475 vertices, 12946 faces
[14:54]   [ComfyUI] [worker:ComfyUI-GeometryPack] INFO: Exporting mesh to VTP: D:\a\comfy-gpu-ci\comfy-gpu-ci\test_workspaces\GeometryPack-2137\portable-comfyui\ComfyUI_windows_portable\ComfyUI\output\preview_multi_1_0a16370c.vtp
[14:54]   [ComfyUI] [worker:ComfyUI-GeometryPack] INFO: Adding normals field (6475 vertices)
[14:54]   [ComfyUI] [worker:ComfyUI-GeometryPack] INFO: Export complete: 6475 vertices, 12946 faces
[14:54]   [ComfyUI] [worker:ComfyUI-GeometryPack] INFO: Exported VTP: D:\a\comfy-gpu-ci\comfy-gpu-ci\test_workspaces\GeometryPack-2137\portable-comfyui\ComfyUI_windows_portable\ComfyUI\output\preview_multi_1_0a16370c.vtp
[14:54]   [ComfyUI] [worker:ComfyUI-GeometryPack] INFO: Mesh 2: Mesh - 6475 vertices, 12946 faces
[14:54]   [ComfyUI] [worker:ComfyUI-GeometryPack] INFO: Exporting mesh to VTP: D:\a\comfy-gpu-ci\comfy-gpu-ci\test_workspaces\GeometryPack-2137\portable-comfyui\ComfyUI_windows_portable\ComfyUI\output\preview_multi_2_0a16370c.vtp
[14:54]   [ComfyUI] [worker:ComfyUI-GeometryPack] INFO: Adding normals field (6475 vertices)
[14:54]   [ComfyUI] [worker:ComfyUI-GeometryPack] INFO: Export complete: 6475 vertices, 12946 faces
[14:54]   [ComfyUI] [worker:ComfyUI-GeometryPack] INFO: Exported VTP: D:\a\comfy-gpu-ci\comfy-gpu-ci\test_workspaces\GeometryPack-2137\portable-comfyui\ComfyUI_windows_portable\ComfyUI\output\preview_multi_2_0a16370c.vtp
[14:54]   [ComfyUI] [worker:ComfyUI-GeometryPack] INFO: Mesh 3: Mesh - 6475 vertices, 12946 faces
[14:54]   [ComfyUI] [worker:ComfyUI-GeometryPack] INFO: Exporting mesh to VTP: D:\a\comfy-gpu-ci\comfy-gpu-ci\test_workspaces\GeometryPack-2137\portable-comfyui\ComfyUI_windows_portable\ComfyUI\output\preview_multi_3_0a16370c.vtp
[14:54]   Frame 11 saved (frame_010.jpg, t=67.7s)
[14:54]   [capture-node] freeze=4ms shot=142ms unfreeze=3ms saved=True
[14:54]   [ComfyUI] [worker:ComfyUI-GeometryPack] INFO: Adding normals field (6475 vertices)
[14:54]   [ComfyUI] [worker:ComfyUI-GeometryPack] INFO: Export complete: 6475 vertices, 12946 faces
[14:54]   [ComfyUI] [worker:ComfyUI-GeometryPack] INFO: Exported VTP: D:\a\comfy-gpu-ci\comfy-gpu-ci\test_workspaces\GeometryPack-2137\portable-comfyui\ComfyUI_windows_portable\ComfyUI\output\preview_multi_3_0a16370c.vtp
[14:54]   [ComfyUI] [worker:ComfyUI-GeometryPack] INFO: Mesh 4: Mesh - 6475 vertices, 12946 faces
[14:54]   [ComfyUI] [worker:ComfyUI-GeometryPack] INFO: Exporting mesh to VTP: D:\a\comfy-gpu-ci\comfy-gpu-ci\test_workspaces\GeometryPack-2137\portable-comfyui\ComfyUI_windows_portable\ComfyUI\output\preview_multi_4_0a16370c.vtp
[14:55]   [ComfyUI] [worker:ComfyUI-GeometryPack] INFO: Adding normals field (6475 vertices)
[14:55]   [ComfyUI] [worker:ComfyUI-GeometryPack] INFO: Export complete: 6475 vertices, 12946 faces
[14:55]   [ComfyUI] [worker:ComfyUI-GeometryPack] INFO: Exported VTP: D:\a\comfy-gpu-ci\comfy-gpu-ci\test_workspaces\GeometryPack-2137\portable-comfyui\ComfyUI_windows_portable\ComfyUI\output\preview_multi_4_0a16370c.vtp
[14:55]   [ComfyUI] [worker:ComfyUI-GeometryPack] INFO: Grid: 2x2, Preview ready
[14:55]   [ComfyUI] [SubprocessWorker] got response: ok
[14:55]   [ComfyUI] [comfy-env] GeomPackPreviewMeshMulti done (0.53s): result: NodeOutput
[14:55]   [ComfyUI] Prompt executed in 67.93 seconds
[14:55]   Node executed (9 total), capturing...
[14:56]   Frame 12 saved (frame_011.jpg, t=68.4s)
[14:56]   [capture-node] freeze=3ms shot=908ms unfreeze=9ms saved=True
[14:56]   Execution complete (t=69.7s)
[14:56]   Captured 12 unique frames over 69.68s
[14:56]   [debug] iframes: 2
[14:56]   [debug]   iframe[0]: src=http://127.0.0.1:41896/extensions/ComfyUI-GeometryPack/viewer_multi.html?v=17784, canvas=368x195, rafFrozen=False
[14:56]   [debug]   iframe[1]: src=http://127.0.0.1:41896/extensions/ComfyUI-GeometryPack/viewer_multi.html?v=17784, canvas=368x195, rafFrozen=False
[14:56]   [timing] trigger_3d_previews: 0.0s
[14:58]   Saved high-quality screenshot: sharpen_all_executed.png
[14:59]   [timing] final_screenshot: 0.3s
[14:59] Capturing execution frames: side_by_side_viewer.json
[15:06]   Frame 1 saved (frame_000.jpg, t=0.0s)
[15:06]   Validating workflow...
[15:06]   [ComfyUI] === /validate endpoint called ===
[15:06]   [ComfyUI] Received JSON with keys: ['prompt']
[15:06]   [ComfyUI] Prompt has 3 nodes
[15:06]   [ComfyUI]   Node 1: GeomPackCreatePrimitive
[15:06]   [ComfyUI]     Inputs: {"shape": "cube", "size": 2, "subdivisions": 1}
[15:06]   [ComfyUI]   Node 2: GeomPackCreatePrimitive
[15:06]   Queuing workflow for execution...
[15:06]   [ComfyUI]     Inputs: {"shape": "sphere", "size": 2.5, "subdivisions": 2}
[15:06]   [ComfyUI]   Node 7: GeomPackPreviewMeshDual
[15:06]   [ComfyUI]     Inputs: {"layout": "side_by_side", "mode": "fields", "opacity_1": 1, "opacity_2": 1, "preview_dual": "{\"show_edges\":true,\"camera_state\":\"\",\"selected_field\":\"\",\"selected_channel\":\"magnitude\",\"se
[15:06]   [ComfyUI] Generated prompt_id: 99dff760-f0f6-4b03-aa21-a206593f848f
[15:06]   [ComfyUI] Calling execution.validate_prompt()...
[15:06]   [ComfyUI] Validation result: valid=True
[15:06]   [ComfyUI] === Validation PASSED ===
[15:06]   [ComfyUI] got prompt
[15:06]   [ComfyUI] [comfy-env] Running GeomPackCreatePrimitive: shape: 'sphere', size: 2.5, subdivisions: 2
[15:06]   [ComfyUI] [SubprocessWorker] call_method: nodes.primitives.create_primitive.CreatePrimitive.EXECUTE_NORMALIZED
[15:06]   [ComfyUI] [SubprocessWorker] acquired lock, ensuring started...
[15:06]   [ComfyUI] [ComfyUI-GeometryPack] Health check: ping (timeout=5.0s)...
[15:06]   [ComfyUI] [ComfyUI-GeometryPack] Health check: ok
[15:06]   [ComfyUI] [SubprocessWorker] worker started/confirmed
[15:06]   [ComfyUI] [SubprocessWorker] serializing kwargs to shm...
[15:06]   [ComfyUI] [SubprocessWorker] created 0 shm blocks
[15:06]   [ComfyUI] [SubprocessWorker] sending request via socket...
[15:06]   [ComfyUI] [SubprocessWorker] call_id=134 sending call_method
[15:06]   [ComfyUI] [worker:ComfyUI-GeometryPack] INFO: Created sphere: 162 vertices, 320 faces
[15:06]   [ComfyUI] [SubprocessWorker] got response: ok
[15:06]   [ComfyUI] [comfy-env] GeomPackCreatePrimitive done (0.10s): result: NodeOutput
[15:06]   [ComfyUI] [comfy-env] Running GeomPackCreatePrimitive: shape: 'cube', size: 2.0, subdivisions: 1
[15:06]   [ComfyUI] [SubprocessWorker] call_method: nodes.primitives.create_primitive.CreatePrimitive.EXECUTE_NORMALIZED
[15:06]   [ComfyUI] [SubprocessWorker] acquired lock, ensuring started...
[15:06]   [ComfyUI] [ComfyUI-GeometryPack] Health check: ping (timeout=5.0s)...
[15:06]   [ComfyUI] [ComfyUI-GeometryPack] Health check: ok
[15:06]   [ComfyUI] [SubprocessWorker] worker started/confirmed
[15:06]   [ComfyUI] [SubprocessWorker] serializing kwargs to shm...
[15:06]   [ComfyUI] [SubprocessWorker] created 0 shm blocks
[15:06]   [ComfyUI] [SubprocessWorker] sending request via socket...
[15:06]   [ComfyUI] [SubprocessWorker] call_id=135 sending call_method
[15:06]   [ComfyUI] [worker:ComfyUI-GeometryPack] INFO: Created cube: 8 vertices, 12 faces
[15:06]   [ComfyUI] [SubprocessWorker] got response: ok
[15:06]   [ComfyUI] [comfy-env] GeomPackCreatePrimitive done (0.09s): result: NodeOutput
[15:06]   [ComfyUI] [comfy-env] Running GeomPackPreviewMeshDual: layout: 'side_by_side', mode: 'fields', opacity_1: 1.0, opacity_2: 1.0, mesh_1: Trimesh, mesh_2: Trimesh
[15:06]   [ComfyUI] [SubprocessWorker] call_method: nodes.visualization.preview_mesh_dual.PreviewMeshDualNode.EXECUTE_NORMALIZED
[15:06]   [ComfyUI] [SubprocessWorker] acquired lock, ensuring started...
[15:06]   [ComfyUI] [ComfyUI-GeometryPack] Health check: ping (timeout=5.0s)...
[15:06]   [ComfyUI] [ComfyUI-GeometryPack] Health check: ok
[15:06]   [ComfyUI] [SubprocessWorker] worker started/confirmed
[15:06]   [ComfyUI] [SubprocessWorker] serializing kwargs to shm...
[15:06]   [ComfyUI] [SubprocessWorker] created 2 shm blocks
[15:06]   [ComfyUI] [SubprocessWorker] sending request via socket...
[15:06]   [ComfyUI] [SubprocessWorker] call_id=136 sending call_method
[15:06]   [ComfyUI] [worker:ComfyUI-GeometryPack] INFO: Layout: side_by_side, Mode: fields
[15:06]   [ComfyUI] [worker:ComfyUI-GeometryPack] INFO: Mesh 1: Mesh - 8 vertices, 12 faces
[15:06]   [ComfyUI] [worker:ComfyUI-GeometryPack] INFO: Mesh 2: Mesh - 162 vertices, 320 faces
[15:06]   [ComfyUI] [worker:ComfyUI-GeometryPack] INFO: Mesh 1 fields: []
[15:06]   [ComfyUI] [worker:ComfyUI-GeometryPack] INFO: Mesh 2 fields: []
[15:06]   [ComfyUI] [worker:ComfyUI-GeometryPack] INFO: Common fields: []
[15:06]   [ComfyUI] [worker:ComfyUI-GeometryPack] INFO: Mesh 1 visual: kind=None, texture=False, vertex_colors=False
[15:06]   [ComfyUI] [worker:ComfyUI-GeometryPack] INFO: Mesh 2 visual: kind=None, texture=False, vertex_colors=False
[15:06]   [ComfyUI] [worker:ComfyUI-GeometryPack] INFO: Exported STL: D:\a\comfy-gpu-ci\comfy-gpu-ci\test_workspaces\GeometryPack-2137\portable-comfyui\ComfyUI_windows_portable\ComfyUI\output\preview_dual_1_4210c1cd.stl
[15:06]   [ComfyUI] [worker:ComfyUI-GeometryPack] INFO: Exported STL: D:\a\comfy-gpu-ci\comfy-gpu-ci\test_workspaces\GeometryPack-2137\portable-comfyui\ComfyUI_windows_portable\ComfyUI\output\preview_dual_2_4210c1cd.stl
[15:06]   [ComfyUI] [worker:ComfyUI-GeometryPack] INFO: Preview ready
[15:06]   [ComfyUI] [SubprocessWorker] got response: ok
[15:06]   [ComfyUI] [comfy-env] GeomPackPreviewMeshDual done (0.17s): result: NodeOutput
[15:06]   [ComfyUI] Prompt executed in 0.37 seconds
[15:06]   Node executed (1 total), capturing...
[15:06]   Frame 2 saved (frame_001.jpg, t=0.7s)
[15:06]   [capture-node] freeze=24ms shot=137ms unfreeze=0ms saved=True
[15:06]   Execution complete (t=0.7s)
[15:06]   Captured 2 unique frames over 0.93s
[15:06]   [debug] iframes: 1
[15:06]   [debug]   iframe[0]: src=http://127.0.0.1:41896/extensions/ComfyUI-GeometryPack/viewer_dual.html?v=177844, canvas=370x485, rafFrozen=True
[15:06]   [timing] trigger_3d_previews: 0.0s
[15:09]   Saved high-quality screenshot: side_by_side_viewer_executed.png
[15:09]   [timing] final_screenshot: 0.2s
[15:09] Capturing execution frames: skeleton_all.json
[15:15]   Frame 1 saved (frame_000.jpg, t=0.0s)
[15:15]   Validating workflow...
[15:15]   [ComfyUI] === /validate endpoint called ===
[15:15]   [ComfyUI] Received JSON with keys: ['prompt']
[15:15]   [ComfyUI] Prompt has 11 nodes
[15:15]   [ComfyUI]   Node 1: GeomPackLoadMesh
[15:15]   [ComfyUI]     Inputs: {"file_path": "3d/cow.off"}
[15:15]   [ComfyUI]   Node 2: GeomPackExtractSkeleton
[15:15]   [ComfyUI]     Inputs: {"fix_mesh": "wavefront", "normalize": false, "backend": "wavefront", "backend.waves": 1, "backend.step_size": 1, "trimesh": ["1", 0]}
[15:15]   [ComfyUI]   Node 3: GeomPackExtractSkeleton
[15:15]   Queuing workflow for execution...
[15:15]   [ComfyUI]     Inputs: {"fix_mesh": "vertex_clusters", "normalize": false, "backend": "vertex_clusters", "backend.sampling_dist": 1, "backend.cluster_pos": "median", "trimesh": ["1", 0]}
[15:15]   [ComfyUI]   Node 4: GeomPackExtractSkeleton
[15:15]   [ComfyUI]     Inputs: {"fix_mesh": "edge_collapse", "normalize": false, "backend": "edge_collapse", "backend.shape_weight": 1, "backend.sample_weight": 0.1, "trimesh": ["1", 0]}
[15:15]   [ComfyUI]   Node 5: GeomPackExtractSkeleton
[15:15]   [ComfyUI]     Inputs: {"fix_mesh": "teasar", "normalize": false, "backend": "teasar", "backend.inv_dist": 10, "backend.min_length": 0, "trimesh": ["1", 0]}
[15:15]   [ComfyUI]   Node 6: GeomPackMeshFromSkeleton
[15:15]   [ComfyUI]     Inputs: {"joint_radius": 0.02, "bone_radius": 0.01, "skeleton": ["2", 0]}
[15:15]   [ComfyUI]   Node 7: GeomPackMeshFromSkeleton
[15:15]   [ComfyUI]     Inputs: {"joint_radius": 0.02, "bone_radius": 0.01, "skeleton": ["3", 0]}
[15:15]   [ComfyUI]   Node 8: GeomPackMeshFromSkeleton
[15:15]   [ComfyUI]     Inputs: {"joint_radius": 0.02, "bone_radius": 0.01, "skeleton": ["4", 0]}
[15:15]   [ComfyUI]   Node 9: GeomPackMeshFromSkeleton
[15:15]   [ComfyUI]     Inputs: {"joint_radius": 0.02, "bone_radius": 0.01, "skeleton": ["5", 0]}
[15:15]   [ComfyUI]   Node 12: GeomPackPreviewMeshMulti
[15:15]   [ComfyUI]     Inputs: {"mode": "fields", "preview_multi": "{\"show_edges\":true,\"camera_state\":\"{\\\"position\\\":[-0.10839671976880196,-0.004104770901572197,-1.5722856770085691],\\\"focalPoint\\\":[0,0,0],\\\"viewUp\\\
[15:15]   [ComfyUI]   Node 13: GeomPackPreviewMeshMulti
[15:15]   [ComfyUI]     Inputs: {"mode": "fields", "preview_multi": "{\"show_edges\":true,\"camera_state\":\"{\\\"position\\\":[-0.10839671976880196,-0.004104770901572197,-1.5722856770085691],\\\"focalPoint\\\":[0,0,0],\\\"viewUp\\\
[15:15]   [ComfyUI] Generated prompt_id: 68e4e43a-65ce-4943-886e-3874dfce9f26
[15:15]   [ComfyUI] Calling execution.validate_prompt()...
[15:15]   [ComfyUI] Validation result: valid=True
[15:15]   [ComfyUI] === Validation PASSED ===
[15:15]   [ComfyUI] got prompt
[15:15]   [ComfyUI] [comfy-env] Running GeomPackLoadMesh: file_path: '3d/cow.off'
[15:15]   [ComfyUI] [SubprocessWorker] call_method: nodes.io.load_mesh.LoadMesh.EXECUTE_NORMALIZED
[15:15]   [ComfyUI] [SubprocessWorker] acquired lock, ensuring started...
[15:15]   [ComfyUI] [ComfyUI-GeometryPack] Health check: ping (timeout=5.0s)...
[15:15]   [ComfyUI] [ComfyUI-GeometryPack] Health check: ok
[15:15]   [ComfyUI] [SubprocessWorker] worker started/confirmed
[15:15]   [ComfyUI] [SubprocessWorker] serializing kwargs to shm...
[15:15]   [ComfyUI] [SubprocessWorker] created 0 shm blocks
[15:15]   [ComfyUI] [SubprocessWorker] sending request via socket...
[15:15]   [ComfyUI] [SubprocessWorker] call_id=137 sending call_method
[15:15]   [ComfyUI] [worker:ComfyUI-GeometryPack] INFO: Found mesh in input folder: 3d/cow.off
[15:15]   [ComfyUI] [worker:ComfyUI-GeometryPack] INFO: Loading: D:\a\comfy-gpu-ci\comfy-gpu-ci\test_workspaces\GeometryPack-2137\portable-comfyui\ComfyUI_windows_portable\ComfyUI\input\3d/cow.off
[15:15]   [ComfyUI] [worker:ComfyUI-GeometryPack] INFO: Initial mesh: 2761 vertices, 5520 faces
[15:15]   [ComfyUI] [worker:ComfyUI-GeometryPack] INFO: Successfully loaded: 2761 vertices, 5520 faces
[15:15]   [ComfyUI] [worker:ComfyUI-GeometryPack] INFO: Loaded: 2761 vertices, 5520 faces
[15:15]   [ComfyUI] [SubprocessWorker] got response: ok
[15:15]   [ComfyUI] [comfy-env] GeomPackLoadMesh done (0.14s): result: NodeOutput
[15:15]   [ComfyUI] [comfy-env] Running GeomPackExtractSkeleton: fix_mesh: True, normalize: False, backend: dict, trimesh: Trimesh
[15:15]   [ComfyUI] [SubprocessWorker] call_method: nodes.skeleton.extract_skeleton.ExtractSkeleton.EXECUTE_NORMALIZED
[15:15]   [ComfyUI] [SubprocessWorker] acquired lock, ensuring started...
[15:15]   [ComfyUI] [ComfyUI-GeometryPack] Health check: ping (timeout=5.0s)...
[15:15]   [ComfyUI] [ComfyUI-GeometryPack] Health check: ok
[15:15]   [ComfyUI] [SubprocessWorker] worker started/confirmed
[15:15]   [ComfyUI] [SubprocessWorker] serializing kwargs to shm...
[15:15]   [ComfyUI] [SubprocessWorker] created 1 shm blocks
[15:15]   [ComfyUI] [SubprocessWorker] sending request via socket...
[15:15]   [ComfyUI] [SubprocessWorker] call_id=138 sending call_method
[15:15]   [ComfyUI] [worker:ComfyUI-GeometryPack] INFO: Extract Skeleton dispatch: edge_collapse -> GeomPackSkeleton_EdgeCollapse
[15:15]   [ComfyUI] [SubprocessWorker] got response: ok
[15:15]   [ComfyUI] [comfy-env] GeomPackExtractSkeleton done (0.10s): result: NodeOutput
[15:15]   [ComfyUI] [comfy-env] Running GeomPackSkeleton_EdgeCollapse: trimesh: Trimesh, fix_mesh: True, normalize: False, shape_weight: 1.0, sample_weight: 0.1
[15:15]   [ComfyUI] [SubprocessWorker] call_method: nodes.skeleton.backends.edge_collapse.SkeletonEdgeCollapseNode.EXECUTE_NORMALIZED
[15:15]   [ComfyUI] [SubprocessWorker] acquired lock, ensuring started...
[15:15]   [ComfyUI] [ComfyUI-GeometryPack] Health check: ping (timeout=5.0s)...
[15:15]   [ComfyUI] [ComfyUI-GeometryPack] Health check: ok
[15:15]   [ComfyUI] [SubprocessWorker] worker started/confirmed
[15:15]   [ComfyUI] [SubprocessWorker] serializing kwargs to shm...
[15:15]   [ComfyUI] [SubprocessWorker] created 1 shm blocks
[15:15]   [ComfyUI] [SubprocessWorker] sending request via socket...
[15:15]   [ComfyUI] [SubprocessWorker] call_id=139 sending call_method
[15:17]   Frame 2 saved (frame_001.jpg, t=2.3s)
[15:17]   [capture-periodic] freeze=3ms shot=114ms unfreeze=3ms saved=True
[15:20]   Frame 3 saved (frame_002.jpg, t=4.5s)
[15:20]   [capture-periodic] freeze=3ms shot=112ms unfreeze=4ms saved=True
[15:21]   [capture-loop] iter=50 t=5.8s state={'complete': False, 'error': None, 'executedCount': 0, 'wsState': 1} eval_ms=3 ram=4.8/16.0GB (30%) swap=1.3/2.9GB (45%) cpu=50% browser_rss=0.56GB
[15:22]   Frame 4 saved (frame_003.jpg, t=6.7s)
[15:22]   [capture-periodic] freeze=4ms shot=121ms unfreeze=3ms saved=True
[15:23]   [ComfyUI] [worker:ComfyUI-GeometryPack] INFO: Backend: edge_collapse
[15:23]   [ComfyUI] 
[15:23]   [ComfyUI] Collapsing edges:   0%|          | 0/5520 [00:00<?, ?it/s]
[15:23]   [ComfyUI] Collapsing edges:   5%|▌         | 298/5520 [00:00<00:01, 2974.71it/s]
[15:23]   [ComfyUI] Collapsing edges:  11%|█▏        | 626/5520 [00:00<00:01, 3144.81it/s]
[15:23]   [ComfyUI] Collapsing edges:  17%|█▋        | 942/5520 [00:00<00:01, 3134.62it/s]
[15:23]   [ComfyUI] Collapsing edges:  23%|██▎       | 1256/5520 [00:00<00:01, 2880.70it/s]
[15:23]   [ComfyUI] Collapsing edges:  29%|██▉       | 1598/5520 [00:00<00:01, 3061.01it/s]
[15:23]   [ComfyUI] Collapsing edges:  35%|███▌      | 1952/5520 [00:00<00:01, 3216.66it/s]
[15:24]   [ComfyUI] Collapsing edges:  41%|████▏     | 2278/5520 [00:00<00:01, 3169.16it/s]
[15:24]   [ComfyUI] Collapsing edges:  48%|████▊     | 2632/5520 [00:00<00:00, 3283.37it/s]
[15:24]   [ComfyUI] Collapsing edges:  54%|█████▍    | 2998/5520 [00:00<00:00, 3397.86it/s]
[15:24]   [ComfyUI] Collapsing edges:  61%|██████    | 3340/5520 [00:01<00:00, 3394.91it/s]
[15:24]   [ComfyUI] Collapsing edges:  67%|██████▋   | 3706/5520 [00:01<00:00, 3471.60it/s]
[15:24]   [ComfyUI] Collapsing edges:  73%|███████▎  | 4054/5520 [00:01<00:00, 3431.68it/s]
[15:24]   [ComfyUI] Collapsing edges:  80%|███████▉  | 4412/5520 [00:01<00:00, 3468.18it/s]
[15:24]   [ComfyUI] Collapsing edges:  87%|████████▋ | 4812/5520 [00:01<00:00, 3624.48it/s]
[15:24]   [ComfyUI] Collapsing edges:  94%|█████████▍| 5178/5520 [00:01<00:00, 3633.64it/s]
[15:24]   [ComfyUI] Collapsing edges: 100%|█████████▉| 5518/5520 [00:01<00:00, 3362.54it/s]
[15:24]   [ComfyUI] [SubprocessWorker] got response: ok
[15:24]   [ComfyUI] [comfy-env] GeomPackSkeleton_EdgeCollapse done (9.06s): result: NodeOutput
[15:24]   [ComfyUI] [comfy-env] Running GeomPackMeshFromSkeleton: joint_radius: 0.02, bone_radius: 0.01, skeleton: dict
[15:24]   [ComfyUI] [SubprocessWorker] call_method: nodes.skeleton.mesh_from_skeleton.SkeletonToMesh.EXECUTE_NORMALIZED
[15:24]   [ComfyUI] [SubprocessWorker] acquired lock, ensuring started...
[15:24]   [ComfyUI] [ComfyUI-GeometryPack] Health check: ping (timeout=5.0s)...
[15:24]   [ComfyUI] [ComfyUI-GeometryPack] Health check: ok
[15:24]   [ComfyUI] [SubprocessWorker] worker started/confirmed
[15:24]   [ComfyUI] [SubprocessWorker] serializing kwargs to shm...
[15:24]   [ComfyUI] [SubprocessWorker] created 0 shm blocks
[15:24]   [ComfyUI] [SubprocessWorker] sending request via socket...
[15:24]   [ComfyUI] [SubprocessWorker] call_id=140 sending call_method
[15:24]   [ComfyUI] [worker:ComfyUI-GeometryPack] [comfy-env] _from_shm got dict with keys: ['__type__', 'strategy', 'manager_path', 'storage_key', 'storage_size']
[15:24]   [ComfyUI] [worker:ComfyUI-GeometryPack] [comfy-env] DESERIALIZE TensorRef: tensor_size=[55, 3]
[15:24]   [ComfyUI] [worker:ComfyUI-GeometryPack] [comfy-env] DESERIALIZED tensor shape: torch.Size([55, 3])
[15:25]   [ComfyUI] [worker:ComfyUI-GeometryPack] [comfy-env] _from_shm got dict with keys: ['__type__', 'strategy', 'manager_path', 'storage_key', 'storage_size']
[15:25]   [ComfyUI] [worker:ComfyUI-GeometryPack] [comfy-env] DESERIALIZE TensorRef: tensor_size=[54, 2]
[15:25]   [ComfyUI] [worker:ComfyUI-GeometryPack] [comfy-env] DESERIALIZED tensor shape: torch.Size([54, 2])
[15:25]   [ComfyUI] [worker:ComfyUI-GeometryPack] INFO: Creating solid mesh: 55 joints, 54 bones
[15:25]   [ComfyUI] [worker:ComfyUI-GeometryPack] INFO: Skeleton metadata: scale=0.505, normalized=False
[15:25]   [ComfyUI] [worker:ComfyUI-GeometryPack] INFO: Input skeleton bounding box:
[15:25]   [ComfyUI] [worker:ComfyUI-GeometryPack] INFO:   Min: [-0.507, -0.308, -0.140]
[15:25]   [ComfyUI] [worker:ComfyUI-GeometryPack] INFO:   Max: [0.503, 0.319, 0.138]
[15:25]   [ComfyUI] [worker:ComfyUI-GeometryPack] INFO:   Size: [1.010, 0.627, 0.277]
[15:25]   [ComfyUI] [worker:ComfyUI-GeometryPack] INFO:   Center: [-0.002, 0.005, -0.001]
[15:25]   [ComfyUI] [worker:ComfyUI-GeometryPack] INFO: Created mesh: 6362 vertices, 12288 faces
[15:25]   [ComfyUI] [worker:ComfyUI-GeometryPack] INFO: Output mesh bounding box:
[15:25]   [ComfyUI] [worker:ComfyUI-GeometryPack] INFO:   Min: [-0.527, -0.328, -0.160]
[15:25]   [ComfyUI] [worker:ComfyUI-GeometryPack] INFO:   Max: [0.522, 0.338, 0.158]
[15:25]   [ComfyUI] [worker:ComfyUI-GeometryPack] INFO:   Size: [1.049, 0.666, 0.317]
[15:25]   [ComfyUI] [worker:ComfyUI-GeometryPack] INFO:   Center: [-0.002, 0.005, -0.001]
[15:25]   [ComfyUI] [SubprocessWorker] got response: ok
[15:25]   [ComfyUI] [comfy-env] GeomPackMeshFromSkeleton done (0.35s): result: NodeOutput
[15:25]   [ComfyUI] [comfy-env] Running GeomPackExtractSkeleton: fix_mesh: True, normalize: False, backend: dict, trimesh: Trimesh
[15:25]   [ComfyUI] [SubprocessWorker] call_method: nodes.skeleton.extract_skeleton.ExtractSkeleton.EXECUTE_NORMALIZED
[15:25]   [ComfyUI] [SubprocessWorker] acquired lock, ensuring started...
[15:25]   [ComfyUI] [ComfyUI-GeometryPack] Health check: ping (timeout=5.0s)...
[15:25]   [ComfyUI] [ComfyUI-GeometryPack] Health check: ok
[15:25]   [ComfyUI] [SubprocessWorker] worker started/confirmed
[15:25]   [ComfyUI] [SubprocessWorker] serializing kwargs to shm...
[15:25]   [ComfyUI] [SubprocessWorker] created 1 shm blocks
[15:25]   [ComfyUI] [SubprocessWorker] sending request via socket...
[15:25]   [ComfyUI] [SubprocessWorker] call_id=141 sending call_method
[15:25]   [ComfyUI] [worker:ComfyUI-GeometryPack] INFO: Extract Skeleton dispatch: vertex_clusters -> GeomPackSkeleton_VertexClusters
[15:25]   [ComfyUI] [SubprocessWorker] got response: ok
[15:25]   [ComfyUI] [comfy-env] GeomPackExtractSkeleton done (0.09s): result: NodeOutput
[15:25]   [ComfyUI] [comfy-env] Running GeomPackSkeleton_VertexClusters: trimesh: Trimesh, fix_mesh: True, normalize: False, sampling_dist: 1.0, cluster_pos: 'median'
[15:25]   [ComfyUI] [SubprocessWorker] call_method: nodes.skeleton.backends.vertex_clusters.SkeletonVertexClustersNode.EXECUTE_NORMALIZED
[15:25]   [ComfyUI] [SubprocessWorker] acquired lock, ensuring started...
[15:25]   [ComfyUI] [ComfyUI-GeometryPack] Health check: ping (timeout=5.0s)...
[15:25]   [ComfyUI] [ComfyUI-GeometryPack] Health check: ok
[15:25]   [ComfyUI] [SubprocessWorker] worker started/confirmed
[15:25]   [ComfyUI] [SubprocessWorker] serializing kwargs to shm...
[15:25]   [ComfyUI] [SubprocessWorker] created 1 shm blocks
[15:25]   [ComfyUI] [SubprocessWorker] sending request via socket...
[15:25]   [ComfyUI] [SubprocessWorker] call_id=142 sending call_method
[15:25]   [ComfyUI] [worker:ComfyUI-GeometryPack] INFO: Backend: vertex_clusters
[15:25]   [ComfyUI] 
[15:25]   [ComfyUI] Clustering:   0%|          | 0/2761 [00:00<?, ?it/s]
[15:25]   [ComfyUI] Clustering: 100%|██████████| 2761/2761 [00:00<00:00, 399685.01it/s]
[15:25]   [ComfyUI] [SubprocessWorker] got response: ok
[15:25]   [ComfyUI] [comfy-env] GeomPackSkeleton_VertexClusters done (0.18s): result: NodeOutput
[15:25]   [ComfyUI] [comfy-env] Running GeomPackMeshFromSkeleton: joint_radius: 0.02, bone_radius: 0.01, skeleton: dict
[15:25]   [ComfyUI] [SubprocessWorker] call_method: nodes.skeleton.mesh_from_skeleton.SkeletonToMesh.EXECUTE_NORMALIZED
[15:25]   [ComfyUI] [SubprocessWorker] acquired lock, ensuring started...
[15:25]   [ComfyUI] [ComfyUI-GeometryPack] Health check: ping (timeout=5.0s)...
[15:25]   [ComfyUI] [ComfyUI-GeometryPack] Health check: ok
[15:25]   [ComfyUI] [SubprocessWorker] worker started/confirmed
[15:25]   [ComfyUI] [SubprocessWorker] serializing kwargs to shm...
[15:25]   [ComfyUI] [SubprocessWorker] created 0 shm blocks
[15:25]   [ComfyUI] [SubprocessWorker] sending request via socket...
[15:25]   [ComfyUI] [SubprocessWorker] call_id=143 sending call_method
[15:25]   [ComfyUI] [worker:ComfyUI-GeometryPack] [comfy-env] _from_shm got dict with keys: ['__type__', 'strategy', 'manager_path', 'storage_key', 'storage_size']
[15:25]   [ComfyUI] [worker:ComfyUI-GeometryPack] [comfy-env] DESERIALIZE TensorRef: tensor_size=[25, 3]
[15:25]   [ComfyUI] [worker:ComfyUI-GeometryPack] [comfy-env] DESERIALIZED tensor shape: torch.Size([25, 3])
[15:25]   [ComfyUI] [worker:ComfyUI-GeometryPack] [comfy-env] _from_shm got dict with keys: ['__type__', 'strategy', 'manager_path', 'storage_key', 'storage_size']
[15:25]   [ComfyUI] [worker:ComfyUI-GeometryPack] [comfy-env] DESERIALIZE TensorRef: tensor_size=[24, 2]
[15:25]   [ComfyUI] [worker:ComfyUI-GeometryPack] [comfy-env] DESERIALIZED tensor shape: torch.Size([24, 2])
[15:25]   [ComfyUI] [worker:ComfyUI-GeometryPack] INFO: Creating solid mesh: 25 joints, 24 bones
[15:25]   [ComfyUI] [worker:ComfyUI-GeometryPack] INFO: Skeleton metadata: scale=0.453, normalized=False
[15:25]   [ComfyUI] [worker:ComfyUI-GeometryPack] INFO: Input skeleton bounding box:
[15:25]   [ComfyUI] [worker:ComfyUI-GeometryPack] INFO:   Min: [-0.481, -0.320, -0.111]
[15:25]   [ComfyUI] [worker:ComfyUI-GeometryPack] INFO:   Max: [0.425, 0.308, 0.123]
[15:25]   [ComfyUI] [worker:ComfyUI-GeometryPack] INFO:   Size: [0.906, 0.628, 0.234]
[15:25]   [ComfyUI] [worker:ComfyUI-GeometryPack] INFO:   Center: [-0.028, -0.006, 0.006]
[15:25]   [ComfyUI] [worker:ComfyUI-GeometryPack] INFO: Created mesh: 2882 vertices, 5568 faces
[15:25]   [ComfyUI] [worker:ComfyUI-GeometryPack] INFO: Output mesh bounding box:
[15:25]   [ComfyUI] [worker:ComfyUI-GeometryPack] INFO:   Min: [-0.500, -0.339, -0.131]
[15:25]   [ComfyUI] [worker:ComfyUI-GeometryPack] INFO:   Max: [0.445, 0.328, 0.143]
[15:25]   [ComfyUI] [worker:ComfyUI-GeometryPack] INFO:   Size: [0.945, 0.667, 0.274]
[15:25]   [ComfyUI] [worker:ComfyUI-GeometryPack] INFO:   Center: [-0.028, -0.006, 0.006]
[15:25]   [ComfyUI] [SubprocessWorker] got response: ok
[15:25]   [ComfyUI] [comfy-env] GeomPackMeshFromSkeleton done (0.26s): result: NodeOutput
[15:25]   [ComfyUI] [comfy-env] Running GeomPackExtractSkeleton: fix_mesh: True, normalize: False, backend: dict, trimesh: Trimesh
[15:25]   [ComfyUI] [SubprocessWorker] call_method: nodes.skeleton.extract_skeleton.ExtractSkeleton.EXECUTE_NORMALIZED
[15:25]   [ComfyUI] [SubprocessWorker] acquired lock, ensuring started...
[15:25]   [ComfyUI] [ComfyUI-GeometryPack] Health check: ping (timeout=5.0s)...
[15:25]   [ComfyUI] [ComfyUI-GeometryPack] Health check: ok
[15:25]   [ComfyUI] [SubprocessWorker] worker started/confirmed
[15:25]   [ComfyUI] [SubprocessWorker] serializing kwargs to shm...
[15:25]   [ComfyUI] [SubprocessWorker] created 1 shm blocks
[15:25]   [ComfyUI] [SubprocessWorker] sending request via socket...
[15:25]   [ComfyUI] [SubprocessWorker] call_id=144 sending call_method
[15:25]   [ComfyUI] [worker:ComfyUI-GeometryPack] INFO: Extract Skeleton dispatch: wavefront -> GeomPackSkeleton_Wavefront
[15:25]   [ComfyUI] [SubprocessWorker] got response: ok
[15:25]   [ComfyUI] [comfy-env] GeomPackExtractSkeleton done (0.11s): result: NodeOutput
[15:25]   [ComfyUI] [comfy-env] Running GeomPackSkeleton_Wavefront: trimesh: Trimesh, fix_mesh: True, normalize: False, waves: 1, step_size: 1.0
[15:25]   [ComfyUI] [SubprocessWorker] call_method: nodes.skeleton.backends.wavefront.SkeletonWavefrontNode.EXECUTE_NORMALIZED
[15:25]   [ComfyUI] [SubprocessWorker] acquired lock, ensuring started...
[15:25]   [ComfyUI] [ComfyUI-GeometryPack] Health check: ping (timeout=5.0s)...
[15:25]   [ComfyUI] [ComfyUI-GeometryPack] Health check: ok
[15:25]   [ComfyUI] [SubprocessWorker] worker started/confirmed
[15:25]   [ComfyUI] [SubprocessWorker] serializing kwargs to shm...
[15:25]   [ComfyUI] [SubprocessWorker] created 1 shm blocks
[15:25]   [ComfyUI] [SubprocessWorker] sending request via socket...
[15:25]   [ComfyUI] [SubprocessWorker] call_id=145 sending call_method
[15:26]   [ComfyUI] [worker:ComfyUI-GeometryPack]
[15:26]   [ComfyUI] === WATCHDOG TICK 6 ===
[15:26]   [ComfyUI] [worker:ComfyUI-GeometryPack] Thread 0x00001b40 (most recent call first):
[15:26]   [ComfyUI]   File "C:\ce\.pixi\envs\geometrypack-nodes\Lib\threading.py", line 363 in wait
[15:26]   [ComfyUI]   File "C:\ce\.pixi\envs\geometrypack-nodes\Lib\threading.py", line 660 in wait
[15:26]   [ComfyUI]   File "C:\ce\.pixi\envs\geometrypack-nodes\Lib\site-packages\tqdm\_monitor.py", line 60 in run
[15:26]   [ComfyUI]   File "C:\ce\.pixi\envs\geometrypack-nodes\Lib\threading.py", line 1044 in _bootstrap_inner
[15:26]   [ComfyUI]   File "C:\ce\.pixi\envs\geometrypack-nodes\Lib\threading.py", line 1015 in _bootstrap
[15:26]   [ComfyUI] 
[15:26]   [ComfyUI] Current thread 0x000014f8 (most recent call first):
[15:26]   [ComfyUI]   File "C:\Users\RUNNER~1\AppData\Local\Temp\comfyui_pvenv_23kbyj93\persistent_worker.py", line 52 in _watchdog
[15:26]   [ComfyUI]   File "C:\ce\.pixi\envs\geometrypack-nodes\Lib\threading.py", line 995 in run
[15:26]   [ComfyUI]   File "C:\ce\.pixi\envs\geometrypack-nodes\Lib\threading.py", line 1044 in _bootstrap_inner
[15:26]   [ComfyUI]   File "C:\ce\.pixi\envs\geometrypack-nodes\Lib\threading.py", line 1015 in _bootstrap
[15:26]   [ComfyUI] 
[15:26]   [ComfyUI] Thread 0x00000f60 (most recent call first):
[15:26]   [ComfyUI]   File "C:\Users\RUNNER~1\AppData\Local\Temp\comfyui_pvenv_23kbyj93\persistent_worker.py", line 86 in wlog
[15:26]   [ComfyUI]   File "C:\Users\RUNNER~1\AppData\Local\Temp\comfyui_pvenv_23kbyj93\persistent_worker.py", line 1737 in main
[15:26]   [ComfyUI]   File "C:\Users\RUNNER~1\AppData\Local\Temp\comfyui_pvenv_23kbyj93\persistent_worker.py", line 1807 in <module>
[15:26]   [ComfyUI] 
[15:26]   [ComfyUI] [worker:ComfyUI-GeometryPack] === END ===
[15:26]   [ComfyUI] 
[15:26]   [ComfyUI] [worker:ComfyUI-GeometryPack] INFO: Backend: wavefront
[15:26]   [ComfyUI] 
[15:26]   [ComfyUI] Skeletonizing:   0%|          | 0/2761 [00:00<?, ?it/s]
[15:26]   [ComfyUI] Skeletonizing: 100%|██████████| 2761/2761 [00:00<00:00, 179048.11it/s]
[15:26]   [ComfyUI] [SubprocessWorker] got response: ok
[15:26]   [ComfyUI] [comfy-env] GeomPackSkeleton_Wavefront done (0.32s): result: NodeOutput
[15:26]   [ComfyUI] [comfy-env] Running GeomPackMeshFromSkeleton: joint_radius: 0.02, bone_radius: 0.01, skeleton: dict
[15:26]   [ComfyUI] [SubprocessWorker] call_method: nodes.skeleton.mesh_from_skeleton.SkeletonToMesh.EXECUTE_NORMALIZED
[15:26]   [ComfyUI] [SubprocessWorker] acquired lock, ensuring started...
[15:26]   [ComfyUI] [ComfyUI-GeometryPack] Health check: ping (timeout=5.0s)...
[15:26]   [ComfyUI] [ComfyUI-GeometryPack] Health check: ok
[15:26]   [ComfyUI] [SubprocessWorker] worker started/confirmed
[15:26]   [ComfyUI] [SubprocessWorker] serializing kwargs to shm...
[15:26]   [ComfyUI] [SubprocessWorker] created 0 shm blocks
[15:26]   [ComfyUI] [SubprocessWorker] sending request via socket...
[15:26]   [ComfyUI] [SubprocessWorker] call_id=146 sending call_method
[15:26]   [ComfyUI] [worker:ComfyUI-GeometryPack] [comfy-env] _from_shm got dict with keys: ['__type__', 'strategy', 'manager_path', 'storage_key', 'storage_size']
[15:26]   [ComfyUI] [worker:ComfyUI-GeometryPack] [comfy-env] DESERIALIZE TensorRef: tensor_size=[96, 3]
[15:26]   [ComfyUI] [worker:ComfyUI-GeometryPack] [comfy-env] DESERIALIZED tensor shape: torch.Size([96, 3])
[15:26]   [ComfyUI] [worker:ComfyUI-GeometryPack] [comfy-env] _from_shm got dict with keys: ['__type__', 'strategy', 'manager_path', 'storage_key', 'storage_size']
[15:26]   [ComfyUI] [worker:ComfyUI-GeometryPack] [comfy-env] DESERIALIZE TensorRef: tensor_size=[95, 2]
[15:26]   [ComfyUI] [worker:ComfyUI-GeometryPack] [comfy-env] DESERIALIZED tensor shape: torch.Size([95, 2])
[15:26]   [ComfyUI] [worker:ComfyUI-GeometryPack] INFO: Creating solid mesh: 96 joints, 95 bones
[15:26]   [ComfyUI] [worker:ComfyUI-GeometryPack] INFO: Skeleton metadata: scale=0.515, normalized=False
[15:26]   [ComfyUI] [worker:ComfyUI-GeometryPack] INFO: Input skeleton bounding box:
[15:26]   [ComfyUI] [worker:ComfyUI-GeometryPack] INFO:   Min: [-0.512, -0.315, -0.154]
[15:26]   [ComfyUI] [worker:ComfyUI-GeometryPack] INFO:   Max: [0.519, 0.320, 0.138]
[15:26]   [ComfyUI] [worker:ComfyUI-GeometryPack] INFO:   Size: [1.031, 0.635, 0.292]
[15:26]   [ComfyUI] [worker:ComfyUI-GeometryPack] INFO:   Center: [0.003, 0.002, -0.008]
[15:26]   [ComfyUI] [worker:ComfyUI-GeometryPack] INFO: Created mesh: 11118 vertices, 21472 faces
[15:26]   [ComfyUI] [worker:ComfyUI-GeometryPack] INFO: Output mesh bounding box:
[15:26]   Frame 5 saved (frame_004.jpg, t=11.0s)
[15:26]   [capture-periodic] freeze=2ms shot=118ms unfreeze=4ms saved=True
[15:26]   [ComfyUI] [worker:ComfyUI-GeometryPack] INFO:   Min: [-0.531, -0.334, -0.174]
[15:26]   [ComfyUI] [worker:ComfyUI-GeometryPack] INFO:   Max: [0.538, 0.339, 0.158]
[15:26]   [ComfyUI] [worker:ComfyUI-GeometryPack] INFO:   Size: [1.070, 0.674, 0.332]
[15:26]   [ComfyUI] [worker:ComfyUI-GeometryPack] INFO:   Center: [0.003, 0.002, -0.008]
[15:26]   [ComfyUI] [SubprocessWorker] got response: ok
[15:26]   [ComfyUI] [comfy-env] GeomPackMeshFromSkeleton done (0.42s): result: NodeOutput
[15:26]   [ComfyUI] [comfy-env] Running GeomPackPreviewMeshMulti: mode: 'fields', mesh_1: Trimesh, mesh_2: Trimesh, mesh_3: Trimesh, mesh_4: Trimesh
[15:26]   [ComfyUI] [SubprocessWorker] call_method: nodes.visualization.preview_mesh_multi.PreviewMeshMultiNode.EXECUTE_NORMALIZED
[15:26]   [ComfyUI] [SubprocessWorker] acquired lock, ensuring started...
[15:26]   [ComfyUI] [ComfyUI-GeometryPack] Health check: ping (timeout=5.0s)...
[15:26]   [ComfyUI] [ComfyUI-GeometryPack] Health check: ok
[15:26]   [ComfyUI] [SubprocessWorker] worker started/confirmed
[15:26]   [ComfyUI] [SubprocessWorker] serializing kwargs to shm...
[15:26]   [ComfyUI] [SubprocessWorker] created 4 shm blocks
[15:26]   [ComfyUI] [SubprocessWorker] sending request via socket...
[15:26]   [ComfyUI] [SubprocessWorker] call_id=147 sending call_method
[15:26]   [ComfyUI] [worker:ComfyUI-GeometryPack] INFO: Mode: fields, Meshes: 4
[15:26]   [ComfyUI] [worker:ComfyUI-GeometryPack] INFO: Mesh 1: Mesh - 2761 vertices, 5520 faces
[15:26]   [ComfyUI] [worker:ComfyUI-GeometryPack] INFO: Exporting mesh to VTP: D:\a\comfy-gpu-ci\comfy-gpu-ci\test_workspaces\GeometryPack-2137\portable-comfyui\ComfyUI_windows_portable\ComfyUI\output\preview_multi_1_a66fb064.vtp
[15:26]   [ComfyUI] [worker:ComfyUI-GeometryPack] INFO: Adding normals field (2761 vertices)
[15:26]   [ComfyUI] [worker:ComfyUI-GeometryPack] INFO: Export complete: 2761 vertices, 5520 faces
[15:26]   [ComfyUI] [worker:ComfyUI-GeometryPack] INFO: Exported VTP: D:\a\comfy-gpu-ci\comfy-gpu-ci\test_workspaces\GeometryPack-2137\portable-comfyui\ComfyUI_windows_portable\ComfyUI\output\preview_multi_1_a66fb064.vtp
[15:26]   [ComfyUI] [worker:ComfyUI-GeometryPack] INFO: Mesh 2: Mesh - 11118 vertices, 21472 faces
[15:26]   [ComfyUI] [worker:ComfyUI-GeometryPack] INFO: Exporting mesh to VTP: D:\a\comfy-gpu-ci\comfy-gpu-ci\test_workspaces\GeometryPack-2137\portable-comfyui\ComfyUI_windows_portable\ComfyUI\output\preview_multi_2_a66fb064.vtp
[15:26]   [ComfyUI] [worker:ComfyUI-GeometryPack] INFO: Adding normals field (11118 vertices)
[15:26]   [ComfyUI] [worker:ComfyUI-GeometryPack] INFO: Export complete: 11118 vertices, 21472 faces
[15:26]   [ComfyUI] [worker:ComfyUI-GeometryPack] INFO: Exported VTP: D:\a\comfy-gpu-ci\comfy-gpu-ci\test_workspaces\GeometryPack-2137\portable-comfyui\ComfyUI_windows_portable\ComfyUI\output\preview_multi_2_a66fb064.vtp
[15:26]   [ComfyUI] [worker:ComfyUI-GeometryPack] INFO: Mesh 3: Mesh - 2882 vertices, 5568 faces
[15:27]   [ComfyUI] [worker:ComfyUI-GeometryPack] INFO: Exporting mesh to VTP: D:\a\comfy-gpu-ci\comfy-gpu-ci\test_workspaces\GeometryPack-2137\portable-comfyui\ComfyUI_windows_portable\ComfyUI\output\preview_multi_3_a66fb064.vtp
[15:27]   [ComfyUI] [worker:ComfyUI-GeometryPack] INFO: Adding normals field (2882 vertices)
[15:27]   [ComfyUI] [worker:ComfyUI-GeometryPack] INFO: Export complete: 2882 vertices, 5568 faces
[15:27]   [ComfyUI] [worker:ComfyUI-GeometryPack] INFO: Exported VTP: D:\a\comfy-gpu-ci\comfy-gpu-ci\test_workspaces\GeometryPack-2137\portable-comfyui\ComfyUI_windows_portable\ComfyUI\output\preview_multi_3_a66fb064.vtp
[15:27]   [ComfyUI] [worker:ComfyUI-GeometryPack] INFO: Mesh 4: Mesh - 6362 vertices, 12288 faces
[15:27]   [ComfyUI] [worker:ComfyUI-GeometryPack] INFO: Exporting mesh to VTP: D:\a\comfy-gpu-ci\comfy-gpu-ci\test_workspaces\GeometryPack-2137\portable-comfyui\ComfyUI_windows_portable\ComfyUI\output\preview_multi_4_a66fb064.vtp
[15:27]   [capture-loop] iter=100 t=11.6s state={'complete': False, 'error': None, 'executedCount': 0, 'wsState': 1} eval_ms=4 ram=4.9/16.0GB (30%) swap=1.3/2.9GB (45%) cpu=50% browser_rss=0.55GB
[15:27]   [ComfyUI] [worker:ComfyUI-GeometryPack] INFO: Adding normals field (6362 vertices)
[15:27]   [ComfyUI] [worker:ComfyUI-GeometryPack] INFO: Export complete: 6362 vertices, 12288 faces
[15:27]   [ComfyUI] [worker:ComfyUI-GeometryPack] INFO: Exported VTP: D:\a\comfy-gpu-ci\comfy-gpu-ci\test_workspaces\GeometryPack-2137\portable-comfyui\ComfyUI_windows_portable\ComfyUI\output\preview_multi_4_a66fb064.vtp
[15:27]   [ComfyUI] [worker:ComfyUI-GeometryPack] INFO: Grid: 2x2, Preview ready
[15:27]   [ComfyUI] [SubprocessWorker] got response: ok
[15:27]   [ComfyUI] [comfy-env] GeomPackPreviewMeshMulti done (0.48s): result: NodeOutput
[15:27]   [ComfyUI] [comfy-env] Running GeomPackExtractSkeleton: fix_mesh: True, normalize: False, backend: dict, trimesh: Trimesh
[15:27]   [ComfyUI] [SubprocessWorker] call_method: nodes.skeleton.extract_skeleton.ExtractSkeleton.EXECUTE_NORMALIZED
[15:27]   [ComfyUI] [SubprocessWorker] acquired lock, ensuring started...
[15:27]   [ComfyUI] [ComfyUI-GeometryPack] Health check: ping (timeout=5.0s)...
[15:27]   [ComfyUI] [ComfyUI-GeometryPack] Health check: ok
[15:27]   [ComfyUI] [SubprocessWorker] worker started/confirmed
[15:27]   [ComfyUI] [SubprocessWorker] serializing kwargs to shm...
[15:27]   [ComfyUI] [SubprocessWorker] created 1 shm blocks
[15:27]   [ComfyUI] [SubprocessWorker] sending request via socket...
[15:27]   [ComfyUI] [SubprocessWorker] call_id=148 sending call_method
[15:27]   [ComfyUI] [worker:ComfyUI-GeometryPack] INFO: Extract Skeleton dispatch: teasar -> GeomPackSkeleton_Teasar
[15:27]   Node executed (1 total), capturing...
[15:27]   [ComfyUI] [SubprocessWorker] got response: ok
[15:27]   [ComfyUI] [comfy-env] GeomPackExtractSkeleton done (0.15s): result: NodeOutput
[15:27]   [ComfyUI] [comfy-env] Running GeomPackSkeleton_Teasar: trimesh: Trimesh, fix_mesh: True, normalize: False, inv_dist: 10.0, min_length: 0.0
[15:27]   [ComfyUI] [SubprocessWorker] call_method: nodes.skeleton.backends.teasar.SkeletonTeasarNode.EXECUTE_NORMALIZED
[15:27]   [ComfyUI] [SubprocessWorker] acquired lock, ensuring started...
[15:27]   [ComfyUI] [ComfyUI-GeometryPack] Health check: ping (timeout=5.0s)...
[15:27]   [ComfyUI] [ComfyUI-GeometryPack] Health check: ok
[15:27]   [ComfyUI] [SubprocessWorker] worker started/confirmed
[15:27]   [ComfyUI] [SubprocessWorker] serializing kwargs to shm...
[15:27]   [ComfyUI] [SubprocessWorker] created 1 shm blocks
[15:27]   [ComfyUI] [SubprocessWorker] sending request via socket...
[15:27]   [ComfyUI] [SubprocessWorker] call_id=149 sending call_method
[15:27]   [ComfyUI] [worker:ComfyUI-GeometryPack] INFO: Backend: teasar
[15:27]   [ComfyUI] 
[15:27]   [ComfyUI] Invalidating:   0%|          | 0/2761 [00:00<?, ?it/s]
[15:27]   [ComfyUI] 
[15:27]   [ComfyUI] [SubprocessWorker] got response: ok
[15:27]   [ComfyUI] [comfy-env] GeomPackSkeleton_Teasar done (0.18s): result: NodeOutput
[15:27]   [ComfyUI] [comfy-env] Running GeomPackMeshFromSkeleton: joint_radius: 0.02, bone_radius: 0.01, skeleton: dict
[15:27]   [ComfyUI] [SubprocessWorker] call_method: nodes.skeleton.mesh_from_skeleton.SkeletonToMesh.EXECUTE_NORMALIZED
[15:27]   [ComfyUI] [SubprocessWorker] acquired lock, ensuring started...
[15:27]   [ComfyUI] [ComfyUI-GeometryPack] Health check: ping (timeout=5.0s)...
[15:27]   [ComfyUI] [ComfyUI-GeometryPack] Health check: ok
[15:27]   [ComfyUI] [SubprocessWorker] worker started/confirmed
[15:27]   [ComfyUI] [SubprocessWorker] serializing kwargs to shm...
[15:27]   [ComfyUI] [SubprocessWorker] created 0 shm blocks
[15:27]   [ComfyUI] [SubprocessWorker] sending request via socket...
[15:27]   [ComfyUI] [SubprocessWorker] call_id=150 sending call_method
[15:27]   [ComfyUI] [worker:ComfyUI-GeometryPack] [comfy-env] _from_shm got dict with keys: ['__type__', 'strategy', 'manager_path', 'storage_key', 'storage_size']
[15:27]   [ComfyUI] [worker:ComfyUI-GeometryPack] [comfy-env] DESERIALIZE TensorRef: tensor_size=[37, 3]
[15:27]   [ComfyUI] [worker:ComfyUI-GeometryPack] [comfy-env] DESERIALIZED tensor shape: torch.Size([37, 3])
[15:27]   [ComfyUI] [worker:ComfyUI-GeometryPack] [comfy-env] _from_shm got dict with keys: ['__type__', 'strategy', 'manager_path', 'storage_key', 'storage_size']
[15:27]   [ComfyUI] [worker:ComfyUI-GeometryPack] [comfy-env] DESERIALIZE TensorRef: tensor_size=[36, 2]
[15:27]   [ComfyUI] [worker:ComfyUI-GeometryPack] [comfy-env] DESERIALIZED tensor shape: torch.Size([36, 2])
[15:27]   [ComfyUI] [worker:ComfyUI-GeometryPack] INFO: Creating solid mesh: 37 joints, 36 bones
[15:27]   [ComfyUI] [worker:ComfyUI-GeometryPack] INFO: Skeleton metadata: scale=0.325, normalized=False
[15:27]   [ComfyUI] [worker:ComfyUI-GeometryPack] INFO: Input skeleton bounding box:
[15:27]   [ComfyUI] [worker:ComfyUI-GeometryPack] INFO:   Min: [-0.498, -0.152, -0.129]
[15:27]   [ComfyUI] [worker:ComfyUI-GeometryPack] INFO:   Max: [0.152, 0.231, 0.017]
[15:27]   [ComfyUI] [worker:ComfyUI-GeometryPack] INFO:   Size: [0.650, 0.383, 0.146]
[15:27]   [ComfyUI] [worker:ComfyUI-GeometryPack] INFO:   Center: [-0.173, 0.040, -0.056]
[15:28]   Frame 6 saved (frame_005.jpg, t=12.0s)
[15:28]   [capture-node] freeze=529ms shot=331ms unfreeze=3ms saved=True
[15:28]   [ComfyUI] [worker:ComfyUI-GeometryPack] INFO: Created mesh: 4274 vertices, 8256 faces
[15:28]   [ComfyUI] [worker:ComfyUI-GeometryPack] INFO: Output mesh bounding box:
[15:28]   [ComfyUI] [worker:ComfyUI-GeometryPack] INFO:   Min: [-0.518, -0.171, -0.149]
[15:28]   [ComfyUI] [worker:ComfyUI-GeometryPack] INFO:   Max: [0.171, 0.251, 0.037]
[15:28]   [ComfyUI] [worker:ComfyUI-GeometryPack] INFO:   Size: [0.689, 0.422, 0.186]
[15:28]   [ComfyUI] [worker:ComfyUI-GeometryPack] INFO:   Center: [-0.173, 0.040, -0.056]
[15:28]   [ComfyUI] [SubprocessWorker] got response: ok
[15:28]   [ComfyUI] [comfy-env] GeomPackMeshFromSkeleton done (1.03s): result: NodeOutput
[15:28]   [ComfyUI] [comfy-env] Running GeomPackPreviewMeshMulti: mode: 'fields', mesh_1: Trimesh, mesh_2: Trimesh
[15:28]   [ComfyUI] [SubprocessWorker] call_method: nodes.visualization.preview_mesh_multi.PreviewMeshMultiNode.EXECUTE_NORMALIZED
[15:28]   [ComfyUI] [SubprocessWorker] acquired lock, ensuring started...
[15:28]   [ComfyUI] [ComfyUI-GeometryPack] Health check: ping (timeout=5.0s)...
[15:28]   [ComfyUI] [ComfyUI-GeometryPack] Health check: ok
[15:28]   [ComfyUI] [SubprocessWorker] worker started/confirmed
[15:28]   [ComfyUI] [SubprocessWorker] serializing kwargs to shm...
[15:28]   [ComfyUI] [SubprocessWorker] created 2 shm blocks
[15:28]   [ComfyUI] [SubprocessWorker] sending request via socket...
[15:28]   [ComfyUI] [SubprocessWorker] call_id=151 sending call_method
[15:28]   [ComfyUI] [worker:ComfyUI-GeometryPack] INFO: Mode: fields, Meshes: 2
[15:28]   [ComfyUI] [worker:ComfyUI-GeometryPack] INFO: Mesh 1: Mesh - 4274 vertices, 8256 faces
[15:28]   [ComfyUI] [worker:ComfyUI-GeometryPack] INFO: Exporting mesh to VTP: D:\a\comfy-gpu-ci\comfy-gpu-ci\test_workspaces\GeometryPack-2137\portable-comfyui\ComfyUI_windows_portable\ComfyUI\output\preview_multi_1_3d39a3b5.vtp
[15:28]   [ComfyUI] [worker:ComfyUI-GeometryPack] INFO: Adding normals field (4274 vertices)
[15:28]   [ComfyUI] [worker:ComfyUI-GeometryPack] INFO: Export complete: 4274 vertices, 8256 faces
[15:28]   [ComfyUI] [worker:ComfyUI-GeometryPack] INFO: Exported VTP: D:\a\comfy-gpu-ci\comfy-gpu-ci\test_workspaces\GeometryPack-2137\portable-comfyui\ComfyUI_windows_portable\ComfyUI\output\preview_multi_1_3d39a3b5.vtp
[15:28]   [ComfyUI] [worker:ComfyUI-GeometryPack] INFO: Mesh 2: Mesh - 6362 vertices, 12288 faces
[15:28]   [ComfyUI] [worker:ComfyUI-GeometryPack] INFO: Exporting mesh to VTP: D:\a\comfy-gpu-ci\comfy-gpu-ci\test_workspaces\GeometryPack-2137\portable-comfyui\ComfyUI_windows_portable\ComfyUI\output\preview_multi_2_3d39a3b5.vtp
[15:28]   [ComfyUI] [worker:ComfyUI-GeometryPack] INFO: Adding normals field (6362 vertices)
[15:28]   [ComfyUI] [worker:ComfyUI-GeometryPack] INFO: Export complete: 6362 vertices, 12288 faces
[15:28]   [ComfyUI] [worker:ComfyUI-GeometryPack] INFO: Exported VTP: D:\a\comfy-gpu-ci\comfy-gpu-ci\test_workspaces\GeometryPack-2137\portable-comfyui\ComfyUI_windows_portable\ComfyUI\output\preview_multi_2_3d39a3b5.vtp
[15:28]   [ComfyUI] [worker:ComfyUI-GeometryPack] INFO: Grid: 2x1, Preview ready
[15:28]   [ComfyUI] [SubprocessWorker] got response: ok
[15:28]   [ComfyUI] [comfy-env] GeomPackPreviewMeshMulti done (0.28s): result: NodeOutput
[15:28]   [ComfyUI] Prompt executed in 13.17 seconds
[15:28]   Node executed (2 total), capturing...
[15:29]   Frame 7 saved (frame_006.jpg, t=13.6s)
[15:29]   [capture-node] freeze=4ms shot=116ms unfreeze=0ms saved=True
[15:29]   Execution complete (t=13.5s)
[15:29]   Captured 7 unique frames over 13.71s
[15:29]   [debug] iframes: 2
[15:29]   [debug]   iframe[0]: src=http://127.0.0.1:41896/extensions/ComfyUI-GeometryPack/viewer_multi.html?v=17784, canvas=368x393, rafFrozen=True
[15:29]   [debug]   iframe[1]: src=http://127.0.0.1:41896/extensions/ComfyUI-GeometryPack/viewer_multi.html?v=17784, canvas=368x195, rafFrozen=True
[15:29]   [timing] trigger_3d_previews: 0.3s
[15:31]   Saved high-quality screenshot: skeleton_all_executed.png
[15:31]   [timing] final_screenshot: 0.2s
[15:32] Capturing execution frames: skeleton_extraction.json
[15:40]   Frame 1 saved (frame_000.jpg, t=0.0s)
[15:40]   Validating workflow...
[15:40]   [ComfyUI] === /validate endpoint called ===
[15:40]   [ComfyUI] Received JSON with keys: ['prompt']
[15:40]   [ComfyUI] Prompt has 4 nodes
[15:40]   [ComfyUI]   Node 1: GeomPackLoadMesh
[15:40]   [ComfyUI]     Inputs: {"file_path": "3d/cow.off"}
[15:40]   [ComfyUI]   Node 3: GeomPackMeshFromSkeleton
[15:40]   [ComfyUI]     Inputs: {"joint_radius": 0.02, "bone_radius": 0.01, "skeleton": ["6", 0]}
[15:40]   Queuing workflow for execution...
[15:40]   [ComfyUI]   Node 5: GeomPackPreviewMeshDual
[15:40]   [ComfyUI]     Inputs: {"layout": "overlay", "mode": "fields", "opacity_1": 0.5, "opacity_2": 0.5, "preview_dual": "{\"show_edges\":false,\"camera_state\":\"{\\\"position\\\":[1.3662524844520427,1.1685429744811375,-2.017582
[15:40]   [ComfyUI]   Node 6: GeomPackExtractSkeleton
[15:40]   [ComfyUI]     Inputs: {"fix_mesh": "wavefront", "normalize": false, "backend": "wavefront", "backend.waves": 1, "backend.step_size": 1, "trimesh": ["1", 0]}
[15:40]   [ComfyUI] Generated prompt_id: e7e7d74e-ebf3-41aa-bebd-758a1530afd5
[15:40]   [ComfyUI] Calling execution.validate_prompt()...
[15:40]   [ComfyUI] Validation result: valid=True
[15:40]   [ComfyUI] === Validation PASSED ===
[15:40]   [ComfyUI] got prompt
[15:40]   [ComfyUI] [comfy-env] Running GeomPackLoadMesh: file_path: '3d/cow.off'
[15:40]   [ComfyUI] [SubprocessWorker] call_method: nodes.io.load_mesh.LoadMesh.EXECUTE_NORMALIZED
[15:40]   [ComfyUI] [SubprocessWorker] acquired lock, ensuring started...
[15:40]   [ComfyUI] [ComfyUI-GeometryPack] Health check: ping (timeout=5.0s)...
[15:40]   [ComfyUI] [ComfyUI-GeometryPack] Health check: ok
[15:40]   [ComfyUI] [SubprocessWorker] worker started/confirmed
[15:40]   [ComfyUI] [SubprocessWorker] serializing kwargs to shm...
[15:40]   [ComfyUI] [SubprocessWorker] created 0 shm blocks
[15:40]   [ComfyUI] [SubprocessWorker] sending request via socket...
[15:40]   [ComfyUI] [SubprocessWorker] call_id=152 sending call_method
[15:40]   [ComfyUI] [worker:ComfyUI-GeometryPack] INFO: Found mesh in input folder: 3d/cow.off
[15:40]   [ComfyUI] [worker:ComfyUI-GeometryPack] INFO: Loading: D:\a\comfy-gpu-ci\comfy-gpu-ci\test_workspaces\GeometryPack-2137\portable-comfyui\ComfyUI_windows_portable\ComfyUI\input\3d/cow.off
[15:40]   [ComfyUI] [worker:ComfyUI-GeometryPack] INFO: Initial mesh: 2761 vertices, 5520 faces
[15:40]   [ComfyUI] [worker:ComfyUI-GeometryPack] INFO: Successfully loaded: 2761 vertices, 5520 faces
[15:40]   [ComfyUI] [worker:ComfyUI-GeometryPack] INFO: Loaded: 2761 vertices, 5520 faces
[15:40]   [ComfyUI] [SubprocessWorker] got response: ok
[15:40]   [ComfyUI] [comfy-env] GeomPackLoadMesh done (0.14s): result: NodeOutput
[15:40]   [ComfyUI] [comfy-env] Running GeomPackExtractSkeleton: fix_mesh: True, normalize: False, backend: dict, trimesh: Trimesh
[15:40]   [ComfyUI] [SubprocessWorker] call_method: nodes.skeleton.extract_skeleton.ExtractSkeleton.EXECUTE_NORMALIZED
[15:40]   [ComfyUI] [SubprocessWorker] acquired lock, ensuring started...
[15:40]   [ComfyUI] [ComfyUI-GeometryPack] Health check: ping (timeout=5.0s)...
[15:40]   [ComfyUI] [ComfyUI-GeometryPack] Health check: ok
[15:40]   [ComfyUI] [SubprocessWorker] worker started/confirmed
[15:40]   [ComfyUI] [SubprocessWorker] serializing kwargs to shm...
[15:40]   [ComfyUI] [SubprocessWorker] created 1 shm blocks
[15:40]   [ComfyUI] [SubprocessWorker] sending request via socket...
[15:40]   [ComfyUI] [SubprocessWorker] call_id=153 sending call_method
[15:40]   [ComfyUI] [worker:ComfyUI-GeometryPack] INFO: Extract Skeleton dispatch: wavefront -> GeomPackSkeleton_Wavefront
[15:40]   [ComfyUI] [SubprocessWorker] got response: ok
[15:40]   [ComfyUI] [comfy-env] GeomPackExtractSkeleton done (0.09s): result: NodeOutput
[15:40]   [ComfyUI] [comfy-env] Running GeomPackSkeleton_Wavefront: trimesh: Trimesh, fix_mesh: True, normalize: False, waves: 1, step_size: 1.0
[15:40]   [ComfyUI] [SubprocessWorker] call_method: nodes.skeleton.backends.wavefront.SkeletonWavefrontNode.EXECUTE_NORMALIZED
[15:40]   [ComfyUI] [SubprocessWorker] acquired lock, ensuring started...
[15:40]   [ComfyUI] [ComfyUI-GeometryPack] Health check: ping (timeout=5.0s)...
[15:40]   [ComfyUI] [ComfyUI-GeometryPack] Health check: ok
[15:40]   [ComfyUI] [SubprocessWorker] worker started/confirmed
[15:40]   [ComfyUI] [SubprocessWorker] serializing kwargs to shm...
[15:40]   [ComfyUI] [SubprocessWorker] created 1 shm blocks
[15:40]   [ComfyUI] [SubprocessWorker] sending request via socket...
[15:40]   [ComfyUI] [SubprocessWorker] call_id=154 sending call_method
[15:40]   [ComfyUI] [worker:ComfyUI-GeometryPack] INFO: Backend: wavefront
[15:40]   [ComfyUI] 
[15:40]   [ComfyUI] Skeletonizing:   0%|          | 0/2761 [00:00<?, ?it/s]
[15:40]   [ComfyUI] Skeletonizing: 100%|██████████| 2761/2761 [00:00<00:00, 312015.99it/s]
[15:40]   [ComfyUI] [SubprocessWorker] got response: ok
[15:40]   [ComfyUI] [comfy-env] GeomPackSkeleton_Wavefront done (0.14s): result: NodeOutput
[15:40]   [ComfyUI] [comfy-env] Running GeomPackMeshFromSkeleton: joint_radius: 0.02, bone_radius: 0.01, skeleton: dict
[15:40]   [ComfyUI] [SubprocessWorker] call_method: nodes.skeleton.mesh_from_skeleton.SkeletonToMesh.EXECUTE_NORMALIZED
[15:40]   [ComfyUI] [SubprocessWorker] acquired lock, ensuring started...
[15:40]   [ComfyUI] [ComfyUI-GeometryPack] Health check: ping (timeout=5.0s)...
[15:40]   [ComfyUI] [ComfyUI-GeometryPack] Health check: ok
[15:40]   [ComfyUI] [SubprocessWorker] worker started/confirmed
[15:40]   [ComfyUI] [SubprocessWorker] serializing kwargs to shm...
[15:40]   [ComfyUI] [SubprocessWorker] created 0 shm blocks
[15:40]   [ComfyUI] [SubprocessWorker] sending request via socket...
[15:40]   [ComfyUI] [SubprocessWorker] call_id=155 sending call_method
[15:40]   [ComfyUI] [worker:ComfyUI-GeometryPack] [comfy-env] _from_shm got dict with keys: ['__type__', 'strategy', 'manager_path', 'storage_key', 'storage_size']
[15:40]   [ComfyUI] [worker:ComfyUI-GeometryPack] [comfy-env] DESERIALIZE TensorRef: tensor_size=[96, 3]
[15:40]   [ComfyUI] [worker:ComfyUI-GeometryPack] [comfy-env] DESERIALIZED tensor shape: torch.Size([96, 3])
[15:40]   [ComfyUI] [worker:ComfyUI-GeometryPack] [comfy-env] _from_shm got dict with keys: ['__type__', 'strategy', 'manager_path', 'storage_key', 'storage_size']
[15:40]   [ComfyUI] [worker:ComfyUI-GeometryPack] [comfy-env] DESERIALIZE TensorRef: tensor_size=[95, 2]
[15:40]   [ComfyUI] [worker:ComfyUI-GeometryPack] [comfy-env] DESERIALIZED tensor shape: torch.Size([95, 2])
[15:40]   [ComfyUI] [worker:ComfyUI-GeometryPack] INFO: Creating solid mesh: 96 joints, 95 bones
[15:40]   [ComfyUI] [worker:ComfyUI-GeometryPack] INFO: Skeleton metadata: scale=0.515, normalized=False
[15:40]   [ComfyUI] [worker:ComfyUI-GeometryPack] INFO: Input skeleton bounding box:
[15:40]   [ComfyUI] [worker:ComfyUI-GeometryPack] INFO:   Min: [-0.512, -0.315, -0.154]
[15:40]   [ComfyUI] [worker:ComfyUI-GeometryPack] INFO:   Max: [0.519, 0.320, 0.138]
[15:40]   [ComfyUI] [worker:ComfyUI-GeometryPack] INFO:   Size: [1.031, 0.635, 0.292]
[15:40]   [ComfyUI] [worker:ComfyUI-GeometryPack] INFO:   Center: [0.003, 0.002, -0.008]
[15:40]   [ComfyUI] [worker:ComfyUI-GeometryPack] INFO: Created mesh: 11118 vertices, 21472 faces
[15:41]   [ComfyUI] [worker:ComfyUI-GeometryPack] INFO: Output mesh bounding box:
[15:41]   [ComfyUI] [worker:ComfyUI-GeometryPack] INFO:   Min: [-0.531, -0.334, -0.174]
[15:41]   [ComfyUI] [worker:ComfyUI-GeometryPack] INFO:   Max: [0.538, 0.339, 0.158]
[15:41]   [ComfyUI] [worker:ComfyUI-GeometryPack] INFO:   Size: [1.070, 0.674, 0.332]
[15:41]   [ComfyUI] [worker:ComfyUI-GeometryPack] INFO:   Center: [0.003, 0.002, -0.008]
[15:41]   [ComfyUI] [SubprocessWorker] got response: ok
[15:41]   [ComfyUI] [comfy-env] GeomPackMeshFromSkeleton done (0.39s): result: NodeOutput
[15:41]   [ComfyUI] [comfy-env] Running GeomPackPreviewMeshDual: layout: 'overlay', mode: 'fields', opacity_1: 0.5, opacity_2: 0.5, mesh_1: Trimesh, mesh_2: Trimesh
[15:41]   [ComfyUI] [SubprocessWorker] call_method: nodes.visualization.preview_mesh_dual.PreviewMeshDualNode.EXECUTE_NORMALIZED
[15:41]   [ComfyUI] [SubprocessWorker] acquired lock, ensuring started...
[15:41]   [ComfyUI] [ComfyUI-GeometryPack] Health check: ping (timeout=5.0s)...
[15:41]   [ComfyUI] [ComfyUI-GeometryPack] Health check: ok
[15:41]   [ComfyUI] [SubprocessWorker] worker started/confirmed
[15:41]   [ComfyUI] [SubprocessWorker] serializing kwargs to shm...
[15:41]   [ComfyUI] [SubprocessWorker] created 2 shm blocks
[15:41]   [ComfyUI] [SubprocessWorker] sending request via socket...
[15:41]   [ComfyUI] [SubprocessWorker] call_id=156 sending call_method
[15:41]   [ComfyUI] [worker:ComfyUI-GeometryPack] INFO: Layout: overlay, Mode: fields
[15:41]   [ComfyUI] [worker:ComfyUI-GeometryPack] INFO: Mesh 1: Mesh - 11118 vertices, 21472 faces
[15:41]   [ComfyUI] [worker:ComfyUI-GeometryPack] INFO: Mesh 2: Mesh - 2761 vertices, 5520 faces
[15:41]   [ComfyUI] [worker:ComfyUI-GeometryPack] INFO: Mesh 1 fields: []
[15:41]   [ComfyUI] [worker:ComfyUI-GeometryPack] INFO: Mesh 2 fields: []
[15:41]   [ComfyUI] [worker:ComfyUI-GeometryPack] INFO: Common fields: []
[15:41]   [ComfyUI] [worker:ComfyUI-GeometryPack] INFO: Mesh 1 visual: kind=None, texture=False, vertex_colors=False
[15:41]   [ComfyUI] [worker:ComfyUI-GeometryPack] INFO: Mesh 2 visual: kind=None, texture=False, vertex_colors=False
[15:41]   [ComfyUI] [worker:ComfyUI-GeometryPack] INFO: Added mesh_id field and red/blue colors for overlay
[15:41]   [ComfyUI] [worker:ComfyUI-GeometryPack] INFO: Exporting mesh to VTP: D:\a\comfy-gpu-ci\comfy-gpu-ci\test_workspaces\GeometryPack-2137\portable-comfyui\ComfyUI_windows_portable\ComfyUI\output\preview_dual_overlay_acadb2bc.vtp
[15:41]   [ComfyUI] [worker:ComfyUI-GeometryPack] INFO: Adding normals field (13879 vertices)
[15:41]   [ComfyUI] [worker:ComfyUI-GeometryPack] INFO: Adding scalar field: mesh_id (components: 1)
[15:41]   [ComfyUI] [worker:ComfyUI-GeometryPack] INFO: Export complete: 13879 vertices, 26992 faces
[15:41]   [ComfyUI] [worker:ComfyUI-GeometryPack] INFO: Exported combined VTP: D:\a\comfy-gpu-ci\comfy-gpu-ci\test_workspaces\GeometryPack-2137\portable-comfyui\ComfyUI_windows_portable\ComfyUI\output\preview_dual_overlay_acadb2bc.vtp
[15:41]   [ComfyUI] [worker:ComfyUI-GeometryPack] INFO: Combined Mesh: 13879 vertices, 26992 faces
[15:41]   [ComfyUI] [worker:ComfyUI-GeometryPack] INFO: Preview ready
[15:41]   [ComfyUI] [SubprocessWorker] got response: ok
[15:41]   [ComfyUI] [comfy-env] GeomPackPreviewMeshDual done (0.28s): result: NodeOutput
[15:41]   [ComfyUI] Prompt executed in 1.06 seconds
[15:41]   Node executed (1 total), capturing...
[15:41]   Frame 2 saved (frame_001.jpg, t=1.5s)
[15:41]   [capture-node] freeze=50ms shot=175ms unfreeze=0ms saved=True
[15:41]   Execution complete (t=1.5s)
[15:41]   Captured 2 unique frames over 1.72s
[15:41]   [debug] iframes: 1
[15:41]   [debug]   iframe[0]: src=http://127.0.0.1:41896/extensions/ComfyUI-GeometryPack/viewer_dual.html?v=177844, canvas=742x485, rafFrozen=True
[15:41]   [timing] trigger_3d_previews: 0.0s
[15:44]   Saved high-quality screenshot: skeleton_extraction_executed.png
[15:44]   [timing] final_screenshot: 0.2s
[15:44] Capturing execution frames: sMOOth.json
[15:50]   Frame 1 saved (frame_000.jpg, t=0.0s)
[15:50]   Validating workflow...
[15:50]   [ComfyUI] === /validate endpoint called ===
[15:50]   [ComfyUI] Received JSON with keys: ['prompt']
[15:50]   [ComfyUI] Prompt has 3 nodes
[15:50]   [ComfyUI]   Node 1: GeomPackPreviewMeshDual
[15:50]   [ComfyUI]     Inputs: {"layout": "side_by_side", "mode": "fields", "opacity_1": 1, "opacity_2": 1, "preview_dual": "{\"show_edges\":true,\"camera_state\":\"{\\\"position\\\":[-1.264590737186599,0.4315551722479547,-0.956898
[15:50]   [ComfyUI]   Node 3: GeomPackLoadMesh
[15:50]   Queuing workflow for execution...
[15:50]   [ComfyUI]     Inputs: {"file_path": "3d/cow.off"}
[15:50]   [ComfyUI]   Node 5: GeomPackSmoothMesh
[15:50]   [ComfyUI]     Inputs: {"backend": "taubin", "backend.iterations": 5, "backend.lambda_": 1, "backend.mu": -0.8, "trimesh": ["3", 0]}
[15:50]   [ComfyUI] Generated prompt_id: fe7b22c7-21bf-4530-b6bc-a74b5ecbefee
[15:50]   [ComfyUI] Calling execution.validate_prompt()...
[15:50]   [ComfyUI] Validation result: valid=True
[15:50]   [ComfyUI] === Validation PASSED ===
[15:50]   [ComfyUI] got prompt
[15:50]   [ComfyUI] [comfy-env] Running GeomPackLoadMesh: file_path: '3d/cow.off'
[15:50]   [ComfyUI] [SubprocessWorker] call_method: nodes.io.load_mesh.LoadMesh.EXECUTE_NORMALIZED
[15:50]   [ComfyUI] [SubprocessWorker] acquired lock, ensuring started...
[15:50]   [ComfyUI] [ComfyUI-GeometryPack] Health check: ping (timeout=5.0s)...
[15:50]   [ComfyUI] [ComfyUI-GeometryPack] Health check: ok
[15:50]   [ComfyUI] [SubprocessWorker] worker started/confirmed
[15:50]   [ComfyUI] [SubprocessWorker] serializing kwargs to shm...
[15:50]   [ComfyUI] [SubprocessWorker] created 0 shm blocks
[15:50]   [ComfyUI] [SubprocessWorker] sending request via socket...
[15:50]   [ComfyUI] [SubprocessWorker] call_id=157 sending call_method
[15:50]   [ComfyUI] [worker:ComfyUI-GeometryPack] INFO: Found mesh in input folder: 3d/cow.off
[15:50]   [ComfyUI] [worker:ComfyUI-GeometryPack] INFO: Loading: D:\a\comfy-gpu-ci\comfy-gpu-ci\test_workspaces\GeometryPack-2137\portable-comfyui\ComfyUI_windows_portable\ComfyUI\input\3d/cow.off
[15:50]   [ComfyUI] [worker:ComfyUI-GeometryPack] INFO: Initial mesh: 2761 vertices, 5520 faces
[15:50]   [ComfyUI] [worker:ComfyUI-GeometryPack] INFO: Successfully loaded: 2761 vertices, 5520 faces
[15:50]   [ComfyUI] [worker:ComfyUI-GeometryPack] INFO: Loaded: 2761 vertices, 5520 faces
[15:50]   [ComfyUI] [SubprocessWorker] got response: ok
[15:50]   [ComfyUI] [comfy-env] GeomPackLoadMesh done (0.14s): result: NodeOutput
[15:50]   [ComfyUI] [comfy-env] Running GeomPackSmoothMesh: backend: dict, trimesh: Trimesh
[15:50]   [ComfyUI] [SubprocessWorker] call_method: nodes.smoothing.smooth.SmoothMeshNode.EXECUTE_NORMALIZED
[15:50]   [ComfyUI] [SubprocessWorker] acquired lock, ensuring started...
[15:50]   [ComfyUI] [ComfyUI-GeometryPack] Health check: ping (timeout=5.0s)...
[15:50]   [ComfyUI] [ComfyUI-GeometryPack] Health check: ok
[15:50]   [ComfyUI] [SubprocessWorker] worker started/confirmed
[15:50]   [ComfyUI] [SubprocessWorker] serializing kwargs to shm...
[15:50]   [ComfyUI] [SubprocessWorker] created 1 shm blocks
[15:50]   [ComfyUI] [SubprocessWorker] sending request via socket...
[15:50]   [ComfyUI] [SubprocessWorker] call_id=158 sending call_method
[15:50]   [ComfyUI] [worker:ComfyUI-GeometryPack] INFO: Smooth dispatch: taubin -> GeomPackSmooth_Taubin
[15:50]   [ComfyUI] [SubprocessWorker] got response: ok
[15:50]   [ComfyUI] [comfy-env] GeomPackSmoothMesh done (0.10s): result: NodeOutput
[15:50]   [ComfyUI] [comfy-env] Running GeomPackSmooth_Taubin: trimesh: Trimesh, iterations: 5, lambda_: 1.0, mu: -0.8
[15:50]   [ComfyUI] [SubprocessWorker] call_method: nodes.smoothing.smooth_backends.taubin.SmoothTaubinNode.EXECUTE_NORMALIZED
[15:50]   [ComfyUI] [SubprocessWorker] acquired lock, ensuring started...
[15:50]   [ComfyUI] [ComfyUI-GeometryPack] Health check: ping (timeout=5.0s)...
[15:50]   [ComfyUI] [ComfyUI-GeometryPack] Health check: ok
[15:50]   [ComfyUI] [SubprocessWorker] worker started/confirmed
[15:50]   [ComfyUI] [SubprocessWorker] serializing kwargs to shm...
[15:50]   [ComfyUI] [SubprocessWorker] created 1 shm blocks
[15:50]   [ComfyUI] [SubprocessWorker] sending request via socket...
[15:50]   [ComfyUI] [SubprocessWorker] call_id=159 sending call_method
[15:50]   [ComfyUI] [worker:ComfyUI-GeometryPack] INFO: Backend: taubin
[15:50]   [ComfyUI] [worker:ComfyUI-GeometryPack] INFO: Input: 2761 vertices, 5520 faces
[15:50]   [ComfyUI] [worker:ComfyUI-GeometryPack] INFO: Parameters: iterations=5, lambda=1.000, mu=-0.800
[15:50]   [ComfyUI] [worker:ComfyUI-GeometryPack] INFO: Output: 2761 vertices, 5520 faces
[15:50]   [ComfyUI] [worker:ComfyUI-GeometryPack] INFO: Avg vertex displacement: 0.007834, max: 0.047218
[15:50]   [ComfyUI] [SubprocessWorker] got response: ok
[15:50]   [ComfyUI] [comfy-env] GeomPackSmooth_Taubin done (0.12s): result: NodeOutput
[15:50]   [ComfyUI] [comfy-env] Running GeomPackPreviewMeshDual: layout: 'side_by_side', mode: 'fields', opacity_1: 1.0, opacity_2: 1.0, mesh_1: Trimesh, mesh_2: Trimesh
[15:50]   [ComfyUI] [SubprocessWorker] call_method: nodes.visualization.preview_mesh_dual.PreviewMeshDualNode.EXECUTE_NORMALIZED
[15:50]   [ComfyUI] [SubprocessWorker] acquired lock, ensuring started...
[15:50]   [ComfyUI] [ComfyUI-GeometryPack] Health check: ping (timeout=5.0s)...
[15:50]   [ComfyUI] [ComfyUI-GeometryPack] Health check: ok
[15:50]   [ComfyUI] [SubprocessWorker] worker started/confirmed
[15:50]   [ComfyUI] [SubprocessWorker] serializing kwargs to shm...
[15:50]   [ComfyUI] [SubprocessWorker] created 2 shm blocks
[15:50]   [ComfyUI] [SubprocessWorker] sending request via socket...
[15:50]   [ComfyUI] [SubprocessWorker] call_id=160 sending call_method
[15:50]   Node executed (1 total), capturing...
[15:50]   [ComfyUI] [worker:ComfyUI-GeometryPack] INFO: Layout: side_by_side, Mode: fields
[15:50]   [ComfyUI] [worker:ComfyUI-GeometryPack] INFO: Mesh 1: Mesh - 2761 vertices, 5520 faces
[15:50]   [ComfyUI] [worker:ComfyUI-GeometryPack] INFO: Mesh 2: Mesh - 2761 vertices, 5520 faces
[15:50]   [ComfyUI] [worker:ComfyUI-GeometryPack] INFO: Mesh 1 fields: []
[15:50]   [ComfyUI] [worker:ComfyUI-GeometryPack] INFO: Mesh 2 fields: []
[15:50]   [ComfyUI] [worker:ComfyUI-GeometryPack] INFO: Common fields: []
[15:50]   [ComfyUI] [worker:ComfyUI-GeometryPack] INFO: Mesh 1 visual: kind=None, texture=False, vertex_colors=False
[15:50]   [ComfyUI] [worker:ComfyUI-GeometryPack] INFO: Mesh 2 visual: kind=None, texture=False, vertex_colors=False
[15:50]   [ComfyUI] [worker:ComfyUI-GeometryPack] INFO: Exported STL: D:\a\comfy-gpu-ci\comfy-gpu-ci\test_workspaces\GeometryPack-2137\portable-comfyui\ComfyUI_windows_portable\ComfyUI\output\preview_dual_1_591cef56.stl
[15:50]   [ComfyUI] [worker:ComfyUI-GeometryPack] INFO: Exported STL: D:\a\comfy-gpu-ci\comfy-gpu-ci\test_workspaces\GeometryPack-2137\portable-comfyui\ComfyUI_windows_portable\ComfyUI\output\preview_dual_2_591cef56.stl
[15:50]   [ComfyUI] [worker:ComfyUI-GeometryPack] INFO: Preview ready
[15:50]   [ComfyUI] [SubprocessWorker] got response: ok
[15:50]   [ComfyUI] [comfy-env] GeomPackPreviewMeshDual done (0.18s): result: NodeOutput
[15:50]   [ComfyUI] Prompt executed in 0.54 seconds
[15:51]   Frame 2 saved (frame_001.jpg, t=0.7s)
[15:51]   [capture-node] freeze=12ms shot=126ms unfreeze=14ms saved=True
[15:51]   Node executed (2 total), capturing...
[15:51]   Frame 3 saved (frame_002.jpg, t=1.2s)
[15:51]   [capture-node] freeze=3ms shot=124ms unfreeze=0ms saved=True
[15:51]   Execution complete (t=1.2s)
[15:51]   Captured 3 unique frames over 1.34s
[15:51]   [debug] iframes: 1
[15:51]   [debug]   iframe[0]: src=http://127.0.0.1:41896/extensions/ComfyUI-GeometryPack/viewer_dual.html?v=177844, canvas=370x485, rafFrozen=True
[15:51]   [timing] trigger_3d_previews: 0.0s
[15:53]   Saved high-quality screenshot: sMOOth_executed.png
[15:53]   [timing] final_screenshot: 0.2s
[15:54] Capturing execution frames: smooth_all.json
[16:00]   Frame 1 saved (frame_000.jpg, t=0.0s)
[16:00]   Validating workflow...
[16:00]   [ComfyUI] === /validate endpoint called ===
[16:00]   [ComfyUI] Received JSON with keys: ['prompt']
[16:00]   [ComfyUI] Prompt has 8 nodes
[16:00]   [ComfyUI]   Node 1: GeomPackLoadMesh
[16:00]   [ComfyUI]     Inputs: {"file_path": "3d/cow.off"}
[16:00]   [ComfyUI]   Node 2: GeomPackSmoothMesh
[16:00]   [ComfyUI]     Inputs: {"backend": "taubin", "backend.iterations": 5, "backend.lambda_": 0.5, "backend.mu": -0.53, "trimesh": ["1", 0]}
[16:00]   Queuing workflow for execution...
[16:00]   [ComfyUI]   Node 3: GeomPackSmoothMesh
[16:00]   [ComfyUI]     Inputs: {"backend": "laplacian", "backend.iterations": 5, "backend.cotangent_weight": "true", "trimesh": ["1", 0]}
[16:00]   [ComfyUI]   Node 4: GeomPackSmoothMesh
[16:00]   [ComfyUI]     Inputs: {"backend": "hc_laplacian", "trimesh": ["1", 0]}
[16:00]   [ComfyUI]   Node 5: GeomPackSmoothMesh
[16:00]   [ComfyUI]     Inputs: {"backend": "trimesh_laplacian", "backend.iterations": 7, "backend.lambda_": 0.5, "trimesh": ["1", 0]}
[16:00]   [ComfyUI]   Node 6: GeomPackSmoothMesh
[16:00]   [ComfyUI]     Inputs: {"backend": "trimesh_taubin", "backend.iterations": 10, "backend.lambda_": 0.6, "backend.mu": -0.53, "trimesh": ["1", 0]}
[16:00]   [ComfyUI]   Node 8: GeomPackPreviewMeshMulti
[16:00]   [ComfyUI]     Inputs: {"mode": "fields", "preview_multi": "{\"show_edges\":true,\"camera_state\":\"{\\\"position\\\":[-0.8124876310583045,0.33787129680966865,-2.241461606161383],\\\"focalPoint\\\":[0,-0.0000846534967422485
[16:00]   [ComfyUI]   Node 9: GeomPackPreviewMeshMulti
[16:00]   [ComfyUI]     Inputs: {"mode": "fields", "preview_multi": "{\"show_edges\":true,\"camera_state\":\"{\\\"position\\\":[-0.8124876310583045,0.33787129680966865,-2.241461606161383],\\\"focalPoint\\\":[0,-0.0000846534967422485
[16:00]   [ComfyUI] Generated prompt_id: 66313305-a0ca-49a4-a221-e221bfab92bc
[16:00]   [ComfyUI] Calling execution.validate_prompt()...
[16:00]   [ComfyUI] Validation result: valid=True
[16:00]   [ComfyUI] === Validation PASSED ===
[16:00]   [ComfyUI] got prompt
[16:00]   [ComfyUI] [comfy-env] Running GeomPackLoadMesh: file_path: '3d/cow.off'
[16:00]   [ComfyUI] [SubprocessWorker] call_method: nodes.io.load_mesh.LoadMesh.EXECUTE_NORMALIZED
[16:00]   [ComfyUI] [SubprocessWorker] acquired lock, ensuring started...
[16:00]   [ComfyUI] [ComfyUI-GeometryPack] Health check: ping (timeout=5.0s)...
[16:00]   [ComfyUI] [ComfyUI-GeometryPack] Health check: ok
[16:00]   [ComfyUI] [SubprocessWorker] worker started/confirmed
[16:00]   [ComfyUI] [SubprocessWorker] serializing kwargs to shm...
[16:00]   [ComfyUI] [SubprocessWorker] created 0 shm blocks
[16:00]   [ComfyUI] [SubprocessWorker] sending request via socket...
[16:00]   [ComfyUI] [SubprocessWorker] call_id=161 sending call_method
[16:00]   [ComfyUI] [worker:ComfyUI-GeometryPack] INFO: Found mesh in input folder: 3d/cow.off
[16:00]   [ComfyUI] [worker:ComfyUI-GeometryPack] INFO: Loading: D:\a\comfy-gpu-ci\comfy-gpu-ci\test_workspaces\GeometryPack-2137\portable-comfyui\ComfyUI_windows_portable\ComfyUI\input\3d/cow.off
[16:00]   [ComfyUI] [worker:ComfyUI-GeometryPack] INFO: Initial mesh: 2761 vertices, 5520 faces
[16:00]   [ComfyUI] [worker:ComfyUI-GeometryPack] INFO: Successfully loaded: 2761 vertices, 5520 faces
[16:00]   [ComfyUI] [worker:ComfyUI-GeometryPack] INFO: Loaded: 2761 vertices, 5520 faces
[16:00]   [ComfyUI] [SubprocessWorker] got response: ok
[16:00]   [ComfyUI] [comfy-env] GeomPackLoadMesh done (0.13s): result: NodeOutput
[16:00]   [ComfyUI] [comfy-env] Running GeomPackSmoothMesh: backend: dict, trimesh: Trimesh
[16:00]   [ComfyUI] [SubprocessWorker] call_method: nodes.smoothing.smooth.SmoothMeshNode.EXECUTE_NORMALIZED
[16:00]   [ComfyUI] [SubprocessWorker] acquired lock, ensuring started...
[16:00]   [ComfyUI] [ComfyUI-GeometryPack] Health check: ping (timeout=5.0s)...
[16:00]   [ComfyUI] [ComfyUI-GeometryPack] Health check: ok
[16:00]   [ComfyUI] [SubprocessWorker] worker started/confirmed
[16:00]   [ComfyUI] [SubprocessWorker] serializing kwargs to shm...
[16:00]   [ComfyUI] [SubprocessWorker] created 1 shm blocks
[16:00]   [ComfyUI] [SubprocessWorker] sending request via socket...
[16:00]   [ComfyUI] [SubprocessWorker] call_id=162 sending call_method
[16:00]   [ComfyUI] [worker:ComfyUI-GeometryPack] INFO: Smooth dispatch: trimesh_taubin -> GeomPackSmooth_TrimeshTaubin
[16:00]   [ComfyUI] [SubprocessWorker] got response: ok
[16:00]   [ComfyUI] [comfy-env] GeomPackSmoothMesh done (0.09s): result: NodeOutput
[16:00]   [ComfyUI] [comfy-env] Running GeomPackSmoothMesh: backend: dict, trimesh: Trimesh
[16:00]   [ComfyUI] [SubprocessWorker] call_method: nodes.smoothing.smooth.SmoothMeshNode.EXECUTE_NORMALIZED
[16:00]   [ComfyUI] [SubprocessWorker] acquired lock, ensuring started...
[16:00]   [ComfyUI] [ComfyUI-GeometryPack] Health check: ping (timeout=5.0s)...
[16:00]   [ComfyUI] [ComfyUI-GeometryPack] Health check: ok
[16:00]   [ComfyUI] [SubprocessWorker] worker started/confirmed
[16:00]   [ComfyUI] [SubprocessWorker] serializing kwargs to shm...
[16:00]   [ComfyUI] [SubprocessWorker] created 1 shm blocks
[16:00]   [ComfyUI] [SubprocessWorker] sending request via socket...
[16:00]   [ComfyUI] [SubprocessWorker] call_id=163 sending call_method
[16:00]   [ComfyUI] [worker:ComfyUI-GeometryPack] INFO: Smooth dispatch: trimesh_laplacian -> GeomPackSmooth_TrimeshLaplacian
[16:00]   [ComfyUI] [SubprocessWorker] got response: ok
[16:00]   [ComfyUI] [comfy-env] GeomPackSmoothMesh done (0.09s): result: NodeOutput
[16:00]   [ComfyUI] [comfy-env] Running GeomPackSmoothMesh: backend: dict, trimesh: Trimesh
[16:00]   [ComfyUI] [SubprocessWorker] call_method: nodes.smoothing.smooth.SmoothMeshNode.EXECUTE_NORMALIZED
[16:00]   [ComfyUI] [SubprocessWorker] acquired lock, ensuring started...
[16:00]   [ComfyUI] [ComfyUI-GeometryPack] Health check: ping (timeout=5.0s)...
[16:00]   [ComfyUI] [ComfyUI-GeometryPack] Health check: ok
[16:00]   [ComfyUI] [SubprocessWorker] worker started/confirmed
[16:00]   [ComfyUI] [SubprocessWorker] serializing kwargs to shm...
[16:00]   [ComfyUI] [SubprocessWorker] created 1 shm blocks
[16:00]   [ComfyUI] [SubprocessWorker] sending request via socket...
[16:00]   [ComfyUI] [SubprocessWorker] call_id=164 sending call_method
[16:00]   [ComfyUI] [worker:ComfyUI-GeometryPack] INFO: Smooth dispatch: laplacian -> GeomPackSmooth_Laplacian
[16:00]   [ComfyUI] [SubprocessWorker] got response: ok
[16:00]   [ComfyUI] [comfy-env] GeomPackSmoothMesh done (0.09s): result: NodeOutput
[16:00]   [ComfyUI] [comfy-env] Running GeomPackSmoothMesh: backend: dict, trimesh: Trimesh
[16:00]   [ComfyUI] [SubprocessWorker] call_method: nodes.smoothing.smooth.SmoothMeshNode.EXECUTE_NORMALIZED
[16:00]   [ComfyUI] [SubprocessWorker] acquired lock, ensuring started...
[16:00]   [ComfyUI] [ComfyUI-GeometryPack] Health check: ping (timeout=5.0s)...
[16:00]   [ComfyUI] [ComfyUI-GeometryPack] Health check: ok
[16:00]   [ComfyUI] [SubprocessWorker] worker started/confirmed
[16:00]   [ComfyUI] [SubprocessWorker] serializing kwargs to shm...
[16:00]   [ComfyUI] [SubprocessWorker] created 1 shm blocks
[16:00]   [ComfyUI] [SubprocessWorker] sending request via socket...
[16:00]   [ComfyUI] [SubprocessWorker] call_id=165 sending call_method
[16:00]   [ComfyUI] [worker:ComfyUI-GeometryPack] INFO: Smooth dispatch: hc_laplacian -> GeomPackSmooth_HCLaplacian
[16:00]   [ComfyUI] [SubprocessWorker] got response: ok
[16:00]   [ComfyUI] [comfy-env] GeomPackSmoothMesh done (0.09s): result: NodeOutput
[16:00]   [ComfyUI] [comfy-env] Running GeomPackSmoothMesh: backend: dict, trimesh: Trimesh
[16:00]   [ComfyUI] [SubprocessWorker] call_method: nodes.smoothing.smooth.SmoothMeshNode.EXECUTE_NORMALIZED
[16:00]   [ComfyUI] [SubprocessWorker] acquired lock, ensuring started...
[16:00]   [ComfyUI] [ComfyUI-GeometryPack] Health check: ping (timeout=5.0s)...
[16:00]   [ComfyUI] [ComfyUI-GeometryPack] Health check: ok
[16:00]   [ComfyUI] [SubprocessWorker] worker started/confirmed
[16:00]   [ComfyUI] [SubprocessWorker] serializing kwargs to shm...
[16:00]   [ComfyUI] [SubprocessWorker] created 1 shm blocks
[16:00]   [ComfyUI] [SubprocessWorker] sending request via socket...
[16:00]   [ComfyUI] [SubprocessWorker] call_id=166 sending call_method
[16:00]   [ComfyUI] [worker:ComfyUI-GeometryPack] INFO: Smooth dispatch: taubin -> GeomPackSmooth_Taubin
[16:00]   [ComfyUI] [SubprocessWorker] got response: ok
[16:00]   [ComfyUI] [comfy-env] GeomPackSmoothMesh done (0.09s): result: NodeOutput
[16:00]   [ComfyUI] [comfy-env] Running GeomPackSmooth_TrimeshTaubin: trimesh: Trimesh, iterations: 10, lambda_: 0.6, mu: -0.53
[16:00]   [ComfyUI] [SubprocessWorker] call_method: nodes.smoothing.smooth_backends.trimesh_taubin.SmoothTrimeshTaubinNode.EXECUTE_NORMALIZED
[16:00]   [ComfyUI] [SubprocessWorker] acquired lock, ensuring started...
[16:00]   [ComfyUI] [ComfyUI-GeometryPack] Health check: ping (timeout=5.0s)...
[16:00]   [ComfyUI] [ComfyUI-GeometryPack] Health check: ok
[16:00]   [ComfyUI] [SubprocessWorker] worker started/confirmed
[16:00]   [ComfyUI] [SubprocessWorker] serializing kwargs to shm...
[16:00]   [ComfyUI] [SubprocessWorker] created 1 shm blocks
[16:00]   [ComfyUI] [SubprocessWorker] sending request via socket...
[16:00]   [ComfyUI] [SubprocessWorker] call_id=167 sending call_method
[16:00]   [ComfyUI] [worker:ComfyUI-GeometryPack] INFO: Backend: trimesh_taubin
[16:00]   [ComfyUI] [worker:ComfyUI-GeometryPack] INFO: Input: 2761 vertices, 5520 faces
[16:00]   [ComfyUI] [worker:ComfyUI-GeometryPack] INFO: Parameters: iterations=10, lambda=0.600, mu=-0.530
[16:00]   [ComfyUI] [worker:ComfyUI-GeometryPack] INFO: Output: 2761 vertices, 5520 faces
[16:00]   [ComfyUI] [worker:ComfyUI-GeometryPack] INFO: Avg vertex displacement: 0.013246, max: 0.069047
[16:00]   [ComfyUI] [SubprocessWorker] got response: ok
[16:00]   [ComfyUI] [comfy-env] GeomPackSmooth_TrimeshTaubin done (0.12s): result: NodeOutput
[16:00]   [ComfyUI] [comfy-env] Running GeomPackSmooth_TrimeshLaplacian: trimesh: Trimesh, iterations: 7, lambda_: 0.5
[16:00]   [ComfyUI] [SubprocessWorker] call_method: nodes.smoothing.smooth_backends.trimesh_laplacian.SmoothTrimeshLaplacianNode.EXECUTE_NORMALIZED
[16:00]   [ComfyUI] [SubprocessWorker] acquired lock, ensuring started...
[16:00]   [ComfyUI] [ComfyUI-GeometryPack] Health check: ping (timeout=5.0s)...
[16:00]   [ComfyUI] [ComfyUI-GeometryPack] Health check: ok
[16:00]   [ComfyUI] [SubprocessWorker] worker started/confirmed
[16:00]   [ComfyUI] [SubprocessWorker] serializing kwargs to shm...
[16:00]   [ComfyUI] [SubprocessWorker] created 1 shm blocks
[16:00]   [ComfyUI] [SubprocessWorker] sending request via socket...
[16:00]   [ComfyUI] [SubprocessWorker] call_id=168 sending call_method
[16:00]   Node executed (1 total), capturing...
[16:00]   [ComfyUI] [worker:ComfyUI-GeometryPack] INFO: Backend: trimesh_laplacian
[16:00]   [ComfyUI] [worker:ComfyUI-GeometryPack] INFO: Input: 2761 vertices, 5520 faces
[16:00]   [ComfyUI] [worker:ComfyUI-GeometryPack] INFO: Parameters: iterations=7, lambda=0.500
[16:00]   [ComfyUI] [worker:ComfyUI-GeometryPack] INFO: Output: 2761 vertices, 5520 faces
[16:00]   [ComfyUI] [worker:ComfyUI-GeometryPack] INFO: Avg vertex displacement: 0.013786, max: 0.047123
[16:00]   [ComfyUI] [SubprocessWorker] got response: ok
[16:00]   [ComfyUI] [comfy-env] GeomPackSmooth_TrimeshLaplacian done (0.14s): result: NodeOutput
[16:00]   [ComfyUI] [comfy-env] Running GeomPackPreviewMeshMulti: mode: 'fields', mesh_1: Trimesh, mesh_2: Trimesh
[16:00]   [ComfyUI] [SubprocessWorker] call_method: nodes.visualization.preview_mesh_multi.PreviewMeshMultiNode.EXECUTE_NORMALIZED
[16:00]   [ComfyUI] [SubprocessWorker] acquired lock, ensuring started...
[16:00]   [ComfyUI] [ComfyUI-GeometryPack] Health check: ping (timeout=5.0s)...
[16:00]   [ComfyUI] [ComfyUI-GeometryPack] Health check: ok
[16:00]   [ComfyUI] [SubprocessWorker] worker started/confirmed
[16:00]   [ComfyUI] [SubprocessWorker] serializing kwargs to shm...
[16:00]   [ComfyUI] [SubprocessWorker] created 2 shm blocks
[16:00]   [ComfyUI] [SubprocessWorker] sending request via socket...
[16:00]   [ComfyUI] [SubprocessWorker] call_id=169 sending call_method
[16:01]   [ComfyUI] [worker:ComfyUI-GeometryPack] INFO: Mode: fields, Meshes: 2
[16:01]   [ComfyUI] [worker:ComfyUI-GeometryPack] INFO: Mesh 1: Mesh - 2761 vertices, 5520 faces
[16:01]   [ComfyUI] [worker:ComfyUI-GeometryPack] INFO: Exporting mesh to VTP: D:\a\comfy-gpu-ci\comfy-gpu-ci\test_workspaces\GeometryPack-2137\portable-comfyui\ComfyUI_windows_portable\ComfyUI\output\preview_multi_1_f4cf7e58.vtp
[16:01]   [ComfyUI] [worker:ComfyUI-GeometryPack] INFO: Adding normals field (2761 vertices)
[16:01]   [ComfyUI] [worker:ComfyUI-GeometryPack] INFO: Export complete: 2761 vertices, 5520 faces
[16:01]   [ComfyUI] [worker:ComfyUI-GeometryPack] INFO: Exported VTP: D:\a\comfy-gpu-ci\comfy-gpu-ci\test_workspaces\GeometryPack-2137\portable-comfyui\ComfyUI_windows_portable\ComfyUI\output\preview_multi_1_f4cf7e58.vtp
[16:01]   [ComfyUI] [worker:ComfyUI-GeometryPack] INFO: Mesh 2: Mesh - 2761 vertices, 5520 faces
[16:01]   [ComfyUI] [worker:ComfyUI-GeometryPack] INFO: Exporting mesh to VTP: D:\a\comfy-gpu-ci\comfy-gpu-ci\test_workspaces\GeometryPack-2137\portable-comfyui\ComfyUI_windows_portable\ComfyUI\output\preview_multi_2_f4cf7e58.vtp
[16:01]   [ComfyUI] [worker:ComfyUI-GeometryPack] INFO: Adding normals field (2761 vertices)
[16:01]   [ComfyUI] [worker:ComfyUI-GeometryPack] INFO: Export complete: 2761 vertices, 5520 faces
[16:01]   Frame 2 saved (frame_001.jpg, t=1.0s)
[16:01]   [capture-node] freeze=3ms shot=97ms unfreeze=2ms saved=True
[16:01]   [ComfyUI] [worker:ComfyUI-GeometryPack] INFO: Exported VTP: D:\a\comfy-gpu-ci\comfy-gpu-ci\test_workspaces\GeometryPack-2137\portable-comfyui\ComfyUI_windows_portable\ComfyUI\output\preview_multi_2_f4cf7e58.vtp
[16:01]   [ComfyUI] [worker:ComfyUI-GeometryPack] INFO: Grid: 2x1, Preview ready
[16:01]   [ComfyUI] [SubprocessWorker] got response: ok
[16:01]   [ComfyUI] [comfy-env] GeomPackPreviewMeshMulti done (0.21s): result: NodeOutput
[16:01]   [ComfyUI] [comfy-env] Running GeomPackSmooth_Laplacian: trimesh: Trimesh, iterations: 5, cotangent_weight: 'true'
[16:01]   [ComfyUI] [SubprocessWorker] call_method: nodes.smoothing.smooth_backends.laplacian.SmoothLaplacianNode.EXECUTE_NORMALIZED
[16:01]   [ComfyUI] [SubprocessWorker] acquired lock, ensuring started...
[16:01]   [ComfyUI] [ComfyUI-GeometryPack] Health check: ping (timeout=5.0s)...
[16:01]   [ComfyUI] [ComfyUI-GeometryPack] Health check: ok
[16:01]   [ComfyUI] [SubprocessWorker] worker started/confirmed
[16:01]   [ComfyUI] [SubprocessWorker] serializing kwargs to shm...
[16:01]   [ComfyUI] [SubprocessWorker] created 1 shm blocks
[16:01]   [ComfyUI] [SubprocessWorker] sending request via socket...
[16:01]   [ComfyUI] [SubprocessWorker] call_id=170 sending call_method
[16:01]   [ComfyUI] [worker:ComfyUI-GeometryPack] INFO: Backend: laplacian
[16:01]   [ComfyUI] [worker:ComfyUI-GeometryPack] INFO: Input: 2761 vertices, 5520 faces
[16:01]   [ComfyUI] [worker:ComfyUI-GeometryPack] INFO: Parameters: iterations=5, cotangent_weight=True
[16:01]   [ComfyUI] [worker:ComfyUI-GeometryPack] INFO: Output: 2761 vertices, 5520 faces
[16:01]   [ComfyUI] [worker:ComfyUI-GeometryPack] INFO: Avg vertex displacement: 0.005665, max: 0.030324
[16:01]   [ComfyUI] [SubprocessWorker] got response: ok
[16:01]   [ComfyUI] [comfy-env] GeomPackSmooth_Laplacian done (0.16s): result: NodeOutput
[16:01]   [ComfyUI] [comfy-env] Running GeomPackSmooth_HCLaplacian: trimesh: Trimesh
[16:01]   [ComfyUI] [SubprocessWorker] call_method: nodes.smoothing.smooth_backends.hc_laplacian.SmoothHCLaplacianNode.EXECUTE_NORMALIZED
[16:01]   [ComfyUI] [SubprocessWorker] acquired lock, ensuring started...
[16:01]   [ComfyUI] [ComfyUI-GeometryPack] Health check: ping (timeout=5.0s)...
[16:01]   [ComfyUI] [ComfyUI-GeometryPack] Health check: ok
[16:01]   [ComfyUI] [SubprocessWorker] worker started/confirmed
[16:01]   [ComfyUI] [SubprocessWorker] serializing kwargs to shm...
[16:01]   [ComfyUI] [SubprocessWorker] created 1 shm blocks
[16:01]   [ComfyUI] [SubprocessWorker] sending request via socket...
[16:01]   [ComfyUI] [SubprocessWorker] call_id=171 sending call_method
[16:01]   [ComfyUI] [worker:ComfyUI-GeometryPack] INFO: Backend: hc_laplacian
[16:01]   [ComfyUI] [worker:ComfyUI-GeometryPack] INFO: Input: 2761 vertices, 5520 faces
[16:01]   [ComfyUI] [worker:ComfyUI-GeometryPack] INFO: Output: 2761 vertices, 5520 faces
[16:01]   [ComfyUI] [worker:ComfyUI-GeometryPack] INFO: Avg vertex displacement: 0.003891, max: 0.020931
[16:01]   Node executed (3 total), capturing...
[16:01]   [ComfyUI] [SubprocessWorker] got response: ok
[16:01]   [ComfyUI] [comfy-env] GeomPackSmooth_HCLaplacian done (0.22s): result: NodeOutput
[16:01]   [ComfyUI] [comfy-env] Running GeomPackSmooth_Taubin: trimesh: Trimesh, iterations: 5, lambda_: 0.5, mu: -0.53
[16:01]   [ComfyUI] [SubprocessWorker] call_method: nodes.smoothing.smooth_backends.taubin.SmoothTaubinNode.EXECUTE_NORMALIZED
[16:01]   [ComfyUI] [SubprocessWorker] acquired lock, ensuring started...
[16:01]   [ComfyUI] [ComfyUI-GeometryPack] Health check: ping (timeout=5.0s)...
[16:01]   [ComfyUI] [ComfyUI-GeometryPack] Health check: ok
[16:01]   [ComfyUI] [SubprocessWorker] worker started/confirmed
[16:01]   [ComfyUI] [SubprocessWorker] serializing kwargs to shm...
[16:01]   [ComfyUI] [SubprocessWorker] created 1 shm blocks
[16:01]   [ComfyUI] [SubprocessWorker] sending request via socket...
[16:01]   [ComfyUI] [SubprocessWorker] call_id=172 sending call_method
[16:01]   [ComfyUI] [worker:ComfyUI-GeometryPack] INFO: Backend: taubin
[16:01]   [ComfyUI] [worker:ComfyUI-GeometryPack] INFO: Input: 2761 vertices, 5520 faces
[16:01]   [ComfyUI] [worker:ComfyUI-GeometryPack] INFO: Parameters: iterations=5, lambda=0.500, mu=-0.530
[16:01]   [ComfyUI] [worker:ComfyUI-GeometryPack] INFO: Output: 2761 vertices, 5520 faces
[16:01]   [ComfyUI] [worker:ComfyUI-GeometryPack] INFO: Avg vertex displacement: 0.003815, max: 0.025956
[16:01]   [ComfyUI] [SubprocessWorker] got response: ok
[16:01]   [ComfyUI] [comfy-env] GeomPackSmooth_Taubin done (0.12s): result: NodeOutput
[16:01]   [ComfyUI] [comfy-env] Running GeomPackPreviewMeshMulti: mode: 'fields', mesh_1: Trimesh, mesh_2: Trimesh, mesh_3: Trimesh, mesh_4: Trimesh
[16:01]   [ComfyUI] [SubprocessWorker] call_method: nodes.visualization.preview_mesh_multi.PreviewMeshMultiNode.EXECUTE_NORMALIZED
[16:01]   [ComfyUI] [SubprocessWorker] acquired lock, ensuring started...
[16:01]   [ComfyUI] [ComfyUI-GeometryPack] Health check: ping (timeout=5.0s)...
[16:01]   [ComfyUI] [ComfyUI-GeometryPack] Health check: ok
[16:01]   [ComfyUI] [SubprocessWorker] worker started/confirmed
[16:01]   [ComfyUI] [SubprocessWorker] serializing kwargs to shm...
[16:01]   [ComfyUI] [SubprocessWorker] created 4 shm blocks
[16:01]   [ComfyUI] [SubprocessWorker] sending request via socket...
[16:01]   [ComfyUI] [SubprocessWorker] call_id=173 sending call_method
[16:01]   [ComfyUI] [worker:ComfyUI-GeometryPack] INFO: Mode: fields, Meshes: 4
[16:01]   [ComfyUI] [worker:ComfyUI-GeometryPack] INFO: Mesh 1: Mesh - 2761 vertices, 5520 faces
[16:01]   [ComfyUI] [worker:ComfyUI-GeometryPack] INFO: Exporting mesh to VTP: D:\a\comfy-gpu-ci\comfy-gpu-ci\test_workspaces\GeometryPack-2137\portable-comfyui\ComfyUI_windows_portable\ComfyUI\output\preview_multi_1_a32edb38.vtp
[16:01]   [ComfyUI] [worker:ComfyUI-GeometryPack] INFO: Adding normals field (2761 vertices)
[16:01]   [ComfyUI] [worker:ComfyUI-GeometryPack] INFO: Export complete: 2761 vertices, 5520 faces
[16:01]   Frame 3 saved (frame_002.jpg, t=1.7s)
[16:01]   [capture-node] freeze=3ms shot=141ms unfreeze=3ms saved=True
[16:01]   [ComfyUI] [worker:ComfyUI-GeometryPack] INFO: Exported VTP: D:\a\comfy-gpu-ci\comfy-gpu-ci\test_workspaces\GeometryPack-2137\portable-comfyui\ComfyUI_windows_portable\ComfyUI\output\preview_multi_1_a32edb38.vtp
[16:01]   [ComfyUI] [worker:ComfyUI-GeometryPack] INFO: Mesh 2: Mesh - 2761 vertices, 5520 faces
[16:01]   [ComfyUI] [worker:ComfyUI-GeometryPack] INFO: Exporting mesh to VTP: D:\a\comfy-gpu-ci\comfy-gpu-ci\test_workspaces\GeometryPack-2137\portable-comfyui\ComfyUI_windows_portable\ComfyUI\output\preview_multi_2_a32edb38.vtp
[16:01]   [ComfyUI] [worker:ComfyUI-GeometryPack] INFO: Adding normals field (2761 vertices)
[16:01]   [ComfyUI] [worker:ComfyUI-GeometryPack] INFO: Export complete: 2761 vertices, 5520 faces
[16:01]   [ComfyUI] [worker:ComfyUI-GeometryPack] INFO: Exported VTP: D:\a\comfy-gpu-ci\comfy-gpu-ci\test_workspaces\GeometryPack-2137\portable-comfyui\ComfyUI_windows_portable\ComfyUI\output\preview_multi_2_a32edb38.vtp
[16:01]   [ComfyUI] [worker:ComfyUI-GeometryPack] INFO: Mesh 3: Mesh - 2761 vertices, 5520 faces
[16:01]   [ComfyUI] [worker:ComfyUI-GeometryPack] INFO: Exporting mesh to VTP: D:\a\comfy-gpu-ci\comfy-gpu-ci\test_workspaces\GeometryPack-2137\portable-comfyui\ComfyUI_windows_portable\ComfyUI\output\preview_multi_3_a32edb38.vtp
[16:01]   Node executed (6 total), capturing...
[16:01]   [ComfyUI] [worker:ComfyUI-GeometryPack] INFO: Adding normals field (2761 vertices)
[16:01]   [ComfyUI] [worker:ComfyUI-GeometryPack] INFO: Export complete: 2761 vertices, 5520 faces
[16:01]   [ComfyUI] [worker:ComfyUI-GeometryPack] INFO: Exported VTP: D:\a\comfy-gpu-ci\comfy-gpu-ci\test_workspaces\GeometryPack-2137\portable-comfyui\ComfyUI_windows_portable\ComfyUI\output\preview_multi_3_a32edb38.vtp
[16:01]   [ComfyUI] [worker:ComfyUI-GeometryPack] INFO: Mesh 4: Mesh - 2761 vertices, 5520 faces
[16:01]   [ComfyUI] [worker:ComfyUI-GeometryPack] INFO: Exporting mesh to VTP: D:\a\comfy-gpu-ci\comfy-gpu-ci\test_workspaces\GeometryPack-2137\portable-comfyui\ComfyUI_windows_portable\ComfyUI\output\preview_multi_4_a32edb38.vtp
[16:02]   [ComfyUI] [worker:ComfyUI-GeometryPack] INFO: Adding normals field (2761 vertices)
[16:02]   [ComfyUI] [worker:ComfyUI-GeometryPack] INFO: Export complete: 2761 vertices, 5520 faces
[16:02]   [ComfyUI] [worker:ComfyUI-GeometryPack] INFO: Exported VTP: D:\a\comfy-gpu-ci\comfy-gpu-ci\test_workspaces\GeometryPack-2137\portable-comfyui\ComfyUI_windows_portable\ComfyUI\output\preview_multi_4_a32edb38.vtp
[16:02]   [ComfyUI] [worker:ComfyUI-GeometryPack] INFO: Grid: 2x2, Preview ready
[16:02]   [ComfyUI] [SubprocessWorker] got response: ok
[16:02]   [ComfyUI] [comfy-env] GeomPackPreviewMeshMulti done (0.38s): result: NodeOutput
[16:02]   [ComfyUI] Prompt executed in 1.95 seconds
[16:02]   Frame 4 saved (frame_003.jpg, t=2.1s)
[16:02]   [capture-node] freeze=59ms shot=591ms unfreeze=3ms saved=True
[16:02]   Node executed (7 total), capturing...
[16:03]   [capture-node] freeze=3ms shot=124ms unfreeze=0ms saved=False
[16:03]   Execution complete (t=3.2s)
[16:03]   Captured 4 unique frames over 3.28s
[16:03]   [debug] iframes: 2
[16:03]   [debug]   iframe[0]: src=http://127.0.0.1:41896/extensions/ComfyUI-GeometryPack/viewer_multi.html?v=17784, canvas=368x393, rafFrozen=True
[16:03]   [debug]   iframe[1]: src=http://127.0.0.1:41896/extensions/ComfyUI-GeometryPack/viewer_multi.html?v=17784, canvas=368x195, rafFrozen=True
[16:03]   [timing] trigger_3d_previews: 0.0s
[16:05]   Saved high-quality screenshot: smooth_all_executed.png
[16:05]   [timing] final_screenshot: 0.2s
[16:05] Capturing execution frames: surface_reconstruction.json
[16:11]   Frame 1 saved (frame_000.jpg, t=0.0s)
[16:11]   Validating workflow...
[16:11]   [ComfyUI] === /validate endpoint called ===
[16:11]   [ComfyUI] Received JSON with keys: ['prompt']
[16:11]   [ComfyUI] Prompt has 4 nodes
[16:11]   [ComfyUI]   Node 20: GeomPackLoadMesh
[16:11]   [ComfyUI]     Inputs: {"file_path": "3d/Stanford_Bunny.stl"}
[16:11]   [ComfyUI]   Node 21: GeomPackMeshToPointCloud
[16:11]   Queuing workflow for execution...
[16:11]   [ComfyUI]     Inputs: {"mode": "surface_sampling", "sample_count": 10000, "sampling_method": "uniform", "include_normals": "true", "trimesh": ["20", 0]}
[16:11]   [ComfyUI]   Node 22: GeomPackReconstructSurface
[16:11]   [ComfyUI]     Inputs: {"backend": "poisson", "backend.poisson_depth": 8, "backend.poisson_scale": 1.1, "backend.estimate_normals": "true", "backend.normal_radius": 0.1, "report_panel": "false", "points": ["21", 0]}
[16:11]   [ComfyUI]   Node 28: GeomPackPreviewMeshDual
[16:11]   [ComfyUI]     Inputs: {"layout": "side_by_side", "mode": "fields", "opacity_1": 1, "opacity_2": 1, "preview_dual": "{\"show_edges\":true,\"camera_state\":\"\",\"selected_field\":\"\",\"selected_channel\":\"magnitude\",\"se
[16:11]   [ComfyUI] Generated prompt_id: 949888a0-1db5-4c49-9f7a-d160f758472d
[16:11]   [ComfyUI] Calling execution.validate_prompt()...
[16:11]   [ComfyUI] Validation result: valid=True
[16:11]   [ComfyUI] === Validation PASSED ===
[16:11]   [ComfyUI] got prompt
[16:11]   [ComfyUI] [comfy-env] Running GeomPackLoadMesh: file_path: '3d/Stanford_Bunny.stl'
[16:11]   [ComfyUI] [SubprocessWorker] call_method: nodes.io.load_mesh.LoadMesh.EXECUTE_NORMALIZED
[16:11]   [ComfyUI] [SubprocessWorker] acquired lock, ensuring started...
[16:11]   [ComfyUI] [ComfyUI-GeometryPack] Health check: ping (timeout=5.0s)...
[16:11]   [ComfyUI] [ComfyUI-GeometryPack] Health check: ok
[16:11]   [ComfyUI] [SubprocessWorker] worker started/confirmed
[16:11]   [ComfyUI] [SubprocessWorker] serializing kwargs to shm...
[16:11]   [ComfyUI] [SubprocessWorker] created 0 shm blocks
[16:11]   [ComfyUI] [SubprocessWorker] sending request via socket...
[16:11]   [ComfyUI] [SubprocessWorker] call_id=174 sending call_method
[16:11]   [ComfyUI] [worker:ComfyUI-GeometryPack] INFO: Found mesh in input folder: 3d/Stanford_Bunny.stl
[16:11]   [ComfyUI] [worker:ComfyUI-GeometryPack] INFO: Loading: D:\a\comfy-gpu-ci\comfy-gpu-ci\test_workspaces\GeometryPack-2137\portable-comfyui\ComfyUI_windows_portable\ComfyUI\input\3d/Stanford_Bunny.stl
[16:12]   [ComfyUI] [worker:ComfyUI-GeometryPack] INFO: Initial mesh: 56203 vertices, 112402 faces
[16:12]   [ComfyUI] [worker:ComfyUI-GeometryPack] INFO: Successfully loaded: 56203 vertices, 112402 faces
[16:12]   [ComfyUI] [worker:ComfyUI-GeometryPack] INFO: Loaded: 56203 vertices, 112402 faces
[16:12]   [ComfyUI] [SubprocessWorker] got response: ok
[16:12]   [ComfyUI] [comfy-env] GeomPackLoadMesh done (0.35s): result: NodeOutput
[16:12]   [ComfyUI] [comfy-env] Running GeomPackMeshToPointCloud: mode: 'surface_sampling', sample_count: 10000, sampling_method: 'uniform', include_normals: 'true', trimesh: Trimesh
[16:12]   [ComfyUI] [SubprocessWorker] call_method: nodes.conversion.mesh_to_pointcloud.MeshToPointCloudNode.EXECUTE_NORMALIZED
[16:12]   [ComfyUI] [SubprocessWorker] acquired lock, ensuring started...
[16:12]   [ComfyUI] [ComfyUI-GeometryPack] Health check: ping (timeout=5.0s)...
[16:12]   [ComfyUI] [ComfyUI-GeometryPack] Health check: ok
[16:12]   [ComfyUI] [SubprocessWorker] worker started/confirmed
[16:12]   [ComfyUI] [SubprocessWorker] serializing kwargs to shm...
[16:12]   [ComfyUI] [SubprocessWorker] created 1 shm blocks
[16:12]   [ComfyUI] [SubprocessWorker] sending request via socket...
[16:12]   [ComfyUI] [SubprocessWorker] call_id=175 sending call_method
[16:12]   [ComfyUI] [worker:ComfyUI-GeometryPack] INFO: Sampling 10,000 points using uniform method
[16:12]   [ComfyUI] [worker:ComfyUI-GeometryPack] INFO: Generated point cloud with 10,000 points
[16:12]   [ComfyUI] [SubprocessWorker] got response: ok
[16:12]   [ComfyUI] [comfy-env] GeomPackMeshToPointCloud done (0.17s): result: NodeOutput
[16:12]   [ComfyUI] [comfy-env] Running GeomPackReconstructSurface: backend: dict, points: Trimesh
[16:12]   [ComfyUI] [SubprocessWorker] call_method: nodes.reconstruction.reconstruct_surface.ReconstructSurfaceNode.EXECUTE_NORMALIZED
[16:12]   [ComfyUI] [SubprocessWorker] acquired lock, ensuring started...
[16:12]   [ComfyUI] [ComfyUI-GeometryPack] Health check: ping (timeout=5.0s)...
[16:12]   [ComfyUI] [ComfyUI-GeometryPack] Health check: ok
[16:12]   [ComfyUI] [SubprocessWorker] worker started/confirmed
[16:12]   [ComfyUI] [SubprocessWorker] serializing kwargs to shm...
[16:12]   [ComfyUI] [SubprocessWorker] created 1 shm blocks
[16:12]   [ComfyUI] [SubprocessWorker] sending request via socket...
[16:12]   [ComfyUI] [SubprocessWorker] call_id=176 sending call_method
[16:12]   [ComfyUI] [worker:ComfyUI-GeometryPack] INFO: Reconstruct dispatch: poisson -> GeomPackReconstruct_Poisson
[16:12]   [ComfyUI] [SubprocessWorker] got response: ok
[16:12]   [ComfyUI] [comfy-env] GeomPackReconstructSurface done (0.09s): result: NodeOutput
[16:12]   [ComfyUI] [comfy-env] Running GeomPackReconstruct_Poisson: points: Trimesh, poisson_depth: 8, poisson_scale: 1.1, estimate_normals: 'true', normal_radius: 0.1
[16:12]   [ComfyUI] [SubprocessWorker] call_method: nodes.reconstruction.backends.poisson.ReconstructPoissonNode.EXECUTE_NORMALIZED
[16:12]   [ComfyUI] [SubprocessWorker] acquired lock, ensuring started...
[16:12]   [ComfyUI] [ComfyUI-GeometryPack] Health check: ping (timeout=5.0s)...
[16:12]   [ComfyUI] [ComfyUI-GeometryPack] Health check: ok
[16:12]   [ComfyUI] [SubprocessWorker] worker started/confirmed
[16:12]   [ComfyUI] [SubprocessWorker] serializing kwargs to shm...
[16:12]   [ComfyUI] [SubprocessWorker] created 1 shm blocks
[16:12]   [ComfyUI] [SubprocessWorker] sending request via socket...
[16:12]   [ComfyUI] [SubprocessWorker] call_id=177 sending call_method
[16:12]   [ComfyUI] [worker:ComfyUI-GeometryPack] INFO: Backend: poisson
[16:12]   [ComfyUI] [worker:ComfyUI-GeometryPack] INFO: Using normals from input
[16:12]   [ComfyUI] [worker:ComfyUI-GeometryPack] INFO: Using PyMeshLab Poisson reconstruction...
[16:14]   Frame 2 saved (frame_001.jpg, t=2.2s)
[16:14]   [capture-periodic] freeze=3ms shot=124ms unfreeze=4ms saved=True
[16:14]   [ComfyUI] [SubprocessWorker] got response: ok
[16:14]   [ComfyUI] [comfy-env] GeomPackReconstruct_Poisson done (2.13s): result: NodeOutput
[16:14]   [ComfyUI] [comfy-env] Running GeomPackPreviewMeshDual: layout: 'side_by_side', mode: 'fields', opacity_1: 1.0, opacity_2: 1.0, mesh_1: Trimesh, mesh_2: Trimesh
[16:14]   [ComfyUI] [SubprocessWorker] call_method: nodes.visualization.preview_mesh_dual.PreviewMeshDualNode.EXECUTE_NORMALIZED
[16:14]   [ComfyUI] [SubprocessWorker] acquired lock, ensuring started...
[16:14]   [ComfyUI] [ComfyUI-GeometryPack] Health check: ping (timeout=5.0s)...
[16:14]   [ComfyUI] [ComfyUI-GeometryPack] Health check: ok
[16:14]   [ComfyUI] [SubprocessWorker] worker started/confirmed
[16:14]   [ComfyUI] [SubprocessWorker] serializing kwargs to shm...
[16:14]   [ComfyUI] [SubprocessWorker] created 2 shm blocks
[16:14]   [ComfyUI] [SubprocessWorker] sending request via socket...
[16:14]   [ComfyUI] [SubprocessWorker] call_id=178 sending call_method
[16:14]   Node executed (1 total), capturing...
[16:14]   [ComfyUI] [worker:ComfyUI-GeometryPack] INFO: Layout: side_by_side, Mode: fields
[16:14]   [ComfyUI] [worker:ComfyUI-GeometryPack] INFO: Mesh 1: Mesh - 56203 vertices, 112402 faces
[16:14]   [ComfyUI] [worker:ComfyUI-GeometryPack] INFO: Mesh 2: Mesh - 43733 vertices, 87486 faces
[16:14]   [ComfyUI] [worker:ComfyUI-GeometryPack] INFO: Mesh 1 fields: ['face.stl']
[16:14]   [ComfyUI] [worker:ComfyUI-GeometryPack] INFO: Mesh 2 fields: []
[16:14]   [ComfyUI] [worker:ComfyUI-GeometryPack] INFO: Common fields: []
[16:14]   [ComfyUI] [worker:ComfyUI-GeometryPack] INFO: Mesh 1 visual: kind=None, texture=False, vertex_colors=False
[16:14]   [ComfyUI] [worker:ComfyUI-GeometryPack] INFO: Mesh 2 visual: kind=None, texture=False, vertex_colors=False
[16:14]   [ComfyUI] [worker:ComfyUI-GeometryPack] INFO: Exporting mesh to VTP: D:\a\comfy-gpu-ci\comfy-gpu-ci\test_workspaces\GeometryPack-2137\portable-comfyui\ComfyUI_windows_portable\ComfyUI\output\preview_dual_1_73f145ee.vtp
[16:14]   Frame 3 saved (frame_002.jpg, t=3.1s)
[16:14]   [capture-node] freeze=3ms shot=99ms unfreeze=3ms saved=True
[16:14]   [ComfyUI] [worker:ComfyUI-GeometryPack] INFO: Adding normals field (56203 vertices)
[16:15]   [ComfyUI] [worker:ComfyUI-GeometryPack] INFO: Adding face field: stl
[16:15]   [ComfyUI] [worker:ComfyUI-GeometryPack] INFO: Export complete: 56203 vertices, 112402 faces
[16:15]   [ComfyUI] [worker:ComfyUI-GeometryPack] INFO: Exported VTP with fields: D:\a\comfy-gpu-ci\comfy-gpu-ci\test_workspaces\GeometryPack-2137\portable-comfyui\ComfyUI_windows_portable\ComfyUI\output\preview_dual_1_73f145ee.vtp
[16:15]   [ComfyUI] [worker:ComfyUI-GeometryPack] INFO: Exported STL: D:\a\comfy-gpu-ci\comfy-gpu-ci\test_workspaces\GeometryPack-2137\portable-comfyui\ComfyUI_windows_portable\ComfyUI\output\preview_dual_2_73f145ee.stl
[16:15]   [ComfyUI] [worker:ComfyUI-GeometryPack] INFO: Preview ready
[16:15]   [ComfyUI] [SubprocessWorker] got response: ok
[16:15]   [ComfyUI] [comfy-env] GeomPackPreviewMeshDual done (0.76s): result: NodeOutput
[16:15]   [ComfyUI] Prompt executed in 3.52 seconds
[16:15]   Node executed (2 total), capturing...
[16:17]   Frame 4 saved (frame_003.jpg, t=3.9s)
[16:17]   [capture-node] freeze=248ms shot=1357ms unfreeze=0ms saved=True
[16:17]   Execution complete (t=3.9s)
[16:17]   Captured 4 unique frames over 5.56s
[16:17]   [debug] iframes: 1
[16:17]   [debug]   iframe[0]: src=http://127.0.0.1:41896/extensions/ComfyUI-GeometryPack/viewer_dual.html?v=177845, canvas=370x485, rafFrozen=True
[16:17]   [timing] trigger_3d_previews: 0.0s
[16:19]   Saved high-quality screenshot: surface_reconstruction_executed.png
[16:19]   [timing] final_screenshot: 0.2s
[16:19] Capturing execution frames: test_loading.json
[16:25]   Frame 1 saved (frame_000.jpg, t=0.0s)
[16:25]   Validating workflow...
[16:25]   [ComfyUI] === /validate endpoint called ===
[16:25]   [ComfyUI] Received JSON with keys: ['prompt']
[16:25]   [ComfyUI] Prompt has 3 nodes
[16:25]   [ComfyUI]   Node 1: GeomPackLoadMeshBlend
[16:25]   [ComfyUI]     Inputs: {"file_path": "3d/coca_cola.blend", "report_panel": "false"}
[16:25]   [ComfyUI]   Node 2: GeomPackLoadMeshFBX
[16:25]   Queuing workflow for execution...
[16:25]   [ComfyUI]     Inputs: {"file_path": "3d/rigged_human.fbx", "report_panel": "false"}
[16:25]   [ComfyUI]   Node 3: GeomPackPreviewMeshDual
[16:25]   [ComfyUI]     Inputs: {"layout": "side_by_side", "mode": "fields", "opacity_1": 1, "opacity_2": 1, "preview_dual": "{\"show_edges\":false,\"camera_state\":\"\",\"selected_field\":\"\",\"selected_channel\":\"magnitude\",\"s
[16:25]   [ComfyUI] Generated prompt_id: 508b5042-be08-458a-b0c8-c12e0247ccef
[16:25]   [ComfyUI] Calling execution.validate_prompt()...
[16:25]   [ComfyUI] Validation result: valid=True
[16:25]   [ComfyUI] === Validation PASSED ===
[16:25]   [ComfyUI] got prompt
[16:25]   [ComfyUI] [comfy-env] Running GeomPackLoadMeshFBX: file_path: '3d/rigged_human.fbx'
[16:25]   [ComfyUI] [SubprocessWorker] call_method: nodes.blender_io.load_mesh_fbx.LoadMeshFBX.EXECUTE_NORMALIZED
[16:25]   [ComfyUI] [SubprocessWorker] acquired lock, ensuring started...
[16:25]   [ComfyUI] [ComfyUI-GeometryPack] Health check: ping (timeout=5.0s)...
[16:25]   [ComfyUI] [ComfyUI-GeometryPack] Health check: ok
[16:25]   [ComfyUI] [SubprocessWorker] worker started/confirmed
[16:25]   [ComfyUI] [SubprocessWorker] serializing kwargs to shm...
[16:25]   [ComfyUI] [SubprocessWorker] created 0 shm blocks
[16:25]   [ComfyUI] [SubprocessWorker] sending request via socket...
[16:25]   [ComfyUI] [SubprocessWorker] call_id=179 sending call_method
[16:25]   [ComfyUI] [worker:ComfyUI-GeometryPack] INFO: Found FBX in input folder: 3d/rigged_human.fbx
[16:25]   [ComfyUI] [worker:ComfyUI-GeometryPack] INFO: Loading via bpy: D:\a\comfy-gpu-ci\comfy-gpu-ci\test_workspaces\GeometryPack-2137\portable-comfyui\ComfyUI_windows_portable\ComfyUI\input\3d/rigged_human.fbx
[16:25]   [ComfyUI] [worker:ComfyUI-GeometryPack] FBX version: 7400
[16:26]   [ComfyUI] [worker:ComfyUI-GeometryPack]
[16:26]   [ComfyUI] === WATCHDOG TICK 7 ===
[16:26]   [ComfyUI] [worker:ComfyUI-GeometryPack] Thread 0x00001b40 (most recent call first):
[16:26]   [ComfyUI]   File "C:\ce\.pixi\envs\geometrypack-nodes\Lib\threading.py", line 363 in wait
[16:26]   [ComfyUI]   File "C:\ce\.pixi\envs\geometrypack-nodes\Lib\threading.py", line 660 in wait
[16:26]   [ComfyUI]   File "C:\ce\.pixi\envs\geometrypack-nodes\Lib\site-packages\tqdm\_monitor.py", line 60 in run
[16:26]   [ComfyUI]   File "C:\ce\.pixi\envs\geometrypack-nodes\Lib\threading.py", line 1044 in _bootstrap_inner
[16:26]   [ComfyUI]   File "C:\ce\.pixi\envs\geometrypack-nodes\Lib\threading.py", line 1015 in _bootstrap
[16:26]   [ComfyUI] 
[16:26]   [ComfyUI] Current thread 0x000014f8 (most recent call first):
[16:26]   [ComfyUI]   File "C:\Users\RUNNER~1\AppData\Local\Temp\comfyui_pvenv_23kbyj93\persistent_worker.py", line 52 in _watchdog
[16:26]   [ComfyUI]   File "C:\ce\.pixi\envs\geometrypack-nodes\Lib\threading.py", line 995 in run
[16:26]   [ComfyUI]   File "C:\ce\.pixi\envs\geometrypack-nodes\Lib\threading.py", line 1044 in _bootstrap_inner
[16:26]   [ComfyUI]   File "C:\ce\.pixi\envs\geometrypack-nodes\Lib\threading.py", line 1015 in _bootstrap
[16:26]   [ComfyUI] 
[16:26]   [ComfyUI] Thread 0x00000f60 (most recent call first):
[16:26]   [ComfyUI]   File "D:\a\comfy-gpu-ci\comfy-gpu-ci\test_workspaces\GeometryPack-2137\portable-comfyui\ComfyUI_windows_portable\ComfyUI\custom_nodes\ComfyUI-GeometryPack\nodes\blender_io\load_mesh_fbx.py", line 37 in _bpy_import_fbx
[16:26]   [ComfyUI]   File "D:\a\comfy-gpu-ci\comfy-gpu-ci\test_workspaces\GeometryPack-2137\portable-comfyui\ComfyUI_windows_portable\ComfyUI\custom_nodes\ComfyUI-GeometryPack\nodes\blender_io\load_mesh_fbx.py", line 200 in execute
[16:26]   [ComfyUI]   File "D:\a\comfy-gpu-ci\comfy-gpu-ci\test_workspaces\GeometryPack-2137\portable-comfyui\ComfyUI_windows_portable\ComfyUI\comfy_api\latest\_io.py", line 1826 in EXECUTE_NORMALIZED
[16:26]   [ComfyUI]   File "C:\Users\RUNNER~1\AppData\Local\Temp\comfyui_pvenv_23kbyj93\persistent_worker.py", line 1762 in main
[16:26]   [ComfyUI]   File "C:\Users\RUNNER~1\AppData\Local\Temp\comfyui_pvenv_23kbyj93\persistent_worker.py", line 1807 in <module>
[16:26]   [ComfyUI] 
[16:26]   [ComfyUI] [worker:ComfyUI-GeometryPack] === END ===
[16:26]   [ComfyUI] 
[16:26]   [ComfyUI] [worker:ComfyUI-GeometryPack] INFO: Loaded: 32327 vertices, 50000 faces
[16:26]   [ComfyUI] [SubprocessWorker] got response: ok
[16:26]   [ComfyUI] [comfy-env] GeomPackLoadMeshFBX done (0.81s): result: NodeOutput
[16:26]   [ComfyUI] [comfy-env] Running GeomPackLoadMeshBlend: file_path: '3d/coca_cola.blend'
[16:26]   [ComfyUI] [SubprocessWorker] call_method: nodes.blender_io.load_mesh_blend.LoadMeshBlend.EXECUTE_NORMALIZED
[16:26]   [ComfyUI] [SubprocessWorker] acquired lock, ensuring started...
[16:26]   [ComfyUI] [ComfyUI-GeometryPack] Health check: ping (timeout=5.0s)...
[16:26]   [ComfyUI] [ComfyUI-GeometryPack] Health check: ok
[16:26]   [ComfyUI] [SubprocessWorker] worker started/confirmed
[16:26]   [ComfyUI] [SubprocessWorker] serializing kwargs to shm...
[16:26]   [ComfyUI] [SubprocessWorker] created 0 shm blocks
[16:26]   [ComfyUI] [SubprocessWorker] sending request via socket...
[16:26]   [ComfyUI] [SubprocessWorker] call_id=180 sending call_method
[16:26]   [ComfyUI] [worker:ComfyUI-GeometryPack] INFO: Found .blend in input folder: 3d/coca_cola.blend
[16:26]   [ComfyUI] [worker:ComfyUI-GeometryPack] INFO: Loading via bpy: D:\a\comfy-gpu-ci\comfy-gpu-ci\test_workspaces\GeometryPack-2137\portable-comfyui\ComfyUI_windows_portable\ComfyUI\input\3d/coca_cola.blend
[16:26]   Node executed (1 total), capturing...
[16:26]   Frame 2 saved (frame_001.jpg, t=1.2s)
[16:26]   [capture-node] freeze=4ms shot=87ms unfreeze=3ms saved=True
[16:26]   [ComfyUI] [worker:ComfyUI-GeometryPack] INFO: Loaded: 36696 vertices, 73216 faces
[16:26]   [ComfyUI] [SubprocessWorker] got response: ok
[16:26]   [ComfyUI] [comfy-env] GeomPackLoadMeshBlend done (0.42s): result: NodeOutput
[16:26]   [ComfyUI] [comfy-env] Running GeomPackPreviewMeshDual: layout: 'side_by_side', mode: 'fields', opacity_1: 1.0, opacity_2: 1.0, mesh_1: Trimesh, mesh_2: Trimesh
[16:26]   [ComfyUI] [SubprocessWorker] call_method: nodes.visualization.preview_mesh_dual.PreviewMeshDualNode.EXECUTE_NORMALIZED
[16:26]   [ComfyUI] [SubprocessWorker] acquired lock, ensuring started...
[16:26]   [ComfyUI] [ComfyUI-GeometryPack] Health check: ping (timeout=5.0s)...
[16:26]   [ComfyUI] [ComfyUI-GeometryPack] Health check: ok
[16:26]   [ComfyUI] [SubprocessWorker] worker started/confirmed
[16:26]   [ComfyUI] [SubprocessWorker] serializing kwargs to shm...
[16:26]   [ComfyUI] [SubprocessWorker] created 2 shm blocks
[16:26]   [ComfyUI] [SubprocessWorker] sending request via socket...
[16:26]   [ComfyUI] [SubprocessWorker] call_id=181 sending call_method
[16:26]   Node executed (2 total), capturing...
[16:26]   [ComfyUI] [worker:ComfyUI-GeometryPack] INFO: Layout: side_by_side, Mode: fields
[16:26]   [ComfyUI] [worker:ComfyUI-GeometryPack] INFO: Mesh 1: Mesh - 36696 vertices, 73216 faces
[16:26]   [ComfyUI] [worker:ComfyUI-GeometryPack] INFO: Mesh 2: Mesh - 32327 vertices, 50000 faces
[16:26]   [ComfyUI] [worker:ComfyUI-GeometryPack] INFO: Mesh 1 fields: []
[16:26]   [ComfyUI] [worker:ComfyUI-GeometryPack] INFO: Mesh 2 fields: []
[16:26]   [ComfyUI] [worker:ComfyUI-GeometryPack] INFO: Common fields: []
[16:26]   [ComfyUI] [worker:ComfyUI-GeometryPack] INFO: Mesh 1 visual: kind=None, texture=False, vertex_colors=False
[16:26]   [ComfyUI] [worker:ComfyUI-GeometryPack] INFO: Mesh 2 visual: kind=None, texture=False, vertex_colors=False
[16:26]   [ComfyUI] [worker:ComfyUI-GeometryPack] INFO: Exported STL: D:\a\comfy-gpu-ci\comfy-gpu-ci\test_workspaces\GeometryPack-2137\portable-comfyui\ComfyUI_windows_portable\ComfyUI\output\preview_dual_1_5d0420ff.stl
[16:26]   [ComfyUI] [worker:ComfyUI-GeometryPack] INFO: Exported STL: D:\a\comfy-gpu-ci\comfy-gpu-ci\test_workspaces\GeometryPack-2137\portable-comfyui\ComfyUI_windows_portable\ComfyUI\output\preview_dual_2_5d0420ff.stl
[16:27]   [ComfyUI] [worker:ComfyUI-GeometryPack] INFO: Preview ready
[16:27]   [ComfyUI] [SubprocessWorker] got response: ok
[16:27]   [ComfyUI] [comfy-env] GeomPackPreviewMeshDual done (0.29s): result: NodeOutput
[16:27]   [ComfyUI] Prompt executed in 1.53 seconds
[16:27]   Frame 3 saved (frame_002.jpg, t=1.6s)
[16:27]   [capture-node] freeze=3ms shot=87ms unfreeze=7ms saved=True
[16:27]   Node executed (3 total), capturing...
[16:27]   Frame 4 saved (frame_003.jpg, t=2.0s)
[16:27]   [capture-node] freeze=52ms shot=236ms unfreeze=0ms saved=True
[16:27]   Execution complete (t=2.0s)
[16:27]   Captured 4 unique frames over 2.29s
[16:27]   [debug] iframes: 1
[16:27]   [debug]   iframe[0]: src=http://127.0.0.1:41896/extensions/ComfyUI-GeometryPack/viewer_dual.html?v=177845, canvas=370x485, rafFrozen=True
[16:27]   [timing] trigger_3d_previews: 0.0s
[16:29]   Saved high-quality screenshot: test_loading_executed.png
[16:29]   [timing] final_screenshot: 0.2s
[16:30] Capturing execution frames: transform.json
[16:35]   Frame 1 saved (frame_000.jpg, t=0.0s)
[16:35]   Validating workflow...
[16:35]   [ComfyUI] === /validate endpoint called ===
[16:35]   [ComfyUI] Received JSON with keys: ['prompt']
[16:35]   [ComfyUI] Prompt has 3 nodes
[16:35]   [ComfyUI]   Node 2: GeomPackTransformMesh
[16:35]   [ComfyUI]     Inputs: {"operation": "translate", "operation.translate_x": 0.5, "operation.translate_y": 0.5, "operation.translate_z": 2, "report_panel": "false", "trimesh": ["5", 0]}
[16:35]   [ComfyUI]   Node 5: GeomPackCreatePrimitive
[16:35]   Queuing workflow for execution...
[16:35]   [ComfyUI]     Inputs: {"shape": "cube", "size": 1, "subdivisions": 2}
[16:35]   [ComfyUI]   Node 6: GeomPackPreviewMeshDual
[16:35]   [ComfyUI]     Inputs: {"layout": "overlay", "mode": "fields", "opacity_1": 1, "opacity_2": 1, "preview_dual": "{\"show_edges\":true,\"camera_state\":\"\",\"selected_field\":\"\",\"selected_channel\":\"magnitude\",\"selecte
[16:35]   [ComfyUI] Generated prompt_id: 1af83732-6a74-43f7-9794-db085ee849f9
[16:35]   [ComfyUI] Calling execution.validate_prompt()...
[16:35]   [ComfyUI] Validation result: valid=True
[16:35]   [ComfyUI] === Validation PASSED ===
[16:35]   [ComfyUI] got prompt
[16:35]   [ComfyUI] [comfy-env] Running GeomPackCreatePrimitive: shape: 'cube', size: 1.0, subdivisions: 2
[16:35]   [ComfyUI] [SubprocessWorker] call_method: nodes.primitives.create_primitive.CreatePrimitive.EXECUTE_NORMALIZED
[16:35]   [ComfyUI] [SubprocessWorker] acquired lock, ensuring started...
[16:35]   [ComfyUI] [ComfyUI-GeometryPack] Health check: ping (timeout=5.0s)...
[16:35]   [ComfyUI] [ComfyUI-GeometryPack] Health check: ok
[16:35]   [ComfyUI] [SubprocessWorker] worker started/confirmed
[16:35]   [ComfyUI] [SubprocessWorker] serializing kwargs to shm...
[16:35]   [ComfyUI] [SubprocessWorker] created 0 shm blocks
[16:35]   [ComfyUI] [SubprocessWorker] sending request via socket...
[16:35]   [ComfyUI] [SubprocessWorker] call_id=182 sending call_method
[16:35]   [ComfyUI] [worker:ComfyUI-GeometryPack] INFO: Created cube: 8 vertices, 12 faces
[16:36]   [ComfyUI] [SubprocessWorker] got response: ok
[16:36]   [ComfyUI] [comfy-env] GeomPackCreatePrimitive done (0.08s): result: NodeOutput
[16:36]   [ComfyUI] [comfy-env] Running GeomPackTransformMesh: operation: dict, trimesh: Trimesh
[16:36]   [ComfyUI] [SubprocessWorker] call_method: nodes.transforms.transform.TransformMeshNode.EXECUTE_NORMALIZED
[16:36]   [ComfyUI] [SubprocessWorker] acquired lock, ensuring started...
[16:36]   [ComfyUI] [ComfyUI-GeometryPack] Health check: ping (timeout=5.0s)...
[16:36]   [ComfyUI] [ComfyUI-GeometryPack] Health check: ok
[16:36]   [ComfyUI] [SubprocessWorker] worker started/confirmed
[16:36]   [ComfyUI] [SubprocessWorker] serializing kwargs to shm...
[16:36]   [ComfyUI] [SubprocessWorker] created 1 shm blocks
[16:36]   [ComfyUI] [SubprocessWorker] sending request via socket...
[16:36]   [ComfyUI] [SubprocessWorker] call_id=183 sending call_method
[16:36]   [ComfyUI] [worker:ComfyUI-GeometryPack] INFO: Input: 8 vertices, 12 faces
[16:36]   [ComfyUI] [worker:ComfyUI-GeometryPack] INFO: Operation: translate
[16:36]   [ComfyUI] [worker:ComfyUI-GeometryPack] INFO: Complete
[16:36]   [ComfyUI] [SubprocessWorker] got response: ok
[16:36]   [ComfyUI] [comfy-env] GeomPackTransformMesh done (0.11s): result: NodeOutput
[16:36]   [ComfyUI] [comfy-env] Running GeomPackPreviewMeshDual: layout: 'overlay', mode: 'fields', opacity_1: 1.0, opacity_2: 1.0, mesh_1: Trimesh, mesh_2: Trimesh
[16:36]   [ComfyUI] [SubprocessWorker] call_method: nodes.visualization.preview_mesh_dual.PreviewMeshDualNode.EXECUTE_NORMALIZED
[16:36]   [ComfyUI] [SubprocessWorker] acquired lock, ensuring started...
[16:36]   [ComfyUI] [ComfyUI-GeometryPack] Health check: ping (timeout=5.0s)...
[16:36]   [ComfyUI] [ComfyUI-GeometryPack] Health check: ok
[16:36]   [ComfyUI] [SubprocessWorker] worker started/confirmed
[16:36]   [ComfyUI] [SubprocessWorker] serializing kwargs to shm...
[16:36]   [ComfyUI] [SubprocessWorker] created 2 shm blocks
[16:36]   [ComfyUI] [SubprocessWorker] sending request via socket...
[16:36]   [ComfyUI] [SubprocessWorker] call_id=184 sending call_method
[16:36]   Node executed (1 total), capturing...
[16:36]   [ComfyUI] [worker:ComfyUI-GeometryPack] INFO: Layout: overlay, Mode: fields
[16:36]   [ComfyUI] [worker:ComfyUI-GeometryPack] INFO: Mesh 1: Mesh - 8 vertices, 12 faces
[16:36]   [ComfyUI] [worker:ComfyUI-GeometryPack] INFO: Mesh 2: Mesh - 8 vertices, 12 faces
[16:36]   [ComfyUI] [worker:ComfyUI-GeometryPack] INFO: Mesh 1 fields: []
[16:36]   [ComfyUI] [worker:ComfyUI-GeometryPack] INFO: Mesh 2 fields: []
[16:36]   [ComfyUI] [worker:ComfyUI-GeometryPack] INFO: Common fields: []
[16:36]   [ComfyUI] [worker:ComfyUI-GeometryPack] INFO: Mesh 1 visual: kind=None, texture=False, vertex_colors=False
[16:36]   [ComfyUI] [worker:ComfyUI-GeometryPack] INFO: Mesh 2 visual: kind=None, texture=False, vertex_colors=False
[16:36]   [ComfyUI] [worker:ComfyUI-GeometryPack] INFO: Added mesh_id field and red/blue colors for overlay
[16:36]   [ComfyUI] [worker:ComfyUI-GeometryPack] INFO: Exporting mesh to VTP: D:\a\comfy-gpu-ci\comfy-gpu-ci\test_workspaces\GeometryPack-2137\portable-comfyui\ComfyUI_windows_portable\ComfyUI\output\preview_dual_overlay_495f8107.vtp
[16:36]   [ComfyUI] [worker:ComfyUI-GeometryPack] INFO: Adding normals field (16 vertices)
[16:36]   [ComfyUI] [worker:ComfyUI-GeometryPack] INFO: Adding scalar field: mesh_id (components: 1)
[16:36]   [ComfyUI] [worker:ComfyUI-GeometryPack] INFO: Export complete: 16 vertices, 24 faces
[16:36]   [ComfyUI] [worker:ComfyUI-GeometryPack] INFO: Exported combined VTP: D:\a\comfy-gpu-ci\comfy-gpu-ci\test_workspaces\GeometryPack-2137\portable-comfyui\ComfyUI_windows_portable\ComfyUI\output\preview_dual_overlay_495f8107.vtp
[16:36]   [ComfyUI] [worker:ComfyUI-GeometryPack] INFO: Combined Mesh: 16 vertices, 24 faces
[16:36]   [ComfyUI] [worker:ComfyUI-GeometryPack] INFO: Preview ready
[16:36]   [ComfyUI] [SubprocessWorker] got response: ok
[16:36]   [ComfyUI] [comfy-env] GeomPackPreviewMeshDual done (0.19s): result: NodeOutput
[16:36]   [ComfyUI] Prompt executed in 0.39 seconds
[16:36]   Frame 2 saved (frame_001.jpg, t=0.5s)
[16:36]   [capture-node] freeze=19ms shot=192ms unfreeze=2ms saved=True
[16:36]   Node executed (2 total), capturing...
[16:36]   [capture-node] freeze=2ms shot=88ms unfreeze=0ms saved=False
[16:36]   Execution complete (t=1.0s)
[16:36]   Captured 2 unique frames over 1.13s
[16:36]   [debug] iframes: 1
[16:36]   [debug]   iframe[0]: src=http://127.0.0.1:41896/extensions/ComfyUI-GeometryPack/viewer_dual.html?v=177845, canvas=742x485, rafFrozen=True
[16:36]   [timing] trigger_3d_previews: 0.0s
[16:39]   Saved high-quality screenshot: transform_executed.png
[16:39]   [timing] final_screenshot: 0.2s
[16:39] Capturing execution frames: uv_unwrap.json
[16:45]   Frame 1 saved (frame_000.jpg, t=0.0s)
[16:45]   Validating workflow...
[16:45]   [ComfyUI] === /validate endpoint called ===
[16:45]   [ComfyUI] Received JSON with keys: ['prompt']
[16:45]   [ComfyUI] Prompt has 3 nodes
[16:45]   [ComfyUI]   Node 4: GeomPackLoadMesh
[16:45]   [ComfyUI]     Inputs: {"file_path": "3d/camelhead.off"}
[16:45]   [ComfyUI]   Node 8: GeomPackUVUnwrap
[16:45]   [ComfyUI]     Inputs: {"backend": "xatlas", "report_panel": "false", "trimesh": ["4", 0]}
[16:45]   [ComfyUI]   Node 9: GeomPackPreviewMeshUV
[16:45]   Queuing workflow for execution...
[16:45]   [ComfyUI]     Inputs: {"show_checker": false, "show_wireframe": false, "uv_preview": "", "trimesh": ["8", 0]}
[16:45]   [ComfyUI] Generated prompt_id: b01d1887-95d3-4c3f-bf44-b4767c08d824
[16:45]   [ComfyUI] Calling execution.validate_prompt()...
[16:45]   [ComfyUI] Validation result: valid=True
[16:45]   [ComfyUI] === Validation PASSED ===
[16:45]   [ComfyUI] got prompt
[16:45]   [ComfyUI] [comfy-env] Running GeomPackLoadMesh: file_path: '3d/camelhead.off'
[16:45]   [ComfyUI] [SubprocessWorker] call_method: nodes.io.load_mesh.LoadMesh.EXECUTE_NORMALIZED
[16:45]   [ComfyUI] [SubprocessWorker] acquired lock, ensuring started...
[16:45]   [ComfyUI] [ComfyUI-GeometryPack] Health check: ping (timeout=5.0s)...
[16:45]   [ComfyUI] [ComfyUI-GeometryPack] Health check: ok
[16:45]   [ComfyUI] [SubprocessWorker] worker started/confirmed
[16:45]   [ComfyUI] [SubprocessWorker] serializing kwargs to shm...
[16:45]   [ComfyUI] [SubprocessWorker] created 0 shm blocks
[16:45]   [ComfyUI] [SubprocessWorker] sending request via socket...
[16:45]   [ComfyUI] [SubprocessWorker] call_id=185 sending call_method
[16:45]   [ComfyUI] [worker:ComfyUI-GeometryPack] INFO: Found mesh in input folder: 3d/camelhead.off
[16:45]   [ComfyUI] [worker:ComfyUI-GeometryPack] INFO: Loading: D:\a\comfy-gpu-ci\comfy-gpu-ci\test_workspaces\GeometryPack-2137\portable-comfyui\ComfyUI_windows_portable\ComfyUI\input\3d/camelhead.off
[16:45]   [ComfyUI] [worker:ComfyUI-GeometryPack] INFO: Initial mesh: 11381 vertices, 22704 faces
[16:45]   [ComfyUI] [worker:ComfyUI-GeometryPack] INFO: Successfully loaded: 11381 vertices, 22704 faces
[16:45]   [ComfyUI] [worker:ComfyUI-GeometryPack] INFO: Loaded: 11381 vertices, 22704 faces
[16:45]   [ComfyUI] [SubprocessWorker] got response: ok
[16:45]   [ComfyUI] [comfy-env] GeomPackLoadMesh done (0.43s): result: NodeOutput
[16:45]   [ComfyUI] [comfy-env] Running GeomPackUVUnwrap: backend: dict, trimesh: Trimesh
[16:45]   [ComfyUI] [SubprocessWorker] call_method: nodes.uv.uv_unwrap.UVUnwrapNode.EXECUTE_NORMALIZED
[16:45]   [ComfyUI] [SubprocessWorker] acquired lock, ensuring started...
[16:45]   [ComfyUI] [ComfyUI-GeometryPack] Health check: ping (timeout=5.0s)...
[16:45]   [ComfyUI] [ComfyUI-GeometryPack] Health check: ok
[16:45]   [ComfyUI] [SubprocessWorker] worker started/confirmed
[16:45]   [ComfyUI] [SubprocessWorker] serializing kwargs to shm...
[16:45]   [ComfyUI] [SubprocessWorker] created 1 shm blocks
[16:45]   [ComfyUI] [SubprocessWorker] sending request via socket...
[16:45]   [ComfyUI] [SubprocessWorker] call_id=186 sending call_method
[16:45]   [ComfyUI] [worker:ComfyUI-GeometryPack] INFO: UV Unwrap dispatch: xatlas -> GeomPackUV_Xatlas
[16:45]   [ComfyUI] [SubprocessWorker] got response: ok
[16:45]   [ComfyUI] [comfy-env] GeomPackUVUnwrap done (0.11s): result: NodeOutput
[16:45]   [ComfyUI] [comfy-env] Running GeomPackUV_Xatlas: trimesh: Trimesh
[16:45]   [ComfyUI] [SubprocessWorker] call_method: nodes.uv.backends.xatlas.UVXatlasNode.EXECUTE_NORMALIZED
[16:45]   [ComfyUI] [SubprocessWorker] acquired lock, ensuring started...
[16:45]   [ComfyUI] [ComfyUI-GeometryPack] Health check: ping (timeout=5.0s)...
[16:45]   [ComfyUI] [ComfyUI-GeometryPack] Health check: ok
[16:45]   [ComfyUI] [SubprocessWorker] worker started/confirmed
[16:45]   [ComfyUI] [SubprocessWorker] serializing kwargs to shm...
[16:45]   [ComfyUI] [SubprocessWorker] created 1 shm blocks
[16:45]   [ComfyUI] [SubprocessWorker] sending request via socket...
[16:45]   [ComfyUI] [SubprocessWorker] call_id=187 sending call_method
[16:45]   [ComfyUI] [worker:ComfyUI-GeometryPack] INFO: Backend: xatlas
[16:45]   [ComfyUI] [worker:ComfyUI-GeometryPack] INFO: Input: 11381 vertices, 22704 faces
[16:47]   Frame 2 saved (frame_001.jpg, t=2.3s)
[16:47]   [capture-periodic] freeze=2ms shot=116ms unfreeze=2ms saved=True
[16:49]   Frame 3 saved (frame_002.jpg, t=4.5s)
[16:49]   [capture-periodic] freeze=6ms shot=138ms unfreeze=2ms saved=True
[16:51]   [capture-loop] iter=50 t=5.9s state={'complete': False, 'error': None, 'executedCount': 0, 'wsState': 1} eval_ms=8 ram=4.8/16.0GB (30%) swap=1.4/2.9GB (48%) cpu=38% browser_rss=0.60GB
[16:52]   [ComfyUI] [worker:ComfyUI-GeometryPack] INFO: Output: 14128 vertices, 22704 faces
[16:52]   [ComfyUI] [SubprocessWorker] got response: ok
[16:52]   [ComfyUI] [comfy-env] GeomPackUV_Xatlas done (6.52s): result: NodeOutput
[16:52]   [ComfyUI] [comfy-env] Running GeomPackPreviewMeshUV: show_checker: False, show_wireframe: False, trimesh: Trimesh
[16:52]   [ComfyUI] [SubprocessWorker] call_method: nodes.visualization.preview_mesh_uv.PreviewMeshUVNode.EXECUTE_NORMALIZED
[16:52]   [ComfyUI] [SubprocessWorker] acquired lock, ensuring started...
[16:52]   [ComfyUI] [ComfyUI-GeometryPack] Health check: ping (timeout=5.0s)...
[16:52]   [ComfyUI] [ComfyUI-GeometryPack] Health check: ok
[16:52]   [ComfyUI] [SubprocessWorker] worker started/confirmed
[16:52]   [ComfyUI] [SubprocessWorker] serializing kwargs to shm...
[16:52]   [ComfyUI] [SubprocessWorker] created 1 shm blocks
[16:52]   [ComfyUI] [SubprocessWorker] sending request via socket...
[16:52]   [ComfyUI] [SubprocessWorker] call_id=188 sending call_method
[16:52]   Node executed (1 total), capturing...
[16:52]   [ComfyUI] [worker:ComfyUI-GeometryPack] INFO: Preparing preview: Mesh - 14128 vertices, 22704 faces
[16:52]   [ComfyUI] [worker:ComfyUI-GeometryPack] INFO: Found UV data: 14128 UV coordinates
[16:52]   [ComfyUI] [worker:ComfyUI-GeometryPack] INFO: UV stats: range=[0.99958265 0.99956256], in_unit_square=True, coverage=0.5783
[16:52]   Frame 4 saved (frame_003.jpg, t=7.4s)
[16:52]   [capture-node] freeze=3ms shot=109ms unfreeze=3ms saved=True
[16:52]   [ComfyUI] [worker:ComfyUI-GeometryPack] INFO: Exported mesh to: D:\a\comfy-gpu-ci\comfy-gpu-ci\test_workspaces\GeometryPack-2137\portable-comfyui\ComfyUI_windows_portable\ComfyUI\output\preview_uv_ae031aa0.glb
[16:53]   [ComfyUI] [worker:ComfyUI-GeometryPack] INFO: Exported UV data to: D:\a\comfy-gpu-ci\comfy-gpu-ci\test_workspaces\GeometryPack-2137\portable-comfyui\ComfyUI_windows_portable\ComfyUI\output\preview_uv_972c2c18_uvdata.json
[16:53]   [ComfyUI] [worker:ComfyUI-GeometryPack] INFO: Preview ready: has_uvs=True, checker=False, wireframe=False
[16:53]   [ComfyUI] [SubprocessWorker] got response: ok
[16:53]   [ComfyUI] [comfy-env] GeomPackPreviewMeshUV done (0.64s): result: NodeOutput
[16:53]   [ComfyUI] Prompt executed in 7.71 seconds
[16:53]   Node executed (2 total), capturing...
[16:53]   Frame 5 saved (frame_004.jpg, t=8.1s)
[16:53]   [capture-node] freeze=3ms shot=92ms unfreeze=2ms saved=True
[16:53]   Execution complete (t=8.4s)
[16:53]   Captured 5 unique frames over 8.4s
[16:53]   [debug] iframes: 1
[16:53]   [debug]   iframe[0]: src=http://127.0.0.1:41896/extensions/ComfyUI-GeometryPack/viewer_uv.html?v=17784500, canvas=287x287, rafFrozen=False
[16:53]   [timing] trigger_3d_previews: 0.1s
[16:56]   Saved high-quality screenshot: uv_unwrap_executed.png
[16:56]   [timing] final_screenshot: 0.2s
[16:56]   [32/33] SKIPPED (not in cpu list) uv_unwrap_all.json
[16:56] Capturing execution frames: view_texture.json
[17:02]   Frame 1 saved (frame_000.jpg, t=0.0s)
[17:02]   Validating workflow...
[17:02]   [ComfyUI] === /validate endpoint called ===
[17:02]   [ComfyUI] Received JSON with keys: ['prompt']
[17:02]   [ComfyUI] Prompt has 2 nodes
[17:02]   [ComfyUI]   Node 3: GeomPackLoadMesh
[17:02]   Queuing workflow for execution...
[17:02]   [ComfyUI]     Inputs: {"file_path": "3d/mount_textured.glb"}
[17:02]   [ComfyUI]   Node 12: GeomPackPreviewMeshVTK
[17:02]   [ComfyUI]     Inputs: {"mode": "texture", "preview_vtk": "{\"show_edges\":false,\"camera_state\":\"\",\"selected_field\":\"\",\"selected_channel\":\"magnitude\",\"selected_colormap\":\"erdc_rainbow_bright\"}", "trimesh": [
[17:02]   [ComfyUI] Generated prompt_id: bc3d971f-6346-4ca2-84c4-cbaf11ff5429
[17:02]   [ComfyUI] Calling execution.validate_prompt()...
[17:02]   [ComfyUI] Validation result: valid=True
[17:02]   [ComfyUI] === Validation PASSED ===
[17:02]   [ComfyUI] got prompt
[17:02]   [ComfyUI] [comfy-env] Running GeomPackLoadMesh: file_path: '3d/mount_textured.glb'
[17:02]   [ComfyUI] [SubprocessWorker] call_method: nodes.io.load_mesh.LoadMesh.EXECUTE_NORMALIZED
[17:02]   [ComfyUI] [SubprocessWorker] acquired lock, ensuring started...
[17:02]   [ComfyUI] [ComfyUI-GeometryPack] Health check: ping (timeout=5.0s)...
[17:02]   [ComfyUI] [ComfyUI-GeometryPack] Health check: ok
[17:02]   [ComfyUI] [SubprocessWorker] worker started/confirmed
[17:02]   [ComfyUI] [SubprocessWorker] serializing kwargs to shm...
[17:02]   [ComfyUI] [SubprocessWorker] created 0 shm blocks
[17:02]   [ComfyUI] [SubprocessWorker] sending request via socket...
[17:02]   [ComfyUI] [SubprocessWorker] call_id=189 sending call_method
[17:02]   [ComfyUI] [worker:ComfyUI-GeometryPack] INFO: Found mesh in input folder: 3d/mount_textured.glb
[17:02]   [ComfyUI] [worker:ComfyUI-GeometryPack] INFO: Loading: D:\a\comfy-gpu-ci\comfy-gpu-ci\test_workspaces\GeometryPack-2137\portable-comfyui\ComfyUI_windows_portable\ComfyUI\input\3d/mount_textured.glb
[17:02]   [ComfyUI] [worker:ComfyUI-GeometryPack] INFO: Converting Scene to single mesh (scene has 2 geometries)
[17:02]   [ComfyUI] [worker:ComfyUI-GeometryPack] INFO: Initial mesh: 3604 vertices, 6964 faces
[17:02]   [ComfyUI] [worker:ComfyUI-GeometryPack] INFO: Successfully loaded: 3604 vertices, 6964 faces
[17:02]   [ComfyUI] [worker:ComfyUI-GeometryPack] INFO: Loaded: 3604 vertices, 6964 faces
[17:02]   [ComfyUI] [SubprocessWorker] got response: ok
[17:02]   [ComfyUI] [comfy-env] GeomPackLoadMesh done (0.26s): result: NodeOutput
[17:02]   [ComfyUI] [comfy-env] Running GeomPackPreviewMeshVTK: mode: 'texture', trimesh: Trimesh
[17:02]   [ComfyUI] [SubprocessWorker] call_method: nodes.visualization.preview_mesh_vtk.PreviewMeshVTKNode.EXECUTE_NORMALIZED
[17:02]   [ComfyUI] [SubprocessWorker] acquired lock, ensuring started...
[17:02]   [ComfyUI] [ComfyUI-GeometryPack] Health check: ping (timeout=5.0s)...
[17:02]   [ComfyUI] [ComfyUI-GeometryPack] Health check: ok
[17:02]   [ComfyUI] [SubprocessWorker] worker started/confirmed
[17:02]   [ComfyUI] [SubprocessWorker] serializing kwargs to shm...
[17:02]   [ComfyUI] [SubprocessWorker] created 1 shm blocks
[17:02]   [ComfyUI] [SubprocessWorker] sending request via socket...
[17:02]   [ComfyUI] [SubprocessWorker] call_id=190 sending call_method
[17:02]   [ComfyUI] [worker:ComfyUI-GeometryPack] INFO: Preparing preview: Mesh - 3604 vertices, 6964 faces
[17:02]   [ComfyUI] [worker:ComfyUI-GeometryPack] INFO: Mode: texture
[17:02]   [ComfyUI] [worker:ComfyUI-GeometryPack] INFO: Visual data - has_visual: True, kind: texture, texture: True, vertex_colors: False
[17:02]   [ComfyUI] [worker:ComfyUI-GeometryPack] INFO: Using texture mode - GLB export
[17:02]   [ComfyUI] [worker:ComfyUI-GeometryPack] INFO: Set alphaMode to OPAQUE for texture mode
[17:03]   [ComfyUI] [worker:ComfyUI-GeometryPack] INFO: Exported GLB to: D:\a\comfy-gpu-ci\comfy-gpu-ci\test_workspaces\GeometryPack-2137\portable-comfyui\ComfyUI_windows_portable\ComfyUI\output\preview_vtk_b82bf232.glb
[17:03]   [ComfyUI] [worker:ComfyUI-GeometryPack] INFO: Texture mode info: watertight=False, volume=None, area=720.728733148043, texture=True, vertex_colors=False
[17:03]   [ComfyUI] [SubprocessWorker] got response: ok
[17:03]   [ComfyUI] [comfy-env] GeomPackPreviewMeshVTK done (0.46s): result: NodeOutput
[17:03]   [ComfyUI] Prompt executed in 0.73 seconds
[17:03]   Node executed (1 total), capturing...
[17:03]   Frame 2 saved (frame_001.jpg, t=1.0s)
[17:03]   [capture-node] freeze=43ms shot=188ms unfreeze=0ms saved=True
[17:03]   Execution complete (t=1.0s)
[17:03]   Captured 2 unique frames over 1.3s
[17:03]   [debug] iframes: 1
[17:03]   [debug]   iframe[0]: src=http://127.0.0.1:41896/extensions/ComfyUI-GeometryPack/viewer_vtk_textured.html?, canvas=221x262, rafFrozen=True
[17:03]   [timing] trigger_3d_previews: 0.0s
[17:05]   Saved high-quality screenshot: view_texture_executed.png
[17:05]   [timing] final_screenshot: 0.1s
[17:06] Results saved to D:\a\comfy-gpu-ci\comfy-gpu-ci\comfy-test-logs\GeometryPack-2137\dev\windows-portable-cpu\results.json
[17:06] Model report: 8 files, 18.7 MB -> D:\a\comfy-gpu-ci\comfy-gpu-ci\comfy-test-logs\GeometryPack-2137\dev\windows-portable-cpu\models.json
[17:06] Saved: D:\a\comfy-gpu-ci\comfy-gpu-ci\comfy-test-logs\GeometryPack-2137\dev\windows-portable-cpu\index.html
[17:06] [EXECUTION] PASSED
[17:06] 
windows_portable: PASSED
[17:06] Stopping ComfyUI server...
