[00:00] Crash dump logging enabled: /logs/GeometryPack-1450/dev/linux-gpu/crash_dump.log
[00:00] 
[00:00] [1/5] SYNTAX
[00:00] ----------------------------------------
[00:00] 
[DEBUG] server=None, server_url=None, api=None
[00:00] Found pyproject.toml (modern format)
[00:00] Found requirements.txt (legacy format)
[00:00] Unicode check: OK (all characters cp1252-safe)
[00:00] Forbidden patterns check: OK
[00:00] [SYNTAX] PASSED
[00:00] 
[00:00] [2/5] INSTALL
[00:00] ----------------------------------------
[00:00] 
[DEBUG] server=None, server_url=None, api=None
[00:00] 
Setting up ComfyUI...
[00:00] Creating virtual environment...
[00:00] Running: uv venv /workspaces/GeometryPack-1450/.venv --python 3.13
[00:00] Cloning ComfyUI (latest)...
[00:00] Running: git clone --depth 1 https://github.com/comfyanonymous/ComfyUI.git /workspaces/GeometryPack-1450/ComfyUI
[00:02] Installing ComfyUI requirements...
[00:02] Running: uv pip install --python /workspaces/GeometryPack-1450/.venv/bin/python --index-url https://download.pytorch.org/whl/cu128 --extra-index-url https://pypi.org/simple --index-strategy unsafe-best-match -r /workspaces/GeometryPack-1450/ComfyUI/requirements.txt
[01:22] 
Installing custom node...
[01:22] Copying ComfyUI-GeometryPack to custom_nodes/...
[01:23] Installing node requirements...
[01:23] Running: uv pip install --python /workspaces/GeometryPack-1450/.venv/bin/python --index-url https://download.pytorch.org/whl/cu128 --extra-index-url https://pypi.org/simple --index-strategy unsafe-best-match -r /workspaces/GeometryPack-1450/ComfyUI/custom_nodes/ComfyUI-GeometryPack/requirements.txt
[01:25] 
Running install.py...
[01:25] Running: /workspaces/GeometryPack-1450/.venv/bin/python /workspaces/GeometryPack-1450/ComfyUI/custom_nodes/ComfyUI-GeometryPack/install.py
[01:27]   [comfy-env] Workspace: /workspaces/GeometryPack-1450/ComfyUI/.ce
[01:27]   [comfy-env] ComfyUI: /workspaces/GeometryPack-1450/ComfyUI
[01:27]   [comfy-env] Found 1 node config(s):
[01:27]     - geometrypack-nodes <- custom_nodes/ComfyUI-GeometryPack/nodes/comfy-env.toml (python=host)
[01:27]   [comfy-env] Bootstrap interpreter has python 3.13 + torch 2.11.0 (cu128). Looking for cuda-only wheels matching cu128/torch2.11/cp313.
[01:28]   [comfy-env] GPU: Detection: smi
[01:28]   Driver: 580.126.20
[01:28]   CUDA: 13.0
[01:28]   Recommended: CUDA 13.0
[01:28]   
[01:28]     GPU 0: NVIDIA GeForce RTX 5060 (sm_120) [Blackwell] 8151MB
[01:28]   [comfy-env] Comfyui feature -> torch 2.11.0 from https://download.pytorch.org/whl/cu128 (CUDA 12.8 via bootstrap torch)
[01:28]   [comfy-env] cuda-wheels: 1 package(s) need a matched (cuda, torch, python) combo: ['cumesh']
[01:28]   [comfy-env] cuda-wheels tier 1 (bootstrap): probing cu12.8/torch2.11/cp313
[01:28]   [cuda-wheels] Looking up cumesh: cu128 torch2.11 cp313 manylinux linux
[01:28]   [cuda-wheels]   Found: cumesh-0.0.1+cu128torch2.11-cp313-cp313-manylinux_2_35_x86_64.whl
[01:28]   [comfy-env] cuda-wheels combo: cu12.8/torch2.11 (bootstrap matches; per-node envs will pin to this)
[01:28]   [comfy-env] Root conda deps from ComfyUI-GeometryPack: ['av', 'ffmpeg']
[01:28]   [comfy-env] Comfyui feature pin: torch ==2.11.0, torchvision ==0.26.*, torchaudio ==2.11.*
[01:28]   [comfy-env] Host glibc 2.35 -> comfyui feature system-requirements
[01:28]   [comfy-env] Root conda deps: ['av', 'ffmpeg']
[01:28]   [comfy-env] comfyui313: python 3.13, torch from https://download.pytorch.org/whl/cu128
[01:28]   [comfy-env] cuda-wheels combo: per-node cuda features will pin ['torch', 'torchaudio', 'torchvision'] via pypi-options.dependency-overrides (https://download.pytorch.org/whl/cu128)
[01:28]   [cuda-wheels] Looking up cumesh: cu128 torch2.11 cp313 manylinux linux
[01:28]   [cuda-wheels]   Found: cumesh-0.0.1+cu128torch2.11-cp313-cp313-manylinux_2_35_x86_64.whl
[01:28]   [comfy-env] geometrypack-nodes: cuda-wheels deferred for post-pixi install (cumesh)
[01:28]   [comfy-env] geometrypack-nodes: torch override -> torch==2.11.0, torchvision==0.26.*, torchaudio==2.11.* from https://download.pytorch.org/whl/cu128
[01:28]   Generated /workspaces/GeometryPack-1450/ComfyUI/.ce/pixi.toml
[01:28]   [comfy-env] Installing 1 environment(s):
[01:28]     - geometrypack-nodes (python=host, 13 pypi deps, 1 cuda wheels)
[01:28]   [comfy-env] Running `pixi install --all`...
[01:44]      WARN Skipped running the post-link scripts because `run-post-link-scripts` = `false`
[01:44]     	- bin/.librsvg-pre-unlink.sh
[01:44]     To enable them, run:
[01:44]     	pixi config set --local run-post-link-scripts insecure
[01:44]     More info:
[01:44]     	https://pixi.sh/latest/reference/pixi_configuration/#run-post-link-scripts
[01:44]      WARN Skipped running the post-link scripts because `run-post-link-scripts` = `false`
[01:44]     	- bin/.librsvg-pre-unlink.sh
[01:44]     To enable them, run:
[01:44]     	pixi config set --local run-post-link-scripts insecure
[01:44]     More info:
[01:44]     	https://pixi.sh/latest/reference/pixi_configuration/#run-post-link-scripts
[03:03]     The following environments have been installed: default, comfyui, geometrypack-nodes.
[03:03]   [comfy-env] Note: env `default` is on disk but no node declares it in this run. Leaving as-is. Remove via `pixi clean --environment default` if intended.
[03:03]   [comfy-env] geometrypack-nodes: installing cuda-wheels with --no-deps (cumesh)
[03:03]     Using Python 3.13.13 environment at: .pixi/envs/geometrypack-nodes
[03:04]     Resolved 1 package in 948ms
[03:04]     Downloading cumesh (19.5MiB)
[03:05]      Downloaded cumesh
[03:05]     Prepared 1 package in 356ms
[03:05]     Installed 1 package in 3ms
[03:05]      + cumesh==0.0.1+cu128torch2.11 (from https://github.com/PozzettiAndrea/cuda-wheels/releases/download/cumesh-latest/cumesh-0.0.1%2Bcu128torch2.11-cp313-cp313-manylinux_2_35_x86_64.whl)
[03:05]   [comfy-env] Install log: /workspaces/GeometryPack-1450/ComfyUI/.ce/install.log
[03:05]   
[03:05]   Installation complete!
[03:05] Installing validation endpoint...
[03:05]   Cloning PozzettiAndrea/ComfyUI-validate-endpoint...
[03:05] Running: git clone --depth 1 https://github.com/PozzettiAndrea/ComfyUI-validate-endpoint.git /workspaces/GeometryPack-1450/ComfyUI/custom_nodes/ComfyUI-validate-endpoint
[03:05] CUDA packages installed (no mock): cumesh
[03:05] [INSTALL] PASSED
[03:05] 
[03:05] [3/5] REGISTRATION
[03:05] ----------------------------------------
[03:05] 
[DEBUG] server=None, server_url=None, api=None
[03:05] 
Starting ComfyUI server...
[03:05] Starting ComfyUI server on port 41885...
[03:05] Starting ComfyUI server on port 41885...
[03:05] Waiting for server to be ready (timeout: 600s)...
[03:06]   [ComfyUI] setup plugin alembic.autogenerate.schemas
[03:06]   [ComfyUI] setup plugin alembic.autogenerate.tables
[03:06]   [ComfyUI] setup plugin alembic.autogenerate.types
[03:06]   [ComfyUI] setup plugin alembic.autogenerate.constraints
[03:06]   [ComfyUI] setup plugin alembic.autogenerate.defaults
[03:06]   [ComfyUI] setup plugin alembic.autogenerate.comments
[03:07]   [ComfyUI] [comfy-env] ComfyUI-GeometryPack: 1 isolation env(s):
[03:07]   [ComfyUI] [comfy-env]   nodes -> /workspaces/GeometryPack-1450/ComfyUI/custom_nodes/ComfyUI-GeometryPack/nodes
[03:07]   [ComfyUI] [comfy-env] prestartup complete
[03:07]   [ComfyUI] 
[03:07]   [ComfyUI] Prestartup times for custom nodes:
[03:07]   [ComfyUI]    0.2 seconds: /workspaces/GeometryPack-1450/ComfyUI/custom_nodes/ComfyUI-GeometryPack
[03:07]   [ComfyUI] 
[03:12]   [ComfyUI] WARNING: You need pytorch with cu130 or higher to use optimized CUDA operations.
[03:12]   [ComfyUI] Found comfy_kitchen backend eager: {'available': True, 'disabled': False, 'unavailable_reason': None, 'capabilities': ['apply_rope', 'apply_rope1', 'dequantize_mxfp8', 'dequantize_nvfp4', 'dequantize_per_tensor_fp8', 'quantize_mxfp8', 'quantize_nvfp4', 'quantize_per_tensor_fp8', 'scaled_mm_mxfp8', 'scaled_mm_nvfp4']}
[03:12]   [ComfyUI] Found comfy_kitchen backend cuda: {'available': True, 'disabled': True, 'unavailable_reason': None, 'capabilities': ['apply_rope', 'apply_rope1', 'dequantize_nvfp4', 'dequantize_per_tensor_fp8', 'quantize_mxfp8', 'quantize_nvfp4', 'quantize_per_tensor_fp8']}
[03:12]   [ComfyUI] Found comfy_kitchen backend triton: {'available': True, 'disabled': True, 'unavailable_reason': None, 'capabilities': ['apply_rope', 'apply_rope1', 'dequantize_nvfp4', 'dequantize_per_tensor_fp8', 'quantize_mxfp8', 'quantize_nvfp4', 'quantize_per_tensor_fp8']}
[03:12]   [ComfyUI] Checkpoint files will always be loaded safely.
[03:12]   [ComfyUI] Total VRAM 7704 MB, total RAM 32011 MB
[03:12]   [ComfyUI] pytorch version: 2.11.0+cu128
[03:12]   [ComfyUI] Set vram state to: NORMAL_VRAM
[03:12]   [ComfyUI] Device: cuda:0 NVIDIA GeForce RTX 5060 : cudaMallocAsync
[03:12]   [ComfyUI] Using async weight offloading with 2 streams
[03:12]   [ComfyUI] Enabled pinned memory 28810.0
[03:12]   [ComfyUI] Using pytorch attention
[03:16]   [ComfyUI] aimdo: /project/src-posix/cuda-funchooks.c:52:DEBUG:aimdo_setup_hooks: hooks successfully installed
[03:16]   [ComfyUI] aimdo: /project/src/control.c:151:INFO:comfy-aimdo inited for GPU: NVIDIA GeForce RTX 5060 (VRAM: 7703 MB)
[03:16]   [ComfyUI] DynamicVRAM support detected and enabled
[03:16]   [ComfyUI] Python version: 3.13.13 (main, May  8 2026, 18:32:55) [Clang 22.1.3 ]
[03:16]   [ComfyUI] ComfyUI version: 0.20.1
[03:16]   [ComfyUI] comfy-aimdo version: 0.3.0
[03:16]   [ComfyUI] comfy-kitchen version: 0.2.8
[03:16]   [ComfyUI] ****** User settings have been changed to be stored on the server instead of browser storage. ******
[03:16]   [ComfyUI] ****** For multi-user setups add the --multi-user CLI argument to enable multiple user profiles. ******
[03:16]   [ComfyUI] ComfyUI frontend version: 1.43.18
[03:16]   [ComfyUI] [Prompt Server] web root: /workspaces/GeometryPack-1450/.venv/lib/python3.13/site-packages/comfyui_frontend_package/static
[03:16]   [ComfyUI] Asset seeder disabled
[03:18]   [ComfyUI] loading...
[03:18]   [ComfyUI] calling register_nodes
[03:18]   [ComfyUI] [comfy-env] Version: 0.3.78
[03:18]   [ComfyUI] [comfy-env] register_nodes: ComfyUI-GeometryPack
[03:18]   [ComfyUI] [comfy-env] ComfyUI source dir: /workspaces/GeometryPack-1450/ComfyUI
[03:18]   [ComfyUI] [comfy-env] Found 1 isolation env(s)
[03:18]   [ComfyUI] [comfy-env] Scanning nodes metadata (isolation root)...
[03:18]   [ComfyUI] [comfy-env] Metadata scan: /root/.pixi/bin/pixi run --as-is --manifest-path /workspaces/GeometryPack-1450/ComfyUI/.ce/pixi.toml -e geometrypack-nodes python /tmp/comfy_meta_qo0fhvk7.py /workspaces/GeometryPack-1450/ComfyUI/custom_nodes/ComfyUI-GeometryPack nodes
[03:18]   [ComfyUI] [comfy-env] Scan env PATH for nodes:
[03:18]   [ComfyUI] [comfy-env]   [0] /root/.local/bin
[03:18]   [ComfyUI] [comfy-env]   [1] /usr/local/nvidia/bin
[03:18]   [ComfyUI] [comfy-env]   [2] /usr/local/cuda/bin
[03:18]   [ComfyUI] [comfy-env]   [3] /usr/local/sbin
[03:18]   [ComfyUI] [comfy-env]   [4] /usr/local/bin
[03:18]   [ComfyUI] [comfy-env]   [5] /usr/sbin
[03:18]   [ComfyUI] [comfy-env]   [6] /usr/bin
[03:18]   [ComfyUI] [comfy-env]   [7] /sbin
[03:18]   [ComfyUI] [comfy-env]   [8] /bin
[03:26]   [ComfyUI] [comfy-env] Metadata scan stderr for nodes:
[03:26]   [ComfyUI] [comfy-env]   [meta-scan] importing nodes from /workspaces/GeometryPack-1450/ComfyUI/custom_nodes/ComfyUI-GeometryPack
[03:26]   [ComfyUI] [comfy-env]   WARNING:root:WARNING: You need pytorch with cu130 or higher to use optimized CUDA operations.
[03:26]   [ComfyUI] [comfy-env]   [meta-scan] import OK
[03:26]   [ComfyUI] [comfy-env] Scanned nodes: 125 nodes (7.8s)
[03:26]   [ComfyUI] [comfy-env] Scanned nodes root: 125 nodes (7.8s)
[03:26]   [ComfyUI] [comfy-env] Imported nodes root: 125 nodes (isolation)
[03:26]   [ComfyUI] [comfy-env] Registered 125 total nodes
[03:26]   [ComfyUI] 
[03:26]   [ComfyUI] Import times for custom nodes:
[03:26]   [ComfyUI]    0.0 seconds: /workspaces/GeometryPack-1450/ComfyUI/custom_nodes/websocket_image_save.py
[03:26]   [ComfyUI]    0.0 seconds: /workspaces/GeometryPack-1450/ComfyUI/custom_nodes/ComfyUI-validate-endpoint
[03:26]   [ComfyUI]    8.0 seconds: /workspaces/GeometryPack-1450/ComfyUI/custom_nodes/ComfyUI-GeometryPack
[03:26]   [ComfyUI] 
[03:26]   [ComfyUI] Context impl SQLiteImpl.
[03:26]   [ComfyUI] Will assume non-transactional DDL.
[03:26]   [ComfyUI] Context impl SQLiteImpl.
[03:26]   [ComfyUI] Will assume non-transactional DDL.
[03:26]   [ComfyUI] Running upgrade  -> 0001_assets, Initial assets schema
[03:26]   [ComfyUI] Revision ID: 0001_assets
[03:26]   [ComfyUI] Revises: None
[03:26]   [ComfyUI] Create Date: 2025-12-10 00:00:00
[03:26]   [ComfyUI] Running upgrade 0001_assets -> 0002_merge_to_asset_references, Merge AssetInfo and AssetCacheState into unified asset_references table.
[03:26]   [ComfyUI] Running upgrade 0002_merge_to_asset_references -> 0003_add_metadata_job_id, Add system_metadata and job_id columns to asset_references.
[03:26]   [ComfyUI] Change preview_id FK from assets.id to asset_references.id.
[03:26]   [ComfyUI] Database upgraded from None to 0003_add_metadata_job_id
[03:26]   [ComfyUI] Starting server
[03:26]   [ComfyUI] 
[03:26]   [ComfyUI] To see the GUI go to: http://127.0.0.1:41885
[03:26] Server responding, waiting for nodes to load...
[03:46] Server is ready!
[03:46] Checking for import errors in server logs...
[03:46] No import errors detected
[03:46] Found 830 registered nodes
[03:46] [REGISTRATION] PASSED
[03:46] 
[03:46] [4/5] INSTANTIATION
[03:46] ----------------------------------------
[03:46] 
[DEBUG] server=<comfy_test.comfyui.server.ComfyUIServer object at 0x71fd7e5a9a20>, server_url=None, api=<comfy_test.comfyui.api.ComfyUIAPI object at 0x71fd7e784bb0>
[03:46] Testing node constructors...
[03:47] All 125 node(s) instantiated successfully!
[03:47] [INSTANTIATION] PASSED
[03:47] 
[03:47] [5/5] EXECUTION
[03:47] ----------------------------------------
[03:47] 
[DEBUG] server=<comfy_test.comfyui.server.ComfyUIServer object at 0x71fd7e5a9a20>, server_url=None, api=<comfy_test.comfyui.api.ComfyUIAPI object at 0x71fd7e784bb0>
[03:47] GPU runner - will execute 3 workflow(s)
[03:47] Running 33 workflow(s) (all with videos)...
[03:47] Installing screenshot dependencies (playwright, pillow)...
[03:48]   Packages installed, downloading chromium browser...
[04:05]   Screenshot dependencies installed successfully
[04:05] Starting headless browser...
[04:05]   Installing Vulkan stack (apt)...
[04:05]   Vulkan install error: [Errno 2] No such file or directory: 'sudo'
[04:05]   GPU detected (no Vulkan) -- using ANGLE/OpenGL rendering
[04:05]   [1/33] SKIPPED (not in gpu list) alpha_wrap.json
[04:06]   [2/33] SKIPPED (not in gpu list) batch_remesh.json
[04:06]   [3/33] SKIPPED (not in gpu list) boolean_ops.json
[04:06]   [4/33] SKIPPED (not in gpu list) boolean_ops_all.json
[04:06]   [5/33] SKIPPED (not in gpu list) decimate.json
[04:06]   [6/33] SKIPPED (not in gpu list) decimate_all.json
[04:06]   [7/33] SKIPPED (not in gpu list) depth_map_to_mesh.json
[04:07] Capturing execution frames: fill_holes_all.json
[04:12]   Frame 1 saved (frame_000.jpg, t=0.0s)
[04:12]   Validating workflow...
[04:12]   [ComfyUI] === /validate endpoint called ===
[04:12]   [ComfyUI] Received JSON with keys: ['prompt']
[04:12]   [ComfyUI] Prompt has 8 nodes
[04:12]   [ComfyUI]   Node 1: GeomPackLoadMesh
[04:12]   [ComfyUI]     Inputs: {"file_path": "3d/camelhead.off"}
[04:12]   Queuing workflow for execution...
[04:12]   [ComfyUI]   Node 3: GeomPackFillHoles
[04:12]   [ComfyUI]     Inputs: {"backend": "pymeshlab", "backend.maxholesize": 0, "report_panel": "false", "mesh": ["1", 0]}
[04:12]   [ComfyUI]   Node 4: GeomPackFillHoles
[04:12]   [ComfyUI]     Inputs: {"backend": "pymeshfix", "backend.max_edges": 0, "backend.refine": "true", "report_panel": "false", "mesh": ["1", 0]}
[04:12]   [ComfyUI]   Node 5: GeomPackFillHoles
[04:12]   [ComfyUI]     Inputs: {"backend": "igl_fan", "report_panel": "false", "mesh": ["1", 0]}
[04:12]   [ComfyUI]   Node 6: GeomPackFillHoles
[04:12]   [ComfyUI]     Inputs: {"backend": "cgal", "backend.quality": "triangulate", "report_panel": "false", "mesh": ["1", 0]}
[04:12]   [ComfyUI]   Node 7: GeomPackFillHoles
[04:12]   [ComfyUI]     Inputs: {"backend": "gpu_cumesh", "backend.perimeter": 20, "report_panel": "false", "mesh": ["1", 0]}
[04:12]   [ComfyUI]   Node 8: GeomPackPreviewMeshMulti
[04:12]   [ComfyUI]     Inputs: {"mode": "fields", "preview_multi": "{\"show_edges\":true,\"camera_state\":\"{\\\"position\\\":[0.3450675952860498,-1.1296206877012935,-0.7853370972660157],\\\"focalPoint\\\":[0.000001996755599975586,
[04:12]   [ComfyUI]   Node 9: GeomPackPreviewMeshMulti
[04:12]   [ComfyUI]     Inputs: {"mode": "fields", "preview_multi": "{\"show_edges\":true,\"camera_state\":\"{\\\"position\\\":[0.3450675952860498,-1.1296206877012935,-0.7853370972660157],\\\"focalPoint\\\":[0.000001996755599975586,
[04:12]   [ComfyUI] Generated prompt_id: 49bbfe9d-4184-4d8a-9cab-b0347a2f01f9
[04:12]   [ComfyUI] Calling execution.validate_prompt()...
[04:12]   [ComfyUI] Validation result: valid=True
[04:12]   [ComfyUI] === Validation PASSED ===
[04:12]   [ComfyUI] got prompt
[04:12]   [ComfyUI] [comfy-env] Running GeomPackLoadMesh: file_path: '3d/camelhead.off'
[04:12]   [ComfyUI] [comfy-env] SubprocessWorker: /workspaces/GeometryPack-1450/ComfyUI/.ce/.pixi/envs/geometrypack-nodes/bin/python
[04:12]   [ComfyUI] [VRAM] Before GeomPackLoadMesh: 152 / 7703 MB
[04:12]   [ComfyUI] [comfy-env] env_vars: {'KMP_DUPLICATE_LIB_OK': 'TRUE', 'OMP_NUM_THREADS': '1', 'COMFYUI_BASE': '/workspaces/GeometryPack-1450/ComfyUI'}
[04:12]   [ComfyUI] [SubprocessWorker] call_method: nodes.io.load_mesh.LoadMesh.EXECUTE_NORMALIZED
[04:12]   [ComfyUI] [ComfyUI-GeometryPack] python: /workspaces/GeometryPack-1450/ComfyUI/.ce/.pixi/envs/geometrypack-nodes/bin/python
[04:12]   [ComfyUI] [SubprocessWorker] acquired lock, ensuring started...
[04:12]   [ComfyUI] [ComfyUI-GeometryPack] sys_path sent to worker: ['/workspaces/GeometryPack-1450/ComfyUI', '/workspaces/GeometryPack-1450/ComfyUI/custom_nodes/ComfyUI-GeometryPack', '/workspaces/GeometryPack-1450/ComfyUI/.ce/.pixi/envs/geometrypack-nodes/lib/python3.13/site-packages', '/workspaces/GeometryPack-1450/ComfyUI/custom_nodes/ComfyUI-GeometryPack']
[04:12]   [ComfyUI] [SubprocessWorker] is_pixi=True, python=/workspaces/GeometryPack-1450/ComfyUI/.ce/.pixi/envs/geometrypack-nodes/bin/python
[04:12]   [ComfyUI] [SubprocessWorker] launching cmd=['/root/.pixi/bin/pixi', 'run', '--as-is', '--manifest-path', '/workspaces/GeometryPack-1450/ComfyUI/.ce/pixi.toml', '-e', 'geometrypack-nodes', 'python', '/tmp/comfyui_pvenv_ujgvbv_d/persistent_worker.py', 'abstract://comfy_worker_2e1992a74979']...
[04:12]   [ComfyUI] [SubprocessWorker] socket_addr=abstract://comfy_worker_2e1992a74979 (abstract, no filesystem path)
[04:14]   [ComfyUI] [worker:ComfyUI-GeometryPack] WARNING: WARNING: You need pytorch with cu130 or higher to use optimized CUDA operations.
[04:15]   [ComfyUI] [SubprocessWorker] worker started/confirmed
[04:15]   [ComfyUI] [SubprocessWorker] serializing kwargs to shm...
[04:15]   [ComfyUI] [SubprocessWorker] created 0 shm blocks
[04:15]   [ComfyUI] [SubprocessWorker] sending request via socket...
[04:15]   [ComfyUI] [SubprocessWorker] call_id=1 sending call_method
[04:15]   Frame 2 saved (frame_001.jpg, t=2.4s)
[04:15]   [capture-periodic] freeze=2ms shot=103ms unfreeze=2ms saved=True
[04:15]   [ComfyUI] [worker:ComfyUI-GeometryPack] INFO: Found mesh in input folder: 3d/camelhead.off
[04:15]   [ComfyUI] [worker:ComfyUI-GeometryPack] INFO: Loading: /workspaces/GeometryPack-1450/ComfyUI/input/3d/camelhead.off
[04:15]   [ComfyUI] [worker:ComfyUI-GeometryPack] INFO: Initial mesh: 11381 vertices, 22704 faces
[04:15]   [ComfyUI] [worker:ComfyUI-GeometryPack] INFO: Successfully loaded: 11381 vertices, 22704 faces
[04:15]   [ComfyUI] [worker:ComfyUI-GeometryPack] INFO: Loaded: 11381 vertices, 22704 faces
[04:15]   [ComfyUI] [SubprocessWorker] got response: ok
[04:16]   [ComfyUI] [comfy-env] GeomPackLoadMesh done (3.60s): result: NodeOutput
[04:16]   [ComfyUI] [VRAM] After GeomPackLoadMesh: 269 / 7703 MB
[04:16]   [ComfyUI] [comfy-env] Running GeomPackFillHoles: backend: dict, mesh: Trimesh
[04:16]   [ComfyUI] [VRAM] Before GeomPackFillHoles: 269 / 7703 MB
[04:16]   [ComfyUI] [SubprocessWorker] call_method: nodes.repair.fill_holes.FillHolesNode.EXECUTE_NORMALIZED
[04:16]   [ComfyUI] [SubprocessWorker] acquired lock, ensuring started...
[04:16]   [ComfyUI] [ComfyUI-GeometryPack] Health check: ping (timeout=5.0s)...
[04:16]   [ComfyUI] [ComfyUI-GeometryPack] Health check: ok
[04:16]   [ComfyUI] [SubprocessWorker] worker started/confirmed
[04:16]   [ComfyUI] [SubprocessWorker] serializing kwargs to shm...
[04:16]   [ComfyUI] [SubprocessWorker] created 1 shm blocks
[04:16]   [ComfyUI] [SubprocessWorker] sending request via socket...
[04:16]   [ComfyUI] [SubprocessWorker] call_id=2 sending call_method
[04:16]   [ComfyUI] [worker:ComfyUI-GeometryPack] INFO: Fill Holes dispatch: igl_fan -> GeomPackFillHoles_IglFan
[04:16]   [ComfyUI] [SubprocessWorker] got response: ok
[04:16]   [ComfyUI] [comfy-env] GeomPackFillHoles done (0.04s): result: NodeOutput
[04:16]   [ComfyUI] [VRAM] After GeomPackFillHoles: 269 / 7703 MB
[04:16]   [ComfyUI] [comfy-env] Running GeomPackFillHoles: backend: dict, mesh: Trimesh
[04:16]   [ComfyUI] [VRAM] Before GeomPackFillHoles: 269 / 7703 MB
[04:16]   [ComfyUI] [SubprocessWorker] call_method: nodes.repair.fill_holes.FillHolesNode.EXECUTE_NORMALIZED
[04:16]   [ComfyUI] [SubprocessWorker] acquired lock, ensuring started...
[04:16]   [ComfyUI] [ComfyUI-GeometryPack] Health check: ping (timeout=5.0s)...
[04:16]   [ComfyUI] [ComfyUI-GeometryPack] Health check: ok
[04:16]   [ComfyUI] [SubprocessWorker] worker started/confirmed
[04:16]   [ComfyUI] [SubprocessWorker] serializing kwargs to shm...
[04:16]   [ComfyUI] [SubprocessWorker] created 1 shm blocks
[04:16]   [ComfyUI] [SubprocessWorker] sending request via socket...
[04:16]   [ComfyUI] [SubprocessWorker] call_id=3 sending call_method
[04:16]   [ComfyUI] [worker:ComfyUI-GeometryPack] INFO: Fill Holes dispatch: cgal -> GeomPackFillHoles_CGAL
[04:16]   [ComfyUI] [SubprocessWorker] got response: ok
[04:16]   [ComfyUI] [comfy-env] GeomPackFillHoles done (0.02s): result: NodeOutput
[04:16]   [ComfyUI] [VRAM] After GeomPackFillHoles: 269 / 7703 MB
[04:16]   [ComfyUI] [comfy-env] Running GeomPackFillHoles: backend: dict, mesh: Trimesh
[04:16]   [ComfyUI] [VRAM] Before GeomPackFillHoles: 269 / 7703 MB
[04:16]   [ComfyUI] [SubprocessWorker] call_method: nodes.repair.fill_holes.FillHolesNode.EXECUTE_NORMALIZED
[04:16]   [ComfyUI] [SubprocessWorker] acquired lock, ensuring started...
[04:16]   [ComfyUI] [ComfyUI-GeometryPack] Health check: ping (timeout=5.0s)...
[04:16]   [ComfyUI] [ComfyUI-GeometryPack] Health check: ok
[04:16]   [ComfyUI] [SubprocessWorker] worker started/confirmed
[04:16]   [ComfyUI] [SubprocessWorker] serializing kwargs to shm...
[04:16]   [ComfyUI] [SubprocessWorker] created 1 shm blocks
[04:16]   [ComfyUI] [SubprocessWorker] sending request via socket...
[04:16]   [ComfyUI] [SubprocessWorker] call_id=4 sending call_method
[04:16]   [ComfyUI] [worker:ComfyUI-GeometryPack] INFO: Fill Holes dispatch: pymeshfix -> GeomPackFillHoles_PyMeshFix
[04:16]   [ComfyUI] [SubprocessWorker] got response: ok
[04:16]   [ComfyUI] [comfy-env] GeomPackFillHoles done (0.02s): result: NodeOutput
[04:16]   [ComfyUI] [VRAM] After GeomPackFillHoles: 269 / 7703 MB
[04:16]   [ComfyUI] [comfy-env] Running GeomPackFillHoles: backend: dict, mesh: Trimesh
[04:16]   [ComfyUI] [VRAM] Before GeomPackFillHoles: 269 / 7703 MB
[04:16]   [ComfyUI] [SubprocessWorker] call_method: nodes.repair.fill_holes.FillHolesNode.EXECUTE_NORMALIZED
[04:16]   [ComfyUI] [SubprocessWorker] acquired lock, ensuring started...
[04:16]   [ComfyUI] [ComfyUI-GeometryPack] Health check: ping (timeout=5.0s)...
[04:16]   [ComfyUI] [ComfyUI-GeometryPack] Health check: ok
[04:16]   [ComfyUI] [SubprocessWorker] worker started/confirmed
[04:16]   [ComfyUI] [SubprocessWorker] serializing kwargs to shm...
[04:16]   [ComfyUI] [SubprocessWorker] created 1 shm blocks
[04:16]   [ComfyUI] [SubprocessWorker] sending request via socket...
[04:16]   [ComfyUI] [SubprocessWorker] call_id=5 sending call_method
[04:16]   [ComfyUI] [worker:ComfyUI-GeometryPack] INFO: Fill Holes dispatch: pymeshlab -> GeomPackFillHoles_PyMeshLab
[04:16]   [ComfyUI] [SubprocessWorker] got response: ok
[04:16]   [ComfyUI] [comfy-env] GeomPackFillHoles done (0.02s): result: NodeOutput
[04:16]   [ComfyUI] [VRAM] After GeomPackFillHoles: 269 / 7703 MB
[04:16]   [ComfyUI] [comfy-env] Running GeomPackFillHoles: backend: dict, mesh: Trimesh
[04:16]   [ComfyUI] [VRAM] Before GeomPackFillHoles: 269 / 7703 MB
[04:16]   [ComfyUI] [SubprocessWorker] call_method: nodes.repair.fill_holes.FillHolesNode.EXECUTE_NORMALIZED
[04:16]   [ComfyUI] [SubprocessWorker] acquired lock, ensuring started...
[04:16]   [ComfyUI] [ComfyUI-GeometryPack] Health check: ping (timeout=5.0s)...
[04:16]   [ComfyUI] [ComfyUI-GeometryPack] Health check: ok
[04:16]   [ComfyUI] [SubprocessWorker] worker started/confirmed
[04:16]   [ComfyUI] [SubprocessWorker] serializing kwargs to shm...
[04:16]   [ComfyUI] [SubprocessWorker] created 1 shm blocks
[04:16]   [ComfyUI] [SubprocessWorker] sending request via socket...
[04:16]   [ComfyUI] [SubprocessWorker] call_id=6 sending call_method
[04:16]   [ComfyUI] [worker:ComfyUI-GeometryPack] INFO: Fill Holes dispatch: gpu_cumesh -> GeomPackFillHoles_GPU
[04:16]   [ComfyUI] [SubprocessWorker] got response: ok
[04:16]   [ComfyUI] [comfy-env] GeomPackFillHoles done (0.02s): result: NodeOutput
[04:16]   [ComfyUI] [VRAM] After GeomPackFillHoles: 269 / 7703 MB
[04:16]   [ComfyUI] [comfy-env] Running GeomPackFillHoles_IglFan: mesh: Trimesh
[04:16]   [ComfyUI] [VRAM] Before GeomPackFillHoles_IglFan: 269 / 7703 MB
[04:16]   [ComfyUI] [SubprocessWorker] call_method: nodes.repair.backends.igl_fan_fill.FillHolesIglFanNode.EXECUTE_NORMALIZED
[04:16]   [ComfyUI] [SubprocessWorker] acquired lock, ensuring started...
[04:16]   [ComfyUI] [ComfyUI-GeometryPack] Health check: ping (timeout=5.0s)...
[04:16]   [ComfyUI] [ComfyUI-GeometryPack] Health check: ok
[04:16]   [ComfyUI] [SubprocessWorker] worker started/confirmed
[04:16]   [ComfyUI] [SubprocessWorker] serializing kwargs to shm...
[04:16]   [ComfyUI] [SubprocessWorker] created 1 shm blocks
[04:16]   [ComfyUI] [SubprocessWorker] sending request via socket...
[04:16]   [ComfyUI] [SubprocessWorker] call_id=7 sending call_method
[04:16]   [ComfyUI] [worker:ComfyUI-GeometryPack] INFO: igl_fan: filled boundary loop with 54 faces
[04:16]   [ComfyUI] [worker:ComfyUI-GeometryPack] INFO: igl_fan: +54 faces, watertight: False -> True
[04:16]   [ComfyUI] [SubprocessWorker] got response: ok
[04:16]   [ComfyUI] [comfy-env] GeomPackFillHoles_IglFan done (0.05s): result: NodeOutput
[04:16]   [ComfyUI] [VRAM] After GeomPackFillHoles_IglFan: 269 / 7703 MB
[04:16]   [ComfyUI] [comfy-env] Running GeomPackFillHoles_CGAL: mesh: Trimesh, quality: 'triangulate'
[04:16]   [ComfyUI] [VRAM] Before GeomPackFillHoles_CGAL: 269 / 7703 MB
[04:16]   [ComfyUI] [SubprocessWorker] call_method: nodes.repair_cgal.fill_holes_cgal.FillHolesCGALNode.EXECUTE_NORMALIZED
[04:16]   [ComfyUI] [SubprocessWorker] acquired lock, ensuring started...
[04:16]   [ComfyUI] [ComfyUI-GeometryPack] Health check: ping (timeout=5.0s)...
[04:16]   [ComfyUI] [ComfyUI-GeometryPack] Health check: ok
[04:16]   [ComfyUI] [SubprocessWorker] worker started/confirmed
[04:16]   [ComfyUI] [SubprocessWorker] serializing kwargs to shm...
[04:16]   [ComfyUI] [SubprocessWorker] created 1 shm blocks
[04:16]   [ComfyUI] [SubprocessWorker] sending request via socket...
[04:16]   [ComfyUI] [SubprocessWorker] call_id=8 sending call_method
[04:16]   Node executed (1 total), capturing...
[04:16]   [ComfyUI] [worker:ComfyUI-GeometryPack] INFO: CGAL: built Polyhedron_3 (11381 vertices, 22704 facets)
[04:16]   [ComfyUI] [worker:ComfyUI-GeometryPack] INFO: CGAL: found 56 holes
[04:16]   [ComfyUI] [worker:ComfyUI-GeometryPack] INFO: CGAL triangulate: filled 56/56 holes, +109 faces, watertight: False -> False
[04:16]   [ComfyUI] [SubprocessWorker] got response: ok
[04:16]   [ComfyUI] [comfy-env] GeomPackFillHoles_CGAL done (0.24s): result: NodeOutput
[04:16]   [ComfyUI] [VRAM] After GeomPackFillHoles_CGAL: 269 / 7703 MB
[04:16]   [ComfyUI] [comfy-env] Running GeomPackFillHoles_PyMeshFix: mesh: Trimesh, max_edges: 0, refine: 'true'
[04:16]   [ComfyUI] [VRAM] Before GeomPackFillHoles_PyMeshFix: 269 / 7703 MB
[04:16]   [ComfyUI] [SubprocessWorker] call_method: nodes.repair.backends.pymeshfix_fill.FillHolesPyMeshFixNode.EXECUTE_NORMALIZED
[04:16]   [ComfyUI] [SubprocessWorker] acquired lock, ensuring started...
[04:16]   [ComfyUI] [ComfyUI-GeometryPack] Health check: ping (timeout=5.0s)...
[04:16]   [ComfyUI] [ComfyUI-GeometryPack] Health check: ok
[04:16]   [ComfyUI] [SubprocessWorker] worker started/confirmed
[04:16]   [ComfyUI] [SubprocessWorker] serializing kwargs to shm...
[04:16]   [ComfyUI] [SubprocessWorker] created 1 shm blocks
[04:16]   [ComfyUI] [SubprocessWorker] sending request via socket...
[04:16]   [ComfyUI] [SubprocessWorker] call_id=9 sending call_method
[04:17]   [ComfyUI] [worker:ComfyUI-GeometryPack] INFO: PyMeshFix: 1 boundary loops detected
[04:17]   [ComfyUI] [worker:ComfyUI-GeometryPack] INFO: PyMeshFix: filled 1 holes, +298 faces, watertight: False -> True
[04:17]   [ComfyUI] [SubprocessWorker] got response: ok
[04:17]   [ComfyUI] [comfy-env] GeomPackFillHoles_PyMeshFix done (0.08s): result: NodeOutput
[04:17]   [ComfyUI] [VRAM] After GeomPackFillHoles_PyMeshFix: 269 / 7703 MB
[04:17]   [ComfyUI] [comfy-env] Running GeomPackFillHoles_PyMeshLab: mesh: Trimesh, maxholesize: 0
[04:17]   [ComfyUI] [VRAM] Before GeomPackFillHoles_PyMeshLab: 269 / 7703 MB
[04:17]   [ComfyUI] [SubprocessWorker] call_method: nodes.repair.backends.pymeshlab_fill.FillHolesPyMeshLabNode.EXECUTE_NORMALIZED
[04:17]   [ComfyUI] [SubprocessWorker] acquired lock, ensuring started...
[04:17]   [ComfyUI] [ComfyUI-GeometryPack] Health check: ping (timeout=5.0s)...
[04:17]   [ComfyUI] [ComfyUI-GeometryPack] Health check: ok
[04:17]   [ComfyUI] [SubprocessWorker] worker started/confirmed
[04:17]   [ComfyUI] [SubprocessWorker] serializing kwargs to shm...
[04:17]   [ComfyUI] [SubprocessWorker] created 1 shm blocks
[04:17]   [ComfyUI] [SubprocessWorker] sending request via socket...
[04:17]   [ComfyUI] [SubprocessWorker] call_id=10 sending call_method
[04:17]   Frame 3 saved (frame_002.jpg, t=4.2s)
[04:17]   [capture-node] freeze=2ms shot=137ms unfreeze=12ms saved=True
[04:17]   [ComfyUI] [worker:ComfyUI-GeometryPack] INFO: PyMeshLab: maxholesize=0, +54 faces, watertight: False -> True
[04:17]   [ComfyUI] [SubprocessWorker] got response: ok
[04:17]   [ComfyUI] [comfy-env] GeomPackFillHoles_PyMeshLab done (0.16s): result: NodeOutput
[04:17]   [ComfyUI] [VRAM] After GeomPackFillHoles_PyMeshLab: 269 / 7703 MB
[04:17]   [ComfyUI] [comfy-env] Running GeomPackPreviewMeshMulti: mode: 'fields', mesh_1: Trimesh, mesh_2: Trimesh, mesh_3: Trimesh
[04:17]   [ComfyUI] [VRAM] Before GeomPackPreviewMeshMulti: 269 / 7703 MB
[04:17]   [ComfyUI] [SubprocessWorker] call_method: nodes.visualization.preview_mesh_multi.PreviewMeshMultiNode.EXECUTE_NORMALIZED
[04:17]   [ComfyUI] [SubprocessWorker] acquired lock, ensuring started...
[04:17]   [ComfyUI] [ComfyUI-GeometryPack] Health check: ping (timeout=5.0s)...
[04:17]   [ComfyUI] [ComfyUI-GeometryPack] Health check: ok
[04:17]   [ComfyUI] [SubprocessWorker] worker started/confirmed
[04:17]   [ComfyUI] [SubprocessWorker] serializing kwargs to shm...
[04:17]   [ComfyUI] [SubprocessWorker] created 3 shm blocks
[04:17]   [ComfyUI] [SubprocessWorker] sending request via socket...
[04:17]   [ComfyUI] [SubprocessWorker] call_id=11 sending call_method
[04:17]   [ComfyUI] [worker:ComfyUI-GeometryPack] INFO: Mode: fields, Meshes: 3
[04:17]   [ComfyUI] [worker:ComfyUI-GeometryPack] INFO: Mesh 1: Mesh - 11381 vertices, 22704 faces
[04:17]   [ComfyUI] [worker:ComfyUI-GeometryPack] INFO: Exporting mesh to VTP: /workspaces/GeometryPack-1450/ComfyUI/output/preview_multi_1_8350dcf0.vtp
[04:17]   Node executed (4 total), capturing...
[04:17]   [ComfyUI] [worker:ComfyUI-GeometryPack] INFO: Adding normals field (11381 vertices)
[04:17]   [ComfyUI] [worker:ComfyUI-GeometryPack] INFO: Export complete: 11381 vertices, 22704 faces
[04:17]   [ComfyUI] [worker:ComfyUI-GeometryPack] INFO: Exported VTP: /workspaces/GeometryPack-1450/ComfyUI/output/preview_multi_1_8350dcf0.vtp
[04:17]   [ComfyUI] [worker:ComfyUI-GeometryPack] INFO: Mesh 2: Mesh - 11381 vertices, 22758 faces
[04:17]   [ComfyUI] [worker:ComfyUI-GeometryPack] INFO: Exporting mesh to VTP: /workspaces/GeometryPack-1450/ComfyUI/output/preview_multi_2_8350dcf0.vtp
[04:17]   [ComfyUI] [worker:ComfyUI-GeometryPack] INFO: Adding normals field (11381 vertices)
[04:17]   [ComfyUI] [worker:ComfyUI-GeometryPack] INFO: Export complete: 11381 vertices, 22758 faces
[04:17]   [ComfyUI] [worker:ComfyUI-GeometryPack] INFO: Exported VTP: /workspaces/GeometryPack-1450/ComfyUI/output/preview_multi_2_8350dcf0.vtp
[04:17]   [ComfyUI] [worker:ComfyUI-GeometryPack] INFO: Mesh 3: Mesh - 11503 vertices, 23002 faces
[04:17]   [ComfyUI] [worker:ComfyUI-GeometryPack] INFO: Exporting mesh to VTP: /workspaces/GeometryPack-1450/ComfyUI/output/preview_multi_3_8350dcf0.vtp
[04:17]   [ComfyUI] [worker:ComfyUI-GeometryPack] INFO: Adding normals field (11503 vertices)
[04:17]   [ComfyUI] [worker:ComfyUI-GeometryPack] INFO: Export complete: 11503 vertices, 23002 faces
[04:17]   [ComfyUI] [worker:ComfyUI-GeometryPack] INFO: Exported VTP: /workspaces/GeometryPack-1450/ComfyUI/output/preview_multi_3_8350dcf0.vtp
[04:17]   [ComfyUI] [worker:ComfyUI-GeometryPack] INFO: Grid: 3x1, Preview ready
[04:17]   [ComfyUI] [SubprocessWorker] got response: ok
[04:17]   [ComfyUI] [comfy-env] GeomPackPreviewMeshMulti done (0.31s): result: NodeOutput
[04:17]   [ComfyUI] [VRAM] After GeomPackPreviewMeshMulti: 269 / 7703 MB
[04:17]   [ComfyUI] [comfy-env] Running GeomPackFillHoles_GPU: mesh: Trimesh, perimeter: 20.0
[04:17]   [ComfyUI] [VRAM] Before GeomPackFillHoles_GPU: 269 / 7703 MB
[04:17]   [ComfyUI] [SubprocessWorker] call_method: nodes.fill_holes_gpu.fill_holes.FillHolesGPUNode.EXECUTE_NORMALIZED
[04:17]   [ComfyUI] [SubprocessWorker] acquired lock, ensuring started...
[04:17]   [ComfyUI] [ComfyUI-GeometryPack] Health check: ping (timeout=5.0s)...
[04:17]   [ComfyUI] [ComfyUI-GeometryPack] Health check: ok
[04:17]   [ComfyUI] [SubprocessWorker] worker started/confirmed
[04:17]   [ComfyUI] [SubprocessWorker] serializing kwargs to shm...
[04:17]   [ComfyUI] [SubprocessWorker] created 1 shm blocks
[04:17]   [ComfyUI] [SubprocessWorker] sending request via socket...
[04:17]   [ComfyUI] [SubprocessWorker] call_id=12 sending call_method
[04:17]   Frame 4 saved (frame_003.jpg, t=4.7s)
[04:17]   [capture-node] freeze=2ms shot=132ms unfreeze=4ms saved=True
[04:17]   [ComfyUI] [worker:ComfyUI-GeometryPack] INFO: CuMesh GPU: perimeter=20.0, +56 faces, watertight: False -> True
[04:17]   [ComfyUI] [SubprocessWorker] got response: ok
[04:17]   [ComfyUI] [comfy-env] GeomPackFillHoles_GPU done (0.06s): result: NodeOutput
[04:17]   [ComfyUI] [VRAM] After GeomPackFillHoles_GPU: 375 / 7703 MB
[04:17]   [ComfyUI] [comfy-env] Running GeomPackPreviewMeshMulti: mode: 'fields', mesh_1: Trimesh, mesh_2: Trimesh, mesh_3: Trimesh
[04:17]   [ComfyUI] [VRAM] Before GeomPackPreviewMeshMulti: 375 / 7703 MB
[04:17]   [ComfyUI] [SubprocessWorker] call_method: nodes.visualization.preview_mesh_multi.PreviewMeshMultiNode.EXECUTE_NORMALIZED
[04:17]   [ComfyUI] [SubprocessWorker] acquired lock, ensuring started...
[04:17]   [ComfyUI] [ComfyUI-GeometryPack] Health check: ping (timeout=5.0s)...
[04:17]   [ComfyUI] [ComfyUI-GeometryPack] Health check: ok
[04:17]   [ComfyUI] [SubprocessWorker] worker started/confirmed
[04:17]   [ComfyUI] [SubprocessWorker] serializing kwargs to shm...
[04:17]   [ComfyUI] [SubprocessWorker] created 3 shm blocks
[04:17]   [ComfyUI] [SubprocessWorker] sending request via socket...
[04:17]   [ComfyUI] [SubprocessWorker] call_id=13 sending call_method
[04:17]   [ComfyUI] [worker:ComfyUI-GeometryPack] INFO: Mode: fields, Meshes: 3
[04:17]   [ComfyUI] [worker:ComfyUI-GeometryPack] INFO: Mesh 1: Mesh - 11381 vertices, 22758 faces
[04:17]   [ComfyUI] [worker:ComfyUI-GeometryPack] INFO: Exporting mesh to VTP: /workspaces/GeometryPack-1450/ComfyUI/output/preview_multi_1_4b2256da.vtp
[04:17]   [ComfyUI] [worker:ComfyUI-GeometryPack] INFO: Adding normals field (11381 vertices)
[04:17]   [ComfyUI] [worker:ComfyUI-GeometryPack] INFO: Export complete: 11381 vertices, 22758 faces
[04:17]   [ComfyUI] [worker:ComfyUI-GeometryPack] INFO: Exported VTP: /workspaces/GeometryPack-1450/ComfyUI/output/preview_multi_1_4b2256da.vtp
[04:17]   [ComfyUI] [worker:ComfyUI-GeometryPack] INFO: Mesh 2: Mesh - 11381 vertices, 22813 faces
[04:17]   [ComfyUI] [worker:ComfyUI-GeometryPack] INFO: Exporting mesh to VTP: /workspaces/GeometryPack-1450/ComfyUI/output/preview_multi_2_4b2256da.vtp
[04:17]   [ComfyUI] [worker:ComfyUI-GeometryPack] INFO: Adding normals field (11381 vertices)
[04:17]   [ComfyUI] [worker:ComfyUI-GeometryPack] INFO: Export complete: 11381 vertices, 22813 faces
[04:17]   [ComfyUI] [worker:ComfyUI-GeometryPack] INFO: Exported VTP: /workspaces/GeometryPack-1450/ComfyUI/output/preview_multi_2_4b2256da.vtp
[04:17]   [ComfyUI] [worker:ComfyUI-GeometryPack] INFO: Mesh 3: Mesh - 11382 vertices, 22760 faces
[04:17]   [ComfyUI] [worker:ComfyUI-GeometryPack] INFO: Exporting mesh to VTP: /workspaces/GeometryPack-1450/ComfyUI/output/preview_multi_3_4b2256da.vtp
[04:17]   [ComfyUI] [worker:ComfyUI-GeometryPack] INFO: Adding normals field (11382 vertices)
[04:17]   [ComfyUI] [worker:ComfyUI-GeometryPack] INFO: Export complete: 11382 vertices, 22760 faces
[04:17]   [ComfyUI] [worker:ComfyUI-GeometryPack] INFO: Exported VTP: /workspaces/GeometryPack-1450/ComfyUI/output/preview_multi_3_4b2256da.vtp
[04:17]   [ComfyUI] [worker:ComfyUI-GeometryPack] INFO: Grid: 3x1, Preview ready
[04:17]   [ComfyUI] [SubprocessWorker] got response: ok
[04:17]   [ComfyUI] [comfy-env] GeomPackPreviewMeshMulti done (0.37s): result: NodeOutput
[04:17]   [ComfyUI] [VRAM] After GeomPackPreviewMeshMulti: 375 / 7703 MB
[04:17]   [ComfyUI] Prompt executed in 5.00 seconds
[04:18]   Node executed (6 total), capturing...
[04:19]   Frame 5 saved (frame_004.jpg, t=5.6s)
[04:19]   [capture-node] freeze=40ms shot=648ms unfreeze=2ms saved=True
[04:19]   Node executed (7 total), capturing...
[04:19]   [capture-node] freeze=2ms shot=170ms unfreeze=0ms saved=False
[04:19]   Execution complete (t=6.7s)
[04:19]   Captured 5 unique frames over 6.84s
[04:19]   [debug] iframes: 2
[04:19]   [debug]   iframe[0]: src=http://127.0.0.1:41885/extensions/ComfyUI-GeometryPack/viewer_multi.html?v=17784, canvas=244x393, rafFrozen=True
[04:19]   [debug]   iframe[1]: src=http://127.0.0.1:41885/extensions/ComfyUI-GeometryPack/viewer_multi.html?v=17784, canvas=244x393, rafFrozen=True
[04:19]   [timing] trigger_3d_previews: 0.0s
[04:21]   Saved high-quality screenshot: fill_holes_all_executed.png
[04:21]   [timing] final_screenshot: 0.3s
[04:22]   [9/33] SKIPPED (not in gpu list) fix_normals_all.json
[04:22]   [10/33] SKIPPED (not in gpu list) fix_self_intersection.json
[04:22]   [11/33] SKIPPED (not in gpu list) mesh_info.json
[04:22]   [12/33] SKIPPED (not in gpu list) mesh_mesh_distance.json
[04:22]   [13/33] SKIPPED (not in gpu list) normals.json
[04:22]   [14/33] SKIPPED (not in gpu list) point_mesh_distance.json
[04:22]   [15/33] SKIPPED (not in gpu list) preview_mesh_threejs.json
[04:23]   [16/33] SKIPPED (not in gpu list) reconstruct_all.json
[04:23]   [17/33] SKIPPED (not in gpu list) refine_mesh.json
[04:23]   [18/33] SKIPPED (not in gpu list) remesh_intersections.json
[04:23]   [19/33] SKIPPED (not in gpu list) remeshing.json
[04:23] Capturing execution frames: remeshing_all.json
[04:29]   Frame 1 saved (frame_000.jpg, t=0.0s)
[04:29]   Validating workflow...
[04:29]   [ComfyUI] === /validate endpoint called ===
[04:29]   [ComfyUI] Received JSON with keys: ['prompt']
[04:29]   [ComfyUI] Prompt has 19 nodes
[04:29]   [ComfyUI]   Node 1: GeomPackLoadMesh
[04:29]   [ComfyUI]     Inputs: {"file_path": "3d/Stanford_Bunny.stl"}
[04:29]   [ComfyUI]   Node 27: GeomPackRemesh
[04:29]   [ComfyUI]     Inputs: {"backend": "pymeshlab_isotropic", "backend.target_edge_length": 1, "backend.iterations": 3, "backend.feature_angle": 30, "backend.adaptive": "false", "report_panel": "false", "trimesh": ["1", 0]}
[04:29]   Queuing workflow for execution...
[04:29]   [ComfyUI]   Node 29: GeomPackPreviewMeshMulti
[04:29]   [ComfyUI]     Inputs: {"mode": "fields", "preview_multi": "{\"show_edges\":true,\"camera_state\":\"{\\\"position\\\":[-104.63702891921307,87.70613647084431,93.26266831581498],\\\"focalPoint\\\":[30.322647094726562,1.890954
[04:29]   [ComfyUI]   Node 30: GeomPackPreviewMeshMulti
[04:29]   [ComfyUI]     Inputs: {"mode": "fields", "preview_multi": "{\"show_edges\":true,\"camera_state\":\"{\\\"position\\\":[-104.63702891921307,87.70613647084431,93.26266831581498],\\\"focalPoint\\\":[30.322647094726562,1.890954
[04:29]   [ComfyUI]   Node 37: GeomPackRemesh
[04:29]   [ComfyUI]     Inputs: {"backend": "quadriflow", "backend.target_face_count": 5000, "backend.preserve_sharp": "false", "backend.preserve_boundary": "true", "report_panel": "false", "trimesh": ["1", 0]}
[04:29]   [ComfyUI]   Node 39: GeomPackRemesh
[04:29]   [ComfyUI]     Inputs: {"backend": "instant_meshes", "backend.target_vertex_count": 5000, "backend.deterministic": "true", "backend.crease_angle": 0, "report_panel": "false", "trimesh": ["1", 0]}
[04:29]   [ComfyUI]   Node 42: GeomPackRemesh
[04:29]   [ComfyUI]     Inputs: {"backend": "geogram_anisotropic", "backend.nb_points_aniso": 5000, "backend.anisotropy": 0.04, "report_panel": "false", "trimesh": ["1", 0]}
[04:29]   [ComfyUI]   Node 43: GeomPackRemesh
[04:29]   [ComfyUI]     Inputs: {"backend": "pmp_uniform", "backend.pmp_edge_length": 1, "backend.pmp_iterations": 1, "backend.pmp_use_projection": "true", "report_panel": "false", "trimesh": ["1", 0]}
[04:29]   [ComfyUI]   Node 44: GeomPackRemesh
[04:29]   [ComfyUI]     Inputs: {"backend": "mmg_adaptive", "backend.hausd": 0.1, "backend.hmin": 0, "backend.hmax": 0, "backend.hgrad": 1.3, "report_panel": "false", "trimesh": ["1", 0]}
[04:29]   [ComfyUI]   Node 45: GeomPackRemesh
[04:29]   [ComfyUI]     Inputs: {"backend": "geogram_smooth", "backend.nb_points": 5000, "backend.nb_lloyd_iter": 5, "backend.nb_newton_iter": 30, "backend.newton_m": 7, "report_panel": "false", "trimesh": ["1", 0]}
[04:29]   [ComfyUI]   Node 46: GeomPackPreviewMeshMulti
[04:29]   [ComfyUI]     Inputs: {"mode": "fields", "preview_multi": "{\"show_edges\":true,\"camera_state\":\"{\\\"position\\\":[-104.63702891921307,87.70613647084431,93.26266831581498],\\\"focalPoint\\\":[30.322647094726562,1.890954
[04:29]   [ComfyUI]   Node 47: GeomPackRemesh
[04:29]   [ComfyUI]     Inputs: {"backend": "cgal_isotropic", "backend.cgal_edge_length": 1, "backend.cgal_iterations": 3, "backend.protect_boundaries": "true", "report_panel": "false", "trimesh": ["1", 0]}
[04:29]   [ComfyUI]   Node 48: GeomPackRemesh
[04:29]   [ComfyUI]     Inputs: {"backend": "blender_voxel", "backend.voxel_size": 1, "report_panel": "false", "trimesh": ["1", 0]}
[04:29]   [ComfyUI]   Node 49: GeomPackRemesh
[04:29]   [ComfyUI]     Inputs: {"backend": "quadwild", "backend.qw_sharp_angle": 35, "backend.qw_alpha": 0.02, "backend.qw_scale_factor": 1, "backend.qw_remesh": "true", "backend.qw_smooth": "true", "report_panel": "false", "trimes
[04:29]   [ComfyUI]   Node 50: GeomPackRemesh
[04:29]   [ComfyUI]     Inputs: {"backend": "pmp_adaptive", "backend.pmp_min_edge": 0.2, "backend.pmp_max_edge": 3, "backend.pmp_approx_error": 1, "backend.pmp_adaptive_iterations": 1, "backend.pmp_adaptive_projection": "false", "re
[04:29]   [ComfyUI]   Node 51: GeomPackRemesh
[04:29]   [ComfyUI]     Inputs: {"backend": "blender_sharp", "backend.octree_depth": 6, "backend.scale": 0.9, "backend.sharpness": 0.4, "report_panel": "false", "trimesh": ["1", 0]}
[04:29]   [ComfyUI]   Node 52: GeomPackRemesh
[04:29]   [ComfyUI]     Inputs: {"backend": "gpu_cumesh", "backend.gpu_target_face_count": 500000, "backend.remesh_band": 1, "report_panel": "false", "trimesh": ["1", 0]}
[04:29]   [ComfyUI]   Node 53: GeomPackRemesh
[04:29]   [ComfyUI]     Inputs: {"backend": "blender_blocks", "backend.octree_depth": 6, "backend.scale": 0.9, "report_panel": "true", "trimesh": ["1", 0]}
[04:29]   [ComfyUI]   Node 55: GeomPackPreviewMeshMulti
[04:29]   [ComfyUI]     Inputs: {"mode": "fields", "preview_multi": "{\"show_edges\":true,\"camera_state\":\"{\\\"position\\\":[-104.63702891921307,87.70613647084431,93.26266831581498],\\\"focalPoint\\\":[30.322647094726562,1.890954
[04:29]   [ComfyUI] Generated prompt_id: 4b3a5e6b-7b10-4664-b73e-70ce66991d69
[04:29]   [ComfyUI] Calling execution.validate_prompt()...
[04:29]   [ComfyUI] Validation result: valid=True
[04:29]   [ComfyUI] === Validation PASSED ===
[04:29]   [ComfyUI] got prompt
[04:29]   [ComfyUI] [comfy-env] Running GeomPackLoadMesh: file_path: '3d/Stanford_Bunny.stl'
[04:29]   [ComfyUI] [VRAM] Before GeomPackLoadMesh: 375 / 7703 MB
[04:29]   [ComfyUI] [SubprocessWorker] call_method: nodes.io.load_mesh.LoadMesh.EXECUTE_NORMALIZED
[04:29]   [ComfyUI] [SubprocessWorker] acquired lock, ensuring started...
[04:29]   [ComfyUI] [ComfyUI-GeometryPack] Health check: ping (timeout=5.0s)...
[04:29]   [ComfyUI] [ComfyUI-GeometryPack] Health check: ok
[04:29]   [ComfyUI] [SubprocessWorker] worker started/confirmed
[04:29]   [ComfyUI] [SubprocessWorker] serializing kwargs to shm...
[04:29]   [ComfyUI] [SubprocessWorker] created 0 shm blocks
[04:29]   [ComfyUI] [SubprocessWorker] sending request via socket...
[04:29]   [ComfyUI] [SubprocessWorker] call_id=14 sending call_method
[04:29]   [ComfyUI] [worker:ComfyUI-GeometryPack] INFO: Found mesh in input folder: 3d/Stanford_Bunny.stl
[04:29]   [ComfyUI] [worker:ComfyUI-GeometryPack] INFO: Loading: /workspaces/GeometryPack-1450/ComfyUI/input/3d/Stanford_Bunny.stl
[04:29]   [ComfyUI] [worker:ComfyUI-GeometryPack] INFO: Initial mesh: 56203 vertices, 112402 faces
[04:29]   [ComfyUI] [worker:ComfyUI-GeometryPack] INFO: Successfully loaded: 56203 vertices, 112402 faces
[04:29]   [ComfyUI] [worker:ComfyUI-GeometryPack] INFO: Loaded: 56203 vertices, 112402 faces
[04:29]   [ComfyUI] [SubprocessWorker] got response: ok
[04:29]   [ComfyUI] [comfy-env] GeomPackLoadMesh done (0.23s): result: NodeOutput
[04:29]   [ComfyUI] [VRAM] After GeomPackLoadMesh: 375 / 7703 MB
[04:29]   [ComfyUI] [comfy-env] Running GeomPackRemesh: backend: dict, trimesh: Trimesh
[04:29]   [ComfyUI] [VRAM] Before GeomPackRemesh: 375 / 7703 MB
[04:29]   [ComfyUI] [SubprocessWorker] call_method: nodes.remeshing.remesh.RemeshNode.EXECUTE_NORMALIZED
[04:29]   [ComfyUI] [SubprocessWorker] acquired lock, ensuring started...
[04:29]   [ComfyUI] [ComfyUI-GeometryPack] Health check: ping (timeout=5.0s)...
[04:29]   [ComfyUI] [ComfyUI-GeometryPack] Health check: ok
[04:29]   [ComfyUI] [SubprocessWorker] worker started/confirmed
[04:29]   [ComfyUI] [SubprocessWorker] serializing kwargs to shm...
[04:29]   [ComfyUI] [SubprocessWorker] created 1 shm blocks
[04:29]   [ComfyUI] [SubprocessWorker] sending request via socket...
[04:29]   [ComfyUI] [SubprocessWorker] call_id=15 sending call_method
[04:29]   [ComfyUI] [worker:ComfyUI-GeometryPack] INFO: Remesh dispatch: gpu_cumesh -> GeomPackRemesh_GPU
[04:29]   [ComfyUI] [SubprocessWorker] got response: ok
[04:29]   [ComfyUI] [comfy-env] GeomPackRemesh done (0.04s): result: NodeOutput
[04:29]   [ComfyUI] [VRAM] After GeomPackRemesh: 375 / 7703 MB
[04:29]   [ComfyUI] [comfy-env] Running GeomPackRemesh: backend: dict, trimesh: Trimesh
[04:29]   [ComfyUI] [VRAM] Before GeomPackRemesh: 375 / 7703 MB
[04:29]   [ComfyUI] [SubprocessWorker] call_method: nodes.remeshing.remesh.RemeshNode.EXECUTE_NORMALIZED
[04:29]   [ComfyUI] [SubprocessWorker] acquired lock, ensuring started...
[04:29]   [ComfyUI] [ComfyUI-GeometryPack] Health check: ping (timeout=5.0s)...
[04:29]   [ComfyUI] [ComfyUI-GeometryPack] Health check: ok
[04:29]   [ComfyUI] [SubprocessWorker] worker started/confirmed
[04:29]   [ComfyUI] [SubprocessWorker] serializing kwargs to shm...
[04:29]   [ComfyUI] [SubprocessWorker] created 1 shm blocks
[04:29]   [ComfyUI] [SubprocessWorker] sending request via socket...
[04:29]   [ComfyUI] [SubprocessWorker] call_id=16 sending call_method
[04:29]   [ComfyUI] [worker:ComfyUI-GeometryPack] INFO: Remesh dispatch: quadriflow -> GeomPackRemesh_QuadriFlow
[04:29]   [ComfyUI] [SubprocessWorker] got response: ok
[04:29]   [ComfyUI] [comfy-env] GeomPackRemesh done (0.04s): result: NodeOutput
[04:29]   [ComfyUI] [VRAM] After GeomPackRemesh: 375 / 7703 MB
[04:29]   [ComfyUI] [comfy-env] Running GeomPackRemesh: backend: dict, trimesh: Trimesh
[04:29]   [ComfyUI] [VRAM] Before GeomPackRemesh: 375 / 7703 MB
[04:29]   [ComfyUI] [SubprocessWorker] call_method: nodes.remeshing.remesh.RemeshNode.EXECUTE_NORMALIZED
[04:29]   [ComfyUI] [SubprocessWorker] acquired lock, ensuring started...
[04:29]   [ComfyUI] [ComfyUI-GeometryPack] Health check: ping (timeout=5.0s)...
[04:29]   [ComfyUI] [ComfyUI-GeometryPack] Health check: ok
[04:29]   [ComfyUI] [SubprocessWorker] worker started/confirmed
[04:29]   [ComfyUI] [SubprocessWorker] serializing kwargs to shm...
[04:29]   [ComfyUI] [SubprocessWorker] created 1 shm blocks
[04:29]   [ComfyUI] [SubprocessWorker] sending request via socket...
[04:29]   [ComfyUI] [SubprocessWorker] call_id=17 sending call_method
[04:29]   [ComfyUI] [worker:ComfyUI-GeometryPack] INFO: Remesh dispatch: instant_meshes -> GeomPackRemesh_InstantMeshes
[04:29]   [ComfyUI] [SubprocessWorker] got response: ok
[04:29]   [ComfyUI] [comfy-env] GeomPackRemesh done (0.04s): result: NodeOutput
[04:29]   [ComfyUI] [VRAM] After GeomPackRemesh: 375 / 7703 MB
[04:29]   [ComfyUI] [comfy-env] Running GeomPackRemesh: backend: dict, trimesh: Trimesh
[04:29]   [ComfyUI] [VRAM] Before GeomPackRemesh: 375 / 7703 MB
[04:29]   [ComfyUI] [SubprocessWorker] call_method: nodes.remeshing.remesh.RemeshNode.EXECUTE_NORMALIZED
[04:29]   [ComfyUI] [SubprocessWorker] acquired lock, ensuring started...
[04:29]   [ComfyUI] [ComfyUI-GeometryPack] Health check: ping (timeout=5.0s)...
[04:29]   [ComfyUI] [ComfyUI-GeometryPack] Health check: ok
[04:29]   [ComfyUI] [SubprocessWorker] worker started/confirmed
[04:29]   [ComfyUI] [SubprocessWorker] serializing kwargs to shm...
[04:29]   [ComfyUI] [SubprocessWorker] created 1 shm blocks
[04:29]   [ComfyUI] [SubprocessWorker] sending request via socket...
[04:29]   [ComfyUI] [SubprocessWorker] call_id=18 sending call_method
[04:29]   [ComfyUI] [worker:ComfyUI-GeometryPack] INFO: Remesh dispatch: pymeshlab_isotropic -> GeomPackRemesh_PyMeshLab
[04:29]   [ComfyUI] [SubprocessWorker] got response: ok
[04:29]   [ComfyUI] [comfy-env] GeomPackRemesh done (0.04s): result: NodeOutput
[04:29]   [ComfyUI] [VRAM] After GeomPackRemesh: 375 / 7703 MB
[04:29]   [ComfyUI] [comfy-env] Running GeomPackRemesh: backend: dict, trimesh: Trimesh
[04:29]   [ComfyUI] [VRAM] Before GeomPackRemesh: 375 / 7703 MB
[04:29]   [ComfyUI] [SubprocessWorker] call_method: nodes.remeshing.remesh.RemeshNode.EXECUTE_NORMALIZED
[04:29]   [ComfyUI] [SubprocessWorker] acquired lock, ensuring started...
[04:29]   [ComfyUI] [ComfyUI-GeometryPack] Health check: ping (timeout=5.0s)...
[04:29]   [ComfyUI] [ComfyUI-GeometryPack] Health check: ok
[04:29]   [ComfyUI] [SubprocessWorker] worker started/confirmed
[04:29]   [ComfyUI] [SubprocessWorker] serializing kwargs to shm...
[04:29]   [ComfyUI] [SubprocessWorker] created 1 shm blocks
[04:29]   [ComfyUI] [SubprocessWorker] sending request via socket...
[04:29]   [ComfyUI] [SubprocessWorker] call_id=19 sending call_method
[04:29]   [ComfyUI] [worker:ComfyUI-GeometryPack] INFO: Remesh dispatch: quadwild -> GeomPackRemesh_QuadWild
[04:29]   [ComfyUI] [SubprocessWorker] got response: ok
[04:29]   [ComfyUI] [comfy-env] GeomPackRemesh done (0.07s): result: NodeOutput
[04:29]   [ComfyUI] [VRAM] After GeomPackRemesh: 375 / 7703 MB
[04:29]   [ComfyUI] [comfy-env] Running GeomPackRemesh: backend: dict, trimesh: Trimesh
[04:29]   [ComfyUI] [VRAM] Before GeomPackRemesh: 375 / 7703 MB
[04:29]   [ComfyUI] [SubprocessWorker] call_method: nodes.remeshing.remesh.RemeshNode.EXECUTE_NORMALIZED
[04:29]   [ComfyUI] [SubprocessWorker] acquired lock, ensuring started...
[04:29]   [ComfyUI] [ComfyUI-GeometryPack] Health check: ping (timeout=5.0s)...
[04:29]   [ComfyUI] [ComfyUI-GeometryPack] Health check: ok
[04:29]   [ComfyUI] [SubprocessWorker] worker started/confirmed
[04:29]   [ComfyUI] [SubprocessWorker] serializing kwargs to shm...
[04:29]   [ComfyUI] [SubprocessWorker] created 1 shm blocks
[04:29]   [ComfyUI] [SubprocessWorker] sending request via socket...
[04:29]   [ComfyUI] [SubprocessWorker] call_id=20 sending call_method
[04:29]   [ComfyUI] [worker:ComfyUI-GeometryPack] INFO: Remesh dispatch: blender_voxel -> GeomPackRemesh_BlenderVoxel
[04:29]   [ComfyUI] [SubprocessWorker] got response: ok
[04:29]   [ComfyUI] [comfy-env] GeomPackRemesh done (0.06s): result: NodeOutput
[04:29]   [ComfyUI] [VRAM] After GeomPackRemesh: 375 / 7703 MB
[04:29]   [ComfyUI] [comfy-env] Running GeomPackRemesh: backend: dict, trimesh: Trimesh
[04:29]   [ComfyUI] [VRAM] Before GeomPackRemesh: 375 / 7703 MB
[04:29]   [ComfyUI] [SubprocessWorker] call_method: nodes.remeshing.remesh.RemeshNode.EXECUTE_NORMALIZED
[04:29]   [ComfyUI] [SubprocessWorker] acquired lock, ensuring started...
[04:29]   [ComfyUI] [ComfyUI-GeometryPack] Health check: ping (timeout=5.0s)...
[04:29]   [ComfyUI] [ComfyUI-GeometryPack] Health check: ok
[04:29]   [ComfyUI] [SubprocessWorker] worker started/confirmed
[04:29]   [ComfyUI] [SubprocessWorker] serializing kwargs to shm...
[04:29]   [ComfyUI] [SubprocessWorker] created 1 shm blocks
[04:29]   [ComfyUI] [SubprocessWorker] sending request via socket...
[04:29]   [ComfyUI] [SubprocessWorker] call_id=21 sending call_method
[04:29]   [ComfyUI] [worker:ComfyUI-GeometryPack] INFO: Remesh dispatch: cgal_isotropic -> GeomPackRemesh_CGAL
[04:29]   [ComfyUI] [SubprocessWorker] got response: ok
[04:29]   [ComfyUI] [comfy-env] GeomPackRemesh done (0.06s): result: NodeOutput
[04:29]   [ComfyUI] [VRAM] After GeomPackRemesh: 375 / 7703 MB
[04:29]   [ComfyUI] [comfy-env] Running GeomPackRemesh: backend: dict, trimesh: Trimesh
[04:29]   [ComfyUI] [VRAM] Before GeomPackRemesh: 375 / 7703 MB
[04:29]   [ComfyUI] [SubprocessWorker] call_method: nodes.remeshing.remesh.RemeshNode.EXECUTE_NORMALIZED
[04:29]   [ComfyUI] [SubprocessWorker] acquired lock, ensuring started...
[04:29]   [ComfyUI] [ComfyUI-GeometryPack] Health check: ping (timeout=5.0s)...
[04:29]   [ComfyUI] [ComfyUI-GeometryPack] Health check: ok
[04:29]   [ComfyUI] [SubprocessWorker] worker started/confirmed
[04:29]   [ComfyUI] [SubprocessWorker] serializing kwargs to shm...
[04:29]   [ComfyUI] [SubprocessWorker] created 1 shm blocks
[04:29]   [ComfyUI] [SubprocessWorker] sending request via socket...
[04:29]   [ComfyUI] [SubprocessWorker] call_id=22 sending call_method
[04:29]   [ComfyUI] [worker:ComfyUI-GeometryPack] INFO: Remesh dispatch: pmp_adaptive -> GeomPackRemesh_PMPAdaptive
[04:29]   [ComfyUI] [SubprocessWorker] got response: ok
[04:29]   [ComfyUI] [comfy-env] GeomPackRemesh done (0.04s): result: NodeOutput
[04:29]   [ComfyUI] [VRAM] After GeomPackRemesh: 375 / 7703 MB
[04:29]   [ComfyUI] [comfy-env] Running GeomPackRemesh: backend: dict, trimesh: Trimesh
[04:29]   [ComfyUI] [VRAM] Before GeomPackRemesh: 375 / 7703 MB
[04:29]   [ComfyUI] [SubprocessWorker] call_method: nodes.remeshing.remesh.RemeshNode.EXECUTE_NORMALIZED
[04:29]   [ComfyUI] [SubprocessWorker] acquired lock, ensuring started...
[04:29]   [ComfyUI] [ComfyUI-GeometryPack] Health check: ping (timeout=5.0s)...
[04:29]   [ComfyUI] [ComfyUI-GeometryPack] Health check: ok
[04:29]   [ComfyUI] [SubprocessWorker] worker started/confirmed
[04:29]   [ComfyUI] [SubprocessWorker] serializing kwargs to shm...
[04:29]   [ComfyUI] [SubprocessWorker] created 1 shm blocks
[04:29]   [ComfyUI] [SubprocessWorker] sending request via socket...
[04:29]   [ComfyUI] [SubprocessWorker] call_id=23 sending call_method
[04:29]   [ComfyUI] [worker:ComfyUI-GeometryPack] INFO: Remesh dispatch: geogram_smooth -> GeomPackRemesh_GeogramSmooth
[04:29]   [ComfyUI] [SubprocessWorker] got response: ok
[04:29]   [ComfyUI] [comfy-env] GeomPackRemesh done (0.04s): result: NodeOutput
[04:29]   [ComfyUI] [VRAM] After GeomPackRemesh: 375 / 7703 MB
[04:29]   [ComfyUI] [comfy-env] Running GeomPackRemesh: backend: dict, trimesh: Trimesh
[04:29]   [ComfyUI] [VRAM] Before GeomPackRemesh: 375 / 7703 MB
[04:29]   [ComfyUI] [SubprocessWorker] call_method: nodes.remeshing.remesh.RemeshNode.EXECUTE_NORMALIZED
[04:29]   [ComfyUI] [SubprocessWorker] acquired lock, ensuring started...
[04:29]   [ComfyUI] [ComfyUI-GeometryPack] Health check: ping (timeout=5.0s)...
[04:29]   [ComfyUI] [ComfyUI-GeometryPack] Health check: ok
[04:29]   [ComfyUI] [SubprocessWorker] worker started/confirmed
[04:29]   [ComfyUI] [SubprocessWorker] serializing kwargs to shm...
[04:29]   [ComfyUI] [SubprocessWorker] created 1 shm blocks
[04:29]   [ComfyUI] [SubprocessWorker] sending request via socket...
[04:29]   [ComfyUI] [SubprocessWorker] call_id=24 sending call_method
[04:29]   [ComfyUI] [worker:ComfyUI-GeometryPack] INFO: Remesh dispatch: mmg_adaptive -> GeomPackRemesh_MMG
[04:29]   [ComfyUI] [SubprocessWorker] got response: ok
[04:29]   [ComfyUI] [comfy-env] GeomPackRemesh done (0.04s): result: NodeOutput
[04:29]   [ComfyUI] [VRAM] After GeomPackRemesh: 375 / 7703 MB
[04:29]   [ComfyUI] [comfy-env] Running GeomPackRemesh: backend: dict, trimesh: Trimesh
[04:29]   [ComfyUI] [VRAM] Before GeomPackRemesh: 375 / 7703 MB
[04:29]   [ComfyUI] [SubprocessWorker] call_method: nodes.remeshing.remesh.RemeshNode.EXECUTE_NORMALIZED
[04:29]   [ComfyUI] [SubprocessWorker] acquired lock, ensuring started...
[04:29]   [ComfyUI] [ComfyUI-GeometryPack] Health check: ping (timeout=5.0s)...
[04:29]   [ComfyUI] [ComfyUI-GeometryPack] Health check: ok
[04:29]   [ComfyUI] [SubprocessWorker] worker started/confirmed
[04:29]   [ComfyUI] [SubprocessWorker] serializing kwargs to shm...
[04:29]   [ComfyUI] [SubprocessWorker] created 1 shm blocks
[04:29]   [ComfyUI] [SubprocessWorker] sending request via socket...
[04:29]   [ComfyUI] [SubprocessWorker] call_id=25 sending call_method
[04:29]   [ComfyUI] [worker:ComfyUI-GeometryPack] INFO: Remesh dispatch: geogram_anisotropic -> GeomPackRemesh_GeogramAniso
[04:29]   [ComfyUI] [SubprocessWorker] got response: ok
[04:29]   [ComfyUI] [comfy-env] GeomPackRemesh done (0.04s): result: NodeOutput
[04:29]   [ComfyUI] [VRAM] After GeomPackRemesh: 375 / 7703 MB
[04:29]   [ComfyUI] [comfy-env] Running GeomPackRemesh: backend: dict, trimesh: Trimesh
[04:29]   [ComfyUI] [VRAM] Before GeomPackRemesh: 375 / 7703 MB
[04:29]   [ComfyUI] [SubprocessWorker] call_method: nodes.remeshing.remesh.RemeshNode.EXECUTE_NORMALIZED
[04:29]   [ComfyUI] [SubprocessWorker] acquired lock, ensuring started...
[04:29]   [ComfyUI] [ComfyUI-GeometryPack] Health check: ping (timeout=5.0s)...
[04:29]   [ComfyUI] [ComfyUI-GeometryPack] Health check: ok
[04:29]   [ComfyUI] [SubprocessWorker] worker started/confirmed
[04:29]   [ComfyUI] [SubprocessWorker] serializing kwargs to shm...
[04:29]   [ComfyUI] [SubprocessWorker] created 1 shm blocks
[04:29]   [ComfyUI] [SubprocessWorker] sending request via socket...
[04:29]   [ComfyUI] [SubprocessWorker] call_id=26 sending call_method
[04:29]   [ComfyUI] [worker:ComfyUI-GeometryPack] INFO: Remesh dispatch: pmp_uniform -> GeomPackRemesh_PMPUniform
[04:29]   [ComfyUI] [SubprocessWorker] got response: ok
[04:29]   [ComfyUI] [comfy-env] GeomPackRemesh done (0.04s): result: NodeOutput
[04:29]   [ComfyUI] [VRAM] After GeomPackRemesh: 375 / 7703 MB
[04:29]   [ComfyUI] [comfy-env] Running GeomPackRemesh: backend: dict, trimesh: Trimesh
[04:29]   [ComfyUI] [VRAM] Before GeomPackRemesh: 375 / 7703 MB
[04:29]   [ComfyUI] [SubprocessWorker] call_method: nodes.remeshing.remesh.RemeshNode.EXECUTE_NORMALIZED
[04:29]   [ComfyUI] [SubprocessWorker] acquired lock, ensuring started...
[04:29]   [ComfyUI] [ComfyUI-GeometryPack] Health check: ping (timeout=5.0s)...
[04:29]   [ComfyUI] [ComfyUI-GeometryPack] Health check: ok
[04:29]   [ComfyUI] [SubprocessWorker] worker started/confirmed
[04:29]   [ComfyUI] [SubprocessWorker] serializing kwargs to shm...
[04:29]   [ComfyUI] [SubprocessWorker] created 1 shm blocks
[04:29]   [ComfyUI] [SubprocessWorker] sending request via socket...
[04:29]   [ComfyUI] [SubprocessWorker] call_id=27 sending call_method
[04:29]   [ComfyUI] [worker:ComfyUI-GeometryPack] INFO: Remesh dispatch: blender_blocks -> GeomPackRemesh_BlenderBlocks
[04:29]   [ComfyUI] [SubprocessWorker] got response: ok
[04:29]   [ComfyUI] [comfy-env] GeomPackRemesh done (0.05s): result: NodeOutput
[04:29]   [ComfyUI] [VRAM] After GeomPackRemesh: 375 / 7703 MB
[04:29]   [ComfyUI] [comfy-env] Running GeomPackRemesh: backend: dict, trimesh: Trimesh
[04:29]   [ComfyUI] [VRAM] Before GeomPackRemesh: 375 / 7703 MB
[04:29]   [ComfyUI] [SubprocessWorker] call_method: nodes.remeshing.remesh.RemeshNode.EXECUTE_NORMALIZED
[04:29]   [ComfyUI] [SubprocessWorker] acquired lock, ensuring started...
[04:29]   [ComfyUI] [ComfyUI-GeometryPack] Health check: ping (timeout=5.0s)...
[04:29]   [ComfyUI] [ComfyUI-GeometryPack] Health check: ok
[04:29]   [ComfyUI] [SubprocessWorker] worker started/confirmed
[04:29]   [ComfyUI] [SubprocessWorker] serializing kwargs to shm...
[04:29]   [ComfyUI] [SubprocessWorker] created 1 shm blocks
[04:29]   [ComfyUI] [SubprocessWorker] sending request via socket...
[04:29]   [ComfyUI] [SubprocessWorker] call_id=28 sending call_method
[04:29]   [ComfyUI] [worker:ComfyUI-GeometryPack] INFO: Remesh dispatch: blender_sharp -> GeomPackRemesh_BlenderSharp
[04:29]   [ComfyUI] [SubprocessWorker] got response: ok
[04:29]   [ComfyUI] [comfy-env] GeomPackRemesh done (0.06s): result: NodeOutput
[04:29]   [ComfyUI] [VRAM] After GeomPackRemesh: 375 / 7703 MB
[04:29]   [ComfyUI] [comfy-env] Running GeomPackRemesh_GPU: trimesh: Trimesh, target_face_count: 500000, remesh_band: 1.0
[04:29]   [ComfyUI] [VRAM] Before GeomPackRemesh_GPU: 375 / 7703 MB
[04:29]   [ComfyUI] [SubprocessWorker] call_method: nodes.remeshing_gpu.remesh.RemeshGPUNode.EXECUTE_NORMALIZED
[04:29]   [ComfyUI] [SubprocessWorker] acquired lock, ensuring started...
[04:29]   [ComfyUI] [ComfyUI-GeometryPack] Health check: ping (timeout=5.0s)...
[04:29]   [ComfyUI] [ComfyUI-GeometryPack] Health check: ok
[04:29]   [ComfyUI] [SubprocessWorker] worker started/confirmed
[04:29]   [ComfyUI] [SubprocessWorker] serializing kwargs to shm...
[04:30]   [ComfyUI] [SubprocessWorker] created 1 shm blocks
[04:30]   [ComfyUI] [SubprocessWorker] sending request via socket...
[04:30]   [ComfyUI] [SubprocessWorker] call_id=29 sending call_method
[04:30]   [ComfyUI] [worker:ComfyUI-GeometryPack] INFO: Backend: cumesh (CUDA)
[04:30]   [ComfyUI] [worker:ComfyUI-GeometryPack] INFO: Input: 56,203 vertices, 112,402 faces
[04:30]   [ComfyUI] [worker:ComfyUI-GeometryPack] INFO: Parameters: target_face_count=500,000, remesh_band=1.0
[04:30]   [ComfyUI] [worker:ComfyUI-GeometryPack] INFO: Input: 56203 vertices, 112402 faces
[04:30]   [ComfyUI] [worker:ComfyUI-GeometryPack] INFO: Grid resolution: 512, band: 1.0
[04:30]   [ComfyUI] [worker:ComfyUI-GeometryPack] INFO: Running dual-contouring remesh...
[04:30]   [ComfyUI] 
[04:30]   [ComfyUI] Building Sparse Grid:   0%|          | 0/5 [00:00<?, ?it/s]
[04:30]   [ComfyUI] Building Sparse Grid: 100%|██████████| 5/5 [00:00<00:00, 82.75it/s]
[04:30]   [ComfyUI] [worker:ComfyUI-GeometryPack] Running Dual Contouring...
[04:30]   [ComfyUI] [worker:ComfyUI-GeometryPack] [VRAM] +740MB (now 740MB) reserved=832MB peak=740MB
[04:30]   [ComfyUI] /workspaces/GeometryPack-1450/ComfyUI/.ce/.pixi/envs/geometrypack-nodes/lib/python3.13/site-packages/cumesh/remeshing.py:220: UserWarning: Using torch.cross without specifying the dim arg is deprecated.
[04:30]   [ComfyUI] Please either pass the dim explicitly or simply use torch.linalg.cross.
[04:30]   [ComfyUI] The default value of dim will change to agree with that of linalg.cross in a future release. (Triggered internally at /pytorch/aten/src/ATen/native/Cross.cpp:63.)
[04:30]   [ComfyUI]   normals0 = torch.cross(mesh_vertices[atempt_triangles_0[:, 1]] - mesh_vertices[atempt_triangles_0[:, 0]], mesh_vertices[atempt_triangles_0[:, 2]] - mesh_vertices[atempt_triangles_0[:, 0]])
[04:30]   [ComfyUI] [worker:ComfyUI-GeometryPack] INFO: After remesh: 1896416 vertices, 3792864 faces
[04:30]   [ComfyUI] [worker:ComfyUI-GeometryPack] INFO: Skipping pre-simplify unify (mesh too large: 3,792,864 faces)
[04:30]   [ComfyUI] 
[04:30]   [ComfyUI] Simplifying:   0%|          | 0/3292864 [00:00<?, ?it/s]
[04:30]   [ComfyUI] Simplifying [thres=1.00e-08]:   0%|          | 0/3292864 [00:00<?, ?it/s]
[04:30]   [ComfyUI] Simplifying [thres=1.00e-07]:   0%|          | 22/3292864 [00:00<1:30:06, 609.00it/s]
[04:30]   [ComfyUI] Simplifying [thres=1.00e-06]:   0%|          | 198/3292864 [00:00<17:02, 3220.43it/s]
[04:30]   [ComfyUI] Simplifying [thres=1.00e-05]:   0%|          | 1548/3292864 [00:00<02:58, 18403.74it/s]
[04:30]   [ComfyUI] Simplifying [thres=1.00e-05]:   0%|          | 13184/3292864 [00:00<00:26, 123568.36it/s]
[04:30]   [ComfyUI] Simplifying [thres=1.00e-04]:   0%|          | 13184/3292864 [00:00<00:26, 123568.36it/s]
[04:30]   [ComfyUI] Simplifying [thres=1.00e-04]:   2%|▏         | 81912/3292864 [00:00<00:25, 123568.36it/s]
[04:30]   [ComfyUI] Simplifying [thres=1.00e-04]:   4%|▍         | 132428/3292864 [00:00<00:25, 123568.36it/s]
[04:30]   [ComfyUI] Simplifying [thres=1.00e-04]:   5%|▌         | 173726/3292864 [00:00<00:25, 123568.36it/s]
[04:30]   [ComfyUI] Simplifying [thres=1.00e-03]:   6%|▋         | 208564/3292864 [00:00<00:24, 123568.36it/s]
[04:30]   [ComfyUI] Simplifying [thres=1.00e-03]:  14%|█▍        | 470560/3292864 [00:00<00:01, 2469813.42it/s]
[04:30]   [ComfyUI] Simplifying [thres=1.00e-03]:  14%|█▍        | 470560/3292864 [00:00<00:01, 2469813.42it/s]
[04:30]   [ComfyUI] Simplifying [thres=1.00e-03]:  22%|██▏       | 715010/3292864 [00:00<00:01, 2469813.42it/s]
[04:30]   [ComfyUI] Simplifying [thres=1.00e-03]:  29%|██▊       | 941760/3292864 [00:00<00:00, 2469813.42it/s]
[04:30]   [ComfyUI] Simplifying [thres=1.00e-03]:  35%|███▍      | 1152290/3292864 [00:00<00:00, 2469813.42it/s]
[04:30]   [ComfyUI] Simplifying [thres=1.00e-03]:  41%|████      | 1346062/3292864 [00:00<00:00, 2469813.42it/s]
[04:30]   [ComfyUI] Simplifying [thres=1.00e-03]:  46%|████▋     | 1525528/3292864 [00:00<00:00, 2469813.42it/s]
[04:30]   [ComfyUI] Simplifying [thres=1.00e-03]:  51%|█████▏    | 1690928/3292864 [00:00<00:00, 6482752.38it/s]
[04:30]   [ComfyUI] Simplifying [thres=1.00e-03]:  51%|█████▏    | 1690928/3292864 [00:00<00:00, 6482752.38it/s]
[04:30]   [ComfyUI] Simplifying [thres=1.00e-03]:  56%|█████▌    | 1843662/3292864 [00:00<00:00, 6482752.38it/s]
[04:30]   [ComfyUI] Simplifying [thres=1.00e-03]:  60%|██████    | 1985820/3292864 [00:00<00:00, 6482752.38it/s]
[04:30]   [ComfyUI] Simplifying [thres=1.00e-03]:  64%|██████▍   | 2117824/3292864 [00:00<00:00, 6482752.38it/s]
[04:30]   [ComfyUI] Simplifying [thres=1.00e-03]:  68%|██████▊   | 2240258/3292864 [00:00<00:00, 6482752.38it/s]
[04:30]   [ComfyUI] Simplifying [thres=1.00e-03]:  71%|███████▏  | 2353988/3292864 [00:00<00:00, 6482752.38it/s]
[04:30]   [ComfyUI] Simplifying [thres=1.00e-03]:  75%|███████▍  | 2458992/3292864 [00:00<00:00, 6482752.38it/s]
[04:30]   [ComfyUI] Simplifying [thres=1.00e-03]:  78%|███████▊  | 2555322/3292864 [00:00<00:00, 6482752.38it/s]
[04:30]   [ComfyUI] Simplifying [thres=1.00e-03]:  80%|████████  | 2643070/3292864 [00:00<00:00, 6482752.38it/s]
[04:30]   [ComfyUI] Simplifying [thres=1.00e-03]:  83%|████████▎ | 2721888/3292864 [00:00<00:00, 6482752.38it/s]
[04:30]   [ComfyUI] Simplifying [thres=1.00e-03]:  85%|████████▍ | 2792108/3292864 [00:00<00:00, 8060328.54it/s]
[04:30]   [ComfyUI] Simplifying [thres=1.00e-03]:  85%|████████▍ | 2792108/3292864 [00:00<00:00, 8060328.54it/s]
[04:30]   [ComfyUI] Simplifying [thres=1.00e-03]:  87%|████████▋ | 2854126/3292864 [00:00<00:00, 8060328.54it/s]
[04:30]   [ComfyUI] Simplifying [thres=1.00e-03]:  88%|████████▊ | 2907824/3292864 [00:00<00:00, 8060328.54it/s]
[04:30]   [ComfyUI] Simplifying [thres=1.00e-03]:  90%|████████▉ | 2953960/3292864 [00:00<00:00, 8060328.54it/s]
[04:30]   [ComfyUI] Simplifying [thres=1.00e-03]:  91%|█████████ | 2993006/3292864 [00:00<00:00, 8060328.54it/s]
[04:30]   [ComfyUI] Simplifying [thres=1.00e-03]:  92%|█████████▏| 3026410/3292864 [00:00<00:00, 8060328.54it/s]
[04:30]   [ComfyUI] Simplifying [thres=1.00e-03]:  93%|█████████▎| 3054896/3292864 [00:00<00:00, 8060328.54it/s]
[04:30]   [ComfyUI] Simplifying [thres=1.00e-03]:  94%|█████████▎| 3079038/3292864 [00:00<00:00, 8060328.54it/s]
[04:30]   [ComfyUI] Simplifying [thres=1.00e-03]:  94%|█████████▍| 3099666/3292864 [00:00<00:00, 8060328.54it/s]
[04:30]   [ComfyUI] Simplifying [thres=1.00e-03]:  95%|█████████▍| 3117530/3292864 [00:00<00:00, 8060328.54it/s]
[04:30]   [ComfyUI] Simplifying [thres=1.00e-03]:  95%|█████████▌| 3133240/3292864 [00:00<00:00, 8060328.54it/s]
[04:30]   [ComfyUI] Simplifying [thres=1.00e-03]:  96%|█████████▌| 3146702/3292864 [00:00<00:00, 8060328.54it/s]
[04:30]   [ComfyUI] Simplifying [thres=1.00e-03]:  96%|█████████▌| 3158568/3292864 [00:00<00:00, 8060328.54it/s]
[04:30]   [ComfyUI] Simplifying [thres=1.00e-03]:  96%|█████████▌| 3168866/3292864 [00:00<00:00, 8060328.54it/s]
[04:30]   [ComfyUI] Simplifying [thres=1.00e-03]:  97%|█████████▋| 3177992/3292864 [00:00<00:00, 8060328.54it/s]
[04:30]   [ComfyUI] Simplifying [thres=1.00e-03]:  97%|█████████▋| 3186098/3292864 [00:00<00:00, 8060328.54it/s]
[04:30]   [ComfyUI] Simplifying [thres=1.00e-03]:  97%|█████████▋| 3193274/3292864 [00:00<00:00, 8060328.54it/s]
[04:30]   [ComfyUI] Simplifying [thres=1.00e-03]:  97%|█████████▋| 3199730/3292864 [00:00<00:00, 8060328.54it/s]
[04:30]   [ComfyUI] Simplifying [thres=1.00e-02]:  97%|█████████▋| 3205634/3292864 [00:00<00:00, 8060328.54it/s]
[04:30]   [ComfyUI] Simplifying [thres=1.00e-02]:  99%|█████████▉| 3253870/3292864 [00:00<00:00, 8060328.54it/s]
[04:30]   [ComfyUI] Simplifying [thres=1.00e-02]: 100%|██████████| 3292864/3292864 [00:00<00:00, 6155803.99it/s]
[04:30]   [ComfyUI] [worker:ComfyUI-GeometryPack] INFO: After simplify: 496,526 faces
[04:30]   [ComfyUI] [worker:ComfyUI-GeometryPack] INFO: Unified face orientations (post-simplify)
[04:30]   [ComfyUI] [worker:ComfyUI-GeometryPack] INFO: Output: 248271 vertices (+192068), 496526 faces (+384124)
[04:31]   [ComfyUI] [SubprocessWorker] got response: ok
[04:31]   [ComfyUI] [comfy-env] GeomPackRemesh_GPU done (1.09s): result: NodeOutput
[04:31]   [ComfyUI] [VRAM] After GeomPackRemesh_GPU: 455 / 7703 MB
[04:31]   [ComfyUI] [comfy-env] Running GeomPackRemesh_QuadriFlow: trimesh: Trimesh, target_face_count: 5000, preserve_sharp: 'false', preserve_boundary: 'true'
[04:31]   [ComfyUI] [VRAM] Before GeomPackRemesh_QuadriFlow: 455 / 7703 MB
[04:31]   [ComfyUI] [SubprocessWorker] call_method: nodes.remeshing.backends.quadriflow.RemeshQuadriFlowNode.EXECUTE_NORMALIZED
[04:31]   [ComfyUI] [SubprocessWorker] acquired lock, ensuring started...
[04:31]   [ComfyUI] [ComfyUI-GeometryPack] Health check: ping (timeout=5.0s)...
[04:31]   [ComfyUI] [ComfyUI-GeometryPack] Health check: ok
[04:31]   [ComfyUI] [SubprocessWorker] worker started/confirmed
[04:31]   [ComfyUI] [SubprocessWorker] serializing kwargs to shm...
[04:31]   [ComfyUI] [SubprocessWorker] created 1 shm blocks
[04:31]   [ComfyUI] [SubprocessWorker] sending request via socket...
[04:31]   [ComfyUI] [SubprocessWorker] call_id=30 sending call_method
[04:31]   [ComfyUI] [worker:ComfyUI-GeometryPack] INFO: Backend: quadriflow
[04:31]   [ComfyUI] [worker:ComfyUI-GeometryPack] INFO: Input: 56203 vertices, 112402 faces
[04:31]   [ComfyUI] [worker:ComfyUI-GeometryPack] INFO: Parameters: target_face_count=5,000, preserve_sharp=false, preserve_boundary=true
[04:31]   Node executed (1 total), capturing...
[04:31]   Frame 2 saved (frame_001.jpg, t=2.5s)
[04:31]   [capture-node] freeze=2ms shot=158ms unfreeze=10ms saved=True
[04:33]   Frame 3 saved (frame_002.jpg, t=4.7s)
[04:33]   [capture-periodic] freeze=2ms shot=135ms unfreeze=8ms saved=True
[04:34]   [capture-loop] iter=50 t=6.1s state={'complete': False, 'error': None, 'executedCount': 1, 'wsState': 1} eval_ms=2 ram=4.6/31.3GB (15%) swap=0.5/32.0GB (2%) cpu=11% browser_rss=0.97GB
[04:35]   [ComfyUI] [worker:ComfyUI-GeometryPack] INFO: Output: 4620 vertices, 9236 faces
[04:35]   [ComfyUI] [worker:ComfyUI-GeometryPack] [VRAM] -741MB (now 0MB) reserved=96MB peak=740MB
[04:35]   [ComfyUI] [SubprocessWorker] got response: ok
[04:35]   [ComfyUI] [comfy-env] GeomPackRemesh_QuadriFlow done (4.83s): result: NodeOutput
[04:35]   [ComfyUI] [VRAM] After GeomPackRemesh_QuadriFlow: 455 / 7703 MB
[04:35]   [ComfyUI] [comfy-env] Running GeomPackRemesh_InstantMeshes: trimesh: Trimesh, target_vertex_count: 5000, deterministic: 'true', crease_angle: 0.0
[04:35]   [ComfyUI] [VRAM] Before GeomPackRemesh_InstantMeshes: 455 / 7703 MB
[04:35]   [ComfyUI] [SubprocessWorker] call_method: nodes.remeshing.backends.instant_meshes.RemeshInstantMeshesNode.EXECUTE_NORMALIZED
[04:35]   [ComfyUI] [SubprocessWorker] acquired lock, ensuring started...
[04:35]   [ComfyUI] [ComfyUI-GeometryPack] Health check: ping (timeout=5.0s)...
[04:35]   [ComfyUI] [ComfyUI-GeometryPack] Health check: ok
[04:35]   [ComfyUI] [SubprocessWorker] worker started/confirmed
[04:35]   [ComfyUI] [SubprocessWorker] serializing kwargs to shm...
[04:35]   [ComfyUI] [SubprocessWorker] created 1 shm blocks
[04:35]   [ComfyUI] [SubprocessWorker] sending request via socket...
[04:35]   [ComfyUI] [SubprocessWorker] call_id=31 sending call_method
[04:35]   [ComfyUI] [worker:ComfyUI-GeometryPack] INFO: Backend: instant_meshes
[04:35]   [ComfyUI] [worker:ComfyUI-GeometryPack] INFO: Input: 56203 vertices, 112402 faces
[04:35]   [ComfyUI] [worker:ComfyUI-GeometryPack] INFO: Parameters: target_vertex_count=5,000, deterministic=true, crease_angle=0.0
[04:36]   Node executed (2 total), capturing...
[04:36]   Frame 4 saved (frame_003.jpg, t=7.4s)
[04:36]   [capture-node] freeze=2ms shot=129ms unfreeze=7ms saved=True
[04:36]   [ComfyUI] [worker:ComfyUI-GeometryPack] INFO: Output: 19955 vertices, 39894 faces
[04:36]   [ComfyUI] [SubprocessWorker] got response: ok
[04:36]   [ComfyUI] [comfy-env] GeomPackRemesh_InstantMeshes done (0.71s): result: NodeOutput
[04:36]   [ComfyUI] [VRAM] After GeomPackRemesh_InstantMeshes: 455 / 7703 MB
[04:36]   [ComfyUI] [comfy-env] Running GeomPackRemesh_PyMeshLab: trimesh: Trimesh, target_edge_length: 1.0, iterations: 3, feature_angle: 30.0, adaptive: 'false'
[04:36]   [ComfyUI] [VRAM] Before GeomPackRemesh_PyMeshLab: 455 / 7703 MB
[04:36]   [ComfyUI] [SubprocessWorker] call_method: nodes.remeshing.backends.pymeshlab_isotropic.RemeshPyMeshLabNode.EXECUTE_NORMALIZED
[04:36]   [ComfyUI] [SubprocessWorker] acquired lock, ensuring started...
[04:36]   [ComfyUI] [ComfyUI-GeometryPack] Health check: ping (timeout=5.0s)...
[04:36]   [ComfyUI] [ComfyUI-GeometryPack] Health check: ok
[04:36]   [ComfyUI] [SubprocessWorker] worker started/confirmed
[04:36]   [ComfyUI] [SubprocessWorker] serializing kwargs to shm...
[04:36]   [ComfyUI] [SubprocessWorker] created 1 shm blocks
[04:36]   [ComfyUI] [SubprocessWorker] sending request via socket...
[04:36]   [ComfyUI] [SubprocessWorker] call_id=32 sending call_method
[04:36]   [ComfyUI] [worker:ComfyUI-GeometryPack] INFO: Backend: pymeshlab_isotropic
[04:36]   [ComfyUI] [worker:ComfyUI-GeometryPack] INFO: Input: 56203 vertices, 112402 faces
[04:36]   [ComfyUI] [worker:ComfyUI-GeometryPack] INFO: Parameters: target_edge_length=1.0, iterations=3, feature_angle=30.0, adaptive=false
[04:36]   Node executed (3 total), capturing...
[04:37]   Frame 5 saved (frame_004.jpg, t=8.0s)
[04:37]   [capture-node] freeze=2ms shot=146ms unfreeze=9ms saved=True
[04:41]   [ComfyUI] [worker:ComfyUI-GeometryPack] INFO: Output: 32264 vertices, 64524 faces
[04:41]   [ComfyUI] [SubprocessWorker] got response: ok
[04:41]   [ComfyUI] [comfy-env] GeomPackRemesh_PyMeshLab done (4.43s): result: NodeOutput
[04:41]   [ComfyUI] [VRAM] After GeomPackRemesh_PyMeshLab: 455 / 7703 MB
[04:41]   [ComfyUI] [comfy-env] Running GeomPackPreviewMeshMulti: mode: 'fields', mesh_1: Trimesh, mesh_2: Trimesh, mesh_3: Trimesh, mesh_4: Trimesh
[04:41]   [ComfyUI] [VRAM] Before GeomPackPreviewMeshMulti: 455 / 7703 MB
[04:41]   [ComfyUI] [SubprocessWorker] call_method: nodes.visualization.preview_mesh_multi.PreviewMeshMultiNode.EXECUTE_NORMALIZED
[04:41]   [ComfyUI] [SubprocessWorker] acquired lock, ensuring started...
[04:41]   [ComfyUI] [ComfyUI-GeometryPack] Health check: ping (timeout=5.0s)...
[04:41]   [ComfyUI] [ComfyUI-GeometryPack] Health check: ok
[04:41]   [ComfyUI] [SubprocessWorker] worker started/confirmed
[04:41]   [ComfyUI] [SubprocessWorker] serializing kwargs to shm...
[04:41]   [ComfyUI] [SubprocessWorker] created 4 shm blocks
[04:41]   [ComfyUI] [SubprocessWorker] sending request via socket...
[04:41]   [ComfyUI] [SubprocessWorker] call_id=33 sending call_method
[04:41]   [ComfyUI] [worker:ComfyUI-GeometryPack] INFO: Mode: fields, Meshes: 4
[04:41]   [ComfyUI] [worker:ComfyUI-GeometryPack] INFO: Mesh 1: Mesh - 56203 vertices, 112402 faces
[04:41]   [ComfyUI] [worker:ComfyUI-GeometryPack] INFO: Exporting mesh to VTP: /workspaces/GeometryPack-1450/ComfyUI/output/preview_multi_1_d04a0bfd.vtp
[04:41]   [capture-loop] iter=100 t=12.2s state={'complete': False, 'error': None, 'executedCount': 4, 'wsState': 1} eval_ms=19 ram=4.4/31.3GB (14%) swap=0.5/32.0GB (2%) cpu=16% browser_rss=0.87GB
[04:41]   Node executed (4 total), capturing...
[04:41]   [ComfyUI] [worker:ComfyUI-GeometryPack] INFO: Adding normals field (56203 vertices)
[04:41]   Frame 6 saved (frame_005.jpg, t=12.4s)
[04:41]   [capture-node] freeze=2ms shot=146ms unfreeze=9ms saved=True
[04:41]   [ComfyUI] [worker:ComfyUI-GeometryPack] INFO: Adding face field: stl
[04:41]   [ComfyUI] [worker:ComfyUI-GeometryPack] INFO: Export complete: 56203 vertices, 112402 faces
[04:41]   [ComfyUI] [worker:ComfyUI-GeometryPack] INFO: Exported VTP: /workspaces/GeometryPack-1450/ComfyUI/output/preview_multi_1_d04a0bfd.vtp
[04:41]   [ComfyUI] [worker:ComfyUI-GeometryPack] INFO: Mesh 2: Mesh - 32264 vertices, 64524 faces
[04:41]   [ComfyUI] [worker:ComfyUI-GeometryPack] INFO: Exporting mesh to VTP: /workspaces/GeometryPack-1450/ComfyUI/output/preview_multi_2_d04a0bfd.vtp
[04:41]   [ComfyUI] [worker:ComfyUI-GeometryPack] INFO: Adding normals field (32264 vertices)
[04:42]   [ComfyUI] [worker:ComfyUI-GeometryPack] INFO: Export complete: 32264 vertices, 64524 faces
[04:42]   [ComfyUI] [worker:ComfyUI-GeometryPack] INFO: Exported VTP: /workspaces/GeometryPack-1450/ComfyUI/output/preview_multi_2_d04a0bfd.vtp
[04:42]   [ComfyUI] [worker:ComfyUI-GeometryPack] INFO: Mesh 3: Mesh - 19955 vertices, 39894 faces
[04:42]   [ComfyUI] [worker:ComfyUI-GeometryPack] INFO: Exporting mesh to VTP: /workspaces/GeometryPack-1450/ComfyUI/output/preview_multi_3_d04a0bfd.vtp
[04:42]   [ComfyUI] [worker:ComfyUI-GeometryPack] INFO: Adding normals field (19955 vertices)
[04:42]   [ComfyUI] [worker:ComfyUI-GeometryPack] INFO: Export complete: 19955 vertices, 39894 faces
[04:42]   [ComfyUI] [worker:ComfyUI-GeometryPack] INFO: Exported VTP: /workspaces/GeometryPack-1450/ComfyUI/output/preview_multi_3_d04a0bfd.vtp
[04:42]   [ComfyUI] [worker:ComfyUI-GeometryPack] INFO: Mesh 4: Mesh - 4620 vertices, 9236 faces
[04:42]   [ComfyUI] [worker:ComfyUI-GeometryPack] INFO: Exporting mesh to VTP: /workspaces/GeometryPack-1450/ComfyUI/output/preview_multi_4_d04a0bfd.vtp
[04:42]   [ComfyUI] [worker:ComfyUI-GeometryPack] INFO: Adding normals field (4620 vertices)
[04:42]   [ComfyUI] [worker:ComfyUI-GeometryPack] INFO: Export complete: 4620 vertices, 9236 faces
[04:42]   [ComfyUI] [worker:ComfyUI-GeometryPack] INFO: Exported VTP: /workspaces/GeometryPack-1450/ComfyUI/output/preview_multi_4_d04a0bfd.vtp
[04:42]   [ComfyUI] [worker:ComfyUI-GeometryPack] INFO: Grid: 2x2, Preview ready
[04:42]   [ComfyUI] [SubprocessWorker] got response: ok
[04:42]   [ComfyUI] [comfy-env] GeomPackPreviewMeshMulti done (1.26s): result: NodeOutput
[04:42]   [ComfyUI] [VRAM] After GeomPackPreviewMeshMulti: 455 / 7703 MB
[04:42]   [ComfyUI] [comfy-env] Running GeomPackRemesh_QuadWild: trimesh: Trimesh, qw_sharp_angle: 35.0, qw_alpha: 0.02, qw_scale_factor: 1.0, qw_remesh: 'true', qw_smooth: 'true'
[04:42]   [ComfyUI] [VRAM] Before GeomPackRemesh_QuadWild: 455 / 7703 MB
[04:42]   [ComfyUI] [SubprocessWorker] call_method: nodes.remeshing.backends.quadwild.RemeshQuadWildNode.EXECUTE_NORMALIZED
[04:42]   [ComfyUI] [SubprocessWorker] acquired lock, ensuring started...
[04:42]   [ComfyUI] [ComfyUI-GeometryPack] Health check: ping (timeout=5.0s)...
[04:42]   [ComfyUI] [ComfyUI-GeometryPack] Health check: ok
[04:42]   [ComfyUI] [SubprocessWorker] worker started/confirmed
[04:42]   [ComfyUI] [SubprocessWorker] serializing kwargs to shm...
[04:42]   [ComfyUI] [SubprocessWorker] created 1 shm blocks
[04:42]   [ComfyUI] [SubprocessWorker] sending request via socket...
[04:42]   [ComfyUI] [SubprocessWorker] call_id=34 sending call_method
[04:42]   [ComfyUI] [worker:ComfyUI-GeometryPack] INFO: Backend: quadwild
[04:42]   [ComfyUI] [worker:ComfyUI-GeometryPack] INFO: Input: 56203 vertices, 112402 faces
[04:42]   [ComfyUI] [worker:ComfyUI-GeometryPack] INFO: Parameters: sharp_angle=35.0, alpha=0.02, scale=1.0, remesh=true, smooth=true
[04:42]   Node executed (5 total), capturing...
[04:44]   Frame 7 saved (frame_006.jpg, t=13.8s)
[04:44]   [capture-node] freeze=1346ms shot=641ms unfreeze=7ms saved=True
[04:46]   Frame 8 saved (frame_007.jpg, t=17.9s)
[04:46]   [capture-periodic] freeze=2ms shot=171ms unfreeze=6ms saved=True
[04:49]   [capture-loop] iter=150 t=20.4s state={'complete': False, 'error': None, 'executedCount': 5, 'wsState': 1} eval_ms=2 ram=4.7/31.3GB (15%) swap=0.5/32.0GB (2%) cpu=26% browser_rss=1.15GB
[04:54]   [capture-loop] iter=200 t=26.0s state={'complete': False, 'error': None, 'executedCount': 5, 'wsState': 1} eval_ms=2 ram=4.5/31.3GB (14%) swap=0.5/32.0GB (2%) cpu=12% browser_rss=1.05GB
[05:00]   [ComfyUI] Initital dimension: 33361 x 33361, number of constraints: 0, number of integer variables: 20091, use reordering: yes
[05:00]   [ComfyUI] make_constraints_independent took 0.00027900000000000001 s.
[05:00]   [ComfyUI] Constraint integration took 4.3999999999999999e-05 s.
[05:00]   [ComfyUI] Constraint elimination took 0.0025409999999999999 s.
[05:00]   [ComfyUI] Reindexing took 0.00019000000000000001 s.
[05:00]   [ComfyUI] eliminate_constraints took 0.0028509999999999998 s.
[05:00]   [ComfyUI] Eliminated dimension: 33361 x 33361
[05:00]   [ComfyUI] #nonzeros: 152419
[05:00]   [ComfyUI] integer variables #: 20091
[05:00]   [ComfyUI] continuous variables #: 13270
[05:00]   [ComfyUI] initial full solution
[05:00]   [ComfyUI] calc_system_eigen took 0.014207000000000001 s.
[05:00]   [capture-loop] iter=250 t=31.8s state={'complete': False, 'error': None, 'executedCount': 5, 'wsState': 1} eval_ms=2 ram=4.5/31.3GB (14%) swap=0.5/32.0GB (2%) cpu=13% browser_rss=1.05GB
[05:00]   [ComfyUI] final full solution
[05:00]   [ComfyUI] update_system_eigen took 0.00545 s.
[05:00]   [ComfyUI]  *** Statistics of MiSo Solver ***
[05:00]   [ComfyUI] Number of LOCAL iterations  = 3042
[05:00]   [ComfyUI] Number of CG    iterations  = 0
[05:00]   [ComfyUI] Number of FULL  iterations  = 2
[05:00]   [ComfyUI] Number of ROUNDING          = 20091
[05:00]   [ComfyUI] solve_multiple_rounding took 0.393183 s.
[05:00]   [ComfyUI] solve took 0.39324000000000003 s.
[05:00]   [ComfyUI] restore_eliminated_vars took 5.7000000000000003e-05 s.
[05:00]   [ComfyUI] solve took 0.39668000000000003 s.
[05:02]   [ComfyUI] performed 180 adjustments for even rhs
[05:02]   [ComfyUI] performed 170 adjustments for even rhs
[05:04]   [ComfyUI] [worker:ComfyUI-GeometryPack] INFO: Output: 6118 vertices, 12228 faces
[05:04]   [ComfyUI] [SubprocessWorker] got response: ok
[05:04]   [ComfyUI] [comfy-env] GeomPackRemesh_QuadWild done (21.75s): result: NodeOutput
[05:04]   [ComfyUI] [VRAM] After GeomPackRemesh_QuadWild: 455 / 7703 MB
[05:04]   [ComfyUI] [comfy-env] Running GeomPackRemesh_BlenderVoxel: trimesh: Trimesh, voxel_size: 1.0
[05:04]   [ComfyUI] [VRAM] Before GeomPackRemesh_BlenderVoxel: 455 / 7703 MB
[05:04]   [ComfyUI] [SubprocessWorker] call_method: nodes.blender_remeshing.backends.voxel.RemeshBlenderVoxelNode.EXECUTE_NORMALIZED
[05:04]   [ComfyUI] [SubprocessWorker] acquired lock, ensuring started...
[05:04]   [ComfyUI] [ComfyUI-GeometryPack] Health check: ping (timeout=5.0s)...
[05:04]   [ComfyUI] [ComfyUI-GeometryPack] Health check: ok
[05:04]   [ComfyUI] [SubprocessWorker] worker started/confirmed
[05:04]   [ComfyUI] [SubprocessWorker] serializing kwargs to shm...
[05:04]   [ComfyUI] [SubprocessWorker] created 1 shm blocks
[05:04]   [ComfyUI] [SubprocessWorker] sending request via socket...
[05:04]   [ComfyUI] [SubprocessWorker] call_id=35 sending call_method
[05:04]   [ComfyUI] [worker:ComfyUI-GeometryPack] INFO: Backend: blender_voxel
[05:04]   [ComfyUI] [worker:ComfyUI-GeometryPack] INFO: Input: 56203 vertices, 112402 faces
[05:04]   [ComfyUI] [worker:ComfyUI-GeometryPack] INFO: Parameters: voxel_size=1.0
[05:04]   Node executed (6 total), capturing...
[05:04]   Frame 9 saved (frame_008.jpg, t=35.4s)
[05:04]   [capture-node] freeze=2ms shot=206ms unfreeze=3ms saved=True
[05:04]   [ComfyUI] [worker:ComfyUI-GeometryPack] INFO: Output: 43474 vertices, 86944 faces
[05:04]   [ComfyUI] [SubprocessWorker] got response: ok
[05:04]   [ComfyUI] [comfy-env] GeomPackRemesh_BlenderVoxel done (0.70s): result: NodeOutput
[05:04]   [ComfyUI] [VRAM] After GeomPackRemesh_BlenderVoxel: 455 / 7703 MB
[05:04]   [ComfyUI] [comfy-env] Running GeomPackRemesh_CGAL: trimesh: Trimesh, target_edge_length: 1.0, iterations: 3, protect_boundaries: 'true'
[05:04]   [ComfyUI] [VRAM] Before GeomPackRemesh_CGAL: 455 / 7703 MB
[05:04]   [ComfyUI] [SubprocessWorker] call_method: nodes.remeshing_cgal.remesh.RemeshCGALNode.EXECUTE_NORMALIZED
[05:04]   [ComfyUI] [SubprocessWorker] acquired lock, ensuring started...
[05:04]   [ComfyUI] [ComfyUI-GeometryPack] Health check: ping (timeout=5.0s)...
[05:04]   [ComfyUI] [ComfyUI-GeometryPack] Health check: ok
[05:04]   [ComfyUI] [SubprocessWorker] worker started/confirmed
[05:04]   [ComfyUI] [SubprocessWorker] serializing kwargs to shm...
[05:04]   [ComfyUI] [SubprocessWorker] created 1 shm blocks
[05:04]   [ComfyUI] [SubprocessWorker] sending request via socket...
[05:04]   [ComfyUI] [SubprocessWorker] call_id=36 sending call_method
[05:04]   [ComfyUI] [worker:ComfyUI-GeometryPack] INFO: Backend: cgal_isotropic
[05:04]   [ComfyUI] [worker:ComfyUI-GeometryPack] INFO: Input: 56,203 vertices, 112,402 faces
[05:04]   [ComfyUI] [worker:ComfyUI-GeometryPack] INFO: Parameters: target_edge_length=1.0, iterations=3, protect_boundaries=true
[05:04]   [ComfyUI] [worker:ComfyUI-GeometryPack] INFO: Running CGAL isotropic remesh (target_edge_length=1.0)...
[05:04]   Node executed (7 total), capturing...
[05:05]   Frame 10 saved (frame_009.jpg, t=36.2s)
[05:05]   [capture-node] freeze=2ms shot=173ms unfreeze=10ms saved=True
[05:06]   [capture-loop] iter=300 t=38.0s state={'complete': False, 'error': None, 'executedCount': 7, 'wsState': 1} eval_ms=2 ram=4.6/31.3GB (15%) swap=0.5/32.0GB (2%) cpu=14% browser_rss=1.05GB
[05:08]   [ComfyUI] [worker:ComfyUI-GeometryPack] INFO: Output: 41466 vertices (-14737), 82928 faces (-29474)
[05:08]   [ComfyUI] [SubprocessWorker] got response: ok
[05:08]   [ComfyUI] [comfy-env] GeomPackRemesh_CGAL done (4.05s): result: NodeOutput
[05:08]   [ComfyUI] [VRAM] After GeomPackRemesh_CGAL: 455 / 7703 MB
[05:08]   [ComfyUI] [comfy-env] Running GeomPackRemesh_PMPAdaptive: trimesh: Trimesh, pmp_min_edge: 0.2, pmp_max_edge: 3.0, pmp_approx_error: 1.0, pmp_adaptive_iterations: 1, pmp_adaptive_projection: 'false'
[05:08]   [ComfyUI] [VRAM] Before GeomPackRemesh_PMPAdaptive: 455 / 7703 MB
[05:08]   [ComfyUI] [SubprocessWorker] call_method: nodes.remeshing.backends.pmp_adaptive.RemeshPMPAdaptiveNode.EXECUTE_NORMALIZED
[05:08]   [ComfyUI] [SubprocessWorker] acquired lock, ensuring started...
[05:08]   [ComfyUI] [ComfyUI-GeometryPack] Health check: ping (timeout=5.0s)...
[05:08]   [ComfyUI] [ComfyUI-GeometryPack] Health check: ok
[05:08]   [ComfyUI] [SubprocessWorker] worker started/confirmed
[05:08]   [ComfyUI] [SubprocessWorker] serializing kwargs to shm...
[05:08]   [ComfyUI] [SubprocessWorker] created 1 shm blocks
[05:08]   [ComfyUI] [SubprocessWorker] sending request via socket...
[05:08]   [ComfyUI] [SubprocessWorker] call_id=37 sending call_method
[05:08]   [ComfyUI] [worker:ComfyUI-GeometryPack] INFO: Backend: pmp_adaptive
[05:08]   [ComfyUI] [worker:ComfyUI-GeometryPack] INFO: Input: 56203 vertices, 112402 faces
[05:08]   [ComfyUI] [worker:ComfyUI-GeometryPack] INFO: Parameters: min=0.2, max=3.0, error=1.0, iter=1, proj=false
[05:08]   Node executed (8 total), capturing...
[05:09]   [ComfyUI] [worker:ComfyUI-GeometryPack] INFO: Output: 5369 vertices, 10734 faces
[05:09]   [ComfyUI] [SubprocessWorker] got response: ok
[05:09]   [ComfyUI] [comfy-env] GeomPackRemesh_PMPAdaptive done (0.22s): result: NodeOutput
[05:09]   [ComfyUI] [VRAM] After GeomPackRemesh_PMPAdaptive: 455 / 7703 MB
[05:09]   [ComfyUI] [comfy-env] Running GeomPackPreviewMeshMulti: mode: 'fields', mesh_1: Trimesh, mesh_2: Trimesh, mesh_3: Trimesh, mesh_4: Trimesh
[05:09]   [ComfyUI] [VRAM] Before GeomPackPreviewMeshMulti: 455 / 7703 MB
[05:09]   [ComfyUI] [SubprocessWorker] call_method: nodes.visualization.preview_mesh_multi.PreviewMeshMultiNode.EXECUTE_NORMALIZED
[05:09]   [ComfyUI] [SubprocessWorker] acquired lock, ensuring started...
[05:09]   [ComfyUI] [ComfyUI-GeometryPack] Health check: ping (timeout=5.0s)...
[05:09]   [ComfyUI] [ComfyUI-GeometryPack] Health check: ok
[05:09]   [ComfyUI] [SubprocessWorker] worker started/confirmed
[05:09]   [ComfyUI] [SubprocessWorker] serializing kwargs to shm...
[05:09]   [ComfyUI] [SubprocessWorker] created 4 shm blocks
[05:09]   [ComfyUI] [SubprocessWorker] sending request via socket...
[05:09]   [ComfyUI] [SubprocessWorker] call_id=38 sending call_method
[05:09]   [ComfyUI] [worker:ComfyUI-GeometryPack] INFO: Mode: fields, Meshes: 4
[05:09]   [ComfyUI] [worker:ComfyUI-GeometryPack] INFO: Mesh 1: Mesh - 5369 vertices, 10734 faces
[05:09]   [ComfyUI] [worker:ComfyUI-GeometryPack] INFO: Exporting mesh to VTP: /workspaces/GeometryPack-1450/ComfyUI/output/preview_multi_1_2ae30c24.vtp
[05:09]   [ComfyUI] [worker:ComfyUI-GeometryPack] INFO: Adding normals field (5369 vertices)
[05:09]   [ComfyUI] [worker:ComfyUI-GeometryPack] INFO: Export complete: 5369 vertices, 10734 faces
[05:09]   [ComfyUI] [worker:ComfyUI-GeometryPack] INFO: Exported VTP: /workspaces/GeometryPack-1450/ComfyUI/output/preview_multi_1_2ae30c24.vtp
[05:09]   [ComfyUI] [worker:ComfyUI-GeometryPack] INFO: Mesh 2: Mesh - 6118 vertices, 12228 faces
[05:09]   [ComfyUI] [worker:ComfyUI-GeometryPack] INFO: Exporting mesh to VTP: /workspaces/GeometryPack-1450/ComfyUI/output/preview_multi_2_2ae30c24.vtp
[05:09]   [ComfyUI] [worker:ComfyUI-GeometryPack] INFO: Adding normals field (6118 vertices)
[05:09]   [ComfyUI] [worker:ComfyUI-GeometryPack] INFO: Export complete: 6118 vertices, 12228 faces
[05:09]   [ComfyUI] [worker:ComfyUI-GeometryPack] INFO: Exported VTP: /workspaces/GeometryPack-1450/ComfyUI/output/preview_multi_2_2ae30c24.vtp
[05:09]   [ComfyUI] [worker:ComfyUI-GeometryPack] INFO: Mesh 3: Mesh - 41466 vertices, 82928 faces
[05:09]   [ComfyUI] [worker:ComfyUI-GeometryPack] INFO: Exporting mesh to VTP: /workspaces/GeometryPack-1450/ComfyUI/output/preview_multi_3_2ae30c24.vtp
[05:09]   Frame 11 saved (frame_010.jpg, t=40.2s)
[05:09]   [capture-node] freeze=2ms shot=178ms unfreeze=5ms saved=True
[05:09]   [ComfyUI] [worker:ComfyUI-GeometryPack] INFO: Adding normals field (41466 vertices)
[05:09]   Node executed (9 total), capturing...
[05:09]   [ComfyUI] [worker:ComfyUI-GeometryPack] INFO: Export complete: 41466 vertices, 82928 faces
[05:09]   [ComfyUI] [worker:ComfyUI-GeometryPack] INFO: Exported VTP: /workspaces/GeometryPack-1450/ComfyUI/output/preview_multi_3_2ae30c24.vtp
[05:09]   [ComfyUI] [worker:ComfyUI-GeometryPack] INFO: Mesh 4: Mesh - 43474 vertices, 86944 faces
[05:09]   [ComfyUI] [worker:ComfyUI-GeometryPack] INFO: Exporting mesh to VTP: /workspaces/GeometryPack-1450/ComfyUI/output/preview_multi_4_2ae30c24.vtp
[05:09]   [ComfyUI] [worker:ComfyUI-GeometryPack] INFO: Adding normals field (43474 vertices)
[05:09]   Frame 12 saved (frame_011.jpg, t=40.7s)
[05:09]   [capture-node] freeze=2ms shot=168ms unfreeze=8ms saved=True
[05:09]   [ComfyUI] [worker:ComfyUI-GeometryPack] INFO: Export complete: 43474 vertices, 86944 faces
[05:09]   [ComfyUI] [worker:ComfyUI-GeometryPack] INFO: Exported VTP: /workspaces/GeometryPack-1450/ComfyUI/output/preview_multi_4_2ae30c24.vtp
[05:09]   [ComfyUI] [worker:ComfyUI-GeometryPack] INFO: Grid: 2x2, Preview ready
[05:09]   [ComfyUI] [SubprocessWorker] got response: ok
[05:09]   [ComfyUI] [comfy-env] GeomPackPreviewMeshMulti done (0.70s): result: NodeOutput
[05:09]   [ComfyUI] [VRAM] After GeomPackPreviewMeshMulti: 455 / 7703 MB
[05:09]   [ComfyUI] [comfy-env] Running GeomPackRemesh_GeogramSmooth: trimesh: Trimesh, nb_points: 5000, nb_lloyd_iter: 5, nb_newton_iter: 30, newton_m: 7
[05:09]   [ComfyUI] [VRAM] Before GeomPackRemesh_GeogramSmooth: 455 / 7703 MB
[05:09]   [ComfyUI] [SubprocessWorker] call_method: nodes.remeshing.backends.geogram_smooth.RemeshGeogramSmoothNode.EXECUTE_NORMALIZED
[05:09]   [ComfyUI] [SubprocessWorker] acquired lock, ensuring started...
[05:09]   [ComfyUI] [ComfyUI-GeometryPack] Health check: ping (timeout=5.0s)...
[05:09]   [ComfyUI] [ComfyUI-GeometryPack] Health check: ok
[05:09]   [ComfyUI] [SubprocessWorker] worker started/confirmed
[05:09]   [ComfyUI] [SubprocessWorker] serializing kwargs to shm...
[05:09]   [ComfyUI] [SubprocessWorker] created 1 shm blocks
[05:09]   [ComfyUI] [SubprocessWorker] sending request via socket...
[05:09]   [ComfyUI] [SubprocessWorker] call_id=39 sending call_method
[05:09]   [ComfyUI] [worker:ComfyUI-GeometryPack] INFO: Backend: geogram_smooth
[05:09]   [ComfyUI] [worker:ComfyUI-GeometryPack] INFO: Input: 56203 vertices, 112402 faces
[05:09]   [ComfyUI] [worker:ComfyUI-GeometryPack] INFO: Parameters: nb_points=5,000, nb_lloyd_iter=5, nb_newton_iter=30, newton_m=7
[05:09]   Node executed (10 total), capturing...
[05:10]   [ComfyUI] [worker:ComfyUI-GeometryPack] INFO: Output: 5000 vertices, 9996 faces
[05:10]   [ComfyUI] [SubprocessWorker] got response: ok
[05:10]   [ComfyUI] [comfy-env] GeomPackRemesh_GeogramSmooth done (0.79s): result: NodeOutput
[05:10]   [ComfyUI] [VRAM] After GeomPackRemesh_GeogramSmooth: 455 / 7703 MB
[05:10]   [ComfyUI] [comfy-env] Running GeomPackRemesh_MMG: trimesh: Trimesh, hausd: 0.1, hmin: 0.0, hmax: 0.0, hgrad: 1.3
[05:10]   [ComfyUI] [VRAM] Before GeomPackRemesh_MMG: 455 / 7703 MB
[05:10]   [ComfyUI] [SubprocessWorker] call_method: nodes.remeshing.backends.mmg.RemeshMMGNode.EXECUTE_NORMALIZED
[05:10]   [ComfyUI] [SubprocessWorker] acquired lock, ensuring started...
[05:10]   [ComfyUI] [ComfyUI-GeometryPack] Health check: ping (timeout=5.0s)...
[05:10]   [ComfyUI] [ComfyUI-GeometryPack] Health check: ok
[05:10]   [ComfyUI] [SubprocessWorker] worker started/confirmed
[05:10]   [ComfyUI] [SubprocessWorker] serializing kwargs to shm...
[05:10]   [ComfyUI] [SubprocessWorker] created 1 shm blocks
[05:10]   [ComfyUI] [SubprocessWorker] sending request via socket...
[05:10]   [ComfyUI] [SubprocessWorker] call_id=40 sending call_method
[05:11]   [ComfyUI] [worker:ComfyUI-GeometryPack] INFO: Backend: mmg_adaptive
[05:11]   [ComfyUI] [worker:ComfyUI-GeometryPack] INFO: Input: 56203 vertices, 112402 faces
[05:11]   [ComfyUI] [worker:ComfyUI-GeometryPack] INFO: Parameters: hausd=0.1, hmin=0.0, hmax=0.0, hgrad=1.3
[05:11]   [ComfyUI] [worker:ComfyUI-GeometryPack] INFO: Running mmgs surface remeshing...
[05:11]   Frame 13 saved (frame_012.jpg, t=41.2s)
[05:11]   [capture-node] freeze=1172ms shot=607ms unfreeze=5ms saved=True
[05:11]   Node executed (11 total), capturing...
[05:12]   Frame 14 saved (frame_013.jpg, t=43.3s)
[05:12]   [capture-node] freeze=2ms shot=181ms unfreeze=6ms saved=True
[05:13]   [ComfyUI] [worker:ComfyUI-GeometryPack]
[05:13]   [ComfyUI] === WATCHDOG TICK 1 ===
[05:13]   [ComfyUI] [worker:ComfyUI-GeometryPack] Thread 0x0000729cd9ffb640 (most recent call first):
[05:13]   [ComfyUI]   File "/workspaces/GeometryPack-1450/ComfyUI/.ce/.pixi/envs/geometrypack-nodes/lib/python3.13/threading.py", line 363 in wait
[05:13]   [ComfyUI]   File "/workspaces/GeometryPack-1450/ComfyUI/.ce/.pixi/envs/geometrypack-nodes/lib/python3.13/threading.py", line 660 in wait
[05:13]   [ComfyUI]   File "/workspaces/GeometryPack-1450/ComfyUI/.ce/.pixi/envs/geometrypack-nodes/lib/python3.13/site-packages/tqdm/_monitor.py", line 60 in run
[05:13]   [ComfyUI]   File "/workspaces/GeometryPack-1450/ComfyUI/.ce/.pixi/envs/geometrypack-nodes/lib/python3.13/threading.py", line 1044 in _bootstrap_inner
[05:13]   [ComfyUI]   File "/workspaces/GeometryPack-1450/ComfyUI/.ce/.pixi/envs/geometrypack-nodes/lib/python3.13/threading.py", line 1015 in _bootstrap
[05:13]   [ComfyUI] 
[05:13]   [ComfyUI] Thread 0x0000729cec0e0640 (most recent call first):
[05:13]   [ComfyUI]   File "/workspaces/GeometryPack-1450/ComfyUI/.ce/.pixi/envs/geometrypack-nodes/lib/python3.13/socket.py", line 295 in accept
[05:13]   [ComfyUI]   File "/workspaces/GeometryPack-1450/ComfyUI/.ce/.pixi/envs/geometrypack-nodes/lib/python3.13/multiprocessing/connection.py", line 648 in accept
[05:13]   [ComfyUI]   File "/workspaces/GeometryPack-1450/ComfyUI/.ce/.pixi/envs/geometrypack-nodes/lib/python3.13/multiprocessing/connection.py", line 493 in accept
[05:13]   [ComfyUI]   File "/workspaces/GeometryPack-1450/ComfyUI/.ce/.pixi/envs/geometrypack-nodes/lib/python3.13/multiprocessing/resource_sharer.py", line 138 in _serve
[05:13]   [ComfyUI]   File "/workspaces/GeometryPack-1450/ComfyUI/.ce/.pixi/envs/geometrypack-nodes/lib/python3.13/threading.py", line 995 in run
[05:13]   [ComfyUI]   File "/workspaces/GeometryPack-1450/ComfyUI/.ce/.pixi/envs/geometrypack-nodes/lib/python3.13/threading.py", line 1044 in _bootstrap_inner
[05:13]   [ComfyUI]   File "/workspaces/GeometryPack-1450/ComfyUI/.ce/.pixi/envs/geometrypack-nodes/lib/python3.13/threading.py", line 1015 in _bootstrap
[05:13]   [ComfyUI] 
[05:13]   [ComfyUI] Thread 0x000072a0d22f0640 (most recent call first):
[05:13]   [ComfyUI]   File "/tmp/comfyui_pvenv_ujgvbv_d/persistent_worker.py", line 106 in _vram_poller
[05:13]   [ComfyUI]   File "/workspaces/GeometryPack-1450/ComfyUI/.ce/.pixi/envs/geometrypack-nodes/lib/python3.13/threading.py", line 995 in run
[05:13]   [ComfyUI]   File "/workspaces/GeometryPack-1450/ComfyUI/.ce/.pixi/envs/geometrypack-nodes/lib/python3.13/threading.py", line 1044 in _bootstrap_inner
[05:13]   [ComfyUI]   File "/workspaces/GeometryPack-1450/ComfyUI/.ce/.pixi/envs/geometrypack-nodes/lib/python3.13/threading.py", line 1015 in _bootstrap
[05:13]   [ComfyUI] 
[05:13]   [ComfyUI] Current thread 0x000072a0d2af5640 (most recent call first):
[05:13]   [ComfyUI]   File "/tmp/comfyui_pvenv_ujgvbv_d/persistent_worker.py", line 52 in _watchdog
[05:13]   [ComfyUI]   File "/workspaces/GeometryPack-1450/ComfyUI/.ce/.pixi/envs/geometrypack-nodes/lib/python3.13/threading.py", line 995 in run
[05:13]   [ComfyUI]   File "/workspaces/GeometryPack-1450/ComfyUI/.ce/.pixi/envs/geometrypack-nodes/lib/python3.13/threading.py", line 1044 in _bootstrap_inner
[05:13]   [ComfyUI]   File "/workspaces/GeometryPack-1450/ComfyUI/.ce/.pixi/envs/geometrypack-nodes/lib/python3.13/threading.py", line 1015 in _bootstrap
[05:13]   [ComfyUI] 
[05:13]   [ComfyUI] Thread 0x000072a0d3112740 (most recent call first):
[05:13]   [ComfyUI]   File "/workspaces/GeometryPack-1450/ComfyUI/.ce/.pixi/envs/geometrypack-nodes/lib/python3.13/site-packages/mmgpy/_mesh.py", line 1860 in remesh
[05:13]   [ComfyUI]   File "/workspaces/GeometryPack-1450/ComfyUI/custom_nodes/ComfyUI-GeometryPack/nodes/remeshing/backends/mmg.py", line 64 in execute
[05:13]   [ComfyUI]   File "/workspaces/GeometryPack-1450/ComfyUI/comfy_api/latest/_io.py", line 1833 in EXECUTE_NORMALIZED
[05:13]   [ComfyUI]   File "/tmp/comfyui_pvenv_ujgvbv_d/persistent_worker.py", line 1762 in main
[05:13]   [ComfyUI]   File "/tmp/comfyui_pvenv_ujgvbv_d/persistent_worker.py", line 1807 in <module>
[05:13]   [ComfyUI] 
[05:13]   [ComfyUI] [worker:ComfyUI-GeometryPack] === END ===
[05:13]   [ComfyUI] 
[05:13]   [ComfyUI] [worker:ComfyUI-GeometryPack] INFO: Output: 46011 vertices, 92018 faces
[05:13]   [ComfyUI] [SubprocessWorker] got response: ok
[05:13]   [ComfyUI] [comfy-env] GeomPackRemesh_MMG done (2.80s): result: NodeOutput
[05:13]   [ComfyUI] [VRAM] After GeomPackRemesh_MMG: 455 / 7703 MB
[05:13]   [ComfyUI] [comfy-env] Running GeomPackRemesh_GeogramAniso: trimesh: Trimesh, nb_points_aniso: 5000, anisotropy: 0.04
[05:13]   [ComfyUI] [VRAM] Before GeomPackRemesh_GeogramAniso: 455 / 7703 MB
[05:13]   [ComfyUI] [SubprocessWorker] call_method: nodes.remeshing.backends.geogram_aniso.RemeshGeogramAnisoNode.EXECUTE_NORMALIZED
[05:13]   [ComfyUI] [SubprocessWorker] acquired lock, ensuring started...
[05:13]   [ComfyUI] [ComfyUI-GeometryPack] Health check: ping (timeout=5.0s)...
[05:13]   [ComfyUI] [ComfyUI-GeometryPack] Health check: ok
[05:13]   [ComfyUI] [SubprocessWorker] worker started/confirmed
[05:13]   [ComfyUI] [SubprocessWorker] serializing kwargs to shm...
[05:13]   [ComfyUI] [SubprocessWorker] created 1 shm blocks
[05:13]   [ComfyUI] [SubprocessWorker] sending request via socket...
[05:13]   [ComfyUI] [SubprocessWorker] call_id=41 sending call_method
[05:13]   [ComfyUI] [worker:ComfyUI-GeometryPack] INFO: Backend: geogram_anisotropic
[05:13]   [ComfyUI] [worker:ComfyUI-GeometryPack] INFO: Input: 56203 vertices, 112402 faces
[05:13]   [ComfyUI] [worker:ComfyUI-GeometryPack] INFO: Parameters: nb_points=5,000, anisotropy=0.04
[05:13]   Node executed (12 total), capturing...
[05:13]   Frame 15 saved (frame_014.jpg, t=44.7s)
[05:13]   [capture-node] freeze=2ms shot=159ms unfreeze=8ms saved=True
[05:14]   [ComfyUI] [worker:ComfyUI-GeometryPack] INFO: Output: 4998 vertices, 9992 faces
[05:14]   [ComfyUI] [SubprocessWorker] got response: ok
[05:14]   [ComfyUI] [comfy-env] GeomPackRemesh_GeogramAniso done (0.84s): result: NodeOutput
[05:14]   [ComfyUI] [VRAM] After GeomPackRemesh_GeogramAniso: 455 / 7703 MB
[05:14]   [ComfyUI] [comfy-env] Running GeomPackRemesh_PMPUniform: trimesh: Trimesh, pmp_edge_length: 1.0, pmp_iterations: 1, pmp_use_projection: 'true'
[05:14]   [ComfyUI] [VRAM] Before GeomPackRemesh_PMPUniform: 455 / 7703 MB
[05:14]   [ComfyUI] [SubprocessWorker] call_method: nodes.remeshing.backends.pmp_uniform.RemeshPMPUniformNode.EXECUTE_NORMALIZED
[05:14]   [ComfyUI] [SubprocessWorker] acquired lock, ensuring started...
[05:14]   [ComfyUI] [ComfyUI-GeometryPack] Health check: ping (timeout=5.0s)...
[05:14]   [ComfyUI] [ComfyUI-GeometryPack] Health check: ok
[05:14]   [ComfyUI] [SubprocessWorker] worker started/confirmed
[05:14]   [ComfyUI] [SubprocessWorker] serializing kwargs to shm...
[05:14]   [ComfyUI] [SubprocessWorker] created 1 shm blocks
[05:14]   [ComfyUI] [SubprocessWorker] sending request via socket...
[05:14]   [ComfyUI] [SubprocessWorker] call_id=42 sending call_method
[05:14]   [ComfyUI] [worker:ComfyUI-GeometryPack] INFO: Backend: pmp_uniform
[05:14]   [ComfyUI] [worker:ComfyUI-GeometryPack] INFO: Input: 56203 vertices, 112402 faces
[05:14]   [ComfyUI] [worker:ComfyUI-GeometryPack] INFO: Parameters: edge_length=1.0, iterations=1, use_projection=true
[05:14]   Node executed (13 total), capturing...
[05:14]   Frame 16 saved (frame_015.jpg, t=45.6s)
[05:14]   [capture-node] freeze=2ms shot=196ms unfreeze=2ms saved=True
[05:16]   [capture-loop] iter=350 t=47.3s state={'complete': False, 'error': None, 'executedCount': 13, 'wsState': 1} eval_ms=2 ram=4.7/31.3GB (15%) swap=0.5/32.0GB (2%) cpu=31% browser_rss=1.28GB
[05:21]   [capture-loop] iter=400 t=53.1s state={'complete': False, 'error': None, 'executedCount': 13, 'wsState': 1} eval_ms=2 ram=4.7/31.3GB (15%) swap=0.5/32.0GB (2%) cpu=13% browser_rss=1.20GB
[05:27]   [capture-loop] iter=450 t=58.7s state={'complete': False, 'error': None, 'executedCount': 13, 'wsState': 1} eval_ms=2 ram=4.7/31.3GB (15%) swap=0.5/32.0GB (2%) cpu=13% browser_rss=1.20GB
[05:33]   [capture-loop] iter=500 t=64.5s state={'complete': False, 'error': None, 'executedCount': 13, 'wsState': 1} eval_ms=2 ram=4.7/31.3GB (15%) swap=0.5/32.0GB (2%) cpu=12% browser_rss=1.20GB
[05:38]   [capture-loop] iter=550 t=70.1s state={'complete': False, 'error': None, 'executedCount': 13, 'wsState': 1} eval_ms=2 ram=4.6/31.3GB (15%) swap=0.5/32.0GB (2%) cpu=13% browser_rss=1.20GB
[05:44]   [capture-loop] iter=600 t=75.8s state={'complete': False, 'error': None, 'executedCount': 13, 'wsState': 1} eval_ms=2 ram=4.7/31.3GB (15%) swap=0.5/32.0GB (2%) cpu=12% browser_rss=1.20GB
[05:50]   [capture-loop] iter=650 t=81.4s state={'complete': False, 'error': None, 'executedCount': 13, 'wsState': 1} eval_ms=2 ram=4.6/31.3GB (15%) swap=0.5/32.0GB (2%) cpu=11% browser_rss=1.20GB
[05:55]   [capture-loop] iter=700 t=87.1s state={'complete': False, 'error': None, 'executedCount': 13, 'wsState': 1} eval_ms=2 ram=4.7/31.3GB (15%) swap=0.5/32.0GB (2%) cpu=13% browser_rss=1.20GB
[06:01]   [capture-loop] iter=750 t=92.7s state={'complete': False, 'error': None, 'executedCount': 13, 'wsState': 1} eval_ms=2 ram=4.6/31.3GB (15%) swap=0.5/32.0GB (2%) cpu=11% browser_rss=1.20GB
[06:07]   [capture-loop] iter=800 t=98.5s state={'complete': False, 'error': None, 'executedCount': 13, 'wsState': 1} eval_ms=2 ram=4.6/31.3GB (15%) swap=0.5/32.0GB (2%) cpu=14% browser_rss=1.21GB
[06:12]   [capture-loop] iter=850 t=104.1s state={'complete': False, 'error': None, 'executedCount': 13, 'wsState': 1} eval_ms=2 ram=4.7/31.3GB (15%) swap=0.5/32.0GB (2%) cpu=11% browser_rss=1.21GB
[06:18]   [capture-loop] iter=900 t=109.8s state={'complete': False, 'error': None, 'executedCount': 13, 'wsState': 1} eval_ms=2 ram=4.7/31.3GB (15%) swap=0.5/32.0GB (2%) cpu=13% browser_rss=1.21GB
[06:24]   [capture-loop] iter=950 t=115.4s state={'complete': False, 'error': None, 'executedCount': 13, 'wsState': 1} eval_ms=2 ram=4.7/31.3GB (15%) swap=0.5/32.0GB (2%) cpu=12% browser_rss=1.21GB
[06:30]   [capture-loop] iter=1000 t=121.2s state={'complete': False, 'error': None, 'executedCount': 13, 'wsState': 1} eval_ms=2 ram=4.7/31.3GB (15%) swap=0.5/32.0GB (2%) cpu=12% browser_rss=1.20GB
[06:35]   [capture-loop] iter=1050 t=126.8s state={'complete': False, 'error': None, 'executedCount': 13, 'wsState': 1} eval_ms=2 ram=4.7/31.3GB (15%) swap=0.5/32.0GB (2%) cpu=13% browser_rss=1.20GB
[06:41]   [capture-loop] iter=1100 t=132.6s state={'complete': False, 'error': None, 'executedCount': 13, 'wsState': 1} eval_ms=2 ram=4.7/31.3GB (15%) swap=0.5/32.0GB (2%) cpu=12% browser_rss=1.20GB
[06:46]   [capture-loop] iter=1150 t=138.2s state={'complete': False, 'error': None, 'executedCount': 13, 'wsState': 1} eval_ms=2 ram=4.7/31.3GB (15%) swap=0.5/32.0GB (2%) cpu=13% browser_rss=1.20GB
[06:52]   [capture-loop] iter=1200 t=143.9s state={'complete': False, 'error': None, 'executedCount': 13, 'wsState': 1} eval_ms=1 ram=4.7/31.3GB (15%) swap=0.5/32.0GB (2%) cpu=11% browser_rss=1.21GB
[06:53]   [ComfyUI] [worker:ComfyUI-GeometryPack] INFO: Output: 49252 vertices, 98500 faces
[06:53]   [ComfyUI] [worker:ComfyUI-GeometryPack]
[06:53]   [ComfyUI] === WATCHDOG TICK 2 ===
[06:53]   [ComfyUI] [worker:ComfyUI-GeometryPack] Thread 0x0000729cd9ffb640 (most recent call first):
[06:53]   [ComfyUI]   File "/workspaces/GeometryPack-1450/ComfyUI/.ce/.pixi/envs/geometrypack-nodes/lib/python3.13/threading.py", line 363 in wait
[06:53]   [ComfyUI]   File "/workspaces/GeometryPack-1450/ComfyUI/.ce/.pixi/envs/geometrypack-nodes/lib/python3.13/threading.py", line 660 in wait
[06:53]   [ComfyUI]   File "/workspaces/GeometryPack-1450/ComfyUI/.ce/.pixi/envs/geometrypack-nodes/lib/python3.13/site-packages/tqdm/_monitor.py", line 60 in run
[06:53]   [ComfyUI]   File "/workspaces/GeometryPack-1450/ComfyUI/.ce/.pixi/envs/geometrypack-nodes/lib/python3.13/threading.py", line 1044 in _bootstrap_inner
[06:53]   [ComfyUI]   File "/workspaces/GeometryPack-1450/ComfyUI/.ce/.pixi/envs/geometrypack-nodes/lib/python3.13/threading.py", line 1015 in _bootstrap
[06:53]   [ComfyUI] 
[06:53]   [ComfyUI] Thread 0x0000729cec0e0640 (most recent call first):
[06:53]   [ComfyUI]   File "/workspaces/GeometryPack-1450/ComfyUI/.ce/.pixi/envs/geometrypack-nodes/lib/python3.13/socket.py", line 295 in accept
[06:53]   [ComfyUI]   File "/workspaces/GeometryPack-1450/ComfyUI/.ce/.pixi/envs/geometrypack-nodes/lib/python3.13/multiprocessing/connection.py", line 648 in accept
[06:53]   [ComfyUI]   File "/workspaces/GeometryPack-1450/ComfyUI/.ce/.pixi/envs/geometrypack-nodes/lib/python3.13/multiprocessing/connection.py", line 493 in accept
[06:53]   [ComfyUI]   File "/workspaces/GeometryPack-1450/ComfyUI/.ce/.pixi/envs/geometrypack-nodes/lib/python3.13/multiprocessing/resource_sharer.py", line 138 in _serve
[06:53]   [ComfyUI]   File "/workspaces/GeometryPack-1450/ComfyUI/.ce/.pixi/envs/geometrypack-nodes/lib/python3.13/threading.py", line 995 in run
[06:53]   [ComfyUI]   File "/workspaces/GeometryPack-1450/ComfyUI/.ce/.pixi/envs/geometrypack-nodes/lib/python3.13/threading.py", line 1044 in _bootstrap_inner
[06:53]   [ComfyUI]   File "/workspaces/GeometryPack-1450/ComfyUI/.ce/.pixi/envs/geometrypack-nodes/lib/python3.13/threading.py", line 1015 in _bootstrap
[06:53]   [ComfyUI] 
[06:53]   [ComfyUI] Thread 0x000072a0d22f0640 (most recent call first):
[06:53]   [ComfyUI]   File "/tmp/comfyui_pvenv_ujgvbv_d/persistent_worker.py", line 106 in _vram_poller
[06:53]   [ComfyUI]   File "/workspaces/GeometryPack-1450/ComfyUI/.ce/.pixi/envs/geometrypack-nodes/lib/python3.13/threading.py", line 995 in run
[06:53]   [ComfyUI]   File "/workspaces/GeometryPack-1450/ComfyUI/.ce/.pixi/envs/geometrypack-nodes/lib/python3.13/threading.py", line 1044 in _bootstrap_inner
[06:53]   [ComfyUI]   File "/workspaces/GeometryPack-1450/ComfyUI/.ce/.pixi/envs/geometrypack-nodes/lib/python3.13/threading.py", line 1015 in _bootstrap
[06:53]   [ComfyUI] 
[06:53]   [ComfyUI] Current thread 0x000072a0d2af5640 (most recent call first):
[06:53]   [ComfyUI]   File "/tmp/comfyui_pvenv_ujgvbv_d/persistent_worker.py", line 52 in _watchdog
[06:53]   [ComfyUI]   File "/workspaces/GeometryPack-1450/ComfyUI/.ce/.pixi/envs/geometrypack-nodes/lib/python3.13/threading.py", line 995 in run
[06:53]   [ComfyUI]   File "/workspaces/GeometryPack-1450/ComfyUI/.ce/.pixi/envs/geometrypack-nodes/lib/python3.13/threading.py", line 1044 in _bootstrap_inner
[06:53]   [ComfyUI]   File "/workspaces/GeometryPack-1450/ComfyUI/.ce/.pixi/envs/geometrypack-nodes/lib/python3.13/threading.py", line 1015 in _bootstrap
[06:53]   [ComfyUI] 
[06:53]   [ComfyUI] Thread 0x000072a0d3112740 (most recent call first):
[06:53]   [ComfyUI]   File "/workspaces/GeometryPack-1450/ComfyUI/.ce/.pixi/envs/geometrypack-nodes/lib/python3.13/site-packages/trimesh/base.py", line 374 in faces
[06:53]   [ComfyUI]   File "/workspaces/GeometryPack-1450/ComfyUI/.ce/.pixi/envs/geometrypack-nodes/lib/python3.13/site-packages/trimesh/base.py", line 192 in __init__
[06:53]   [ComfyUI]   File "/workspaces/GeometryPack-1450/ComfyUI/custom_nodes/ComfyUI-GeometryPack/nodes/remeshing/backends/pmp_uniform.py", line 55 in execute
[06:53]   [ComfyUI]   File "/workspaces/GeometryPack-1450/ComfyUI/comfy_api/latest/_io.py", line 1833 in EXECUTE_NORMALIZED
[06:53]   [ComfyUI]   File "/tmp/comfyui_pvenv_ujgvbv_d/persistent_worker.py", line 1762 in main
[06:53]   [ComfyUI]   File "/tmp/comfyui_pvenv_ujgvbv_d/persistent_worker.py", line 1807 in <module>
[06:53]   [ComfyUI] 
[06:53]   [ComfyUI] [worker:ComfyUI-GeometryPack] === END ===
[06:53]   [ComfyUI] 
[06:53]   [ComfyUI] [SubprocessWorker] got response: ok
[06:53]   [ComfyUI] [comfy-env] GeomPackRemesh_PMPUniform done (99.19s): result: NodeOutput
[06:53]   [ComfyUI] [VRAM] After GeomPackRemesh_PMPUniform: 455 / 7703 MB
[06:53]   [ComfyUI] [comfy-env] Running GeomPackPreviewMeshMulti: mode: 'fields', mesh_1: Trimesh, mesh_2: Trimesh, mesh_3: Trimesh, mesh_4: Trimesh
[06:53]   [ComfyUI] [VRAM] Before GeomPackPreviewMeshMulti: 455 / 7703 MB
[06:53]   [ComfyUI] [SubprocessWorker] call_method: nodes.visualization.preview_mesh_multi.PreviewMeshMultiNode.EXECUTE_NORMALIZED
[06:53]   [ComfyUI] [SubprocessWorker] acquired lock, ensuring started...
[06:53]   [ComfyUI] [ComfyUI-GeometryPack] Health check: ping (timeout=5.0s)...
[06:53]   [ComfyUI] [ComfyUI-GeometryPack] Health check: ok
[06:53]   [ComfyUI] [SubprocessWorker] worker started/confirmed
[06:53]   [ComfyUI] [SubprocessWorker] serializing kwargs to shm...
[06:53]   Node executed (14 total), capturing...
[06:53]   [ComfyUI] [SubprocessWorker] created 4 shm blocks
[06:53]   [ComfyUI] [SubprocessWorker] sending request via socket...
[06:53]   [ComfyUI] [SubprocessWorker] call_id=43 sending call_method
[06:53]   [ComfyUI] [worker:ComfyUI-GeometryPack] INFO: Mode: fields, Meshes: 4
[06:53]   [ComfyUI] [worker:ComfyUI-GeometryPack] INFO: Mesh 1: Mesh - 46011 vertices, 92018 faces
[06:53]   [ComfyUI] [worker:ComfyUI-GeometryPack] INFO: Exporting mesh to VTP: /workspaces/GeometryPack-1450/ComfyUI/output/preview_multi_1_b74e0dc2.vtp
[06:53]   [ComfyUI] [worker:ComfyUI-GeometryPack] INFO: Adding normals field (46011 vertices)
[06:53]   [ComfyUI] [worker:ComfyUI-GeometryPack] INFO: Export complete: 46011 vertices, 92018 faces
[06:53]   [ComfyUI] [worker:ComfyUI-GeometryPack] INFO: Exported VTP: /workspaces/GeometryPack-1450/ComfyUI/output/preview_multi_1_b74e0dc2.vtp
[06:53]   [ComfyUI] [worker:ComfyUI-GeometryPack] INFO: Mesh 2: Mesh - 5000 vertices, 9996 faces
[06:53]   [ComfyUI] [worker:ComfyUI-GeometryPack] INFO: Exporting mesh to VTP: /workspaces/GeometryPack-1450/ComfyUI/output/preview_multi_2_b74e0dc2.vtp
[06:53]   [ComfyUI] [worker:ComfyUI-GeometryPack] INFO: Adding normals field (5000 vertices)
[06:53]   [ComfyUI] [worker:ComfyUI-GeometryPack] INFO: Export complete: 5000 vertices, 9996 faces
[06:53]   [ComfyUI] [worker:ComfyUI-GeometryPack] INFO: Exported VTP: /workspaces/GeometryPack-1450/ComfyUI/output/preview_multi_2_b74e0dc2.vtp
[06:53]   [ComfyUI] [worker:ComfyUI-GeometryPack] INFO: Mesh 3: Mesh - 4998 vertices, 9992 faces
[06:53]   [ComfyUI] [worker:ComfyUI-GeometryPack] INFO: Exporting mesh to VTP: /workspaces/GeometryPack-1450/ComfyUI/output/preview_multi_3_b74e0dc2.vtp
[06:53]   Frame 17 saved (frame_016.jpg, t=144.7s)
[06:53]   [capture-node] freeze=2ms shot=186ms unfreeze=7ms saved=True
[06:53]   [ComfyUI] [worker:ComfyUI-GeometryPack] INFO: Adding normals field (4998 vertices)
[06:53]   [ComfyUI] [worker:ComfyUI-GeometryPack] INFO: Export complete: 4998 vertices, 9992 faces
[06:53]   [ComfyUI] [worker:ComfyUI-GeometryPack] INFO: Exported VTP: /workspaces/GeometryPack-1450/ComfyUI/output/preview_multi_3_b74e0dc2.vtp
[06:53]   [ComfyUI] [worker:ComfyUI-GeometryPack] INFO: Mesh 4: Mesh - 49252 vertices, 98500 faces
[06:53]   [ComfyUI] [worker:ComfyUI-GeometryPack] INFO: Exporting mesh to VTP: /workspaces/GeometryPack-1450/ComfyUI/output/preview_multi_4_b74e0dc2.vtp
[06:53]   [ComfyUI] [worker:ComfyUI-GeometryPack] INFO: Adding normals field (49252 vertices)
[06:54]   [ComfyUI] [worker:ComfyUI-GeometryPack] INFO: Export complete: 49252 vertices, 98500 faces
[06:54]   [ComfyUI] [worker:ComfyUI-GeometryPack] INFO: Exported VTP: /workspaces/GeometryPack-1450/ComfyUI/output/preview_multi_4_b74e0dc2.vtp
[06:54]   [ComfyUI] [worker:ComfyUI-GeometryPack] INFO: Grid: 2x2, Preview ready
[06:54]   [ComfyUI] [SubprocessWorker] got response: ok
[06:54]   [ComfyUI] [comfy-env] GeomPackPreviewMeshMulti done (0.80s): result: NodeOutput
[06:54]   [ComfyUI] [VRAM] After GeomPackPreviewMeshMulti: 455 / 7703 MB
[06:54]   [ComfyUI] [comfy-env] Running GeomPackRemesh_BlenderBlocks: trimesh: Trimesh, octree_depth: 6, scale: 0.9
[06:54]   [ComfyUI] [VRAM] Before GeomPackRemesh_BlenderBlocks: 455 / 7703 MB
[06:54]   [ComfyUI] [SubprocessWorker] call_method: nodes.blender_remeshing.backends.blocks.RemeshBlenderBlocksNode.EXECUTE_NORMALIZED
[06:54]   [ComfyUI] [SubprocessWorker] acquired lock, ensuring started...
[06:54]   [ComfyUI] [ComfyUI-GeometryPack] Health check: ping (timeout=5.0s)...
[06:54]   [ComfyUI] [ComfyUI-GeometryPack] Health check: ok
[06:54]   [ComfyUI] [SubprocessWorker] worker started/confirmed
[06:54]   [ComfyUI] [SubprocessWorker] serializing kwargs to shm...
[06:54]   [ComfyUI] [SubprocessWorker] created 1 shm blocks
[06:54]   [ComfyUI] [SubprocessWorker] sending request via socket...
[06:54]   [ComfyUI] [SubprocessWorker] call_id=44 sending call_method
[06:54]   [ComfyUI] [worker:ComfyUI-GeometryPack] INFO: Backend: blender_blocks
[06:54]   [ComfyUI] [worker:ComfyUI-GeometryPack] INFO: Input: 56203 vertices, 112402 faces
[06:54]   [ComfyUI] [worker:ComfyUI-GeometryPack] INFO: Parameters: octree_depth=6, scale=0.9
[06:54]   Node executed (15 total), capturing...
[06:54]   [ComfyUI] [worker:ComfyUI-GeometryPack] INFO: Output: 12037 vertices, 24072 faces
[06:54]   [ComfyUI] [SubprocessWorker] got response: ok
[06:54]   [ComfyUI] [comfy-env] GeomPackRemesh_BlenderBlocks done (0.74s): result: NodeOutput
[06:54]   [ComfyUI] [VRAM] After GeomPackRemesh_BlenderBlocks: 455 / 7703 MB
[06:54]   [ComfyUI] [comfy-env] Running GeomPackRemesh_BlenderSharp: trimesh: Trimesh, octree_depth: 6, scale: 0.9, sharpness: 0.4
[06:54]   [ComfyUI] [VRAM] Before GeomPackRemesh_BlenderSharp: 455 / 7703 MB
[06:54]   [ComfyUI] [SubprocessWorker] call_method: nodes.blender_remeshing.backends.sharp.RemeshBlenderSharpNode.EXECUTE_NORMALIZED
[06:54]   [ComfyUI] [SubprocessWorker] acquired lock, ensuring started...
[06:54]   [ComfyUI] [ComfyUI-GeometryPack] Health check: ping (timeout=5.0s)...
[06:54]   [ComfyUI] [ComfyUI-GeometryPack] Health check: ok
[06:54]   [ComfyUI] [SubprocessWorker] worker started/confirmed
[06:54]   [ComfyUI] [SubprocessWorker] serializing kwargs to shm...
[06:54]   [ComfyUI] [SubprocessWorker] created 1 shm blocks
[06:54]   [ComfyUI] [SubprocessWorker] sending request via socket...
[06:54]   [ComfyUI] [SubprocessWorker] call_id=45 sending call_method
[06:54]   [ComfyUI] [worker:ComfyUI-GeometryPack] INFO: Backend: blender_sharp
[06:54]   [ComfyUI] [worker:ComfyUI-GeometryPack] INFO: Input: 56203 vertices, 112402 faces
[06:54]   [ComfyUI] [worker:ComfyUI-GeometryPack] INFO: Parameters: octree_depth=6, scale=0.9, sharpness=0.4
[06:55]   [ComfyUI] [worker:ComfyUI-GeometryPack] INFO: Output: 12037 vertices, 24072 faces
[06:55]   [ComfyUI] [SubprocessWorker] got response: ok
[06:55]   [ComfyUI] [comfy-env] GeomPackRemesh_BlenderSharp done (0.74s): result: NodeOutput
[06:55]   [ComfyUI] [VRAM] After GeomPackRemesh_BlenderSharp: 455 / 7703 MB
[06:55]   [ComfyUI] [comfy-env] Running GeomPackPreviewMeshMulti: mode: 'fields', mesh_1: Trimesh, mesh_2: Trimesh, mesh_3: Trimesh
[06:55]   [ComfyUI] [VRAM] Before GeomPackPreviewMeshMulti: 455 / 7703 MB
[06:55]   [ComfyUI] [SubprocessWorker] call_method: nodes.visualization.preview_mesh_multi.PreviewMeshMultiNode.EXECUTE_NORMALIZED
[06:55]   [ComfyUI] [SubprocessWorker] acquired lock, ensuring started...
[06:55]   [ComfyUI] [ComfyUI-GeometryPack] Health check: ping (timeout=5.0s)...
[06:55]   [ComfyUI] [ComfyUI-GeometryPack] Health check: ok
[06:55]   [ComfyUI] [SubprocessWorker] worker started/confirmed
[06:55]   [ComfyUI] [SubprocessWorker] serializing kwargs to shm...
[06:55]   [ComfyUI] [SubprocessWorker] created 3 shm blocks
[06:55]   [ComfyUI] [SubprocessWorker] sending request via socket...
[06:55]   [ComfyUI] [SubprocessWorker] call_id=46 sending call_method
[06:55]   [ComfyUI] [worker:ComfyUI-GeometryPack] INFO: Mode: fields, Meshes: 3
[06:55]   [ComfyUI] [worker:ComfyUI-GeometryPack] INFO: Mesh 1: Mesh - 12037 vertices, 24072 faces
[06:55]   [ComfyUI] [worker:ComfyUI-GeometryPack] INFO: Exporting mesh to VTP: /workspaces/GeometryPack-1450/ComfyUI/output/preview_multi_1_9e48ebff.vtp
[06:55]   [ComfyUI] [worker:ComfyUI-GeometryPack] INFO: Adding normals field (12037 vertices)
[06:55]   [ComfyUI] [worker:ComfyUI-GeometryPack] INFO: Export complete: 12037 vertices, 24072 faces
[06:55]   [ComfyUI] [worker:ComfyUI-GeometryPack] INFO: Exported VTP: /workspaces/GeometryPack-1450/ComfyUI/output/preview_multi_1_9e48ebff.vtp
[06:55]   [ComfyUI] [worker:ComfyUI-GeometryPack] INFO: Mesh 2: Mesh - 12037 vertices, 24072 faces
[06:55]   [ComfyUI] [worker:ComfyUI-GeometryPack] INFO: Exporting mesh to VTP: /workspaces/GeometryPack-1450/ComfyUI/output/preview_multi_2_9e48ebff.vtp
[06:55]   [ComfyUI] [worker:ComfyUI-GeometryPack] INFO: Adding normals field (12037 vertices)
[06:55]   [ComfyUI] [worker:ComfyUI-GeometryPack] INFO: Export complete: 12037 vertices, 24072 faces
[06:55]   [ComfyUI] [worker:ComfyUI-GeometryPack] INFO: Exported VTP: /workspaces/GeometryPack-1450/ComfyUI/output/preview_multi_2_9e48ebff.vtp
[06:55]   [ComfyUI] [worker:ComfyUI-GeometryPack] INFO: Mesh 3: Mesh - 248271 vertices, 496526 faces
[06:55]   [ComfyUI] [worker:ComfyUI-GeometryPack] INFO: Exporting mesh to VTP: /workspaces/GeometryPack-1450/ComfyUI/output/preview_multi_3_9e48ebff.vtp
[06:56]   Frame 18 saved (frame_017.jpg, t=145.6s)
[06:56]   [capture-node] freeze=1257ms shot=711ms unfreeze=4ms saved=True
[06:56]   Node executed (17 total), capturing...
[06:56]   [ComfyUI] [worker:ComfyUI-GeometryPack] INFO: Adding normals field (248271 vertices)
[06:56]   [capture-node] freeze=2ms shot=216ms unfreeze=2ms saved=False
[06:57]   [ComfyUI] [worker:ComfyUI-GeometryPack] INFO: Export complete: 248271 vertices, 496526 faces
[06:57]   [ComfyUI] [worker:ComfyUI-GeometryPack] INFO: Exported VTP: /workspaces/GeometryPack-1450/ComfyUI/output/preview_multi_3_9e48ebff.vtp
[06:57]   [ComfyUI] [worker:ComfyUI-GeometryPack] INFO: Grid: 3x1, Preview ready
[06:57]   [ComfyUI] [SubprocessWorker] got response: ok
[06:57]   [ComfyUI] [comfy-env] GeomPackPreviewMeshMulti done (2.23s): result: NodeOutput
[06:57]   [ComfyUI] [VRAM] After GeomPackPreviewMeshMulti: 455 / 7703 MB
[06:57]   [ComfyUI] Prompt executed in 148.84 seconds
[06:58]   Node executed (18 total), capturing...
[07:00]   Frame 19 saved (frame_018.jpg, t=149.5s)
[07:00]   [capture-node] freeze=47ms shot=2507ms unfreeze=0ms saved=True
[07:00]   Execution complete (t=149.5s)
[07:00]   Captured 19 unique frames over 152.13s
[07:00]   [debug] iframes: 4
[07:00]   [debug]   iframe[0]: src=http://127.0.0.1:41885/extensions/ComfyUI-GeometryPack/viewer_multi.html?v=17784, canvas=368x195, rafFrozen=True
[07:00]   [debug]   iframe[1]: src=http://127.0.0.1:41885/extensions/ComfyUI-GeometryPack/viewer_multi.html?v=17784, canvas=368x195, rafFrozen=True
[07:00]   [debug]   iframe[2]: src=http://127.0.0.1:41885/extensions/ComfyUI-GeometryPack/viewer_multi.html?v=17784, canvas=368x195, rafFrozen=True
[07:00]   [debug]   iframe[3]: src=http://127.0.0.1:41885/extensions/ComfyUI-GeometryPack/viewer_multi.html?v=17784, canvas=244x393, rafFrozen=True
[07:00]   [timing] trigger_3d_previews: 0.0s
[07:03]   Saved high-quality screenshot: remeshing_all_executed.png
[07:03]   [timing] final_screenshot: 0.4s
[07:03]   [21/33] SKIPPED (not in gpu list) sMOOth.json
[07:03]   [22/33] SKIPPED (not in gpu list) sharpen.json
[07:03]   [23/33] SKIPPED (not in gpu list) sharpen_all.json
[07:03]   [24/33] SKIPPED (not in gpu list) side_by_side_viewer.json
[07:04]   [25/33] SKIPPED (not in gpu list) skeleton_all.json
[07:04]   [26/33] SKIPPED (not in gpu list) skeleton_extraction.json
[07:04]   [27/33] SKIPPED (not in gpu list) smooth_all.json
[07:04]   [28/33] SKIPPED (not in gpu list) surface_reconstruction.json
[07:04]   [29/33] SKIPPED (not in gpu list) test_loading.json
[07:04]   [30/33] SKIPPED (not in gpu list) transform.json
[07:04]   [31/33] SKIPPED (not in gpu list) uv_unwrap.json
[07:04] Capturing execution frames: uv_unwrap_all.json
[07:11]   Frame 1 saved (frame_000.jpg, t=0.0s)
[07:11]   Validating workflow...
[07:11]   [ComfyUI] === /validate endpoint called ===
[07:11]   [ComfyUI] Received JSON with keys: ['prompt']
[07:11]   [ComfyUI] Prompt has 19 nodes
[07:11]   [ComfyUI]   Node 1: GeomPackLoadMesh
[07:11]   [ComfyUI]     Inputs: {"file_path": "3d/camelhead.off"}
[07:11]   [ComfyUI]   Node 2: GeomPackUVUnwrap
[07:11]   [ComfyUI]     Inputs: {"backend": "xatlas", "report_panel": "false", "trimesh": ["1", 0]}
[07:11]   [ComfyUI]   Node 3: GeomPackUVUnwrap
[07:11]   [ComfyUI]     Inputs: {"backend": "cumesh", "backend.chart_cone_angle": 90, "backend.chart_refine_iterations": 0, "backend.chart_global_iterations": 1, "backend.chart_smooth_strength": 1, "report_panel": "false", "trimesh"
[07:11]   [ComfyUI]   Node 4: GeomPackUVUnwrap
[07:11]   [ComfyUI]     Inputs: {"backend": "libigl_lscm", "report_panel": "false", "trimesh": ["1", 0]}
[07:11]   [ComfyUI]   Node 5: GeomPackUVUnwrap
[07:11]   [ComfyUI]     Inputs: {"backend": "libigl_harmonic", "report_panel": "false", "trimesh": ["1", 0]}
[07:11]   [ComfyUI]   Node 6: GeomPackUVUnwrap
[07:11]   [ComfyUI]     Inputs: {"backend": "libigl_arap", "backend.iterations": 10, "report_panel": "false", "trimesh": ["1", 0]}
[07:11]   [ComfyUI]   Node 7: GeomPackUVUnwrap
[07:11]   [ComfyUI]     Inputs: {"backend": "blender_smart", "backend.angle_limit": 66, "backend.island_margin": 0.02, "backend.scale_to_bounds": "true", "report_panel": "false", "trimesh": ["1", 0]}
[07:11]   [ComfyUI]   Node 8: GeomPackUVUnwrap
[07:11]   [ComfyUI]     Inputs: {"backend": "blender_cube", "backend.cube_size": 1, "backend.scale_to_bounds": "true", "report_panel": "false", "trimesh": ["1", 0]}
[07:11]   [ComfyUI]   Node 9: GeomPackUVUnwrap
[07:11]   [ComfyUI]     Inputs: {"backend": "blender_cylinder", "backend.cylinder_radius": 0.9, "backend.scale_to_bounds": "true", "report_panel": "false", "trimesh": ["1", 0]}
[07:11]   [ComfyUI]   Node 10: GeomPackUVUnwrap
[07:11]   [ComfyUI]     Inputs: {"backend": "blender_sphere", "backend.scale_to_bounds": "true", "report_panel": "false", "trimesh": ["1", 0]}
[07:11]   [ComfyUI]   Node 15: GeomPackPreviewMeshUV
[07:11]   [ComfyUI]     Inputs: {"show_checker": false, "show_wireframe": true, "uv_preview": "", "trimesh": ["7", 0]}
[07:11]   [ComfyUI]   Node 16: GeomPackPreviewMeshUV
[07:11]   [ComfyUI]     Inputs: {"show_checker": false, "show_wireframe": true, "uv_preview": "", "trimesh": ["8", 0]}
[07:11]   [ComfyUI]   Node 17: GeomPackPreviewMeshUV
[07:11]   [ComfyUI]     Inputs: {"show_checker": false, "show_wireframe": true, "uv_preview": "", "trimesh": ["10", 0]}
[07:11]   [ComfyUI]   Node 18: GeomPackPreviewMeshUV
[07:11]   [ComfyUI]     Inputs: {"show_checker": false, "show_wireframe": true, "uv_preview": "", "trimesh": ["2", 0]}
[07:11]   [ComfyUI]   Node 19: GeomPackPreviewMeshUV
[07:11]   [ComfyUI]     Inputs: {"show_checker": false, "show_wireframe": true, "uv_preview": "", "trimesh": ["6", 0]}
[07:11]   [ComfyUI]   Node 20: GeomPackPreviewMeshUV
[07:11]   [ComfyUI]     Inputs: {"show_checker": false, "show_wireframe": true, "uv_preview": "", "trimesh": ["3", 0]}
[07:11]   [ComfyUI]   Node 21: GeomPackPreviewMeshUV
[07:11]   [ComfyUI]     Inputs: {"show_checker": false, "show_wireframe": true, "uv_preview": "", "trimesh": ["9", 0]}
[07:11]   [ComfyUI]   Node 22: GeomPackPreviewMeshUV
[07:11]   [ComfyUI]     Inputs: {"show_checker": false, "show_wireframe": true, "uv_preview": "", "trimesh": ["5", 0]}
[07:11]   [ComfyUI]   Node 23: GeomPackPreviewMeshUV
[07:11]   [ComfyUI]     Inputs: {"show_checker": false, "show_wireframe": true, "uv_preview": "", "trimesh": ["4", 0]}
[07:11]   [ComfyUI] Generated prompt_id: d4c7eb45-311b-40db-9a22-731e70cce4a9
[07:11]   [ComfyUI] Calling execution.validate_prompt()...
[07:11]   [ComfyUI] Validation result: valid=True
[07:11]   [ComfyUI] === Validation PASSED ===
[07:11]   Queuing workflow for execution...
[07:11]   [ComfyUI] got prompt
[07:11]   [ComfyUI] [comfy-env] Running GeomPackLoadMesh: file_path: '3d/camelhead.off'
[07:11]   [ComfyUI] [VRAM] Before GeomPackLoadMesh: 455 / 7703 MB
[07:11]   [ComfyUI] [SubprocessWorker] call_method: nodes.io.load_mesh.LoadMesh.EXECUTE_NORMALIZED
[07:11]   [ComfyUI] [SubprocessWorker] acquired lock, ensuring started...
[07:11]   [ComfyUI] [ComfyUI-GeometryPack] Health check: ping (timeout=5.0s)...
[07:11]   [ComfyUI] [ComfyUI-GeometryPack] Health check: ok
[07:11]   [ComfyUI] [SubprocessWorker] worker started/confirmed
[07:11]   [ComfyUI] [SubprocessWorker] serializing kwargs to shm...
[07:11]   [ComfyUI] [SubprocessWorker] created 0 shm blocks
[07:11]   [ComfyUI] [SubprocessWorker] sending request via socket...
[07:11]   [ComfyUI] [SubprocessWorker] call_id=47 sending call_method
[07:11]   [ComfyUI] [worker:ComfyUI-GeometryPack] INFO: Found mesh in input folder: 3d/camelhead.off
[07:11]   [ComfyUI] [worker:ComfyUI-GeometryPack] INFO: Loading: /workspaces/GeometryPack-1450/ComfyUI/input/3d/camelhead.off
[07:11]   [ComfyUI] [worker:ComfyUI-GeometryPack] INFO: Initial mesh: 11381 vertices, 22704 faces
[07:11]   [ComfyUI] [worker:ComfyUI-GeometryPack] INFO: Successfully loaded: 11381 vertices, 22704 faces
[07:11]   [ComfyUI] [worker:ComfyUI-GeometryPack] INFO: Loaded: 11381 vertices, 22704 faces
[07:11]   [ComfyUI] [SubprocessWorker] got response: ok
[07:11]   [ComfyUI] [comfy-env] GeomPackLoadMesh done (0.07s): result: NodeOutput
[07:11]   [ComfyUI] [VRAM] After GeomPackLoadMesh: 455 / 7703 MB
[07:11]   [ComfyUI] [comfy-env] Running GeomPackUVUnwrap: backend: dict, trimesh: Trimesh
[07:11]   [ComfyUI] [VRAM] Before GeomPackUVUnwrap: 455 / 7703 MB
[07:11]   [ComfyUI] [SubprocessWorker] call_method: nodes.uv.uv_unwrap.UVUnwrapNode.EXECUTE_NORMALIZED
[07:11]   [ComfyUI] [SubprocessWorker] acquired lock, ensuring started...
[07:11]   [ComfyUI] [ComfyUI-GeometryPack] Health check: ping (timeout=5.0s)...
[07:11]   [ComfyUI] [ComfyUI-GeometryPack] Health check: ok
[07:11]   [ComfyUI] [SubprocessWorker] worker started/confirmed
[07:11]   [ComfyUI] [SubprocessWorker] serializing kwargs to shm...
[07:11]   [ComfyUI] [SubprocessWorker] created 1 shm blocks
[07:11]   [ComfyUI] [SubprocessWorker] sending request via socket...
[07:11]   [ComfyUI] [SubprocessWorker] call_id=48 sending call_method
[07:11]   [ComfyUI] [worker:ComfyUI-GeometryPack] INFO: UV Unwrap dispatch: libigl_harmonic -> GeomPackUV_LibiglHarmonic
[07:11]   [ComfyUI] [SubprocessWorker] got response: ok
[07:11]   [ComfyUI] [comfy-env] GeomPackUVUnwrap done (0.02s): result: NodeOutput
[07:11]   [ComfyUI] [VRAM] After GeomPackUVUnwrap: 455 / 7703 MB
[07:11]   [ComfyUI] [comfy-env] Running GeomPackUVUnwrap: backend: dict, trimesh: Trimesh
[07:11]   [ComfyUI] [VRAM] Before GeomPackUVUnwrap: 455 / 7703 MB
[07:11]   [ComfyUI] [SubprocessWorker] call_method: nodes.uv.uv_unwrap.UVUnwrapNode.EXECUTE_NORMALIZED
[07:11]   [ComfyUI] [SubprocessWorker] acquired lock, ensuring started...
[07:11]   [ComfyUI] [ComfyUI-GeometryPack] Health check: ping (timeout=5.0s)...
[07:11]   [ComfyUI] [ComfyUI-GeometryPack] Health check: ok
[07:11]   [ComfyUI] [SubprocessWorker] worker started/confirmed
[07:11]   [ComfyUI] [SubprocessWorker] serializing kwargs to shm...
[07:11]   [ComfyUI] [SubprocessWorker] created 1 shm blocks
[07:11]   [ComfyUI] [SubprocessWorker] sending request via socket...
[07:11]   [ComfyUI] [SubprocessWorker] call_id=49 sending call_method
[07:11]   [ComfyUI] [worker:ComfyUI-GeometryPack] INFO: UV Unwrap dispatch: xatlas -> GeomPackUV_Xatlas
[07:11]   [ComfyUI] [SubprocessWorker] got response: ok
[07:11]   [ComfyUI] [comfy-env] GeomPackUVUnwrap done (0.01s): result: NodeOutput
[07:11]   [ComfyUI] [VRAM] After GeomPackUVUnwrap: 455 / 7703 MB
[07:11]   [ComfyUI] [comfy-env] Running GeomPackUVUnwrap: backend: dict, trimesh: Trimesh
[07:11]   [ComfyUI] [VRAM] Before GeomPackUVUnwrap: 455 / 7703 MB
[07:11]   [ComfyUI] [SubprocessWorker] call_method: nodes.uv.uv_unwrap.UVUnwrapNode.EXECUTE_NORMALIZED
[07:11]   [ComfyUI] [SubprocessWorker] acquired lock, ensuring started...
[07:11]   [ComfyUI] [ComfyUI-GeometryPack] Health check: ping (timeout=5.0s)...
[07:11]   [ComfyUI] [ComfyUI-GeometryPack] Health check: ok
[07:11]   [ComfyUI] [SubprocessWorker] worker started/confirmed
[07:11]   [ComfyUI] [SubprocessWorker] serializing kwargs to shm...
[07:11]   [ComfyUI] [SubprocessWorker] created 1 shm blocks
[07:11]   [ComfyUI] [SubprocessWorker] sending request via socket...
[07:11]   [ComfyUI] [SubprocessWorker] call_id=50 sending call_method
[07:11]   [ComfyUI] [worker:ComfyUI-GeometryPack] INFO: UV Unwrap dispatch: libigl_arap -> GeomPackUV_LibiglARAP
[07:11]   [ComfyUI] [SubprocessWorker] got response: ok
[07:11]   [ComfyUI] [comfy-env] GeomPackUVUnwrap done (0.01s): result: NodeOutput
[07:11]   [ComfyUI] [VRAM] After GeomPackUVUnwrap: 455 / 7703 MB
[07:11]   [ComfyUI] [comfy-env] Running GeomPackUVUnwrap: backend: dict, trimesh: Trimesh
[07:11]   [ComfyUI] [VRAM] Before GeomPackUVUnwrap: 455 / 7703 MB
[07:11]   [ComfyUI] [SubprocessWorker] call_method: nodes.uv.uv_unwrap.UVUnwrapNode.EXECUTE_NORMALIZED
[07:11]   [ComfyUI] [SubprocessWorker] acquired lock, ensuring started...
[07:11]   [ComfyUI] [ComfyUI-GeometryPack] Health check: ping (timeout=5.0s)...
[07:11]   [ComfyUI] [ComfyUI-GeometryPack] Health check: ok
[07:11]   [ComfyUI] [SubprocessWorker] worker started/confirmed
[07:11]   [ComfyUI] [SubprocessWorker] serializing kwargs to shm...
[07:11]   [ComfyUI] [SubprocessWorker] created 1 shm blocks
[07:11]   [ComfyUI] [SubprocessWorker] sending request via socket...
[07:11]   [ComfyUI] [SubprocessWorker] call_id=51 sending call_method
[07:11]   [ComfyUI] [worker:ComfyUI-GeometryPack] INFO: UV Unwrap dispatch: cumesh -> GeomPackUV_CuMesh
[07:11]   [ComfyUI] [SubprocessWorker] got response: ok
[07:11]   [ComfyUI] [comfy-env] GeomPackUVUnwrap done (0.01s): result: NodeOutput
[07:11]   [ComfyUI] [VRAM] After GeomPackUVUnwrap: 455 / 7703 MB
[07:11]   [ComfyUI] [comfy-env] Running GeomPackUVUnwrap: backend: dict, trimesh: Trimesh
[07:11]   [ComfyUI] [VRAM] Before GeomPackUVUnwrap: 455 / 7703 MB
[07:11]   [ComfyUI] [SubprocessWorker] call_method: nodes.uv.uv_unwrap.UVUnwrapNode.EXECUTE_NORMALIZED
[07:11]   [ComfyUI] [SubprocessWorker] acquired lock, ensuring started...
[07:11]   [ComfyUI] [ComfyUI-GeometryPack] Health check: ping (timeout=5.0s)...
[07:11]   [ComfyUI] [ComfyUI-GeometryPack] Health check: ok
[07:11]   [ComfyUI] [SubprocessWorker] worker started/confirmed
[07:11]   [ComfyUI] [SubprocessWorker] serializing kwargs to shm...
[07:11]   [ComfyUI] [SubprocessWorker] created 1 shm blocks
[07:11]   [ComfyUI] [SubprocessWorker] sending request via socket...
[07:11]   [ComfyUI] [SubprocessWorker] call_id=52 sending call_method
[07:11]   [ComfyUI] [worker:ComfyUI-GeometryPack] INFO: UV Unwrap dispatch: libigl_lscm -> GeomPackUV_LibiglLSCM
[07:11]   [ComfyUI] [SubprocessWorker] got response: ok
[07:11]   [ComfyUI] [comfy-env] GeomPackUVUnwrap done (0.01s): result: NodeOutput
[07:11]   [ComfyUI] [VRAM] After GeomPackUVUnwrap: 455 / 7703 MB
[07:11]   [ComfyUI] [comfy-env] Running GeomPackUVUnwrap: backend: dict, trimesh: Trimesh
[07:11]   [ComfyUI] [VRAM] Before GeomPackUVUnwrap: 455 / 7703 MB
[07:11]   [ComfyUI] [SubprocessWorker] call_method: nodes.uv.uv_unwrap.UVUnwrapNode.EXECUTE_NORMALIZED
[07:11]   [ComfyUI] [SubprocessWorker] acquired lock, ensuring started...
[07:11]   [ComfyUI] [ComfyUI-GeometryPack] Health check: ping (timeout=5.0s)...
[07:11]   [ComfyUI] [ComfyUI-GeometryPack] Health check: ok
[07:11]   [ComfyUI] [SubprocessWorker] worker started/confirmed
[07:11]   [ComfyUI] [SubprocessWorker] serializing kwargs to shm...
[07:11]   [ComfyUI] [SubprocessWorker] created 1 shm blocks
[07:11]   [ComfyUI] [SubprocessWorker] sending request via socket...
[07:11]   [ComfyUI] [SubprocessWorker] call_id=53 sending call_method
[07:11]   [ComfyUI] [worker:ComfyUI-GeometryPack] INFO: UV Unwrap dispatch: blender_cube -> GeomPackUV_BlenderCube
[07:11]   [ComfyUI] [SubprocessWorker] got response: ok
[07:11]   [ComfyUI] [comfy-env] GeomPackUVUnwrap done (0.01s): result: NodeOutput
[07:11]   [ComfyUI] [VRAM] After GeomPackUVUnwrap: 455 / 7703 MB
[07:11]   [ComfyUI] [comfy-env] Running GeomPackUVUnwrap: backend: dict, trimesh: Trimesh
[07:11]   [ComfyUI] [VRAM] Before GeomPackUVUnwrap: 455 / 7703 MB
[07:11]   [ComfyUI] [SubprocessWorker] call_method: nodes.uv.uv_unwrap.UVUnwrapNode.EXECUTE_NORMALIZED
[07:11]   [ComfyUI] [SubprocessWorker] acquired lock, ensuring started...
[07:11]   [ComfyUI] [ComfyUI-GeometryPack] Health check: ping (timeout=5.0s)...
[07:11]   [ComfyUI] [ComfyUI-GeometryPack] Health check: ok
[07:11]   [ComfyUI] [SubprocessWorker] worker started/confirmed
[07:11]   [ComfyUI] [SubprocessWorker] serializing kwargs to shm...
[07:11]   [ComfyUI] [SubprocessWorker] created 1 shm blocks
[07:11]   [ComfyUI] [SubprocessWorker] sending request via socket...
[07:11]   [ComfyUI] [SubprocessWorker] call_id=54 sending call_method
[07:11]   [ComfyUI] [worker:ComfyUI-GeometryPack] INFO: UV Unwrap dispatch: blender_cylinder -> GeomPackUV_BlenderCylinder
[07:11]   [ComfyUI] [SubprocessWorker] got response: ok
[07:11]   [ComfyUI] [comfy-env] GeomPackUVUnwrap done (0.01s): result: NodeOutput
[07:11]   [ComfyUI] [VRAM] After GeomPackUVUnwrap: 455 / 7703 MB
[07:11]   [ComfyUI] [comfy-env] Running GeomPackUVUnwrap: backend: dict, trimesh: Trimesh
[07:11]   [ComfyUI] [VRAM] Before GeomPackUVUnwrap: 455 / 7703 MB
[07:11]   [ComfyUI] [SubprocessWorker] call_method: nodes.uv.uv_unwrap.UVUnwrapNode.EXECUTE_NORMALIZED
[07:11]   [ComfyUI] [SubprocessWorker] acquired lock, ensuring started...
[07:11]   [ComfyUI] [ComfyUI-GeometryPack] Health check: ping (timeout=5.0s)...
[07:11]   [ComfyUI] [ComfyUI-GeometryPack] Health check: ok
[07:11]   [ComfyUI] [SubprocessWorker] worker started/confirmed
[07:11]   [ComfyUI] [SubprocessWorker] serializing kwargs to shm...
[07:11]   [ComfyUI] [SubprocessWorker] created 1 shm blocks
[07:11]   [ComfyUI] [SubprocessWorker] sending request via socket...
[07:11]   [ComfyUI] [SubprocessWorker] call_id=55 sending call_method
[07:11]   [ComfyUI] [worker:ComfyUI-GeometryPack] INFO: UV Unwrap dispatch: blender_smart -> GeomPackUV_BlenderSmart
[07:11]   [ComfyUI] [SubprocessWorker] got response: ok
[07:11]   [ComfyUI] [comfy-env] GeomPackUVUnwrap done (0.01s): result: NodeOutput
[07:11]   [ComfyUI] [VRAM] After GeomPackUVUnwrap: 455 / 7703 MB
[07:11]   [ComfyUI] [comfy-env] Running GeomPackUVUnwrap: backend: dict, trimesh: Trimesh
[07:11]   [ComfyUI] [VRAM] Before GeomPackUVUnwrap: 455 / 7703 MB
[07:11]   [ComfyUI] [SubprocessWorker] call_method: nodes.uv.uv_unwrap.UVUnwrapNode.EXECUTE_NORMALIZED
[07:11]   [ComfyUI] [SubprocessWorker] acquired lock, ensuring started...
[07:11]   [ComfyUI] [ComfyUI-GeometryPack] Health check: ping (timeout=5.0s)...
[07:11]   [ComfyUI] [ComfyUI-GeometryPack] Health check: ok
[07:11]   [ComfyUI] [SubprocessWorker] worker started/confirmed
[07:11]   [ComfyUI] [SubprocessWorker] serializing kwargs to shm...
[07:11]   [ComfyUI] [SubprocessWorker] created 1 shm blocks
[07:11]   [ComfyUI] [SubprocessWorker] sending request via socket...
[07:11]   [ComfyUI] [SubprocessWorker] call_id=56 sending call_method
[07:11]   [ComfyUI] [worker:ComfyUI-GeometryPack] INFO: UV Unwrap dispatch: blender_sphere -> GeomPackUV_BlenderSphere
[07:11]   [ComfyUI] [SubprocessWorker] got response: ok
[07:11]   [ComfyUI] [comfy-env] GeomPackUVUnwrap done (0.02s): result: NodeOutput
[07:11]   [ComfyUI] [VRAM] After GeomPackUVUnwrap: 455 / 7703 MB
[07:11]   [ComfyUI] [comfy-env] Running GeomPackUV_LibiglHarmonic: trimesh: Trimesh
[07:11]   [ComfyUI] [VRAM] Before GeomPackUV_LibiglHarmonic: 455 / 7703 MB
[07:11]   [ComfyUI] [SubprocessWorker] call_method: nodes.uv.backends.libigl_harmonic.UVLibiglHarmonicNode.EXECUTE_NORMALIZED
[07:11]   [ComfyUI] [SubprocessWorker] acquired lock, ensuring started...
[07:11]   [ComfyUI] [ComfyUI-GeometryPack] Health check: ping (timeout=5.0s)...
[07:11]   [ComfyUI] [ComfyUI-GeometryPack] Health check: ok
[07:11]   [ComfyUI] [SubprocessWorker] worker started/confirmed
[07:11]   [ComfyUI] [SubprocessWorker] serializing kwargs to shm...
[07:11]   [ComfyUI] [SubprocessWorker] created 1 shm blocks
[07:11]   [ComfyUI] [SubprocessWorker] sending request via socket...
[07:11]   [ComfyUI] [SubprocessWorker] call_id=57 sending call_method
[07:11]   [ComfyUI] [worker:ComfyUI-GeometryPack] INFO: Backend: libigl_harmonic
[07:11]   [ComfyUI] [worker:ComfyUI-GeometryPack] INFO: Input: 11381 vertices, 22704 faces
[07:12]   [ComfyUI] [worker:ComfyUI-GeometryPack] INFO: Output: 11381 vertices, 22704 faces
[07:12]   [ComfyUI] [SubprocessWorker] got response: ok
[07:12]   [ComfyUI] [comfy-env] GeomPackUV_LibiglHarmonic done (0.07s): result: NodeOutput
[07:12]   [ComfyUI] [VRAM] After GeomPackUV_LibiglHarmonic: 455 / 7703 MB
[07:12]   [ComfyUI] [comfy-env] Running GeomPackPreviewMeshUV: show_checker: False, show_wireframe: True, trimesh: Trimesh
[07:12]   [ComfyUI] [VRAM] Before GeomPackPreviewMeshUV: 455 / 7703 MB
[07:12]   [ComfyUI] [SubprocessWorker] call_method: nodes.visualization.preview_mesh_uv.PreviewMeshUVNode.EXECUTE_NORMALIZED
[07:12]   [ComfyUI] [SubprocessWorker] acquired lock, ensuring started...
[07:12]   [ComfyUI] [ComfyUI-GeometryPack] Health check: ping (timeout=5.0s)...
[07:12]   [ComfyUI] [ComfyUI-GeometryPack] Health check: ok
[07:12]   [ComfyUI] [SubprocessWorker] worker started/confirmed
[07:12]   [ComfyUI] [SubprocessWorker] serializing kwargs to shm...
[07:12]   [ComfyUI] [SubprocessWorker] created 1 shm blocks
[07:12]   [ComfyUI] [SubprocessWorker] sending request via socket...
[07:12]   [ComfyUI] [SubprocessWorker] call_id=58 sending call_method
[07:12]   [ComfyUI] [worker:ComfyUI-GeometryPack] INFO: Preparing preview: Mesh - 11381 vertices, 22704 faces
[07:12]   [ComfyUI] [worker:ComfyUI-GeometryPack] INFO: Found UV data: 11381 UV coordinates
[07:12]   Node executed (1 total), capturing...
[07:12]   [ComfyUI] [worker:ComfyUI-GeometryPack] INFO: UV stats: range=[1. 1.], in_unit_square=True, coverage=0.7838
[07:12]   [ComfyUI] [worker:ComfyUI-GeometryPack] INFO: Exported mesh to: /workspaces/GeometryPack-1450/ComfyUI/output/preview_uv_88101f5a.glb
[07:12]   [ComfyUI] [worker:ComfyUI-GeometryPack] INFO: Exported UV data to: /workspaces/GeometryPack-1450/ComfyUI/output/preview_uv_dba64b9d_uvdata.json
[07:12]   [ComfyUI] [worker:ComfyUI-GeometryPack] INFO: Preview ready: has_uvs=True, checker=False, wireframe=True
[07:12]   [ComfyUI] [SubprocessWorker] got response: ok
[07:12]   [ComfyUI] [comfy-env] GeomPackPreviewMeshUV done (0.27s): result: NodeOutput
[07:12]   [ComfyUI] [VRAM] After GeomPackPreviewMeshUV: 455 / 7703 MB
[07:12]   [ComfyUI] [comfy-env] Running GeomPackUV_Xatlas: trimesh: Trimesh
[07:12]   [ComfyUI] [VRAM] Before GeomPackUV_Xatlas: 455 / 7703 MB
[07:12]   [ComfyUI] [SubprocessWorker] call_method: nodes.uv.backends.xatlas.UVXatlasNode.EXECUTE_NORMALIZED
[07:12]   [ComfyUI] [SubprocessWorker] acquired lock, ensuring started...
[07:12]   [ComfyUI] [ComfyUI-GeometryPack] Health check: ping (timeout=5.0s)...
[07:12]   [ComfyUI] [ComfyUI-GeometryPack] Health check: ok
[07:12]   [ComfyUI] [SubprocessWorker] worker started/confirmed
[07:12]   [ComfyUI] [SubprocessWorker] serializing kwargs to shm...
[07:12]   [ComfyUI] [SubprocessWorker] created 1 shm blocks
[07:12]   [ComfyUI] [SubprocessWorker] sending request via socket...
[07:12]   [ComfyUI] [SubprocessWorker] call_id=59 sending call_method
[07:12]   [ComfyUI] [worker:ComfyUI-GeometryPack] INFO: Backend: xatlas
[07:12]   [ComfyUI] [worker:ComfyUI-GeometryPack] INFO: Input: 11381 vertices, 22704 faces
[07:12]   Frame 2 saved (frame_001.jpg, t=0.9s)
[07:12]   [capture-node] freeze=8ms shot=126ms unfreeze=8ms saved=True
[07:12]   Node executed (2 total), capturing...
[07:12]   Frame 3 saved (frame_002.jpg, t=1.3s)
[07:12]   [capture-node] freeze=8ms shot=201ms unfreeze=1ms saved=True
[07:15]   Frame 4 saved (frame_003.jpg, t=3.8s)
[07:15]   [capture-periodic] freeze=106ms shot=206ms unfreeze=2ms saved=True
[07:16]   [ComfyUI] [worker:ComfyUI-GeometryPack] INFO: Output: 14113 vertices, 22704 faces
[07:16]   [ComfyUI] [SubprocessWorker] got response: ok
[07:16]   [ComfyUI] [comfy-env] GeomPackUV_Xatlas done (4.46s): result: NodeOutput
[07:16]   [ComfyUI] [VRAM] After GeomPackUV_Xatlas: 455 / 7703 MB
[07:16]   [ComfyUI] [comfy-env] Running GeomPackPreviewMeshUV: show_checker: False, show_wireframe: True, trimesh: Trimesh
[07:16]   [ComfyUI] [VRAM] Before GeomPackPreviewMeshUV: 455 / 7703 MB
[07:16]   [ComfyUI] [SubprocessWorker] call_method: nodes.visualization.preview_mesh_uv.PreviewMeshUVNode.EXECUTE_NORMALIZED
[07:16]   [ComfyUI] [SubprocessWorker] acquired lock, ensuring started...
[07:16]   [ComfyUI] [ComfyUI-GeometryPack] Health check: ping (timeout=5.0s)...
[07:16]   [ComfyUI] [ComfyUI-GeometryPack] Health check: ok
[07:16]   [ComfyUI] [SubprocessWorker] worker started/confirmed
[07:16]   [ComfyUI] [SubprocessWorker] serializing kwargs to shm...
[07:16]   [ComfyUI] [SubprocessWorker] created 1 shm blocks
[07:16]   [ComfyUI] [SubprocessWorker] sending request via socket...
[07:16]   [ComfyUI] [SubprocessWorker] call_id=60 sending call_method
[07:16]   [ComfyUI] [worker:ComfyUI-GeometryPack] INFO: Preparing preview: Mesh - 14113 vertices, 22704 faces
[07:16]   [ComfyUI] [worker:ComfyUI-GeometryPack] INFO: Found UV data: 14113 UV coordinates
[07:16]   Node executed (3 total), capturing...
[07:16]   [ComfyUI] [worker:ComfyUI-GeometryPack] INFO: UV stats: range=[0.99957985 0.99956971], in_unit_square=True, coverage=0.5727
[07:16]   [ComfyUI] [worker:ComfyUI-GeometryPack] INFO: Exported mesh to: /workspaces/GeometryPack-1450/ComfyUI/output/preview_uv_6d777075.glb
[07:17]   [ComfyUI] [worker:ComfyUI-GeometryPack] INFO: Exported UV data to: /workspaces/GeometryPack-1450/ComfyUI/output/preview_uv_278ced75_uvdata.json
[07:17]   [ComfyUI] [worker:ComfyUI-GeometryPack] INFO: Preview ready: has_uvs=True, checker=False, wireframe=True
[07:17]   [ComfyUI] [SubprocessWorker] got response: ok
[07:17]   [ComfyUI] [comfy-env] GeomPackPreviewMeshUV done (0.29s): result: NodeOutput
[07:17]   [ComfyUI] [VRAM] After GeomPackPreviewMeshUV: 455 / 7703 MB
[07:17]   [ComfyUI] [comfy-env] Running GeomPackUV_LibiglARAP: trimesh: Trimesh, iterations: 10
[07:17]   [ComfyUI] [VRAM] Before GeomPackUV_LibiglARAP: 455 / 7703 MB
[07:17]   [ComfyUI] [SubprocessWorker] call_method: nodes.uv.backends.libigl_arap.UVLibiglARAPNode.EXECUTE_NORMALIZED
[07:17]   [ComfyUI] [SubprocessWorker] acquired lock, ensuring started...
[07:17]   [ComfyUI] [ComfyUI-GeometryPack] Health check: ping (timeout=5.0s)...
[07:17]   [ComfyUI] [ComfyUI-GeometryPack] Health check: ok
[07:17]   [ComfyUI] [SubprocessWorker] worker started/confirmed
[07:17]   [ComfyUI] [SubprocessWorker] serializing kwargs to shm...
[07:17]   [ComfyUI] [SubprocessWorker] created 1 shm blocks
[07:17]   [ComfyUI] [SubprocessWorker] sending request via socket...
[07:17]   [ComfyUI] [SubprocessWorker] call_id=61 sending call_method
[07:17]   [ComfyUI] [worker:ComfyUI-GeometryPack] INFO: Backend: libigl_arap
[07:17]   [ComfyUI] [worker:ComfyUI-GeometryPack] INFO: Input: 11381 vertices, 22704 faces
[07:17]   [ComfyUI] [worker:ComfyUI-GeometryPack] INFO: Parameters: iterations=10
[07:17]   Frame 5 saved (frame_004.jpg, t=5.7s)
[07:17]   [capture-node] freeze=25ms shot=236ms unfreeze=5ms saved=True
[07:17]   Node executed (4 total), capturing...
[07:18]   Frame 6 saved (frame_005.jpg, t=6.3s)
[07:18]   [capture-node] freeze=27ms shot=261ms unfreeze=2ms saved=True
[07:19]   [ComfyUI] [worker:ComfyUI-GeometryPack] INFO: Output: 11381 vertices, 22704 faces
[07:19]   [ComfyUI] [SubprocessWorker] got response: ok
[07:19]   [ComfyUI] [comfy-env] GeomPackUV_LibiglARAP done (2.45s): result: NodeOutput
[07:19]   [ComfyUI] [VRAM] After GeomPackUV_LibiglARAP: 455 / 7703 MB
[07:19]   [ComfyUI] [comfy-env] Running GeomPackPreviewMeshUV: show_checker: False, show_wireframe: True, trimesh: Trimesh
[07:19]   [ComfyUI] [VRAM] Before GeomPackPreviewMeshUV: 455 / 7703 MB
[07:19]   [ComfyUI] [SubprocessWorker] call_method: nodes.visualization.preview_mesh_uv.PreviewMeshUVNode.EXECUTE_NORMALIZED
[07:19]   [ComfyUI] [SubprocessWorker] acquired lock, ensuring started...
[07:19]   [ComfyUI] [ComfyUI-GeometryPack] Health check: ping (timeout=5.0s)...
[07:19]   [ComfyUI] [ComfyUI-GeometryPack] Health check: ok
[07:19]   [ComfyUI] [SubprocessWorker] worker started/confirmed
[07:19]   [ComfyUI] [SubprocessWorker] serializing kwargs to shm...
[07:19]   [ComfyUI] [SubprocessWorker] created 1 shm blocks
[07:19]   [ComfyUI] [SubprocessWorker] sending request via socket...
[07:19]   [ComfyUI] [SubprocessWorker] call_id=62 sending call_method
[07:19]   [ComfyUI] [worker:ComfyUI-GeometryPack] INFO: Preparing preview: Mesh - 11381 vertices, 22704 faces
[07:19]   [ComfyUI] [worker:ComfyUI-GeometryPack] INFO: Found UV data: 11381 UV coordinates
[07:19]   [ComfyUI] [worker:ComfyUI-GeometryPack] INFO: UV stats: range=[1. 1.], in_unit_square=True, coverage=0.7572
[07:19]   [ComfyUI] [worker:ComfyUI-GeometryPack] INFO: Exported mesh to: /workspaces/GeometryPack-1450/ComfyUI/output/preview_uv_323be337.glb
[07:19]   Node executed (5 total), capturing...
[07:19]   [ComfyUI] [worker:ComfyUI-GeometryPack] INFO: Exported UV data to: /workspaces/GeometryPack-1450/ComfyUI/output/preview_uv_f63c858d_uvdata.json
[07:19]   [ComfyUI] [worker:ComfyUI-GeometryPack] INFO: Preview ready: has_uvs=True, checker=False, wireframe=True
[07:19]   [ComfyUI] [SubprocessWorker] got response: ok
[07:19]   [ComfyUI] [comfy-env] GeomPackPreviewMeshUV done (0.26s): result: NodeOutput
[07:19]   [ComfyUI] [VRAM] After GeomPackPreviewMeshUV: 455 / 7703 MB
[07:19]   [ComfyUI] [comfy-env] Running GeomPackUV_CuMesh: trimesh: Trimesh, chart_cone_angle: 90.0, chart_refine_iterations: 0, chart_global_iterations: 1, chart_smooth_strength: 1
[07:19]   [ComfyUI] [VRAM] Before GeomPackUV_CuMesh: 455 / 7703 MB
[07:19]   [ComfyUI] [SubprocessWorker] call_method: nodes.uv_gpu.cumesh_uv.UVCuMeshNode.EXECUTE_NORMALIZED
[07:19]   [ComfyUI] [SubprocessWorker] acquired lock, ensuring started...
[07:19]   [ComfyUI] [ComfyUI-GeometryPack] Health check: ping (timeout=5.0s)...
[07:19]   [ComfyUI] [ComfyUI-GeometryPack] Health check: ok
[07:19]   [ComfyUI] [SubprocessWorker] worker started/confirmed
[07:19]   [ComfyUI] [SubprocessWorker] serializing kwargs to shm...
[07:19]   [ComfyUI] [SubprocessWorker] created 1 shm blocks
[07:19]   [ComfyUI] [SubprocessWorker] sending request via socket...
[07:19]   [ComfyUI] [SubprocessWorker] call_id=63 sending call_method
[07:19]   [ComfyUI] [worker:ComfyUI-GeometryPack] INFO: Backend: cumesh
[07:19]   [ComfyUI] [worker:ComfyUI-GeometryPack] INFO: Input: 11381 vertices, 22704 faces
[07:19]   [ComfyUI] [worker:ComfyUI-GeometryPack] INFO: CuMesh: chart_cone_angle=90.0, refine_iter=0, global_iter=1, smooth=1
[07:19]   [ComfyUI] [worker:ComfyUI-GeometryPack] INFO: Running CuMesh UV unwrap...
[07:19]   [ComfyUI] [worker:ComfyUI-GeometryPack] Get 22 clusters after fast clustering
[07:19]   [ComfyUI] 
[07:19]   [ComfyUI] Adding clusters to xatlas:   0%|          | 0/22 [00:00<?, ?it/s]
[07:19]   [ComfyUI] Adding clusters to xatlas: 100%|██████████| 22/22 [00:00<00:00, 5703.01it/s]
[07:19]   [ComfyUI] 
[07:19]   [ComfyUI] xatlas: Computing charts:   0%|          | 0/100 [00:00<?, ?it/s]
[07:19]   [ComfyUI] xatlas: Computing charts:   0%|          | 0/100 [00:00<?, ?it/s]
[07:19]   [ComfyUI] xatlas: Computing charts:   1%|          | 1/100 [00:00<00:00, 300.06it/s]
[07:19]   [ComfyUI] xatlas: Computing charts:   2%|▏         | 2/100 [00:00<00:03, 28.40it/s]
[07:19]   [ComfyUI] xatlas: Computing charts:   4%|▍         | 4/100 [00:00<00:01, 50.24it/s]
[07:19]   [ComfyUI] xatlas: Computing charts:   5%|▌         | 5/100 [00:00<00:01, 61.60it/s]
[07:19]   [ComfyUI] xatlas: Computing charts:   6%|▌         | 6/100 [00:00<00:01, 64.01it/s]
[07:19]   [ComfyUI] xatlas: Computing charts:   7%|▋         | 7/100 [00:00<00:01, 70.28it/s]
[07:19]   [ComfyUI] xatlas: Computing charts:   9%|▉         | 9/100 [00:00<00:01, 87.41it/s]
[07:19]   [ComfyUI] xatlas: Computing charts:  10%|█         | 10/100 [00:00<00:00, 96.66it/s]
[07:19]   [ComfyUI] xatlas: Computing charts:  13%|█▎        | 13/100 [00:00<00:00, 120.57it/s]
[07:20]   [ComfyUI] xatlas: Computing charts:  14%|█▍        | 14/100 [00:00<00:00, 120.10it/s]
[07:20]   [ComfyUI] xatlas: Computing charts:  17%|█▋        | 17/100 [00:00<00:00, 95.07it/s]
[07:20]   [ComfyUI] xatlas: Computing charts:  20%|██        | 20/100 [00:00<00:00, 92.44it/s]
[07:20]   [ComfyUI] xatlas: Computing charts:  24%|██▍       | 24/100 [00:00<00:00, 93.22it/s]
[07:20]   [ComfyUI] xatlas: Computing charts:  27%|██▋       | 27/100 [00:00<00:01, 72.09it/s]
[07:20]   [ComfyUI] xatlas: Computing charts:  32%|███▏      | 32/100 [00:00<00:00, 84.30it/s]
[07:20]   [ComfyUI] xatlas: Computing charts:  38%|███▊      | 38/100 [00:00<00:00, 65.07it/s]
[07:20]   [ComfyUI] xatlas: Computing charts:  42%|████▏     | 42/100 [00:00<00:00, 70.52it/s]
[07:20]   [ComfyUI] xatlas: Computing charts:  50%|█████     | 50/100 [00:00<00:00, 80.82it/s]
[07:20]   Frame 7 saved (frame_006.jpg, t=8.6s)
[07:20]   [capture-node] freeze=99ms shot=437ms unfreeze=14ms saved=True
[07:20]   [ComfyUI] xatlas: Computing charts:  57%|█████▋    | 57/100 [00:00<00:00, 88.77it/s]
[07:20]   [ComfyUI] xatlas: Computing charts: 100%|██████████| 100/100 [00:00<00:00, 142.68it/s]
[07:20]   [ComfyUI] xatlas: Computing charts: 100%|██████████| 100/100 [00:00<00:00, 142.65it/s]
[07:20]   [ComfyUI] 
[07:20]   [ComfyUI] xatlas: Packing charts:   0%|          | 0/100 [00:00<?, ?it/s]
[07:20]   [ComfyUI] xatlas: Packing charts:   0%|          | 0/100 [00:00<?, ?it/s]
[07:20]   [ComfyUI] xatlas: Packing charts:   1%|          | 1/100 [00:00<00:03, 32.95it/s]
[07:20]   [ComfyUI] xatlas: Packing charts:   2%|▏         | 2/100 [00:00<00:02, 40.63it/s]
[07:20]   [ComfyUI] xatlas: Packing charts:   3%|▎         | 3/100 [00:00<00:02, 46.55it/s]
[07:20]   [ComfyUI] xatlas: Packing charts:   4%|▍         | 4/100 [00:00<00:01, 55.10it/s]
[07:20]   [ComfyUI] xatlas: Packing charts:   5%|▌         | 5/100 [00:00<00:01, 60.30it/s]
[07:20]   [ComfyUI] xatlas: Packing charts:   6%|▌         | 6/100 [00:00<00:01, 66.34it/s]
[07:20]   [ComfyUI] xatlas: Packing charts:   7%|▋         | 7/100 [00:00<00:01, 76.26it/s]
[07:20]   [ComfyUI] xatlas: Packing charts:   8%|▊         | 8/100 [00:00<00:01, 82.81it/s]
[07:20]   [ComfyUI] xatlas: Packing charts:   9%|▉         | 9/100 [00:00<00:01, 89.50it/s]
[07:20]   [ComfyUI] xatlas: Packing charts:  10%|█         | 10/100 [00:00<00:00, 98.58it/s]
[07:20]   [ComfyUI] xatlas: Packing charts:  11%|█         | 11/100 [00:00<00:00, 106.23it/s]
[07:20]   [ComfyUI] xatlas: Packing charts:  12%|█▏        | 12/100 [00:00<00:00, 113.95it/s]
[07:20]   [ComfyUI] xatlas: Packing charts:  13%|█▎        | 13/100 [00:00<00:00, 122.45it/s]
[07:20]   [ComfyUI] xatlas: Packing charts:  14%|█▍        | 14/100 [00:00<00:00, 130.31it/s]
[07:20]   [ComfyUI] xatlas: Packing charts:  15%|█▌        | 15/100 [00:00<00:00, 138.35it/s]
[07:20]   [ComfyUI] xatlas: Packing charts:  16%|█▌        | 16/100 [00:00<00:00, 147.26it/s]
[07:20]   [ComfyUI] xatlas: Packing charts:  17%|█▋        | 17/100 [00:00<00:00, 155.38it/s]
[07:20]   [ComfyUI] xatlas: Packing charts:  18%|█▊        | 18/100 [00:00<00:00, 164.08it/s]
[07:20]   [ComfyUI] xatlas: Packing charts:  19%|█▉        | 19/100 [00:00<00:00, 172.91it/s]
[07:20]   [ComfyUI] xatlas: Packing charts:  20%|██        | 20/100 [00:00<00:00, 181.22it/s]
[07:20]   [ComfyUI] xatlas: Packing charts:  21%|██        | 21/100 [00:00<00:00, 189.69it/s]
[07:20]   [ComfyUI] xatlas: Packing charts:  22%|██▏       | 22/100 [00:00<00:00, 198.50it/s]
[07:20]   [ComfyUI] xatlas: Packing charts:  23%|██▎       | 23/100 [00:00<00:00, 206.96it/s]
[07:20]   [ComfyUI] xatlas: Packing charts:  24%|██▍       | 24/100 [00:00<00:00, 215.72it/s]
[07:20]   [ComfyUI] xatlas: Packing charts:  25%|██▌       | 25/100 [00:00<00:00, 224.41it/s]
[07:20]   [ComfyUI] xatlas: Packing charts:  26%|██▌       | 26/100 [00:00<00:00, 233.15it/s]
[07:20]   [ComfyUI] xatlas: Packing charts:  27%|██▋       | 27/100 [00:00<00:00, 241.86it/s]
[07:20]   [ComfyUI] xatlas: Packing charts:  28%|██▊       | 28/100 [00:00<00:00, 250.62it/s]
[07:20]   [ComfyUI] xatlas: Packing charts:  29%|██▉       | 29/100 [00:00<00:00, 259.40it/s]
[07:20]   [ComfyUI] xatlas: Packing charts:  30%|███       | 30/100 [00:00<00:00, 268.11it/s]
[07:20]   [ComfyUI] xatlas: Packing charts:  31%|███       | 31/100 [00:00<00:00, 276.66it/s]
[07:20]   [ComfyUI] xatlas: Packing charts:  32%|███▏      | 32/100 [00:00<00:00, 285.40it/s]
[07:20]   [ComfyUI] xatlas: Packing charts:  33%|███▎      | 33/100 [00:00<00:00, 294.12it/s]
[07:20]   [ComfyUI] xatlas: Packing charts:  34%|███▍      | 34/100 [00:00<00:00, 302.85it/s]
[07:20]   [ComfyUI] xatlas: Packing charts:  35%|███▌      | 35/100 [00:00<00:00, 311.63it/s]
[07:20]   [ComfyUI] xatlas: Packing charts:  36%|███▌      | 36/100 [00:00<00:00, 320.31it/s]
[07:20]   [ComfyUI] xatlas: Packing charts:  37%|███▋      | 37/100 [00:00<00:00, 329.00it/s]
[07:20]   [ComfyUI] xatlas: Packing charts:  38%|███▊      | 38/100 [00:00<00:00, 337.75it/s]
[07:20]   [ComfyUI] xatlas: Packing charts:  39%|███▉      | 39/100 [00:00<00:00, 346.44it/s]
[07:20]   [ComfyUI] xatlas: Packing charts:  40%|████      | 40/100 [00:00<00:00, 355.12it/s]
[07:20]   [ComfyUI] xatlas: Packing charts:  41%|████      | 41/100 [00:00<00:00, 363.84it/s]
[07:20]   [ComfyUI] xatlas: Packing charts:  42%|████▏     | 42/100 [00:00<00:00, 372.50it/s]
[07:20]   [ComfyUI] xatlas: Packing charts:  43%|████▎     | 43/100 [00:00<00:00, 381.16it/s]
[07:20]   [ComfyUI] xatlas: Packing charts:  44%|████▍     | 44/100 [00:00<00:00, 389.84it/s]
[07:20]   [ComfyUI] xatlas: Packing charts:  45%|████▌     | 45/100 [00:00<00:00, 398.48it/s]
[07:20]   [ComfyUI] xatlas: Packing charts:  46%|████▌     | 46/100 [00:00<00:00, 407.12it/s]
[07:20]   [ComfyUI] xatlas: Packing charts:  47%|████▋     | 47/100 [00:00<00:00, 415.80it/s]
[07:20]   [ComfyUI] xatlas: Packing charts:  48%|████▊     | 48/100 [00:00<00:00, 424.43it/s]
[07:20]   [ComfyUI] xatlas: Packing charts:  49%|████▉     | 49/100 [00:00<00:00, 433.06it/s]
[07:20]   [ComfyUI] xatlas: Packing charts:  50%|█████     | 50/100 [00:00<00:00, 441.71it/s]
[07:20]   [ComfyUI] xatlas: Packing charts:  51%|█████     | 51/100 [00:00<00:00, 450.28it/s]
[07:20]   [ComfyUI] xatlas: Packing charts:  52%|█████▏    | 52/100 [00:00<00:00, 458.88it/s]
[07:20]   [ComfyUI] xatlas: Packing charts:  53%|█████▎    | 53/100 [00:00<00:00, 467.49it/s]
[07:20]   [ComfyUI] xatlas: Packing charts:  54%|█████▍    | 54/100 [00:00<00:00, 476.10it/s]
[07:20]   [ComfyUI] xatlas: Packing charts:  55%|█████▌    | 55/100 [00:00<00:00, 484.71it/s]
[07:20]   [ComfyUI] xatlas: Packing charts:  56%|█████▌    | 56/100 [00:00<00:00, 493.27it/s]
[07:20]   [ComfyUI] xatlas: Packing charts:  57%|█████▋    | 57/100 [00:00<00:00, 501.90it/s]
[07:20]   [ComfyUI] xatlas: Packing charts:  58%|█████▊    | 58/100 [00:00<00:00, 510.48it/s]
[07:20]   [ComfyUI] xatlas: Packing charts:  59%|█████▉    | 59/100 [00:00<00:00, 519.05it/s]
[07:20]   [ComfyUI] xatlas: Packing charts:  60%|██████    | 60/100 [00:00<00:00, 527.66it/s]
[07:20]   [ComfyUI] xatlas: Packing charts:  61%|██████    | 61/100 [00:00<00:00, 536.21it/s]
[07:20]   [ComfyUI] xatlas: Packing charts:  62%|██████▏   | 62/100 [00:00<00:00, 544.79it/s]
[07:20]   [ComfyUI] xatlas: Packing charts:  63%|██████▎   | 63/100 [00:00<00:00, 553.38it/s]
[07:20]   [ComfyUI] xatlas: Packing charts:  64%|██████▍   | 64/100 [00:00<00:00, 561.91it/s]
[07:20]   [ComfyUI] xatlas: Packing charts:  65%|██████▌   | 65/100 [00:00<00:00, 570.42it/s]
[07:20]   [ComfyUI] xatlas: Packing charts:  66%|██████▌   | 66/100 [00:00<00:00, 578.99it/s]
[07:20]   [ComfyUI] xatlas: Packing charts:  67%|██████▋   | 67/100 [00:00<00:00, 587.51it/s]
[07:20]   [ComfyUI] xatlas: Packing charts:  68%|██████▊   | 68/100 [00:00<00:00, 595.99it/s]
[07:20]   [ComfyUI] xatlas: Packing charts:  69%|██████▉   | 69/100 [00:00<00:00, 604.51it/s]
[07:20]   [ComfyUI] xatlas: Packing charts:  70%|███████   | 70/100 [00:00<00:00, 612.97it/s]
[07:20]   [ComfyUI] xatlas: Packing charts:  71%|███████   | 71/100 [00:00<00:00, 621.36it/s]
[07:20]   [ComfyUI] xatlas: Packing charts:  72%|███████▏  | 72/100 [00:00<00:00, 629.91it/s]
[07:20]   [ComfyUI] xatlas: Packing charts:  73%|███████▎  | 73/100 [00:00<00:00, 638.40it/s]
[07:20]   [ComfyUI] xatlas: Packing charts:  74%|███████▍  | 74/100 [00:00<00:00, 646.89it/s]
[07:20]   [ComfyUI] xatlas: Packing charts:  75%|███████▌  | 75/100 [00:00<00:00, 655.41it/s]
[07:20]   [ComfyUI] xatlas: Packing charts:  76%|███████▌  | 76/100 [00:00<00:00, 663.84it/s]
[07:20]   [ComfyUI] xatlas: Packing charts:  77%|███████▋  | 77/100 [00:00<00:00, 672.29it/s]
[07:20]   [ComfyUI] xatlas: Packing charts:  78%|███████▊  | 78/100 [00:00<00:00, 680.73it/s]
[07:20]   [ComfyUI] xatlas: Packing charts:  79%|███████▉  | 79/100 [00:00<00:00, 689.22it/s]
[07:20]   [ComfyUI] xatlas: Packing charts:  80%|████████  | 80/100 [00:00<00:00, 697.67it/s]
[07:20]   [ComfyUI] xatlas: Packing charts:  81%|████████  | 81/100 [00:00<00:00, 706.14it/s]
[07:20]   [ComfyUI] xatlas: Packing charts:  82%|████████▏ | 82/100 [00:00<00:00, 714.63it/s]
[07:20]   [ComfyUI] xatlas: Packing charts:  83%|████████▎ | 83/100 [00:00<00:00, 723.09it/s]
[07:20]   [ComfyUI] xatlas: Packing charts:  84%|████████▍ | 84/100 [00:00<00:00, 731.53it/s]
[07:20]   [ComfyUI] xatlas: Packing charts:  85%|████████▌ | 85/100 [00:00<00:00, 740.01it/s]
[07:20]   [ComfyUI] xatlas: Packing charts:  86%|████████▌ | 86/100 [00:00<00:00, 748.46it/s]
[07:20]   [ComfyUI] xatlas: Packing charts:  87%|████████▋ | 87/100 [00:00<00:00, 756.87it/s]
[07:20]   [ComfyUI] xatlas: Packing charts:  88%|████████▊ | 88/100 [00:00<00:00, 765.31it/s]
[07:20]   [ComfyUI] xatlas: Packing charts:  89%|████████▉ | 89/100 [00:00<00:00, 773.70it/s]
[07:20]   [ComfyUI] xatlas: Packing charts:  90%|█████████ | 90/100 [00:00<00:00, 782.08it/s]
[07:20]   [ComfyUI] xatlas: Packing charts:  91%|█████████ | 91/100 [00:00<00:00, 790.51it/s]
[07:20]   [ComfyUI] xatlas: Packing charts:  92%|█████████▏| 92/100 [00:00<00:00, 798.93it/s]
[07:20]   [ComfyUI] xatlas: Packing charts:  93%|█████████▎| 93/100 [00:00<00:00, 807.34it/s]
[07:20]   [ComfyUI] xatlas: Packing charts:  94%|█████████▍| 94/100 [00:00<00:00, 815.78it/s]
[07:20]   [ComfyUI] xatlas: Packing charts:  95%|█████████▌| 95/100 [00:00<00:00, 824.21it/s]
[07:20]   [ComfyUI] xatlas: Packing charts:  96%|█████████▌| 96/100 [00:00<00:00, 832.63it/s]
[07:20]   [ComfyUI] xatlas: Packing charts:  97%|█████████▋| 97/100 [00:00<00:00, 841.05it/s]
[07:20]   [ComfyUI] xatlas: Packing charts:  98%|█████████▊| 98/100 [00:00<00:00, 849.46it/s]
[07:20]   [ComfyUI] xatlas: Packing charts:  99%|█████████▉| 99/100 [00:00<00:00, 857.84it/s]
[07:20]   [ComfyUI] xatlas: Packing charts: 100%|██████████| 100/100 [00:00<00:00, 866.26it/s]
[07:20]   [ComfyUI] xatlas: Packing charts: 100%|██████████| 100/100 [00:00<00:00, 857.67it/s]
[07:20]   [ComfyUI] 
[07:20]   [ComfyUI] xatlas: Building output meshes:   0%|          | 0/100 [00:00<?, ?it/s]
[07:20]   [ComfyUI] xatlas: Building output meshes:   0%|          | 0/100 [00:00<?, ?it/s]
[07:20]   [ComfyUI] xatlas: Building output meshes:   4%|▍         | 4/100 [00:00<00:00, 47662.55it/s]
[07:20]   [ComfyUI] xatlas: Building output meshes:   9%|▉         | 9/100 [00:00<00:00, 61781.89it/s]
[07:20]   [ComfyUI] xatlas: Building output meshes:  13%|█▎        | 13/100 [00:00<00:00, 63698.54it/s]
[07:20]   [ComfyUI] xatlas: Building output meshes:  18%|█▊        | 18/100 [00:00<00:00, 66989.77it/s]
[07:20]   [ComfyUI] xatlas: Building output meshes:  22%|██▏       | 22/100 [00:00<00:00, 69483.95it/s]
[07:20]   [ComfyUI] xatlas: Building output meshes:  27%|██▋       | 27/100 [00:00<00:00, 74898.29it/s]
[07:20]   [ComfyUI] xatlas: Building output meshes:  31%|███       | 31/100 [00:00<00:00, 76349.63it/s]
[07:20]   [ComfyUI] xatlas: Building output meshes:  36%|███▌      | 36/100 [00:00<00:00, 77832.45it/s]
[07:20]   [ComfyUI] xatlas: Building output meshes:  40%|████      | 40/100 [00:00<00:00, 78692.38it/s]
[07:20]   [ComfyUI] xatlas: Building output meshes:  45%|████▌     | 45/100 [00:00<00:00, 82673.53it/s]
[07:20]   [ComfyUI] xatlas: Building output meshes:  50%|█████     | 50/100 [00:00<00:00, 85388.93it/s]
[07:20]   [ComfyUI] xatlas: Building output meshes:  54%|█████▍    | 54/100 [00:00<00:00, 85565.70it/s]
[07:20]   [ComfyUI] xatlas: Building output meshes:  59%|█████▉    | 59/100 [00:00<00:00, 87846.62it/s]
[07:20]   [ComfyUI] xatlas: Building output meshes:  63%|██████▎   | 63/100 [00:00<00:00, 88970.08it/s]
[07:20]   [ComfyUI] xatlas: Building output meshes:  68%|██████▊   | 68/100 [00:00<00:00, 90457.56it/s]
[07:20]   [ComfyUI] xatlas: Building output meshes:  72%|███████▏  | 72/100 [00:00<00:00, 90960.81it/s]
[07:20]   [ComfyUI] xatlas: Building output meshes:  77%|███████▋  | 77/100 [00:00<00:00, 91802.56it/s]
[07:20]   [ComfyUI] xatlas: Building output meshes:  81%|████████  | 81/100 [00:00<00:00, 92220.04it/s]
[07:20]   [ComfyUI] xatlas: Building output meshes:  86%|████████▌ | 86/100 [00:00<00:00, 94204.79it/s]
[07:20]   [ComfyUI] xatlas: Building output meshes:  90%|█████████ | 90/100 [00:00<00:00, 95156.88it/s]
[07:20]   [ComfyUI] xatlas: Building output meshes:  95%|█████████▌| 95/100 [00:00<00:00, 97114.03it/s]
[07:20]   [ComfyUI] xatlas: Building output meshes: 100%|██████████| 100/100 [00:00<00:00, 98805.75it/s]
[07:20]   [ComfyUI] xatlas: Building output meshes: 100%|██████████| 100/100 [00:00<00:00, 93082.65it/s]
[07:20]   [ComfyUI] 
[07:20]   [ComfyUI] Gathering results from xatlas:   0%|          | 0/22 [00:00<?, ?it/s]
[07:20]   [ComfyUI] Gathering results from xatlas: 100%|██████████| 22/22 [00:00<00:00, 30504.03it/s]
[07:20]   [ComfyUI] [worker:ComfyUI-GeometryPack] INFO: Output: 13556 vertices, 22704 faces
[07:20]   [ComfyUI] [SubprocessWorker] got response: ok
[07:20]   [ComfyUI] [comfy-env] GeomPackUV_CuMesh done (0.90s): result: NodeOutput
[07:20]   [ComfyUI] [VRAM] After GeomPackUV_CuMesh: 391 / 7703 MB
[07:20]   [ComfyUI] [comfy-env] Running GeomPackPreviewMeshUV: show_checker: False, show_wireframe: True, trimesh: Trimesh
[07:20]   [ComfyUI] [VRAM] Before GeomPackPreviewMeshUV: 391 / 7703 MB
[07:20]   [ComfyUI] [SubprocessWorker] call_method: nodes.visualization.preview_mesh_uv.PreviewMeshUVNode.EXECUTE_NORMALIZED
[07:20]   [ComfyUI] [SubprocessWorker] acquired lock, ensuring started...
[07:20]   [ComfyUI] [ComfyUI-GeometryPack] Health check: ping (timeout=5.0s)...
[07:20]   [ComfyUI] [ComfyUI-GeometryPack] Health check: ok
[07:20]   [ComfyUI] [SubprocessWorker] worker started/confirmed
[07:20]   [ComfyUI] [SubprocessWorker] serializing kwargs to shm...
[07:20]   [ComfyUI] [SubprocessWorker] created 1 shm blocks
[07:20]   [ComfyUI] [SubprocessWorker] sending request via socket...
[07:20]   [ComfyUI] [SubprocessWorker] call_id=64 sending call_method
[07:20]   [ComfyUI] [worker:ComfyUI-GeometryPack] INFO: Preparing preview: Mesh - 13556 vertices, 22704 faces
[07:20]   [ComfyUI] [worker:ComfyUI-GeometryPack] INFO: Found UV data: 13556 UV coordinates
[07:20]   Node executed (6 total), capturing...
[07:20]   [ComfyUI] [worker:ComfyUI-GeometryPack] INFO: UV stats: range=[0.99958849 0.99957448], in_unit_square=True, coverage=0.5536
[07:20]   [ComfyUI] [worker:ComfyUI-GeometryPack] INFO: Exported mesh to: /workspaces/GeometryPack-1450/ComfyUI/output/preview_uv_b60ec3ac.glb
[07:20]   [ComfyUI] [worker:ComfyUI-GeometryPack] INFO: Exported UV data to: /workspaces/GeometryPack-1450/ComfyUI/output/preview_uv_5eb81120_uvdata.json
[07:20]   [ComfyUI] [worker:ComfyUI-GeometryPack] INFO: Preview ready: has_uvs=True, checker=False, wireframe=True
[07:20]   [ComfyUI] [SubprocessWorker] got response: ok
[07:20]   [ComfyUI] [comfy-env] GeomPackPreviewMeshUV done (0.28s): result: NodeOutput
[07:20]   [ComfyUI] [VRAM] After GeomPackPreviewMeshUV: 391 / 7703 MB
[07:20]   [ComfyUI] [comfy-env] Running GeomPackUV_LibiglLSCM: trimesh: Trimesh
[07:20]   [ComfyUI] [VRAM] Before GeomPackUV_LibiglLSCM: 391 / 7703 MB
[07:20]   [ComfyUI] [SubprocessWorker] call_method: nodes.uv.backends.libigl_lscm.UVLibiglLSCMNode.EXECUTE_NORMALIZED
[07:20]   [ComfyUI] [SubprocessWorker] acquired lock, ensuring started...
[07:20]   [ComfyUI] [ComfyUI-GeometryPack] Health check: ping (timeout=5.0s)...
[07:20]   [ComfyUI] [ComfyUI-GeometryPack] Health check: ok
[07:20]   [ComfyUI] [SubprocessWorker] worker started/confirmed
[07:20]   [ComfyUI] [SubprocessWorker] serializing kwargs to shm...
[07:20]   [ComfyUI] [SubprocessWorker] created 1 shm blocks
[07:20]   [ComfyUI] [SubprocessWorker] sending request via socket...
[07:20]   [ComfyUI] [SubprocessWorker] call_id=65 sending call_method
[07:20]   [ComfyUI] [worker:ComfyUI-GeometryPack] INFO: Backend: libigl_lscm
[07:20]   [ComfyUI] [worker:ComfyUI-GeometryPack] INFO: Input: 11381 vertices, 22704 faces
[07:21]   [ComfyUI] [worker:ComfyUI-GeometryPack] INFO: Output: 11381 vertices, 22704 faces
[07:21]   [ComfyUI] [SubprocessWorker] got response: ok
[07:21]   [ComfyUI] [comfy-env] GeomPackUV_LibiglLSCM done (0.13s): result: NodeOutput
[07:21]   [ComfyUI] [VRAM] After GeomPackUV_LibiglLSCM: 391 / 7703 MB
[07:21]   [ComfyUI] [comfy-env] Running GeomPackPreviewMeshUV: show_checker: False, show_wireframe: True, trimesh: Trimesh
[07:21]   [ComfyUI] [VRAM] Before GeomPackPreviewMeshUV: 391 / 7703 MB
[07:21]   [ComfyUI] [SubprocessWorker] call_method: nodes.visualization.preview_mesh_uv.PreviewMeshUVNode.EXECUTE_NORMALIZED
[07:21]   [ComfyUI] [SubprocessWorker] acquired lock, ensuring started...
[07:21]   [ComfyUI] [ComfyUI-GeometryPack] Health check: ping (timeout=5.0s)...
[07:21]   [ComfyUI] [ComfyUI-GeometryPack] Health check: ok
[07:21]   [ComfyUI] [SubprocessWorker] worker started/confirmed
[07:21]   [ComfyUI] [SubprocessWorker] serializing kwargs to shm...
[07:21]   [ComfyUI] [SubprocessWorker] created 1 shm blocks
[07:21]   [ComfyUI] [SubprocessWorker] sending request via socket...
[07:21]   [ComfyUI] [SubprocessWorker] call_id=66 sending call_method
[07:21]   [ComfyUI] [worker:ComfyUI-GeometryPack] INFO: Preparing preview: Mesh - 11381 vertices, 22704 faces
[07:21]   [ComfyUI] [worker:ComfyUI-GeometryPack] INFO: Found UV data: 11381 UV coordinates
[07:21]   [ComfyUI] [worker:ComfyUI-GeometryPack] INFO: UV stats: range=[1. 1.], in_unit_square=True, coverage=0.6778
[07:21]   [ComfyUI] [worker:ComfyUI-GeometryPack] INFO: Exported mesh to: /workspaces/GeometryPack-1450/ComfyUI/output/preview_uv_62e526b8.glb
[07:21]   [ComfyUI] [worker:ComfyUI-GeometryPack] INFO: Exported UV data to: /workspaces/GeometryPack-1450/ComfyUI/output/preview_uv_c83abe48_uvdata.json
[07:21]   [ComfyUI] [worker:ComfyUI-GeometryPack] INFO: Preview ready: has_uvs=True, checker=False, wireframe=True
[07:21]   [ComfyUI] [SubprocessWorker] got response: ok
[07:21]   [ComfyUI] [comfy-env] GeomPackPreviewMeshUV done (0.28s): result: NodeOutput
[07:21]   [ComfyUI] [VRAM] After GeomPackPreviewMeshUV: 391 / 7703 MB
[07:21]   [ComfyUI] [comfy-env] Running GeomPackUV_BlenderCube: trimesh: Trimesh, cube_size: 1.0, scale_to_bounds: 'true'
[07:21]   [ComfyUI] [VRAM] Before GeomPackUV_BlenderCube: 391 / 7703 MB
[07:21]   [ComfyUI] [SubprocessWorker] call_method: nodes.blender_uv.backends.blender_cube.UVBlenderCubeNode.EXECUTE_NORMALIZED
[07:21]   [ComfyUI] [SubprocessWorker] acquired lock, ensuring started...
[07:21]   [ComfyUI] [ComfyUI-GeometryPack] Health check: ping (timeout=5.0s)...
[07:21]   [ComfyUI] [ComfyUI-GeometryPack] Health check: ok
[07:21]   [ComfyUI] [SubprocessWorker] worker started/confirmed
[07:21]   [ComfyUI] [SubprocessWorker] serializing kwargs to shm...
[07:21]   [ComfyUI] [SubprocessWorker] created 1 shm blocks
[07:21]   [ComfyUI] [SubprocessWorker] sending request via socket...
[07:21]   [ComfyUI] [SubprocessWorker] call_id=67 sending call_method
[07:21]   [ComfyUI] [worker:ComfyUI-GeometryPack] INFO: Backend: blender_cube
[07:21]   [ComfyUI] [worker:ComfyUI-GeometryPack] INFO: Input: 11381 vertices, 22704 faces
[07:21]   [ComfyUI] [worker:ComfyUI-GeometryPack] INFO: Parameters: cube_size=1.0, scale_to_bounds=true
[07:21]   Frame 8 saved (frame_007.jpg, t=9.6s)
[07:21]   [capture-node] freeze=112ms shot=396ms unfreeze=15ms saved=True
[07:21]   Node executed (10 total), capturing...
[07:21]   [ComfyUI] [worker:ComfyUI-GeometryPack] INFO: Output: 13121 vertices, 22704 faces
[07:21]   [ComfyUI] [SubprocessWorker] got response: ok
[07:21]   [ComfyUI] [comfy-env] GeomPackUV_BlenderCube done (0.56s): result: NodeOutput
[07:21]   [ComfyUI] [VRAM] After GeomPackUV_BlenderCube: 391 / 7703 MB
[07:21]   [ComfyUI] [comfy-env] Running GeomPackPreviewMeshUV: show_checker: False, show_wireframe: True, trimesh: Trimesh
[07:21]   [ComfyUI] [VRAM] Before GeomPackPreviewMeshUV: 391 / 7703 MB
[07:21]   [ComfyUI] [SubprocessWorker] call_method: nodes.visualization.preview_mesh_uv.PreviewMeshUVNode.EXECUTE_NORMALIZED
[07:21]   [ComfyUI] [SubprocessWorker] acquired lock, ensuring started...
[07:21]   [ComfyUI] [ComfyUI-GeometryPack] Health check: ping (timeout=5.0s)...
[07:21]   [ComfyUI] [ComfyUI-GeometryPack] Health check: ok
[07:21]   [ComfyUI] [SubprocessWorker] worker started/confirmed
[07:21]   [ComfyUI] [SubprocessWorker] serializing kwargs to shm...
[07:21]   [ComfyUI] [SubprocessWorker] created 1 shm blocks
[07:21]   [ComfyUI] [SubprocessWorker] sending request via socket...
[07:21]   [ComfyUI] [SubprocessWorker] call_id=68 sending call_method
[07:21]   [ComfyUI] [worker:ComfyUI-GeometryPack] INFO: Preparing preview: Mesh - 13121 vertices, 22704 faces
[07:21]   [ComfyUI] [worker:ComfyUI-GeometryPack] INFO: Found UV data: 13121 UV coordinates
[07:22]   [ComfyUI] [worker:ComfyUI-GeometryPack] INFO: UV stats: range=[1.         0.99999994], in_unit_square=True, coverage=2.1432
[07:22]   [ComfyUI] [worker:ComfyUI-GeometryPack] INFO: Exported mesh to: /workspaces/GeometryPack-1450/ComfyUI/output/preview_uv_a0e77ce9.glb
[07:22]   [ComfyUI] [worker:ComfyUI-GeometryPack] INFO: Exported UV data to: /workspaces/GeometryPack-1450/ComfyUI/output/preview_uv_7023dbf1_uvdata.json
[07:22]   [ComfyUI] [worker:ComfyUI-GeometryPack] INFO: Preview ready: has_uvs=True, checker=False, wireframe=True
[07:22]   [ComfyUI] [SubprocessWorker] got response: ok
[07:22]   [ComfyUI] [comfy-env] GeomPackPreviewMeshUV done (0.29s): result: NodeOutput
[07:22]   [ComfyUI] [VRAM] After GeomPackPreviewMeshUV: 391 / 7703 MB
[07:22]   [ComfyUI] [comfy-env] Running GeomPackUV_BlenderCylinder: trimesh: Trimesh, cylinder_radius: 0.9, scale_to_bounds: 'true'
[07:22]   [ComfyUI] [VRAM] Before GeomPackUV_BlenderCylinder: 391 / 7703 MB
[07:22]   [ComfyUI] [SubprocessWorker] call_method: nodes.blender_uv.backends.blender_cylinder.UVBlenderCylinderNode.EXECUTE_NORMALIZED
[07:22]   [ComfyUI] [SubprocessWorker] acquired lock, ensuring started...
[07:22]   [ComfyUI] [ComfyUI-GeometryPack] Health check: ping (timeout=5.0s)...
[07:22]   [ComfyUI] [ComfyUI-GeometryPack] Health check: ok
[07:22]   [ComfyUI] [SubprocessWorker] worker started/confirmed
[07:22]   [ComfyUI] [SubprocessWorker] serializing kwargs to shm...
[07:22]   [ComfyUI] [SubprocessWorker] created 1 shm blocks
[07:22]   [ComfyUI] [SubprocessWorker] sending request via socket...
[07:22]   [ComfyUI] [SubprocessWorker] call_id=69 sending call_method
[07:22]   [ComfyUI] [worker:ComfyUI-GeometryPack] INFO: Backend: blender_cylinder
[07:22]   [ComfyUI] [worker:ComfyUI-GeometryPack] INFO: Input: 11381 vertices, 22704 faces
[07:22]   [ComfyUI] [worker:ComfyUI-GeometryPack] INFO: Parameters: cylinder_radius=0.9, scale_to_bounds=true
[07:22]   Frame 9 saved (frame_008.jpg, t=10.5s)
[07:22]   [capture-node] freeze=83ms shot=511ms unfreeze=11ms saved=True
[07:22]   [ComfyUI] [worker:ComfyUI-GeometryPack] INFO: Output: 11428 vertices, 22704 faces
[07:22]   [ComfyUI] [SubprocessWorker] got response: ok
[07:22]   [ComfyUI] [comfy-env] GeomPackUV_BlenderCylinder done (0.36s): result: NodeOutput
[07:22]   [ComfyUI] [VRAM] After GeomPackUV_BlenderCylinder: 391 / 7703 MB
[07:22]   [ComfyUI] [comfy-env] Running GeomPackPreviewMeshUV: show_checker: False, show_wireframe: True, trimesh: Trimesh
[07:22]   [ComfyUI] [VRAM] Before GeomPackPreviewMeshUV: 391 / 7703 MB
[07:22]   [ComfyUI] [SubprocessWorker] call_method: nodes.visualization.preview_mesh_uv.PreviewMeshUVNode.EXECUTE_NORMALIZED
[07:22]   [ComfyUI] [SubprocessWorker] acquired lock, ensuring started...
[07:22]   [ComfyUI] [ComfyUI-GeometryPack] Health check: ping (timeout=5.0s)...
[07:22]   [ComfyUI] [ComfyUI-GeometryPack] Health check: ok
[07:22]   [ComfyUI] [SubprocessWorker] worker started/confirmed
[07:22]   [ComfyUI] [SubprocessWorker] serializing kwargs to shm...
[07:22]   [ComfyUI] [SubprocessWorker] created 1 shm blocks
[07:22]   [ComfyUI] [SubprocessWorker] sending request via socket...
[07:22]   [ComfyUI] [SubprocessWorker] call_id=70 sending call_method
[07:22]   [ComfyUI] [worker:ComfyUI-GeometryPack] INFO: Preparing preview: Mesh - 11428 vertices, 22704 faces
[07:22]   [ComfyUI] [worker:ComfyUI-GeometryPack] INFO: Found UV data: 11428 UV coordinates
[07:22]   [ComfyUI] [worker:ComfyUI-GeometryPack] INFO: UV stats: range=[1. 1.], in_unit_square=True, coverage=0.6828
[07:22]   [ComfyUI] [worker:ComfyUI-GeometryPack] INFO: Exported mesh to: /workspaces/GeometryPack-1450/ComfyUI/output/preview_uv_77b498ab.glb
[07:22]   [ComfyUI] [worker:ComfyUI-GeometryPack] INFO: Exported UV data to: /workspaces/GeometryPack-1450/ComfyUI/output/preview_uv_9de27d07_uvdata.json
[07:22]   [ComfyUI] [worker:ComfyUI-GeometryPack] INFO: Preview ready: has_uvs=True, checker=False, wireframe=True
[07:22]   [ComfyUI] [SubprocessWorker] got response: ok
[07:22]   [ComfyUI] [comfy-env] GeomPackPreviewMeshUV done (0.26s): result: NodeOutput
[07:22]   [ComfyUI] [VRAM] After GeomPackPreviewMeshUV: 391 / 7703 MB
[07:22]   [ComfyUI] [comfy-env] Running GeomPackUV_BlenderSmart: trimesh: Trimesh, angle_limit: 66.0, island_margin: 0.02, scale_to_bounds: 'true'
[07:22]   [ComfyUI] [VRAM] Before GeomPackUV_BlenderSmart: 391 / 7703 MB
[07:22]   [ComfyUI] [SubprocessWorker] call_method: nodes.blender_uv.backends.blender_smart.UVBlenderSmartNode.EXECUTE_NORMALIZED
[07:22]   [ComfyUI] [SubprocessWorker] acquired lock, ensuring started...
[07:22]   [ComfyUI] [ComfyUI-GeometryPack] Health check: ping (timeout=5.0s)...
[07:22]   [ComfyUI] [ComfyUI-GeometryPack] Health check: ok
[07:22]   [ComfyUI] [SubprocessWorker] worker started/confirmed
[07:22]   [ComfyUI] [SubprocessWorker] serializing kwargs to shm...
[07:22]   [ComfyUI] [SubprocessWorker] created 1 shm blocks
[07:22]   [ComfyUI] [SubprocessWorker] sending request via socket...
[07:22]   [ComfyUI] [SubprocessWorker] call_id=71 sending call_method
[07:22]   [ComfyUI] [worker:ComfyUI-GeometryPack] INFO: Backend: blender_smart
[07:22]   [ComfyUI] [worker:ComfyUI-GeometryPack] INFO: Input: 11381 vertices, 22704 faces
[07:22]   [ComfyUI] [worker:ComfyUI-GeometryPack] INFO: Parameters: angle_limit=66.0, island_margin=0.02, scale_to_bounds=true
[07:23]   Node executed (13 total), capturing...
[07:23]   [ComfyUI] [worker:ComfyUI-GeometryPack] INFO: Output: 13353 vertices, 22704 faces
[07:23]   [ComfyUI] [SubprocessWorker] got response: ok
[07:23]   [ComfyUI] [comfy-env] GeomPackUV_BlenderSmart done (0.45s): result: NodeOutput
[07:23]   [ComfyUI] [VRAM] After GeomPackUV_BlenderSmart: 391 / 7703 MB
[07:23]   [ComfyUI] [comfy-env] Running GeomPackPreviewMeshUV: show_checker: False, show_wireframe: True, trimesh: Trimesh
[07:23]   [ComfyUI] [VRAM] Before GeomPackPreviewMeshUV: 391 / 7703 MB
[07:23]   [ComfyUI] [SubprocessWorker] call_method: nodes.visualization.preview_mesh_uv.PreviewMeshUVNode.EXECUTE_NORMALIZED
[07:23]   [ComfyUI] [SubprocessWorker] acquired lock, ensuring started...
[07:23]   [ComfyUI] [ComfyUI-GeometryPack] Health check: ping (timeout=5.0s)...
[07:23]   [ComfyUI] [ComfyUI-GeometryPack] Health check: ok
[07:23]   [ComfyUI] [SubprocessWorker] worker started/confirmed
[07:23]   [ComfyUI] [SubprocessWorker] serializing kwargs to shm...
[07:23]   [ComfyUI] [SubprocessWorker] created 1 shm blocks
[07:23]   [ComfyUI] [SubprocessWorker] sending request via socket...
[07:23]   [ComfyUI] [SubprocessWorker] call_id=72 sending call_method
[07:23]   [ComfyUI] [worker:ComfyUI-GeometryPack] INFO: Preparing preview: Mesh - 13353 vertices, 22704 faces
[07:23]   [ComfyUI] [worker:ComfyUI-GeometryPack] INFO: Found UV data: 13353 UV coordinates
[07:23]   [ComfyUI] [worker:ComfyUI-GeometryPack] INFO: UV stats: range=[1.         0.99999994], in_unit_square=True, coverage=0.3949
[07:23]   [ComfyUI] [worker:ComfyUI-GeometryPack] INFO: Exported mesh to: /workspaces/GeometryPack-1450/ComfyUI/output/preview_uv_f6d9904a.glb
[07:23]   [ComfyUI] [worker:ComfyUI-GeometryPack] INFO: Exported UV data to: /workspaces/GeometryPack-1450/ComfyUI/output/preview_uv_12dafa12_uvdata.json
[07:23]   [ComfyUI] [worker:ComfyUI-GeometryPack] INFO: Preview ready: has_uvs=True, checker=False, wireframe=True
[07:23]   [ComfyUI] [SubprocessWorker] got response: ok
[07:23]   [ComfyUI] [comfy-env] GeomPackPreviewMeshUV done (0.32s): result: NodeOutput
[07:23]   [ComfyUI] [VRAM] After GeomPackPreviewMeshUV: 391 / 7703 MB
[07:23]   [ComfyUI] [comfy-env] Running GeomPackUV_BlenderSphere: trimesh: Trimesh, scale_to_bounds: 'true'
[07:23]   [ComfyUI] [VRAM] Before GeomPackUV_BlenderSphere: 391 / 7703 MB
[07:23]   [ComfyUI] [SubprocessWorker] call_method: nodes.blender_uv.backends.blender_sphere.UVBlenderSphereNode.EXECUTE_NORMALIZED
[07:23]   [ComfyUI] [SubprocessWorker] acquired lock, ensuring started...
[07:23]   [ComfyUI] [ComfyUI-GeometryPack] Health check: ping (timeout=5.0s)...
[07:23]   [ComfyUI] [ComfyUI-GeometryPack] Health check: ok
[07:23]   [ComfyUI] [SubprocessWorker] worker started/confirmed
[07:23]   [ComfyUI] [SubprocessWorker] serializing kwargs to shm...
[07:23]   [ComfyUI] [SubprocessWorker] created 1 shm blocks
[07:23]   [ComfyUI] [SubprocessWorker] sending request via socket...
[07:23]   [ComfyUI] [SubprocessWorker] call_id=73 sending call_method
[07:23]   [ComfyUI] [worker:ComfyUI-GeometryPack] INFO: Backend: blender_sphere
[07:23]   [ComfyUI] [worker:ComfyUI-GeometryPack] INFO: Input: 11381 vertices, 22704 faces
[07:23]   [ComfyUI] [worker:ComfyUI-GeometryPack] INFO: Parameters: scale_to_bounds=true
[07:24]   Frame 10 saved (frame_009.jpg, t=11.9s)
[07:24]   [capture-node] freeze=192ms shot=499ms unfreeze=36ms saved=True
[07:24]   [ComfyUI] [worker:ComfyUI-GeometryPack] INFO: Output: 11428 vertices, 22704 faces
[07:24]   [ComfyUI] [SubprocessWorker] got response: ok
[07:24]   [ComfyUI] [comfy-env] GeomPackUV_BlenderSphere done (0.54s): result: NodeOutput
[07:24]   [ComfyUI] [VRAM] After GeomPackUV_BlenderSphere: 391 / 7703 MB
[07:24]   [ComfyUI] [comfy-env] Running GeomPackPreviewMeshUV: show_checker: False, show_wireframe: True, trimesh: Trimesh
[07:24]   [ComfyUI] [VRAM] Before GeomPackPreviewMeshUV: 391 / 7703 MB
[07:24]   [ComfyUI] [SubprocessWorker] call_method: nodes.visualization.preview_mesh_uv.PreviewMeshUVNode.EXECUTE_NORMALIZED
[07:24]   [ComfyUI] [SubprocessWorker] acquired lock, ensuring started...
[07:24]   [ComfyUI] [ComfyUI-GeometryPack] Health check: ping (timeout=5.0s)...
[07:24]   [ComfyUI] [ComfyUI-GeometryPack] Health check: ok
[07:24]   [ComfyUI] [SubprocessWorker] worker started/confirmed
[07:24]   [ComfyUI] [SubprocessWorker] serializing kwargs to shm...
[07:24]   [ComfyUI] [SubprocessWorker] created 1 shm blocks
[07:24]   [ComfyUI] [SubprocessWorker] sending request via socket...
[07:24]   [ComfyUI] [SubprocessWorker] call_id=74 sending call_method
[07:24]   [ComfyUI] [worker:ComfyUI-GeometryPack] INFO: Preparing preview: Mesh - 11428 vertices, 22704 faces
[07:24]   [ComfyUI] [worker:ComfyUI-GeometryPack] INFO: Found UV data: 11428 UV coordinates
[07:24]   [ComfyUI] [worker:ComfyUI-GeometryPack] INFO: UV stats: range=[1. 1.], in_unit_square=True, coverage=0.6251
[07:24]   [ComfyUI] [worker:ComfyUI-GeometryPack] INFO: Exported mesh to: /workspaces/GeometryPack-1450/ComfyUI/output/preview_uv_e111e062.glb
[07:24]   [ComfyUI] [worker:ComfyUI-GeometryPack] INFO: Exported UV data to: /workspaces/GeometryPack-1450/ComfyUI/output/preview_uv_d92778ed_uvdata.json
[07:24]   [ComfyUI] [worker:ComfyUI-GeometryPack] INFO: Preview ready: has_uvs=True, checker=False, wireframe=True
[07:24]   [ComfyUI] [SubprocessWorker] got response: ok
[07:24]   [ComfyUI] [comfy-env] GeomPackPreviewMeshUV done (0.29s): result: NodeOutput
[07:24]   [ComfyUI] [VRAM] After GeomPackPreviewMeshUV: 391 / 7703 MB
[07:24]   [ComfyUI] Prompt executed in 12.71 seconds
[07:24]   Node executed (16 total), capturing...
[07:25]   Frame 11 saved (frame_010.jpg, t=13.3s)
[07:25]   [capture-node] freeze=327ms shot=677ms unfreeze=4ms saved=True
[07:26]   Node executed (18 total), capturing...
[07:27]   Frame 12 saved (frame_011.jpg, t=15.2s)
[07:27]   [capture-node] freeze=370ms shot=649ms unfreeze=0ms saved=True
[07:27]   Execution complete (t=15.2s)
[07:27]   Captured 12 unique frames over 16.26s
[07:27]   [debug] iframes: 9
[07:27]   [debug]   iframe[0]: src=http://127.0.0.1:41885/extensions/ComfyUI-GeometryPack/viewer_uv.html?v=17784250, canvas=287x287, rafFrozen=True
[07:27]   [debug]   iframe[1]: src=http://127.0.0.1:41885/extensions/ComfyUI-GeometryPack/viewer_uv.html?v=17784250, canvas=287x287, rafFrozen=True
[07:27]   [debug]   iframe[2]: src=http://127.0.0.1:41885/extensions/ComfyUI-GeometryPack/viewer_uv.html?v=17784250, canvas=287x287, rafFrozen=True
[07:27]   [debug]   iframe[3]: src=http://127.0.0.1:41885/extensions/ComfyUI-GeometryPack/viewer_uv.html?v=17784250, canvas=287x287, rafFrozen=True
[07:27]   [debug]   iframe[4]: src=http://127.0.0.1:41885/extensions/ComfyUI-GeometryPack/viewer_uv.html?v=17784250, canvas=287x287, rafFrozen=True
[07:27]   [debug]   iframe[5]: src=http://127.0.0.1:41885/extensions/ComfyUI-GeometryPack/viewer_uv.html?v=17784250, canvas=287x287, rafFrozen=True
[07:27]   [debug]   iframe[6]: src=http://127.0.0.1:41885/extensions/ComfyUI-GeometryPack/viewer_uv.html?v=17784250, canvas=287x287, rafFrozen=True
[07:27]   [debug]   iframe[7]: src=http://127.0.0.1:41885/extensions/ComfyUI-GeometryPack/viewer_uv.html?v=17784250, canvas=287x287, rafFrozen=True
[07:27]   [debug]   iframe[8]: src=http://127.0.0.1:41885/extensions/ComfyUI-GeometryPack/viewer_uv.html?v=17784250, canvas=287x287, rafFrozen=True
[07:27]   [timing] trigger_3d_previews: 0.0s
[07:29]   Saved high-quality screenshot: uv_unwrap_all_executed.png
[07:29]   [timing] final_screenshot: 0.3s
[07:30]   [33/33] SKIPPED (not in gpu list) view_texture.json
[07:30] Results saved to /logs/GeometryPack-1450/dev/linux-gpu/results.json
[07:30] Saved: /logs/GeometryPack-1450/dev/linux-gpu/index.html
[07:30] [EXECUTION] PASSED
[07:30] 
linux: PASSED
[07:30] Stopping ComfyUI server...
