Capturing execution frames: fill_holes_all.json
  Frame 1 saved (frame_000.jpg, t=0.0s)
  Validating workflow...
  [ComfyUI] === /validate endpoint called ===
  [ComfyUI] === /validate endpoint called ===
  [ComfyUI] === /validate endpoint called ===
  [ComfyUI] === /validate endpoint called ===
  [ComfyUI] === /validate endpoint called ===
  [ComfyUI] === /validate endpoint called ===
  [ComfyUI] === /validate endpoint called ===
  [ComfyUI] === /validate endpoint called ===
  Queuing workflow for execution...
  [ComfyUI] Received JSON with keys: ['prompt']
  [ComfyUI] Received JSON with keys: ['prompt']
  [ComfyUI] Received JSON with keys: ['prompt']
  [ComfyUI] Received JSON with keys: ['prompt']
  [ComfyUI] Received JSON with keys: ['prompt']
  [ComfyUI] Received JSON with keys: ['prompt']
  [ComfyUI] Received JSON with keys: ['prompt']
  [ComfyUI] Received JSON with keys: ['prompt']
  [ComfyUI] Prompt has 8 nodes
  [ComfyUI] Prompt has 8 nodes
  [ComfyUI] Prompt has 8 nodes
  [ComfyUI] Prompt has 8 nodes
  [ComfyUI] Prompt has 8 nodes
  [ComfyUI] Prompt has 8 nodes
  [ComfyUI] Prompt has 8 nodes
  [ComfyUI] Prompt has 8 nodes
  [ComfyUI]   Node 1: GeomPackLoadMesh
  [ComfyUI]   Node 1: GeomPackLoadMesh
  [ComfyUI]   Node 1: GeomPackLoadMesh
  [ComfyUI]   Node 1: GeomPackLoadMesh
  [ComfyUI]   Node 1: GeomPackLoadMesh
  [ComfyUI]   Node 1: GeomPackLoadMesh
  [ComfyUI]   Node 1: GeomPackLoadMesh
  [ComfyUI]   Node 1: GeomPackLoadMesh
  [ComfyUI]     Inputs: {"file_path": "3d/camelhead.off"}
  [ComfyUI]     Inputs: {"file_path": "3d/camelhead.off"}
  [ComfyUI]     Inputs: {"file_path": "3d/camelhead.off"}
  [ComfyUI]     Inputs: {"file_path": "3d/camelhead.off"}
  [ComfyUI]     Inputs: {"file_path": "3d/camelhead.off"}
  [ComfyUI]     Inputs: {"file_path": "3d/camelhead.off"}
  [ComfyUI]     Inputs: {"file_path": "3d/camelhead.off"}
  [ComfyUI]     Inputs: {"file_path": "3d/camelhead.off"}
  [ComfyUI]   Node 3: GeomPackFillHoles
  [ComfyUI]   Node 3: GeomPackFillHoles
  [ComfyUI]   Node 3: GeomPackFillHoles
  [ComfyUI]   Node 3: GeomPackFillHoles
  [ComfyUI]   Node 3: GeomPackFillHoles
  [ComfyUI]   Node 3: GeomPackFillHoles
  [ComfyUI]   Node 3: GeomPackFillHoles
  [ComfyUI]   Node 3: GeomPackFillHoles
  [ComfyUI]     Inputs: {"backend": "pymeshlab", "backend.maxholesize": 0, "report_panel": "false", "mesh": ["1", 0]}
  [ComfyUI]     Inputs: {"backend": "pymeshlab", "backend.maxholesize": 0, "report_panel": "false", "mesh": ["1", 0]}
  [ComfyUI]     Inputs: {"backend": "pymeshlab", "backend.maxholesize": 0, "report_panel": "false", "mesh": ["1", 0]}
  [ComfyUI]     Inputs: {"backend": "pymeshlab", "backend.maxholesize": 0, "report_panel": "false", "mesh": ["1", 0]}
  [ComfyUI]     Inputs: {"backend": "pymeshlab", "backend.maxholesize": 0, "report_panel": "false", "mesh": ["1", 0]}
  [ComfyUI]     Inputs: {"backend": "pymeshlab", "backend.maxholesize": 0, "report_panel": "false", "mesh": ["1", 0]}
  [ComfyUI]     Inputs: {"backend": "pymeshlab", "backend.maxholesize": 0, "report_panel": "false", "mesh": ["1", 0]}
  [ComfyUI]     Inputs: {"backend": "pymeshlab", "backend.maxholesize": 0, "report_panel": "false", "mesh": ["1", 0]}
  [ComfyUI] [comfy-env] SubprocessWorker: /tmp/comfytest-home/.ce/.pixi/envs/geometrypack-nodes/bin/python
  [ComfyUI] [comfy-env] SubprocessWorker: /tmp/comfytest-home/.ce/.pixi/envs/geometrypack-nodes/bin/python
  [ComfyUI] [comfy-env] SubprocessWorker: /tmp/comfytest-home/.ce/.pixi/envs/geometrypack-nodes/bin/python
  [ComfyUI] [comfy-env] SubprocessWorker: /tmp/comfytest-home/.ce/.pixi/envs/geometrypack-nodes/bin/python
  [ComfyUI] [comfy-env] SubprocessWorker: /tmp/comfytest-home/.ce/.pixi/envs/geometrypack-nodes/bin/python
  [ComfyUI] [comfy-env] SubprocessWorker: /tmp/comfytest-home/.ce/.pixi/envs/geometrypack-nodes/bin/python
  [ComfyUI] [comfy-env] SubprocessWorker: /tmp/comfytest-home/.ce/.pixi/envs/geometrypack-nodes/bin/python
  [ComfyUI] [comfy-env] SubprocessWorker: /tmp/comfytest-home/.ce/.pixi/envs/geometrypack-nodes/bin/python
  [ComfyUI]   Node 4: GeomPackFillHoles
  [ComfyUI]   Node 4: GeomPackFillHoles
  [ComfyUI]   Node 4: GeomPackFillHoles
  [ComfyUI]   Node 4: GeomPackFillHoles
  [ComfyUI]   Node 4: GeomPackFillHoles
  [ComfyUI]   Node 4: GeomPackFillHoles
  [ComfyUI]   Node 4: GeomPackFillHoles
  [ComfyUI]   Node 4: GeomPackFillHoles
  [ComfyUI] [comfy-env] env_vars: {'KMP_DUPLICATE_LIB_OK': 'TRUE', 'OMP_NUM_THREADS': '1', 'COMFYUI_BASE': '/workspaces/GeometryPack-2138/ComfyUI'}
  [ComfyUI] [comfy-env] env_vars: {'KMP_DUPLICATE_LIB_OK': 'TRUE', 'OMP_NUM_THREADS': '1', 'COMFYUI_BASE': '/workspaces/GeometryPack-2138/ComfyUI'}
  [ComfyUI] [comfy-env] env_vars: {'KMP_DUPLICATE_LIB_OK': 'TRUE', 'OMP_NUM_THREADS': '1', 'COMFYUI_BASE': '/workspaces/GeometryPack-2138/ComfyUI'}
  [ComfyUI] [comfy-env] env_vars: {'KMP_DUPLICATE_LIB_OK': 'TRUE', 'OMP_NUM_THREADS': '1', 'COMFYUI_BASE': '/workspaces/GeometryPack-2138/ComfyUI'}
  [ComfyUI] [comfy-env] env_vars: {'KMP_DUPLICATE_LIB_OK': 'TRUE', 'OMP_NUM_THREADS': '1', 'COMFYUI_BASE': '/workspaces/GeometryPack-2138/ComfyUI'}
  [ComfyUI] [comfy-env] env_vars: {'KMP_DUPLICATE_LIB_OK': 'TRUE', 'OMP_NUM_THREADS': '1', 'COMFYUI_BASE': '/workspaces/GeometryPack-2138/ComfyUI'}
  [ComfyUI] [comfy-env] env_vars: {'KMP_DUPLICATE_LIB_OK': 'TRUE', 'OMP_NUM_THREADS': '1', 'COMFYUI_BASE': '/workspaces/GeometryPack-2138/ComfyUI'}
  [ComfyUI] [comfy-env] env_vars: {'KMP_DUPLICATE_LIB_OK': 'TRUE', 'OMP_NUM_THREADS': '1', 'COMFYUI_BASE': '/workspaces/GeometryPack-2138/ComfyUI'}
  [ComfyUI]     Inputs: {"backend": "pymeshfix", "backend.max_edges": 0, "backend.refine": "true", "report_panel": "false", "mesh": ["1", 0]}
  [ComfyUI]     Inputs: {"backend": "pymeshfix", "backend.max_edges": 0, "backend.refine": "true", "report_panel": "false", "mesh": ["1", 0]}
  [ComfyUI]     Inputs: {"backend": "pymeshfix", "backend.max_edges": 0, "backend.refine": "true", "report_panel": "false", "mesh": ["1", 0]}
  [ComfyUI]     Inputs: {"backend": "pymeshfix", "backend.max_edges": 0, "backend.refine": "true", "report_panel": "false", "mesh": ["1", 0]}
  [ComfyUI]     Inputs: {"backend": "pymeshfix", "backend.max_edges": 0, "backend.refine": "true", "report_panel": "false", "mesh": ["1", 0]}
  [ComfyUI]     Inputs: {"backend": "pymeshfix", "backend.max_edges": 0, "backend.refine": "true", "report_panel": "false", "mesh": ["1", 0]}
  [ComfyUI]     Inputs: {"backend": "pymeshfix", "backend.max_edges": 0, "backend.refine": "true", "report_panel": "false", "mesh": ["1", 0]}
  [ComfyUI]     Inputs: {"backend": "pymeshfix", "backend.max_edges": 0, "backend.refine": "true", "report_panel": "false", "mesh": ["1", 0]}
  [ComfyUI] [ComfyUI-GeometryPack] python: /tmp/comfytest-home/.ce/.pixi/envs/geometrypack-nodes/bin/python
  [ComfyUI] [ComfyUI-GeometryPack] python: /tmp/comfytest-home/.ce/.pixi/envs/geometrypack-nodes/bin/python
  [ComfyUI] [ComfyUI-GeometryPack] python: /tmp/comfytest-home/.ce/.pixi/envs/geometrypack-nodes/bin/python
  [ComfyUI] [ComfyUI-GeometryPack] python: /tmp/comfytest-home/.ce/.pixi/envs/geometrypack-nodes/bin/python
  [ComfyUI] [ComfyUI-GeometryPack] python: /tmp/comfytest-home/.ce/.pixi/envs/geometrypack-nodes/bin/python
  [ComfyUI] [ComfyUI-GeometryPack] python: /tmp/comfytest-home/.ce/.pixi/envs/geometrypack-nodes/bin/python
  [ComfyUI] [ComfyUI-GeometryPack] python: /tmp/comfytest-home/.ce/.pixi/envs/geometrypack-nodes/bin/python
  [ComfyUI] [ComfyUI-GeometryPack] python: /tmp/comfytest-home/.ce/.pixi/envs/geometrypack-nodes/bin/python
  [ComfyUI]   Node 5: GeomPackFillHoles
  [ComfyUI]   Node 5: GeomPackFillHoles
  [ComfyUI]   Node 5: GeomPackFillHoles
  [ComfyUI]   Node 5: GeomPackFillHoles
  [ComfyUI]   Node 5: GeomPackFillHoles
  [ComfyUI]   Node 5: GeomPackFillHoles
  [ComfyUI]   Node 5: GeomPackFillHoles
  [ComfyUI]   Node 5: GeomPackFillHoles
  [ComfyUI] [ComfyUI-GeometryPack] sys_path sent to worker: ['/workspaces/GeometryPack-2138/ComfyUI', '/workspaces/GeometryPack-2138/ComfyUI/custom_nodes/ComfyUI-GeometryPack', '/tmp/comfytest-home/.ce/.pixi/envs/geometrypack-nodes/lib/python3.12/site-packages', '/workspaces/GeometryPack-2138/ComfyUI/custom_nodes/ComfyUI-GeometryPack']
  [ComfyUI] [ComfyUI-GeometryPack] sys_path sent to worker: ['/workspaces/GeometryPack-2138/ComfyUI', '/workspaces/GeometryPack-2138/ComfyUI/custom_nodes/ComfyUI-GeometryPack', '/tmp/comfytest-home/.ce/.pixi/envs/geometrypack-nodes/lib/python3.12/site-packages', '/workspaces/GeometryPack-2138/ComfyUI/custom_nodes/ComfyUI-GeometryPack']
  [ComfyUI] [ComfyUI-GeometryPack] sys_path sent to worker: ['/workspaces/GeometryPack-2138/ComfyUI', '/workspaces/GeometryPack-2138/ComfyUI/custom_nodes/ComfyUI-GeometryPack', '/tmp/comfytest-home/.ce/.pixi/envs/geometrypack-nodes/lib/python3.12/site-packages', '/workspaces/GeometryPack-2138/ComfyUI/custom_nodes/ComfyUI-GeometryPack']
  [ComfyUI] [ComfyUI-GeometryPack] sys_path sent to worker: ['/workspaces/GeometryPack-2138/ComfyUI', '/workspaces/GeometryPack-2138/ComfyUI/custom_nodes/ComfyUI-GeometryPack', '/tmp/comfytest-home/.ce/.pixi/envs/geometrypack-nodes/lib/python3.12/site-packages', '/workspaces/GeometryPack-2138/ComfyUI/custom_nodes/ComfyUI-GeometryPack']
  [ComfyUI] [ComfyUI-GeometryPack] sys_path sent to worker: ['/workspaces/GeometryPack-2138/ComfyUI', '/workspaces/GeometryPack-2138/ComfyUI/custom_nodes/ComfyUI-GeometryPack', '/tmp/comfytest-home/.ce/.pixi/envs/geometrypack-nodes/lib/python3.12/site-packages', '/workspaces/GeometryPack-2138/ComfyUI/custom_nodes/ComfyUI-GeometryPack']
  [ComfyUI] [ComfyUI-GeometryPack] sys_path sent to worker: ['/workspaces/GeometryPack-2138/ComfyUI', '/workspaces/GeometryPack-2138/ComfyUI/custom_nodes/ComfyUI-GeometryPack', '/tmp/comfytest-home/.ce/.pixi/envs/geometrypack-nodes/lib/python3.12/site-packages', '/workspaces/GeometryPack-2138/ComfyUI/custom_nodes/ComfyUI-GeometryPack']
  [ComfyUI] [ComfyUI-GeometryPack] sys_path sent to worker: ['/workspaces/GeometryPack-2138/ComfyUI', '/workspaces/GeometryPack-2138/ComfyUI/custom_nodes/ComfyUI-GeometryPack', '/tmp/comfytest-home/.ce/.pixi/envs/geometrypack-nodes/lib/python3.12/site-packages', '/workspaces/GeometryPack-2138/ComfyUI/custom_nodes/ComfyUI-GeometryPack']
  [ComfyUI] [ComfyUI-GeometryPack] sys_path sent to worker: ['/workspaces/GeometryPack-2138/ComfyUI', '/workspaces/GeometryPack-2138/ComfyUI/custom_nodes/ComfyUI-GeometryPack', '/tmp/comfytest-home/.ce/.pixi/envs/geometrypack-nodes/lib/python3.12/site-packages', '/workspaces/GeometryPack-2138/ComfyUI/custom_nodes/ComfyUI-GeometryPack']
  [ComfyUI]     Inputs: {"backend": "igl_fan", "report_panel": "false", "mesh": ["1", 0]}
  [ComfyUI]     Inputs: {"backend": "igl_fan", "report_panel": "false", "mesh": ["1", 0]}
  [ComfyUI]     Inputs: {"backend": "igl_fan", "report_panel": "false", "mesh": ["1", 0]}
  [ComfyUI]     Inputs: {"backend": "igl_fan", "report_panel": "false", "mesh": ["1", 0]}
  [ComfyUI]     Inputs: {"backend": "igl_fan", "report_panel": "false", "mesh": ["1", 0]}
  [ComfyUI]     Inputs: {"backend": "igl_fan", "report_panel": "false", "mesh": ["1", 0]}
  [ComfyUI]     Inputs: {"backend": "igl_fan", "report_panel": "false", "mesh": ["1", 0]}
  [ComfyUI]     Inputs: {"backend": "igl_fan", "report_panel": "false", "mesh": ["1", 0]}
  [ComfyUI] [SubprocessWorker] is_pixi=True, python=/tmp/comfytest-home/.ce/.pixi/envs/geometrypack-nodes/bin/python
  [ComfyUI] [SubprocessWorker] is_pixi=True, python=/tmp/comfytest-home/.ce/.pixi/envs/geometrypack-nodes/bin/python
  [ComfyUI] [SubprocessWorker] is_pixi=True, python=/tmp/comfytest-home/.ce/.pixi/envs/geometrypack-nodes/bin/python
  [ComfyUI] [SubprocessWorker] is_pixi=True, python=/tmp/comfytest-home/.ce/.pixi/envs/geometrypack-nodes/bin/python
  [ComfyUI] [SubprocessWorker] is_pixi=True, python=/tmp/comfytest-home/.ce/.pixi/envs/geometrypack-nodes/bin/python
  [ComfyUI] [SubprocessWorker] is_pixi=True, python=/tmp/comfytest-home/.ce/.pixi/envs/geometrypack-nodes/bin/python
  [ComfyUI] [SubprocessWorker] is_pixi=True, python=/tmp/comfytest-home/.ce/.pixi/envs/geometrypack-nodes/bin/python
  [ComfyUI] [SubprocessWorker] is_pixi=True, python=/tmp/comfytest-home/.ce/.pixi/envs/geometrypack-nodes/bin/python
  [ComfyUI]   Node 6: GeomPackFillHoles
  [ComfyUI]   Node 6: GeomPackFillHoles
  [ComfyUI]   Node 6: GeomPackFillHoles
  [ComfyUI]   Node 6: GeomPackFillHoles
  [ComfyUI]   Node 6: GeomPackFillHoles
  [ComfyUI]   Node 6: GeomPackFillHoles
  [ComfyUI]   Node 6: GeomPackFillHoles
  [ComfyUI]   Node 6: GeomPackFillHoles
  [ComfyUI] [SubprocessWorker] launching cmd=['/tmp/comfytest-home/.pixi/bin/pixi', 'run', '--as-is', '--manifest-path', '/tmp/comfytest-home/.ce/pixi.toml', '-e', 'geometrypack-nodes', 'python', '/tmp/comfyui_pvenv_d4mj4y00/persistent_worker.py', 'abstract://comfy_worker_073546cb92c8']...
  [ComfyUI] [SubprocessWorker] launching cmd=['/tmp/comfytest-home/.pixi/bin/pixi', 'run', '--as-is', '--manifest-path', '/tmp/comfytest-home/.ce/pixi.toml', '-e', 'geometrypack-nodes', 'python', '/tmp/comfyui_pvenv_d4mj4y00/persistent_worker.py', 'abstract://comfy_worker_073546cb92c8']...
  [ComfyUI] [SubprocessWorker] launching cmd=['/tmp/comfytest-home/.pixi/bin/pixi', 'run', '--as-is', '--manifest-path', '/tmp/comfytest-home/.ce/pixi.toml', '-e', 'geometrypack-nodes', 'python', '/tmp/comfyui_pvenv_d4mj4y00/persistent_worker.py', 'abstract://comfy_worker_073546cb92c8']...
  [ComfyUI] [SubprocessWorker] launching cmd=['/tmp/comfytest-home/.pixi/bin/pixi', 'run', '--as-is', '--manifest-path', '/tmp/comfytest-home/.ce/pixi.toml', '-e', 'geometrypack-nodes', 'python', '/tmp/comfyui_pvenv_d4mj4y00/persistent_worker.py', 'abstract://comfy_worker_073546cb92c8']...
  [ComfyUI] [SubprocessWorker] launching cmd=['/tmp/comfytest-home/.pixi/bin/pixi', 'run', '--as-is', '--manifest-path', '/tmp/comfytest-home/.ce/pixi.toml', '-e', 'geometrypack-nodes', 'python', '/tmp/comfyui_pvenv_d4mj4y00/persistent_worker.py', 'abstract://comfy_worker_073546cb92c8']...
  [ComfyUI] [SubprocessWorker] launching cmd=['/tmp/comfytest-home/.pixi/bin/pixi', 'run', '--as-is', '--manifest-path', '/tmp/comfytest-home/.ce/pixi.toml', '-e', 'geometrypack-nodes', 'python', '/tmp/comfyui_pvenv_d4mj4y00/persistent_worker.py', 'abstract://comfy_worker_073546cb92c8']...
  [ComfyUI] [SubprocessWorker] launching cmd=['/tmp/comfytest-home/.pixi/bin/pixi', 'run', '--as-is', '--manifest-path', '/tmp/comfytest-home/.ce/pixi.toml', '-e', 'geometrypack-nodes', 'python', '/tmp/comfyui_pvenv_d4mj4y00/persistent_worker.py', 'abstract://comfy_worker_073546cb92c8']...
  [ComfyUI] [SubprocessWorker] launching cmd=['/tmp/comfytest-home/.pixi/bin/pixi', 'run', '--as-is', '--manifest-path', '/tmp/comfytest-home/.ce/pixi.toml', '-e', 'geometrypack-nodes', 'python', '/tmp/comfyui_pvenv_d4mj4y00/persistent_worker.py', 'abstract://comfy_worker_073546cb92c8']...
  [ComfyUI]     Inputs: {"backend": "cgal", "backend.quality": "triangulate", "report_panel": "false", "mesh": ["1", 0]}
  [ComfyUI]     Inputs: {"backend": "cgal", "backend.quality": "triangulate", "report_panel": "false", "mesh": ["1", 0]}
  [ComfyUI]     Inputs: {"backend": "cgal", "backend.quality": "triangulate", "report_panel": "false", "mesh": ["1", 0]}
  [ComfyUI]     Inputs: {"backend": "cgal", "backend.quality": "triangulate", "report_panel": "false", "mesh": ["1", 0]}
  [ComfyUI]     Inputs: {"backend": "cgal", "backend.quality": "triangulate", "report_panel": "false", "mesh": ["1", 0]}
  [ComfyUI]     Inputs: {"backend": "cgal", "backend.quality": "triangulate", "report_panel": "false", "mesh": ["1", 0]}
  [ComfyUI]     Inputs: {"backend": "cgal", "backend.quality": "triangulate", "report_panel": "false", "mesh": ["1", 0]}
  [ComfyUI]     Inputs: {"backend": "cgal", "backend.quality": "triangulate", "report_panel": "false", "mesh": ["1", 0]}
  [ComfyUI] [SubprocessWorker] socket_addr=abstract://comfy_worker_073546cb92c8 (abstract, no filesystem path)
  [ComfyUI] [SubprocessWorker] socket_addr=abstract://comfy_worker_073546cb92c8 (abstract, no filesystem path)
  [ComfyUI] [SubprocessWorker] socket_addr=abstract://comfy_worker_073546cb92c8 (abstract, no filesystem path)
  [ComfyUI] [SubprocessWorker] socket_addr=abstract://comfy_worker_073546cb92c8 (abstract, no filesystem path)
  [ComfyUI] [SubprocessWorker] socket_addr=abstract://comfy_worker_073546cb92c8 (abstract, no filesystem path)
  [ComfyUI] [SubprocessWorker] socket_addr=abstract://comfy_worker_073546cb92c8 (abstract, no filesystem path)
  [ComfyUI] [SubprocessWorker] socket_addr=abstract://comfy_worker_073546cb92c8 (abstract, no filesystem path)
  [ComfyUI] [SubprocessWorker] socket_addr=abstract://comfy_worker_073546cb92c8 (abstract, no filesystem path)
  [ComfyUI]   Node 7: GeomPackFillHoles
  [ComfyUI]   Node 7: GeomPackFillHoles
  [ComfyUI]   Node 7: GeomPackFillHoles
  [ComfyUI]   Node 7: GeomPackFillHoles
  [ComfyUI]   Node 7: GeomPackFillHoles
  [ComfyUI]   Node 7: GeomPackFillHoles
  [ComfyUI]   Node 7: GeomPackFillHoles
  [ComfyUI]   Node 7: GeomPackFillHoles
  [ComfyUI]     Inputs: {"backend": "gpu_cumesh", "backend.perimeter": 20, "report_panel": "false", "mesh": ["1", 0]}
  [ComfyUI]     Inputs: {"backend": "gpu_cumesh", "backend.perimeter": 20, "report_panel": "false", "mesh": ["1", 0]}
  [ComfyUI]     Inputs: {"backend": "gpu_cumesh", "backend.perimeter": 20, "report_panel": "false", "mesh": ["1", 0]}
  [ComfyUI]     Inputs: {"backend": "gpu_cumesh", "backend.perimeter": 20, "report_panel": "false", "mesh": ["1", 0]}
  [ComfyUI]     Inputs: {"backend": "gpu_cumesh", "backend.perimeter": 20, "report_panel": "false", "mesh": ["1", 0]}
  [ComfyUI]     Inputs: {"backend": "gpu_cumesh", "backend.perimeter": 20, "report_panel": "false", "mesh": ["1", 0]}
  [ComfyUI]     Inputs: {"backend": "gpu_cumesh", "backend.perimeter": 20, "report_panel": "false", "mesh": ["1", 0]}
  [ComfyUI]     Inputs: {"backend": "gpu_cumesh", "backend.perimeter": 20, "report_panel": "false", "mesh": ["1", 0]}
  [ComfyUI]   Node 8: GeomPackPreviewMeshMulti
  [ComfyUI]   Node 8: GeomPackPreviewMeshMulti
  [ComfyUI]   Node 8: GeomPackPreviewMeshMulti
  [ComfyUI]   Node 8: GeomPackPreviewMeshMulti
  [ComfyUI]   Node 8: GeomPackPreviewMeshMulti
  [ComfyUI]   Node 8: GeomPackPreviewMeshMulti
  [ComfyUI]   Node 8: GeomPackPreviewMeshMulti
  [ComfyUI]   Node 8: GeomPackPreviewMeshMulti
  [ComfyUI]     Inputs: {"mode": "fields", "preview_multi": "{\"show_edges\":true,\"camera_state\":\"{\\\"position\\\":[0.3450675952860498,-1.1296206877012935,-0.7853370972660157],\\\"focalPoint\\\":[0.000001996755599975586,
  [ComfyUI]     Inputs: {"mode": "fields", "preview_multi": "{\"show_edges\":true,\"camera_state\":\"{\\\"position\\\":[0.3450675952860498,-1.1296206877012935,-0.7853370972660157],\\\"focalPoint\\\":[0.000001996755599975586,
  [ComfyUI]     Inputs: {"mode": "fields", "preview_multi": "{\"show_edges\":true,\"camera_state\":\"{\\\"position\\\":[0.3450675952860498,-1.1296206877012935,-0.7853370972660157],\\\"focalPoint\\\":[0.000001996755599975586,
  [ComfyUI]     Inputs: {"mode": "fields", "preview_multi": "{\"show_edges\":true,\"camera_state\":\"{\\\"position\\\":[0.3450675952860498,-1.1296206877012935,-0.7853370972660157],\\\"focalPoint\\\":[0.000001996755599975586,
  [ComfyUI]     Inputs: {"mode": "fields", "preview_multi": "{\"show_edges\":true,\"camera_state\":\"{\\\"position\\\":[0.3450675952860498,-1.1296206877012935,-0.7853370972660157],\\\"focalPoint\\\":[0.000001996755599975586,
  [ComfyUI]     Inputs: {"mode": "fields", "preview_multi": "{\"show_edges\":true,\"camera_state\":\"{\\\"position\\\":[0.3450675952860498,-1.1296206877012935,-0.7853370972660157],\\\"focalPoint\\\":[0.000001996755599975586,
  [ComfyUI]     Inputs: {"mode": "fields", "preview_multi": "{\"show_edges\":true,\"camera_state\":\"{\\\"position\\\":[0.3450675952860498,-1.1296206877012935,-0.7853370972660157],\\\"focalPoint\\\":[0.000001996755599975586,
  [ComfyUI]     Inputs: {"mode": "fields", "preview_multi": "{\"show_edges\":true,\"camera_state\":\"{\\\"position\\\":[0.3450675952860498,-1.1296206877012935,-0.7853370972660157],\\\"focalPoint\\\":[0.000001996755599975586,
  [ComfyUI]   Node 9: GeomPackPreviewMeshMulti
  [ComfyUI]   Node 9: GeomPackPreviewMeshMulti
  [ComfyUI]   Node 9: GeomPackPreviewMeshMulti
  [ComfyUI]   Node 9: GeomPackPreviewMeshMulti
  [ComfyUI]   Node 9: GeomPackPreviewMeshMulti
  [ComfyUI]   Node 9: GeomPackPreviewMeshMulti
  [ComfyUI]   Node 9: GeomPackPreviewMeshMulti
  [ComfyUI]   Node 9: GeomPackPreviewMeshMulti
  [ComfyUI]     Inputs: {"mode": "fields", "preview_multi": "{\"show_edges\":true,\"camera_state\":\"{\\\"position\\\":[0.3450675952860498,-1.1296206877012935,-0.7853370972660157],\\\"focalPoint\\\":[0.000001996755599975586,
  [ComfyUI]     Inputs: {"mode": "fields", "preview_multi": "{\"show_edges\":true,\"camera_state\":\"{\\\"position\\\":[0.3450675952860498,-1.1296206877012935,-0.7853370972660157],\\\"focalPoint\\\":[0.000001996755599975586,
  [ComfyUI]     Inputs: {"mode": "fields", "preview_multi": "{\"show_edges\":true,\"camera_state\":\"{\\\"position\\\":[0.3450675952860498,-1.1296206877012935,-0.7853370972660157],\\\"focalPoint\\\":[0.000001996755599975586,
  [ComfyUI]     Inputs: {"mode": "fields", "preview_multi": "{\"show_edges\":true,\"camera_state\":\"{\\\"position\\\":[0.3450675952860498,-1.1296206877012935,-0.7853370972660157],\\\"focalPoint\\\":[0.000001996755599975586,
  [ComfyUI]     Inputs: {"mode": "fields", "preview_multi": "{\"show_edges\":true,\"camera_state\":\"{\\\"position\\\":[0.3450675952860498,-1.1296206877012935,-0.7853370972660157],\\\"focalPoint\\\":[0.000001996755599975586,
  [ComfyUI]     Inputs: {"mode": "fields", "preview_multi": "{\"show_edges\":true,\"camera_state\":\"{\\\"position\\\":[0.3450675952860498,-1.1296206877012935,-0.7853370972660157],\\\"focalPoint\\\":[0.000001996755599975586,
  [ComfyUI]     Inputs: {"mode": "fields", "preview_multi": "{\"show_edges\":true,\"camera_state\":\"{\\\"position\\\":[0.3450675952860498,-1.1296206877012935,-0.7853370972660157],\\\"focalPoint\\\":[0.000001996755599975586,
  [ComfyUI]     Inputs: {"mode": "fields", "preview_multi": "{\"show_edges\":true,\"camera_state\":\"{\\\"position\\\":[0.3450675952860498,-1.1296206877012935,-0.7853370972660157],\\\"focalPoint\\\":[0.000001996755599975586,
  [ComfyUI] Generated prompt_id: 1bb76871-a91b-4d27-b579-29447e020395
  [ComfyUI] Generated prompt_id: 1bb76871-a91b-4d27-b579-29447e020395
  [ComfyUI] Generated prompt_id: 1bb76871-a91b-4d27-b579-29447e020395
  [ComfyUI] Generated prompt_id: 1bb76871-a91b-4d27-b579-29447e020395
  [ComfyUI] Generated prompt_id: 1bb76871-a91b-4d27-b579-29447e020395
  [ComfyUI] Generated prompt_id: 1bb76871-a91b-4d27-b579-29447e020395
  [ComfyUI] Generated prompt_id: 1bb76871-a91b-4d27-b579-29447e020395
  [ComfyUI] Generated prompt_id: 1bb76871-a91b-4d27-b579-29447e020395
  [ComfyUI] Calling execution.validate_prompt()...
  [ComfyUI] Calling execution.validate_prompt()...
  [ComfyUI] Calling execution.validate_prompt()...
  [ComfyUI] Calling execution.validate_prompt()...
  [ComfyUI] Calling execution.validate_prompt()...
  [ComfyUI] Calling execution.validate_prompt()...
  [ComfyUI] Calling execution.validate_prompt()...
  [ComfyUI] Calling execution.validate_prompt()...
  [ComfyUI] Validation result: valid=True
  [ComfyUI] Validation result: valid=True
  [ComfyUI] Validation result: valid=True
  [ComfyUI] Validation result: valid=True
  [ComfyUI] Validation result: valid=True
  [ComfyUI] Validation result: valid=True
  [ComfyUI] Validation result: valid=True
  [ComfyUI] Validation result: valid=True
  [ComfyUI] === Validation PASSED ===
  [ComfyUI] === Validation PASSED ===
  [ComfyUI] === Validation PASSED ===
  [ComfyUI] === Validation PASSED ===
  [ComfyUI] === Validation PASSED ===
  [ComfyUI] === Validation PASSED ===
  [ComfyUI] === Validation PASSED ===
  [ComfyUI] === Validation PASSED ===
  [ComfyUI] got prompt
  [ComfyUI] got prompt
  [ComfyUI] got prompt
  [ComfyUI] got prompt
  [ComfyUI] got prompt
  [ComfyUI] got prompt
  [ComfyUI] got prompt
  [ComfyUI] got prompt
  [ComfyUI] [comfy-env] Running GeomPackLoadMesh: file_path: '3d/camelhead.off'
  [ComfyUI] [comfy-env] Running GeomPackLoadMesh: file_path: '3d/camelhead.off'
  [ComfyUI] [comfy-env] Running GeomPackLoadMesh: file_path: '3d/camelhead.off'
  [ComfyUI] [comfy-env] Running GeomPackLoadMesh: file_path: '3d/camelhead.off'
  [ComfyUI] [comfy-env] Running GeomPackLoadMesh: file_path: '3d/camelhead.off'
  [ComfyUI] [comfy-env] Running GeomPackLoadMesh: file_path: '3d/camelhead.off'
  [ComfyUI] [comfy-env] Running GeomPackLoadMesh: file_path: '3d/camelhead.off'
  [ComfyUI] [comfy-env] Running GeomPackLoadMesh: file_path: '3d/camelhead.off'
  [ComfyUI] [VRAM] Before GeomPackLoadMesh: 303 / 24124 MB
  [ComfyUI] [VRAM] Before GeomPackLoadMesh: 303 / 24124 MB
  [ComfyUI] [VRAM] Before GeomPackLoadMesh: 303 / 24124 MB
  [ComfyUI] [VRAM] Before GeomPackLoadMesh: 303 / 24124 MB
  [ComfyUI] [VRAM] Before GeomPackLoadMesh: 303 / 24124 MB
  [ComfyUI] [VRAM] Before GeomPackLoadMesh: 303 / 24124 MB
  [ComfyUI] [VRAM] Before GeomPackLoadMesh: 303 / 24124 MB
  [ComfyUI] [VRAM] Before GeomPackLoadMesh: 303 / 24124 MB
  [ComfyUI] [SubprocessWorker] call_method: nodes.io.load_mesh.LoadMesh.EXECUTE_NORMALIZED
  [ComfyUI] [SubprocessWorker] call_method: nodes.io.load_mesh.LoadMesh.EXECUTE_NORMALIZED
  [ComfyUI] [SubprocessWorker] call_method: nodes.io.load_mesh.LoadMesh.EXECUTE_NORMALIZED
  [ComfyUI] [SubprocessWorker] call_method: nodes.io.load_mesh.LoadMesh.EXECUTE_NORMALIZED
  [ComfyUI] [SubprocessWorker] call_method: nodes.io.load_mesh.LoadMesh.EXECUTE_NORMALIZED
  [ComfyUI] [SubprocessWorker] call_method: nodes.io.load_mesh.LoadMesh.EXECUTE_NORMALIZED
  [ComfyUI] [SubprocessWorker] call_method: nodes.io.load_mesh.LoadMesh.EXECUTE_NORMALIZED
  [ComfyUI] [SubprocessWorker] call_method: nodes.io.load_mesh.LoadMesh.EXECUTE_NORMALIZED
  [ComfyUI] [SubprocessWorker] acquired lock, ensuring started...
  [ComfyUI] [SubprocessWorker] acquired lock, ensuring started...
  [ComfyUI] [SubprocessWorker] acquired lock, ensuring started...
  [ComfyUI] [SubprocessWorker] acquired lock, ensuring started...
  [ComfyUI] [SubprocessWorker] acquired lock, ensuring started...
  [ComfyUI] [SubprocessWorker] acquired lock, ensuring started...
  [ComfyUI] [SubprocessWorker] acquired lock, ensuring started...
  [ComfyUI] [SubprocessWorker] acquired lock, ensuring started...
  [ComfyUI] [worker:ComfyUI-GeometryPack] ERROR: Failed to import comfy_kitchen, Error: No module named 'comfy_kitchen', fp8 and fp4 support will not be available.
  [ComfyUI] [worker:ComfyUI-GeometryPack] ERROR: Failed to import comfy_kitchen, Error: No module named 'comfy_kitchen', fp8 and fp4 support will not be available.
  [ComfyUI] [worker:ComfyUI-GeometryPack] ERROR: Failed to import comfy_kitchen, Error: No module named 'comfy_kitchen', fp8 and fp4 support will not be available.
  [ComfyUI] [worker:ComfyUI-GeometryPack] ERROR: Failed to import comfy_kitchen, Error: No module named 'comfy_kitchen', fp8 and fp4 support will not be available.
  [ComfyUI] [worker:ComfyUI-GeometryPack] ERROR: Failed to import comfy_kitchen, Error: No module named 'comfy_kitchen', fp8 and fp4 support will not be available.
  [ComfyUI] [worker:ComfyUI-GeometryPack] ERROR: Failed to import comfy_kitchen, Error: No module named 'comfy_kitchen', fp8 and fp4 support will not be available.
  [ComfyUI] [worker:ComfyUI-GeometryPack] ERROR: Failed to import comfy_kitchen, Error: No module named 'comfy_kitchen', fp8 and fp4 support will not be available.
  [ComfyUI] [worker:ComfyUI-GeometryPack] ERROR: Failed to import comfy_kitchen, Error: No module named 'comfy_kitchen', fp8 and fp4 support will not be available.
  [ComfyUI] [SubprocessWorker] worker started/confirmed
  [ComfyUI] [SubprocessWorker] worker started/confirmed
  [ComfyUI] [SubprocessWorker] worker started/confirmed
  [ComfyUI] [SubprocessWorker] worker started/confirmed
  [ComfyUI] [SubprocessWorker] worker started/confirmed
  [ComfyUI] [SubprocessWorker] worker started/confirmed
  [ComfyUI] [SubprocessWorker] worker started/confirmed
  [ComfyUI] [SubprocessWorker] worker started/confirmed
  [ComfyUI] [SubprocessWorker] serializing kwargs to shm...
  [ComfyUI] [SubprocessWorker] serializing kwargs to shm...
  [ComfyUI] [SubprocessWorker] serializing kwargs to shm...
  [ComfyUI] [SubprocessWorker] serializing kwargs to shm...
  [ComfyUI] [SubprocessWorker] serializing kwargs to shm...
  [ComfyUI] [SubprocessWorker] serializing kwargs to shm...
  [ComfyUI] [SubprocessWorker] serializing kwargs to shm...
  [ComfyUI] [SubprocessWorker] serializing kwargs to shm...
  [ComfyUI] [SubprocessWorker] created 0 shm blocks
  [ComfyUI] [SubprocessWorker] created 0 shm blocks
  [ComfyUI] [SubprocessWorker] created 0 shm blocks
  [ComfyUI] [SubprocessWorker] created 0 shm blocks
  [ComfyUI] [SubprocessWorker] created 0 shm blocks
  [ComfyUI] [SubprocessWorker] created 0 shm blocks
  [ComfyUI] [SubprocessWorker] created 0 shm blocks
  [ComfyUI] [SubprocessWorker] created 0 shm blocks
  [ComfyUI] [SubprocessWorker] sending request via socket...
  [ComfyUI] [SubprocessWorker] sending request via socket...
  [ComfyUI] [SubprocessWorker] sending request via socket...
  [ComfyUI] [SubprocessWorker] sending request via socket...
  [ComfyUI] [SubprocessWorker] sending request via socket...
  [ComfyUI] [SubprocessWorker] sending request via socket...
  [ComfyUI] [SubprocessWorker] sending request via socket...
  [ComfyUI] [SubprocessWorker] sending request via socket...
  [ComfyUI] [SubprocessWorker] call_id=1 sending call_method
  [ComfyUI] [SubprocessWorker] call_id=1 sending call_method
  [ComfyUI] [SubprocessWorker] call_id=1 sending call_method
  [ComfyUI] [SubprocessWorker] call_id=1 sending call_method
  [ComfyUI] [SubprocessWorker] call_id=1 sending call_method
  [ComfyUI] [SubprocessWorker] call_id=1 sending call_method
  [ComfyUI] [SubprocessWorker] call_id=1 sending call_method
  [ComfyUI] [SubprocessWorker] call_id=1 sending call_method
  Frame 2 saved (frame_001.jpg, t=2.5s)
  [capture-periodic] freeze=4ms shot=196ms unfreeze=4ms saved=True
  [ComfyUI] [worker:ComfyUI-GeometryPack] INFO: Found mesh in input folder: 3d/camelhead.off
  [ComfyUI] [worker:ComfyUI-GeometryPack] INFO: Found mesh in input folder: 3d/camelhead.off
  [ComfyUI] [worker:ComfyUI-GeometryPack] INFO: Found mesh in input folder: 3d/camelhead.off
  [ComfyUI] [worker:ComfyUI-GeometryPack] INFO: Found mesh in input folder: 3d/camelhead.off
  [ComfyUI] [worker:ComfyUI-GeometryPack] INFO: Found mesh in input folder: 3d/camelhead.off
  [ComfyUI] [worker:ComfyUI-GeometryPack] INFO: Found mesh in input folder: 3d/camelhead.off
  [ComfyUI] [worker:ComfyUI-GeometryPack] INFO: Found mesh in input folder: 3d/camelhead.off
  [ComfyUI] [worker:ComfyUI-GeometryPack] INFO: Found mesh in input folder: 3d/camelhead.off
  [ComfyUI] [worker:ComfyUI-GeometryPack] INFO: Loading: /workspaces/GeometryPack-2138/ComfyUI/input/3d/camelhead.off
  [ComfyUI] [worker:ComfyUI-GeometryPack] INFO: Loading: /workspaces/GeometryPack-2138/ComfyUI/input/3d/camelhead.off
  [ComfyUI] [worker:ComfyUI-GeometryPack] INFO: Loading: /workspaces/GeometryPack-2138/ComfyUI/input/3d/camelhead.off
  [ComfyUI] [worker:ComfyUI-GeometryPack] INFO: Loading: /workspaces/GeometryPack-2138/ComfyUI/input/3d/camelhead.off
  [ComfyUI] [worker:ComfyUI-GeometryPack] INFO: Loading: /workspaces/GeometryPack-2138/ComfyUI/input/3d/camelhead.off
  [ComfyUI] [worker:ComfyUI-GeometryPack] INFO: Loading: /workspaces/GeometryPack-2138/ComfyUI/input/3d/camelhead.off
  [ComfyUI] [worker:ComfyUI-GeometryPack] INFO: Loading: /workspaces/GeometryPack-2138/ComfyUI/input/3d/camelhead.off
  [ComfyUI] [worker:ComfyUI-GeometryPack] INFO: Loading: /workspaces/GeometryPack-2138/ComfyUI/input/3d/camelhead.off
  [ComfyUI] [worker:ComfyUI-GeometryPack] INFO: Initial mesh: 11381 vertices, 22704 faces
  [ComfyUI] [worker:ComfyUI-GeometryPack] INFO: Initial mesh: 11381 vertices, 22704 faces
  [ComfyUI] [worker:ComfyUI-GeometryPack] INFO: Initial mesh: 11381 vertices, 22704 faces
  [ComfyUI] [worker:ComfyUI-GeometryPack] INFO: Initial mesh: 11381 vertices, 22704 faces
  [ComfyUI] [worker:ComfyUI-GeometryPack] INFO: Initial mesh: 11381 vertices, 22704 faces
  [ComfyUI] [worker:ComfyUI-GeometryPack] INFO: Initial mesh: 11381 vertices, 22704 faces
  [ComfyUI] [worker:ComfyUI-GeometryPack] INFO: Initial mesh: 11381 vertices, 22704 faces
  [ComfyUI] [worker:ComfyUI-GeometryPack] INFO: Initial mesh: 11381 vertices, 22704 faces
  [ComfyUI] [worker:ComfyUI-GeometryPack] INFO: Successfully loaded: 11381 vertices, 22704 faces
  [ComfyUI] [worker:ComfyUI-GeometryPack] INFO: Successfully loaded: 11381 vertices, 22704 faces
  [ComfyUI] [worker:ComfyUI-GeometryPack] INFO: Successfully loaded: 11381 vertices, 22704 faces
  [ComfyUI] [worker:ComfyUI-GeometryPack] INFO: Successfully loaded: 11381 vertices, 22704 faces
  [ComfyUI] [worker:ComfyUI-GeometryPack] INFO: Successfully loaded: 11381 vertices, 22704 faces
  [ComfyUI] [worker:ComfyUI-GeometryPack] INFO: Successfully loaded: 11381 vertices, 22704 faces
  [ComfyUI] [worker:ComfyUI-GeometryPack] INFO: Successfully loaded: 11381 vertices, 22704 faces
  [ComfyUI] [worker:ComfyUI-GeometryPack] INFO: Successfully loaded: 11381 vertices, 22704 faces
  [ComfyUI] [worker:ComfyUI-GeometryPack] INFO: Loaded: 11381 vertices, 22704 faces
  [ComfyUI] [worker:ComfyUI-GeometryPack] INFO: Loaded: 11381 vertices, 22704 faces
  [ComfyUI] [worker:ComfyUI-GeometryPack] INFO: Loaded: 11381 vertices, 22704 faces
  [ComfyUI] [worker:ComfyUI-GeometryPack] INFO: Loaded: 11381 vertices, 22704 faces
  [ComfyUI] [worker:ComfyUI-GeometryPack] INFO: Loaded: 11381 vertices, 22704 faces
  [ComfyUI] [worker:ComfyUI-GeometryPack] INFO: Loaded: 11381 vertices, 22704 faces
  [ComfyUI] [worker:ComfyUI-GeometryPack] INFO: Loaded: 11381 vertices, 22704 faces
  [ComfyUI] [worker:ComfyUI-GeometryPack] INFO: Loaded: 11381 vertices, 22704 faces
  [ComfyUI] [SubprocessWorker] got response: ok
  [ComfyUI] [SubprocessWorker] got response: ok
  [ComfyUI] [SubprocessWorker] got response: ok
  [ComfyUI] [SubprocessWorker] got response: ok
  [ComfyUI] [SubprocessWorker] got response: ok
  [ComfyUI] [SubprocessWorker] got response: ok
  [ComfyUI] [SubprocessWorker] got response: ok
  [ComfyUI] [SubprocessWorker] got response: ok
  [ComfyUI] [comfy-env] GeomPackLoadMesh done (4.18s): result: NodeOutput
  [ComfyUI] [comfy-env] GeomPackLoadMesh done (4.18s): result: NodeOutput
  [ComfyUI] [comfy-env] GeomPackLoadMesh done (4.18s): result: NodeOutput
  [ComfyUI] [comfy-env] GeomPackLoadMesh done (4.18s): result: NodeOutput
  [ComfyUI] [comfy-env] GeomPackLoadMesh done (4.18s): result: NodeOutput
  [ComfyUI] [comfy-env] GeomPackLoadMesh done (4.18s): result: NodeOutput
  [ComfyUI] [comfy-env] GeomPackLoadMesh done (4.18s): result: NodeOutput
  [ComfyUI] [comfy-env] GeomPackLoadMesh done (4.18s): result: NodeOutput
  [ComfyUI] [VRAM] After GeomPackLoadMesh: 564 / 24124 MB
  [ComfyUI] [VRAM] After GeomPackLoadMesh: 564 / 24124 MB
  [ComfyUI] [VRAM] After GeomPackLoadMesh: 564 / 24124 MB
  [ComfyUI] [VRAM] After GeomPackLoadMesh: 564 / 24124 MB
  [ComfyUI] [VRAM] After GeomPackLoadMesh: 564 / 24124 MB
  [ComfyUI] [VRAM] After GeomPackLoadMesh: 564 / 24124 MB
  [ComfyUI] [VRAM] After GeomPackLoadMesh: 564 / 24124 MB
  [ComfyUI] [VRAM] After GeomPackLoadMesh: 564 / 24124 MB
  [ComfyUI] [comfy-env] Running GeomPackFillHoles: backend: dict, mesh: Trimesh
  [ComfyUI] [comfy-env] Running GeomPackFillHoles: backend: dict, mesh: Trimesh
  [ComfyUI] [comfy-env] Running GeomPackFillHoles: backend: dict, mesh: Trimesh
  [ComfyUI] [comfy-env] Running GeomPackFillHoles: backend: dict, mesh: Trimesh
  [ComfyUI] [comfy-env] Running GeomPackFillHoles: backend: dict, mesh: Trimesh
  [ComfyUI] [comfy-env] Running GeomPackFillHoles: backend: dict, mesh: Trimesh
  [ComfyUI] [comfy-env] Running GeomPackFillHoles: backend: dict, mesh: Trimesh
  [ComfyUI] [comfy-env] Running GeomPackFillHoles: backend: dict, mesh: Trimesh
  [ComfyUI] [VRAM] Before GeomPackFillHoles: 564 / 24124 MB
  [ComfyUI] [VRAM] Before GeomPackFillHoles: 564 / 24124 MB
  [ComfyUI] [VRAM] Before GeomPackFillHoles: 564 / 24124 MB
  [ComfyUI] [VRAM] Before GeomPackFillHoles: 564 / 24124 MB
  [ComfyUI] [VRAM] Before GeomPackFillHoles: 564 / 24124 MB
  [ComfyUI] [VRAM] Before GeomPackFillHoles: 564 / 24124 MB
  [ComfyUI] [VRAM] Before GeomPackFillHoles: 564 / 24124 MB
  [ComfyUI] [VRAM] Before GeomPackFillHoles: 564 / 24124 MB
  [ComfyUI] [SubprocessWorker] call_method: nodes.repair.fill_holes.FillHolesNode.EXECUTE_NORMALIZED
  [ComfyUI] [SubprocessWorker] call_method: nodes.repair.fill_holes.FillHolesNode.EXECUTE_NORMALIZED
  [ComfyUI] [SubprocessWorker] call_method: nodes.repair.fill_holes.FillHolesNode.EXECUTE_NORMALIZED
  [ComfyUI] [SubprocessWorker] call_method: nodes.repair.fill_holes.FillHolesNode.EXECUTE_NORMALIZED
  [ComfyUI] [SubprocessWorker] call_method: nodes.repair.fill_holes.FillHolesNode.EXECUTE_NORMALIZED
  [ComfyUI] [SubprocessWorker] call_method: nodes.repair.fill_holes.FillHolesNode.EXECUTE_NORMALIZED
  [ComfyUI] [SubprocessWorker] call_method: nodes.repair.fill_holes.FillHolesNode.EXECUTE_NORMALIZED
  [ComfyUI] [SubprocessWorker] call_method: nodes.repair.fill_holes.FillHolesNode.EXECUTE_NORMALIZED
  [ComfyUI] [SubprocessWorker] acquired lock, ensuring started...
  [ComfyUI] [SubprocessWorker] acquired lock, ensuring started...
  [ComfyUI] [SubprocessWorker] acquired lock, ensuring started...
  [ComfyUI] [SubprocessWorker] acquired lock, ensuring started...
  [ComfyUI] [SubprocessWorker] acquired lock, ensuring started...
  [ComfyUI] [SubprocessWorker] acquired lock, ensuring started...
  [ComfyUI] [SubprocessWorker] acquired lock, ensuring started...
  [ComfyUI] [SubprocessWorker] acquired lock, ensuring started...
  [ComfyUI] [ComfyUI-GeometryPack] Health check: ping (timeout=5.0s)...
  [ComfyUI] [ComfyUI-GeometryPack] Health check: ping (timeout=5.0s)...
  [ComfyUI] [ComfyUI-GeometryPack] Health check: ping (timeout=5.0s)...
  [ComfyUI] [ComfyUI-GeometryPack] Health check: ping (timeout=5.0s)...
  [ComfyUI] [ComfyUI-GeometryPack] Health check: ping (timeout=5.0s)...
  [ComfyUI] [ComfyUI-GeometryPack] Health check: ping (timeout=5.0s)...
  [ComfyUI] [ComfyUI-GeometryPack] Health check: ping (timeout=5.0s)...
  [ComfyUI] [ComfyUI-GeometryPack] Health check: ping (timeout=5.0s)...
  [ComfyUI] [ComfyUI-GeometryPack] Health check: ok
  [ComfyUI] [ComfyUI-GeometryPack] Health check: ok
  [ComfyUI] [ComfyUI-GeometryPack] Health check: ok
  [ComfyUI] [ComfyUI-GeometryPack] Health check: ok
  [ComfyUI] [ComfyUI-GeometryPack] Health check: ok
  [ComfyUI] [ComfyUI-GeometryPack] Health check: ok
  [ComfyUI] [ComfyUI-GeometryPack] Health check: ok
  [ComfyUI] [ComfyUI-GeometryPack] Health check: ok
  [ComfyUI] [SubprocessWorker] worker started/confirmed
  [ComfyUI] [SubprocessWorker] worker started/confirmed
  [ComfyUI] [SubprocessWorker] worker started/confirmed
  [ComfyUI] [SubprocessWorker] worker started/confirmed
  [ComfyUI] [SubprocessWorker] worker started/confirmed
  [ComfyUI] [SubprocessWorker] worker started/confirmed
  [ComfyUI] [SubprocessWorker] worker started/confirmed
  [ComfyUI] [SubprocessWorker] worker started/confirmed
  [ComfyUI] [SubprocessWorker] serializing kwargs to shm...
  [ComfyUI] [SubprocessWorker] serializing kwargs to shm...
  [ComfyUI] [SubprocessWorker] serializing kwargs to shm...
  [ComfyUI] [SubprocessWorker] serializing kwargs to shm...
  [ComfyUI] [SubprocessWorker] serializing kwargs to shm...
  [ComfyUI] [SubprocessWorker] serializing kwargs to shm...
  [ComfyUI] [SubprocessWorker] serializing kwargs to shm...
  [ComfyUI] [SubprocessWorker] serializing kwargs to shm...
  [ComfyUI] [SubprocessWorker] created 1 shm blocks
  [ComfyUI] [SubprocessWorker] created 1 shm blocks
  [ComfyUI] [SubprocessWorker] created 1 shm blocks
  [ComfyUI] [SubprocessWorker] created 1 shm blocks
  [ComfyUI] [SubprocessWorker] created 1 shm blocks
  [ComfyUI] [SubprocessWorker] created 1 shm blocks
  [ComfyUI] [SubprocessWorker] created 1 shm blocks
  [ComfyUI] [SubprocessWorker] created 1 shm blocks
  [ComfyUI] [SubprocessWorker] sending request via socket...
  [ComfyUI] [SubprocessWorker] sending request via socket...
  [ComfyUI] [SubprocessWorker] sending request via socket...
  [ComfyUI] [SubprocessWorker] sending request via socket...
  [ComfyUI] [SubprocessWorker] sending request via socket...
  [ComfyUI] [SubprocessWorker] sending request via socket...
  [ComfyUI] [SubprocessWorker] sending request via socket...
  [ComfyUI] [SubprocessWorker] sending request via socket...
  [ComfyUI] [SubprocessWorker] call_id=2 sending call_method
  [ComfyUI] [SubprocessWorker] call_id=2 sending call_method
  [ComfyUI] [SubprocessWorker] call_id=2 sending call_method
  [ComfyUI] [SubprocessWorker] call_id=2 sending call_method
  [ComfyUI] [SubprocessWorker] call_id=2 sending call_method
  [ComfyUI] [SubprocessWorker] call_id=2 sending call_method
  [ComfyUI] [SubprocessWorker] call_id=2 sending call_method
  [ComfyUI] [SubprocessWorker] call_id=2 sending call_method
  [ComfyUI] [worker:ComfyUI-GeometryPack] INFO: Fill Holes dispatch: gpu_cumesh -> GeomPackFillHoles_GPU
  [ComfyUI] [worker:ComfyUI-GeometryPack] INFO: Fill Holes dispatch: gpu_cumesh -> GeomPackFillHoles_GPU
  [ComfyUI] [worker:ComfyUI-GeometryPack] INFO: Fill Holes dispatch: gpu_cumesh -> GeomPackFillHoles_GPU
  [ComfyUI] [worker:ComfyUI-GeometryPack] INFO: Fill Holes dispatch: gpu_cumesh -> GeomPackFillHoles_GPU
  [ComfyUI] [worker:ComfyUI-GeometryPack] INFO: Fill Holes dispatch: gpu_cumesh -> GeomPackFillHoles_GPU
  [ComfyUI] [worker:ComfyUI-GeometryPack] INFO: Fill Holes dispatch: gpu_cumesh -> GeomPackFillHoles_GPU
  [ComfyUI] [worker:ComfyUI-GeometryPack] INFO: Fill Holes dispatch: gpu_cumesh -> GeomPackFillHoles_GPU
  [ComfyUI] [worker:ComfyUI-GeometryPack] INFO: Fill Holes dispatch: gpu_cumesh -> GeomPackFillHoles_GPU
  [ComfyUI] [SubprocessWorker] got response: ok
  [ComfyUI] [SubprocessWorker] got response: ok
  [ComfyUI] [SubprocessWorker] got response: ok
  [ComfyUI] [SubprocessWorker] got response: ok
  [ComfyUI] [SubprocessWorker] got response: ok
  [ComfyUI] [SubprocessWorker] got response: ok
  [ComfyUI] [SubprocessWorker] got response: ok
  [ComfyUI] [SubprocessWorker] got response: ok
  [ComfyUI] [comfy-env] GeomPackFillHoles done (0.09s): result: NodeOutput
  [ComfyUI] [comfy-env] GeomPackFillHoles done (0.09s): result: NodeOutput
  [ComfyUI] [comfy-env] GeomPackFillHoles done (0.09s): result: NodeOutput
  [ComfyUI] [comfy-env] GeomPackFillHoles done (0.09s): result: NodeOutput
  [ComfyUI] [comfy-env] GeomPackFillHoles done (0.09s): result: NodeOutput
  [ComfyUI] [comfy-env] GeomPackFillHoles done (0.09s): result: NodeOutput
  [ComfyUI] [comfy-env] GeomPackFillHoles done (0.09s): result: NodeOutput
  [ComfyUI] [comfy-env] GeomPackFillHoles done (0.09s): result: NodeOutput
  [ComfyUI] [VRAM] After GeomPackFillHoles: 564 / 24124 MB
  [ComfyUI] [VRAM] After GeomPackFillHoles: 564 / 24124 MB
  [ComfyUI] [VRAM] After GeomPackFillHoles: 564 / 24124 MB
  [ComfyUI] [VRAM] After GeomPackFillHoles: 564 / 24124 MB
  [ComfyUI] [VRAM] After GeomPackFillHoles: 564 / 24124 MB
  [ComfyUI] [VRAM] After GeomPackFillHoles: 564 / 24124 MB
  [ComfyUI] [VRAM] After GeomPackFillHoles: 564 / 24124 MB
  [ComfyUI] [VRAM] After GeomPackFillHoles: 564 / 24124 MB
  [ComfyUI] [comfy-env] Running GeomPackFillHoles: backend: dict, mesh: Trimesh
  [ComfyUI] [comfy-env] Running GeomPackFillHoles: backend: dict, mesh: Trimesh
  [ComfyUI] [comfy-env] Running GeomPackFillHoles: backend: dict, mesh: Trimesh
  [ComfyUI] [comfy-env] Running GeomPackFillHoles: backend: dict, mesh: Trimesh
  [ComfyUI] [comfy-env] Running GeomPackFillHoles: backend: dict, mesh: Trimesh
  [ComfyUI] [comfy-env] Running GeomPackFillHoles: backend: dict, mesh: Trimesh
  [ComfyUI] [comfy-env] Running GeomPackFillHoles: backend: dict, mesh: Trimesh
  [ComfyUI] [comfy-env] Running GeomPackFillHoles: backend: dict, mesh: Trimesh
  [ComfyUI] [VRAM] Before GeomPackFillHoles: 564 / 24124 MB
  [ComfyUI] [VRAM] Before GeomPackFillHoles: 564 / 24124 MB
  [ComfyUI] [VRAM] Before GeomPackFillHoles: 564 / 24124 MB
  [ComfyUI] [VRAM] Before GeomPackFillHoles: 564 / 24124 MB
  [ComfyUI] [VRAM] Before GeomPackFillHoles: 564 / 24124 MB
  [ComfyUI] [VRAM] Before GeomPackFillHoles: 564 / 24124 MB
  [ComfyUI] [VRAM] Before GeomPackFillHoles: 564 / 24124 MB
  [ComfyUI] [VRAM] Before GeomPackFillHoles: 564 / 24124 MB
  [ComfyUI] [SubprocessWorker] call_method: nodes.repair.fill_holes.FillHolesNode.EXECUTE_NORMALIZED
  [ComfyUI] [SubprocessWorker] call_method: nodes.repair.fill_holes.FillHolesNode.EXECUTE_NORMALIZED
  [ComfyUI] [SubprocessWorker] call_method: nodes.repair.fill_holes.FillHolesNode.EXECUTE_NORMALIZED
  [ComfyUI] [SubprocessWorker] call_method: nodes.repair.fill_holes.FillHolesNode.EXECUTE_NORMALIZED
  [ComfyUI] [SubprocessWorker] call_method: nodes.repair.fill_holes.FillHolesNode.EXECUTE_NORMALIZED
  [ComfyUI] [SubprocessWorker] call_method: nodes.repair.fill_holes.FillHolesNode.EXECUTE_NORMALIZED
  [ComfyUI] [SubprocessWorker] call_method: nodes.repair.fill_holes.FillHolesNode.EXECUTE_NORMALIZED
  [ComfyUI] [SubprocessWorker] call_method: nodes.repair.fill_holes.FillHolesNode.EXECUTE_NORMALIZED
  [ComfyUI] [SubprocessWorker] acquired lock, ensuring started...
  [ComfyUI] [SubprocessWorker] acquired lock, ensuring started...
  [ComfyUI] [SubprocessWorker] acquired lock, ensuring started...
  [ComfyUI] [SubprocessWorker] acquired lock, ensuring started...
  [ComfyUI] [SubprocessWorker] acquired lock, ensuring started...
  [ComfyUI] [SubprocessWorker] acquired lock, ensuring started...
  [ComfyUI] [SubprocessWorker] acquired lock, ensuring started...
  [ComfyUI] [SubprocessWorker] acquired lock, ensuring started...
  [ComfyUI] [ComfyUI-GeometryPack] Health check: ping (timeout=5.0s)...
  [ComfyUI] [ComfyUI-GeometryPack] Health check: ping (timeout=5.0s)...
  [ComfyUI] [ComfyUI-GeometryPack] Health check: ping (timeout=5.0s)...
  [ComfyUI] [ComfyUI-GeometryPack] Health check: ping (timeout=5.0s)...
  [ComfyUI] [ComfyUI-GeometryPack] Health check: ping (timeout=5.0s)...
  [ComfyUI] [ComfyUI-GeometryPack] Health check: ping (timeout=5.0s)...
  [ComfyUI] [ComfyUI-GeometryPack] Health check: ping (timeout=5.0s)...
  [ComfyUI] [ComfyUI-GeometryPack] Health check: ping (timeout=5.0s)...
  [ComfyUI] [ComfyUI-GeometryPack] Health check: ok
  [ComfyUI] [ComfyUI-GeometryPack] Health check: ok
  [ComfyUI] [ComfyUI-GeometryPack] Health check: ok
  [ComfyUI] [ComfyUI-GeometryPack] Health check: ok
  [ComfyUI] [ComfyUI-GeometryPack] Health check: ok
  [ComfyUI] [ComfyUI-GeometryPack] Health check: ok
  [ComfyUI] [ComfyUI-GeometryPack] Health check: ok
  [ComfyUI] [ComfyUI-GeometryPack] Health check: ok
  [ComfyUI] [SubprocessWorker] worker started/confirmed
  [ComfyUI] [SubprocessWorker] worker started/confirmed
  [ComfyUI] [SubprocessWorker] worker started/confirmed
  [ComfyUI] [SubprocessWorker] worker started/confirmed
  [ComfyUI] [SubprocessWorker] worker started/confirmed
  [ComfyUI] [SubprocessWorker] worker started/confirmed
  [ComfyUI] [SubprocessWorker] worker started/confirmed
  [ComfyUI] [SubprocessWorker] worker started/confirmed
  [ComfyUI] [SubprocessWorker] serializing kwargs to shm...
  [ComfyUI] [SubprocessWorker] serializing kwargs to shm...
  [ComfyUI] [SubprocessWorker] serializing kwargs to shm...
  [ComfyUI] [SubprocessWorker] serializing kwargs to shm...
  [ComfyUI] [SubprocessWorker] serializing kwargs to shm...
  [ComfyUI] [SubprocessWorker] serializing kwargs to shm...
  [ComfyUI] [SubprocessWorker] serializing kwargs to shm...
  [ComfyUI] [SubprocessWorker] serializing kwargs to shm...
  [ComfyUI] [SubprocessWorker] created 1 shm blocks
  [ComfyUI] [SubprocessWorker] created 1 shm blocks
  [ComfyUI] [SubprocessWorker] created 1 shm blocks
  [ComfyUI] [SubprocessWorker] created 1 shm blocks
  [ComfyUI] [SubprocessWorker] created 1 shm blocks
  [ComfyUI] [SubprocessWorker] created 1 shm blocks
  [ComfyUI] [SubprocessWorker] created 1 shm blocks
  [ComfyUI] [SubprocessWorker] created 1 shm blocks
  [ComfyUI] [SubprocessWorker] sending request via socket...
  [ComfyUI] [SubprocessWorker] sending request via socket...
  [ComfyUI] [SubprocessWorker] sending request via socket...
  [ComfyUI] [SubprocessWorker] sending request via socket...
  [ComfyUI] [SubprocessWorker] sending request via socket...
  [ComfyUI] [SubprocessWorker] sending request via socket...
  [ComfyUI] [SubprocessWorker] sending request via socket...
  [ComfyUI] [SubprocessWorker] sending request via socket...
  [ComfyUI] [SubprocessWorker] call_id=3 sending call_method
  [ComfyUI] [SubprocessWorker] call_id=3 sending call_method
  [ComfyUI] [SubprocessWorker] call_id=3 sending call_method
  [ComfyUI] [SubprocessWorker] call_id=3 sending call_method
  [ComfyUI] [SubprocessWorker] call_id=3 sending call_method
  [ComfyUI] [SubprocessWorker] call_id=3 sending call_method
  [ComfyUI] [SubprocessWorker] call_id=3 sending call_method
  [ComfyUI] [SubprocessWorker] call_id=3 sending call_method
  [ComfyUI] [worker:ComfyUI-GeometryPack] INFO: Fill Holes dispatch: cgal -> GeomPackFillHoles_CGAL
  [ComfyUI] [worker:ComfyUI-GeometryPack] INFO: Fill Holes dispatch: cgal -> GeomPackFillHoles_CGAL
  [ComfyUI] [worker:ComfyUI-GeometryPack] INFO: Fill Holes dispatch: cgal -> GeomPackFillHoles_CGAL
  [ComfyUI] [worker:ComfyUI-GeometryPack] INFO: Fill Holes dispatch: cgal -> GeomPackFillHoles_CGAL
  [ComfyUI] [worker:ComfyUI-GeometryPack] INFO: Fill Holes dispatch: cgal -> GeomPackFillHoles_CGAL
  [ComfyUI] [worker:ComfyUI-GeometryPack] INFO: Fill Holes dispatch: cgal -> GeomPackFillHoles_CGAL
  [ComfyUI] [worker:ComfyUI-GeometryPack] INFO: Fill Holes dispatch: cgal -> GeomPackFillHoles_CGAL
  [ComfyUI] [worker:ComfyUI-GeometryPack] INFO: Fill Holes dispatch: cgal -> GeomPackFillHoles_CGAL
  [ComfyUI] [SubprocessWorker] got response: ok
  [ComfyUI] [SubprocessWorker] got response: ok
  [ComfyUI] [SubprocessWorker] got response: ok
  [ComfyUI] [SubprocessWorker] got response: ok
  [ComfyUI] [SubprocessWorker] got response: ok
  [ComfyUI] [SubprocessWorker] got response: ok
  [ComfyUI] [SubprocessWorker] got response: ok
  [ComfyUI] [SubprocessWorker] got response: ok
  [ComfyUI] [comfy-env] GeomPackFillHoles done (0.08s): result: NodeOutput
  [ComfyUI] [comfy-env] GeomPackFillHoles done (0.08s): result: NodeOutput
  [ComfyUI] [comfy-env] GeomPackFillHoles done (0.08s): result: NodeOutput
  [ComfyUI] [comfy-env] GeomPackFillHoles done (0.08s): result: NodeOutput
  [ComfyUI] [comfy-env] GeomPackFillHoles done (0.08s): result: NodeOutput
  [ComfyUI] [comfy-env] GeomPackFillHoles done (0.08s): result: NodeOutput
  [ComfyUI] [comfy-env] GeomPackFillHoles done (0.08s): result: NodeOutput
  [ComfyUI] [comfy-env] GeomPackFillHoles done (0.08s): result: NodeOutput
  [ComfyUI] [VRAM] After GeomPackFillHoles: 564 / 24124 MB
  [ComfyUI] [VRAM] After GeomPackFillHoles: 564 / 24124 MB
  [ComfyUI] [VRAM] After GeomPackFillHoles: 564 / 24124 MB
  [ComfyUI] [VRAM] After GeomPackFillHoles: 564 / 24124 MB
  [ComfyUI] [VRAM] After GeomPackFillHoles: 564 / 24124 MB
  [ComfyUI] [VRAM] After GeomPackFillHoles: 564 / 24124 MB
  [ComfyUI] [VRAM] After GeomPackFillHoles: 564 / 24124 MB
  [ComfyUI] [VRAM] After GeomPackFillHoles: 564 / 24124 MB
  [ComfyUI] [comfy-env] Running GeomPackFillHoles: backend: dict, mesh: Trimesh
  [ComfyUI] [comfy-env] Running GeomPackFillHoles: backend: dict, mesh: Trimesh
  [ComfyUI] [comfy-env] Running GeomPackFillHoles: backend: dict, mesh: Trimesh
  [ComfyUI] [comfy-env] Running GeomPackFillHoles: backend: dict, mesh: Trimesh
  [ComfyUI] [comfy-env] Running GeomPackFillHoles: backend: dict, mesh: Trimesh
  [ComfyUI] [comfy-env] Running GeomPackFillHoles: backend: dict, mesh: Trimesh
  [ComfyUI] [comfy-env] Running GeomPackFillHoles: backend: dict, mesh: Trimesh
  [ComfyUI] [comfy-env] Running GeomPackFillHoles: backend: dict, mesh: Trimesh
  [ComfyUI] [VRAM] Before GeomPackFillHoles: 564 / 24124 MB
  [ComfyUI] [VRAM] Before GeomPackFillHoles: 564 / 24124 MB
  [ComfyUI] [VRAM] Before GeomPackFillHoles: 564 / 24124 MB
  [ComfyUI] [VRAM] Before GeomPackFillHoles: 564 / 24124 MB
  [ComfyUI] [VRAM] Before GeomPackFillHoles: 564 / 24124 MB
  [ComfyUI] [VRAM] Before GeomPackFillHoles: 564 / 24124 MB
  [ComfyUI] [VRAM] Before GeomPackFillHoles: 564 / 24124 MB
  [ComfyUI] [VRAM] Before GeomPackFillHoles: 564 / 24124 MB
  [ComfyUI] [SubprocessWorker] call_method: nodes.repair.fill_holes.FillHolesNode.EXECUTE_NORMALIZED
  [ComfyUI] [SubprocessWorker] call_method: nodes.repair.fill_holes.FillHolesNode.EXECUTE_NORMALIZED
  [ComfyUI] [SubprocessWorker] call_method: nodes.repair.fill_holes.FillHolesNode.EXECUTE_NORMALIZED
  [ComfyUI] [SubprocessWorker] call_method: nodes.repair.fill_holes.FillHolesNode.EXECUTE_NORMALIZED
  [ComfyUI] [SubprocessWorker] call_method: nodes.repair.fill_holes.FillHolesNode.EXECUTE_NORMALIZED
  [ComfyUI] [SubprocessWorker] call_method: nodes.repair.fill_holes.FillHolesNode.EXECUTE_NORMALIZED
  [ComfyUI] [SubprocessWorker] call_method: nodes.repair.fill_holes.FillHolesNode.EXECUTE_NORMALIZED
  [ComfyUI] [SubprocessWorker] call_method: nodes.repair.fill_holes.FillHolesNode.EXECUTE_NORMALIZED
  [ComfyUI] [SubprocessWorker] acquired lock, ensuring started...
  [ComfyUI] [SubprocessWorker] acquired lock, ensuring started...
  [ComfyUI] [SubprocessWorker] acquired lock, ensuring started...
  [ComfyUI] [SubprocessWorker] acquired lock, ensuring started...
  [ComfyUI] [SubprocessWorker] acquired lock, ensuring started...
  [ComfyUI] [SubprocessWorker] acquired lock, ensuring started...
  [ComfyUI] [SubprocessWorker] acquired lock, ensuring started...
  [ComfyUI] [SubprocessWorker] acquired lock, ensuring started...
  [ComfyUI] [ComfyUI-GeometryPack] Health check: ping (timeout=5.0s)...
  [ComfyUI] [ComfyUI-GeometryPack] Health check: ping (timeout=5.0s)...
  [ComfyUI] [ComfyUI-GeometryPack] Health check: ping (timeout=5.0s)...
  [ComfyUI] [ComfyUI-GeometryPack] Health check: ping (timeout=5.0s)...
  [ComfyUI] [ComfyUI-GeometryPack] Health check: ping (timeout=5.0s)...
  [ComfyUI] [ComfyUI-GeometryPack] Health check: ping (timeout=5.0s)...
  [ComfyUI] [ComfyUI-GeometryPack] Health check: ping (timeout=5.0s)...
  [ComfyUI] [ComfyUI-GeometryPack] Health check: ping (timeout=5.0s)...
  [ComfyUI] [ComfyUI-GeometryPack] Health check: ok
  [ComfyUI] [ComfyUI-GeometryPack] Health check: ok
  [ComfyUI] [ComfyUI-GeometryPack] Health check: ok
  [ComfyUI] [ComfyUI-GeometryPack] Health check: ok
  [ComfyUI] [ComfyUI-GeometryPack] Health check: ok
  [ComfyUI] [ComfyUI-GeometryPack] Health check: ok
  [ComfyUI] [ComfyUI-GeometryPack] Health check: ok
  [ComfyUI] [ComfyUI-GeometryPack] Health check: ok
  [ComfyUI] [SubprocessWorker] worker started/confirmed
  [ComfyUI] [SubprocessWorker] worker started/confirmed
  [ComfyUI] [SubprocessWorker] worker started/confirmed
  [ComfyUI] [SubprocessWorker] worker started/confirmed
  [ComfyUI] [SubprocessWorker] worker started/confirmed
  [ComfyUI] [SubprocessWorker] worker started/confirmed
  [ComfyUI] [SubprocessWorker] worker started/confirmed
  [ComfyUI] [SubprocessWorker] worker started/confirmed
  [ComfyUI] [SubprocessWorker] serializing kwargs to shm...
  [ComfyUI] [SubprocessWorker] serializing kwargs to shm...
  [ComfyUI] [SubprocessWorker] serializing kwargs to shm...
  [ComfyUI] [SubprocessWorker] serializing kwargs to shm...
  [ComfyUI] [SubprocessWorker] serializing kwargs to shm...
  [ComfyUI] [SubprocessWorker] serializing kwargs to shm...
  [ComfyUI] [SubprocessWorker] serializing kwargs to shm...
  [ComfyUI] [SubprocessWorker] serializing kwargs to shm...
  [ComfyUI] [SubprocessWorker] created 1 shm blocks
  [ComfyUI] [SubprocessWorker] created 1 shm blocks
  [ComfyUI] [SubprocessWorker] created 1 shm blocks
  [ComfyUI] [SubprocessWorker] created 1 shm blocks
  [ComfyUI] [SubprocessWorker] created 1 shm blocks
  [ComfyUI] [SubprocessWorker] created 1 shm blocks
  [ComfyUI] [SubprocessWorker] created 1 shm blocks
  [ComfyUI] [SubprocessWorker] created 1 shm blocks
  [ComfyUI] [SubprocessWorker] sending request via socket...
  [ComfyUI] [SubprocessWorker] sending request via socket...
  [ComfyUI] [SubprocessWorker] sending request via socket...
  [ComfyUI] [SubprocessWorker] sending request via socket...
  [ComfyUI] [SubprocessWorker] sending request via socket...
  [ComfyUI] [SubprocessWorker] sending request via socket...
  [ComfyUI] [SubprocessWorker] sending request via socket...
  [ComfyUI] [SubprocessWorker] sending request via socket...
  [ComfyUI] [SubprocessWorker] call_id=4 sending call_method
  [ComfyUI] [SubprocessWorker] call_id=4 sending call_method
  [ComfyUI] [SubprocessWorker] call_id=4 sending call_method
  [ComfyUI] [SubprocessWorker] call_id=4 sending call_method
  [ComfyUI] [SubprocessWorker] call_id=4 sending call_method
  [ComfyUI] [SubprocessWorker] call_id=4 sending call_method
  [ComfyUI] [SubprocessWorker] call_id=4 sending call_method
  [ComfyUI] [SubprocessWorker] call_id=4 sending call_method
  [ComfyUI] [worker:ComfyUI-GeometryPack] INFO: Fill Holes dispatch: pymeshfix -> GeomPackFillHoles_PyMeshFix
  [ComfyUI] [worker:ComfyUI-GeometryPack] INFO: Fill Holes dispatch: pymeshfix -> GeomPackFillHoles_PyMeshFix
  [ComfyUI] [worker:ComfyUI-GeometryPack] INFO: Fill Holes dispatch: pymeshfix -> GeomPackFillHoles_PyMeshFix
  [ComfyUI] [worker:ComfyUI-GeometryPack] INFO: Fill Holes dispatch: pymeshfix -> GeomPackFillHoles_PyMeshFix
  [ComfyUI] [worker:ComfyUI-GeometryPack] INFO: Fill Holes dispatch: pymeshfix -> GeomPackFillHoles_PyMeshFix
  [ComfyUI] [worker:ComfyUI-GeometryPack] INFO: Fill Holes dispatch: pymeshfix -> GeomPackFillHoles_PyMeshFix
  [ComfyUI] [worker:ComfyUI-GeometryPack] INFO: Fill Holes dispatch: pymeshfix -> GeomPackFillHoles_PyMeshFix
  [ComfyUI] [worker:ComfyUI-GeometryPack] INFO: Fill Holes dispatch: pymeshfix -> GeomPackFillHoles_PyMeshFix
  [ComfyUI] [SubprocessWorker] got response: ok
  [ComfyUI] [SubprocessWorker] got response: ok
  [ComfyUI] [SubprocessWorker] got response: ok
  [ComfyUI] [SubprocessWorker] got response: ok
  [ComfyUI] [SubprocessWorker] got response: ok
  [ComfyUI] [SubprocessWorker] got response: ok
  [ComfyUI] [SubprocessWorker] got response: ok
  [ComfyUI] [SubprocessWorker] got response: ok
  [ComfyUI] [comfy-env] GeomPackFillHoles done (0.09s): result: NodeOutput
  [ComfyUI] [comfy-env] GeomPackFillHoles done (0.09s): result: NodeOutput
  [ComfyUI] [comfy-env] GeomPackFillHoles done (0.09s): result: NodeOutput
  [ComfyUI] [comfy-env] GeomPackFillHoles done (0.09s): result: NodeOutput
  [ComfyUI] [comfy-env] GeomPackFillHoles done (0.09s): result: NodeOutput
  [ComfyUI] [comfy-env] GeomPackFillHoles done (0.09s): result: NodeOutput
  [ComfyUI] [comfy-env] GeomPackFillHoles done (0.09s): result: NodeOutput
  [ComfyUI] [comfy-env] GeomPackFillHoles done (0.09s): result: NodeOutput
  [ComfyUI] [VRAM] After GeomPackFillHoles: 564 / 24124 MB
  [ComfyUI] [VRAM] After GeomPackFillHoles: 564 / 24124 MB
  [ComfyUI] [VRAM] After GeomPackFillHoles: 564 / 24124 MB
  [ComfyUI] [VRAM] After GeomPackFillHoles: 564 / 24124 MB
  [ComfyUI] [VRAM] After GeomPackFillHoles: 564 / 24124 MB
  [ComfyUI] [VRAM] After GeomPackFillHoles: 564 / 24124 MB
  [ComfyUI] [VRAM] After GeomPackFillHoles: 564 / 24124 MB
  [ComfyUI] [VRAM] After GeomPackFillHoles: 564 / 24124 MB
  [ComfyUI] [comfy-env] Running GeomPackFillHoles: backend: dict, mesh: Trimesh
  [ComfyUI] [comfy-env] Running GeomPackFillHoles: backend: dict, mesh: Trimesh
  [ComfyUI] [comfy-env] Running GeomPackFillHoles: backend: dict, mesh: Trimesh
  [ComfyUI] [comfy-env] Running GeomPackFillHoles: backend: dict, mesh: Trimesh
  [ComfyUI] [comfy-env] Running GeomPackFillHoles: backend: dict, mesh: Trimesh
  [ComfyUI] [comfy-env] Running GeomPackFillHoles: backend: dict, mesh: Trimesh
  [ComfyUI] [comfy-env] Running GeomPackFillHoles: backend: dict, mesh: Trimesh
  [ComfyUI] [comfy-env] Running GeomPackFillHoles: backend: dict, mesh: Trimesh
  [ComfyUI] [VRAM] Before GeomPackFillHoles: 564 / 24124 MB
  [ComfyUI] [VRAM] Before GeomPackFillHoles: 564 / 24124 MB
  [ComfyUI] [VRAM] Before GeomPackFillHoles: 564 / 24124 MB
  [ComfyUI] [VRAM] Before GeomPackFillHoles: 564 / 24124 MB
  [ComfyUI] [VRAM] Before GeomPackFillHoles: 564 / 24124 MB
  [ComfyUI] [VRAM] Before GeomPackFillHoles: 564 / 24124 MB
  [ComfyUI] [VRAM] Before GeomPackFillHoles: 564 / 24124 MB
  [ComfyUI] [VRAM] Before GeomPackFillHoles: 564 / 24124 MB
  [ComfyUI] [SubprocessWorker] call_method: nodes.repair.fill_holes.FillHolesNode.EXECUTE_NORMALIZED
  [ComfyUI] [SubprocessWorker] call_method: nodes.repair.fill_holes.FillHolesNode.EXECUTE_NORMALIZED
  [ComfyUI] [SubprocessWorker] call_method: nodes.repair.fill_holes.FillHolesNode.EXECUTE_NORMALIZED
  [ComfyUI] [SubprocessWorker] call_method: nodes.repair.fill_holes.FillHolesNode.EXECUTE_NORMALIZED
  [ComfyUI] [SubprocessWorker] call_method: nodes.repair.fill_holes.FillHolesNode.EXECUTE_NORMALIZED
  [ComfyUI] [SubprocessWorker] call_method: nodes.repair.fill_holes.FillHolesNode.EXECUTE_NORMALIZED
  [ComfyUI] [SubprocessWorker] call_method: nodes.repair.fill_holes.FillHolesNode.EXECUTE_NORMALIZED
  [ComfyUI] [SubprocessWorker] call_method: nodes.repair.fill_holes.FillHolesNode.EXECUTE_NORMALIZED
  [ComfyUI] [SubprocessWorker] acquired lock, ensuring started...
  [ComfyUI] [SubprocessWorker] acquired lock, ensuring started...
  [ComfyUI] [SubprocessWorker] acquired lock, ensuring started...
  [ComfyUI] [SubprocessWorker] acquired lock, ensuring started...
  [ComfyUI] [SubprocessWorker] acquired lock, ensuring started...
  [ComfyUI] [SubprocessWorker] acquired lock, ensuring started...
  [ComfyUI] [SubprocessWorker] acquired lock, ensuring started...
  [ComfyUI] [SubprocessWorker] acquired lock, ensuring started...
  [ComfyUI] [ComfyUI-GeometryPack] Health check: ping (timeout=5.0s)...
  [ComfyUI] [ComfyUI-GeometryPack] Health check: ping (timeout=5.0s)...
  [ComfyUI] [ComfyUI-GeometryPack] Health check: ping (timeout=5.0s)...
  [ComfyUI] [ComfyUI-GeometryPack] Health check: ping (timeout=5.0s)...
  [ComfyUI] [ComfyUI-GeometryPack] Health check: ping (timeout=5.0s)...
  [ComfyUI] [ComfyUI-GeometryPack] Health check: ping (timeout=5.0s)...
  [ComfyUI] [ComfyUI-GeometryPack] Health check: ping (timeout=5.0s)...
  [ComfyUI] [ComfyUI-GeometryPack] Health check: ping (timeout=5.0s)...
  [ComfyUI] [ComfyUI-GeometryPack] Health check: ok
  [ComfyUI] [ComfyUI-GeometryPack] Health check: ok
  [ComfyUI] [ComfyUI-GeometryPack] Health check: ok
  [ComfyUI] [ComfyUI-GeometryPack] Health check: ok
  [ComfyUI] [ComfyUI-GeometryPack] Health check: ok
  [ComfyUI] [ComfyUI-GeometryPack] Health check: ok
  [ComfyUI] [ComfyUI-GeometryPack] Health check: ok
  [ComfyUI] [ComfyUI-GeometryPack] Health check: ok
  [ComfyUI] [SubprocessWorker] worker started/confirmed
  [ComfyUI] [SubprocessWorker] worker started/confirmed
  [ComfyUI] [SubprocessWorker] worker started/confirmed
  [ComfyUI] [SubprocessWorker] worker started/confirmed
  [ComfyUI] [SubprocessWorker] worker started/confirmed
  [ComfyUI] [SubprocessWorker] worker started/confirmed
  [ComfyUI] [SubprocessWorker] worker started/confirmed
  [ComfyUI] [SubprocessWorker] worker started/confirmed
  [ComfyUI] [SubprocessWorker] serializing kwargs to shm...
  [ComfyUI] [SubprocessWorker] serializing kwargs to shm...
  [ComfyUI] [SubprocessWorker] serializing kwargs to shm...
  [ComfyUI] [SubprocessWorker] serializing kwargs to shm...
  [ComfyUI] [SubprocessWorker] serializing kwargs to shm...
  [ComfyUI] [SubprocessWorker] serializing kwargs to shm...
  [ComfyUI] [SubprocessWorker] serializing kwargs to shm...
  [ComfyUI] [SubprocessWorker] serializing kwargs to shm...
  [ComfyUI] [SubprocessWorker] created 1 shm blocks
  [ComfyUI] [SubprocessWorker] created 1 shm blocks
  [ComfyUI] [SubprocessWorker] created 1 shm blocks
  [ComfyUI] [SubprocessWorker] created 1 shm blocks
  [ComfyUI] [SubprocessWorker] created 1 shm blocks
  [ComfyUI] [SubprocessWorker] created 1 shm blocks
  [ComfyUI] [SubprocessWorker] created 1 shm blocks
  [ComfyUI] [SubprocessWorker] created 1 shm blocks
  [ComfyUI] [SubprocessWorker] sending request via socket...
  [ComfyUI] [SubprocessWorker] sending request via socket...
  [ComfyUI] [SubprocessWorker] sending request via socket...
  [ComfyUI] [SubprocessWorker] sending request via socket...
  [ComfyUI] [SubprocessWorker] sending request via socket...
  [ComfyUI] [SubprocessWorker] sending request via socket...
  [ComfyUI] [SubprocessWorker] sending request via socket...
  [ComfyUI] [SubprocessWorker] sending request via socket...
  [ComfyUI] [SubprocessWorker] call_id=5 sending call_method
  [ComfyUI] [SubprocessWorker] call_id=5 sending call_method
  [ComfyUI] [SubprocessWorker] call_id=5 sending call_method
  [ComfyUI] [SubprocessWorker] call_id=5 sending call_method
  [ComfyUI] [SubprocessWorker] call_id=5 sending call_method
  [ComfyUI] [SubprocessWorker] call_id=5 sending call_method
  [ComfyUI] [SubprocessWorker] call_id=5 sending call_method
  [ComfyUI] [SubprocessWorker] call_id=5 sending call_method
  [ComfyUI] [worker:ComfyUI-GeometryPack] INFO: Fill Holes dispatch: pymeshlab -> GeomPackFillHoles_PyMeshLab
  [ComfyUI] [worker:ComfyUI-GeometryPack] INFO: Fill Holes dispatch: pymeshlab -> GeomPackFillHoles_PyMeshLab
  [ComfyUI] [worker:ComfyUI-GeometryPack] INFO: Fill Holes dispatch: pymeshlab -> GeomPackFillHoles_PyMeshLab
  [ComfyUI] [worker:ComfyUI-GeometryPack] INFO: Fill Holes dispatch: pymeshlab -> GeomPackFillHoles_PyMeshLab
  [ComfyUI] [worker:ComfyUI-GeometryPack] INFO: Fill Holes dispatch: pymeshlab -> GeomPackFillHoles_PyMeshLab
  [ComfyUI] [worker:ComfyUI-GeometryPack] INFO: Fill Holes dispatch: pymeshlab -> GeomPackFillHoles_PyMeshLab
  [ComfyUI] [worker:ComfyUI-GeometryPack] INFO: Fill Holes dispatch: pymeshlab -> GeomPackFillHoles_PyMeshLab
  [ComfyUI] [worker:ComfyUI-GeometryPack] INFO: Fill Holes dispatch: pymeshlab -> GeomPackFillHoles_PyMeshLab
  [ComfyUI] [SubprocessWorker] got response: ok
  [ComfyUI] [SubprocessWorker] got response: ok
  [ComfyUI] [SubprocessWorker] got response: ok
  [ComfyUI] [SubprocessWorker] got response: ok
  [ComfyUI] [SubprocessWorker] got response: ok
  [ComfyUI] [SubprocessWorker] got response: ok
  [ComfyUI] [SubprocessWorker] got response: ok
  [ComfyUI] [SubprocessWorker] got response: ok
  [ComfyUI] [comfy-env] GeomPackFillHoles done (0.08s): result: NodeOutput
  [ComfyUI] [comfy-env] GeomPackFillHoles done (0.08s): result: NodeOutput
  [ComfyUI] [comfy-env] GeomPackFillHoles done (0.08s): result: NodeOutput
  [ComfyUI] [comfy-env] GeomPackFillHoles done (0.08s): result: NodeOutput
  [ComfyUI] [comfy-env] GeomPackFillHoles done (0.08s): result: NodeOutput
  [ComfyUI] [comfy-env] GeomPackFillHoles done (0.08s): result: NodeOutput
  [ComfyUI] [comfy-env] GeomPackFillHoles done (0.08s): result: NodeOutput
  [ComfyUI] [comfy-env] GeomPackFillHoles done (0.08s): result: NodeOutput
  [ComfyUI] [VRAM] After GeomPackFillHoles: 564 / 24124 MB
  [ComfyUI] [VRAM] After GeomPackFillHoles: 564 / 24124 MB
  [ComfyUI] [VRAM] After GeomPackFillHoles: 564 / 24124 MB
  [ComfyUI] [VRAM] After GeomPackFillHoles: 564 / 24124 MB
  [ComfyUI] [VRAM] After GeomPackFillHoles: 564 / 24124 MB
  [ComfyUI] [VRAM] After GeomPackFillHoles: 564 / 24124 MB
  [ComfyUI] [VRAM] After GeomPackFillHoles: 564 / 24124 MB
  [ComfyUI] [VRAM] After GeomPackFillHoles: 564 / 24124 MB
  [ComfyUI] [comfy-env] Running GeomPackFillHoles: backend: dict, mesh: Trimesh
  [ComfyUI] [comfy-env] Running GeomPackFillHoles: backend: dict, mesh: Trimesh
  [ComfyUI] [comfy-env] Running GeomPackFillHoles: backend: dict, mesh: Trimesh
  [ComfyUI] [comfy-env] Running GeomPackFillHoles: backend: dict, mesh: Trimesh
  [ComfyUI] [comfy-env] Running GeomPackFillHoles: backend: dict, mesh: Trimesh
  [ComfyUI] [comfy-env] Running GeomPackFillHoles: backend: dict, mesh: Trimesh
  [ComfyUI] [comfy-env] Running GeomPackFillHoles: backend: dict, mesh: Trimesh
  [ComfyUI] [comfy-env] Running GeomPackFillHoles: backend: dict, mesh: Trimesh
  [ComfyUI] [VRAM] Before GeomPackFillHoles: 564 / 24124 MB
  [ComfyUI] [VRAM] Before GeomPackFillHoles: 564 / 24124 MB
  [ComfyUI] [VRAM] Before GeomPackFillHoles: 564 / 24124 MB
  [ComfyUI] [VRAM] Before GeomPackFillHoles: 564 / 24124 MB
  [ComfyUI] [VRAM] Before GeomPackFillHoles: 564 / 24124 MB
  [ComfyUI] [VRAM] Before GeomPackFillHoles: 564 / 24124 MB
  [ComfyUI] [VRAM] Before GeomPackFillHoles: 564 / 24124 MB
  [ComfyUI] [VRAM] Before GeomPackFillHoles: 564 / 24124 MB
  [ComfyUI] [SubprocessWorker] call_method: nodes.repair.fill_holes.FillHolesNode.EXECUTE_NORMALIZED
  [ComfyUI] [SubprocessWorker] call_method: nodes.repair.fill_holes.FillHolesNode.EXECUTE_NORMALIZED
  [ComfyUI] [SubprocessWorker] call_method: nodes.repair.fill_holes.FillHolesNode.EXECUTE_NORMALIZED
  [ComfyUI] [SubprocessWorker] call_method: nodes.repair.fill_holes.FillHolesNode.EXECUTE_NORMALIZED
  [ComfyUI] [SubprocessWorker] call_method: nodes.repair.fill_holes.FillHolesNode.EXECUTE_NORMALIZED
  [ComfyUI] [SubprocessWorker] call_method: nodes.repair.fill_holes.FillHolesNode.EXECUTE_NORMALIZED
  [ComfyUI] [SubprocessWorker] call_method: nodes.repair.fill_holes.FillHolesNode.EXECUTE_NORMALIZED
  [ComfyUI] [SubprocessWorker] call_method: nodes.repair.fill_holes.FillHolesNode.EXECUTE_NORMALIZED
  [ComfyUI] [SubprocessWorker] acquired lock, ensuring started...
  [ComfyUI] [SubprocessWorker] acquired lock, ensuring started...
  [ComfyUI] [SubprocessWorker] acquired lock, ensuring started...
  [ComfyUI] [SubprocessWorker] acquired lock, ensuring started...
  [ComfyUI] [SubprocessWorker] acquired lock, ensuring started...
  [ComfyUI] [SubprocessWorker] acquired lock, ensuring started...
  [ComfyUI] [SubprocessWorker] acquired lock, ensuring started...
  [ComfyUI] [SubprocessWorker] acquired lock, ensuring started...
  [ComfyUI] [ComfyUI-GeometryPack] Health check: ping (timeout=5.0s)...
  [ComfyUI] [ComfyUI-GeometryPack] Health check: ping (timeout=5.0s)...
  [ComfyUI] [ComfyUI-GeometryPack] Health check: ping (timeout=5.0s)...
  [ComfyUI] [ComfyUI-GeometryPack] Health check: ping (timeout=5.0s)...
  [ComfyUI] [ComfyUI-GeometryPack] Health check: ping (timeout=5.0s)...
  [ComfyUI] [ComfyUI-GeometryPack] Health check: ping (timeout=5.0s)...
  [ComfyUI] [ComfyUI-GeometryPack] Health check: ping (timeout=5.0s)...
  [ComfyUI] [ComfyUI-GeometryPack] Health check: ping (timeout=5.0s)...
  [ComfyUI] [ComfyUI-GeometryPack] Health check: ok
  [ComfyUI] [ComfyUI-GeometryPack] Health check: ok
  [ComfyUI] [ComfyUI-GeometryPack] Health check: ok
  [ComfyUI] [ComfyUI-GeometryPack] Health check: ok
  [ComfyUI] [ComfyUI-GeometryPack] Health check: ok
  [ComfyUI] [ComfyUI-GeometryPack] Health check: ok
  [ComfyUI] [ComfyUI-GeometryPack] Health check: ok
  [ComfyUI] [ComfyUI-GeometryPack] Health check: ok
  [ComfyUI] [SubprocessWorker] worker started/confirmed
  [ComfyUI] [SubprocessWorker] worker started/confirmed
  [ComfyUI] [SubprocessWorker] worker started/confirmed
  [ComfyUI] [SubprocessWorker] worker started/confirmed
  [ComfyUI] [SubprocessWorker] worker started/confirmed
  [ComfyUI] [SubprocessWorker] worker started/confirmed
  [ComfyUI] [SubprocessWorker] worker started/confirmed
  [ComfyUI] [SubprocessWorker] worker started/confirmed
  [ComfyUI] [SubprocessWorker] serializing kwargs to shm...
  [ComfyUI] [SubprocessWorker] serializing kwargs to shm...
  [ComfyUI] [SubprocessWorker] serializing kwargs to shm...
  [ComfyUI] [SubprocessWorker] serializing kwargs to shm...
  [ComfyUI] [SubprocessWorker] serializing kwargs to shm...
  [ComfyUI] [SubprocessWorker] serializing kwargs to shm...
  [ComfyUI] [SubprocessWorker] serializing kwargs to shm...
  [ComfyUI] [SubprocessWorker] serializing kwargs to shm...
  [ComfyUI] [SubprocessWorker] created 1 shm blocks
  [ComfyUI] [SubprocessWorker] created 1 shm blocks
  [ComfyUI] [SubprocessWorker] created 1 shm blocks
  [ComfyUI] [SubprocessWorker] created 1 shm blocks
  [ComfyUI] [SubprocessWorker] created 1 shm blocks
  [ComfyUI] [SubprocessWorker] created 1 shm blocks
  [ComfyUI] [SubprocessWorker] created 1 shm blocks
  [ComfyUI] [SubprocessWorker] created 1 shm blocks
  [ComfyUI] [SubprocessWorker] sending request via socket...
  [ComfyUI] [SubprocessWorker] sending request via socket...
  [ComfyUI] [SubprocessWorker] sending request via socket...
  [ComfyUI] [SubprocessWorker] sending request via socket...
  [ComfyUI] [SubprocessWorker] sending request via socket...
  [ComfyUI] [SubprocessWorker] sending request via socket...
  [ComfyUI] [SubprocessWorker] sending request via socket...
  [ComfyUI] [SubprocessWorker] sending request via socket...
  [ComfyUI] [SubprocessWorker] call_id=6 sending call_method
  [ComfyUI] [SubprocessWorker] call_id=6 sending call_method
  [ComfyUI] [SubprocessWorker] call_id=6 sending call_method
  [ComfyUI] [SubprocessWorker] call_id=6 sending call_method
  [ComfyUI] [SubprocessWorker] call_id=6 sending call_method
  [ComfyUI] [SubprocessWorker] call_id=6 sending call_method
  [ComfyUI] [SubprocessWorker] call_id=6 sending call_method
  [ComfyUI] [SubprocessWorker] call_id=6 sending call_method
  [ComfyUI] [worker:ComfyUI-GeometryPack] INFO: Fill Holes dispatch: igl_fan -> GeomPackFillHoles_IglFan
  [ComfyUI] [worker:ComfyUI-GeometryPack] INFO: Fill Holes dispatch: igl_fan -> GeomPackFillHoles_IglFan
  [ComfyUI] [worker:ComfyUI-GeometryPack] INFO: Fill Holes dispatch: igl_fan -> GeomPackFillHoles_IglFan
  [ComfyUI] [worker:ComfyUI-GeometryPack] INFO: Fill Holes dispatch: igl_fan -> GeomPackFillHoles_IglFan
  [ComfyUI] [worker:ComfyUI-GeometryPack] INFO: Fill Holes dispatch: igl_fan -> GeomPackFillHoles_IglFan
  [ComfyUI] [worker:ComfyUI-GeometryPack] INFO: Fill Holes dispatch: igl_fan -> GeomPackFillHoles_IglFan
  [ComfyUI] [worker:ComfyUI-GeometryPack] INFO: Fill Holes dispatch: igl_fan -> GeomPackFillHoles_IglFan
  [ComfyUI] [worker:ComfyUI-GeometryPack] INFO: Fill Holes dispatch: igl_fan -> GeomPackFillHoles_IglFan
  [ComfyUI] [SubprocessWorker] got response: ok
  [ComfyUI] [SubprocessWorker] got response: ok
  [ComfyUI] [SubprocessWorker] got response: ok
  [ComfyUI] [SubprocessWorker] got response: ok
  [ComfyUI] [SubprocessWorker] got response: ok
  [ComfyUI] [SubprocessWorker] got response: ok
  [ComfyUI] [SubprocessWorker] got response: ok
  [ComfyUI] [SubprocessWorker] got response: ok
  [ComfyUI] [comfy-env] GeomPackFillHoles done (0.08s): result: NodeOutput
  [ComfyUI] [comfy-env] GeomPackFillHoles done (0.08s): result: NodeOutput
  [ComfyUI] [comfy-env] GeomPackFillHoles done (0.08s): result: NodeOutput
  [ComfyUI] [comfy-env] GeomPackFillHoles done (0.08s): result: NodeOutput
  [ComfyUI] [comfy-env] GeomPackFillHoles done (0.08s): result: NodeOutput
  [ComfyUI] [comfy-env] GeomPackFillHoles done (0.08s): result: NodeOutput
  [ComfyUI] [comfy-env] GeomPackFillHoles done (0.08s): result: NodeOutput
  [ComfyUI] [comfy-env] GeomPackFillHoles done (0.08s): result: NodeOutput
  [ComfyUI] [VRAM] After GeomPackFillHoles: 564 / 24124 MB
  [ComfyUI] [VRAM] After GeomPackFillHoles: 564 / 24124 MB
  [ComfyUI] [VRAM] After GeomPackFillHoles: 564 / 24124 MB
  [ComfyUI] [VRAM] After GeomPackFillHoles: 564 / 24124 MB
  [ComfyUI] [VRAM] After GeomPackFillHoles: 564 / 24124 MB
  [ComfyUI] [VRAM] After GeomPackFillHoles: 564 / 24124 MB
  [ComfyUI] [VRAM] After GeomPackFillHoles: 564 / 24124 MB
  [ComfyUI] [VRAM] After GeomPackFillHoles: 564 / 24124 MB
  [ComfyUI] [comfy-env] Running GeomPackFillHoles_GPU: mesh: Trimesh, perimeter: 20.0
  [ComfyUI] [comfy-env] Running GeomPackFillHoles_GPU: mesh: Trimesh, perimeter: 20.0
  [ComfyUI] [comfy-env] Running GeomPackFillHoles_GPU: mesh: Trimesh, perimeter: 20.0
  [ComfyUI] [comfy-env] Running GeomPackFillHoles_GPU: mesh: Trimesh, perimeter: 20.0
  [ComfyUI] [comfy-env] Running GeomPackFillHoles_GPU: mesh: Trimesh, perimeter: 20.0
  [ComfyUI] [comfy-env] Running GeomPackFillHoles_GPU: mesh: Trimesh, perimeter: 20.0
  [ComfyUI] [comfy-env] Running GeomPackFillHoles_GPU: mesh: Trimesh, perimeter: 20.0
  [ComfyUI] [comfy-env] Running GeomPackFillHoles_GPU: mesh: Trimesh, perimeter: 20.0
  [ComfyUI] [VRAM] Before GeomPackFillHoles_GPU: 564 / 24124 MB
  [ComfyUI] [VRAM] Before GeomPackFillHoles_GPU: 564 / 24124 MB
  [ComfyUI] [VRAM] Before GeomPackFillHoles_GPU: 564 / 24124 MB
  [ComfyUI] [VRAM] Before GeomPackFillHoles_GPU: 564 / 24124 MB
  [ComfyUI] [VRAM] Before GeomPackFillHoles_GPU: 564 / 24124 MB
  [ComfyUI] [VRAM] Before GeomPackFillHoles_GPU: 564 / 24124 MB
  [ComfyUI] [VRAM] Before GeomPackFillHoles_GPU: 564 / 24124 MB
  [ComfyUI] [VRAM] Before GeomPackFillHoles_GPU: 564 / 24124 MB
  [ComfyUI] [SubprocessWorker] call_method: nodes.fill_holes_gpu.fill_holes.FillHolesGPUNode.EXECUTE_NORMALIZED
  [ComfyUI] [SubprocessWorker] call_method: nodes.fill_holes_gpu.fill_holes.FillHolesGPUNode.EXECUTE_NORMALIZED
  [ComfyUI] [SubprocessWorker] call_method: nodes.fill_holes_gpu.fill_holes.FillHolesGPUNode.EXECUTE_NORMALIZED
  [ComfyUI] [SubprocessWorker] call_method: nodes.fill_holes_gpu.fill_holes.FillHolesGPUNode.EXECUTE_NORMALIZED
  [ComfyUI] [SubprocessWorker] call_method: nodes.fill_holes_gpu.fill_holes.FillHolesGPUNode.EXECUTE_NORMALIZED
  [ComfyUI] [SubprocessWorker] call_method: nodes.fill_holes_gpu.fill_holes.FillHolesGPUNode.EXECUTE_NORMALIZED
  [ComfyUI] [SubprocessWorker] call_method: nodes.fill_holes_gpu.fill_holes.FillHolesGPUNode.EXECUTE_NORMALIZED
  [ComfyUI] [SubprocessWorker] call_method: nodes.fill_holes_gpu.fill_holes.FillHolesGPUNode.EXECUTE_NORMALIZED
  [ComfyUI] [SubprocessWorker] acquired lock, ensuring started...
  [ComfyUI] [SubprocessWorker] acquired lock, ensuring started...
  [ComfyUI] [SubprocessWorker] acquired lock, ensuring started...
  [ComfyUI] [SubprocessWorker] acquired lock, ensuring started...
  [ComfyUI] [SubprocessWorker] acquired lock, ensuring started...
  [ComfyUI] [SubprocessWorker] acquired lock, ensuring started...
  [ComfyUI] [SubprocessWorker] acquired lock, ensuring started...
  [ComfyUI] [SubprocessWorker] acquired lock, ensuring started...
  [ComfyUI] [ComfyUI-GeometryPack] Health check: ping (timeout=5.0s)...
  [ComfyUI] [ComfyUI-GeometryPack] Health check: ping (timeout=5.0s)...
  [ComfyUI] [ComfyUI-GeometryPack] Health check: ping (timeout=5.0s)...
  [ComfyUI] [ComfyUI-GeometryPack] Health check: ping (timeout=5.0s)...
  [ComfyUI] [ComfyUI-GeometryPack] Health check: ping (timeout=5.0s)...
  [ComfyUI] [ComfyUI-GeometryPack] Health check: ping (timeout=5.0s)...
  [ComfyUI] [ComfyUI-GeometryPack] Health check: ping (timeout=5.0s)...
  [ComfyUI] [ComfyUI-GeometryPack] Health check: ping (timeout=5.0s)...
  [ComfyUI] [ComfyUI-GeometryPack] Health check: ok
  [ComfyUI] [ComfyUI-GeometryPack] Health check: ok
  [ComfyUI] [ComfyUI-GeometryPack] Health check: ok
  [ComfyUI] [ComfyUI-GeometryPack] Health check: ok
  [ComfyUI] [ComfyUI-GeometryPack] Health check: ok
  [ComfyUI] [ComfyUI-GeometryPack] Health check: ok
  [ComfyUI] [ComfyUI-GeometryPack] Health check: ok
  [ComfyUI] [ComfyUI-GeometryPack] Health check: ok
  [ComfyUI] [SubprocessWorker] worker started/confirmed
  [ComfyUI] [SubprocessWorker] worker started/confirmed
  [ComfyUI] [SubprocessWorker] worker started/confirmed
  [ComfyUI] [SubprocessWorker] worker started/confirmed
  [ComfyUI] [SubprocessWorker] worker started/confirmed
  [ComfyUI] [SubprocessWorker] worker started/confirmed
  [ComfyUI] [SubprocessWorker] worker started/confirmed
  [ComfyUI] [SubprocessWorker] worker started/confirmed
  [ComfyUI] [SubprocessWorker] serializing kwargs to shm...
  [ComfyUI] [SubprocessWorker] serializing kwargs to shm...
  [ComfyUI] [SubprocessWorker] serializing kwargs to shm...
  [ComfyUI] [SubprocessWorker] serializing kwargs to shm...
  [ComfyUI] [SubprocessWorker] serializing kwargs to shm...
  [ComfyUI] [SubprocessWorker] serializing kwargs to shm...
  [ComfyUI] [SubprocessWorker] serializing kwargs to shm...
  [ComfyUI] [SubprocessWorker] serializing kwargs to shm...
  [ComfyUI] [SubprocessWorker] created 1 shm blocks
  [ComfyUI] [SubprocessWorker] created 1 shm blocks
  [ComfyUI] [SubprocessWorker] created 1 shm blocks
  [ComfyUI] [SubprocessWorker] created 1 shm blocks
  [ComfyUI] [SubprocessWorker] created 1 shm blocks
  [ComfyUI] [SubprocessWorker] created 1 shm blocks
  [ComfyUI] [SubprocessWorker] created 1 shm blocks
  [ComfyUI] [SubprocessWorker] created 1 shm blocks
  [ComfyUI] [SubprocessWorker] sending request via socket...
  [ComfyUI] [SubprocessWorker] sending request via socket...
  [ComfyUI] [SubprocessWorker] sending request via socket...
  [ComfyUI] [SubprocessWorker] sending request via socket...
  [ComfyUI] [SubprocessWorker] sending request via socket...
  [ComfyUI] [SubprocessWorker] sending request via socket...
  [ComfyUI] [SubprocessWorker] sending request via socket...
  [ComfyUI] [SubprocessWorker] sending request via socket...
  [ComfyUI] [SubprocessWorker] call_id=7 sending call_method
  [ComfyUI] [SubprocessWorker] call_id=7 sending call_method
  [ComfyUI] [SubprocessWorker] call_id=7 sending call_method
  [ComfyUI] [SubprocessWorker] call_id=7 sending call_method
  [ComfyUI] [SubprocessWorker] call_id=7 sending call_method
  [ComfyUI] [SubprocessWorker] call_id=7 sending call_method
  [ComfyUI] [SubprocessWorker] call_id=7 sending call_method
  [ComfyUI] [SubprocessWorker] call_id=7 sending call_method
  Frame 3 saved (frame_002.jpg, t=4.8s)
  [capture-periodic] freeze=4ms shot=210ms unfreeze=4ms saved=True
  [ComfyUI] [worker:ComfyUI-GeometryPack] INFO: CuMesh GPU: perimeter=20.0, +56 faces, watertight: False -> True
  [ComfyUI] [worker:ComfyUI-GeometryPack] INFO: CuMesh GPU: perimeter=20.0, +56 faces, watertight: False -> True
  [ComfyUI] [worker:ComfyUI-GeometryPack] INFO: CuMesh GPU: perimeter=20.0, +56 faces, watertight: False -> True
  [ComfyUI] [worker:ComfyUI-GeometryPack] INFO: CuMesh GPU: perimeter=20.0, +56 faces, watertight: False -> True
  [ComfyUI] [worker:ComfyUI-GeometryPack] INFO: CuMesh GPU: perimeter=20.0, +56 faces, watertight: False -> True
  [ComfyUI] [worker:ComfyUI-GeometryPack] INFO: CuMesh GPU: perimeter=20.0, +56 faces, watertight: False -> True
  [ComfyUI] [worker:ComfyUI-GeometryPack] INFO: CuMesh GPU: perimeter=20.0, +56 faces, watertight: False -> True
  [ComfyUI] [worker:ComfyUI-GeometryPack] INFO: CuMesh GPU: perimeter=20.0, +56 faces, watertight: False -> True
  [ComfyUI] [SubprocessWorker] got response: ok
  [ComfyUI] [SubprocessWorker] got response: ok
  [ComfyUI] [SubprocessWorker] got response: ok
  [ComfyUI] [SubprocessWorker] got response: ok
  [ComfyUI] [SubprocessWorker] got response: ok
  [ComfyUI] [SubprocessWorker] got response: ok
  [ComfyUI] [SubprocessWorker] got response: ok
  [ComfyUI] [SubprocessWorker] got response: ok
  [ComfyUI] [comfy-env] GeomPackFillHoles_GPU done (0.20s): result: NodeOutput
  [ComfyUI] [comfy-env] GeomPackFillHoles_GPU done (0.20s): result: NodeOutput
  [ComfyUI] [comfy-env] GeomPackFillHoles_GPU done (0.20s): result: NodeOutput
  [ComfyUI] [comfy-env] GeomPackFillHoles_GPU done (0.20s): result: NodeOutput
  [ComfyUI] [comfy-env] GeomPackFillHoles_GPU done (0.20s): result: NodeOutput
  [ComfyUI] [comfy-env] GeomPackFillHoles_GPU done (0.20s): result: NodeOutput
  [ComfyUI] [comfy-env] GeomPackFillHoles_GPU done (0.20s): result: NodeOutput
  [ComfyUI] [comfy-env] GeomPackFillHoles_GPU done (0.20s): result: NodeOutput
  [ComfyUI] [VRAM] After GeomPackFillHoles_GPU: 620 / 24124 MB
  [ComfyUI] [VRAM] After GeomPackFillHoles_GPU: 620 / 24124 MB
  [ComfyUI] [VRAM] After GeomPackFillHoles_GPU: 620 / 24124 MB
  [ComfyUI] [VRAM] After GeomPackFillHoles_GPU: 620 / 24124 MB
  [ComfyUI] [VRAM] After GeomPackFillHoles_GPU: 620 / 24124 MB
  [ComfyUI] [VRAM] After GeomPackFillHoles_GPU: 620 / 24124 MB
  [ComfyUI] [VRAM] After GeomPackFillHoles_GPU: 620 / 24124 MB
  [ComfyUI] [VRAM] After GeomPackFillHoles_GPU: 620 / 24124 MB
  [ComfyUI] [comfy-env] Running GeomPackFillHoles_CGAL: mesh: Trimesh, quality: 'triangulate'
  [ComfyUI] [comfy-env] Running GeomPackFillHoles_CGAL: mesh: Trimesh, quality: 'triangulate'
  [ComfyUI] [comfy-env] Running GeomPackFillHoles_CGAL: mesh: Trimesh, quality: 'triangulate'
  [ComfyUI] [comfy-env] Running GeomPackFillHoles_CGAL: mesh: Trimesh, quality: 'triangulate'
  [ComfyUI] [comfy-env] Running GeomPackFillHoles_CGAL: mesh: Trimesh, quality: 'triangulate'
  [ComfyUI] [comfy-env] Running GeomPackFillHoles_CGAL: mesh: Trimesh, quality: 'triangulate'
  [ComfyUI] [comfy-env] Running GeomPackFillHoles_CGAL: mesh: Trimesh, quality: 'triangulate'
  [ComfyUI] [comfy-env] Running GeomPackFillHoles_CGAL: mesh: Trimesh, quality: 'triangulate'
  [ComfyUI] [VRAM] Before GeomPackFillHoles_CGAL: 620 / 24124 MB
  [ComfyUI] [VRAM] Before GeomPackFillHoles_CGAL: 620 / 24124 MB
  [ComfyUI] [VRAM] Before GeomPackFillHoles_CGAL: 620 / 24124 MB
  [ComfyUI] [VRAM] Before GeomPackFillHoles_CGAL: 620 / 24124 MB
  [ComfyUI] [VRAM] Before GeomPackFillHoles_CGAL: 620 / 24124 MB
  [ComfyUI] [VRAM] Before GeomPackFillHoles_CGAL: 620 / 24124 MB
  [ComfyUI] [VRAM] Before GeomPackFillHoles_CGAL: 620 / 24124 MB
  [ComfyUI] [VRAM] Before GeomPackFillHoles_CGAL: 620 / 24124 MB
  [ComfyUI] [SubprocessWorker] call_method: nodes.repair_cgal.fill_holes_cgal.FillHolesCGALNode.EXECUTE_NORMALIZED
  [ComfyUI] [SubprocessWorker] call_method: nodes.repair_cgal.fill_holes_cgal.FillHolesCGALNode.EXECUTE_NORMALIZED
  [ComfyUI] [SubprocessWorker] call_method: nodes.repair_cgal.fill_holes_cgal.FillHolesCGALNode.EXECUTE_NORMALIZED
  [ComfyUI] [SubprocessWorker] call_method: nodes.repair_cgal.fill_holes_cgal.FillHolesCGALNode.EXECUTE_NORMALIZED
  [ComfyUI] [SubprocessWorker] call_method: nodes.repair_cgal.fill_holes_cgal.FillHolesCGALNode.EXECUTE_NORMALIZED
  [ComfyUI] [SubprocessWorker] call_method: nodes.repair_cgal.fill_holes_cgal.FillHolesCGALNode.EXECUTE_NORMALIZED
  [ComfyUI] [SubprocessWorker] call_method: nodes.repair_cgal.fill_holes_cgal.FillHolesCGALNode.EXECUTE_NORMALIZED
  [ComfyUI] [SubprocessWorker] call_method: nodes.repair_cgal.fill_holes_cgal.FillHolesCGALNode.EXECUTE_NORMALIZED
  Node executed (1 total), capturing...
  [ComfyUI] [SubprocessWorker] acquired lock, ensuring started...
  [ComfyUI] [SubprocessWorker] acquired lock, ensuring started...
  [ComfyUI] [SubprocessWorker] acquired lock, ensuring started...
  [ComfyUI] [SubprocessWorker] acquired lock, ensuring started...
  [ComfyUI] [SubprocessWorker] acquired lock, ensuring started...
  [ComfyUI] [SubprocessWorker] acquired lock, ensuring started...
  [ComfyUI] [SubprocessWorker] acquired lock, ensuring started...
  [ComfyUI] [SubprocessWorker] acquired lock, ensuring started...
  [ComfyUI] [ComfyUI-GeometryPack] Health check: ping (timeout=5.0s)...
  [ComfyUI] [ComfyUI-GeometryPack] Health check: ping (timeout=5.0s)...
  [ComfyUI] [ComfyUI-GeometryPack] Health check: ping (timeout=5.0s)...
  [ComfyUI] [ComfyUI-GeometryPack] Health check: ping (timeout=5.0s)...
  [ComfyUI] [ComfyUI-GeometryPack] Health check: ping (timeout=5.0s)...
  [ComfyUI] [ComfyUI-GeometryPack] Health check: ping (timeout=5.0s)...
  [ComfyUI] [ComfyUI-GeometryPack] Health check: ping (timeout=5.0s)...
  [ComfyUI] [ComfyUI-GeometryPack] Health check: ping (timeout=5.0s)...
  [ComfyUI] [ComfyUI-GeometryPack] Health check: ok
  [ComfyUI] [ComfyUI-GeometryPack] Health check: ok
  [ComfyUI] [ComfyUI-GeometryPack] Health check: ok
  [ComfyUI] [ComfyUI-GeometryPack] Health check: ok
  [ComfyUI] [ComfyUI-GeometryPack] Health check: ok
  [ComfyUI] [ComfyUI-GeometryPack] Health check: ok
  [ComfyUI] [ComfyUI-GeometryPack] Health check: ok
  [ComfyUI] [ComfyUI-GeometryPack] Health check: ok
  [ComfyUI] [SubprocessWorker] worker started/confirmed
  [ComfyUI] [SubprocessWorker] worker started/confirmed
  [ComfyUI] [SubprocessWorker] worker started/confirmed
  [ComfyUI] [SubprocessWorker] worker started/confirmed
  [ComfyUI] [SubprocessWorker] worker started/confirmed
  [ComfyUI] [SubprocessWorker] worker started/confirmed
  [ComfyUI] [SubprocessWorker] worker started/confirmed
  [ComfyUI] [SubprocessWorker] worker started/confirmed
  [ComfyUI] [SubprocessWorker] serializing kwargs to shm...
  [ComfyUI] [SubprocessWorker] serializing kwargs to shm...
  [ComfyUI] [SubprocessWorker] serializing kwargs to shm...
  [ComfyUI] [SubprocessWorker] serializing kwargs to shm...
  [ComfyUI] [SubprocessWorker] serializing kwargs to shm...
  [ComfyUI] [SubprocessWorker] serializing kwargs to shm...
  [ComfyUI] [SubprocessWorker] serializing kwargs to shm...
  [ComfyUI] [SubprocessWorker] serializing kwargs to shm...
  [ComfyUI] [SubprocessWorker] created 1 shm blocks
  [ComfyUI] [SubprocessWorker] created 1 shm blocks
  [ComfyUI] [SubprocessWorker] created 1 shm blocks
  [ComfyUI] [SubprocessWorker] created 1 shm blocks
  [ComfyUI] [SubprocessWorker] created 1 shm blocks
  [ComfyUI] [SubprocessWorker] created 1 shm blocks
  [ComfyUI] [SubprocessWorker] created 1 shm blocks
  [ComfyUI] [SubprocessWorker] created 1 shm blocks
  [ComfyUI] [SubprocessWorker] sending request via socket...
  [ComfyUI] [SubprocessWorker] sending request via socket...
  [ComfyUI] [SubprocessWorker] sending request via socket...
  [ComfyUI] [SubprocessWorker] sending request via socket...
  [ComfyUI] [SubprocessWorker] sending request via socket...
  [ComfyUI] [SubprocessWorker] sending request via socket...
  [ComfyUI] [SubprocessWorker] sending request via socket...
  [ComfyUI] [SubprocessWorker] sending request via socket...
  [ComfyUI] [SubprocessWorker] call_id=8 sending call_method
  [ComfyUI] [SubprocessWorker] call_id=8 sending call_method
  [ComfyUI] [SubprocessWorker] call_id=8 sending call_method
  [ComfyUI] [SubprocessWorker] call_id=8 sending call_method
  [ComfyUI] [SubprocessWorker] call_id=8 sending call_method
  [ComfyUI] [SubprocessWorker] call_id=8 sending call_method
  [ComfyUI] [SubprocessWorker] call_id=8 sending call_method
  [ComfyUI] [SubprocessWorker] call_id=8 sending call_method
  [ComfyUI] [worker:ComfyUI-GeometryPack] INFO: CGAL: built Polyhedron_3 (11381 vertices, 22704 facets)
  [ComfyUI] [worker:ComfyUI-GeometryPack] INFO: CGAL: built Polyhedron_3 (11381 vertices, 22704 facets)
  [ComfyUI] [worker:ComfyUI-GeometryPack] INFO: CGAL: built Polyhedron_3 (11381 vertices, 22704 facets)
  [ComfyUI] [worker:ComfyUI-GeometryPack] INFO: CGAL: built Polyhedron_3 (11381 vertices, 22704 facets)
  [ComfyUI] [worker:ComfyUI-GeometryPack] INFO: CGAL: built Polyhedron_3 (11381 vertices, 22704 facets)
  [ComfyUI] [worker:ComfyUI-GeometryPack] INFO: CGAL: built Polyhedron_3 (11381 vertices, 22704 facets)
  [ComfyUI] [worker:ComfyUI-GeometryPack] INFO: CGAL: built Polyhedron_3 (11381 vertices, 22704 facets)
  [ComfyUI] [worker:ComfyUI-GeometryPack] INFO: CGAL: built Polyhedron_3 (11381 vertices, 22704 facets)
  [ComfyUI] [worker:ComfyUI-GeometryPack] INFO: CGAL: found 49 holes
  [ComfyUI] [worker:ComfyUI-GeometryPack] INFO: CGAL: found 49 holes
  [ComfyUI] [worker:ComfyUI-GeometryPack] INFO: CGAL: found 49 holes
  [ComfyUI] [worker:ComfyUI-GeometryPack] INFO: CGAL: found 49 holes
  [ComfyUI] [worker:ComfyUI-GeometryPack] INFO: CGAL: found 49 holes
  [ComfyUI] [worker:ComfyUI-GeometryPack] INFO: CGAL: found 49 holes
  [ComfyUI] [worker:ComfyUI-GeometryPack] INFO: CGAL: found 49 holes
  [ComfyUI] [worker:ComfyUI-GeometryPack] INFO: CGAL: found 49 holes
  Frame 4 saved (frame_003.jpg, t=5.3s)
  [capture-node] freeze=3ms shot=176ms unfreeze=6ms saved=True
  [ComfyUI] [worker:ComfyUI-GeometryPack] INFO: CGAL triangulate: filled 49/49 holes, +102 faces, watertight: False -> False
  [ComfyUI] [worker:ComfyUI-GeometryPack] INFO: CGAL triangulate: filled 49/49 holes, +102 faces, watertight: False -> False
  [ComfyUI] [worker:ComfyUI-GeometryPack] INFO: CGAL triangulate: filled 49/49 holes, +102 faces, watertight: False -> False
  [ComfyUI] [worker:ComfyUI-GeometryPack] INFO: CGAL triangulate: filled 49/49 holes, +102 faces, watertight: False -> False
  [ComfyUI] [worker:ComfyUI-GeometryPack] INFO: CGAL triangulate: filled 49/49 holes, +102 faces, watertight: False -> False
  [ComfyUI] [worker:ComfyUI-GeometryPack] INFO: CGAL triangulate: filled 49/49 holes, +102 faces, watertight: False -> False
  [ComfyUI] [worker:ComfyUI-GeometryPack] INFO: CGAL triangulate: filled 49/49 holes, +102 faces, watertight: False -> False
  [ComfyUI] [worker:ComfyUI-GeometryPack] INFO: CGAL triangulate: filled 49/49 holes, +102 faces, watertight: False -> False
  [ComfyUI] [SubprocessWorker] got response: ok
  [ComfyUI] [SubprocessWorker] got response: ok
  [ComfyUI] [SubprocessWorker] got response: ok
  [ComfyUI] [SubprocessWorker] got response: ok
  [ComfyUI] [SubprocessWorker] got response: ok
  [ComfyUI] [SubprocessWorker] got response: ok
  [ComfyUI] [SubprocessWorker] got response: ok
  [ComfyUI] [SubprocessWorker] got response: ok
  [ComfyUI] [comfy-env] GeomPackFillHoles_CGAL done (0.69s): result: NodeOutput
  [ComfyUI] [comfy-env] GeomPackFillHoles_CGAL done (0.69s): result: NodeOutput
  [ComfyUI] [comfy-env] GeomPackFillHoles_CGAL done (0.69s): result: NodeOutput
  [ComfyUI] [comfy-env] GeomPackFillHoles_CGAL done (0.69s): result: NodeOutput
  [ComfyUI] [comfy-env] GeomPackFillHoles_CGAL done (0.69s): result: NodeOutput
  [ComfyUI] [comfy-env] GeomPackFillHoles_CGAL done (0.69s): result: NodeOutput
  [ComfyUI] [comfy-env] GeomPackFillHoles_CGAL done (0.69s): result: NodeOutput
  [ComfyUI] [comfy-env] GeomPackFillHoles_CGAL done (0.69s): result: NodeOutput
  [ComfyUI] [VRAM] After GeomPackFillHoles_CGAL: 620 / 24124 MB
  [ComfyUI] [VRAM] After GeomPackFillHoles_CGAL: 620 / 24124 MB
  [ComfyUI] [VRAM] After GeomPackFillHoles_CGAL: 620 / 24124 MB
  [ComfyUI] [VRAM] After GeomPackFillHoles_CGAL: 620 / 24124 MB
  [ComfyUI] [VRAM] After GeomPackFillHoles_CGAL: 620 / 24124 MB
  [ComfyUI] [VRAM] After GeomPackFillHoles_CGAL: 620 / 24124 MB
  [ComfyUI] [VRAM] After GeomPackFillHoles_CGAL: 620 / 24124 MB
  [ComfyUI] [VRAM] After GeomPackFillHoles_CGAL: 620 / 24124 MB
  [ComfyUI] [comfy-env] Running GeomPackFillHoles_PyMeshFix: mesh: Trimesh, max_edges: 0, refine: 'true'
  [ComfyUI] [comfy-env] Running GeomPackFillHoles_PyMeshFix: mesh: Trimesh, max_edges: 0, refine: 'true'
  [ComfyUI] [comfy-env] Running GeomPackFillHoles_PyMeshFix: mesh: Trimesh, max_edges: 0, refine: 'true'
  [ComfyUI] [comfy-env] Running GeomPackFillHoles_PyMeshFix: mesh: Trimesh, max_edges: 0, refine: 'true'
  [ComfyUI] [comfy-env] Running GeomPackFillHoles_PyMeshFix: mesh: Trimesh, max_edges: 0, refine: 'true'
  [ComfyUI] [comfy-env] Running GeomPackFillHoles_PyMeshFix: mesh: Trimesh, max_edges: 0, refine: 'true'
  [ComfyUI] [comfy-env] Running GeomPackFillHoles_PyMeshFix: mesh: Trimesh, max_edges: 0, refine: 'true'
  [ComfyUI] [comfy-env] Running GeomPackFillHoles_PyMeshFix: mesh: Trimesh, max_edges: 0, refine: 'true'
  [ComfyUI] [VRAM] Before GeomPackFillHoles_PyMeshFix: 620 / 24124 MB
  [ComfyUI] [VRAM] Before GeomPackFillHoles_PyMeshFix: 620 / 24124 MB
  [ComfyUI] [VRAM] Before GeomPackFillHoles_PyMeshFix: 620 / 24124 MB
  [ComfyUI] [VRAM] Before GeomPackFillHoles_PyMeshFix: 620 / 24124 MB
  [ComfyUI] [VRAM] Before GeomPackFillHoles_PyMeshFix: 620 / 24124 MB
  [ComfyUI] [VRAM] Before GeomPackFillHoles_PyMeshFix: 620 / 24124 MB
  [ComfyUI] [VRAM] Before GeomPackFillHoles_PyMeshFix: 620 / 24124 MB
  [ComfyUI] [VRAM] Before GeomPackFillHoles_PyMeshFix: 620 / 24124 MB
  [ComfyUI] [SubprocessWorker] call_method: nodes.repair.backends.pymeshfix_fill.FillHolesPyMeshFixNode.EXECUTE_NORMALIZED
  [ComfyUI] [SubprocessWorker] call_method: nodes.repair.backends.pymeshfix_fill.FillHolesPyMeshFixNode.EXECUTE_NORMALIZED
  [ComfyUI] [SubprocessWorker] call_method: nodes.repair.backends.pymeshfix_fill.FillHolesPyMeshFixNode.EXECUTE_NORMALIZED
  [ComfyUI] [SubprocessWorker] call_method: nodes.repair.backends.pymeshfix_fill.FillHolesPyMeshFixNode.EXECUTE_NORMALIZED
  [ComfyUI] [SubprocessWorker] call_method: nodes.repair.backends.pymeshfix_fill.FillHolesPyMeshFixNode.EXECUTE_NORMALIZED
  [ComfyUI] [SubprocessWorker] call_method: nodes.repair.backends.pymeshfix_fill.FillHolesPyMeshFixNode.EXECUTE_NORMALIZED
  [ComfyUI] [SubprocessWorker] call_method: nodes.repair.backends.pymeshfix_fill.FillHolesPyMeshFixNode.EXECUTE_NORMALIZED
  [ComfyUI] [SubprocessWorker] call_method: nodes.repair.backends.pymeshfix_fill.FillHolesPyMeshFixNode.EXECUTE_NORMALIZED
  [ComfyUI] [SubprocessWorker] acquired lock, ensuring started...
  [ComfyUI] [SubprocessWorker] acquired lock, ensuring started...
  [ComfyUI] [SubprocessWorker] acquired lock, ensuring started...
  [ComfyUI] [SubprocessWorker] acquired lock, ensuring started...
  [ComfyUI] [SubprocessWorker] acquired lock, ensuring started...
  [ComfyUI] [SubprocessWorker] acquired lock, ensuring started...
  [ComfyUI] [SubprocessWorker] acquired lock, ensuring started...
  [ComfyUI] [SubprocessWorker] acquired lock, ensuring started...
  [ComfyUI] [ComfyUI-GeometryPack] Health check: ping (timeout=5.0s)...
  [ComfyUI] [ComfyUI-GeometryPack] Health check: ping (timeout=5.0s)...
  [ComfyUI] [ComfyUI-GeometryPack] Health check: ping (timeout=5.0s)...
  [ComfyUI] [ComfyUI-GeometryPack] Health check: ping (timeout=5.0s)...
  [ComfyUI] [ComfyUI-GeometryPack] Health check: ping (timeout=5.0s)...
  [ComfyUI] [ComfyUI-GeometryPack] Health check: ping (timeout=5.0s)...
  [ComfyUI] [ComfyUI-GeometryPack] Health check: ping (timeout=5.0s)...
  [ComfyUI] [ComfyUI-GeometryPack] Health check: ping (timeout=5.0s)...
  [ComfyUI] [ComfyUI-GeometryPack] Health check: ok
  [ComfyUI] [ComfyUI-GeometryPack] Health check: ok
  [ComfyUI] [ComfyUI-GeometryPack] Health check: ok
  [ComfyUI] [ComfyUI-GeometryPack] Health check: ok
  [ComfyUI] [ComfyUI-GeometryPack] Health check: ok
  [ComfyUI] [ComfyUI-GeometryPack] Health check: ok
  [ComfyUI] [ComfyUI-GeometryPack] Health check: ok
  [ComfyUI] [ComfyUI-GeometryPack] Health check: ok
  [ComfyUI] [SubprocessWorker] worker started/confirmed
  [ComfyUI] [SubprocessWorker] worker started/confirmed
  [ComfyUI] [SubprocessWorker] worker started/confirmed
  [ComfyUI] [SubprocessWorker] worker started/confirmed
  [ComfyUI] [SubprocessWorker] worker started/confirmed
  [ComfyUI] [SubprocessWorker] worker started/confirmed
  [ComfyUI] [SubprocessWorker] worker started/confirmed
  [ComfyUI] [SubprocessWorker] worker started/confirmed
  [ComfyUI] [SubprocessWorker] serializing kwargs to shm...
  [ComfyUI] [SubprocessWorker] serializing kwargs to shm...
  [ComfyUI] [SubprocessWorker] serializing kwargs to shm...
  [ComfyUI] [SubprocessWorker] serializing kwargs to shm...
  [ComfyUI] [SubprocessWorker] serializing kwargs to shm...
  [ComfyUI] [SubprocessWorker] serializing kwargs to shm...
  [ComfyUI] [SubprocessWorker] serializing kwargs to shm...
  [ComfyUI] [SubprocessWorker] serializing kwargs to shm...
  [ComfyUI] [SubprocessWorker] created 1 shm blocks
  [ComfyUI] [SubprocessWorker] created 1 shm blocks
  [ComfyUI] [SubprocessWorker] created 1 shm blocks
  [ComfyUI] [SubprocessWorker] created 1 shm blocks
  [ComfyUI] [SubprocessWorker] created 1 shm blocks
  [ComfyUI] [SubprocessWorker] created 1 shm blocks
  [ComfyUI] [SubprocessWorker] created 1 shm blocks
  [ComfyUI] [SubprocessWorker] created 1 shm blocks
  [ComfyUI] [SubprocessWorker] sending request via socket...
  [ComfyUI] [SubprocessWorker] sending request via socket...
  [ComfyUI] [SubprocessWorker] sending request via socket...
  [ComfyUI] [SubprocessWorker] sending request via socket...
  [ComfyUI] [SubprocessWorker] sending request via socket...
  [ComfyUI] [SubprocessWorker] sending request via socket...
  [ComfyUI] [SubprocessWorker] sending request via socket...
  [ComfyUI] [SubprocessWorker] sending request via socket...
  [ComfyUI] [SubprocessWorker] call_id=9 sending call_method
  [ComfyUI] [SubprocessWorker] call_id=9 sending call_method
  [ComfyUI] [SubprocessWorker] call_id=9 sending call_method
  [ComfyUI] [SubprocessWorker] call_id=9 sending call_method
  [ComfyUI] [SubprocessWorker] call_id=9 sending call_method
  [ComfyUI] [SubprocessWorker] call_id=9 sending call_method
  [ComfyUI] [SubprocessWorker] call_id=9 sending call_method
  [ComfyUI] [SubprocessWorker] call_id=9 sending call_method
  Node executed (2 total), capturing...
  [ComfyUI] [worker:ComfyUI-GeometryPack] INFO: PyMeshFix: 1 boundary loops detected
  [ComfyUI] [worker:ComfyUI-GeometryPack] INFO: PyMeshFix: 1 boundary loops detected
  [ComfyUI] [worker:ComfyUI-GeometryPack] INFO: PyMeshFix: 1 boundary loops detected
  [ComfyUI] [worker:ComfyUI-GeometryPack] INFO: PyMeshFix: 1 boundary loops detected
  [ComfyUI] [worker:ComfyUI-GeometryPack] INFO: PyMeshFix: 1 boundary loops detected
  [ComfyUI] [worker:ComfyUI-GeometryPack] INFO: PyMeshFix: 1 boundary loops detected
  [ComfyUI] [worker:ComfyUI-GeometryPack] INFO: PyMeshFix: 1 boundary loops detected
  [ComfyUI] [worker:ComfyUI-GeometryPack] INFO: PyMeshFix: 1 boundary loops detected
  [ComfyUI] [worker:ComfyUI-GeometryPack] INFO: PyMeshFix: filled 1 holes, +298 faces, watertight: False -> True
  [ComfyUI] [worker:ComfyUI-GeometryPack] INFO: PyMeshFix: filled 1 holes, +298 faces, watertight: False -> True
  [ComfyUI] [worker:ComfyUI-GeometryPack] INFO: PyMeshFix: filled 1 holes, +298 faces, watertight: False -> True
  [ComfyUI] [worker:ComfyUI-GeometryPack] INFO: PyMeshFix: filled 1 holes, +298 faces, watertight: False -> True
  [ComfyUI] [worker:ComfyUI-GeometryPack] INFO: PyMeshFix: filled 1 holes, +298 faces, watertight: False -> True
  [ComfyUI] [worker:ComfyUI-GeometryPack] INFO: PyMeshFix: filled 1 holes, +298 faces, watertight: False -> True
  [ComfyUI] [worker:ComfyUI-GeometryPack] INFO: PyMeshFix: filled 1 holes, +298 faces, watertight: False -> True
  [ComfyUI] [worker:ComfyUI-GeometryPack] INFO: PyMeshFix: filled 1 holes, +298 faces, watertight: False -> True
  [ComfyUI] [SubprocessWorker] got response: ok
  [ComfyUI] [SubprocessWorker] got response: ok
  [ComfyUI] [SubprocessWorker] got response: ok
  [ComfyUI] [SubprocessWorker] got response: ok
  [ComfyUI] [SubprocessWorker] got response: ok
  [ComfyUI] [SubprocessWorker] got response: ok
  [ComfyUI] [SubprocessWorker] got response: ok
  [ComfyUI] [SubprocessWorker] got response: ok
  [ComfyUI] [comfy-env] GeomPackFillHoles_PyMeshFix done (0.25s): result: NodeOutput
  [ComfyUI] [comfy-env] GeomPackFillHoles_PyMeshFix done (0.25s): result: NodeOutput
  [ComfyUI] [comfy-env] GeomPackFillHoles_PyMeshFix done (0.25s): result: NodeOutput
  [ComfyUI] [comfy-env] GeomPackFillHoles_PyMeshFix done (0.25s): result: NodeOutput
  [ComfyUI] [comfy-env] GeomPackFillHoles_PyMeshFix done (0.25s): result: NodeOutput
  [ComfyUI] [comfy-env] GeomPackFillHoles_PyMeshFix done (0.25s): result: NodeOutput
  [ComfyUI] [comfy-env] GeomPackFillHoles_PyMeshFix done (0.25s): result: NodeOutput
  [ComfyUI] [comfy-env] GeomPackFillHoles_PyMeshFix done (0.25s): result: NodeOutput
  [ComfyUI] [VRAM] After GeomPackFillHoles_PyMeshFix: 620 / 24124 MB
  [ComfyUI] [VRAM] After GeomPackFillHoles_PyMeshFix: 620 / 24124 MB
  [ComfyUI] [VRAM] After GeomPackFillHoles_PyMeshFix: 620 / 24124 MB
  [ComfyUI] [VRAM] After GeomPackFillHoles_PyMeshFix: 620 / 24124 MB
  [ComfyUI] [VRAM] After GeomPackFillHoles_PyMeshFix: 620 / 24124 MB
  [ComfyUI] [VRAM] After GeomPackFillHoles_PyMeshFix: 620 / 24124 MB
  [ComfyUI] [VRAM] After GeomPackFillHoles_PyMeshFix: 620 / 24124 MB
  [ComfyUI] [VRAM] After GeomPackFillHoles_PyMeshFix: 620 / 24124 MB
  [ComfyUI] [comfy-env] Running GeomPackFillHoles_PyMeshLab: mesh: Trimesh, maxholesize: 0
  [ComfyUI] [comfy-env] Running GeomPackFillHoles_PyMeshLab: mesh: Trimesh, maxholesize: 0
  [ComfyUI] [comfy-env] Running GeomPackFillHoles_PyMeshLab: mesh: Trimesh, maxholesize: 0
  [ComfyUI] [comfy-env] Running GeomPackFillHoles_PyMeshLab: mesh: Trimesh, maxholesize: 0
  [ComfyUI] [comfy-env] Running GeomPackFillHoles_PyMeshLab: mesh: Trimesh, maxholesize: 0
  [ComfyUI] [comfy-env] Running GeomPackFillHoles_PyMeshLab: mesh: Trimesh, maxholesize: 0
  [ComfyUI] [comfy-env] Running GeomPackFillHoles_PyMeshLab: mesh: Trimesh, maxholesize: 0
  [ComfyUI] [comfy-env] Running GeomPackFillHoles_PyMeshLab: mesh: Trimesh, maxholesize: 0
  [ComfyUI] [VRAM] Before GeomPackFillHoles_PyMeshLab: 620 / 24124 MB
  [ComfyUI] [VRAM] Before GeomPackFillHoles_PyMeshLab: 620 / 24124 MB
  [ComfyUI] [VRAM] Before GeomPackFillHoles_PyMeshLab: 620 / 24124 MB
  [ComfyUI] [VRAM] Before GeomPackFillHoles_PyMeshLab: 620 / 24124 MB
  [ComfyUI] [VRAM] Before GeomPackFillHoles_PyMeshLab: 620 / 24124 MB
  [ComfyUI] [VRAM] Before GeomPackFillHoles_PyMeshLab: 620 / 24124 MB
  [ComfyUI] [VRAM] Before GeomPackFillHoles_PyMeshLab: 620 / 24124 MB
  [ComfyUI] [VRAM] Before GeomPackFillHoles_PyMeshLab: 620 / 24124 MB
  [ComfyUI] [SubprocessWorker] call_method: nodes.repair.backends.pymeshlab_fill.FillHolesPyMeshLabNode.EXECUTE_NORMALIZED
  [ComfyUI] [SubprocessWorker] call_method: nodes.repair.backends.pymeshlab_fill.FillHolesPyMeshLabNode.EXECUTE_NORMALIZED
  [ComfyUI] [SubprocessWorker] call_method: nodes.repair.backends.pymeshlab_fill.FillHolesPyMeshLabNode.EXECUTE_NORMALIZED
  [ComfyUI] [SubprocessWorker] call_method: nodes.repair.backends.pymeshlab_fill.FillHolesPyMeshLabNode.EXECUTE_NORMALIZED
  [ComfyUI] [SubprocessWorker] call_method: nodes.repair.backends.pymeshlab_fill.FillHolesPyMeshLabNode.EXECUTE_NORMALIZED
  [ComfyUI] [SubprocessWorker] call_method: nodes.repair.backends.pymeshlab_fill.FillHolesPyMeshLabNode.EXECUTE_NORMALIZED
  [ComfyUI] [SubprocessWorker] call_method: nodes.repair.backends.pymeshlab_fill.FillHolesPyMeshLabNode.EXECUTE_NORMALIZED
  [ComfyUI] [SubprocessWorker] call_method: nodes.repair.backends.pymeshlab_fill.FillHolesPyMeshLabNode.EXECUTE_NORMALIZED
  [ComfyUI] [SubprocessWorker] acquired lock, ensuring started...
  [ComfyUI] [SubprocessWorker] acquired lock, ensuring started...
  [ComfyUI] [SubprocessWorker] acquired lock, ensuring started...
  [ComfyUI] [SubprocessWorker] acquired lock, ensuring started...
  [ComfyUI] [SubprocessWorker] acquired lock, ensuring started...
  [ComfyUI] [SubprocessWorker] acquired lock, ensuring started...
  [ComfyUI] [SubprocessWorker] acquired lock, ensuring started...
  [ComfyUI] [SubprocessWorker] acquired lock, ensuring started...
  [ComfyUI] [ComfyUI-GeometryPack] Health check: ping (timeout=5.0s)...
  [ComfyUI] [ComfyUI-GeometryPack] Health check: ping (timeout=5.0s)...
  [ComfyUI] [ComfyUI-GeometryPack] Health check: ping (timeout=5.0s)...
  [ComfyUI] [ComfyUI-GeometryPack] Health check: ping (timeout=5.0s)...
  [ComfyUI] [ComfyUI-GeometryPack] Health check: ping (timeout=5.0s)...
  [ComfyUI] [ComfyUI-GeometryPack] Health check: ping (timeout=5.0s)...
  [ComfyUI] [ComfyUI-GeometryPack] Health check: ping (timeout=5.0s)...
  [ComfyUI] [ComfyUI-GeometryPack] Health check: ping (timeout=5.0s)...
  [ComfyUI] [ComfyUI-GeometryPack] Health check: ok
  [ComfyUI] [ComfyUI-GeometryPack] Health check: ok
  [ComfyUI] [ComfyUI-GeometryPack] Health check: ok
  [ComfyUI] [ComfyUI-GeometryPack] Health check: ok
  [ComfyUI] [ComfyUI-GeometryPack] Health check: ok
  [ComfyUI] [ComfyUI-GeometryPack] Health check: ok
  [ComfyUI] [ComfyUI-GeometryPack] Health check: ok
  [ComfyUI] [ComfyUI-GeometryPack] Health check: ok
  [ComfyUI] [SubprocessWorker] worker started/confirmed
  [ComfyUI] [SubprocessWorker] worker started/confirmed
  [ComfyUI] [SubprocessWorker] worker started/confirmed
  [ComfyUI] [SubprocessWorker] worker started/confirmed
  [ComfyUI] [SubprocessWorker] worker started/confirmed
  [ComfyUI] [SubprocessWorker] worker started/confirmed
  [ComfyUI] [SubprocessWorker] worker started/confirmed
  [ComfyUI] [SubprocessWorker] worker started/confirmed
  [ComfyUI] [SubprocessWorker] serializing kwargs to shm...
  [ComfyUI] [SubprocessWorker] serializing kwargs to shm...
  [ComfyUI] [SubprocessWorker] serializing kwargs to shm...
  [ComfyUI] [SubprocessWorker] serializing kwargs to shm...
  [ComfyUI] [SubprocessWorker] serializing kwargs to shm...
  [ComfyUI] [SubprocessWorker] serializing kwargs to shm...
  [ComfyUI] [SubprocessWorker] serializing kwargs to shm...
  [ComfyUI] [SubprocessWorker] serializing kwargs to shm...
  [ComfyUI] [SubprocessWorker] created 1 shm blocks
  [ComfyUI] [SubprocessWorker] created 1 shm blocks
  [ComfyUI] [SubprocessWorker] created 1 shm blocks
  [ComfyUI] [SubprocessWorker] created 1 shm blocks
  [ComfyUI] [SubprocessWorker] created 1 shm blocks
  [ComfyUI] [SubprocessWorker] created 1 shm blocks
  [ComfyUI] [SubprocessWorker] created 1 shm blocks
  [ComfyUI] [SubprocessWorker] created 1 shm blocks
  [ComfyUI] [SubprocessWorker] sending request via socket...
  [ComfyUI] [SubprocessWorker] sending request via socket...
  [ComfyUI] [SubprocessWorker] sending request via socket...
  [ComfyUI] [SubprocessWorker] sending request via socket...
  [ComfyUI] [SubprocessWorker] sending request via socket...
  [ComfyUI] [SubprocessWorker] sending request via socket...
  [ComfyUI] [SubprocessWorker] sending request via socket...
  [ComfyUI] [SubprocessWorker] sending request via socket...
  [ComfyUI] [SubprocessWorker] call_id=10 sending call_method
  [ComfyUI] [SubprocessWorker] call_id=10 sending call_method
  [ComfyUI] [SubprocessWorker] call_id=10 sending call_method
  [ComfyUI] [SubprocessWorker] call_id=10 sending call_method
  [ComfyUI] [SubprocessWorker] call_id=10 sending call_method
  [ComfyUI] [SubprocessWorker] call_id=10 sending call_method
  [ComfyUI] [SubprocessWorker] call_id=10 sending call_method
  [ComfyUI] [SubprocessWorker] call_id=10 sending call_method
  Frame 5 saved (frame_004.jpg, t=6.1s)
  [capture-node] freeze=4ms shot=242ms unfreeze=6ms saved=True
  [ComfyUI] [worker:ComfyUI-GeometryPack] INFO: PyMeshLab: maxholesize=0, +54 faces, watertight: False -> True
  [ComfyUI] [worker:ComfyUI-GeometryPack] INFO: PyMeshLab: maxholesize=0, +54 faces, watertight: False -> True
  [ComfyUI] [worker:ComfyUI-GeometryPack] INFO: PyMeshLab: maxholesize=0, +54 faces, watertight: False -> True
  [ComfyUI] [worker:ComfyUI-GeometryPack] INFO: PyMeshLab: maxholesize=0, +54 faces, watertight: False -> True
  [ComfyUI] [worker:ComfyUI-GeometryPack] INFO: PyMeshLab: maxholesize=0, +54 faces, watertight: False -> True
  [ComfyUI] [worker:ComfyUI-GeometryPack] INFO: PyMeshLab: maxholesize=0, +54 faces, watertight: False -> True
  [ComfyUI] [worker:ComfyUI-GeometryPack] INFO: PyMeshLab: maxholesize=0, +54 faces, watertight: False -> True
  [ComfyUI] [worker:ComfyUI-GeometryPack] INFO: PyMeshLab: maxholesize=0, +54 faces, watertight: False -> True
  [ComfyUI] [SubprocessWorker] got response: ok
  [ComfyUI] [SubprocessWorker] got response: ok
  [ComfyUI] [SubprocessWorker] got response: ok
  [ComfyUI] [SubprocessWorker] got response: ok
  [ComfyUI] [SubprocessWorker] got response: ok
  [ComfyUI] [SubprocessWorker] got response: ok
  [ComfyUI] [SubprocessWorker] got response: ok
  [ComfyUI] [SubprocessWorker] got response: ok
  [ComfyUI] [comfy-env] GeomPackFillHoles_PyMeshLab done (0.41s): result: NodeOutput
  [ComfyUI] [comfy-env] GeomPackFillHoles_PyMeshLab done (0.41s): result: NodeOutput
  [ComfyUI] [comfy-env] GeomPackFillHoles_PyMeshLab done (0.41s): result: NodeOutput
  [ComfyUI] [comfy-env] GeomPackFillHoles_PyMeshLab done (0.41s): result: NodeOutput
  [ComfyUI] [comfy-env] GeomPackFillHoles_PyMeshLab done (0.41s): result: NodeOutput
  [ComfyUI] [comfy-env] GeomPackFillHoles_PyMeshLab done (0.41s): result: NodeOutput
  [ComfyUI] [comfy-env] GeomPackFillHoles_PyMeshLab done (0.41s): result: NodeOutput
  [ComfyUI] [comfy-env] GeomPackFillHoles_PyMeshLab done (0.41s): result: NodeOutput
  [ComfyUI] [VRAM] After GeomPackFillHoles_PyMeshLab: 620 / 24124 MB
  [ComfyUI] [VRAM] After GeomPackFillHoles_PyMeshLab: 620 / 24124 MB
  [ComfyUI] [VRAM] After GeomPackFillHoles_PyMeshLab: 620 / 24124 MB
  [ComfyUI] [VRAM] After GeomPackFillHoles_PyMeshLab: 620 / 24124 MB
  [ComfyUI] [VRAM] After GeomPackFillHoles_PyMeshLab: 620 / 24124 MB
  [ComfyUI] [VRAM] After GeomPackFillHoles_PyMeshLab: 620 / 24124 MB
  [ComfyUI] [VRAM] After GeomPackFillHoles_PyMeshLab: 620 / 24124 MB
  [ComfyUI] [VRAM] After GeomPackFillHoles_PyMeshLab: 620 / 24124 MB
  [ComfyUI] [comfy-env] Running GeomPackPreviewMeshMulti: mode: 'fields', mesh_1: Trimesh, mesh_2: Trimesh, mesh_3: Trimesh
  [ComfyUI] [comfy-env] Running GeomPackPreviewMeshMulti: mode: 'fields', mesh_1: Trimesh, mesh_2: Trimesh, mesh_3: Trimesh
  [ComfyUI] [comfy-env] Running GeomPackPreviewMeshMulti: mode: 'fields', mesh_1: Trimesh, mesh_2: Trimesh, mesh_3: Trimesh
  [ComfyUI] [comfy-env] Running GeomPackPreviewMeshMulti: mode: 'fields', mesh_1: Trimesh, mesh_2: Trimesh, mesh_3: Trimesh
  [ComfyUI] [comfy-env] Running GeomPackPreviewMeshMulti: mode: 'fields', mesh_1: Trimesh, mesh_2: Trimesh, mesh_3: Trimesh
  [ComfyUI] [comfy-env] Running GeomPackPreviewMeshMulti: mode: 'fields', mesh_1: Trimesh, mesh_2: Trimesh, mesh_3: Trimesh
  [ComfyUI] [comfy-env] Running GeomPackPreviewMeshMulti: mode: 'fields', mesh_1: Trimesh, mesh_2: Trimesh, mesh_3: Trimesh
  [ComfyUI] [comfy-env] Running GeomPackPreviewMeshMulti: mode: 'fields', mesh_1: Trimesh, mesh_2: Trimesh, mesh_3: Trimesh
  [ComfyUI] [VRAM] Before GeomPackPreviewMeshMulti: 620 / 24124 MB
  [ComfyUI] [VRAM] Before GeomPackPreviewMeshMulti: 620 / 24124 MB
  [ComfyUI] [VRAM] Before GeomPackPreviewMeshMulti: 620 / 24124 MB
  [ComfyUI] [VRAM] Before GeomPackPreviewMeshMulti: 620 / 24124 MB
  [ComfyUI] [VRAM] Before GeomPackPreviewMeshMulti: 620 / 24124 MB
  [ComfyUI] [VRAM] Before GeomPackPreviewMeshMulti: 620 / 24124 MB
  [ComfyUI] [VRAM] Before GeomPackPreviewMeshMulti: 620 / 24124 MB
  [ComfyUI] [VRAM] Before GeomPackPreviewMeshMulti: 620 / 24124 MB
  [ComfyUI] [SubprocessWorker] call_method: nodes.visualization.preview_mesh_multi.PreviewMeshMultiNode.EXECUTE_NORMALIZED
  [ComfyUI] [SubprocessWorker] call_method: nodes.visualization.preview_mesh_multi.PreviewMeshMultiNode.EXECUTE_NORMALIZED
  [ComfyUI] [SubprocessWorker] call_method: nodes.visualization.preview_mesh_multi.PreviewMeshMultiNode.EXECUTE_NORMALIZED
  [ComfyUI] [SubprocessWorker] call_method: nodes.visualization.preview_mesh_multi.PreviewMeshMultiNode.EXECUTE_NORMALIZED
  [ComfyUI] [SubprocessWorker] call_method: nodes.visualization.preview_mesh_multi.PreviewMeshMultiNode.EXECUTE_NORMALIZED
  [ComfyUI] [SubprocessWorker] call_method: nodes.visualization.preview_mesh_multi.PreviewMeshMultiNode.EXECUTE_NORMALIZED
  [ComfyUI] [SubprocessWorker] call_method: nodes.visualization.preview_mesh_multi.PreviewMeshMultiNode.EXECUTE_NORMALIZED
  [ComfyUI] [SubprocessWorker] call_method: nodes.visualization.preview_mesh_multi.PreviewMeshMultiNode.EXECUTE_NORMALIZED
  [ComfyUI] [SubprocessWorker] acquired lock, ensuring started...
  [ComfyUI] [SubprocessWorker] acquired lock, ensuring started...
  [ComfyUI] [SubprocessWorker] acquired lock, ensuring started...
  [ComfyUI] [SubprocessWorker] acquired lock, ensuring started...
  [ComfyUI] [SubprocessWorker] acquired lock, ensuring started...
  [ComfyUI] [SubprocessWorker] acquired lock, ensuring started...
  [ComfyUI] [SubprocessWorker] acquired lock, ensuring started...
  [ComfyUI] [SubprocessWorker] acquired lock, ensuring started...
  [ComfyUI] [ComfyUI-GeometryPack] Health check: ping (timeout=5.0s)...
  [ComfyUI] [ComfyUI-GeometryPack] Health check: ping (timeout=5.0s)...
  [ComfyUI] [ComfyUI-GeometryPack] Health check: ping (timeout=5.0s)...
  [ComfyUI] [ComfyUI-GeometryPack] Health check: ping (timeout=5.0s)...
  [ComfyUI] [ComfyUI-GeometryPack] Health check: ping (timeout=5.0s)...
  [ComfyUI] [ComfyUI-GeometryPack] Health check: ping (timeout=5.0s)...
  [ComfyUI] [ComfyUI-GeometryPack] Health check: ping (timeout=5.0s)...
  [ComfyUI] [ComfyUI-GeometryPack] Health check: ping (timeout=5.0s)...
  Node executed (4 total), capturing...
  [ComfyUI] [ComfyUI-GeometryPack] Health check: ok
  [ComfyUI] [ComfyUI-GeometryPack] Health check: ok
  [ComfyUI] [ComfyUI-GeometryPack] Health check: ok
  [ComfyUI] [ComfyUI-GeometryPack] Health check: ok
  [ComfyUI] [ComfyUI-GeometryPack] Health check: ok
  [ComfyUI] [ComfyUI-GeometryPack] Health check: ok
  [ComfyUI] [ComfyUI-GeometryPack] Health check: ok
  [ComfyUI] [ComfyUI-GeometryPack] Health check: ok
  [ComfyUI] [SubprocessWorker] worker started/confirmed
  [ComfyUI] [SubprocessWorker] worker started/confirmed
  [ComfyUI] [SubprocessWorker] worker started/confirmed
  [ComfyUI] [SubprocessWorker] worker started/confirmed
  [ComfyUI] [SubprocessWorker] worker started/confirmed
  [ComfyUI] [SubprocessWorker] worker started/confirmed
  [ComfyUI] [SubprocessWorker] worker started/confirmed
  [ComfyUI] [SubprocessWorker] worker started/confirmed
  [ComfyUI] [SubprocessWorker] serializing kwargs to shm...
  [ComfyUI] [SubprocessWorker] serializing kwargs to shm...
  [ComfyUI] [SubprocessWorker] serializing kwargs to shm...
  [ComfyUI] [SubprocessWorker] serializing kwargs to shm...
  [ComfyUI] [SubprocessWorker] serializing kwargs to shm...
  [ComfyUI] [SubprocessWorker] serializing kwargs to shm...
  [ComfyUI] [SubprocessWorker] serializing kwargs to shm...
  [ComfyUI] [SubprocessWorker] serializing kwargs to shm...
  [ComfyUI] [SubprocessWorker] created 3 shm blocks
  [ComfyUI] [SubprocessWorker] created 3 shm blocks
  [ComfyUI] [SubprocessWorker] created 3 shm blocks
  [ComfyUI] [SubprocessWorker] created 3 shm blocks
  [ComfyUI] [SubprocessWorker] created 3 shm blocks
  [ComfyUI] [SubprocessWorker] created 3 shm blocks
  [ComfyUI] [SubprocessWorker] created 3 shm blocks
  [ComfyUI] [SubprocessWorker] created 3 shm blocks
  [ComfyUI] [SubprocessWorker] sending request via socket...
  [ComfyUI] [SubprocessWorker] sending request via socket...
  [ComfyUI] [SubprocessWorker] sending request via socket...
  [ComfyUI] [SubprocessWorker] sending request via socket...
  [ComfyUI] [SubprocessWorker] sending request via socket...
  [ComfyUI] [SubprocessWorker] sending request via socket...
  [ComfyUI] [SubprocessWorker] sending request via socket...
  [ComfyUI] [SubprocessWorker] sending request via socket...
  [ComfyUI] [SubprocessWorker] call_id=11 sending call_method
  [ComfyUI] [SubprocessWorker] call_id=11 sending call_method
  [ComfyUI] [SubprocessWorker] call_id=11 sending call_method
  [ComfyUI] [SubprocessWorker] call_id=11 sending call_method
  [ComfyUI] [SubprocessWorker] call_id=11 sending call_method
  [ComfyUI] [SubprocessWorker] call_id=11 sending call_method
  [ComfyUI] [SubprocessWorker] call_id=11 sending call_method
  [ComfyUI] [SubprocessWorker] call_id=11 sending call_method
  [ComfyUI] [worker:ComfyUI-GeometryPack] INFO: Mode: fields, Meshes: 3
  [ComfyUI] [worker:ComfyUI-GeometryPack] INFO: Mode: fields, Meshes: 3
  [ComfyUI] [worker:ComfyUI-GeometryPack] INFO: Mode: fields, Meshes: 3
  [ComfyUI] [worker:ComfyUI-GeometryPack] INFO: Mode: fields, Meshes: 3
  [ComfyUI] [worker:ComfyUI-GeometryPack] INFO: Mode: fields, Meshes: 3
  [ComfyUI] [worker:ComfyUI-GeometryPack] INFO: Mode: fields, Meshes: 3
  [ComfyUI] [worker:ComfyUI-GeometryPack] INFO: Mode: fields, Meshes: 3
  [ComfyUI] [worker:ComfyUI-GeometryPack] INFO: Mode: fields, Meshes: 3
  [ComfyUI] [worker:ComfyUI-GeometryPack] INFO: Mesh 1: Mesh - 11381 vertices, 22704 faces
  [ComfyUI] [worker:ComfyUI-GeometryPack] INFO: Mesh 1: Mesh - 11381 vertices, 22704 faces
  [ComfyUI] [worker:ComfyUI-GeometryPack] INFO: Mesh 1: Mesh - 11381 vertices, 22704 faces
  [ComfyUI] [worker:ComfyUI-GeometryPack] INFO: Mesh 1: Mesh - 11381 vertices, 22704 faces
  [ComfyUI] [worker:ComfyUI-GeometryPack] INFO: Mesh 1: Mesh - 11381 vertices, 22704 faces
  [ComfyUI] [worker:ComfyUI-GeometryPack] INFO: Mesh 1: Mesh - 11381 vertices, 22704 faces
  [ComfyUI] [worker:ComfyUI-GeometryPack] INFO: Mesh 1: Mesh - 11381 vertices, 22704 faces
  [ComfyUI] [worker:ComfyUI-GeometryPack] INFO: Mesh 1: Mesh - 11381 vertices, 22704 faces
  [ComfyUI] [worker:ComfyUI-GeometryPack] INFO: Exporting mesh to VTP: /workspaces/GeometryPack-2138/ComfyUI/output/preview_multi_1_afc7bc4c.vtp
  [ComfyUI] [worker:ComfyUI-GeometryPack] INFO: Exporting mesh to VTP: /workspaces/GeometryPack-2138/ComfyUI/output/preview_multi_1_afc7bc4c.vtp
  [ComfyUI] [worker:ComfyUI-GeometryPack] INFO: Exporting mesh to VTP: /workspaces/GeometryPack-2138/ComfyUI/output/preview_multi_1_afc7bc4c.vtp
  [ComfyUI] [worker:ComfyUI-GeometryPack] INFO: Exporting mesh to VTP: /workspaces/GeometryPack-2138/ComfyUI/output/preview_multi_1_afc7bc4c.vtp
  [ComfyUI] [worker:ComfyUI-GeometryPack] INFO: Exporting mesh to VTP: /workspaces/GeometryPack-2138/ComfyUI/output/preview_multi_1_afc7bc4c.vtp
  [ComfyUI] [worker:ComfyUI-GeometryPack] INFO: Exporting mesh to VTP: /workspaces/GeometryPack-2138/ComfyUI/output/preview_multi_1_afc7bc4c.vtp
  [ComfyUI] [worker:ComfyUI-GeometryPack] INFO: Exporting mesh to VTP: /workspaces/GeometryPack-2138/ComfyUI/output/preview_multi_1_afc7bc4c.vtp
  [ComfyUI] [worker:ComfyUI-GeometryPack] INFO: Exporting mesh to VTP: /workspaces/GeometryPack-2138/ComfyUI/output/preview_multi_1_afc7bc4c.vtp
  [ComfyUI] [worker:ComfyUI-GeometryPack] INFO: Adding normals field (11381 vertices)
  [ComfyUI] [worker:ComfyUI-GeometryPack] INFO: Adding normals field (11381 vertices)
  [ComfyUI] [worker:ComfyUI-GeometryPack] INFO: Adding normals field (11381 vertices)
  [ComfyUI] [worker:ComfyUI-GeometryPack] INFO: Adding normals field (11381 vertices)
  [ComfyUI] [worker:ComfyUI-GeometryPack] INFO: Adding normals field (11381 vertices)
  [ComfyUI] [worker:ComfyUI-GeometryPack] INFO: Adding normals field (11381 vertices)
  [ComfyUI] [worker:ComfyUI-GeometryPack] INFO: Adding normals field (11381 vertices)
  [ComfyUI] [worker:ComfyUI-GeometryPack] INFO: Adding normals field (11381 vertices)
  [ComfyUI] [worker:ComfyUI-GeometryPack] INFO: Export complete: 11381 vertices, 22704 faces
  [ComfyUI] [worker:ComfyUI-GeometryPack] INFO: Export complete: 11381 vertices, 22704 faces
  [ComfyUI] [worker:ComfyUI-GeometryPack] INFO: Export complete: 11381 vertices, 22704 faces
  [ComfyUI] [worker:ComfyUI-GeometryPack] INFO: Export complete: 11381 vertices, 22704 faces
  [ComfyUI] [worker:ComfyUI-GeometryPack] INFO: Export complete: 11381 vertices, 22704 faces
  [ComfyUI] [worker:ComfyUI-GeometryPack] INFO: Export complete: 11381 vertices, 22704 faces
  [ComfyUI] [worker:ComfyUI-GeometryPack] INFO: Export complete: 11381 vertices, 22704 faces
  [ComfyUI] [worker:ComfyUI-GeometryPack] INFO: Export complete: 11381 vertices, 22704 faces
  [ComfyUI] [worker:ComfyUI-GeometryPack] INFO: Exported VTP: /workspaces/GeometryPack-2138/ComfyUI/output/preview_multi_1_afc7bc4c.vtp
  [ComfyUI] [worker:ComfyUI-GeometryPack] INFO: Exported VTP: /workspaces/GeometryPack-2138/ComfyUI/output/preview_multi_1_afc7bc4c.vtp
  [ComfyUI] [worker:ComfyUI-GeometryPack] INFO: Exported VTP: /workspaces/GeometryPack-2138/ComfyUI/output/preview_multi_1_afc7bc4c.vtp
  [ComfyUI] [worker:ComfyUI-GeometryPack] INFO: Exported VTP: /workspaces/GeometryPack-2138/ComfyUI/output/preview_multi_1_afc7bc4c.vtp
  [ComfyUI] [worker:ComfyUI-GeometryPack] INFO: Exported VTP: /workspaces/GeometryPack-2138/ComfyUI/output/preview_multi_1_afc7bc4c.vtp
  [ComfyUI] [worker:ComfyUI-GeometryPack] INFO: Exported VTP: /workspaces/GeometryPack-2138/ComfyUI/output/preview_multi_1_afc7bc4c.vtp
  [ComfyUI] [worker:ComfyUI-GeometryPack] INFO: Exported VTP: /workspaces/GeometryPack-2138/ComfyUI/output/preview_multi_1_afc7bc4c.vtp
  [ComfyUI] [worker:ComfyUI-GeometryPack] INFO: Exported VTP: /workspaces/GeometryPack-2138/ComfyUI/output/preview_multi_1_afc7bc4c.vtp
  [ComfyUI] [worker:ComfyUI-GeometryPack] INFO: Mesh 2: Mesh - 11381 vertices, 22758 faces
  [ComfyUI] [worker:ComfyUI-GeometryPack] INFO: Mesh 2: Mesh - 11381 vertices, 22758 faces
  [ComfyUI] [worker:ComfyUI-GeometryPack] INFO: Mesh 2: Mesh - 11381 vertices, 22758 faces
  [ComfyUI] [worker:ComfyUI-GeometryPack] INFO: Mesh 2: Mesh - 11381 vertices, 22758 faces
  [ComfyUI] [worker:ComfyUI-GeometryPack] INFO: Mesh 2: Mesh - 11381 vertices, 22758 faces
  [ComfyUI] [worker:ComfyUI-GeometryPack] INFO: Mesh 2: Mesh - 11381 vertices, 22758 faces
  [ComfyUI] [worker:ComfyUI-GeometryPack] INFO: Mesh 2: Mesh - 11381 vertices, 22758 faces
  [ComfyUI] [worker:ComfyUI-GeometryPack] INFO: Mesh 2: Mesh - 11381 vertices, 22758 faces
  [ComfyUI] [worker:ComfyUI-GeometryPack] INFO: Exporting mesh to VTP: /workspaces/GeometryPack-2138/ComfyUI/output/preview_multi_2_afc7bc4c.vtp
  [ComfyUI] [worker:ComfyUI-GeometryPack] INFO: Exporting mesh to VTP: /workspaces/GeometryPack-2138/ComfyUI/output/preview_multi_2_afc7bc4c.vtp
  [ComfyUI] [worker:ComfyUI-GeometryPack] INFO: Exporting mesh to VTP: /workspaces/GeometryPack-2138/ComfyUI/output/preview_multi_2_afc7bc4c.vtp
  [ComfyUI] [worker:ComfyUI-GeometryPack] INFO: Exporting mesh to VTP: /workspaces/GeometryPack-2138/ComfyUI/output/preview_multi_2_afc7bc4c.vtp
  [ComfyUI] [worker:ComfyUI-GeometryPack] INFO: Exporting mesh to VTP: /workspaces/GeometryPack-2138/ComfyUI/output/preview_multi_2_afc7bc4c.vtp
  [ComfyUI] [worker:ComfyUI-GeometryPack] INFO: Exporting mesh to VTP: /workspaces/GeometryPack-2138/ComfyUI/output/preview_multi_2_afc7bc4c.vtp
  [ComfyUI] [worker:ComfyUI-GeometryPack] INFO: Exporting mesh to VTP: /workspaces/GeometryPack-2138/ComfyUI/output/preview_multi_2_afc7bc4c.vtp
  [ComfyUI] [worker:ComfyUI-GeometryPack] INFO: Exporting mesh to VTP: /workspaces/GeometryPack-2138/ComfyUI/output/preview_multi_2_afc7bc4c.vtp
  [ComfyUI] [worker:ComfyUI-GeometryPack] INFO: Adding normals field (11381 vertices)
  [ComfyUI] [worker:ComfyUI-GeometryPack] INFO: Adding normals field (11381 vertices)
  [ComfyUI] [worker:ComfyUI-GeometryPack] INFO: Adding normals field (11381 vertices)
  [ComfyUI] [worker:ComfyUI-GeometryPack] INFO: Adding normals field (11381 vertices)
  [ComfyUI] [worker:ComfyUI-GeometryPack] INFO: Adding normals field (11381 vertices)
  [ComfyUI] [worker:ComfyUI-GeometryPack] INFO: Adding normals field (11381 vertices)
  [ComfyUI] [worker:ComfyUI-GeometryPack] INFO: Adding normals field (11381 vertices)
  [ComfyUI] [worker:ComfyUI-GeometryPack] INFO: Adding normals field (11381 vertices)
  Frame 6 saved (frame_005.jpg, t=6.7s)
  [capture-node] freeze=4ms shot=177ms unfreeze=7ms saved=True
  [ComfyUI] [worker:ComfyUI-GeometryPack] INFO: Export complete: 11381 vertices, 22758 faces
  [ComfyUI] [worker:ComfyUI-GeometryPack] INFO: Export complete: 11381 vertices, 22758 faces
  [ComfyUI] [worker:ComfyUI-GeometryPack] INFO: Export complete: 11381 vertices, 22758 faces
  [ComfyUI] [worker:ComfyUI-GeometryPack] INFO: Export complete: 11381 vertices, 22758 faces
  [ComfyUI] [worker:ComfyUI-GeometryPack] INFO: Export complete: 11381 vertices, 22758 faces
  [ComfyUI] [worker:ComfyUI-GeometryPack] INFO: Export complete: 11381 vertices, 22758 faces
  [ComfyUI] [worker:ComfyUI-GeometryPack] INFO: Export complete: 11381 vertices, 22758 faces
  [ComfyUI] [worker:ComfyUI-GeometryPack] INFO: Export complete: 11381 vertices, 22758 faces
  [ComfyUI] [worker:ComfyUI-GeometryPack] INFO: Exported VTP: /workspaces/GeometryPack-2138/ComfyUI/output/preview_multi_2_afc7bc4c.vtp
  [ComfyUI] [worker:ComfyUI-GeometryPack] INFO: Exported VTP: /workspaces/GeometryPack-2138/ComfyUI/output/preview_multi_2_afc7bc4c.vtp
  [ComfyUI] [worker:ComfyUI-GeometryPack] INFO: Exported VTP: /workspaces/GeometryPack-2138/ComfyUI/output/preview_multi_2_afc7bc4c.vtp
  [ComfyUI] [worker:ComfyUI-GeometryPack] INFO: Exported VTP: /workspaces/GeometryPack-2138/ComfyUI/output/preview_multi_2_afc7bc4c.vtp
  [ComfyUI] [worker:ComfyUI-GeometryPack] INFO: Exported VTP: /workspaces/GeometryPack-2138/ComfyUI/output/preview_multi_2_afc7bc4c.vtp
  [ComfyUI] [worker:ComfyUI-GeometryPack] INFO: Exported VTP: /workspaces/GeometryPack-2138/ComfyUI/output/preview_multi_2_afc7bc4c.vtp
  [ComfyUI] [worker:ComfyUI-GeometryPack] INFO: Exported VTP: /workspaces/GeometryPack-2138/ComfyUI/output/preview_multi_2_afc7bc4c.vtp
  [ComfyUI] [worker:ComfyUI-GeometryPack] INFO: Exported VTP: /workspaces/GeometryPack-2138/ComfyUI/output/preview_multi_2_afc7bc4c.vtp
  [ComfyUI] [worker:ComfyUI-GeometryPack] INFO: Mesh 3: Mesh - 11503 vertices, 23002 faces
  [ComfyUI] [worker:ComfyUI-GeometryPack] INFO: Mesh 3: Mesh - 11503 vertices, 23002 faces
  [ComfyUI] [worker:ComfyUI-GeometryPack] INFO: Mesh 3: Mesh - 11503 vertices, 23002 faces
  [ComfyUI] [worker:ComfyUI-GeometryPack] INFO: Mesh 3: Mesh - 11503 vertices, 23002 faces
  [ComfyUI] [worker:ComfyUI-GeometryPack] INFO: Mesh 3: Mesh - 11503 vertices, 23002 faces
  [ComfyUI] [worker:ComfyUI-GeometryPack] INFO: Mesh 3: Mesh - 11503 vertices, 23002 faces
  [ComfyUI] [worker:ComfyUI-GeometryPack] INFO: Mesh 3: Mesh - 11503 vertices, 23002 faces
  [ComfyUI] [worker:ComfyUI-GeometryPack] INFO: Mesh 3: Mesh - 11503 vertices, 23002 faces
  [ComfyUI] [worker:ComfyUI-GeometryPack] INFO: Exporting mesh to VTP: /workspaces/GeometryPack-2138/ComfyUI/output/preview_multi_3_afc7bc4c.vtp
  [ComfyUI] [worker:ComfyUI-GeometryPack] INFO: Exporting mesh to VTP: /workspaces/GeometryPack-2138/ComfyUI/output/preview_multi_3_afc7bc4c.vtp
  [ComfyUI] [worker:ComfyUI-GeometryPack] INFO: Exporting mesh to VTP: /workspaces/GeometryPack-2138/ComfyUI/output/preview_multi_3_afc7bc4c.vtp
  [ComfyUI] [worker:ComfyUI-GeometryPack] INFO: Exporting mesh to VTP: /workspaces/GeometryPack-2138/ComfyUI/output/preview_multi_3_afc7bc4c.vtp
  [ComfyUI] [worker:ComfyUI-GeometryPack] INFO: Exporting mesh to VTP: /workspaces/GeometryPack-2138/ComfyUI/output/preview_multi_3_afc7bc4c.vtp
  [ComfyUI] [worker:ComfyUI-GeometryPack] INFO: Exporting mesh to VTP: /workspaces/GeometryPack-2138/ComfyUI/output/preview_multi_3_afc7bc4c.vtp
  [ComfyUI] [worker:ComfyUI-GeometryPack] INFO: Exporting mesh to VTP: /workspaces/GeometryPack-2138/ComfyUI/output/preview_multi_3_afc7bc4c.vtp
  [ComfyUI] [worker:ComfyUI-GeometryPack] INFO: Exporting mesh to VTP: /workspaces/GeometryPack-2138/ComfyUI/output/preview_multi_3_afc7bc4c.vtp
  [ComfyUI] [worker:ComfyUI-GeometryPack] INFO: Adding normals field (11503 vertices)
  [ComfyUI] [worker:ComfyUI-GeometryPack] INFO: Adding normals field (11503 vertices)
  [ComfyUI] [worker:ComfyUI-GeometryPack] INFO: Adding normals field (11503 vertices)
  [ComfyUI] [worker:ComfyUI-GeometryPack] INFO: Adding normals field (11503 vertices)
  [ComfyUI] [worker:ComfyUI-GeometryPack] INFO: Adding normals field (11503 vertices)
  [ComfyUI] [worker:ComfyUI-GeometryPack] INFO: Adding normals field (11503 vertices)
  [ComfyUI] [worker:ComfyUI-GeometryPack] INFO: Adding normals field (11503 vertices)
  [ComfyUI] [worker:ComfyUI-GeometryPack] INFO: Adding normals field (11503 vertices)
  [ComfyUI] [worker:ComfyUI-GeometryPack] INFO: Export complete: 11503 vertices, 23002 faces
  [ComfyUI] [worker:ComfyUI-GeometryPack] INFO: Export complete: 11503 vertices, 23002 faces
  [ComfyUI] [worker:ComfyUI-GeometryPack] INFO: Export complete: 11503 vertices, 23002 faces
  [ComfyUI] [worker:ComfyUI-GeometryPack] INFO: Export complete: 11503 vertices, 23002 faces
  [ComfyUI] [worker:ComfyUI-GeometryPack] INFO: Export complete: 11503 vertices, 23002 faces
  [ComfyUI] [worker:ComfyUI-GeometryPack] INFO: Export complete: 11503 vertices, 23002 faces
  [ComfyUI] [worker:ComfyUI-GeometryPack] INFO: Export complete: 11503 vertices, 23002 faces
  [ComfyUI] [worker:ComfyUI-GeometryPack] INFO: Export complete: 11503 vertices, 23002 faces
  [ComfyUI] [worker:ComfyUI-GeometryPack] INFO: Exported VTP: /workspaces/GeometryPack-2138/ComfyUI/output/preview_multi_3_afc7bc4c.vtp
  [ComfyUI] [worker:ComfyUI-GeometryPack] INFO: Exported VTP: /workspaces/GeometryPack-2138/ComfyUI/output/preview_multi_3_afc7bc4c.vtp
  [ComfyUI] [worker:ComfyUI-GeometryPack] INFO: Exported VTP: /workspaces/GeometryPack-2138/ComfyUI/output/preview_multi_3_afc7bc4c.vtp
  [ComfyUI] [worker:ComfyUI-GeometryPack] INFO: Exported VTP: /workspaces/GeometryPack-2138/ComfyUI/output/preview_multi_3_afc7bc4c.vtp
  [ComfyUI] [worker:ComfyUI-GeometryPack] INFO: Exported VTP: /workspaces/GeometryPack-2138/ComfyUI/output/preview_multi_3_afc7bc4c.vtp
  [ComfyUI] [worker:ComfyUI-GeometryPack] INFO: Exported VTP: /workspaces/GeometryPack-2138/ComfyUI/output/preview_multi_3_afc7bc4c.vtp
  [ComfyUI] [worker:ComfyUI-GeometryPack] INFO: Exported VTP: /workspaces/GeometryPack-2138/ComfyUI/output/preview_multi_3_afc7bc4c.vtp
  [ComfyUI] [worker:ComfyUI-GeometryPack] INFO: Exported VTP: /workspaces/GeometryPack-2138/ComfyUI/output/preview_multi_3_afc7bc4c.vtp
  [ComfyUI] [worker:ComfyUI-GeometryPack] INFO: Grid: 3x1, Preview ready
  [ComfyUI] [worker:ComfyUI-GeometryPack] INFO: Grid: 3x1, Preview ready
  [ComfyUI] [worker:ComfyUI-GeometryPack] INFO: Grid: 3x1, Preview ready
  [ComfyUI] [worker:ComfyUI-GeometryPack] INFO: Grid: 3x1, Preview ready
  [ComfyUI] [worker:ComfyUI-GeometryPack] INFO: Grid: 3x1, Preview ready
  [ComfyUI] [worker:ComfyUI-GeometryPack] INFO: Grid: 3x1, Preview ready
  [ComfyUI] [worker:ComfyUI-GeometryPack] INFO: Grid: 3x1, Preview ready
  [ComfyUI] [worker:ComfyUI-GeometryPack] INFO: Grid: 3x1, Preview ready
  [ComfyUI] [SubprocessWorker] got response: ok
  [ComfyUI] [SubprocessWorker] got response: ok
  [ComfyUI] [SubprocessWorker] got response: ok
  [ComfyUI] [SubprocessWorker] got response: ok
  [ComfyUI] [SubprocessWorker] got response: ok
  [ComfyUI] [SubprocessWorker] got response: ok
  [ComfyUI] [SubprocessWorker] got response: ok
  [ComfyUI] [SubprocessWorker] got response: ok
  [ComfyUI] [comfy-env] GeomPackPreviewMeshMulti done (0.74s): result: NodeOutput
  [ComfyUI] [comfy-env] GeomPackPreviewMeshMulti done (0.74s): result: NodeOutput
  [ComfyUI] [comfy-env] GeomPackPreviewMeshMulti done (0.74s): result: NodeOutput
  [ComfyUI] [comfy-env] GeomPackPreviewMeshMulti done (0.74s): result: NodeOutput
  [ComfyUI] [comfy-env] GeomPackPreviewMeshMulti done (0.74s): result: NodeOutput
  [ComfyUI] [comfy-env] GeomPackPreviewMeshMulti done (0.74s): result: NodeOutput
  [ComfyUI] [comfy-env] GeomPackPreviewMeshMulti done (0.74s): result: NodeOutput
  [ComfyUI] [comfy-env] GeomPackPreviewMeshMulti done (0.74s): result: NodeOutput
  [ComfyUI] [VRAM] After GeomPackPreviewMeshMulti: 620 / 24124 MB
  [ComfyUI] [VRAM] After GeomPackPreviewMeshMulti: 620 / 24124 MB
  [ComfyUI] [VRAM] After GeomPackPreviewMeshMulti: 620 / 24124 MB
  [ComfyUI] [VRAM] After GeomPackPreviewMeshMulti: 620 / 24124 MB
  [ComfyUI] [VRAM] After GeomPackPreviewMeshMulti: 620 / 24124 MB
  [ComfyUI] [VRAM] After GeomPackPreviewMeshMulti: 620 / 24124 MB
  [ComfyUI] [VRAM] After GeomPackPreviewMeshMulti: 620 / 24124 MB
  [ComfyUI] [VRAM] After GeomPackPreviewMeshMulti: 620 / 24124 MB
  [ComfyUI] [comfy-env] Running GeomPackFillHoles_IglFan: mesh: Trimesh
  [ComfyUI] [comfy-env] Running GeomPackFillHoles_IglFan: mesh: Trimesh
  [ComfyUI] [comfy-env] Running GeomPackFillHoles_IglFan: mesh: Trimesh
  [ComfyUI] [comfy-env] Running GeomPackFillHoles_IglFan: mesh: Trimesh
  [ComfyUI] [comfy-env] Running GeomPackFillHoles_IglFan: mesh: Trimesh
  [ComfyUI] [comfy-env] Running GeomPackFillHoles_IglFan: mesh: Trimesh
  [ComfyUI] [comfy-env] Running GeomPackFillHoles_IglFan: mesh: Trimesh
  [ComfyUI] [comfy-env] Running GeomPackFillHoles_IglFan: mesh: Trimesh
  [ComfyUI] [VRAM] Before GeomPackFillHoles_IglFan: 620 / 24124 MB
  [ComfyUI] [VRAM] Before GeomPackFillHoles_IglFan: 620 / 24124 MB
  [ComfyUI] [VRAM] Before GeomPackFillHoles_IglFan: 620 / 24124 MB
  [ComfyUI] [VRAM] Before GeomPackFillHoles_IglFan: 620 / 24124 MB
  [ComfyUI] [VRAM] Before GeomPackFillHoles_IglFan: 620 / 24124 MB
  [ComfyUI] [VRAM] Before GeomPackFillHoles_IglFan: 620 / 24124 MB
  [ComfyUI] [VRAM] Before GeomPackFillHoles_IglFan: 620 / 24124 MB
  [ComfyUI] [VRAM] Before GeomPackFillHoles_IglFan: 620 / 24124 MB
  [ComfyUI] [SubprocessWorker] call_method: nodes.repair.backends.igl_fan_fill.FillHolesIglFanNode.EXECUTE_NORMALIZED
  [ComfyUI] [SubprocessWorker] call_method: nodes.repair.backends.igl_fan_fill.FillHolesIglFanNode.EXECUTE_NORMALIZED
  [ComfyUI] [SubprocessWorker] call_method: nodes.repair.backends.igl_fan_fill.FillHolesIglFanNode.EXECUTE_NORMALIZED
  [ComfyUI] [SubprocessWorker] call_method: nodes.repair.backends.igl_fan_fill.FillHolesIglFanNode.EXECUTE_NORMALIZED
  [ComfyUI] [SubprocessWorker] call_method: nodes.repair.backends.igl_fan_fill.FillHolesIglFanNode.EXECUTE_NORMALIZED
  [ComfyUI] [SubprocessWorker] call_method: nodes.repair.backends.igl_fan_fill.FillHolesIglFanNode.EXECUTE_NORMALIZED
  [ComfyUI] [SubprocessWorker] call_method: nodes.repair.backends.igl_fan_fill.FillHolesIglFanNode.EXECUTE_NORMALIZED
  [ComfyUI] [SubprocessWorker] call_method: nodes.repair.backends.igl_fan_fill.FillHolesIglFanNode.EXECUTE_NORMALIZED
  [ComfyUI] [SubprocessWorker] acquired lock, ensuring started...
  [ComfyUI] [SubprocessWorker] acquired lock, ensuring started...
  [ComfyUI] [SubprocessWorker] acquired lock, ensuring started...
  [ComfyUI] [SubprocessWorker] acquired lock, ensuring started...
  [ComfyUI] [SubprocessWorker] acquired lock, ensuring started...
  [ComfyUI] [SubprocessWorker] acquired lock, ensuring started...
  [ComfyUI] [SubprocessWorker] acquired lock, ensuring started...
  [ComfyUI] [SubprocessWorker] acquired lock, ensuring started...
  [ComfyUI] [ComfyUI-GeometryPack] Health check: ping (timeout=5.0s)...
  [ComfyUI] [ComfyUI-GeometryPack] Health check: ping (timeout=5.0s)...
  [ComfyUI] [ComfyUI-GeometryPack] Health check: ping (timeout=5.0s)...
  [ComfyUI] [ComfyUI-GeometryPack] Health check: ping (timeout=5.0s)...
  [ComfyUI] [ComfyUI-GeometryPack] Health check: ping (timeout=5.0s)...
  [ComfyUI] [ComfyUI-GeometryPack] Health check: ping (timeout=5.0s)...
  [ComfyUI] [ComfyUI-GeometryPack] Health check: ping (timeout=5.0s)...
  [ComfyUI] [ComfyUI-GeometryPack] Health check: ping (timeout=5.0s)...
  [ComfyUI] [ComfyUI-GeometryPack] Health check: ok
  [ComfyUI] [ComfyUI-GeometryPack] Health check: ok
  [ComfyUI] [ComfyUI-GeometryPack] Health check: ok
  [ComfyUI] [ComfyUI-GeometryPack] Health check: ok
  [ComfyUI] [ComfyUI-GeometryPack] Health check: ok
  [ComfyUI] [ComfyUI-GeometryPack] Health check: ok
  [ComfyUI] [ComfyUI-GeometryPack] Health check: ok
  [ComfyUI] [ComfyUI-GeometryPack] Health check: ok
  [ComfyUI] [SubprocessWorker] worker started/confirmed
  [ComfyUI] [SubprocessWorker] worker started/confirmed
  [ComfyUI] [SubprocessWorker] worker started/confirmed
  [ComfyUI] [SubprocessWorker] worker started/confirmed
  [ComfyUI] [SubprocessWorker] worker started/confirmed
  [ComfyUI] [SubprocessWorker] worker started/confirmed
  [ComfyUI] [SubprocessWorker] worker started/confirmed
  [ComfyUI] [SubprocessWorker] worker started/confirmed
  [ComfyUI] [SubprocessWorker] serializing kwargs to shm...
  [ComfyUI] [SubprocessWorker] serializing kwargs to shm...
  [ComfyUI] [SubprocessWorker] serializing kwargs to shm...
  [ComfyUI] [SubprocessWorker] serializing kwargs to shm...
  [ComfyUI] [SubprocessWorker] serializing kwargs to shm...
  [ComfyUI] [SubprocessWorker] serializing kwargs to shm...
  [ComfyUI] [SubprocessWorker] serializing kwargs to shm...
  [ComfyUI] [SubprocessWorker] serializing kwargs to shm...
  [ComfyUI] [SubprocessWorker] created 1 shm blocks
  [ComfyUI] [SubprocessWorker] created 1 shm blocks
  [ComfyUI] [SubprocessWorker] created 1 shm blocks
  [ComfyUI] [SubprocessWorker] created 1 shm blocks
  [ComfyUI] [SubprocessWorker] created 1 shm blocks
  [ComfyUI] [SubprocessWorker] created 1 shm blocks
  [ComfyUI] [SubprocessWorker] created 1 shm blocks
  [ComfyUI] [SubprocessWorker] created 1 shm blocks
  [ComfyUI] [SubprocessWorker] sending request via socket...
  [ComfyUI] [SubprocessWorker] sending request via socket...
  [ComfyUI] [SubprocessWorker] sending request via socket...
  [ComfyUI] [SubprocessWorker] sending request via socket...
  [ComfyUI] [SubprocessWorker] sending request via socket...
  [ComfyUI] [SubprocessWorker] sending request via socket...
  [ComfyUI] [SubprocessWorker] sending request via socket...
  [ComfyUI] [SubprocessWorker] sending request via socket...
  [ComfyUI] [SubprocessWorker] call_id=12 sending call_method
  [ComfyUI] [SubprocessWorker] call_id=12 sending call_method
  [ComfyUI] [SubprocessWorker] call_id=12 sending call_method
  [ComfyUI] [SubprocessWorker] call_id=12 sending call_method
  [ComfyUI] [SubprocessWorker] call_id=12 sending call_method
  [ComfyUI] [SubprocessWorker] call_id=12 sending call_method
  [ComfyUI] [SubprocessWorker] call_id=12 sending call_method
  [ComfyUI] [SubprocessWorker] call_id=12 sending call_method
  [ComfyUI] [worker:ComfyUI-GeometryPack] INFO: igl_fan: filled boundary loop with 54 faces
  [ComfyUI] [worker:ComfyUI-GeometryPack] INFO: igl_fan: filled boundary loop with 54 faces
  [ComfyUI] [worker:ComfyUI-GeometryPack] INFO: igl_fan: filled boundary loop with 54 faces
  [ComfyUI] [worker:ComfyUI-GeometryPack] INFO: igl_fan: filled boundary loop with 54 faces
  [ComfyUI] [worker:ComfyUI-GeometryPack] INFO: igl_fan: filled boundary loop with 54 faces
  [ComfyUI] [worker:ComfyUI-GeometryPack] INFO: igl_fan: filled boundary loop with 54 faces
  [ComfyUI] [worker:ComfyUI-GeometryPack] INFO: igl_fan: filled boundary loop with 54 faces
  [ComfyUI] [worker:ComfyUI-GeometryPack] INFO: igl_fan: filled boundary loop with 54 faces
  [ComfyUI] [worker:ComfyUI-GeometryPack] INFO: igl_fan: +54 faces, watertight: False -> True
  [ComfyUI] [worker:ComfyUI-GeometryPack] INFO: igl_fan: +54 faces, watertight: False -> True
  [ComfyUI] [worker:ComfyUI-GeometryPack] INFO: igl_fan: +54 faces, watertight: False -> True
  [ComfyUI] [worker:ComfyUI-GeometryPack] INFO: igl_fan: +54 faces, watertight: False -> True
  [ComfyUI] [worker:ComfyUI-GeometryPack] INFO: igl_fan: +54 faces, watertight: False -> True
  [ComfyUI] [worker:ComfyUI-GeometryPack] INFO: igl_fan: +54 faces, watertight: False -> True
  [ComfyUI] [worker:ComfyUI-GeometryPack] INFO: igl_fan: +54 faces, watertight: False -> True
  [ComfyUI] [worker:ComfyUI-GeometryPack] INFO: igl_fan: +54 faces, watertight: False -> True
  Node executed (5 total), capturing...
  [ComfyUI] [SubprocessWorker] got response: ok
  [ComfyUI] [SubprocessWorker] got response: ok
  [ComfyUI] [SubprocessWorker] got response: ok
  [ComfyUI] [SubprocessWorker] got response: ok
  [ComfyUI] [SubprocessWorker] got response: ok
  [ComfyUI] [SubprocessWorker] got response: ok
  [ComfyUI] [SubprocessWorker] got response: ok
  [ComfyUI] [SubprocessWorker] got response: ok
  [ComfyUI] [comfy-env] GeomPackFillHoles_IglFan done (0.14s): result: NodeOutput
  [ComfyUI] [comfy-env] GeomPackFillHoles_IglFan done (0.14s): result: NodeOutput
  [ComfyUI] [comfy-env] GeomPackFillHoles_IglFan done (0.14s): result: NodeOutput
  [ComfyUI] [comfy-env] GeomPackFillHoles_IglFan done (0.14s): result: NodeOutput
  [ComfyUI] [comfy-env] GeomPackFillHoles_IglFan done (0.14s): result: NodeOutput
  [ComfyUI] [comfy-env] GeomPackFillHoles_IglFan done (0.14s): result: NodeOutput
  [ComfyUI] [comfy-env] GeomPackFillHoles_IglFan done (0.14s): result: NodeOutput
  [ComfyUI] [comfy-env] GeomPackFillHoles_IglFan done (0.14s): result: NodeOutput
  [ComfyUI] [VRAM] After GeomPackFillHoles_IglFan: 620 / 24124 MB
  [ComfyUI] [VRAM] After GeomPackFillHoles_IglFan: 620 / 24124 MB
  [ComfyUI] [VRAM] After GeomPackFillHoles_IglFan: 620 / 24124 MB
  [ComfyUI] [VRAM] After GeomPackFillHoles_IglFan: 620 / 24124 MB
  [ComfyUI] [VRAM] After GeomPackFillHoles_IglFan: 620 / 24124 MB
  [ComfyUI] [VRAM] After GeomPackFillHoles_IglFan: 620 / 24124 MB
  [ComfyUI] [VRAM] After GeomPackFillHoles_IglFan: 620 / 24124 MB
  [ComfyUI] [VRAM] After GeomPackFillHoles_IglFan: 620 / 24124 MB
  [ComfyUI] [comfy-env] Running GeomPackPreviewMeshMulti: mode: 'fields', mesh_1: Trimesh, mesh_2: Trimesh, mesh_3: Trimesh
  [ComfyUI] [comfy-env] Running GeomPackPreviewMeshMulti: mode: 'fields', mesh_1: Trimesh, mesh_2: Trimesh, mesh_3: Trimesh
  [ComfyUI] [comfy-env] Running GeomPackPreviewMeshMulti: mode: 'fields', mesh_1: Trimesh, mesh_2: Trimesh, mesh_3: Trimesh
  [ComfyUI] [comfy-env] Running GeomPackPreviewMeshMulti: mode: 'fields', mesh_1: Trimesh, mesh_2: Trimesh, mesh_3: Trimesh
  [ComfyUI] [comfy-env] Running GeomPackPreviewMeshMulti: mode: 'fields', mesh_1: Trimesh, mesh_2: Trimesh, mesh_3: Trimesh
  [ComfyUI] [comfy-env] Running GeomPackPreviewMeshMulti: mode: 'fields', mesh_1: Trimesh, mesh_2: Trimesh, mesh_3: Trimesh
  [ComfyUI] [comfy-env] Running GeomPackPreviewMeshMulti: mode: 'fields', mesh_1: Trimesh, mesh_2: Trimesh, mesh_3: Trimesh
  [ComfyUI] [comfy-env] Running GeomPackPreviewMeshMulti: mode: 'fields', mesh_1: Trimesh, mesh_2: Trimesh, mesh_3: Trimesh
  [ComfyUI] [VRAM] Before GeomPackPreviewMeshMulti: 620 / 24124 MB
  [ComfyUI] [VRAM] Before GeomPackPreviewMeshMulti: 620 / 24124 MB
  [ComfyUI] [VRAM] Before GeomPackPreviewMeshMulti: 620 / 24124 MB
  [ComfyUI] [VRAM] Before GeomPackPreviewMeshMulti: 620 / 24124 MB
  [ComfyUI] [VRAM] Before GeomPackPreviewMeshMulti: 620 / 24124 MB
  [ComfyUI] [VRAM] Before GeomPackPreviewMeshMulti: 620 / 24124 MB
  [ComfyUI] [VRAM] Before GeomPackPreviewMeshMulti: 620 / 24124 MB
  [ComfyUI] [VRAM] Before GeomPackPreviewMeshMulti: 620 / 24124 MB
  [ComfyUI] [SubprocessWorker] call_method: nodes.visualization.preview_mesh_multi.PreviewMeshMultiNode.EXECUTE_NORMALIZED
  [ComfyUI] [SubprocessWorker] call_method: nodes.visualization.preview_mesh_multi.PreviewMeshMultiNode.EXECUTE_NORMALIZED
  [ComfyUI] [SubprocessWorker] call_method: nodes.visualization.preview_mesh_multi.PreviewMeshMultiNode.EXECUTE_NORMALIZED
  [ComfyUI] [SubprocessWorker] call_method: nodes.visualization.preview_mesh_multi.PreviewMeshMultiNode.EXECUTE_NORMALIZED
  [ComfyUI] [SubprocessWorker] call_method: nodes.visualization.preview_mesh_multi.PreviewMeshMultiNode.EXECUTE_NORMALIZED
  [ComfyUI] [SubprocessWorker] call_method: nodes.visualization.preview_mesh_multi.PreviewMeshMultiNode.EXECUTE_NORMALIZED
  [ComfyUI] [SubprocessWorker] call_method: nodes.visualization.preview_mesh_multi.PreviewMeshMultiNode.EXECUTE_NORMALIZED
  [ComfyUI] [SubprocessWorker] call_method: nodes.visualization.preview_mesh_multi.PreviewMeshMultiNode.EXECUTE_NORMALIZED
  [ComfyUI] [SubprocessWorker] acquired lock, ensuring started...
  [ComfyUI] [SubprocessWorker] acquired lock, ensuring started...
  [ComfyUI] [SubprocessWorker] acquired lock, ensuring started...
  [ComfyUI] [SubprocessWorker] acquired lock, ensuring started...
  [ComfyUI] [SubprocessWorker] acquired lock, ensuring started...
  [ComfyUI] [SubprocessWorker] acquired lock, ensuring started...
  [ComfyUI] [SubprocessWorker] acquired lock, ensuring started...
  [ComfyUI] [SubprocessWorker] acquired lock, ensuring started...
  [ComfyUI] [ComfyUI-GeometryPack] Health check: ping (timeout=5.0s)...
  [ComfyUI] [ComfyUI-GeometryPack] Health check: ping (timeout=5.0s)...
  [ComfyUI] [ComfyUI-GeometryPack] Health check: ping (timeout=5.0s)...
  [ComfyUI] [ComfyUI-GeometryPack] Health check: ping (timeout=5.0s)...
  [ComfyUI] [ComfyUI-GeometryPack] Health check: ping (timeout=5.0s)...
  [ComfyUI] [ComfyUI-GeometryPack] Health check: ping (timeout=5.0s)...
  [ComfyUI] [ComfyUI-GeometryPack] Health check: ping (timeout=5.0s)...
  [ComfyUI] [ComfyUI-GeometryPack] Health check: ping (timeout=5.0s)...
  [ComfyUI] [ComfyUI-GeometryPack] Health check: ok
  [ComfyUI] [ComfyUI-GeometryPack] Health check: ok
  [ComfyUI] [ComfyUI-GeometryPack] Health check: ok
  [ComfyUI] [ComfyUI-GeometryPack] Health check: ok
  [ComfyUI] [ComfyUI-GeometryPack] Health check: ok
  [ComfyUI] [ComfyUI-GeometryPack] Health check: ok
  [ComfyUI] [ComfyUI-GeometryPack] Health check: ok
  [ComfyUI] [ComfyUI-GeometryPack] Health check: ok
  [ComfyUI] [SubprocessWorker] worker started/confirmed
  [ComfyUI] [SubprocessWorker] worker started/confirmed
  [ComfyUI] [SubprocessWorker] worker started/confirmed
  [ComfyUI] [SubprocessWorker] worker started/confirmed
  [ComfyUI] [SubprocessWorker] worker started/confirmed
  [ComfyUI] [SubprocessWorker] worker started/confirmed
  [ComfyUI] [SubprocessWorker] worker started/confirmed
  [ComfyUI] [SubprocessWorker] worker started/confirmed
  [ComfyUI] [SubprocessWorker] serializing kwargs to shm...
  [ComfyUI] [SubprocessWorker] serializing kwargs to shm...
  [ComfyUI] [SubprocessWorker] serializing kwargs to shm...
  [ComfyUI] [SubprocessWorker] serializing kwargs to shm...
  [ComfyUI] [SubprocessWorker] serializing kwargs to shm...
  [ComfyUI] [SubprocessWorker] serializing kwargs to shm...
  [ComfyUI] [SubprocessWorker] serializing kwargs to shm...
  [ComfyUI] [SubprocessWorker] serializing kwargs to shm...
  [ComfyUI] [SubprocessWorker] created 3 shm blocks
  [ComfyUI] [SubprocessWorker] created 3 shm blocks
  [ComfyUI] [SubprocessWorker] created 3 shm blocks
  [ComfyUI] [SubprocessWorker] created 3 shm blocks
  [ComfyUI] [SubprocessWorker] created 3 shm blocks
  [ComfyUI] [SubprocessWorker] created 3 shm blocks
  [ComfyUI] [SubprocessWorker] created 3 shm blocks
  [ComfyUI] [SubprocessWorker] created 3 shm blocks
  [ComfyUI] [SubprocessWorker] sending request via socket...
  [ComfyUI] [SubprocessWorker] sending request via socket...
  [ComfyUI] [SubprocessWorker] sending request via socket...
  [ComfyUI] [SubprocessWorker] sending request via socket...
  [ComfyUI] [SubprocessWorker] sending request via socket...
  [ComfyUI] [SubprocessWorker] sending request via socket...
  [ComfyUI] [SubprocessWorker] sending request via socket...
  [ComfyUI] [SubprocessWorker] sending request via socket...
  [ComfyUI] [SubprocessWorker] call_id=13 sending call_method
  [ComfyUI] [SubprocessWorker] call_id=13 sending call_method
  [ComfyUI] [SubprocessWorker] call_id=13 sending call_method
  [ComfyUI] [SubprocessWorker] call_id=13 sending call_method
  [ComfyUI] [SubprocessWorker] call_id=13 sending call_method
  [ComfyUI] [SubprocessWorker] call_id=13 sending call_method
  [ComfyUI] [SubprocessWorker] call_id=13 sending call_method
  [ComfyUI] [SubprocessWorker] call_id=13 sending call_method
  [ComfyUI] [worker:ComfyUI-GeometryPack] INFO: Mode: fields, Meshes: 3
  [ComfyUI] [worker:ComfyUI-GeometryPack] INFO: Mode: fields, Meshes: 3
  [ComfyUI] [worker:ComfyUI-GeometryPack] INFO: Mode: fields, Meshes: 3
  [ComfyUI] [worker:ComfyUI-GeometryPack] INFO: Mode: fields, Meshes: 3
  [ComfyUI] [worker:ComfyUI-GeometryPack] INFO: Mode: fields, Meshes: 3
  [ComfyUI] [worker:ComfyUI-GeometryPack] INFO: Mode: fields, Meshes: 3
  [ComfyUI] [worker:ComfyUI-GeometryPack] INFO: Mode: fields, Meshes: 3
  [ComfyUI] [worker:ComfyUI-GeometryPack] INFO: Mode: fields, Meshes: 3
  [ComfyUI] [worker:ComfyUI-GeometryPack] INFO: Mesh 1: Mesh - 11381 vertices, 22758 faces
  [ComfyUI] [worker:ComfyUI-GeometryPack] INFO: Mesh 1: Mesh - 11381 vertices, 22758 faces
  [ComfyUI] [worker:ComfyUI-GeometryPack] INFO: Mesh 1: Mesh - 11381 vertices, 22758 faces
  [ComfyUI] [worker:ComfyUI-GeometryPack] INFO: Mesh 1: Mesh - 11381 vertices, 22758 faces
  [ComfyUI] [worker:ComfyUI-GeometryPack] INFO: Mesh 1: Mesh - 11381 vertices, 22758 faces
  [ComfyUI] [worker:ComfyUI-GeometryPack] INFO: Mesh 1: Mesh - 11381 vertices, 22758 faces
  [ComfyUI] [worker:ComfyUI-GeometryPack] INFO: Mesh 1: Mesh - 11381 vertices, 22758 faces
  [ComfyUI] [worker:ComfyUI-GeometryPack] INFO: Mesh 1: Mesh - 11381 vertices, 22758 faces
  [ComfyUI] [worker:ComfyUI-GeometryPack] INFO: Exporting mesh to VTP: /workspaces/GeometryPack-2138/ComfyUI/output/preview_multi_1_d18b99b4.vtp
  [ComfyUI] [worker:ComfyUI-GeometryPack] INFO: Exporting mesh to VTP: /workspaces/GeometryPack-2138/ComfyUI/output/preview_multi_1_d18b99b4.vtp
  [ComfyUI] [worker:ComfyUI-GeometryPack] INFO: Exporting mesh to VTP: /workspaces/GeometryPack-2138/ComfyUI/output/preview_multi_1_d18b99b4.vtp
  [ComfyUI] [worker:ComfyUI-GeometryPack] INFO: Exporting mesh to VTP: /workspaces/GeometryPack-2138/ComfyUI/output/preview_multi_1_d18b99b4.vtp
  [ComfyUI] [worker:ComfyUI-GeometryPack] INFO: Exporting mesh to VTP: /workspaces/GeometryPack-2138/ComfyUI/output/preview_multi_1_d18b99b4.vtp
  [ComfyUI] [worker:ComfyUI-GeometryPack] INFO: Exporting mesh to VTP: /workspaces/GeometryPack-2138/ComfyUI/output/preview_multi_1_d18b99b4.vtp
  [ComfyUI] [worker:ComfyUI-GeometryPack] INFO: Exporting mesh to VTP: /workspaces/GeometryPack-2138/ComfyUI/output/preview_multi_1_d18b99b4.vtp
  [ComfyUI] [worker:ComfyUI-GeometryPack] INFO: Exporting mesh to VTP: /workspaces/GeometryPack-2138/ComfyUI/output/preview_multi_1_d18b99b4.vtp
  [ComfyUI] [worker:ComfyUI-GeometryPack] INFO: Adding normals field (11381 vertices)
  [ComfyUI] [worker:ComfyUI-GeometryPack] INFO: Adding normals field (11381 vertices)
  [ComfyUI] [worker:ComfyUI-GeometryPack] INFO: Adding normals field (11381 vertices)
  [ComfyUI] [worker:ComfyUI-GeometryPack] INFO: Adding normals field (11381 vertices)
  [ComfyUI] [worker:ComfyUI-GeometryPack] INFO: Adding normals field (11381 vertices)
  [ComfyUI] [worker:ComfyUI-GeometryPack] INFO: Adding normals field (11381 vertices)
  [ComfyUI] [worker:ComfyUI-GeometryPack] INFO: Adding normals field (11381 vertices)
  [ComfyUI] [worker:ComfyUI-GeometryPack] INFO: Adding normals field (11381 vertices)
  [ComfyUI] [worker:ComfyUI-GeometryPack] INFO: Export complete: 11381 vertices, 22758 faces
  [ComfyUI] [worker:ComfyUI-GeometryPack] INFO: Export complete: 11381 vertices, 22758 faces
  [ComfyUI] [worker:ComfyUI-GeometryPack] INFO: Export complete: 11381 vertices, 22758 faces
  [ComfyUI] [worker:ComfyUI-GeometryPack] INFO: Export complete: 11381 vertices, 22758 faces
  [ComfyUI] [worker:ComfyUI-GeometryPack] INFO: Export complete: 11381 vertices, 22758 faces
  [ComfyUI] [worker:ComfyUI-GeometryPack] INFO: Export complete: 11381 vertices, 22758 faces
  [ComfyUI] [worker:ComfyUI-GeometryPack] INFO: Export complete: 11381 vertices, 22758 faces
  [ComfyUI] [worker:ComfyUI-GeometryPack] INFO: Export complete: 11381 vertices, 22758 faces
  [ComfyUI] [worker:ComfyUI-GeometryPack] INFO: Exported VTP: /workspaces/GeometryPack-2138/ComfyUI/output/preview_multi_1_d18b99b4.vtp
  [ComfyUI] [worker:ComfyUI-GeometryPack] INFO: Exported VTP: /workspaces/GeometryPack-2138/ComfyUI/output/preview_multi_1_d18b99b4.vtp
  [ComfyUI] [worker:ComfyUI-GeometryPack] INFO: Exported VTP: /workspaces/GeometryPack-2138/ComfyUI/output/preview_multi_1_d18b99b4.vtp
  [ComfyUI] [worker:ComfyUI-GeometryPack] INFO: Exported VTP: /workspaces/GeometryPack-2138/ComfyUI/output/preview_multi_1_d18b99b4.vtp
  [ComfyUI] [worker:ComfyUI-GeometryPack] INFO: Exported VTP: /workspaces/GeometryPack-2138/ComfyUI/output/preview_multi_1_d18b99b4.vtp
  [ComfyUI] [worker:ComfyUI-GeometryPack] INFO: Exported VTP: /workspaces/GeometryPack-2138/ComfyUI/output/preview_multi_1_d18b99b4.vtp
  [ComfyUI] [worker:ComfyUI-GeometryPack] INFO: Exported VTP: /workspaces/GeometryPack-2138/ComfyUI/output/preview_multi_1_d18b99b4.vtp
  [ComfyUI] [worker:ComfyUI-GeometryPack] INFO: Exported VTP: /workspaces/GeometryPack-2138/ComfyUI/output/preview_multi_1_d18b99b4.vtp
  [ComfyUI] [worker:ComfyUI-GeometryPack] INFO: Mesh 2: Mesh - 11381 vertices, 22806 faces
  [ComfyUI] [worker:ComfyUI-GeometryPack] INFO: Mesh 2: Mesh - 11381 vertices, 22806 faces
  [ComfyUI] [worker:ComfyUI-GeometryPack] INFO: Mesh 2: Mesh - 11381 vertices, 22806 faces
  [ComfyUI] [worker:ComfyUI-GeometryPack] INFO: Mesh 2: Mesh - 11381 vertices, 22806 faces
  [ComfyUI] [worker:ComfyUI-GeometryPack] INFO: Mesh 2: Mesh - 11381 vertices, 22806 faces
  [ComfyUI] [worker:ComfyUI-GeometryPack] INFO: Mesh 2: Mesh - 11381 vertices, 22806 faces
  [ComfyUI] [worker:ComfyUI-GeometryPack] INFO: Mesh 2: Mesh - 11381 vertices, 22806 faces
  [ComfyUI] [worker:ComfyUI-GeometryPack] INFO: Mesh 2: Mesh - 11381 vertices, 22806 faces
  [ComfyUI] [worker:ComfyUI-GeometryPack] INFO: Exporting mesh to VTP: /workspaces/GeometryPack-2138/ComfyUI/output/preview_multi_2_d18b99b4.vtp
  [ComfyUI] [worker:ComfyUI-GeometryPack] INFO: Exporting mesh to VTP: /workspaces/GeometryPack-2138/ComfyUI/output/preview_multi_2_d18b99b4.vtp
  [ComfyUI] [worker:ComfyUI-GeometryPack] INFO: Exporting mesh to VTP: /workspaces/GeometryPack-2138/ComfyUI/output/preview_multi_2_d18b99b4.vtp
  [ComfyUI] [worker:ComfyUI-GeometryPack] INFO: Exporting mesh to VTP: /workspaces/GeometryPack-2138/ComfyUI/output/preview_multi_2_d18b99b4.vtp
  [ComfyUI] [worker:ComfyUI-GeometryPack] INFO: Exporting mesh to VTP: /workspaces/GeometryPack-2138/ComfyUI/output/preview_multi_2_d18b99b4.vtp
  [ComfyUI] [worker:ComfyUI-GeometryPack] INFO: Exporting mesh to VTP: /workspaces/GeometryPack-2138/ComfyUI/output/preview_multi_2_d18b99b4.vtp
  [ComfyUI] [worker:ComfyUI-GeometryPack] INFO: Exporting mesh to VTP: /workspaces/GeometryPack-2138/ComfyUI/output/preview_multi_2_d18b99b4.vtp
  [ComfyUI] [worker:ComfyUI-GeometryPack] INFO: Exporting mesh to VTP: /workspaces/GeometryPack-2138/ComfyUI/output/preview_multi_2_d18b99b4.vtp
  [ComfyUI] [worker:ComfyUI-GeometryPack] INFO: Adding normals field (11381 vertices)
  [ComfyUI] [worker:ComfyUI-GeometryPack] INFO: Adding normals field (11381 vertices)
  [ComfyUI] [worker:ComfyUI-GeometryPack] INFO: Adding normals field (11381 vertices)
  [ComfyUI] [worker:ComfyUI-GeometryPack] INFO: Adding normals field (11381 vertices)
  [ComfyUI] [worker:ComfyUI-GeometryPack] INFO: Adding normals field (11381 vertices)
  [ComfyUI] [worker:ComfyUI-GeometryPack] INFO: Adding normals field (11381 vertices)
  [ComfyUI] [worker:ComfyUI-GeometryPack] INFO: Adding normals field (11381 vertices)
  [ComfyUI] [worker:ComfyUI-GeometryPack] INFO: Adding normals field (11381 vertices)
  [ComfyUI] [worker:ComfyUI-GeometryPack] INFO: Export complete: 11381 vertices, 22806 faces
  [ComfyUI] [worker:ComfyUI-GeometryPack] INFO: Export complete: 11381 vertices, 22806 faces
  [ComfyUI] [worker:ComfyUI-GeometryPack] INFO: Export complete: 11381 vertices, 22806 faces
  [ComfyUI] [worker:ComfyUI-GeometryPack] INFO: Export complete: 11381 vertices, 22806 faces
  [ComfyUI] [worker:ComfyUI-GeometryPack] INFO: Export complete: 11381 vertices, 22806 faces
  [ComfyUI] [worker:ComfyUI-GeometryPack] INFO: Export complete: 11381 vertices, 22806 faces
  [ComfyUI] [worker:ComfyUI-GeometryPack] INFO: Export complete: 11381 vertices, 22806 faces
  [ComfyUI] [worker:ComfyUI-GeometryPack] INFO: Export complete: 11381 vertices, 22806 faces
  [ComfyUI] [worker:ComfyUI-GeometryPack] INFO: Exported VTP: /workspaces/GeometryPack-2138/ComfyUI/output/preview_multi_2_d18b99b4.vtp
  [ComfyUI] [worker:ComfyUI-GeometryPack] INFO: Exported VTP: /workspaces/GeometryPack-2138/ComfyUI/output/preview_multi_2_d18b99b4.vtp
  [ComfyUI] [worker:ComfyUI-GeometryPack] INFO: Exported VTP: /workspaces/GeometryPack-2138/ComfyUI/output/preview_multi_2_d18b99b4.vtp
  [ComfyUI] [worker:ComfyUI-GeometryPack] INFO: Exported VTP: /workspaces/GeometryPack-2138/ComfyUI/output/preview_multi_2_d18b99b4.vtp
  [ComfyUI] [worker:ComfyUI-GeometryPack] INFO: Exported VTP: /workspaces/GeometryPack-2138/ComfyUI/output/preview_multi_2_d18b99b4.vtp
  [ComfyUI] [worker:ComfyUI-GeometryPack] INFO: Exported VTP: /workspaces/GeometryPack-2138/ComfyUI/output/preview_multi_2_d18b99b4.vtp
  [ComfyUI] [worker:ComfyUI-GeometryPack] INFO: Exported VTP: /workspaces/GeometryPack-2138/ComfyUI/output/preview_multi_2_d18b99b4.vtp
  [ComfyUI] [worker:ComfyUI-GeometryPack] INFO: Exported VTP: /workspaces/GeometryPack-2138/ComfyUI/output/preview_multi_2_d18b99b4.vtp
  [ComfyUI] [worker:ComfyUI-GeometryPack] INFO: Mesh 3: Mesh - 11382 vertices, 22760 faces
  [ComfyUI] [worker:ComfyUI-GeometryPack] INFO: Mesh 3: Mesh - 11382 vertices, 22760 faces
  [ComfyUI] [worker:ComfyUI-GeometryPack] INFO: Mesh 3: Mesh - 11382 vertices, 22760 faces
  [ComfyUI] [worker:ComfyUI-GeometryPack] INFO: Mesh 3: Mesh - 11382 vertices, 22760 faces
  [ComfyUI] [worker:ComfyUI-GeometryPack] INFO: Mesh 3: Mesh - 11382 vertices, 22760 faces
  [ComfyUI] [worker:ComfyUI-GeometryPack] INFO: Mesh 3: Mesh - 11382 vertices, 22760 faces
  [ComfyUI] [worker:ComfyUI-GeometryPack] INFO: Mesh 3: Mesh - 11382 vertices, 22760 faces
  [ComfyUI] [worker:ComfyUI-GeometryPack] INFO: Mesh 3: Mesh - 11382 vertices, 22760 faces
  [ComfyUI] [worker:ComfyUI-GeometryPack] INFO: Exporting mesh to VTP: /workspaces/GeometryPack-2138/ComfyUI/output/preview_multi_3_d18b99b4.vtp
  [ComfyUI] [worker:ComfyUI-GeometryPack] INFO: Exporting mesh to VTP: /workspaces/GeometryPack-2138/ComfyUI/output/preview_multi_3_d18b99b4.vtp
  [ComfyUI] [worker:ComfyUI-GeometryPack] INFO: Exporting mesh to VTP: /workspaces/GeometryPack-2138/ComfyUI/output/preview_multi_3_d18b99b4.vtp
  [ComfyUI] [worker:ComfyUI-GeometryPack] INFO: Exporting mesh to VTP: /workspaces/GeometryPack-2138/ComfyUI/output/preview_multi_3_d18b99b4.vtp
  [ComfyUI] [worker:ComfyUI-GeometryPack] INFO: Exporting mesh to VTP: /workspaces/GeometryPack-2138/ComfyUI/output/preview_multi_3_d18b99b4.vtp
  [ComfyUI] [worker:ComfyUI-GeometryPack] INFO: Exporting mesh to VTP: /workspaces/GeometryPack-2138/ComfyUI/output/preview_multi_3_d18b99b4.vtp
  [ComfyUI] [worker:ComfyUI-GeometryPack] INFO: Exporting mesh to VTP: /workspaces/GeometryPack-2138/ComfyUI/output/preview_multi_3_d18b99b4.vtp
  [ComfyUI] [worker:ComfyUI-GeometryPack] INFO: Exporting mesh to VTP: /workspaces/GeometryPack-2138/ComfyUI/output/preview_multi_3_d18b99b4.vtp
  [ComfyUI] [worker:ComfyUI-GeometryPack] INFO: Adding normals field (11382 vertices)
  [ComfyUI] [worker:ComfyUI-GeometryPack] INFO: Adding normals field (11382 vertices)
  [ComfyUI] [worker:ComfyUI-GeometryPack] INFO: Adding normals field (11382 vertices)
  [ComfyUI] [worker:ComfyUI-GeometryPack] INFO: Adding normals field (11382 vertices)
  [ComfyUI] [worker:ComfyUI-GeometryPack] INFO: Adding normals field (11382 vertices)
  [ComfyUI] [worker:ComfyUI-GeometryPack] INFO: Adding normals field (11382 vertices)
  [ComfyUI] [worker:ComfyUI-GeometryPack] INFO: Adding normals field (11382 vertices)
  [ComfyUI] [worker:ComfyUI-GeometryPack] INFO: Adding normals field (11382 vertices)
  [ComfyUI] [worker:ComfyUI-GeometryPack] INFO: Export complete: 11382 vertices, 22760 faces
  [ComfyUI] [worker:ComfyUI-GeometryPack] INFO: Export complete: 11382 vertices, 22760 faces
  [ComfyUI] [worker:ComfyUI-GeometryPack] INFO: Export complete: 11382 vertices, 22760 faces
  [ComfyUI] [worker:ComfyUI-GeometryPack] INFO: Export complete: 11382 vertices, 22760 faces
  [ComfyUI] [worker:ComfyUI-GeometryPack] INFO: Export complete: 11382 vertices, 22760 faces
  [ComfyUI] [worker:ComfyUI-GeometryPack] INFO: Export complete: 11382 vertices, 22760 faces
  [ComfyUI] [worker:ComfyUI-GeometryPack] INFO: Export complete: 11382 vertices, 22760 faces
  [ComfyUI] [worker:ComfyUI-GeometryPack] INFO: Export complete: 11382 vertices, 22760 faces
  [ComfyUI] [worker:ComfyUI-GeometryPack] INFO: Exported VTP: /workspaces/GeometryPack-2138/ComfyUI/output/preview_multi_3_d18b99b4.vtp
  [ComfyUI] [worker:ComfyUI-GeometryPack] INFO: Exported VTP: /workspaces/GeometryPack-2138/ComfyUI/output/preview_multi_3_d18b99b4.vtp
  [ComfyUI] [worker:ComfyUI-GeometryPack] INFO: Exported VTP: /workspaces/GeometryPack-2138/ComfyUI/output/preview_multi_3_d18b99b4.vtp
  [ComfyUI] [worker:ComfyUI-GeometryPack] INFO: Exported VTP: /workspaces/GeometryPack-2138/ComfyUI/output/preview_multi_3_d18b99b4.vtp
  [ComfyUI] [worker:ComfyUI-GeometryPack] INFO: Exported VTP: /workspaces/GeometryPack-2138/ComfyUI/output/preview_multi_3_d18b99b4.vtp
  [ComfyUI] [worker:ComfyUI-GeometryPack] INFO: Exported VTP: /workspaces/GeometryPack-2138/ComfyUI/output/preview_multi_3_d18b99b4.vtp
  [ComfyUI] [worker:ComfyUI-GeometryPack] INFO: Exported VTP: /workspaces/GeometryPack-2138/ComfyUI/output/preview_multi_3_d18b99b4.vtp
  [ComfyUI] [worker:ComfyUI-GeometryPack] INFO: Exported VTP: /workspaces/GeometryPack-2138/ComfyUI/output/preview_multi_3_d18b99b4.vtp
  [ComfyUI] [worker:ComfyUI-GeometryPack] INFO: Grid: 3x1, Preview ready
  [ComfyUI] [worker:ComfyUI-GeometryPack] INFO: Grid: 3x1, Preview ready
  [ComfyUI] [worker:ComfyUI-GeometryPack] INFO: Grid: 3x1, Preview ready
  [ComfyUI] [worker:ComfyUI-GeometryPack] INFO: Grid: 3x1, Preview ready
  [ComfyUI] [worker:ComfyUI-GeometryPack] INFO: Grid: 3x1, Preview ready
  [ComfyUI] [worker:ComfyUI-GeometryPack] INFO: Grid: 3x1, Preview ready
  [ComfyUI] [worker:ComfyUI-GeometryPack] INFO: Grid: 3x1, Preview ready
  [ComfyUI] [worker:ComfyUI-GeometryPack] INFO: Grid: 3x1, Preview ready
  [ComfyUI] [SubprocessWorker] got response: ok
  [ComfyUI] [SubprocessWorker] got response: ok
  [ComfyUI] [SubprocessWorker] got response: ok
  [ComfyUI] [SubprocessWorker] got response: ok
  [ComfyUI] [SubprocessWorker] got response: ok
  [ComfyUI] [SubprocessWorker] got response: ok
  [ComfyUI] [SubprocessWorker] got response: ok
  [ComfyUI] [SubprocessWorker] got response: ok
  [ComfyUI] [comfy-env] GeomPackPreviewMeshMulti done (0.65s): result: NodeOutput
  [ComfyUI] [comfy-env] GeomPackPreviewMeshMulti done (0.65s): result: NodeOutput
  [ComfyUI] [comfy-env] GeomPackPreviewMeshMulti done (0.65s): result: NodeOutput
  [ComfyUI] [comfy-env] GeomPackPreviewMeshMulti done (0.65s): result: NodeOutput
  [ComfyUI] [comfy-env] GeomPackPreviewMeshMulti done (0.65s): result: NodeOutput
  [ComfyUI] [comfy-env] GeomPackPreviewMeshMulti done (0.65s): result: NodeOutput
  [ComfyUI] [comfy-env] GeomPackPreviewMeshMulti done (0.65s): result: NodeOutput
  [ComfyUI] [comfy-env] GeomPackPreviewMeshMulti done (0.65s): result: NodeOutput
  [ComfyUI] [VRAM] After GeomPackPreviewMeshMulti: 620 / 24124 MB
  [ComfyUI] [VRAM] After GeomPackPreviewMeshMulti: 620 / 24124 MB
  [ComfyUI] [VRAM] After GeomPackPreviewMeshMulti: 620 / 24124 MB
  [ComfyUI] [VRAM] After GeomPackPreviewMeshMulti: 620 / 24124 MB
  [ComfyUI] [VRAM] After GeomPackPreviewMeshMulti: 620 / 24124 MB
  [ComfyUI] [VRAM] After GeomPackPreviewMeshMulti: 620 / 24124 MB
  [ComfyUI] [VRAM] After GeomPackPreviewMeshMulti: 620 / 24124 MB
  [ComfyUI] [VRAM] After GeomPackPreviewMeshMulti: 620 / 24124 MB
  [ComfyUI] Prompt executed in 7.72 seconds
  [ComfyUI] Prompt executed in 7.72 seconds
  [ComfyUI] Prompt executed in 7.72 seconds
  [ComfyUI] Prompt executed in 7.72 seconds
  [ComfyUI] Prompt executed in 7.72 seconds
  [ComfyUI] Prompt executed in 7.72 seconds
  [ComfyUI] Prompt executed in 7.72 seconds
  [ComfyUI] Prompt executed in 7.72 seconds
  Frame 7 saved (frame_006.jpg, t=7.6s)
  [capture-node] freeze=764ms shot=1096ms unfreeze=8ms saved=True
  Node executed (7 total), capturing...
  Frame 8 saved (frame_007.jpg, t=9.8s)
  [capture-node] freeze=3ms shot=273ms unfreeze=0ms saved=True
  Execution complete (t=9.8s)
  Captured 8 unique frames over 10.14s
  [debug] iframes: 2
  [debug]   iframe[0]: src=http://127.0.0.1:41891/extensions/ComfyUI-GeometryPack/viewer_multi.html?v=17791, canvas=244x393, rafFrozen=True
  [debug]   iframe[1]: src=http://127.0.0.1:41891/extensions/ComfyUI-GeometryPack/viewer_multi.html?v=17791, canvas=244x393, rafFrozen=True
  [timing] trigger_3d_previews: 0.0s
  Saved high-quality screenshot: fill_holes_all_executed.png
  [timing] final_screenshot: 0.5s
    Captured 9 video frames