[   2s] CDP targets: 1
[   2s]   page: file:///C:/Users/stduser/.comfy-test-cache/desktop/ComfyUI/resources/desktop-ui/index.html#/not-supported | ComfyUI
[   3s] Main page: file:///C:/Users/stduser/.comfy-test-cache/desktop/ComfyUI/resources/desktop-ui/index.html#/not-supported | ComfyUI
[   3s] Buttons: ['Learn More', 'Report Issue', 'Continue']
[   3s]   wizard: COMFY_TEST_GPU=0 platform=win32 preferred=['CPU']
[   6s]   clicked [BTN|Continue]
[   9s]   url: file:///C:/Users/stduser/.comfy-test-cache/desktop/ComfyUI/resources/desktop-ui/index.html#/not-supported -> file:///C:/Users/stduser/.comfy-test-cache/desktop/ComfyUI/resources/desktop-ui/index.html#/install
[  10s]   clicked [TILE|CPU]
[  13s]   clicked [BTN|Next]
[  20s]   clicked [BTN|Next]
[  24s]   clicked [BTN|Install]
[  28s]   url: file:///C:/Users/stduser/.comfy-test-cache/desktop/ComfyUI/resources/desktop-ui/index.html#/install -> file:///C:/Users/stduser/.comfy-test-cache/desktop/ComfyUI/resources/desktop-ui/index.html#/server-start
[ 153s]   /system_stats up after 149s
[ 153s]   app: waiting for backend stability (continuous /system_stats up for 30s)
[ 153s]   app: /system_stats up; awaiting 30s of stability
[ 183s]   app: backend stable for 30s; proceeding
[ 183s]   capturing canvas load...
[ 191s]   post: waiting for Cloud upsell
[ 224s]   post: Cloud upsell not found, skipping
[ 224s]   post: pressed Escape (Cloud upsell fallback)
[ 226s]   post: waiting for Close Templates
[ 238s]   post: Close Templates not found, skipping
[ 238s]   post: pressed Escape (Close Templates fallback)
[ 240s]   post: waiting for Extensions
[ 241s]   post: clicked Extensions via [button[aria-label="Extensions"]:visible]
[ 244s]   ext: node meta = display='GeometryPack' publisher='pznodes' version='0.2.16'
[ 247s]   ext: searching "GeometryPack"
[ 251s]   ext: clicking GeometryPack by pznodes tile
[ 254s]   ext: scrolling to + opening version selector
[ 258s]   ext: selected 0.2.16
[ 259s]   ext: clicking right-panel Install
[ 261s]   ext: clicked Install (last of 4 visible)
[ 269s]   ext: waiting for "Apply Changes" toast
[ 269s]   ext: clicked Apply Changes
[ 274s]   app: Apply Changes already triggered in-app restart, skipping pkill
[ 279s]   app: relaunching with CDP
[ 280s]   app: waiting for CDP
[ 281s]   app: CDP up after 1s
[ 281s]   app: reconnecting Playwright
[ 281s]   app: attached to http://127.0.0.1:8000/
[ 591s]   app: server ready after 75s
[ 591s]   app: waiting for main canvas (window.app.graph)
[ 591s]   app: canvas ready after 1s (http://127.0.0.1:8000/)
[ 597s]   app: forcing renderer reload to refresh node-pack manifest
[ 600s]   app: canvas re-ready after reload in 3s
[ 603s]   ext: closing Nodes Manager dialog
[ 603s]   ext: dismissing What's New popup
[ 604s]   ext: closed What's New popup
[ 606s]   ext: dismissing Node Pack Issues modal (if present)
[ 606s]   ext: Node Pack Issues modal not present
[ 606s]   ext: opening Templates sidebar
[ 607s]   ext: clicked Templates
[ 611s]   ext: locating "comfyui-geometrypack" section in Templates panel
[ 613s]   ext: clicked comfyui-geometrypack section
[ 615s]   ext: fetching comfy-test.toml from https://raw.githubusercontent.com/PozzettiAndrea/ComfyUI-GeometryPack/main/comfy-test.toml
[ 615s]   ext: cpu spec = exclude ['fill_holes_all', 'remeshing_all', 'uv_unwrap_all']
[ 615s]   ext: picking first matching comfyui-geometrypack template
[ 615s]   ext: 24 visible cards
[ 617s]   ext: clicked template alpha_wrap
[ 622s]   ext: installing WS execution listener
[ 622s]   ext: clicking Run
[ 623s]   ext: clicked Run
[ 623s]   ext: waiting for execution_success / execution_error
[ 640s]   ext: WS events=36 elapsed=17s
[ 640s]     ws: {'type': 'progress_state', 'ts': 1779129611715}
[ 640s]     ws: {'type': 'executing', 'ts': 1779129611715}
[ 640s]     ws: {'type': 'executed', 'ts': 1779129612444}
[ 640s]     ws: {'type': 'progress_state', 'ts': 1779129612447}
[ 640s]     ws: {'type': 'progress_state', 'ts': 1779129612448}
[ 640s]     ws: {'type': 'executing', 'ts': 1779129612448}
[ 640s]     ws: {'type': 'executed', 'ts': 1779129615459}
[ 640s]     ws: {'type': 'progress_state', 'ts': 1779129615461}
[ 640s]     ws: {'type': 'progress_state', 'ts': 1779129615484}
[ 640s]     ws: {'type': 'progress_state', 'ts': 1779129615488}
[ 640s]     ws: {'type': 'executing', 'ts': 1779129615488}
[ 640s]     ws: {'type': 'executed', 'ts': 1779129616630}
[ 640s]     ws: {'type': 'progress_state', 'ts': 1779129616633}
[ 640s]     ws: {'type': 'execution_success', 'ts': 1779129616752}
[ 640s]     ws: {'type': 'status', 'ts': 1779129616753}
[ 640s]   ext: execution_success after 17s
[ 645s]   ext: fetching comfy-test.toml from https://raw.githubusercontent.com/PozzettiAndrea/ComfyUI-GeometryPack/main/comfy-test.toml
[ 645s]   ext: cpu spec = exclude ['fill_holes_all', 'remeshing_all', 'uv_unwrap_all']
[ 645s]   loop: workflows/ from $COMFY_TEST_WORKFLOWS -> ['alpha_wrap', 'batch_remesh', 'boolean_ops', 'boolean_ops_all', 'decimate', 'decimate_all', 'depth_map_to_mesh', 'fill_holes_all', 'fix_normals_all', 'fix_self_intersection', 'mesh_info', 'mesh_mesh_distance', 'normals', 'point_mesh_distance', 'preview_mesh_threejs', 'reconstruct_all', 'refine_mesh', 'remesh_intersections', 'remeshing', 'remeshing_all', 'sMOOth', 'sharpen', 'sharpen_all', 'side_by_side_viewer', 'skeleton_all', 'skeleton_extraction', 'smooth_all', 'surface_reconstruction', 'test_loading', 'transform', 'uv_unwrap', 'uv_unwrap_all', 'view_texture']
[ 645s]   loop: spec=exclude items=['fill_holes_all', 'remeshing_all', 'uv_unwrap_all'] -> 30 workflow(s) ['alpha_wrap', 'batch_remesh', 'boolean_ops', 'boolean_ops_all', 'decimate', 'decimate_all', 'depth_map_to_mesh', 'fix_normals_all', 'fix_self_intersection', 'mesh_info', 'mesh_mesh_distance', 'normals', 'point_mesh_distance', 'preview_mesh_threejs', 'reconstruct_all', 'refine_mesh', 'remesh_intersections', 'remeshing', 'sMOOth', 'sharpen', 'sharpen_all', 'side_by_side_viewer', 'skeleton_all', 'skeleton_extraction', 'smooth_all', 'surface_reconstruction', 'test_loading', 'transform', 'uv_unwrap', 'view_texture']
[ 645s]   loop: matching=30 first_ran='alpha_wrap' remaining=29 -> ['batch_remesh', 'boolean_ops', 'boolean_ops_all', 'decimate', 'decimate_all', 'depth_map_to_mesh', 'fix_normals_all', 'fix_self_intersection', 'mesh_info', 'mesh_mesh_distance', 'normals', 'point_mesh_distance', 'preview_mesh_threejs', 'reconstruct_all', 'refine_mesh', 'remesh_intersections', 'remeshing', 'sMOOth', 'sharpen', 'sharpen_all', 'side_by_side_viewer', 'skeleton_all', 'skeleton_extraction', 'smooth_all', 'surface_reconstruction', 'test_loading', 'transform', 'uv_unwrap', 'view_texture']
[ 645s]   loop: full restart for workflow 2/30 (batch_remesh)
[ 645s]   loop: closing current browser
[ 645s]   loop: killing ComfyUI process
[ 650s]   loop: launching ComfyUI with --remote-debugging-port=0
[ 650s]   loop: waiting for DevToolsActivePort at C:\Users\stduser\AppData\Roaming\ComfyUI\DevToolsActivePort
[ 652s]   loop: DevToolsActivePort -> 55040 after 3s
[ 652s]   loop: reconnecting Playwright on port 55040
[ 653s]   loop: attached to file:///C:/Users/stduser/.comfy-test-cache/desktop/ComfyUI/resources/desktop-ui/index.html#/desktop-start
[ 653s]   loop: server ready after 1s
[ 675s]   loop: canvas ready after 18s
[ 675s]   loop: forcing renderer reload
[ 679s]   loop: canvas ready after 3s
[ 682s]   ext: closing Nodes Manager dialog
[ 682s]   ext: dismissing What's New popup
[ 682s]   ext: What's New popup not present
[ 682s]   ext: dismissing Node Pack Issues modal (if present)
[ 682s]   ext: Node Pack Issues modal not present
[ 682s]   ext: opening Templates sidebar
[ 683s]   ext: clicked Templates
[ 687s]   ext: locating "comfyui-geometrypack" section in Templates panel
[ 689s]   ext: clicked comfyui-geometrypack section
[ 691s]   ext: clicking template batch_remesh
[ 693s]   ext: clicked template batch_remesh
[ 698s]   ext: installing WS execution listener
[ 698s]   ext: clicking Run
[ 699s]   ext: clicked Run
[ 699s]   ext: waiting for execution_success / execution_error
[ 718s]   ext: WS events=37 elapsed=19s
[ 718s]     ws: {'type': 'executing', 'ts': 1779129691723}
[ 718s]     ws: {'type': 'executed', 'ts': 1779129692561}
[ 718s]     ws: {'type': 'progress_state', 'ts': 1779129692562}
[ 718s]     ws: {'type': 'progress_state', 'ts': 1779129692563}
[ 718s]     ws: {'type': 'executing', 'ts': 1779129692563}
[ 718s]     ws: {'type': 'executed', 'ts': 1779129693812}
[ 718s]     ws: {'type': 'progress_state', 'ts': 1779129693813}
[ 718s]     ws: {'type': 'progress_state', 'ts': 1779129693815}
[ 718s]     ws: {'type': 'progress_state', 'ts': 1779129693818}
[ 718s]     ws: {'type': 'executing', 'ts': 1779129693819}
[ 718s]     ws: {'type': 'executed', 'ts': 1779129694060}
[ 718s]     ws: {'type': 'progress_state', 'ts': 1779129694067}
[ 718s]     ws: {'type': 'execution_success', 'ts': 1779129694072}
[ 718s]     ws: {'type': 'status', 'ts': 1779129694072}
[ 718s]     ws: {'type': 'executing', 'ts': 1779129694072}
[ 718s]   ext: execution_success after 19s
[ 723s]   loop: full restart for workflow 3/30 (boolean_ops)
[ 723s]   loop: closing current browser
[ 723s]   loop: killing ComfyUI process
[ 728s]   loop: launching ComfyUI with --remote-debugging-port=0
[ 728s]   loop: waiting for DevToolsActivePort at C:\Users\stduser\AppData\Roaming\ComfyUI\DevToolsActivePort
[ 730s]   loop: DevToolsActivePort -> 55243 after 3s
[ 730s]   loop: reconnecting Playwright on port 55243
[ 731s]   loop: attached to file:///C:/Users/stduser/.comfy-test-cache/desktop/ComfyUI/resources/desktop-ui/index.html#/desktop-start
[ 731s]   loop: server ready after 1s
[ 761s]   loop: canvas ready after 19s
[ 761s]   loop: forcing renderer reload
[ 764s]   loop: canvas ready after 3s
[ 767s]   ext: closing Nodes Manager dialog
[ 767s]   ext: dismissing What's New popup
[ 767s]   ext: What's New popup not present
[ 767s]   ext: dismissing Node Pack Issues modal (if present)
[ 767s]   ext: Node Pack Issues modal not present
[ 767s]   ext: opening Templates sidebar
[ 768s]   ext: clicked Templates
[ 772s]   ext: locating "comfyui-geometrypack" section in Templates panel
[ 774s]   ext: clicked comfyui-geometrypack section
[ 777s]   ext: clicking template boolean_ops
[ 779s]   ext: clicked template boolean_ops
[ 784s]   ext: installing WS execution listener
[ 784s]   ext: clicking Run
[ 785s]   ext: clicked Run
[ 785s]   ext: waiting for execution_success / execution_error
[ 791s]   ext: WS events=28 elapsed=6s
[ 791s]     ws: {'type': 'progress_state', 'ts': 1779129766535}
[ 791s]     ws: {'type': 'progress_state', 'ts': 1779129766538}
[ 791s]     ws: {'type': 'executing', 'ts': 1779129766539}
[ 791s]     ws: {'type': 'progress_state', 'ts': 1779129766763}
[ 791s]     ws: {'type': 'executing', 'ts': 1779129766775}
[ 791s]     ws: {'type': 'executed', 'ts': 1779129767270}
[ 791s]     ws: {'type': 'progress_state', 'ts': 1779129767271}
[ 791s]     ws: {'type': 'progress_state', 'ts': 1779129767274}
[ 791s]     ws: {'type': 'progress_state', 'ts': 1779129767277}
[ 791s]     ws: {'type': 'executing', 'ts': 1779129767278}
[ 791s]     ws: {'type': 'executed', 'ts': 1779129767501}
[ 791s]     ws: {'type': 'progress_state', 'ts': 1779129767504}
[ 791s]     ws: {'type': 'execution_success', 'ts': 1779129767510}
[ 791s]     ws: {'type': 'status', 'ts': 1779129767511}
[ 791s]     ws: {'type': 'executing', 'ts': 1779129767535}
[ 791s]   ext: execution_success after 6s
[ 796s]   loop: full restart for workflow 4/30 (boolean_ops_all)
[ 796s]   loop: closing current browser
[ 796s]   loop: killing ComfyUI process
[ 801s]   loop: launching ComfyUI with --remote-debugging-port=0
[ 801s]   loop: waiting for DevToolsActivePort at C:\Users\stduser\AppData\Roaming\ComfyUI\DevToolsActivePort
[ 803s]   loop: DevToolsActivePort -> 55395 after 3s
[ 803s]   loop: reconnecting Playwright on port 55395
[ 804s]   loop: attached to file:///C:/Users/stduser/.comfy-test-cache/desktop/ComfyUI/resources/desktop-ui/index.html#/desktop-start
[ 804s]   loop: server ready after 1s
[ 826s]   loop: canvas ready after 18s
[ 826s]   loop: forcing renderer reload
[ 829s]   loop: canvas ready after 3s
[ 832s]   ext: closing Nodes Manager dialog
[ 832s]   ext: dismissing What's New popup
[ 832s]   ext: What's New popup not present
[ 832s]   ext: dismissing Node Pack Issues modal (if present)
[ 832s]   ext: Node Pack Issues modal not present
[ 832s]   ext: opening Templates sidebar
[ 833s]   ext: clicked Templates
[ 837s]   ext: locating "comfyui-geometrypack" section in Templates panel
[ 839s]   ext: clicked comfyui-geometrypack section
[ 842s]   ext: clicking template boolean_ops_all
[ 844s]   ext: clicked template boolean_ops_all
[ 849s]   ext: installing WS execution listener
[ 849s]   ext: clicking Run
[ 849s]   ext: clicked Run
[ 849s]   ext: waiting for execution_success / execution_error
[ 859s]   ext: WS events=31 elapsed=9s
[ 859s]     ws: {'type': 'executed', 'ts': 1779129833511}
[ 859s]     ws: {'type': 'progress_state', 'ts': 1779129833511}
[ 859s]     ws: {'type': 'progress_state', 'ts': 1779129833512}
[ 859s]     ws: {'type': 'progress_state', 'ts': 1779129833513}
[ 859s]     ws: {'type': 'executing', 'ts': 1779129833514}
[ 859s]     ws: {'type': 'executed', 'ts': 1779129834354}
[ 859s]     ws: {'type': 'progress_state', 'ts': 1779129834356}
[ 859s]     ws: {'type': 'progress_state', 'ts': 1779129834358}
[ 859s]     ws: {'type': 'progress_state', 'ts': 1779129834361}
[ 859s]     ws: {'type': 'executing', 'ts': 1779129834361}
[ 859s]     ws: {'type': 'executed', 'ts': 1779129835042}
[ 859s]     ws: {'type': 'progress_state', 'ts': 1779129835392}
[ 859s]     ws: {'type': 'execution_success', 'ts': 1779129835396}
[ 859s]     ws: {'type': 'status', 'ts': 1779129835397}
[ 859s]     ws: {'type': 'executing', 'ts': 1779129835397}
[ 859s]   ext: execution_success after 9s
[ 864s]   loop: full restart for workflow 5/30 (decimate)
[ 864s]   loop: closing current browser
[ 864s]   loop: killing ComfyUI process
[ 869s]   loop: launching ComfyUI with --remote-debugging-port=0
[ 869s]   loop: waiting for DevToolsActivePort at C:\Users\stduser\AppData\Roaming\ComfyUI\DevToolsActivePort
[ 871s]   loop: DevToolsActivePort -> 55544 after 3s
[ 871s]   loop: reconnecting Playwright on port 55544
[ 872s]   loop: attached to file:///C:/Users/stduser/.comfy-test-cache/desktop/ComfyUI/resources/desktop-ui/index.html#/desktop-start
[ 872s]   loop: server ready after 1s
[ 893s]   loop: canvas ready after 18s
[ 893s]   loop: forcing renderer reload
[ 895s]   loop: canvas ready after 2s
[ 898s]   ext: closing Nodes Manager dialog
[ 898s]   ext: dismissing What's New popup
[ 898s]   ext: What's New popup not present
[ 898s]   ext: dismissing Node Pack Issues modal (if present)
[ 898s]   ext: Node Pack Issues modal not present
[ 898s]   ext: opening Templates sidebar
[ 899s]   ext: clicked Templates
[ 903s]   ext: locating "comfyui-geometrypack" section in Templates panel
[ 905s]   ext: clicked comfyui-geometrypack section
[ 907s]   ext: clicking template decimate
[ 909s]   ext: clicked template decimate
[ 914s]   ext: installing WS execution listener
[ 914s]   ext: clicking Run
[ 915s]   ext: clicked Run
[ 915s]   ext: waiting for execution_success / execution_error
[ 920s]   ext: WS events=20 elapsed=5s
[ 920s]     ws: {'type': 'executing', 'ts': 1779129891676}
[ 920s]     ws: {'type': 'progress_state', 'ts': 1779129896229}
[ 920s]     ws: {'type': 'progress_state', 'ts': 1779129896231}
[ 920s]     ws: {'type': 'executing', 'ts': 1779129896231}
[ 920s]     ws: {'type': 'progress_state', 'ts': 1779129896356}
[ 920s]     ws: {'type': 'executing', 'ts': 1779129896356}
[ 920s]     ws: {'type': 'executed', 'ts': 1779129896811}
[ 920s]     ws: {'type': 'progress_state', 'ts': 1779129896812}
[ 920s]     ws: {'type': 'progress_state', 'ts': 1779129896815}
[ 920s]     ws: {'type': 'progress_state', 'ts': 1779129896817}
[ 920s]     ws: {'type': 'executing', 'ts': 1779129896817}
[ 920s]     ws: {'type': 'executed', 'ts': 1779129897070}
[ 920s]     ws: {'type': 'progress_state', 'ts': 1779129897088}
[ 920s]     ws: {'type': 'execution_success', 'ts': 1779129897092}
[ 920s]     ws: {'type': 'status', 'ts': 1779129897093}
[ 920s]   ext: execution_success after 5s
[ 926s]   loop: full restart for workflow 6/30 (decimate_all)
[ 926s]   loop: closing current browser
[ 926s]   loop: killing ComfyUI process
[ 931s]   loop: launching ComfyUI with --remote-debugging-port=0
[ 931s]   loop: waiting for DevToolsActivePort at C:\Users\stduser\AppData\Roaming\ComfyUI\DevToolsActivePort
[ 933s]   loop: DevToolsActivePort -> 55676 after 3s
[ 933s]   loop: reconnecting Playwright on port 55676
[ 934s]   loop: attached to file:///C:/Users/stduser/.comfy-test-cache/desktop/ComfyUI/resources/desktop-ui/index.html#/desktop-start
[ 934s]   loop: server ready after 1s
[ 954s]   loop: canvas ready after 18s
[ 954s]   loop: forcing renderer reload
[ 956s]   loop: canvas ready after 2s
[ 959s]   ext: closing Nodes Manager dialog
[ 959s]   ext: dismissing What's New popup
[ 959s]   ext: What's New popup not present
[ 959s]   ext: dismissing Node Pack Issues modal (if present)
[ 959s]   ext: Node Pack Issues modal not present
[ 959s]   ext: opening Templates sidebar
[ 960s]   ext: clicked Templates
[ 964s]   ext: locating "comfyui-geometrypack" section in Templates panel
[ 966s]   ext: clicked comfyui-geometrypack section
[ 968s]   ext: clicking template decimate_all
[ 970s]   ext: clicked template decimate_all
[ 976s]   ext: installing WS execution listener
[ 976s]   ext: clicking Run
[ 976s]   ext: clicked Run
[ 976s]   ext: waiting for execution_success / execution_error
[ 997s]   ext: WS events=46 elapsed=20s
[ 997s]     ws: {'type': 'executed', 'ts': 1779129966670}
[ 997s]     ws: {'type': 'progress_state', 'ts': 1779129967433}
[ 997s]     ws: {'type': 'progress_state', 'ts': 1779129967435}
[ 997s]     ws: {'type': 'progress_state', 'ts': 1779129967436}
[ 997s]     ws: {'type': 'executing', 'ts': 1779129967436}
[ 997s]     ws: {'type': 'executed', 'ts': 1779129969925}
[ 997s]     ws: {'type': 'progress_state', 'ts': 1779129969927}
[ 997s]     ws: {'type': 'progress_state', 'ts': 1779129969929}
[ 997s]     ws: {'type': 'progress_state', 'ts': 1779129969932}
[ 997s]     ws: {'type': 'executing', 'ts': 1779129969932}
[ 997s]     ws: {'type': 'executed', 'ts': 1779129971340}
[ 997s]     ws: {'type': 'progress_state', 'ts': 1779129971399}
[ 997s]     ws: {'type': 'execution_success', 'ts': 1779129971404}
[ 997s]     ws: {'type': 'status', 'ts': 1779129971623}
[ 997s]     ws: {'type': 'executing', 'ts': 1779129971625}
[ 997s]   ext: execution_success after 20s
[1002s]   loop: full restart for workflow 7/30 (depth_map_to_mesh)
[1002s]   loop: closing current browser
[1002s]   loop: killing ComfyUI process
[1007s]   loop: launching ComfyUI with --remote-debugging-port=0
[1007s]   loop: waiting for DevToolsActivePort at C:\Users\stduser\AppData\Roaming\ComfyUI\DevToolsActivePort
[1009s]   loop: DevToolsActivePort -> 55844 after 3s
[1009s]   loop: reconnecting Playwright on port 55844
[1010s]   loop: attached to file:///C:/Users/stduser/.comfy-test-cache/desktop/ComfyUI/resources/desktop-ui/index.html#/desktop-start
[1010s]   loop: server ready after 1s
[1031s]   loop: canvas ready after 18s
[1031s]   loop: forcing renderer reload
[1035s]   loop: canvas ready after 2s
[1038s]   ext: closing Nodes Manager dialog
[1038s]   ext: dismissing What's New popup
[1038s]   ext: What's New popup not present
[1038s]   ext: dismissing Node Pack Issues modal (if present)
[1038s]   ext: Node Pack Issues modal not present
[1038s]   ext: opening Templates sidebar
[1038s]   ext: clicked Templates
[1043s]   ext: locating "comfyui-geometrypack" section in Templates panel
[1044s]   ext: clicked comfyui-geometrypack section
[1047s]   ext: clicking template depth_map_to_mesh
[1049s]   ext: clicked template depth_map_to_mesh
[1054s]   ext: installing WS execution listener
[1054s]   ext: clicking Run
[1055s]   ext: clicked Run
[1055s]   ext: waiting for execution_success / execution_error
[1655s]   ext: WS events=0 elapsed=600s
[1655s]   ext: WORKFLOW TIMEOUT (no execution_success/error in 10min)
[1660s]   loop: full restart for workflow 8/30 (fix_normals_all)
[1660s]   loop: closing current browser
[1660s]   loop: killing ComfyUI process
[1665s]   loop: launching ComfyUI with --remote-debugging-port=0
[1665s]   loop: waiting for DevToolsActivePort at C:\Users\stduser\AppData\Roaming\ComfyUI\DevToolsActivePort
[1667s]   loop: DevToolsActivePort -> 56321 after 3s
[1667s]   loop: reconnecting Playwright on port 56321
[1668s]   loop: attached to file:///C:/Users/stduser/.comfy-test-cache/desktop/ComfyUI/resources/desktop-ui/index.html#/desktop-start
[1668s]   loop: server ready after 1s
[1689s]   loop: canvas ready after 18s
[1689s]   loop: forcing renderer reload
[1691s]   loop: canvas ready after 2s
[1694s]   ext: closing Nodes Manager dialog
[1694s]   ext: dismissing What's New popup
[1694s]   ext: What's New popup not present
[1694s]   ext: dismissing Node Pack Issues modal (if present)
[1694s]   ext: Node Pack Issues modal not present
[1694s]   ext: opening Templates sidebar
[1695s]   ext: clicked Templates
[1699s]   ext: locating "comfyui-geometrypack" section in Templates panel
[1701s]   ext: clicked comfyui-geometrypack section
[1703s]   ext: clicking template fix_normals_all
[1705s]   ext: clicked template fix_normals_all
[1710s]   ext: installing WS execution listener
[1710s]   ext: clicking Run
[1711s]   ext: clicked Run
[1711s]   ext: waiting for execution_success / execution_error
[1722s]   ext: WS events=53 elapsed=10s
[1722s]     ws: {'type': 'executing', 'ts': 1779130695476}
[1722s]     ws: {'type': 'executed', 'ts': 1779130695826}
[1722s]     ws: {'type': 'progress_state', 'ts': 1779130695874}
[1722s]     ws: {'type': 'progress_state', 'ts': 1779130695879}
[1722s]     ws: {'type': 'executing', 'ts': 1779130695879}
[1722s]     ws: {'type': 'executed', 'ts': 1779130696475}
[1722s]     ws: {'type': 'progress_state', 'ts': 1779130696824}
[1722s]     ws: {'type': 'progress_state', 'ts': 1779130696827}
[1722s]     ws: {'type': 'progress_state', 'ts': 1779130696844}
[1722s]     ws: {'type': 'executing', 'ts': 1779130696844}
[1722s]     ws: {'type': 'executed', 'ts': 1779130697104}
[1722s]     ws: {'type': 'progress_state', 'ts': 1779130697178}
[1722s]     ws: {'type': 'execution_success', 'ts': 1779130697182}
[1722s]     ws: {'type': 'status', 'ts': 1779130697183}
[1722s]     ws: {'type': 'executing', 'ts': 1779130697383}
[1722s]   ext: execution_success after 10s
[1727s]   loop: full restart for workflow 9/30 (fix_self_intersection)
[1727s]   loop: closing current browser
[1727s]   loop: killing ComfyUI process
[1732s]   loop: launching ComfyUI with --remote-debugging-port=0
[1732s]   loop: waiting for DevToolsActivePort at C:\Users\stduser\AppData\Roaming\ComfyUI\DevToolsActivePort
[1734s]   loop: DevToolsActivePort -> 56460 after 3s
[1734s]   loop: reconnecting Playwright on port 56460
[1735s]   loop: attached to file:///C:/Users/stduser/.comfy-test-cache/desktop/ComfyUI/resources/desktop-ui/index.html#/desktop-start
[1735s]   loop: server ready after 1s
[1755s]   loop: canvas ready after 17s
[1755s]   loop: forcing renderer reload
[1757s]   loop: canvas ready after 2s
[1761s]   ext: closing Nodes Manager dialog
[1761s]   ext: dismissing What's New popup
[1761s]   ext: What's New popup not present
[1761s]   ext: dismissing Node Pack Issues modal (if present)
[1761s]   ext: Node Pack Issues modal not present
[1761s]   ext: opening Templates sidebar
[1761s]   ext: clicked Templates
[1766s]   ext: locating "comfyui-geometrypack" section in Templates panel
[1767s]   ext: clicked comfyui-geometrypack section
[1770s]   ext: clicking template fix_self_intersection
[1772s]   ext: clicked template fix_self_intersection
[1777s]   ext: installing WS execution listener
[1777s]   ext: clicking Run
[1777s]   ext: clicked Run
[1777s]   ext: waiting for execution_success / execution_error
[1784s]   ext: WS events=26 elapsed=6s
[1784s]     ws: {'type': 'progress_state', 'ts': 1779130759228}
[1784s]     ws: {'type': 'executing', 'ts': 1779130759228}
[1784s]     ws: {'type': 'executed', 'ts': 1779130759780}
[1784s]     ws: {'type': 'progress_state', 'ts': 1779130759782}
[1784s]     ws: {'type': 'progress_state', 'ts': 1779130759784}
[1784s]     ws: {'type': 'executing', 'ts': 1779130759785}
[1784s]     ws: {'type': 'executed', 'ts': 1779130760028}
[1784s]     ws: {'type': 'progress_state', 'ts': 1779130760030}
[1784s]     ws: {'type': 'progress_state', 'ts': 1779130760033}
[1784s]     ws: {'type': 'executing', 'ts': 1779130760033}
[1784s]     ws: {'type': 'executed', 'ts': 1779130760553}
[1784s]     ws: {'type': 'progress_state', 'ts': 1779130760573}
[1784s]     ws: {'type': 'execution_success', 'ts': 1779130760578}
[1784s]     ws: {'type': 'status', 'ts': 1779130760579}
[1784s]     ws: {'type': 'executing', 'ts': 1779130760579}
[1784s]   ext: execution_success after 6s
[1789s]   loop: full restart for workflow 10/30 (mesh_info)
[1789s]   loop: closing current browser
[1789s]   loop: killing ComfyUI process
[1794s]   loop: launching ComfyUI with --remote-debugging-port=0
[1794s]   loop: waiting for DevToolsActivePort at C:\Users\stduser\AppData\Roaming\ComfyUI\DevToolsActivePort
[1796s]   loop: DevToolsActivePort -> 56601 after 3s
[1796s]   loop: reconnecting Playwright on port 56601
[1797s]   loop: attached to file:///C:/Users/stduser/.comfy-test-cache/desktop/ComfyUI/resources/desktop-ui/index.html#/desktop-start
[1797s]   loop: server ready after 1s
[1818s]   loop: canvas ready after 18s
[1818s]   loop: forcing renderer reload
[1820s]   loop: canvas ready after 2s
[1823s]   ext: closing Nodes Manager dialog
[1823s]   ext: dismissing What's New popup
[1823s]   ext: What's New popup not present
[1823s]   ext: dismissing Node Pack Issues modal (if present)
[1823s]   ext: Node Pack Issues modal not present
[1823s]   ext: opening Templates sidebar
[1824s]   ext: clicked Templates
[1828s]   ext: locating "comfyui-geometrypack" section in Templates panel
[1830s]   ext: clicked comfyui-geometrypack section
[1832s]   ext: clicking template mesh_info
[1834s]   ext: clicked template mesh_info
[1839s]   ext: installing WS execution listener
[1839s]   ext: clicking Run
[1840s]   ext: clicked Run
[1840s]   ext: waiting for execution_success / execution_error
[1845s]   ext: WS events=18 elapsed=5s
[1845s]     ws: {'type': 'execution_cached', 'ts': 1779130816443}
[1845s]     ws: {'type': 'progress_state', 'ts': 1779130816446}
[1845s]     ws: {'type': 'executing', 'ts': 1779130816447}
[1845s]     ws: {'type': 'progress_state', 'ts': 1779130821280}
[1845s]     ws: {'type': 'progress_state', 'ts': 1779130821283}
[1845s]     ws: {'type': 'executing', 'ts': 1779130821283}
[1845s]     ws: {'type': 'executed', 'ts': 1779130821402}
[1845s]     ws: {'type': 'progress_state', 'ts': 1779130821404}
[1845s]     ws: {'type': 'progress_state', 'ts': 1779130821406}
[1845s]     ws: {'type': 'executing', 'ts': 1779130821407}
[1845s]     ws: {'type': 'executed', 'ts': 1779130821597}
[1845s]     ws: {'type': 'progress_state', 'ts': 1779130821619}
[1845s]     ws: {'type': 'execution_success', 'ts': 1779130821625}
[1845s]     ws: {'type': 'status', 'ts': 1779130821626}
[1845s]     ws: {'type': 'executing', 'ts': 1779130821626}
[1845s]   ext: execution_success after 5s
[1850s]   loop: full restart for workflow 11/30 (mesh_mesh_distance)
[1850s]   loop: closing current browser
[1850s]   loop: killing ComfyUI process
[1855s]   loop: launching ComfyUI with --remote-debugging-port=0
[1855s]   loop: waiting for DevToolsActivePort at C:\Users\stduser\AppData\Roaming\ComfyUI\DevToolsActivePort
[1856s]   loop: DevToolsActivePort -> 56739 after 2s
[1856s]   loop: reconnecting Playwright on port 56739
[1857s]   loop: attached to file:///C:/Users/stduser/.comfy-test-cache/desktop/ComfyUI/resources/desktop-ui/index.html#/desktop-start
[1857s]   loop: server ready after 1s
[1877s]   loop: canvas ready after 17s
[1877s]   loop: forcing renderer reload
[1881s]   loop: canvas ready after 3s
[1884s]   ext: closing Nodes Manager dialog
[1884s]   ext: dismissing What's New popup
[1884s]   ext: What's New popup not present
[1884s]   ext: dismissing Node Pack Issues modal (if present)
[1884s]   ext: Node Pack Issues modal not present
[1884s]   ext: opening Templates sidebar
[1885s]   ext: clicked Templates
[1889s]   ext: locating "comfyui-geometrypack" section in Templates panel
[1891s]   ext: clicked comfyui-geometrypack section
[1893s]   ext: clicking template mesh_mesh_distance
[1895s]   ext: clicked template mesh_mesh_distance
[1900s]   ext: installing WS execution listener
[1900s]   ext: clicking Run
[1901s]   ext: clicked Run
[1901s]   ext: waiting for execution_success / execution_error
[1922s]   ext: WS events=31 elapsed=20s
[1922s]     ws: {'type': 'progress_state', 'ts': 1779130890453}
[1922s]     ws: {'type': 'executing', 'ts': 1779130890453}
[1922s]     ws: {'type': 'executed', 'ts': 1779130890811}
[1922s]     ws: {'type': 'progress_state', 'ts': 1779130890813}
[1922s]     ws: {'type': 'progress_state', 'ts': 1779130890815}
[1922s]     ws: {'type': 'executing', 'ts': 1779130890816}
[1922s]     ws: {'type': 'executed', 'ts': 1779130898012}
[1922s]     ws: {'type': 'progress_state', 'ts': 1779130898013}
[1922s]     ws: {'type': 'progress_state', 'ts': 1779130898015}
[1922s]     ws: {'type': 'progress_state', 'ts': 1779130898017}
[1922s]     ws: {'type': 'executing', 'ts': 1779130898017}
[1922s]     ws: {'type': 'executed', 'ts': 1779130898340}
[1922s]     ws: {'type': 'progress_state', 'ts': 1779130898342}
[1922s]     ws: {'type': 'execution_success', 'ts': 1779130898346}
[1922s]     ws: {'type': 'status', 'ts': 1779130898346}
[1922s]   ext: execution_success after 20s
[1927s]   loop: full restart for workflow 12/30 (normals)
[1927s]   loop: closing current browser
[1927s]   loop: killing ComfyUI process
[1932s]   loop: launching ComfyUI with --remote-debugging-port=0
[1932s]   loop: waiting for DevToolsActivePort at C:\Users\stduser\AppData\Roaming\ComfyUI\DevToolsActivePort
[1934s]   loop: DevToolsActivePort -> 56913 after 3s
[1934s]   loop: reconnecting Playwright on port 56913
[1935s]   loop: attached to file:///C:/Users/stduser/.comfy-test-cache/desktop/ComfyUI/resources/desktop-ui/index.html#/desktop-start
[1935s]   loop: server ready after 1s
[1954s]   loop: canvas ready after 17s
[1954s]   loop: forcing renderer reload
[1956s]   loop: canvas ready after 2s
[1960s]   ext: closing Nodes Manager dialog
[1960s]   ext: dismissing What's New popup
[1960s]   ext: What's New popup not present
[1960s]   ext: dismissing Node Pack Issues modal (if present)
[1960s]   ext: Node Pack Issues modal not present
[1960s]   ext: opening Templates sidebar
[1960s]   ext: clicked Templates
[1964s]   ext: locating "comfyui-geometrypack" section in Templates panel
[1966s]   ext: clicked comfyui-geometrypack section
[1968s]   ext: clicking template normals
[1970s]   ext: clicked template normals
[1975s]   ext: installing WS execution listener
[1975s]   ext: clicking Run
[1976s]   ext: clicked Run
[1976s]   ext: waiting for execution_success / execution_error
[1984s]   ext: WS events=21 elapsed=7s
[1984s]     ws: {'type': 'progress_state', 'ts': 1779130957188}
[1984s]     ws: {'type': 'progress_state', 'ts': 1779130957190}
[1984s]     ws: {'type': 'executing', 'ts': 1779130957191}
[1984s]     ws: {'type': 'executed', 'ts': 1779130957495}
[1984s]     ws: {'type': 'progress_state', 'ts': 1779130957498}
[1984s]     ws: {'type': 'progress_state', 'ts': 1779130957500}
[1984s]     ws: {'type': 'executing', 'ts': 1779130957501}
[1984s]     ws: {'type': 'progress_state', 'ts': 1779130957791}
[1984s]     ws: {'type': 'progress_state', 'ts': 1779130957793}
[1984s]     ws: {'type': 'executing', 'ts': 1779130957793}
[1984s]     ws: {'type': 'executed', 'ts': 1779130958938}
[1984s]     ws: {'type': 'progress_state', 'ts': 1779130958941}
[1984s]     ws: {'type': 'execution_success', 'ts': 1779130958968}
[1984s]     ws: {'type': 'status', 'ts': 1779130958969}
[1984s]     ws: {'type': 'executing', 'ts': 1779130959213}
[1984s]   ext: execution_success after 7s
[1989s]   loop: full restart for workflow 13/30 (point_mesh_distance)
[1989s]   loop: closing current browser
[1989s]   loop: killing ComfyUI process
[1994s]   loop: launching ComfyUI with --remote-debugging-port=0
[1994s]   loop: waiting for DevToolsActivePort at C:\Users\stduser\AppData\Roaming\ComfyUI\DevToolsActivePort
[1996s]   loop: DevToolsActivePort -> 57049 after 3s
[1996s]   loop: reconnecting Playwright on port 57049
[1996s]   loop: attached to file:///C:/Users/stduser/.comfy-test-cache/desktop/ComfyUI/resources/desktop-ui/index.html#/desktop-start
[1996s]   loop: server ready after 1s
[2016s]   loop: canvas ready after 16s
[2016s]   loop: forcing renderer reload
[2018s]   loop: canvas ready after 2s
[2021s]   ext: closing Nodes Manager dialog
[2021s]   ext: dismissing What's New popup
[2021s]   ext: What's New popup not present
[2021s]   ext: dismissing Node Pack Issues modal (if present)
[2021s]   ext: Node Pack Issues modal not present
[2021s]   ext: opening Templates sidebar
[2022s]   ext: clicked Templates
[2026s]   ext: locating "comfyui-geometrypack" section in Templates panel
[2028s]   ext: clicked comfyui-geometrypack section
[2030s]   ext: clicking template point_mesh_distance
[2032s]   ext: clicked template point_mesh_distance
[2037s]   ext: installing WS execution listener
[2037s]   ext: clicking Run
[2038s]   ext: clicked Run
[2038s]   ext: waiting for execution_success / execution_error
[2044s]   ext: WS events=28 elapsed=6s
[2044s]     ws: {'type': 'progress_state', 'ts': 1779131019660}
[2044s]     ws: {'type': 'executing', 'ts': 1779131019673}
[2044s]     ws: {'type': 'executed', 'ts': 1779131020261}
[2044s]     ws: {'type': 'progress_state', 'ts': 1779131020263}
[2044s]     ws: {'type': 'progress_state', 'ts': 1779131020265}
[2044s]     ws: {'type': 'executing', 'ts': 1779131020266}
[2044s]     ws: {'type': 'executed', 'ts': 1779131020421}
[2044s]     ws: {'type': 'progress_state', 'ts': 1779131020423}
[2044s]     ws: {'type': 'progress_state', 'ts': 1779131020441}
[2044s]     ws: {'type': 'executing', 'ts': 1779131020441}
[2044s]     ws: {'type': 'executed', 'ts': 1779131020704}
[2044s]     ws: {'type': 'progress_state', 'ts': 1779131020707}
[2044s]     ws: {'type': 'execution_success', 'ts': 1779131020712}
[2044s]     ws: {'type': 'status', 'ts': 1779131020713}
[2044s]     ws: {'type': 'executing', 'ts': 1779131020977}
[2044s]   ext: execution_success after 6s
[2049s]   loop: full restart for workflow 14/30 (preview_mesh_threejs)
[2049s]   loop: closing current browser
[2049s]   loop: killing ComfyUI process
[2054s]   loop: launching ComfyUI with --remote-debugging-port=0
[2054s]   loop: waiting for DevToolsActivePort at C:\Users\stduser\AppData\Roaming\ComfyUI\DevToolsActivePort
[2057s]   loop: DevToolsActivePort -> 57191 after 3s
[2057s]   loop: reconnecting Playwright on port 57191
[2057s]   loop: attached to file:///C:/Users/stduser/.comfy-test-cache/desktop/ComfyUI/resources/desktop-ui/index.html#/desktop-start
[2057s]   loop: server ready after 1s
[2077s]   loop: canvas ready after 17s
[2077s]   loop: forcing renderer reload
[2079s]   loop: canvas ready after 2s
[2082s]   ext: closing Nodes Manager dialog
[2082s]   ext: dismissing What's New popup
[2082s]   ext: What's New popup not present
[2082s]   ext: dismissing Node Pack Issues modal (if present)
[2082s]   ext: Node Pack Issues modal not present
[2082s]   ext: opening Templates sidebar
[2083s]   ext: clicked Templates
[2087s]   ext: locating "comfyui-geometrypack" section in Templates panel
[2089s]   ext: clicked comfyui-geometrypack section
[2091s]   ext: clicking template preview_mesh_threejs
[2093s]   ext: clicked template preview_mesh_threejs
[2098s]   ext: installing WS execution listener
[2098s]   ext: clicking Run
[2099s]   ext: clicked Run
[2099s]   ext: waiting for execution_success / execution_error
[2106s]   ext: WS events=12 elapsed=6s
[2106s]     ws: {'type': 'status', 'ts': 1779131075605}
[2106s]     ws: {'type': 'status', 'ts': 1779131075607}
[2106s]     ws: {'type': 'execution_start', 'ts': 1779131075614}
[2106s]     ws: {'type': 'execution_cached', 'ts': 1779131075627}
[2106s]     ws: {'type': 'progress_state', 'ts': 1779131075636}
[2106s]     ws: {'type': 'executing', 'ts': 1779131075636}
[2106s]     ws: {'type': 'progress_state', 'ts': 1779131082049}
[2106s]     ws: {'type': 'progress_state', 'ts': 1779131082069}
[2106s]     ws: {'type': 'executing', 'ts': 1779131082085}
[2106s]     ws: {'type': 'executed', 'ts': 1779131082249}
[2106s]     ws: {'type': 'progress_state', 'ts': 1779131082253}
[2106s]     ws: {'type': 'execution_success', 'ts': 1779131082273}
[2106s]   ext: execution_success after 6s
[2111s]   loop: full restart for workflow 15/30 (reconstruct_all)
[2111s]   loop: closing current browser
[2111s]   loop: killing ComfyUI process
[2116s]   loop: launching ComfyUI with --remote-debugging-port=0
[2116s]   loop: waiting for DevToolsActivePort at C:\Users\stduser\AppData\Roaming\ComfyUI\DevToolsActivePort
[2118s]   loop: DevToolsActivePort -> 57335 after 3s
[2118s]   loop: reconnecting Playwright on port 57335
[2119s]   loop: attached to file:///C:/Users/stduser/.comfy-test-cache/desktop/ComfyUI/resources/desktop-ui/index.html#/desktop-start
[2119s]   loop: server ready after 1s
[2140s]   loop: canvas ready after 18s
[2140s]   loop: forcing renderer reload
[2143s]   loop: canvas ready after 3s
[2147s]   ext: closing Nodes Manager dialog
[2147s]   ext: dismissing What's New popup
[2147s]   ext: What's New popup not present
[2147s]   ext: dismissing Node Pack Issues modal (if present)
[2147s]   ext: Node Pack Issues modal not present
[2147s]   ext: opening Templates sidebar
[2147s]   ext: clicked Templates
[2151s]   ext: locating "comfyui-geometrypack" section in Templates panel
[2153s]   ext: clicked comfyui-geometrypack section
[2155s]   ext: clicking template reconstruct_all
[2157s]   ext: clicked template reconstruct_all
[2162s]   ext: installing WS execution listener
[2162s]   ext: clicking Run
[2163s]   ext: clicked Run
[2163s]   ext: waiting for execution_success / execution_error
[2182s]   ext: WS events=49 elapsed=19s
[2182s]     ws: {'type': 'executed', 'ts': 1779131152924}
[2182s]     ws: {'type': 'progress_state', 'ts': 1779131152925}
[2182s]     ws: {'type': 'progress_state', 'ts': 1779131152939}
[2182s]     ws: {'type': 'progress_state', 'ts': 1779131152941}
[2182s]     ws: {'type': 'executing', 'ts': 1779131152941}
[2182s]     ws: {'type': 'executed', 'ts': 1779131155671}
[2182s]     ws: {'type': 'progress_state', 'ts': 1779131155673}
[2182s]     ws: {'type': 'progress_state', 'ts': 1779131155675}
[2182s]     ws: {'type': 'progress_state', 'ts': 1779131155677}
[2182s]     ws: {'type': 'executing', 'ts': 1779131155677}
[2182s]     ws: {'type': 'executed', 'ts': 1779131156664}
[2182s]     ws: {'type': 'progress_state', 'ts': 1779131156750}
[2182s]     ws: {'type': 'execution_success', 'ts': 1779131156757}
[2182s]     ws: {'type': 'status', 'ts': 1779131157020}
[2182s]     ws: {'type': 'executing', 'ts': 1779131157021}
[2182s]   ext: execution_success after 19s
[2187s]   loop: full restart for workflow 16/30 (refine_mesh)
[2187s]   loop: closing current browser
[2188s]   loop: killing ComfyUI process
[2193s]   loop: launching ComfyUI with --remote-debugging-port=0
[2193s]   loop: waiting for DevToolsActivePort at C:\Users\stduser\AppData\Roaming\ComfyUI\DevToolsActivePort
[2195s]   loop: DevToolsActivePort -> 57507 after 3s
[2195s]   loop: reconnecting Playwright on port 57507
[2195s]   loop: attached to file:///C:/Users/stduser/.comfy-test-cache/desktop/ComfyUI/resources/desktop-ui/index.html#/desktop-start
[2195s]   loop: server ready after 1s
[2215s]   loop: canvas ready after 17s
[2215s]   loop: forcing renderer reload
[2217s]   loop: canvas ready after 2s
[2220s]   ext: closing Nodes Manager dialog
[2220s]   ext: dismissing What's New popup
[2221s]   ext: What's New popup not present
[2221s]   ext: dismissing Node Pack Issues modal (if present)
[2221s]   ext: Node Pack Issues modal not present
[2221s]   ext: opening Templates sidebar
[2221s]   ext: clicked Templates
[2225s]   ext: locating "comfyui-geometrypack" section in Templates panel
[2227s]   ext: clicked comfyui-geometrypack section
[2230s]   ext: clicking template refine_mesh
[2232s]   ext: clicked template refine_mesh
[2237s]   ext: installing WS execution listener
[2237s]   ext: clicking Run
[2237s]   ext: clicked Run
[2237s]   ext: waiting for execution_success / execution_error
[2244s]   ext: WS events=18 elapsed=6s
[2244s]     ws: {'type': 'execution_cached', 'ts': 1779131214396}
[2244s]     ws: {'type': 'progress_state', 'ts': 1779131214403}
[2244s]     ws: {'type': 'executing', 'ts': 1779131214403}
[2244s]     ws: {'type': 'progress_state', 'ts': 1779131219118}
[2244s]     ws: {'type': 'progress_state', 'ts': 1779131219121}
[2244s]     ws: {'type': 'executing', 'ts': 1779131219121}
[2244s]     ws: {'type': 'executed', 'ts': 1779131219506}
[2244s]     ws: {'type': 'progress_state', 'ts': 1779131219508}
[2244s]     ws: {'type': 'progress_state', 'ts': 1779131219528}
[2244s]     ws: {'type': 'executing', 'ts': 1779131219528}
[2244s]     ws: {'type': 'executed', 'ts': 1779131220488}
[2244s]     ws: {'type': 'progress_state', 'ts': 1779131220490}
[2244s]     ws: {'type': 'execution_success', 'ts': 1779131220526}
[2244s]     ws: {'type': 'status', 'ts': 1779131220527}
[2244s]     ws: {'type': 'executing', 'ts': 1779131220527}
[2244s]   ext: execution_success after 6s
[2249s]   loop: full restart for workflow 17/30 (remesh_intersections)
[2249s]   loop: closing current browser
[2249s]   loop: killing ComfyUI process
[2254s]   loop: launching ComfyUI with --remote-debugging-port=0
[2254s]   loop: waiting for DevToolsActivePort at C:\Users\stduser\AppData\Roaming\ComfyUI\DevToolsActivePort
[2256s]   loop: DevToolsActivePort -> 57650 after 3s
[2256s]   loop: reconnecting Playwright on port 57650
[2257s]   loop: attached to file:///C:/Users/stduser/.comfy-test-cache/desktop/ComfyUI/resources/desktop-ui/index.html#/desktop-start
[2257s]   loop: server ready after 1s
[2276s]   loop: canvas ready after 17s
[2276s]   loop: forcing renderer reload
[2278s]   loop: canvas ready after 2s
[2281s]   ext: closing Nodes Manager dialog
[2281s]   ext: dismissing What's New popup
[2281s]   ext: What's New popup not present
[2281s]   ext: dismissing Node Pack Issues modal (if present)
[2281s]   ext: Node Pack Issues modal not present
[2281s]   ext: opening Templates sidebar
[2282s]   ext: clicked Templates
[2286s]   ext: locating "comfyui-geometrypack" section in Templates panel
[2288s]   ext: clicked comfyui-geometrypack section
[2290s]   ext: clicking template remesh_intersections
[2292s]   ext: clicked template remesh_intersections
[2297s]   ext: installing WS execution listener
[2297s]   ext: clicking Run
[2298s]   ext: clicked Run
[2298s]   ext: waiting for execution_success / execution_error
[2304s]   ext: WS events=25 elapsed=6s
[2304s]     ws: {'type': 'progress_state', 'ts': 1779131279698}
[2304s]     ws: {'type': 'progress_state', 'ts': 1779131279701}
[2304s]     ws: {'type': 'executing', 'ts': 1779131279701}
[2304s]     ws: {'type': 'executed', 'ts': 1779131280145}
[2304s]     ws: {'type': 'progress_state', 'ts': 1779131280147}
[2304s]     ws: {'type': 'progress_state', 'ts': 1779131280164}
[2304s]     ws: {'type': 'executing', 'ts': 1779131280164}
[2304s]     ws: {'type': 'executed', 'ts': 1779131280358}
[2304s]     ws: {'type': 'progress_state', 'ts': 1779131280360}
[2304s]     ws: {'type': 'progress_state', 'ts': 1779131280362}
[2304s]     ws: {'type': 'executing', 'ts': 1779131280362}
[2304s]     ws: {'type': 'executed', 'ts': 1779131280944}
[2304s]     ws: {'type': 'progress_state', 'ts': 1779131280946}
[2304s]     ws: {'type': 'execution_success', 'ts': 1779131280951}
[2304s]     ws: {'type': 'status', 'ts': 1779131280952}
[2304s]   ext: execution_success after 6s
[2309s]   loop: full restart for workflow 18/30 (remeshing)
[2309s]   loop: closing current browser
[2309s]   loop: killing ComfyUI process
[2314s]   loop: launching ComfyUI with --remote-debugging-port=0
[2314s]   loop: waiting for DevToolsActivePort at C:\Users\stduser\AppData\Roaming\ComfyUI\DevToolsActivePort
[2315s]   loop: DevToolsActivePort -> 57786 after 2s
[2315s]   loop: reconnecting Playwright on port 57786
[2317s]   loop: attached to file:///C:/Users/stduser/.comfy-test-cache/desktop/ComfyUI/resources/desktop-ui/index.html#/desktop-start
[2317s]   loop: server ready after 1s
[2337s]   loop: canvas ready after 17s
[2337s]   loop: forcing renderer reload
[2339s]   loop: canvas ready after 2s
[2342s]   ext: closing Nodes Manager dialog
[2342s]   ext: dismissing What's New popup
[2342s]   ext: What's New popup not present
[2342s]   ext: dismissing Node Pack Issues modal (if present)
[2342s]   ext: Node Pack Issues modal not present
[2342s]   ext: opening Templates sidebar
[2342s]   ext: clicked Templates
[2347s]   ext: locating "comfyui-geometrypack" section in Templates panel
[2348s]   ext: clicked comfyui-geometrypack section
[2351s]   ext: clicking template remeshing
[2353s]   ext: clicked template remeshing
[2358s]   ext: installing WS execution listener
[2358s]   ext: clicking Run
[2358s]   ext: clicked Run
[2358s]   ext: waiting for execution_success / execution_error
[2404s]   ext: WS events=19 elapsed=45s
[2404s]     ws: {'type': 'progress_state', 'ts': 1779131335276}
[2404s]     ws: {'type': 'executing', 'ts': 1779131335276}
[2404s]     ws: {'type': 'progress_state', 'ts': 1779131340289}
[2404s]     ws: {'type': 'progress_state', 'ts': 1779131340291}
[2404s]     ws: {'type': 'executing', 'ts': 1779131340292}
[2404s]     ws: {'type': 'progress_state', 'ts': 1779131340494}
[2404s]     ws: {'type': 'executing', 'ts': 1779131340494}
[2404s]     ws: {'type': 'executed', 'ts': 1779131379452}
[2404s]     ws: {'type': 'progress_state', 'ts': 1779131379454}
[2404s]     ws: {'type': 'progress_state', 'ts': 1779131379457}
[2404s]     ws: {'type': 'progress_state', 'ts': 1779131379460}
[2404s]     ws: {'type': 'executing', 'ts': 1779131379461}
[2404s]     ws: {'type': 'executed', 'ts': 1779131380484}
[2404s]     ws: {'type': 'progress_state', 'ts': 1779131380487}
[2404s]     ws: {'type': 'execution_success', 'ts': 1779131380513}
[2404s]   ext: execution_success after 45s
[2409s]   loop: full restart for workflow 19/30 (sMOOth)
[2409s]   loop: closing current browser
[2409s]   loop: killing ComfyUI process
[2414s]   loop: launching ComfyUI with --remote-debugging-port=0
[2414s]   loop: waiting for DevToolsActivePort at C:\Users\stduser\AppData\Roaming\ComfyUI\DevToolsActivePort
[2416s]   loop: DevToolsActivePort -> 58000 after 3s
[2416s]   loop: reconnecting Playwright on port 58000
[2417s]   loop: attached to file:///C:/Users/stduser/.comfy-test-cache/desktop/ComfyUI/resources/desktop-ui/index.html#/desktop-start
[2417s]   loop: server ready after 1s
[2436s]   loop: canvas ready after 17s
[2436s]   loop: forcing renderer reload
[2439s]   loop: canvas ready after 2s
[2442s]   ext: closing Nodes Manager dialog
[2442s]   ext: dismissing What's New popup
[2442s]   ext: What's New popup not present
[2442s]   ext: dismissing Node Pack Issues modal (if present)
[2442s]   ext: Node Pack Issues modal not present
[2442s]   ext: opening Templates sidebar
[2442s]   ext: clicked Templates
[2447s]   ext: locating "comfyui-geometrypack" section in Templates panel
[2448s]   ext: clicked comfyui-geometrypack section
[2451s]   ext: clicking template sMOOth
[2451s]   ext: card sMOOth not found in section DOM
[2451s]   loop: full restart for workflow 20/30 (sharpen)
[2451s]   loop: closing current browser
[2451s]   loop: killing ComfyUI process
[2456s]   loop: launching ComfyUI with --remote-debugging-port=0
[2456s]   loop: waiting for DevToolsActivePort at C:\Users\stduser\AppData\Roaming\ComfyUI\DevToolsActivePort
[2457s]   loop: DevToolsActivePort parse err: [Errno 13] Permission denied: 'C:\\Users\\stduser\\AppData\\Roaming\\ComfyUI\\DevToolsActivePort'
[2458s]   loop: DevToolsActivePort -> 58098 after 3s
[2458s]   loop: reconnecting Playwright on port 58098
[2458s]   loop: attached to file:///C:/Users/stduser/.comfy-test-cache/desktop/ComfyUI/resources/desktop-ui/index.html#/desktop-start
[2458s]   loop: server ready after 1s
[2478s]   loop: canvas ready after 17s
[2478s]   loop: forcing renderer reload
[2480s]   loop: canvas ready after 2s
[2483s]   ext: closing Nodes Manager dialog
[2483s]   ext: dismissing What's New popup
[2483s]   ext: What's New popup not present
[2483s]   ext: dismissing Node Pack Issues modal (if present)
[2483s]   ext: Node Pack Issues modal not present
[2483s]   ext: opening Templates sidebar
[2484s]   ext: clicked Templates
[2488s]   ext: locating "comfyui-geometrypack" section in Templates panel
[2490s]   ext: clicked comfyui-geometrypack section
[2492s]   ext: clicking template sharpen
[2494s]   ext: clicked template sharpen
[2499s]   ext: installing WS execution listener
[2499s]   ext: clicking Run
[2499s]   ext: clicked Run
[2499s]   ext: waiting for execution_success / execution_error
[2506s]   ext: WS events=23 elapsed=6s
[2506s]     ws: {'type': 'executing', 'ts': 1779131480939}
[2506s]     ws: {'type': 'progress_state', 'ts': 1779131481094}
[2506s]     ws: {'type': 'executing', 'ts': 1779131481094}
[2506s]     ws: {'type': 'executed', 'ts': 1779131481498}
[2506s]     ws: {'type': 'progress_state', 'ts': 1779131481499}
[2506s]     ws: {'type': 'progress_state', 'ts': 1779131481501}
[2506s]     ws: {'type': 'progress_state', 'ts': 1779131481504}
[2506s]     ws: {'type': 'executing', 'ts': 1779131481504}
[2506s]     ws: {'type': 'progress_state', 'ts': 1779131481739}
[2506s]     ws: {'type': 'progress_state', 'ts': 1779131481741}
[2506s]     ws: {'type': 'executing', 'ts': 1779131481742}
[2506s]     ws: {'type': 'executed', 'ts': 1779131482201}
[2506s]     ws: {'type': 'progress_state', 'ts': 1779131482204}
[2506s]     ws: {'type': 'execution_success', 'ts': 1779131482310}
[2506s]     ws: {'type': 'status', 'ts': 1779131482311}
[2506s]   ext: execution_success after 6s
[2511s]   loop: full restart for workflow 21/30 (sharpen_all)
[2511s]   loop: closing current browser
[2511s]   loop: killing ComfyUI process
[2516s]   loop: launching ComfyUI with --remote-debugging-port=0
[2516s]   loop: waiting for DevToolsActivePort at C:\Users\stduser\AppData\Roaming\ComfyUI\DevToolsActivePort
[2518s]   loop: DevToolsActivePort -> 58238 after 3s
[2518s]   loop: reconnecting Playwright on port 58238
[2519s]   loop: attached to file:///C:/Users/stduser/.comfy-test-cache/desktop/ComfyUI/resources/desktop-ui/index.html#/desktop-start
[2519s]   loop: server ready after 1s
[2539s]   loop: canvas ready after 18s
[2539s]   loop: forcing renderer reload
[2542s]   loop: canvas ready after 2s
[2545s]   ext: closing Nodes Manager dialog
[2545s]   ext: dismissing What's New popup
[2545s]   ext: What's New popup not present
[2545s]   ext: dismissing Node Pack Issues modal (if present)
[2545s]   ext: Node Pack Issues modal not present
[2545s]   ext: opening Templates sidebar
[2545s]   ext: clicked Templates
[2550s]   ext: locating "comfyui-geometrypack" section in Templates panel
[2551s]   ext: clicked comfyui-geometrypack section
[2554s]   ext: clicking template sharpen_all
[2556s]   ext: clicked template sharpen_all
[2561s]   ext: installing WS execution listener
[2561s]   ext: clicking Run
[2562s]   ext: clicked Run
[2562s]   ext: waiting for execution_success / execution_error
[2630s]   ext: WS events=67 elapsed=68s
[2630s]     ws: {'type': 'executed', 'ts': 1779131605728}
[2630s]     ws: {'type': 'progress_state', 'ts': 1779131605730}
[2630s]     ws: {'type': 'progress_state', 'ts': 1779131605732}
[2630s]     ws: {'type': 'progress_state', 'ts': 1779131605734}
[2630s]     ws: {'type': 'executing', 'ts': 1779131605734}
[2630s]     ws: {'type': 'executed', 'ts': 1779131605998}
[2630s]     ws: {'type': 'progress_state', 'ts': 1779131606000}
[2630s]     ws: {'type': 'progress_state', 'ts': 1779131606013}
[2630s]     ws: {'type': 'progress_state', 'ts': 1779131606016}
[2630s]     ws: {'type': 'executing', 'ts': 1779131606017}
[2630s]     ws: {'type': 'executed', 'ts': 1779131606599}
[2630s]     ws: {'type': 'progress_state', 'ts': 1779131606671}
[2630s]     ws: {'type': 'execution_success', 'ts': 1779131606702}
[2630s]     ws: {'type': 'status', 'ts': 1779131606703}
[2630s]     ws: {'type': 'executing', 'ts': 1779131606703}
[2630s]   ext: execution_success after 68s
[2635s]   loop: full restart for workflow 22/30 (side_by_side_viewer)
[2635s]   loop: closing current browser
[2635s]   loop: killing ComfyUI process
[2640s]   loop: launching ComfyUI with --remote-debugging-port=0
[2640s]   loop: waiting for DevToolsActivePort at C:\Users\stduser\AppData\Roaming\ComfyUI\DevToolsActivePort
[2642s]   loop: DevToolsActivePort -> 58483 after 3s
[2642s]   loop: reconnecting Playwright on port 58483
[2643s]   loop: attached to file:///C:/Users/stduser/.comfy-test-cache/desktop/ComfyUI/resources/desktop-ui/index.html#/desktop-start
[2643s]   loop: server ready after 1s
[2663s]   loop: canvas ready after 17s
[2663s]   loop: forcing renderer reload
[2665s]   loop: canvas ready after 2s
[2668s]   ext: closing Nodes Manager dialog
[2668s]   ext: dismissing What's New popup
[2668s]   ext: What's New popup not present
[2668s]   ext: dismissing Node Pack Issues modal (if present)
[2668s]   ext: Node Pack Issues modal not present
[2668s]   ext: opening Templates sidebar
[2669s]   ext: clicked Templates
[2673s]   ext: locating "comfyui-geometrypack" section in Templates panel
[2675s]   ext: clicked comfyui-geometrypack section
[2677s]   ext: clicking template side_by_side_viewer
[2679s]   ext: clicked template side_by_side_viewer
[2684s]   ext: installing WS execution listener
[2684s]   ext: clicking Run
[2685s]   ext: clicked Run
[2685s]   ext: waiting for execution_success / execution_error
[2690s]   ext: WS events=16 elapsed=5s
[2690s]     ws: {'type': 'status', 'ts': 1779131661542}
[2690s]     ws: {'type': 'execution_start', 'ts': 1779131661549}
[2690s]     ws: {'type': 'execution_cached', 'ts': 1779131661560}
[2690s]     ws: {'type': 'progress_state', 'ts': 1779131661563}
[2690s]     ws: {'type': 'executing', 'ts': 1779131661575}
[2690s]     ws: {'type': 'progress_state', 'ts': 1779131666183}
[2690s]     ws: {'type': 'progress_state', 'ts': 1779131666185}
[2690s]     ws: {'type': 'executing', 'ts': 1779131666186}
[2690s]     ws: {'type': 'progress_state', 'ts': 1779131666336}
[2690s]     ws: {'type': 'progress_state', 'ts': 1779131666338}
[2690s]     ws: {'type': 'executing', 'ts': 1779131666339}
[2690s]     ws: {'type': 'executed', 'ts': 1779131666609}
[2690s]     ws: {'type': 'progress_state', 'ts': 1779131666611}
[2690s]     ws: {'type': 'execution_success', 'ts': 1779131666636}
[2690s]     ws: {'type': 'status', 'ts': 1779131666637}
[2690s]   ext: execution_success after 5s
[2695s]   loop: full restart for workflow 23/30 (skeleton_all)
[2695s]   loop: closing current browser
[2695s]   loop: killing ComfyUI process
[2700s]   loop: launching ComfyUI with --remote-debugging-port=0
[2700s]   loop: waiting for DevToolsActivePort at C:\Users\stduser\AppData\Roaming\ComfyUI\DevToolsActivePort
[2702s]   loop: DevToolsActivePort -> 58618 after 3s
[2702s]   loop: reconnecting Playwright on port 58618
[2703s]   loop: attached to file:///C:/Users/stduser/.comfy-test-cache/desktop/ComfyUI/resources/desktop-ui/index.html#/desktop-start
[2703s]   loop: server ready after 1s
[2722s]   loop: canvas ready after 17s
[2722s]   loop: forcing renderer reload
[2725s]   loop: canvas ready after 2s
[2728s]   ext: closing Nodes Manager dialog
[2728s]   ext: dismissing What's New popup
[2728s]   ext: What's New popup not present
[2728s]   ext: dismissing Node Pack Issues modal (if present)
[2728s]   ext: Node Pack Issues modal not present
[2728s]   ext: opening Templates sidebar
[2729s]   ext: clicked Templates
[2733s]   ext: locating "comfyui-geometrypack" section in Templates panel
[2735s]   ext: clicked comfyui-geometrypack section
[2737s]   ext: clicking template skeleton_all
[2739s]   ext: clicked template skeleton_all
[2744s]   ext: installing WS execution listener
[2744s]   ext: clicking Run
[2745s]   ext: clicked Run
[2745s]   ext: waiting for execution_success / execution_error
[2763s]   ext: WS events=54 elapsed=17s
[2763s]     ws: {'type': 'executing', 'ts': 1779131737677}
[2763s]     ws: {'type': 'progress_state', 'ts': 1779131737796}
[2763s]     ws: {'type': 'executing', 'ts': 1779131737796}
[2763s]     ws: {'type': 'progress_state', 'ts': 1779131738032}
[2763s]     ws: {'type': 'progress_state', 'ts': 1779131738044}
[2763s]     ws: {'type': 'progress_state', 'ts': 1779131738048}
[2763s]     ws: {'type': 'executing', 'ts': 1779131738048}
[2763s]     ws: {'type': 'progress_state', 'ts': 1779131738426}
[2763s]     ws: {'type': 'progress_state', 'ts': 1779131738428}
[2763s]     ws: {'type': 'executing', 'ts': 1779131738428}
[2763s]     ws: {'type': 'executed', 'ts': 1779131738974}
[2763s]     ws: {'type': 'progress_state', 'ts': 1779131738977}
[2763s]     ws: {'type': 'execution_success', 'ts': 1779131739064}
[2763s]     ws: {'type': 'status', 'ts': 1779131739064}
[2763s]     ws: {'type': 'executing', 'ts': 1779131739064}
[2763s]   ext: execution_success after 17s
[2768s]   loop: full restart for workflow 24/30 (skeleton_extraction)
[2768s]   loop: closing current browser
[2768s]   loop: killing ComfyUI process
[2773s]   loop: launching ComfyUI with --remote-debugging-port=0
[2773s]   loop: waiting for DevToolsActivePort at C:\Users\stduser\AppData\Roaming\ComfyUI\DevToolsActivePort
[2775s]   loop: DevToolsActivePort parse err: [Errno 13] Permission denied: 'C:\\Users\\stduser\\AppData\\Roaming\\ComfyUI\\DevToolsActivePort'
[2776s]   loop: DevToolsActivePort -> 58784 after 3s
[2776s]   loop: reconnecting Playwright on port 58784
[2776s]   loop: attached to file:///C:/Users/stduser/.comfy-test-cache/desktop/ComfyUI/resources/desktop-ui/index.html#/desktop-start
[2776s]   loop: server ready after 1s
[2795s]   loop: canvas ready after 16s
[2795s]   loop: forcing renderer reload
[2797s]   loop: canvas ready after 2s
[2801s]   ext: closing Nodes Manager dialog
[2801s]   ext: dismissing What's New popup
[2801s]   ext: What's New popup not present
[2801s]   ext: dismissing Node Pack Issues modal (if present)
[2801s]   ext: Node Pack Issues modal not present
[2801s]   ext: opening Templates sidebar
[2801s]   ext: clicked Templates
[2806s]   ext: locating "comfyui-geometrypack" section in Templates panel
[2807s]   ext: clicked comfyui-geometrypack section
[2810s]   ext: clicking template skeleton_extraction
[2810s]   ext: card skeleton_extraction not found in section DOM
[2810s]   loop: full restart for workflow 25/30 (smooth_all)
[2810s]   loop: closing current browser
[2810s]   loop: killing ComfyUI process
[2815s]   loop: launching ComfyUI with --remote-debugging-port=0
[2815s]   loop: waiting for DevToolsActivePort at C:\Users\stduser\AppData\Roaming\ComfyUI\DevToolsActivePort
[2817s]   loop: DevToolsActivePort -> 58882 after 3s
[2817s]   loop: reconnecting Playwright on port 58882
[2818s]   loop: attached to file:///C:/Users/stduser/.comfy-test-cache/desktop/ComfyUI/resources/desktop-ui/index.html#/desktop-start
[2818s]   loop: server ready after 1s
[2837s]   loop: canvas ready after 17s
[2837s]   loop: forcing renderer reload
[2840s]   loop: canvas ready after 2s
[2843s]   ext: closing Nodes Manager dialog
[2843s]   ext: dismissing What's New popup
[2843s]   ext: What's New popup not present
[2843s]   ext: dismissing Node Pack Issues modal (if present)
[2843s]   ext: Node Pack Issues modal not present
[2843s]   ext: opening Templates sidebar
[2843s]   ext: clicked Templates
[2848s]   ext: locating "comfyui-geometrypack" section in Templates panel
[2849s]   ext: clicked comfyui-geometrypack section
[2852s]   ext: clicking template smooth_all
[2852s]   ext: card smooth_all not found in section DOM
[2852s]   loop: full restart for workflow 26/30 (surface_reconstruction)
[2852s]   loop: closing current browser
[2852s]   loop: killing ComfyUI process
[2857s]   loop: launching ComfyUI with --remote-debugging-port=0
[2857s]   loop: waiting for DevToolsActivePort at C:\Users\stduser\AppData\Roaming\ComfyUI\DevToolsActivePort
[2859s]   loop: DevToolsActivePort -> 58979 after 3s
[2859s]   loop: reconnecting Playwright on port 58979
[2859s]   loop: attached to file:///C:/Users/stduser/.comfy-test-cache/desktop/ComfyUI/resources/desktop-ui/index.html#/desktop-start
[2859s]   loop: server ready after 1s
[2879s]   loop: canvas ready after 17s
[2879s]   loop: forcing renderer reload
[2881s]   loop: canvas ready after 2s
[2885s]   ext: closing Nodes Manager dialog
[2885s]   ext: dismissing What's New popup
[2885s]   ext: What's New popup not present
[2885s]   ext: dismissing Node Pack Issues modal (if present)
[2885s]   ext: Node Pack Issues modal not present
[2885s]   ext: opening Templates sidebar
[2885s]   ext: clicked Templates
[2890s]   ext: locating "comfyui-geometrypack" section in Templates panel
[2891s]   ext: clicked comfyui-geometrypack section
[2894s]   ext: clicking template surface_reconstruction
[2894s]   ext: card surface_reconstruction not found in section DOM
[2894s]   loop: full restart for workflow 27/30 (test_loading)
[2894s]   loop: closing current browser
[2894s]   loop: killing ComfyUI process
[2899s]   loop: launching ComfyUI with --remote-debugging-port=0
[2899s]   loop: waiting for DevToolsActivePort at C:\Users\stduser\AppData\Roaming\ComfyUI\DevToolsActivePort
[2900s]   loop: DevToolsActivePort -> 59075 after 2s
[2900s]   loop: reconnecting Playwright on port 59075
[2901s]   loop: attached to file:///C:/Users/stduser/.comfy-test-cache/desktop/ComfyUI/resources/desktop-ui/index.html#/desktop-start
[2901s]   loop: server ready after 1s
[2921s]   loop: canvas ready after 17s
[2921s]   loop: forcing renderer reload
[2924s]   loop: canvas ready after 2s
[2927s]   ext: closing Nodes Manager dialog
[2927s]   ext: dismissing What's New popup
[2927s]   ext: What's New popup not present
[2927s]   ext: dismissing Node Pack Issues modal (if present)
[2927s]   ext: Node Pack Issues modal not present
[2927s]   ext: opening Templates sidebar
[2927s]   ext: clicked Templates
[2932s]   ext: locating "comfyui-geometrypack" section in Templates panel
[2933s]   ext: clicked comfyui-geometrypack section
[2936s]   ext: clicking template test_loading
[2936s]   ext: card test_loading not found in section DOM
[2936s]   loop: full restart for workflow 28/30 (transform)
[2936s]   loop: closing current browser
[2936s]   loop: killing ComfyUI process
[2941s]   loop: launching ComfyUI with --remote-debugging-port=0
[2941s]   loop: waiting for DevToolsActivePort at C:\Users\stduser\AppData\Roaming\ComfyUI\DevToolsActivePort
[2943s]   loop: DevToolsActivePort -> 59168 after 3s
[2943s]   loop: reconnecting Playwright on port 59168
[2944s]   loop: attached to file:///C:/Users/stduser/.comfy-test-cache/desktop/ComfyUI/resources/desktop-ui/index.html#/desktop-start
[2944s]   loop: server ready after 1s
[2963s]   loop: canvas ready after 17s
[2963s]   loop: forcing renderer reload
[2966s]   loop: canvas ready after 2s
[2969s]   ext: closing Nodes Manager dialog
[2969s]   ext: dismissing What's New popup
[2969s]   ext: What's New popup not present
[2969s]   ext: dismissing Node Pack Issues modal (if present)
[2969s]   ext: Node Pack Issues modal not present
[2969s]   ext: opening Templates sidebar
[2970s]   ext: clicked Templates
[2974s]   ext: locating "comfyui-geometrypack" section in Templates panel
[2976s]   ext: clicked comfyui-geometrypack section
[2978s]   ext: clicking template transform
[2978s]   ext: card transform not found in section DOM
[2978s]   loop: full restart for workflow 29/30 (uv_unwrap)
[2978s]   loop: closing current browser
[2978s]   loop: killing ComfyUI process
[2983s]   loop: launching ComfyUI with --remote-debugging-port=0
[2983s]   loop: waiting for DevToolsActivePort at C:\Users\stduser\AppData\Roaming\ComfyUI\DevToolsActivePort
[2984s]   loop: DevToolsActivePort -> 59266 after 2s
[2984s]   loop: reconnecting Playwright on port 59266
[2985s]   loop: attached to file:///C:/Users/stduser/.comfy-test-cache/desktop/ComfyUI/resources/desktop-ui/index.html#/desktop-start
[2985s]   loop: server ready after 1s
[3005s]   loop: canvas ready after 17s
[3005s]   loop: forcing renderer reload
[3007s]   loop: canvas ready after 2s
[3010s]   ext: closing Nodes Manager dialog
[3010s]   ext: dismissing What's New popup
[3010s]   ext: What's New popup not present
[3010s]   ext: dismissing Node Pack Issues modal (if present)
[3010s]   ext: Node Pack Issues modal not present
[3010s]   ext: opening Templates sidebar
[3011s]   ext: clicked Templates
[3015s]   ext: locating "comfyui-geometrypack" section in Templates panel
[3017s]   ext: clicked comfyui-geometrypack section
[3019s]   ext: clicking template uv_unwrap
[3019s]   ext: card uv_unwrap not found in section DOM
[3019s]   loop: full restart for workflow 30/30 (view_texture)
[3019s]   loop: closing current browser
[3019s]   loop: killing ComfyUI process
[3024s]   loop: launching ComfyUI with --remote-debugging-port=0
[3024s]   loop: waiting for DevToolsActivePort at C:\Users\stduser\AppData\Roaming\ComfyUI\DevToolsActivePort
[3025s]   loop: DevToolsActivePort -> 59359 after 2s
[3025s]   loop: reconnecting Playwright on port 59359
[3026s]   loop: attached to file:///C:/Users/stduser/.comfy-test-cache/desktop/ComfyUI/resources/desktop-ui/index.html#/desktop-start
[3026s]   loop: server ready after 1s
[3046s]   loop: canvas ready after 17s
[3046s]   loop: forcing renderer reload
[3049s]   loop: canvas ready after 2s
[3052s]   ext: closing Nodes Manager dialog
[3052s]   ext: dismissing What's New popup
[3052s]   ext: What's New popup not present
[3052s]   ext: dismissing Node Pack Issues modal (if present)
[3052s]   ext: Node Pack Issues modal not present
[3052s]   ext: opening Templates sidebar
[3052s]   ext: clicked Templates
[3057s]   ext: locating "comfyui-geometrypack" section in Templates panel
[3058s]   ext: clicked comfyui-geometrypack section
[3061s]   ext: clicking template view_texture
[3061s]   ext: card view_texture not found in section DOM
[3061s] Captured 4024 frames
[3061s] Wrote D:\a\comfy-gpu-ci\comfy-gpu-ci\comfy-test-logs\GeometryPack-1828\dev\windows-desktop\results.json (30 workflow(s), sha=7aaaeb7e95d5)
ffmpeg version 7.1-essentials_build-www.gyan.dev Copyright (c) 2000-2024 the FFmpeg developers
  built with gcc 14.2.0 (Rev1, Built by MSYS2 project)
  configuration: --enable-gpl --enable-version3 --enable-static --disable-w32threads --disable-autodetect --enable-fontconfig --enable-iconv --enable-gnutls --enable-libxml2 --enable-gmp --enable-bzlib --enable-lzma --enable-zlib --enable-libsrt --enable-libssh --enable-libzmq --enable-avisynth --enable-sdl2 --enable-libwebp --enable-libx264 --enable-libx265 --enable-libxvid --enable-libaom --enable-libopenjpeg --enable-libvpx --enable-mediafoundation --enable-libass --enable-libfreetype --enable-libfribidi --enable-libharfbuzz --enable-libvidstab --enable-libvmaf --enable-libzimg --enable-amf --enable-cuda-llvm --enable-cuvid --enable-dxva2 --enable-d3d11va --enable-d3d12va --enable-ffnvcodec --enable-libvpl --enable-nvdec --enable-nvenc --enable-vaapi --enable-libgme --enable-libopenmpt --enable-libopencore-amrwb --enable-libmp3lame --enable-libtheora --enable-libvo-amrwbenc --enable-libgsm --enable-libopencore-amrnb --enable-libopus --enable-libspeex --enable-libvorbis --enable-librubberband
  libavutil      59. 39.100 / 59. 39.100
  libavcodec     61. 19.100 / 61. 19.100
  libavformat    61.  7.100 / 61.  7.100
  libavdevice    61.  3.100 / 61.  3.100
  libavfilter    10.  4.100 / 10.  4.100
  libswscale      8.  3.100 /  8.  3.100
  libswresample   5.  3.100 /  5.  3.100
  libpostproc    58.  3.100 / 58.  3.100
Input #0, image2, from 'D:\a\comfy-gpu-ci\comfy-gpu-ci\comfy-test-logs\GeometryPack-1828\dev\windows-desktop\debug\electron_inspect\frames\frame_%06d.png':
  Duration: 00:13:24.80, start: 0.000000, bitrate: N/A
  Stream #0:0: Video: png, rgb24(pc, gbr/bt709/iec61966-2-1), 1008x681, 5 fps, 5 tbr, 5 tbn
Stream mapping:
  Stream #0:0 -> #0:0 (png (native) -> h264 (libx264))
Press [q] to stop, [?] for help
[libx264 @ 0000024f5d9626c0] using cpu capabilities: MMX2 SSE2Fast SSSE3 SSE4.2 AVX FMA3 BMI2 AVX2 AVX512
[libx264 @ 0000024f5d9626c0] profile High, level 3.1, 4:2:0, 8-bit
[libx264 @ 0000024f5d9626c0] 264 - core 164 r3192 c24e06c - H.264/MPEG-4 AVC codec - Copyleft 2003-2024 - http://www.videolan.org/x264.html - options: cabac=1 ref=3 deblock=1:0:0 analyse=0x3:0x113 me=hex subme=7 psy=1 psy_rd=1.00:0.00 mixed_ref=1 me_range=16 chroma_me=1 trellis=1 8x8dct=1 cqm=0 deadzone=21,11 fast_pskip=1 chroma_qp_offset=-2 threads=6 lookahead_threads=1 sliced_threads=0 nr=0 decimate=1 interlaced=0 bluray_compat=0 constrained_intra=0 bframes=3 b_pyramid=2 b_adapt=1 b_bias=0 direct=1 weightb=1 open_gop=0 weightp=2 keyint=250 keyint_min=5 scenecut=40 intra_refresh=0 rc_lookahead=40 rc=crf mbtree=1 crf=23.0 qcomp=0.60 qpmin=0 qpmax=69 qpstep=4 ip_ratio=1.40 aq=1:1.00
Output #0, mp4, to 'D:\a\comfy-gpu-ci\comfy-gpu-ci\comfy-test-logs\GeometryPack-1828\dev\windows-desktop\debug\electron_inspect\driver.mp4':
  Metadata:
    encoder         : Lavf61.7.100
  Stream #0:0: Video: h264 (avc1 / 0x31637661), yuv420p(tv, unknown/bt709/iec61966-2-1, progressive), 1008x682, q=2-31, 5 fps, 10240 tbn
      Metadata:
        encoder         : Lavc61.19.100 libx264
      Side data:
        cpb: bitrate max/min/avg: 0/0/0 buffer size: 0 vbv_delay: N/A
frame=    0 fps=0.0 q=0.0 size=       0KiB time=N/A bitrate=N/A speed=N/A    
[vf#0:0 @ 0000024f5d9633c0] Reconfiguring filter graph because video parameters changed to rgba(pc, gbr), 1008x681
frame=   22 fps= 21 q=23.0 size=       0KiB time=00:00:04.00 bitrate=   0.1kbits/s speed=3.89x    
frame=   51 fps= 32 q=20.0 size=       0KiB time=00:00:09.80 bitrate=   0.0kbits/s speed= 6.2x    
[vf#0:0 @ 0000024f5d9633c0] Reconfiguring filter graph because video parameters changed to rgb24(pc, gbr), 1008x681
frame=   78 fps= 36 q=23.0 size=     256KiB time=00:00:15.20 bitrate= 138.0kbits/s speed=7.11x    
frame=  114 fps= 41 q=23.0 size=     256KiB time=00:00:22.40 bitrate=  93.6kbits/s speed=8.15x    
frame=  144 fps= 44 q=23.0 size=     256KiB time=00:00:28.40 bitrate=  73.9kbits/s speed=8.71x    
frame=  173 fps= 46 q=23.0 size=     512KiB time=00:00:34.20 bitrate= 122.7kbits/s speed=9.05x    
frame=  214 fps= 49 q=23.0 size=     512KiB time=00:00:42.40 bitrate=  98.9kbits/s speed=9.76x    
frame=  260 fps= 52 q=23.0 size=     512KiB time=00:00:51.60 bitrate=  81.3kbits/s speed=10.4x    
[vf#0:0 @ 0000024f5d9633c0] Reconfiguring filter graph because video parameters changed to rgba(pc, gbr), 1008x681
frame=  299 fps= 55 q=23.0 size=     512KiB time=00:00:59.40 bitrate=  70.6kbits/s speed=10.8x    
[vf#0:0 @ 0000024f5d9633c0] Reconfiguring filter graph because video parameters changed to rgb24(pc, gbr), 1008x681
frame=  328 fps= 54 q=23.0 size=     512KiB time=00:01:05.20 bitrate=  64.3kbits/s speed=10.8x    
frame=  357 fps= 54 q=23.0 size=     768KiB time=00:01:11.00 bitrate=  88.6kbits/s speed=10.8x    
frame=  391 fps= 55 q=23.0 size=     768KiB time=00:01:17.80 bitrate=  80.9kbits/s speed=  11x    
[vf#0:0 @ 0000024f5d9633c0] Reconfiguring filter graph because video parameters changed to rgba(pc, gbr), 1008x681
[vf#0:0 @ 0000024f5d9633c0] Reconfiguring filter graph because video parameters changed to rgb24(pc, gbr), 1008x681
frame=  420 fps= 55 q=23.0 size=    1024KiB time=00:01:23.60 bitrate= 100.3kbits/s speed=  11x    
frame=  453 fps= 56 q=23.0 size=    1024KiB time=00:01:30.20 bitrate=  93.0kbits/s speed=11.1x    
frame=  473 fps= 55 q=20.0 size=    1280KiB time=00:01:34.20 bitrate= 111.3kbits/s speed=10.9x    
[vf#0:0 @ 0000024f5d9633c0] Reconfiguring filter graph because video parameters changed to rgba(pc, gbr), 1008x681
frame=  517 fps= 56 q=23.0 size=    1536KiB time=00:01:43.00 bitrate= 122.2kbits/s speed=11.2x    
[vf#0:0 @ 0000024f5d9633c0] Reconfiguring filter graph because video parameters changed to rgb24(pc, gbr), 1008x681
frame=  551 fps= 57 q=23.0 size=    1536KiB time=00:01:49.80 bitrate= 114.6kbits/s speed=11.3x    
frame=  576 fps= 56 q=23.0 size=    1536KiB time=00:01:54.80 bitrate= 109.6kbits/s speed=11.2x    
frame=  599 fps= 56 q=23.0 size=    1792KiB time=00:01:59.40 bitrate= 123.0kbits/s speed=11.1x    
[vf#0:0 @ 0000024f5d9633c0] Reconfiguring filter graph because video parameters changed to rgba(pc, gbr), 1008x681
frame=  623 fps= 55 q=23.0 size=    2048KiB time=00:02:04.20 bitrate= 135.1kbits/s speed=10.9x    
[vf#0:0 @ 0000024f5d9633c0] Reconfiguring filter graph because video parameters changed to rgb24(pc, gbr), 1008x681
frame=  654 fps= 55 q=20.0 size=    2048KiB time=00:02:10.40 bitrate= 128.7kbits/s speed=10.9x    
frame=  687 fps= 55 q=23.0 size=    2304KiB time=00:02:17.00 bitrate= 137.8kbits/s speed=  11x    
[vf#0:0 @ 0000024f5d9633c0] Reconfiguring filter graph because video parameters changed to rgba(pc, gbr), 1008x681
frame=  731 fps= 56 q=23.0 size=    2560KiB time=00:02:25.80 bitrate= 143.8kbits/s speed=11.3x    
[vf#0:0 @ 0000024f5d9633c0] Reconfiguring filter graph because video parameters changed to rgb24(pc, gbr), 1008x681
frame=  768 fps= 57 q=23.0 size=    2816KiB time=00:02:33.20 bitrate= 150.6kbits/s speed=11.4x    
frame=  805 fps= 57 q=23.0 size=    3072KiB time=00:02:40.60 bitrate= 156.7kbits/s speed=11.4x    
[vf#0:0 @ 0000024f5d9633c0] Reconfiguring filter graph because video parameters changed to rgba(pc, gbr), 1008x681
[vf#0:0 @ 0000024f5d9633c0] Reconfiguring filter graph because video parameters changed to rgb24(pc, gbr), 1008x681
frame=  837 fps= 57 q=23.0 size=    3072KiB time=00:02:47.00 bitrate= 150.7kbits/s speed=11.5x    
frame=  869 fps= 58 q=23.0 size=    3328KiB time=00:02:53.40 bitrate= 157.2kbits/s speed=11.5x    
frame=  913 fps= 58 q=23.0 size=    3584KiB time=00:03:02.20 bitrate= 161.1kbits/s speed=11.7x    
[vf#0:0 @ 0000024f5d9633c0] Reconfiguring filter graph because video parameters changed to rgba(pc, gbr), 1008x681
[vf#0:0 @ 0000024f5d9633c0] Reconfiguring filter graph because video parameters changed to rgb24(pc, gbr), 1008x681
frame=  947 fps= 59 q=23.0 size=    3584KiB time=00:03:09.00 bitrate= 155.3kbits/s speed=11.7x    
frame=  981 fps= 59 q=23.0 size=    3840KiB time=00:03:15.80 bitrate= 160.7kbits/s speed=11.8x    
frame= 1025 fps= 60 q=23.0 size=    4096KiB time=00:03:24.60 bitrate= 164.0kbits/s speed=11.9x    
frame= 1091 fps= 62 q=23.0 size=    4096KiB time=00:03:37.80 bitrate= 154.1kbits/s speed=12.3x    
frame= 1153 fps= 63 q=23.0 size=    4096KiB time=00:03:50.20 bitrate= 145.8kbits/s speed=12.6x    
frame= 1216 fps= 65 q=23.0 size=    4096KiB time=00:04:02.80 bitrate= 138.2kbits/s speed=12.9x    
frame= 1287 fps= 67 q=23.0 size=    4096KiB time=00:04:17.00 bitrate= 130.6kbits/s speed=13.3x    
frame= 1358 fps= 68 q=23.0 size=    4096KiB time=00:04:31.20 bitrate= 123.7kbits/s speed=13.6x    
frame= 1420 fps= 70 q=23.0 size=    4096KiB time=00:04:43.60 bitrate= 118.3kbits/s speed=13.9x    
frame= 1475 fps= 70 q=23.0 size=    4096KiB time=00:04:54.60 bitrate= 113.9kbits/s speed=14.1x    
frame= 1523 fps= 71 q=23.0 size=    4352KiB time=00:05:04.20 bitrate= 117.2kbits/s speed=14.2x    
frame= 1587 fps= 72 q=23.0 size=    4352KiB time=00:05:17.00 bitrate= 112.5kbits/s speed=14.4x    
frame= 1655 fps= 74 q=23.0 size=    4352KiB time=00:05:30.60 bitrate= 107.8kbits/s speed=14.7x    
frame= 1715 fps= 75 q=23.0 size=    4352KiB time=00:05:42.60 bitrate= 104.1kbits/s speed=14.9x    
frame= 1777 fps= 76 q=23.0 size=    4352KiB time=00:05:55.00 bitrate= 100.4kbits/s speed=15.1x    
frame= 1841 fps= 77 q=23.0 size=    4352KiB time=00:06:07.80 bitrate=  96.9kbits/s speed=15.3x    
frame= 1905 fps= 78 q=23.0 size=    4352KiB time=00:06:20.60 bitrate=  93.7kbits/s speed=15.5x    
frame= 1969 fps= 79 q=23.0 size=    4352KiB time=00:06:33.40 bitrate=  90.6kbits/s speed=15.7x    
[vf#0:0 @ 0000024f5d9633c0] Reconfiguring filter graph because video parameters changed to rgba(pc, gbr), 1008x681
frame= 2015 fps= 79 q=23.0 size=    4352KiB time=00:06:42.60 bitrate=  88.6kbits/s speed=15.7x    
[vf#0:0 @ 0000024f5d9633c0] Reconfiguring filter graph because video parameters changed to rgb24(pc, gbr), 1008x681
frame= 2048 fps= 78 q=23.0 size=    4352KiB time=00:06:49.20 bitrate=  87.1kbits/s speed=15.7x    
[vf#0:0 @ 0000024f5d9633c0] Reconfiguring filter graph because video parameters changed to rgba(pc, gbr), 1008x681
frame= 2076 fps= 78 q=23.0 size=    4608KiB time=00:06:54.80 bitrate=  91.0kbits/s speed=15.6x    
[vf#0:0 @ 0000024f5d9633c0] Reconfiguring filter graph because video parameters changed to rgb24(pc, gbr), 1008x681
[vf#0:0 @ 0000024f5d9633c0] Reconfiguring filter graph because video parameters changed to rgba(pc, gbr), 1008x681
frame= 2116 fps= 78 q=23.0 size=    4864KiB time=00:07:02.80 bitrate=  94.2kbits/s speed=15.6x    
[vf#0:0 @ 0000024f5d9633c0] Reconfiguring filter graph because video parameters changed to rgb24(pc, gbr), 1008x681
frame= 2146 fps= 78 q=23.0 size=    4864KiB time=00:07:08.80 bitrate=  92.9kbits/s speed=15.5x    
frame= 2180 fps= 77 q=23.0 size=    5376KiB time=00:07:15.60 bitrate= 101.1kbits/s speed=15.5x    
[vf#0:0 @ 0000024f5d9633c0] Reconfiguring filter graph because video parameters changed to rgba(pc, gbr), 1008x681
[vf#0:0 @ 0000024f5d9633c0] Reconfiguring filter graph because video parameters changed to rgb24(pc, gbr), 1008x681
frame= 2226 fps= 78 q=23.0 size=    5376KiB time=00:07:24.80 bitrate=  99.0kbits/s speed=15.5x    
frame= 2260 fps= 77 q=23.0 size=    5632KiB time=00:07:31.60 bitrate= 102.2kbits/s speed=15.4x    
[vf#0:0 @ 0000024f5d9633c0] Reconfiguring filter graph because video parameters changed to rgba(pc, gbr), 1008x681
frame= 2298 fps= 77 q=23.0 size=    5888KiB time=00:07:39.20 bitrate= 105.0kbits/s speed=15.4x    
[vf#0:0 @ 0000024f5d9633c0] Reconfiguring filter graph because video parameters changed to rgb24(pc, gbr), 1008x681
frame= 2335 fps= 77 q=23.0 size=    5888KiB time=00:07:46.60 bitrate= 103.4kbits/s speed=15.4x    
frame= 2362 fps= 77 q=23.0 size=    6144KiB time=00:07:52.00 bitrate= 106.6kbits/s speed=15.3x    
frame= 2402 fps= 77 q=23.0 size=    6400KiB time=00:08:00.00 bitrate= 109.2kbits/s speed=15.3x    
[vf#0:0 @ 0000024f5d9633c0] Reconfiguring filter graph because video parameters changed to rgba(pc, gbr), 1008x681
frame= 2432 fps= 76 q=23.0 size=    6400KiB time=00:08:06.00 bitrate= 107.9kbits/s speed=15.3x    
[vf#0:0 @ 0000024f5d9633c0] Reconfiguring filter graph because video parameters changed to rgb24(pc, gbr), 1008x681
frame= 2472 fps= 76 q=23.0 size=    6656KiB time=00:08:14.00 bitrate= 110.4kbits/s speed=15.3x    
frame= 2509 fps= 76 q=23.0 size=    6912KiB time=00:08:21.40 bitrate= 112.9kbits/s speed=15.2x    
[vf#0:0 @ 0000024f5d9633c0] Reconfiguring filter graph because video parameters changed to rgba(pc, gbr), 1008x681
[vf#0:0 @ 0000024f5d9633c0] Reconfiguring filter graph because video parameters changed to rgb24(pc, gbr), 1008x681
frame= 2547 fps= 76 q=23.0 size=    6912KiB time=00:08:29.00 bitrate= 111.2kbits/s speed=15.2x    
frame= 2575 fps= 76 q=23.0 size=    7168KiB time=00:08:34.60 bitrate= 114.1kbits/s speed=15.2x    
[vf#0:0 @ 0000024f5d9633c0] Reconfiguring filter graph because video parameters changed to rgba(pc, gbr), 1008x681
frame= 2613 fps= 76 q=23.0 size=    7424KiB time=00:08:42.20 bitrate= 116.5kbits/s speed=15.1x    
[vf#0:0 @ 0000024f5d9633c0] Reconfiguring filter graph because video parameters changed to rgb24(pc, gbr), 1008x681
frame= 2652 fps= 76 q=23.0 size=    7680KiB time=00:08:50.00 bitrate= 118.7kbits/s speed=15.1x    
frame= 2682 fps= 75 q=23.0 size=    7936KiB time=00:08:56.00 bitrate= 121.3kbits/s speed=  15x    
[vf#0:0 @ 0000024f5d9633c0] Reconfiguring filter graph because video parameters changed to rgba(pc, gbr), 1008x681
frame= 2711 fps= 75 q=23.0 size=    7936KiB time=00:09:01.80 bitrate= 120.0kbits/s speed=  15x    
[vf#0:0 @ 0000024f5d9633c0] Reconfiguring filter graph because video parameters changed to rgb24(pc, gbr), 1008x681
frame= 2749 fps= 75 q=23.0 size=    8192KiB time=00:09:09.40 bitrate= 122.2kbits/s speed=  15x    
frame= 2787 fps= 75 q=23.0 size=    8448KiB time=00:09:17.00 bitrate= 124.2kbits/s speed=  15x    
[vf#0:0 @ 0000024f5d9633c0] Reconfiguring filter graph because video parameters changed to rgba(pc, gbr), 1008x681
frame= 2823 fps= 75 q=23.0 size=    8448KiB time=00:09:24.20 bitrate= 122.7kbits/s speed=14.9x    
[vf#0:0 @ 0000024f5d9633c0] Reconfiguring filter graph because video parameters changed to rgb24(pc, gbr), 1008x681
frame= 2860 fps= 75 q=23.0 size=    8704KiB time=00:09:31.60 bitrate= 124.7kbits/s speed=14.9x    
[vf#0:0 @ 0000024f5d9633c0] Reconfiguring filter graph because video parameters changed to rgba(pc, gbr), 1008x681
frame= 2895 fps= 75 q=23.0 size=    8960KiB time=00:09:38.60 bitrate= 126.9kbits/s speed=14.9x    
[vf#0:0 @ 0000024f5d9633c0] Reconfiguring filter graph because video parameters changed to rgb24(pc, gbr), 1008x681
frame= 2930 fps= 74 q=23.0 size=    8960KiB time=00:09:45.60 bitrate= 125.3kbits/s speed=14.9x    
frame= 2959 fps= 74 q=23.0 size=    9216KiB time=00:09:51.40 bitrate= 127.7kbits/s speed=14.8x    
[vf#0:0 @ 0000024f5d9633c0] Reconfiguring filter graph because video parameters changed to rgba(pc, gbr), 1008x681
frame= 2994 fps= 74 q=23.0 size=    9472KiB time=00:09:58.40 bitrate= 129.7kbits/s speed=14.8x    
[vf#0:0 @ 0000024f5d9633c0] Reconfiguring filter graph because video parameters changed to rgb24(pc, gbr), 1008x681
frame= 3042 fps= 74 q=23.0 size=    9728KiB time=00:10:08.00 bitrate= 131.1kbits/s speed=14.8x    
frame= 3080 fps= 74 q=23.0 size=    9984KiB time=00:10:15.60 bitrate= 132.9kbits/s speed=14.8x    
frame= 3136 fps= 75 q=23.0 size=    9984KiB time=00:10:26.80 bitrate= 130.5kbits/s speed=14.9x    
[vf#0:0 @ 0000024f5d9633c0] Reconfiguring filter graph because video parameters changed to rgba(pc, gbr), 1008x681
[vf#0:0 @ 0000024f5d9633c0] Reconfiguring filter graph because video parameters changed to rgb24(pc, gbr), 1008x681
frame= 3174 fps= 74 q=23.0 size=    9984KiB time=00:10:34.40 bitrate= 128.9kbits/s speed=14.9x    
[vf#0:0 @ 0000024f5d9633c0] Reconfiguring filter graph because video parameters changed to rgba(pc, gbr), 1008x681
frame= 3201 fps= 74 q=23.0 size=   10240KiB time=00:10:39.80 bitrate= 131.1kbits/s speed=14.8x    
[vf#0:0 @ 0000024f5d9633c0] Reconfiguring filter graph because video parameters changed to rgb24(pc, gbr), 1008x681
frame= 3234 fps= 74 q=23.0 size=   10496KiB time=00:10:46.40 bitrate= 133.0kbits/s speed=14.8x    
frame= 3272 fps= 74 q=23.0 size=   10752KiB time=00:10:54.00 bitrate= 134.7kbits/s speed=14.8x    
[vf#0:0 @ 0000024f5d9633c0] Reconfiguring filter graph because video parameters changed to rgba(pc, gbr), 1008x681
[vf#0:0 @ 0000024f5d9633c0] Reconfiguring filter graph because video parameters changed to rgb24(pc, gbr), 1008x681
frame= 3303 fps= 74 q=20.0 size=   11008KiB time=00:11:00.20 bitrate= 136.6kbits/s speed=14.8x    
frame= 3332 fps= 74 q=20.0 size=   11008KiB time=00:11:06.00 bitrate= 135.4kbits/s speed=14.7x    
frame= 3372 fps= 74 q=23.0 size=   11264KiB time=00:11:14.00 bitrate= 136.9kbits/s speed=14.7x    
frame= 3434 fps= 74 q=23.0 size=   11264KiB time=00:11:26.40 bitrate= 134.4kbits/s speed=14.8x    
[vf#0:0 @ 0000024f5d9633c0] Reconfiguring filter graph because video parameters changed to rgba(pc, gbr), 1008x681
frame= 3474 fps= 74 q=23.0 size=   11264KiB time=00:11:34.40 bitrate= 132.9kbits/s speed=14.8x    
[vf#0:0 @ 0000024f5d9633c0] Reconfiguring filter graph because video parameters changed to rgb24(pc, gbr), 1008x681
frame= 3509 fps= 74 q=23.0 size=   11520KiB time=00:11:41.40 bitrate= 134.5kbits/s speed=14.8x    
frame= 3542 fps= 74 q=20.0 size=   11776KiB time=00:11:48.00 bitrate= 136.3kbits/s speed=14.8x    
[vf#0:0 @ 0000024f5d9633c0] Reconfiguring filter graph because video parameters changed to rgba(pc, gbr), 1008x681
frame= 3579 fps= 74 q=23.0 size=   12032KiB time=00:11:55.40 bitrate= 137.8kbits/s speed=14.8x    
[vf#0:0 @ 0000024f5d9633c0] Reconfiguring filter graph because video parameters changed to rgb24(pc, gbr), 1008x681
frame= 3618 fps= 74 q=23.0 size=   12032KiB time=00:12:03.20 bitrate= 136.3kbits/s speed=14.8x    
frame= 3652 fps= 74 q=23.0 size=   12288KiB time=00:12:10.00 bitrate= 137.9kbits/s speed=14.8x    
[vf#0:0 @ 0000024f5d9633c0] Reconfiguring filter graph because video parameters changed to rgba(pc, gbr), 1008x681
frame= 3686 fps= 74 q=23.0 size=   12288KiB time=00:12:16.80 bitrate= 136.6kbits/s speed=14.7x    
[vf#0:0 @ 0000024f5d9633c0] Reconfiguring filter graph because video parameters changed to rgb24(pc, gbr), 1008x681
[vf#0:0 @ 0000024f5d9633c0] Reconfiguring filter graph because video parameters changed to rgba(pc, gbr), 1008x681
frame= 3726 fps= 74 q=23.0 size=   12544KiB time=00:12:24.80 bitrate= 138.0kbits/s speed=14.7x    
[vf#0:0 @ 0000024f5d9633c0] Reconfiguring filter graph because video parameters changed to rgb24(pc, gbr), 1008x681
frame= 3754 fps= 73 q=23.0 size=   12800KiB time=00:12:30.40 bitrate= 139.7kbits/s speed=14.7x    
[vf#0:0 @ 0000024f5d9633c0] Reconfiguring filter graph because video parameters changed to rgba(pc, gbr), 1008x681
frame= 3778 fps= 73 q=23.0 size=   13056KiB time=00:12:35.20 bitrate= 141.6kbits/s speed=14.6x    
[vf#0:0 @ 0000024f5d9633c0] Reconfiguring filter graph because video parameters changed to rgb24(pc, gbr), 1008x681
frame= 3804 fps= 73 q=23.0 size=   13312KiB time=00:12:40.40 bitrate= 143.4kbits/s speed=14.6x    
[vf#0:0 @ 0000024f5d9633c0] Reconfiguring filter graph because video parameters changed to rgba(pc, gbr), 1008x681
[vf#0:0 @ 0000024f5d9633c0] Reconfiguring filter graph because video parameters changed to rgb24(pc, gbr), 1008x681
frame= 3827 fps= 73 q=23.0 size=   13568KiB time=00:12:45.00 bitrate= 145.3kbits/s speed=14.5x    
[vf#0:0 @ 0000024f5d9633c0] Reconfiguring filter graph because video parameters changed to rgba(pc, gbr), 1008x681
frame= 3853 fps= 72 q=23.0 size=   13824KiB time=00:12:50.20 bitrate= 147.0kbits/s speed=14.5x    
[vf#0:0 @ 0000024f5d9633c0] Reconfiguring filter graph because video parameters changed to rgb24(pc, gbr), 1008x681
frame= 3875 fps= 72 q=23.0 size=   14080KiB time=00:12:54.60 bitrate= 148.9kbits/s speed=14.4x    
[vf#0:0 @ 0000024f5d9633c0] Reconfiguring filter graph because video parameters changed to rgba(pc, gbr), 1008x681
frame= 3913 fps= 72 q=23.0 size=   14336KiB time=00:13:02.20 bitrate= 150.1kbits/s speed=14.4x    
[vf#0:0 @ 0000024f5d9633c0] Reconfiguring filter graph because video parameters changed to rgb24(pc, gbr), 1008x681
frame= 3938 fps= 72 q=23.0 size=   14592KiB time=00:13:07.20 bitrate= 151.9kbits/s speed=14.4x    
[vf#0:0 @ 0000024f5d9633c0] Reconfiguring filter graph because video parameters changed to rgba(pc, gbr), 1008x681
frame= 3973 fps= 72 q=20.0 size=   14848KiB time=00:13:14.20 bitrate= 153.2kbits/s speed=14.4x    
[out#0/mp4 @ 0000024f5d963e00] video:15410KiB audio:0KiB subtitle:0KiB other streams:0KiB global headers:0KiB muxing overhead: 0.300942%
frame= 4024 fps= 72 q=-1.0 Lsize=   15456KiB time=00:13:24.40 bitrate= 157.4kbits/s speed=14.4x    
[libx264 @ 0000024f5d9626c0] frame I:104   Avg QP: 5.85  size: 29234
[libx264 @ 0000024f5d9626c0] frame P:1286  Avg QP:16.50  size:  6135
[libx264 @ 0000024f5d9626c0] frame B:2634  Avg QP:22.19  size:  1841
[libx264 @ 0000024f5d9626c0] consecutive B-frames:  9.6%  6.9%  7.2% 76.2%
[libx264 @ 0000024f5d9626c0] mb I  I16..4: 70.5%  9.9% 19.6%
[libx264 @ 0000024f5d9626c0] mb P  I16..4:  3.2%  4.4%  3.6%  P16..4:  2.2%  0.8%  0.5%  0.0%  0.0%    skip:85.4%
[libx264 @ 0000024f5d9626c0] mb B  I16..4:  0.3%  0.8%  0.7%  B16..8:  2.4%  0.5%  0.3%  direct: 0.3%  skip:94.9%  L0:49.0% L1:47.1% BI: 3.8%
[libx264 @ 0000024f5d9626c0] 8x8 transform intra:29.6% inter:43.2%
[libx264 @ 0000024f5d9626c0] coded y,uvDC,uvAC intra: 34.0% 24.1% 17.4% inter: 1.2% 0.8% 0.2%
[libx264 @ 0000024f5d9626c0] i16 v,h,dc,p: 70% 25%  2%  3%
[libx264 @ 0000024f5d9626c0] i8 v,h,dc,ddl,ddr,vr,hd,vl,hu: 32% 19% 29%  2%  3%  3%  4%  3%  5%
[libx264 @ 0000024f5d9626c0] i4 v,h,dc,ddl,ddr,vr,hd,vl,hu: 30% 29% 15%  3%  5%  5%  5%  4%  5%
[libx264 @ 0000024f5d9626c0] i8c dc,h,v,p: 75% 13%  8%  4%
[libx264 @ 0000024f5d9626c0] Weighted P-Frames: Y:2.3% UV:2.2%
[libx264 @ 0000024f5d9626c0] ref P L0: 60.9%  3.2% 22.2% 13.7%  0.0%
[libx264 @ 0000024f5d9626c0] ref B L0: 74.9% 19.8%  5.3%
[libx264 @ 0000024f5d9626c0] ref B L1: 93.7%  6.3%
[libx264 @ 0000024f5d9626c0] kb/s:156.85
[3117s] Wrote D:\a\comfy-gpu-ci\comfy-gpu-ci\comfy-test-logs\GeometryPack-1828\dev\windows-desktop\debug\electron_inspect\driver.mp4
ffmpeg version 7.1-essentials_build-www.gyan.dev Copyright (c) 2000-2024 the FFmpeg developers
  built with gcc 14.2.0 (Rev1, Built by MSYS2 project)
  configuration: --enable-gpl --enable-version3 --enable-static --disable-w32threads --disable-autodetect --enable-fontconfig --enable-iconv --enable-gnutls --enable-libxml2 --enable-gmp --enable-bzlib --enable-lzma --enable-zlib --enable-libsrt --enable-libssh --enable-libzmq --enable-avisynth --enable-sdl2 --enable-libwebp --enable-libx264 --enable-libx265 --enable-libxvid --enable-libaom --enable-libopenjpeg --enable-libvpx --enable-mediafoundation --enable-libass --enable-libfreetype --enable-libfribidi --enable-libharfbuzz --enable-libvidstab --enable-libvmaf --enable-libzimg --enable-amf --enable-cuda-llvm --enable-cuvid --enable-dxva2 --enable-d3d11va --enable-d3d12va --enable-ffnvcodec --enable-libvpl --enable-nvdec --enable-nvenc --enable-vaapi --enable-libgme --enable-libopenmpt --enable-libopencore-amrwb --enable-libmp3lame --enable-libtheora --enable-libvo-amrwbenc --enable-libgsm --enable-libopencore-amrnb --enable-libopus --enable-libspeex --enable-libvorbis --enable-librubberband
  libavutil      59. 39.100 / 59. 39.100
  libavcodec     61. 19.100 / 61. 19.100
  libavformat    61.  7.100 / 61.  7.100
  libavdevice    61.  3.100 / 61.  3.100
  libavfilter    10.  4.100 / 10.  4.100
  libswscale      8.  3.100 /  8.  3.100
  libswresample   5.  3.100 /  5.  3.100
  libpostproc    58.  3.100 / 58.  3.100
Input #0, image2, from 'D:\a\comfy-gpu-ci\comfy-gpu-ci\comfy-test-logs\GeometryPack-1828\dev\windows-desktop\debug\electron_inspect\frames\frame_%06d.png':
  Duration: 00:12:07.60, start: 0.000000, bitrate: N/A
  Stream #0:0: Video: png, rgb24(pc, gbr/bt709/iec61966-2-1), 1008x681, 5 fps, 5 tbr, 5 tbn
Stream mapping:
  Stream #0:0 -> #0:0 (png (native) -> h264 (libx264))
Press [q] to stop, [?] for help
[libx264 @ 0000018ab818ac00] using cpu capabilities: MMX2 SSE2Fast SSSE3 SSE4.2 AVX FMA3 BMI2 AVX2 AVX512
[libx264 @ 0000018ab818ac00] profile High, level 3.1, 4:2:0, 8-bit
[libx264 @ 0000018ab818ac00] 264 - core 164 r3192 c24e06c - H.264/MPEG-4 AVC codec - Copyleft 2003-2024 - http://www.videolan.org/x264.html - options: cabac=1 ref=3 deblock=1:0:0 analyse=0x3:0x113 me=hex subme=7 psy=1 psy_rd=1.00:0.00 mixed_ref=1 me_range=16 chroma_me=1 trellis=1 8x8dct=1 cqm=0 deadzone=21,11 fast_pskip=1 chroma_qp_offset=-2 threads=6 lookahead_threads=1 sliced_threads=0 nr=0 decimate=1 interlaced=0 bluray_compat=0 constrained_intra=0 bframes=3 b_pyramid=2 b_adapt=1 b_bias=0 direct=1 weightb=1 open_gop=0 weightp=2 keyint=250 keyint_min=5 scenecut=40 intra_refresh=0 rc_lookahead=40 rc=crf mbtree=1 crf=23.0 qcomp=0.60 qpmin=0 qpmax=69 qpstep=4 ip_ratio=1.40 aq=1:1.00
Output #0, mp4, to 'D:\a\comfy-gpu-ci\comfy-gpu-ci\comfy-test-logs\GeometryPack-1828\dev\windows-desktop\videos\alpha_wrap\driver.mp4':
  Metadata:
    encoder         : Lavf61.7.100
  Stream #0:0: Video: h264 (avc1 / 0x31637661), yuv420p(tv, unknown/bt709/iec61966-2-1, progressive), 1008x682, q=2-31, 5 fps, 10240 tbn
      Metadata:
        encoder         : Lavc61.19.100 libx264
      Side data:
        cpb: bitrate max/min/avg: 0/0/0 buffer size: 0 vbv_delay: N/A
frame=   37 fps=0.0 q=-1.0 size=       0KiB time=N/A bitrate=N/A speed=N/A    
[out#0/mp4 @ 0000018ab7cc8e00] video:64KiB audio:0KiB subtitle:0KiB other streams:0KiB global headers:0KiB muxing overhead: 2.008099%
frame=   40 fps=0.0 q=-1.0 Lsize=      65KiB time=00:00:07.60 bitrate=  70.5kbits/s speed=14.2x    
[libx264 @ 0000018ab818ac00] frame I:1     Avg QP: 9.06  size: 32202
[libx264 @ 0000018ab818ac00] frame P:12    Avg QP:16.23  size:  2435
[libx264 @ 0000018ab818ac00] frame B:27    Avg QP:21.76  size:   132
[libx264 @ 0000018ab818ac00] consecutive B-frames:  7.5%  0.0% 22.5% 70.0%
[libx264 @ 0000018ab818ac00] mb I  I16..4: 58.7% 20.5% 20.7%
[libx264 @ 0000018ab818ac00] mb P  I16..4:  1.2%  0.4%  0.8%  P16..4:  1.8%  0.3%  0.2%  0.0%  0.0%    skip:95.4%
[libx264 @ 0000018ab818ac00] mb B  I16..4:  0.1%  0.0%  0.0%  B16..8:  1.9%  0.1%  0.0%  direct: 0.0%  skip:97.9%  L0:46.7% L1:52.7% BI: 0.5%
[libx264 @ 0000018ab818ac00] 8x8 transform intra:19.2% inter:35.7%
[libx264 @ 0000018ab818ac00] coded y,uvDC,uvAC intra: 15.5% 16.1% 12.6% inter: 0.2% 0.2% 0.1%
[libx264 @ 0000018ab818ac00] i16 v,h,dc,p: 70% 30%  0%  0%
[libx264 @ 0000018ab818ac00] i8 v,h,dc,ddl,ddr,vr,hd,vl,hu: 72%  4% 23%  0%  0%  0%  0%  0%  0%
[libx264 @ 0000018ab818ac00] i4 v,h,dc,ddl,ddr,vr,hd,vl,hu: 32% 35% 15%  2%  3%  3%  3%  3%  3%
[libx264 @ 0000018ab818ac00] i8c dc,h,v,p: 75% 17%  7%  1%
[libx264 @ 0000018ab818ac00] Weighted P-Frames: Y:0.0% UV:0.0%
[libx264 @ 0000018ab818ac00] ref P L0: 66.8%  4.3% 22.7%  6.1%
[libx264 @ 0000018ab818ac00] ref B L0: 76.2% 22.1%  1.7%
[libx264 @ 0000018ab818ac00] ref B L1: 94.3%  5.7%
[libx264 @ 0000018ab818ac00] kb/s:65.00
[3118s]   videos/alpha_wrap/driver.mp4 placed (frames 387..426)
[3118s]   screenshots/alpha_wrap_executed.png placed
ffmpeg version 7.1-essentials_build-www.gyan.dev Copyright (c) 2000-2024 the FFmpeg developers
  built with gcc 14.2.0 (Rev1, Built by MSYS2 project)
  configuration: --enable-gpl --enable-version3 --enable-static --disable-w32threads --disable-autodetect --enable-fontconfig --enable-iconv --enable-gnutls --enable-libxml2 --enable-gmp --enable-bzlib --enable-lzma --enable-zlib --enable-libsrt --enable-libssh --enable-libzmq --enable-avisynth --enable-sdl2 --enable-libwebp --enable-libx264 --enable-libx265 --enable-libxvid --enable-libaom --enable-libopenjpeg --enable-libvpx --enable-mediafoundation --enable-libass --enable-libfreetype --enable-libfribidi --enable-libharfbuzz --enable-libvidstab --enable-libvmaf --enable-libzimg --enable-amf --enable-cuda-llvm --enable-cuvid --enable-dxva2 --enable-d3d11va --enable-d3d12va --enable-ffnvcodec --enable-libvpl --enable-nvdec --enable-nvenc --enable-vaapi --enable-libgme --enable-libopenmpt --enable-libopencore-amrwb --enable-libmp3lame --enable-libtheora --enable-libvo-amrwbenc --enable-libgsm --enable-libopencore-amrnb --enable-libopus --enable-libspeex --enable-libvorbis --enable-librubberband
  libavutil      59. 39.100 / 59. 39.100
  libavcodec     61. 19.100 / 61. 19.100
  libavformat    61.  7.100 / 61.  7.100
  libavdevice    61.  3.100 / 61.  3.100
  libavfilter    10.  4.100 / 10.  4.100
  libswscale      8.  3.100 /  8.  3.100
  libswresample   5.  3.100 /  5.  3.100
  libpostproc    58.  3.100 / 58.  3.100
Input #0, image2, from 'D:\a\comfy-gpu-ci\comfy-gpu-ci\comfy-test-logs\GeometryPack-1828\dev\windows-desktop\debug\electron_inspect\frames\frame_%06d.png':
  Duration: 00:11:50.00, start: 0.000000, bitrate: N/A
  Stream #0:0: Video: png, rgba(pc, gbr/bt709/iec61966-2-1), 1008x681, 5 fps, 5 tbr, 5 tbn
Stream mapping:
  Stream #0:0 -> #0:0 (png (native) -> h264 (libx264))
Press [q] to stop, [?] for help
[libx264 @ 00000273ef243cc0] using cpu capabilities: MMX2 SSE2Fast SSSE3 SSE4.2 AVX FMA3 BMI2 AVX2 AVX512
[libx264 @ 00000273ef243cc0] profile High, level 3.1, 4:2:0, 8-bit
[libx264 @ 00000273ef243cc0] 264 - core 164 r3192 c24e06c - H.264/MPEG-4 AVC codec - Copyleft 2003-2024 - http://www.videolan.org/x264.html - options: cabac=1 ref=3 deblock=1:0:0 analyse=0x3:0x113 me=hex subme=7 psy=1 psy_rd=1.00:0.00 mixed_ref=1 me_range=16 chroma_me=1 trellis=1 8x8dct=1 cqm=0 deadzone=21,11 fast_pskip=1 chroma_qp_offset=-2 threads=6 lookahead_threads=1 sliced_threads=0 nr=0 decimate=1 interlaced=0 bluray_compat=0 constrained_intra=0 bframes=3 b_pyramid=2 b_adapt=1 b_bias=0 direct=1 weightb=1 open_gop=0 weightp=2 keyint=250 keyint_min=5 scenecut=40 intra_refresh=0 rc_lookahead=40 rc=crf mbtree=1 crf=23.0 qcomp=0.60 qpmin=0 qpmax=69 qpstep=4 ip_ratio=1.40 aq=1:1.00
Output #0, mp4, to 'D:\a\comfy-gpu-ci\comfy-gpu-ci\comfy-test-logs\GeometryPack-1828\dev\windows-desktop\videos\batch_remesh\driver.mp4':
  Metadata:
    encoder         : Lavf61.7.100
  Stream #0:0: Video: h264 (avc1 / 0x31637661), yuv420p(tv, unknown/bt709/iec61966-2-1, progressive), 1008x682, q=2-31, 5 fps, 10240 tbn
      Metadata:
        encoder         : Lavc61.19.100 libx264
      Side data:
        cpb: bitrate max/min/avg: 0/0/0 buffer size: 0 vbv_delay: N/A
[vf#0:0 @ 00000273ef251940] Reconfiguring filter graph because video parameters changed to rgb24(pc, gbr), 1008x681
frame=    3 fps=0.0 q=23.0 size=       0KiB time=00:00:00.20 bitrate=   1.9kbits/s speed=0.376x    
[out#0/mp4 @ 00000273ef248c80] video:90KiB audio:0KiB subtitle:0KiB other streams:0KiB global headers:0KiB muxing overhead: 1.854850%
frame=   71 fps=0.0 q=-1.0 Lsize=      92KiB time=00:00:13.80 bitrate=  54.3kbits/s speed=15.3x    
[libx264 @ 00000273ef243cc0] frame I:2     Avg QP:11.44  size: 27906
[libx264 @ 00000273ef243cc0] frame P:18    Avg QP:15.64  size:  1604
[libx264 @ 00000273ef243cc0] frame B:51    Avg QP:23.02  size:   131
[libx264 @ 00000273ef243cc0] consecutive B-frames:  2.8%  2.8%  4.2% 90.1%
[libx264 @ 00000273ef243cc0] mb I  I16..4: 57.1% 22.2% 20.7%
[libx264 @ 00000273ef243cc0] mb P  I16..4:  0.7%  0.8%  0.6%  P16..4:  1.1%  0.2%  0.1%  0.0%  0.0%    skip:96.4%
[libx264 @ 00000273ef243cc0] mb B  I16..4:  0.1%  0.1%  0.0%  B16..8:  1.2%  0.1%  0.0%  direct: 0.0%  skip:98.4%  L0:37.6% L1:61.9% BI: 0.4%
[libx264 @ 00000273ef243cc0] 8x8 transform intra:25.8% inter:60.2%
[libx264 @ 00000273ef243cc0] coded y,uvDC,uvAC intra: 16.0% 19.3% 15.1% inter: 0.2% 0.3% 0.1%
[libx264 @ 00000273ef243cc0] i16 v,h,dc,p: 57% 36%  0%  6%
[libx264 @ 00000273ef243cc0] i8 v,h,dc,ddl,ddr,vr,hd,vl,hu: 41% 30% 24%  0%  2%  1%  1%  0%  1%
[libx264 @ 00000273ef243cc0] i4 v,h,dc,ddl,ddr,vr,hd,vl,hu: 34% 35% 15%  2%  3%  2%  3%  2%  3%
[libx264 @ 00000273ef243cc0] i8c dc,h,v,p: 72% 15%  8%  6%
[libx264 @ 00000273ef243cc0] Weighted P-Frames: Y:0.0% UV:0.0%
[libx264 @ 00000273ef243cc0] ref P L0: 83.3%  4.6% 10.3%  1.8%
[libx264 @ 00000273ef243cc0] ref B L0: 76.7% 21.5%  1.8%
[libx264 @ 00000273ef243cc0] ref B L1: 95.7%  4.3%
[libx264 @ 00000273ef243cc0] kb/s:51.46
[3119s]   videos/batch_remesh/driver.mp4 placed (frames 475..545)
[3119s]   screenshots/batch_remesh_executed.png placed
ffmpeg version 7.1-essentials_build-www.gyan.dev Copyright (c) 2000-2024 the FFmpeg developers
  built with gcc 14.2.0 (Rev1, Built by MSYS2 project)
  configuration: --enable-gpl --enable-version3 --enable-static --disable-w32threads --disable-autodetect --enable-fontconfig --enable-iconv --enable-gnutls --enable-libxml2 --enable-gmp --enable-bzlib --enable-lzma --enable-zlib --enable-libsrt --enable-libssh --enable-libzmq --enable-avisynth --enable-sdl2 --enable-libwebp --enable-libx264 --enable-libx265 --enable-libxvid --enable-libaom --enable-libopenjpeg --enable-libvpx --enable-mediafoundation --enable-libass --enable-libfreetype --enable-libfribidi --enable-libharfbuzz --enable-libvidstab --enable-libvmaf --enable-libzimg --enable-amf --enable-cuda-llvm --enable-cuvid --enable-dxva2 --enable-d3d11va --enable-d3d12va --enable-ffnvcodec --enable-libvpl --enable-nvdec --enable-nvenc --enable-vaapi --enable-libgme --enable-libopenmpt --enable-libopencore-amrwb --enable-libmp3lame --enable-libtheora --enable-libvo-amrwbenc --enable-libgsm --enable-libopencore-amrnb --enable-libopus --enable-libspeex --enable-libvorbis --enable-librubberband
  libavutil      59. 39.100 / 59. 39.100
  libavcodec     61. 19.100 / 61. 19.100
  libavformat    61.  7.100 / 61.  7.100
  libavdevice    61.  3.100 / 61.  3.100
  libavfilter    10.  4.100 / 10.  4.100
  libswscale      8.  3.100 /  8.  3.100
  libswresample   5.  3.100 /  5.  3.100
  libpostproc    58.  3.100 / 58.  3.100
Input #0, image2, from 'D:\a\comfy-gpu-ci\comfy-gpu-ci\comfy-test-logs\GeometryPack-1828\dev\windows-desktop\debug\electron_inspect\frames\frame_%06d.png':
  Duration: 00:11:25.80, start: 0.000000, bitrate: N/A
  Stream #0:0: Video: png, rgba(pc, gbr/bt709/iec61966-2-1), 1008x681, 5 fps, 5 tbr, 5 tbn
Stream mapping:
  Stream #0:0 -> #0:0 (png (native) -> h264 (libx264))
Press [q] to stop, [?] for help
[libx264 @ 000002872c5d3900] using cpu capabilities: MMX2 SSE2Fast SSSE3 SSE4.2 AVX FMA3 BMI2 AVX2 AVX512
[libx264 @ 000002872c5d3900] profile High, level 3.1, 4:2:0, 8-bit
[libx264 @ 000002872c5d3900] 264 - core 164 r3192 c24e06c - H.264/MPEG-4 AVC codec - Copyleft 2003-2024 - http://www.videolan.org/x264.html - options: cabac=1 ref=3 deblock=1:0:0 analyse=0x3:0x113 me=hex subme=7 psy=1 psy_rd=1.00:0.00 mixed_ref=1 me_range=16 chroma_me=1 trellis=1 8x8dct=1 cqm=0 deadzone=21,11 fast_pskip=1 chroma_qp_offset=-2 threads=6 lookahead_threads=1 sliced_threads=0 nr=0 decimate=1 interlaced=0 bluray_compat=0 constrained_intra=0 bframes=3 b_pyramid=2 b_adapt=1 b_bias=0 direct=1 weightb=1 open_gop=0 weightp=2 keyint=250 keyint_min=5 scenecut=40 intra_refresh=0 rc_lookahead=40 rc=crf mbtree=1 crf=23.0 qcomp=0.60 qpmin=0 qpmax=69 qpstep=4 ip_ratio=1.40 aq=1:1.00
Output #0, mp4, to 'D:\a\comfy-gpu-ci\comfy-gpu-ci\comfy-test-logs\GeometryPack-1828\dev\windows-desktop\videos\boolean_ops\driver.mp4':
  Metadata:
    encoder         : Lavf61.7.100
  Stream #0:0: Video: h264 (avc1 / 0x31637661), yuv420p(tv, unknown/bt709/iec61966-2-1, progressive), 1008x682, q=2-31, 5 fps, 10240 tbn
      Metadata:
        encoder         : Lavc61.19.100 libx264
      Side data:
        cpb: bitrate max/min/avg: 0/0/0 buffer size: 0 vbv_delay: N/A
[vf#0:0 @ 000002872c642700] Reconfiguring filter graph because video parameters changed to rgb24(pc, gbr), 1008x681
frame=    3 fps=0.0 q=23.0 size=       0KiB time=N/A bitrate=N/A speed=N/A    
[out#0/mp4 @ 000002872c5d8e00] video:103KiB audio:0KiB subtitle:0KiB other streams:0KiB global headers:0KiB muxing overhead: 1.357981%
frame=   48 fps=0.0 q=-1.0 Lsize=     104KiB time=00:00:09.20 bitrate=  92.9kbits/s speed=12.1x    
[libx264 @ 000002872c5d3900] frame I:2     Avg QP:13.16  size: 30592
[libx264 @ 000002872c5d3900] frame P:13    Avg QP:15.92  size:  2796
[libx264 @ 000002872c5d3900] frame B:33    Avg QP:21.95  size:   217
[libx264 @ 000002872c5d3900] consecutive B-frames:  6.2%  4.2%  6.2% 83.3%
[libx264 @ 000002872c5d3900] mb I  I16..4: 44.0% 34.2% 21.8%
[libx264 @ 000002872c5d3900] mb P  I16..4:  1.8%  0.3%  1.2%  P16..4:  1.4%  0.3%  0.1%  0.0%  0.0%    skip:94.9%
[libx264 @ 000002872c5d3900] mb B  I16..4:  0.2%  0.1%  0.1%  B16..8:  1.7%  0.1%  0.0%  direct: 0.1%  skip:97.8%  L0:38.0% L1:61.7% BI: 0.3%
[libx264 @ 000002872c5d3900] 8x8 transform intra:29.7% inter:50.9%
[libx264 @ 000002872c5d3900] coded y,uvDC,uvAC intra: 18.3% 21.9% 17.6% inter: 0.2% 0.3% 0.1%
[libx264 @ 000002872c5d3900] i16 v,h,dc,p: 49% 45%  1%  6%
[libx264 @ 000002872c5d3900] i8 v,h,dc,ddl,ddr,vr,hd,vl,hu: 72%  8% 16%  0%  2%  1%  1%  0%  1%
[libx264 @ 000002872c5d3900] i4 v,h,dc,ddl,ddr,vr,hd,vl,hu: 35% 35% 13%  2%  3%  2%  4%  2%  3%
[libx264 @ 000002872c5d3900] i8c dc,h,v,p: 67% 17% 11%  5%
[libx264 @ 000002872c5d3900] Weighted P-Frames: Y:0.0% UV:0.0%
[libx264 @ 000002872c5d3900] ref P L0: 79.3%  4.7% 15.3%  0.8%
[libx264 @ 000002872c5d3900] ref B L0: 67.8% 30.5%  1.7%
[libx264 @ 000002872c5d3900] ref B L1: 96.6%  3.4%
[libx264 @ 000002872c5d3900] kb/s:87.24
[3120s]   videos/boolean_ops/driver.mp4 placed (frames 596..643)
[3120s]   screenshots/boolean_ops_executed.png placed
ffmpeg version 7.1-essentials_build-www.gyan.dev Copyright (c) 2000-2024 the FFmpeg developers
  built with gcc 14.2.0 (Rev1, Built by MSYS2 project)
  configuration: --enable-gpl --enable-version3 --enable-static --disable-w32threads --disable-autodetect --enable-fontconfig --enable-iconv --enable-gnutls --enable-libxml2 --enable-gmp --enable-bzlib --enable-lzma --enable-zlib --enable-libsrt --enable-libssh --enable-libzmq --enable-avisynth --enable-sdl2 --enable-libwebp --enable-libx264 --enable-libx265 --enable-libxvid --enable-libaom --enable-libopenjpeg --enable-libvpx --enable-mediafoundation --enable-libass --enable-libfreetype --enable-libfribidi --enable-libharfbuzz --enable-libvidstab --enable-libvmaf --enable-libzimg --enable-amf --enable-cuda-llvm --enable-cuvid --enable-dxva2 --enable-d3d11va --enable-d3d12va --enable-ffnvcodec --enable-libvpl --enable-nvdec --enable-nvenc --enable-vaapi --enable-libgme --enable-libopenmpt --enable-libopencore-amrwb --enable-libmp3lame --enable-libtheora --enable-libvo-amrwbenc --enable-libgsm --enable-libopencore-amrnb --enable-libopus --enable-libspeex --enable-libvorbis --enable-librubberband
  libavutil      59. 39.100 / 59. 39.100
  libavcodec     61. 19.100 / 61. 19.100
  libavformat    61.  7.100 / 61.  7.100
  libavdevice    61.  3.100 / 61.  3.100
  libavfilter    10.  4.100 / 10.  4.100
  libswscale      8.  3.100 /  8.  3.100
  libswresample   5.  3.100 /  5.  3.100
  libpostproc    58.  3.100 / 58.  3.100
Input #0, image2, from 'D:\a\comfy-gpu-ci\comfy-gpu-ci\comfy-test-logs\GeometryPack-1828\dev\windows-desktop\debug\electron_inspect\frames\frame_%06d.png':
  Duration: 00:11:06.40, start: 0.000000, bitrate: N/A
  Stream #0:0: Video: png, rgba(pc, gbr/bt709/iec61966-2-1), 1008x681, 5 fps, 5 tbr, 5 tbn
Stream mapping:
  Stream #0:0 -> #0:0 (png (native) -> h264 (libx264))
Press [q] to stop, [?] for help
[libx264 @ 0000024a6a603cc0] using cpu capabilities: MMX2 SSE2Fast SSSE3 SSE4.2 AVX FMA3 BMI2 AVX2 AVX512
[libx264 @ 0000024a6a603cc0] profile High, level 3.1, 4:2:0, 8-bit
[libx264 @ 0000024a6a603cc0] 264 - core 164 r3192 c24e06c - H.264/MPEG-4 AVC codec - Copyleft 2003-2024 - http://www.videolan.org/x264.html - options: cabac=1 ref=3 deblock=1:0:0 analyse=0x3:0x113 me=hex subme=7 psy=1 psy_rd=1.00:0.00 mixed_ref=1 me_range=16 chroma_me=1 trellis=1 8x8dct=1 cqm=0 deadzone=21,11 fast_pskip=1 chroma_qp_offset=-2 threads=6 lookahead_threads=1 sliced_threads=0 nr=0 decimate=1 interlaced=0 bluray_compat=0 constrained_intra=0 bframes=3 b_pyramid=2 b_adapt=1 b_bias=0 direct=1 weightb=1 open_gop=0 weightp=2 keyint=250 keyint_min=5 scenecut=40 intra_refresh=0 rc_lookahead=40 rc=crf mbtree=1 crf=23.0 qcomp=0.60 qpmin=0 qpmax=69 qpstep=4 ip_ratio=1.40 aq=1:1.00
Output #0, mp4, to 'D:\a\comfy-gpu-ci\comfy-gpu-ci\comfy-test-logs\GeometryPack-1828\dev\windows-desktop\videos\boolean_ops_all\driver.mp4':
  Metadata:
    encoder         : Lavf61.7.100
  Stream #0:0: Video: h264 (avc1 / 0x31637661), yuv420p(tv, unknown/bt709/iec61966-2-1, progressive), 1008x682, q=2-31, 5 fps, 10240 tbn
      Metadata:
        encoder         : Lavc61.19.100 libx264
      Side data:
        cpb: bitrate max/min/avg: 0/0/0 buffer size: 0 vbv_delay: N/A
[vf#0:0 @ 0000024a6a611940] Reconfiguring filter graph because video parameters changed to rgb24(pc, gbr), 1008x681
frame=    7 fps=0.0 q=23.0 size=       0KiB time=N/A bitrate=N/A speed=N/A    
[out#0/mp4 @ 0000024a6a608c80] video:116KiB audio:0KiB subtitle:0KiB other streams:0KiB global headers:0KiB muxing overhead: 1.257730%
frame=   53 fps=0.0 q=-1.0 Lsize=     118KiB time=00:00:10.20 bitrate=  94.7kbits/s speed=11.8x    
[libx264 @ 0000024a6a603cc0] frame I:2     Avg QP:11.98  size: 30472
[libx264 @ 0000024a6a603cc0] frame P:14    Avg QP:16.28  size:  3695
[libx264 @ 0000024a6a603cc0] frame B:37    Avg QP:23.55  size:   157
[libx264 @ 0000024a6a603cc0] consecutive B-frames:  5.7%  3.8%  0.0% 90.6%
[libx264 @ 0000024a6a603cc0] mb I  I16..4: 52.9% 25.4% 21.7%
[libx264 @ 0000024a6a603cc0] mb P  I16..4:  1.4%  0.9%  1.2%  P16..4:  1.4%  0.3%  0.1%  0.0%  0.0%    skip:94.7%
[libx264 @ 0000024a6a603cc0] mb B  I16..4:  0.1%  0.1%  0.0%  B16..8:  1.7%  0.1%  0.0%  direct: 0.1%  skip:97.8%  L0:39.9% L1:59.4% BI: 0.6%
[libx264 @ 0000024a6a603cc0] 8x8 transform intra:25.7% inter:53.8%
[libx264 @ 0000024a6a603cc0] coded y,uvDC,uvAC intra: 18.2% 21.1% 17.5% inter: 0.2% 0.3% 0.1%
[libx264 @ 0000024a6a603cc0] i16 v,h,dc,p: 55% 40%  0%  5%
[libx264 @ 0000024a6a603cc0] i8 v,h,dc,ddl,ddr,vr,hd,vl,hu: 61% 13% 21%  0%  2%  1%  1%  0%  1%
[libx264 @ 0000024a6a603cc0] i4 v,h,dc,ddl,ddr,vr,hd,vl,hu: 33% 33% 14%  3%  4%  3%  4%  2%  4%
[libx264 @ 0000024a6a603cc0] i8c dc,h,v,p: 68% 17%  9%  6%
[libx264 @ 0000024a6a603cc0] Weighted P-Frames: Y:0.0% UV:0.0%
[libx264 @ 0000024a6a603cc0] ref P L0: 62.4%  5.1% 21.8% 10.7%
[libx264 @ 0000024a6a603cc0] ref B L0: 79.9% 16.6%  3.5%
[libx264 @ 0000024a6a603cc0] ref B L1: 97.3%  2.7%
[libx264 @ 0000024a6a603cc0] kb/s:89.43
[3121s]   videos/boolean_ops_all/driver.mp4 placed (frames 693..745)
[3121s]   screenshots/boolean_ops_all_executed.png placed
ffmpeg version 7.1-essentials_build-www.gyan.dev Copyright (c) 2000-2024 the FFmpeg developers
  built with gcc 14.2.0 (Rev1, Built by MSYS2 project)
  configuration: --enable-gpl --enable-version3 --enable-static --disable-w32threads --disable-autodetect --enable-fontconfig --enable-iconv --enable-gnutls --enable-libxml2 --enable-gmp --enable-bzlib --enable-lzma --enable-zlib --enable-libsrt --enable-libssh --enable-libzmq --enable-avisynth --enable-sdl2 --enable-libwebp --enable-libx264 --enable-libx265 --enable-libxvid --enable-libaom --enable-libopenjpeg --enable-libvpx --enable-mediafoundation --enable-libass --enable-libfreetype --enable-libfribidi --enable-libharfbuzz --enable-libvidstab --enable-libvmaf --enable-libzimg --enable-amf --enable-cuda-llvm --enable-cuvid --enable-dxva2 --enable-d3d11va --enable-d3d12va --enable-ffnvcodec --enable-libvpl --enable-nvdec --enable-nvenc --enable-vaapi --enable-libgme --enable-libopenmpt --enable-libopencore-amrwb --enable-libmp3lame --enable-libtheora --enable-libvo-amrwbenc --enable-libgsm --enable-libopencore-amrnb --enable-libopus --enable-libspeex --enable-libvorbis --enable-librubberband
  libavutil      59. 39.100 / 59. 39.100
  libavcodec     61. 19.100 / 61. 19.100
  libavformat    61.  7.100 / 61.  7.100
  libavdevice    61.  3.100 / 61.  3.100
  libavfilter    10.  4.100 / 10.  4.100
  libswscale      8.  3.100 /  8.  3.100
  libswresample   5.  3.100 /  5.  3.100
  libpostproc    58.  3.100 / 58.  3.100
Input #0, image2, from 'D:\a\comfy-gpu-ci\comfy-gpu-ci\comfy-test-logs\GeometryPack-1828\dev\windows-desktop\debug\electron_inspect\frames\frame_%06d.png':
  Duration: 00:10:46.40, start: 0.000000, bitrate: N/A
  Stream #0:0: Video: png, rgba(pc, gbr/bt709/iec61966-2-1), 1008x681, 5 fps, 5 tbr, 5 tbn
Stream mapping:
  Stream #0:0 -> #0:0 (png (native) -> h264 (libx264))
Press [q] to stop, [?] for help
[libx264 @ 000001a9162532c0] using cpu capabilities: MMX2 SSE2Fast SSSE3 SSE4.2 AVX FMA3 BMI2 AVX2 AVX512
[libx264 @ 000001a9162532c0] profile High, level 3.1, 4:2:0, 8-bit
[libx264 @ 000001a9162532c0] 264 - core 164 r3192 c24e06c - H.264/MPEG-4 AVC codec - Copyleft 2003-2024 - http://www.videolan.org/x264.html - options: cabac=1 ref=3 deblock=1:0:0 analyse=0x3:0x113 me=hex subme=7 psy=1 psy_rd=1.00:0.00 mixed_ref=1 me_range=16 chroma_me=1 trellis=1 8x8dct=1 cqm=0 deadzone=21,11 fast_pskip=1 chroma_qp_offset=-2 threads=6 lookahead_threads=1 sliced_threads=0 nr=0 decimate=1 interlaced=0 bluray_compat=0 constrained_intra=0 bframes=3 b_pyramid=2 b_adapt=1 b_bias=0 direct=1 weightb=1 open_gop=0 weightp=2 keyint=250 keyint_min=5 scenecut=40 intra_refresh=0 rc_lookahead=40 rc=crf mbtree=1 crf=23.0 qcomp=0.60 qpmin=0 qpmax=69 qpstep=4 ip_ratio=1.40 aq=1:1.00
Output #0, mp4, to 'D:\a\comfy-gpu-ci\comfy-gpu-ci\comfy-test-logs\GeometryPack-1828\dev\windows-desktop\videos\decimate\driver.mp4':
  Metadata:
    encoder         : Lavf61.7.100
  Stream #0:0: Video: h264 (avc1 / 0x31637661), yuv420p(tv, unknown/bt709/iec61966-2-1, progressive), 1008x682, q=2-31, 5 fps, 10240 tbn
      Metadata:
        encoder         : Lavc61.19.100 libx264
      Side data:
        cpb: bitrate max/min/avg: 0/0/0 buffer size: 0 vbv_delay: N/A
[vf#0:0 @ 000001a916244000] Reconfiguring filter graph because video parameters changed to rgb24(pc, gbr), 1008x681
frame=    9 fps=0.0 q=23.0 size=       0KiB time=N/A bitrate=N/A speed=N/A    
[out#0/mp4 @ 000001a916248e00] video:101KiB audio:0KiB subtitle:0KiB other streams:0KiB global headers:0KiB muxing overhead: 1.376708%
frame=   47 fps=0.0 q=-1.0 Lsize=     102KiB time=00:00:09.00 bitrate=  92.9kbits/s speed=  12x    
[libx264 @ 000001a9162532c0] frame I:2     Avg QP:11.76  size: 29878
[libx264 @ 000001a9162532c0] frame P:12    Avg QP:15.16  size:  3000
[libx264 @ 000001a9162532c0] frame B:33    Avg QP:22.95  size:   201
[libx264 @ 000001a9162532c0] consecutive B-frames:  4.3%  4.3%  6.4% 85.1%
[libx264 @ 000001a9162532c0] mb I  I16..4: 54.3% 24.9% 20.8%
[libx264 @ 000001a9162532c0] mb P  I16..4:  1.2%  0.7%  1.1%  P16..4:  1.1%  0.2%  0.1%  0.0%  0.0%    skip:95.7%
[libx264 @ 000001a9162532c0] mb B  I16..4:  0.2%  0.1%  0.0%  B16..8:  1.3%  0.1%  0.0%  direct: 0.1%  skip:98.3%  L0:46.9% L1:52.4% BI: 0.7%
[libx264 @ 000001a9162532c0] 8x8 transform intra:25.0% inter:61.5%
[libx264 @ 000001a9162532c0] coded y,uvDC,uvAC intra: 17.6% 20.7% 17.0% inter: 0.2% 0.3% 0.1%
[libx264 @ 000001a9162532c0] i16 v,h,dc,p: 56% 39%  0%  5%
[libx264 @ 000001a9162532c0] i8 v,h,dc,ddl,ddr,vr,hd,vl,hu: 60% 15% 20%  0%  2%  1%  1%  0%  1%
[libx264 @ 000001a9162532c0] i4 v,h,dc,ddl,ddr,vr,hd,vl,hu: 34% 32% 15%  2%  3%  3%  4%  2%  4%
[libx264 @ 000001a9162532c0] i8c dc,h,v,p: 69% 16%  9%  5%
[libx264 @ 000001a9162532c0] Weighted P-Frames: Y:0.0% UV:0.0%
[libx264 @ 000001a9162532c0] ref P L0: 84.1%  7.3%  8.6%
[libx264 @ 000001a9162532c0] ref B L0: 85.2% 14.3%  0.5%
[libx264 @ 000001a9162532c0] ref B L1: 98.3%  1.7%
[libx264 @ 000001a9162532c0] kb/s:87.14
[3121s]   videos/decimate/driver.mp4 placed (frames 793..839)
[3121s]   screenshots/decimate_executed.png placed
ffmpeg version 7.1-essentials_build-www.gyan.dev Copyright (c) 2000-2024 the FFmpeg developers
  built with gcc 14.2.0 (Rev1, Built by MSYS2 project)
  configuration: --enable-gpl --enable-version3 --enable-static --disable-w32threads --disable-autodetect --enable-fontconfig --enable-iconv --enable-gnutls --enable-libxml2 --enable-gmp --enable-bzlib --enable-lzma --enable-zlib --enable-libsrt --enable-libssh --enable-libzmq --enable-avisynth --enable-sdl2 --enable-libwebp --enable-libx264 --enable-libx265 --enable-libxvid --enable-libaom --enable-libopenjpeg --enable-libvpx --enable-mediafoundation --enable-libass --enable-libfreetype --enable-libfribidi --enable-libharfbuzz --enable-libvidstab --enable-libvmaf --enable-libzimg --enable-amf --enable-cuda-llvm --enable-cuvid --enable-dxva2 --enable-d3d11va --enable-d3d12va --enable-ffnvcodec --enable-libvpl --enable-nvdec --enable-nvenc --enable-vaapi --enable-libgme --enable-libopenmpt --enable-libopencore-amrwb --enable-libmp3lame --enable-libtheora --enable-libvo-amrwbenc --enable-libgsm --enable-libopencore-amrnb --enable-libopus --enable-libspeex --enable-libvorbis --enable-librubberband
  libavutil      59. 39.100 / 59. 39.100
  libavcodec     61. 19.100 / 61. 19.100
  libavformat    61.  7.100 / 61.  7.100
  libavdevice    61.  3.100 / 61.  3.100
  libavfilter    10.  4.100 / 10.  4.100
  libswscale      8.  3.100 /  8.  3.100
  libswresample   5.  3.100 /  5.  3.100
  libpostproc    58.  3.100 / 58.  3.100
Input #0, image2, from 'D:\a\comfy-gpu-ci\comfy-gpu-ci\comfy-test-logs\GeometryPack-1828\dev\windows-desktop\debug\electron_inspect\frames\frame_%06d.png':
  Duration: 00:10:27.60, start: 0.000000, bitrate: N/A
  Stream #0:0: Video: png, rgba(pc, gbr/bt709/iec61966-2-1), 1008x681, 5 fps, 5 tbr, 5 tbn
Stream mapping:
  Stream #0:0 -> #0:0 (png (native) -> h264 (libx264))
Press [q] to stop, [?] for help
[libx264 @ 000001d9c8133cc0] using cpu capabilities: MMX2 SSE2Fast SSSE3 SSE4.2 AVX FMA3 BMI2 AVX2 AVX512
[libx264 @ 000001d9c8133cc0] profile High, level 3.1, 4:2:0, 8-bit
[libx264 @ 000001d9c8133cc0] 264 - core 164 r3192 c24e06c - H.264/MPEG-4 AVC codec - Copyleft 2003-2024 - http://www.videolan.org/x264.html - options: cabac=1 ref=3 deblock=1:0:0 analyse=0x3:0x113 me=hex subme=7 psy=1 psy_rd=1.00:0.00 mixed_ref=1 me_range=16 chroma_me=1 trellis=1 8x8dct=1 cqm=0 deadzone=21,11 fast_pskip=1 chroma_qp_offset=-2 threads=6 lookahead_threads=1 sliced_threads=0 nr=0 decimate=1 interlaced=0 bluray_compat=0 constrained_intra=0 bframes=3 b_pyramid=2 b_adapt=1 b_bias=0 direct=1 weightb=1 open_gop=0 weightp=2 keyint=250 keyint_min=5 scenecut=40 intra_refresh=0 rc_lookahead=40 rc=crf mbtree=1 crf=23.0 qcomp=0.60 qpmin=0 qpmax=69 qpstep=4 ip_ratio=1.40 aq=1:1.00
Output #0, mp4, to 'D:\a\comfy-gpu-ci\comfy-gpu-ci\comfy-test-logs\GeometryPack-1828\dev\windows-desktop\videos\decimate_all\driver.mp4':
  Metadata:
    encoder         : Lavf61.7.100
  Stream #0:0: Video: h264 (avc1 / 0x31637661), yuv420p(tv, unknown/bt709/iec61966-2-1, progressive), 1008x682, q=2-31, 5 fps, 10240 tbn
      Metadata:
        encoder         : Lavc61.19.100 libx264
      Side data:
        cpb: bitrate max/min/avg: 0/0/0 buffer size: 0 vbv_delay: N/A
[vf#0:0 @ 000001d9c8141940] Reconfiguring filter graph because video parameters changed to rgb24(pc, gbr), 1008x681
frame=    3 fps=0.0 q=23.0 size=       0KiB time=00:00:00.20 bitrate=   1.9kbits/s speed=0.387x    
[out#0/mp4 @ 000001d9c8138c80] video:124KiB audio:0KiB subtitle:0KiB other streams:0KiB global headers:0KiB muxing overhead: 1.272954%
frame=   63 fps=0.0 q=-1.0 Lsize=     125KiB time=00:00:12.20 bitrate=  84.0kbits/s speed=14.9x    
[libx264 @ 000001d9c8133cc0] frame I:2     Avg QP:11.47  size: 29761
[libx264 @ 000001d9c8133cc0] frame P:17    Avg QP:16.48  size:  3546
[libx264 @ 000001d9c8133cc0] frame B:44    Avg QP:23.13  size:   138
[libx264 @ 000001d9c8133cc0] consecutive B-frames:  3.2%  9.5%  4.8% 82.5%
[libx264 @ 000001d9c8133cc0] mb I  I16..4: 57.0% 22.0% 21.1%
[libx264 @ 000001d9c8133cc0] mb P  I16..4:  0.7%  0.5%  1.1%  P16..4:  1.4%  0.2%  0.1%  0.0%  0.0%    skip:96.0%
[libx264 @ 000001d9c8133cc0] mb B  I16..4:  0.2%  0.0%  0.0%  B16..8:  1.5%  0.1%  0.0%  direct: 0.1%  skip:98.1%  L0:42.5% L1:57.2% BI: 0.3%
[libx264 @ 000001d9c8133cc0] 8x8 transform intra:21.9% inter:55.0%
[libx264 @ 000001d9c8133cc0] coded y,uvDC,uvAC intra: 19.1% 22.9% 18.3% inter: 0.2% 0.3% 0.1%
[libx264 @ 000001d9c8133cc0] i16 v,h,dc,p: 61% 34%  0%  5%
[libx264 @ 000001d9c8133cc0] i8 v,h,dc,ddl,ddr,vr,hd,vl,hu: 53% 22% 20%  0%  2%  1%  1%  0%  1%
[libx264 @ 000001d9c8133cc0] i4 v,h,dc,ddl,ddr,vr,hd,vl,hu: 32% 33% 15%  3%  4%  3%  4%  3%  3%
[libx264 @ 000001d9c8133cc0] i8c dc,h,v,p: 70% 15%  9%  6%
[libx264 @ 000001d9c8133cc0] Weighted P-Frames: Y:0.0% UV:0.0%
[libx264 @ 000001d9c8133cc0] ref P L0: 78.5%  1.8% 15.0%  4.8%
[libx264 @ 000001d9c8133cc0] ref B L0: 69.6% 26.2%  4.2%
[libx264 @ 000001d9c8133cc0] ref B L1: 95.3%  4.7%
[libx264 @ 000001d9c8133cc0] kb/s:79.92
[3122s]   videos/decimate_all/driver.mp4 placed (frames 887..949)
[3122s]   screenshots/decimate_all_executed.png placed
ffmpeg version 7.1-essentials_build-www.gyan.dev Copyright (c) 2000-2024 the FFmpeg developers
  built with gcc 14.2.0 (Rev1, Built by MSYS2 project)
  configuration: --enable-gpl --enable-version3 --enable-static --disable-w32threads --disable-autodetect --enable-fontconfig --enable-iconv --enable-gnutls --enable-libxml2 --enable-gmp --enable-bzlib --enable-lzma --enable-zlib --enable-libsrt --enable-libssh --enable-libzmq --enable-avisynth --enable-sdl2 --enable-libwebp --enable-libx264 --enable-libx265 --enable-libxvid --enable-libaom --enable-libopenjpeg --enable-libvpx --enable-mediafoundation --enable-libass --enable-libfreetype --enable-libfribidi --enable-libharfbuzz --enable-libvidstab --enable-libvmaf --enable-libzimg --enable-amf --enable-cuda-llvm --enable-cuvid --enable-dxva2 --enable-d3d11va --enable-d3d12va --enable-ffnvcodec --enable-libvpl --enable-nvdec --enable-nvenc --enable-vaapi --enable-libgme --enable-libopenmpt --enable-libopencore-amrwb --enable-libmp3lame --enable-libtheora --enable-libvo-amrwbenc --enable-libgsm --enable-libopencore-amrnb --enable-libopus --enable-libspeex --enable-libvorbis --enable-librubberband
  libavutil      59. 39.100 / 59. 39.100
  libavcodec     61. 19.100 / 61. 19.100
  libavformat    61.  7.100 / 61.  7.100
  libavdevice    61.  3.100 / 61.  3.100
  libavfilter    10.  4.100 / 10.  4.100
  libswscale      8.  3.100 /  8.  3.100
  libswresample   5.  3.100 /  5.  3.100
  libpostproc    58.  3.100 / 58.  3.100
Input #0, image2, from 'D:\a\comfy-gpu-ci\comfy-gpu-ci\comfy-test-logs\GeometryPack-1828\dev\windows-desktop\debug\electron_inspect\frames\frame_%06d.png':
  Duration: 00:10:05.60, start: 0.000000, bitrate: N/A
  Stream #0:0: Video: png, rgba(pc, gbr/bt709/iec61966-2-1), 1008x681, 5 fps, 5 tbr, 5 tbn
Stream mapping:
  Stream #0:0 -> #0:0 (png (native) -> h264 (libx264))
Press [q] to stop, [?] for help
[libx264 @ 000001e441583900] using cpu capabilities: MMX2 SSE2Fast SSSE3 SSE4.2 AVX FMA3 BMI2 AVX2 AVX512
[libx264 @ 000001e441583900] profile High, level 3.1, 4:2:0, 8-bit
[libx264 @ 000001e441583900] 264 - core 164 r3192 c24e06c - H.264/MPEG-4 AVC codec - Copyleft 2003-2024 - http://www.videolan.org/x264.html - options: cabac=1 ref=3 deblock=1:0:0 analyse=0x3:0x113 me=hex subme=7 psy=1 psy_rd=1.00:0.00 mixed_ref=1 me_range=16 chroma_me=1 trellis=1 8x8dct=1 cqm=0 deadzone=21,11 fast_pskip=1 chroma_qp_offset=-2 threads=6 lookahead_threads=1 sliced_threads=0 nr=0 decimate=1 interlaced=0 bluray_compat=0 constrained_intra=0 bframes=3 b_pyramid=2 b_adapt=1 b_bias=0 direct=1 weightb=1 open_gop=0 weightp=2 keyint=250 keyint_min=5 scenecut=40 intra_refresh=0 rc_lookahead=40 rc=crf mbtree=1 crf=23.0 qcomp=0.60 qpmin=0 qpmax=69 qpstep=4 ip_ratio=1.40 aq=1:1.00
Output #0, mp4, to 'D:\a\comfy-gpu-ci\comfy-gpu-ci\comfy-test-logs\GeometryPack-1828\dev\windows-desktop\videos\depth_map_to_mesh\driver.mp4':
  Metadata:
    encoder         : Lavf61.7.100
  Stream #0:0: Video: h264 (avc1 / 0x31637661), yuv420p(tv, unknown/bt709/iec61966-2-1, progressive), 1008x682, q=2-31, 5 fps, 10240 tbn
      Metadata:
        encoder         : Lavc61.19.100 libx264
      Side data:
        cpb: bitrate max/min/avg: 0/0/0 buffer size: 0 vbv_delay: N/A
[vf#0:0 @ 000001e441584000] Reconfiguring filter graph because video parameters changed to rgb24(pc, gbr), 1008x681
frame=    3 fps=0.0 q=23.0 size=       0KiB time=00:00:00.20 bitrate=   1.9kbits/s speed=0.39x    
frame=   41 fps= 39 q=23.0 size=       0KiB time=00:00:07.80 bitrate=   0.0kbits/s speed=7.37x    
frame=  106 fps= 65 q=23.0 size=       0KiB time=00:00:20.80 bitrate=   0.0kbits/s speed=12.9x    
frame=  167 fps= 78 q=23.0 size=       0KiB time=00:00:33.00 bitrate=   0.0kbits/s speed=15.3x    
frame=  223 fps= 84 q=23.0 size=       0KiB time=00:00:44.20 bitrate=   0.0kbits/s speed=16.6x    
frame=  282 fps= 88 q=23.0 size=       0KiB time=00:00:56.00 bitrate=   0.0kbits/s speed=17.5x    
frame=  336 fps= 90 q=23.0 size=       0KiB time=00:01:06.80 bitrate=   0.0kbits/s speed=  18x    
frame=  382 fps= 90 q=23.0 size=       0KiB time=00:01:16.00 bitrate=   0.0kbits/s speed=17.9x    
frame=  438 fps= 92 q=23.0 size=       0KiB time=00:01:27.20 bitrate=   0.0kbits/s speed=18.3x    
frame=  494 fps= 94 q=23.0 size=       0KiB time=00:01:38.40 bitrate=   0.0kbits/s speed=18.6x    
frame=  552 fps= 95 q=23.0 size=       0KiB time=00:01:50.00 bitrate=   0.0kbits/s speed=  19x    
frame=  612 fps= 97 q=23.0 size=       0KiB time=00:02:02.00 bitrate=   0.0kbits/s speed=19.3x    
frame=  657 fps= 96 q=23.0 size=       0KiB time=00:02:11.00 bitrate=   0.0kbits/s speed=19.1x    
frame=  712 fps= 97 q=23.0 size=       0KiB time=00:02:22.00 bitrate=   0.0kbits/s speed=19.3x    
frame=  766 fps= 97 q=23.0 size=       0KiB time=00:02:32.80 bitrate=   0.0kbits/s speed=19.4x    
frame=  826 fps= 98 q=23.0 size=       0KiB time=00:02:44.80 bitrate=   0.0kbits/s speed=19.6x    
frame=  886 fps= 99 q=23.0 size=       0KiB time=00:02:56.80 bitrate=   0.0kbits/s speed=19.8x    
frame=  938 fps= 99 q=23.0 size=       0KiB time=00:03:07.20 bitrate=   0.0kbits/s speed=19.7x    
frame=  994 fps= 99 q=23.0 size=       0KiB time=N/A bitrate=N/A speed=N/A    
[out#0/mp4 @ 000001e4415b5c00] video:280KiB audio:0KiB subtitle:0KiB other streams:0KiB global headers:0KiB muxing overhead: 4.655803%
frame= 1043 fps=102 q=-1.0 Lsize=     294KiB time=00:03:28.20 bitrate=  11.5kbits/s speed=20.3x    
[libx264 @ 000001e441583900] frame I:6     Avg QP: 7.29  size: 37046
[libx264 @ 000001e441583900] frame P:263   Avg QP:14.47  size:   113
[libx264 @ 000001e441583900] frame B:774   Avg QP:23.33  size:    44
[libx264 @ 000001e441583900] consecutive B-frames:  0.9%  0.6%  0.0% 98.6%
[libx264 @ 000001e441583900] mb I  I16..4: 63.8% 14.2% 22.0%
[libx264 @ 000001e441583900] mb P  I16..4:  0.1%  0.0%  0.0%  P16..4:  0.1%  0.0%  0.0%  0.0%  0.0%    skip:99.7%
[libx264 @ 000001e441583900] mb B  I16..4:  0.1%  0.0%  0.0%  B16..8:  0.1%  0.0%  0.0%  direct: 0.0%  skip:99.8%  L0:54.7% L1:44.3% BI: 0.9%
[libx264 @ 000001e441583900] 8x8 transform intra:14.6% inter:57.8%
[libx264 @ 000001e441583900] coded y,uvDC,uvAC intra: 13.9% 14.8% 11.6% inter: 0.0% 0.0% 0.0%
[libx264 @ 000001e441583900] i16 v,h,dc,p: 70% 28%  0%  2%
[libx264 @ 000001e441583900] i8 v,h,dc,ddl,ddr,vr,hd,vl,hu: 64%  9% 23%  0%  1%  1%  1%  0%  1%
[libx264 @ 000001e441583900] i4 v,h,dc,ddl,ddr,vr,hd,vl,hu: 37% 35% 12%  2%  3%  2%  3%  2%  3%
[libx264 @ 000001e441583900] i8c dc,h,v,p: 70% 19% 10%  2%
[libx264 @ 000001e441583900] Weighted P-Frames: Y:0.0% UV:0.0%
[libx264 @ 000001e441583900] ref P L0: 91.3%  1.6%  6.4%  0.7%
[libx264 @ 000001e441583900] ref B L0: 38.1% 61.3%  0.6%
[libx264 @ 000001e441583900] ref B L1: 96.3%  3.7%
[libx264 @ 000001e441583900] kb/s:10.99
[3133s]   videos/depth_map_to_mesh/driver.mp4 placed (frames 997..2039)
[3133s]   screenshots/depth_map_to_mesh_executed.png placed
ffmpeg version 7.1-essentials_build-www.gyan.dev Copyright (c) 2000-2024 the FFmpeg developers
  built with gcc 14.2.0 (Rev1, Built by MSYS2 project)
  configuration: --enable-gpl --enable-version3 --enable-static --disable-w32threads --disable-autodetect --enable-fontconfig --enable-iconv --enable-gnutls --enable-libxml2 --enable-gmp --enable-bzlib --enable-lzma --enable-zlib --enable-libsrt --enable-libssh --enable-libzmq --enable-avisynth --enable-sdl2 --enable-libwebp --enable-libx264 --enable-libx265 --enable-libxvid --enable-libaom --enable-libopenjpeg --enable-libvpx --enable-mediafoundation --enable-libass --enable-libfreetype --enable-libfribidi --enable-libharfbuzz --enable-libvidstab --enable-libvmaf --enable-libzimg --enable-amf --enable-cuda-llvm --enable-cuvid --enable-dxva2 --enable-d3d11va --enable-d3d12va --enable-ffnvcodec --enable-libvpl --enable-nvdec --enable-nvenc --enable-vaapi --enable-libgme --enable-libopenmpt --enable-libopencore-amrwb --enable-libmp3lame --enable-libtheora --enable-libvo-amrwbenc --enable-libgsm --enable-libopencore-amrnb --enable-libopus --enable-libspeex --enable-libvorbis --enable-librubberband
  libavutil      59. 39.100 / 59. 39.100
  libavcodec     61. 19.100 / 61. 19.100
  libavformat    61.  7.100 / 61.  7.100
  libavdevice    61.  3.100 / 61.  3.100
  libavfilter    10.  4.100 / 10.  4.100
  libswscale      8.  3.100 /  8.  3.100
  libswresample   5.  3.100 /  5.  3.100
  libpostproc    58.  3.100 / 58.  3.100
Input #0, image2, from 'D:\a\comfy-gpu-ci\comfy-gpu-ci\comfy-test-logs\GeometryPack-1828\dev\windows-desktop\debug\electron_inspect\frames\frame_%06d.png':
  Duration: 00:06:27.60, start: 0.000000, bitrate: N/A
  Stream #0:0: Video: png, rgba(pc, gbr/bt709/iec61966-2-1), 1008x681, 5 fps, 5 tbr, 5 tbn
Stream mapping:
  Stream #0:0 -> #0:0 (png (native) -> h264 (libx264))
Press [q] to stop, [?] for help
[libx264 @ 000001f5af513e40] using cpu capabilities: MMX2 SSE2Fast SSSE3 SSE4.2 AVX FMA3 BMI2 AVX2 AVX512
[libx264 @ 000001f5af513e40] profile High, level 3.1, 4:2:0, 8-bit
[libx264 @ 000001f5af513e40] 264 - core 164 r3192 c24e06c - H.264/MPEG-4 AVC codec - Copyleft 2003-2024 - http://www.videolan.org/x264.html - options: cabac=1 ref=3 deblock=1:0:0 analyse=0x3:0x113 me=hex subme=7 psy=1 psy_rd=1.00:0.00 mixed_ref=1 me_range=16 chroma_me=1 trellis=1 8x8dct=1 cqm=0 deadzone=21,11 fast_pskip=1 chroma_qp_offset=-2 threads=6 lookahead_threads=1 sliced_threads=0 nr=0 decimate=1 interlaced=0 bluray_compat=0 constrained_intra=0 bframes=3 b_pyramid=2 b_adapt=1 b_bias=0 direct=1 weightb=1 open_gop=0 weightp=2 keyint=250 keyint_min=5 scenecut=40 intra_refresh=0 rc_lookahead=40 rc=crf mbtree=1 crf=23.0 qcomp=0.60 qpmin=0 qpmax=69 qpstep=4 ip_ratio=1.40 aq=1:1.00
Output #0, mp4, to 'D:\a\comfy-gpu-ci\comfy-gpu-ci\comfy-test-logs\GeometryPack-1828\dev\windows-desktop\videos\fix_normals_all\driver.mp4':
  Metadata:
    encoder         : Lavf61.7.100
  Stream #0:0: Video: h264 (avc1 / 0x31637661), yuv420p(tv, unknown/bt709/iec61966-2-1, progressive), 1008x682, q=2-31, 5 fps, 10240 tbn
      Metadata:
        encoder         : Lavc61.19.100 libx264
      Side data:
        cpb: bitrate max/min/avg: 0/0/0 buffer size: 0 vbv_delay: N/A
[vf#0:0 @ 000001f5af580e00] Reconfiguring filter graph because video parameters changed to rgb24(pc, gbr), 1008x681
[vf#0:0 @ 000001f5af580e00] Reconfiguring filter graph because video parameters changed to rgba(pc, gbr), 1008x681
frame=    0 fps=0.0 q=0.0 size=       0KiB time=N/A bitrate=N/A speed=N/A    
[out#0/mp4 @ 000001f5af518e00] video:111KiB audio:0KiB subtitle:0KiB other streams:0KiB global headers:0KiB muxing overhead: 1.318359%
frame=   53 fps=0.0 q=-1.0 Lsize=     113KiB time=00:00:10.20 bitrate=  90.4kbits/s speed=11.2x    
[libx264 @ 000001f5af513e40] frame I:2     Avg QP:13.84  size: 30745
[libx264 @ 000001f5af513e40] frame P:15    Avg QP:16.93  size:  3105
[libx264 @ 000001f5af513e40] frame B:36    Avg QP:23.26  size:   138
[libx264 @ 000001f5af513e40] consecutive B-frames:  5.7% 11.3%  0.0% 83.0%
[libx264 @ 000001f5af513e40] mb I  I16..4: 39.4% 38.9% 21.7%
[libx264 @ 000001f5af513e40] mb P  I16..4:  1.3%  0.6%  1.1%  P16..4:  1.6%  0.3%  0.2%  0.0%  0.0%    skip:95.0%
[libx264 @ 000001f5af513e40] mb B  I16..4:  0.1%  0.1%  0.0%  B16..8:  1.5%  0.1%  0.0%  direct: 0.1%  skip:98.1%  L0:44.5% L1:55.2% BI: 0.3%
[libx264 @ 000001f5af513e40] 8x8 transform intra:35.6% inter:51.7%
[libx264 @ 000001f5af513e40] coded y,uvDC,uvAC intra: 15.9% 22.3% 17.9% inter: 0.2% 0.4% 0.2%
[libx264 @ 000001f5af513e40] i16 v,h,dc,p: 44% 48%  0%  7%
[libx264 @ 000001f5af513e40] i8 v,h,dc,ddl,ddr,vr,hd,vl,hu: 68% 11% 17%  0%  1%  1%  1%  0%  0%
[libx264 @ 000001f5af513e40] i4 v,h,dc,ddl,ddr,vr,hd,vl,hu: 34% 36% 13%  2%  3%  2%  4%  2%  3%
[libx264 @ 000001f5af513e40] i8c dc,h,v,p: 70% 17%  9%  5%
[libx264 @ 000001f5af513e40] Weighted P-Frames: Y:0.0% UV:0.0%
[libx264 @ 000001f5af513e40] ref P L0: 65.8%  5.0% 18.5% 10.7%
[libx264 @ 000001f5af513e40] ref B L0: 74.6% 23.5%  1.9%
[libx264 @ 000001f5af513e40] ref B L1: 98.5%  1.5%
[libx264 @ 000001f5af513e40] kb/s:85.29
[3134s]   videos/fix_normals_all/driver.mp4 placed (frames 2087..2139)
[3134s]   screenshots/fix_normals_all_executed.png placed
ffmpeg version 7.1-essentials_build-www.gyan.dev Copyright (c) 2000-2024 the FFmpeg developers
  built with gcc 14.2.0 (Rev1, Built by MSYS2 project)
  configuration: --enable-gpl --enable-version3 --enable-static --disable-w32threads --disable-autodetect --enable-fontconfig --enable-iconv --enable-gnutls --enable-libxml2 --enable-gmp --enable-bzlib --enable-lzma --enable-zlib --enable-libsrt --enable-libssh --enable-libzmq --enable-avisynth --enable-sdl2 --enable-libwebp --enable-libx264 --enable-libx265 --enable-libxvid --enable-libaom --enable-libopenjpeg --enable-libvpx --enable-mediafoundation --enable-libass --enable-libfreetype --enable-libfribidi --enable-libharfbuzz --enable-libvidstab --enable-libvmaf --enable-libzimg --enable-amf --enable-cuda-llvm --enable-cuvid --enable-dxva2 --enable-d3d11va --enable-d3d12va --enable-ffnvcodec --enable-libvpl --enable-nvdec --enable-nvenc --enable-vaapi --enable-libgme --enable-libopenmpt --enable-libopencore-amrwb --enable-libmp3lame --enable-libtheora --enable-libvo-amrwbenc --enable-libgsm --enable-libopencore-amrnb --enable-libopus --enable-libspeex --enable-libvorbis --enable-librubberband
  libavutil      59. 39.100 / 59. 39.100
  libavcodec     61. 19.100 / 61. 19.100
  libavformat    61.  7.100 / 61.  7.100
  libavdevice    61.  3.100 / 61.  3.100
  libavfilter    10.  4.100 / 10.  4.100
  libswscale      8.  3.100 /  8.  3.100
  libswresample   5.  3.100 /  5.  3.100
  libpostproc    58.  3.100 / 58.  3.100
Input #0, image2, from 'D:\a\comfy-gpu-ci\comfy-gpu-ci\comfy-test-logs\GeometryPack-1828\dev\windows-desktop\debug\electron_inspect\frames\frame_%06d.png':
  Duration: 00:06:07.80, start: 0.000000, bitrate: N/A
  Stream #0:0: Video: png, rgba(pc, gbr/bt709/iec61966-2-1), 1008x681, 5 fps, 5 tbr, 5 tbn
Stream mapping:
  Stream #0:0 -> #0:0 (png (native) -> h264 (libx264))
Press [q] to stop, [?] for help
[libx264 @ 000002433a1a3f40] using cpu capabilities: MMX2 SSE2Fast SSSE3 SSE4.2 AVX FMA3 BMI2 AVX2 AVX512
[libx264 @ 000002433a1a3f40] profile High, level 3.1, 4:2:0, 8-bit
[libx264 @ 000002433a1a3f40] 264 - core 164 r3192 c24e06c - H.264/MPEG-4 AVC codec - Copyleft 2003-2024 - http://www.videolan.org/x264.html - options: cabac=1 ref=3 deblock=1:0:0 analyse=0x3:0x113 me=hex subme=7 psy=1 psy_rd=1.00:0.00 mixed_ref=1 me_range=16 chroma_me=1 trellis=1 8x8dct=1 cqm=0 deadzone=21,11 fast_pskip=1 chroma_qp_offset=-2 threads=6 lookahead_threads=1 sliced_threads=0 nr=0 decimate=1 interlaced=0 bluray_compat=0 constrained_intra=0 bframes=3 b_pyramid=2 b_adapt=1 b_bias=0 direct=1 weightb=1 open_gop=0 weightp=2 keyint=250 keyint_min=5 scenecut=40 intra_refresh=0 rc_lookahead=40 rc=crf mbtree=1 crf=23.0 qcomp=0.60 qpmin=0 qpmax=69 qpstep=4 ip_ratio=1.40 aq=1:1.00
Output #0, mp4, to 'D:\a\comfy-gpu-ci\comfy-gpu-ci\comfy-test-logs\GeometryPack-1828\dev\windows-desktop\videos\fix_self_intersection\driver.mp4':
  Metadata:
    encoder         : Lavf61.7.100
  Stream #0:0: Video: h264 (avc1 / 0x31637661), yuv420p(tv, unknown/bt709/iec61966-2-1, progressive), 1008x682, q=2-31, 5 fps, 10240 tbn
      Metadata:
        encoder         : Lavc61.19.100 libx264
      Side data:
        cpb: bitrate max/min/avg: 0/0/0 buffer size: 0 vbv_delay: N/A
[vf#0:0 @ 000002433a1b2c00] Reconfiguring filter graph because video parameters changed to rgb24(pc, gbr), 1008x681
frame=   13 fps=0.0 q=23.0 size=       0KiB time=N/A bitrate=N/A speed=N/A    
[out#0/mp4 @ 000002433a5b2940] video:124KiB audio:0KiB subtitle:0KiB other streams:0KiB global headers:0KiB muxing overhead: 1.127448%
frame=   47 fps=0.0 q=-1.0 Lsize=     125KiB time=00:00:09.00 bitrate= 113.8kbits/s speed=10.5x    
[libx264 @ 000002433a1a3f40] frame I:2     Avg QP:11.33  size: 31591
[libx264 @ 000002433a1a3f40] frame P:13    Avg QP:16.90  size:  4188
[libx264 @ 000002433a1a3f40] frame B:32    Avg QP:23.29  size:   258
[libx264 @ 000002433a1a3f40] consecutive B-frames:  6.4%  8.5%  0.0% 85.1%
[libx264 @ 000002433a1a3f40] mb I  I16..4: 58.4% 19.9% 21.8%
[libx264 @ 000002433a1a3f40] mb P  I16..4:  1.4%  1.1%  1.7%  P16..4:  1.3%  0.3%  0.1%  0.0%  0.0%    skip:94.1%
[libx264 @ 000002433a1a3f40] mb B  I16..4:  0.2%  0.1%  0.0%  B16..8:  2.0%  0.1%  0.0%  direct: 0.1%  skip:97.4%  L0:51.3% L1:47.3% BI: 1.4%
[libx264 @ 000002433a1a3f40] 8x8 transform intra:22.0% inter:49.0%
[libx264 @ 000002433a1a3f40] coded y,uvDC,uvAC intra: 17.9% 22.7% 19.2% inter: 0.3% 0.4% 0.1%
[libx264 @ 000002433a1a3f40] i16 v,h,dc,p: 58% 36%  0%  5%
[libx264 @ 000002433a1a3f40] i8 v,h,dc,ddl,ddr,vr,hd,vl,hu: 47% 13% 34%  0%  3%  2%  1%  0%  1%
[libx264 @ 000002433a1a3f40] i4 v,h,dc,ddl,ddr,vr,hd,vl,hu: 32% 32% 14%  3%  4%  3%  4%  4%  3%
[libx264 @ 000002433a1a3f40] i8c dc,h,v,p: 69% 16%  9%  5%
[libx264 @ 000002433a1a3f40] Weighted P-Frames: Y:0.0% UV:0.0%
[libx264 @ 000002433a1a3f40] ref P L0: 81.9%  4.6% 11.6%  1.9%
[libx264 @ 000002433a1a3f40] ref B L0: 83.9% 15.1%  1.0%
[libx264 @ 000002433a1a3f40] ref B L1: 98.3%  1.7%
[libx264 @ 000002433a1a3f40] kb/s:107.13
[3135s]   videos/fix_self_intersection/driver.mp4 placed (frames 2186..2232)
[3135s]   screenshots/fix_self_intersection_executed.png placed
ffmpeg version 7.1-essentials_build-www.gyan.dev Copyright (c) 2000-2024 the FFmpeg developers
  built with gcc 14.2.0 (Rev1, Built by MSYS2 project)
  configuration: --enable-gpl --enable-version3 --enable-static --disable-w32threads --disable-autodetect --enable-fontconfig --enable-iconv --enable-gnutls --enable-libxml2 --enable-gmp --enable-bzlib --enable-lzma --enable-zlib --enable-libsrt --enable-libssh --enable-libzmq --enable-avisynth --enable-sdl2 --enable-libwebp --enable-libx264 --enable-libx265 --enable-libxvid --enable-libaom --enable-libopenjpeg --enable-libvpx --enable-mediafoundation --enable-libass --enable-libfreetype --enable-libfribidi --enable-libharfbuzz --enable-libvidstab --enable-libvmaf --enable-libzimg --enable-amf --enable-cuda-llvm --enable-cuvid --enable-dxva2 --enable-d3d11va --enable-d3d12va --enable-ffnvcodec --enable-libvpl --enable-nvdec --enable-nvenc --enable-vaapi --enable-libgme --enable-libopenmpt --enable-libopencore-amrwb --enable-libmp3lame --enable-libtheora --enable-libvo-amrwbenc --enable-libgsm --enable-libopencore-amrnb --enable-libopus --enable-libspeex --enable-libvorbis --enable-librubberband
  libavutil      59. 39.100 / 59. 39.100
  libavcodec     61. 19.100 / 61. 19.100
  libavformat    61.  7.100 / 61.  7.100
  libavdevice    61.  3.100 / 61.  3.100
  libavfilter    10.  4.100 / 10.  4.100
  libswscale      8.  3.100 /  8.  3.100
  libswresample   5.  3.100 /  5.  3.100
  libpostproc    58.  3.100 / 58.  3.100
Input #0, image2, from 'D:\a\comfy-gpu-ci\comfy-gpu-ci\comfy-test-logs\GeometryPack-1828\dev\windows-desktop\debug\electron_inspect\frames\frame_%06d.png':
  Duration: 00:05:49.00, start: 0.000000, bitrate: N/A
  Stream #0:0: Video: png, rgba(pc, gbr/bt709/iec61966-2-1), 1008x681, 5 fps, 5 tbr, 5 tbn
Stream mapping:
  Stream #0:0 -> #0:0 (png (native) -> h264 (libx264))
Press [q] to stop, [?] for help
[libx264 @ 0000016f54dd3bc0] using cpu capabilities: MMX2 SSE2Fast SSSE3 SSE4.2 AVX FMA3 BMI2 AVX2 AVX512
[libx264 @ 0000016f54dd3bc0] profile High, level 3.1, 4:2:0, 8-bit
[libx264 @ 0000016f54dd3bc0] 264 - core 164 r3192 c24e06c - H.264/MPEG-4 AVC codec - Copyleft 2003-2024 - http://www.videolan.org/x264.html - options: cabac=1 ref=3 deblock=1:0:0 analyse=0x3:0x113 me=hex subme=7 psy=1 psy_rd=1.00:0.00 mixed_ref=1 me_range=16 chroma_me=1 trellis=1 8x8dct=1 cqm=0 deadzone=21,11 fast_pskip=1 chroma_qp_offset=-2 threads=6 lookahead_threads=1 sliced_threads=0 nr=0 decimate=1 interlaced=0 bluray_compat=0 constrained_intra=0 bframes=3 b_pyramid=2 b_adapt=1 b_bias=0 direct=1 weightb=1 open_gop=0 weightp=2 keyint=250 keyint_min=5 scenecut=40 intra_refresh=0 rc_lookahead=40 rc=crf mbtree=1 crf=23.0 qcomp=0.60 qpmin=0 qpmax=69 qpstep=4 ip_ratio=1.40 aq=1:1.00
Output #0, mp4, to 'D:\a\comfy-gpu-ci\comfy-gpu-ci\comfy-test-logs\GeometryPack-1828\dev\windows-desktop\videos\mesh_info\driver.mp4':
  Metadata:
    encoder         : Lavf61.7.100
  Stream #0:0: Video: h264 (avc1 / 0x31637661), yuv420p(tv, unknown/bt709/iec61966-2-1, progressive), 1008x682, q=2-31, 5 fps, 10240 tbn
      Metadata:
        encoder         : Lavc61.19.100 libx264
      Side data:
        cpb: bitrate max/min/avg: 0/0/0 buffer size: 0 vbv_delay: N/A
[vf#0:0 @ 0000016f54de1880] Reconfiguring filter graph because video parameters changed to rgb24(pc, gbr), 1008x681
frame=    9 fps=0.0 q=23.0 size=       0KiB time=N/A bitrate=N/A speed=N/A    
[out#0/mp4 @ 0000016f54dd8c80] video:114KiB audio:0KiB subtitle:0KiB other streams:0KiB global headers:0KiB muxing overhead: 1.228528%
frame=   48 fps=0.0 q=-1.0 Lsize=     116KiB time=00:00:09.20 bitrate= 103.1kbits/s speed=11.1x    
[libx264 @ 0000016f54dd3bc0] frame I:2     Avg QP:12.38  size: 39824
[libx264 @ 0000016f54dd3bc0] frame P:12    Avg QP:15.98  size:  2642
[libx264 @ 0000016f54dd3bc0] frame B:34    Avg QP:22.79  size:   150
[libx264 @ 0000016f54dd3bc0] consecutive B-frames:  4.2%  4.2%  0.0% 91.7%
[libx264 @ 0000016f54dd3bc0] mb I  I16..4: 44.1% 28.7% 27.2%
[libx264 @ 0000016f54dd3bc0] mb P  I16..4:  1.3%  0.4%  1.2%  P16..4:  1.3%  0.2%  0.2%  0.0%  0.0%    skip:95.5%
[libx264 @ 0000016f54dd3bc0] mb B  I16..4:  0.2%  0.1%  0.0%  B16..8:  1.6%  0.1%  0.0%  direct: 0.1%  skip:97.9%  L0:49.6% L1:50.2% BI: 0.2%
[libx264 @ 0000016f54dd3bc0] 8x8 transform intra:26.5% inter:59.8%
[libx264 @ 0000016f54dd3bc0] coded y,uvDC,uvAC intra: 41.2% 20.6% 16.4% inter: 0.2% 0.3% 0.1%
[libx264 @ 0000016f54dd3bc0] i16 v,h,dc,p: 48% 45%  0%  6%
[libx264 @ 0000016f54dd3bc0] i8 v,h,dc,ddl,ddr,vr,hd,vl,hu: 56% 20% 19%  0%  2%  2%  1%  0%  1%
[libx264 @ 0000016f54dd3bc0] i4 v,h,dc,ddl,ddr,vr,hd,vl,hu: 43% 35% 10%  1%  2%  2%  3%  1%  3%
[libx264 @ 0000016f54dd3bc0] i8c dc,h,v,p: 73% 13%  9%  5%
[libx264 @ 0000016f54dd3bc0] Weighted P-Frames: Y:0.0% UV:0.0%
[libx264 @ 0000016f54dd3bc0] ref P L0: 87.3%  0.8%  6.1%  5.8%
[libx264 @ 0000016f54dd3bc0] ref B L0: 80.1% 19.0%  0.9%
[libx264 @ 0000016f54dd3bc0] ref B L1: 97.4%  2.6%
[libx264 @ 0000016f54dd3bc0] kb/s:97.04
[3136s]   videos/mesh_info/driver.mp4 placed (frames 2280..2327)
[3136s]   screenshots/mesh_info_executed.png placed
ffmpeg version 7.1-essentials_build-www.gyan.dev Copyright (c) 2000-2024 the FFmpeg developers
  built with gcc 14.2.0 (Rev1, Built by MSYS2 project)
  configuration: --enable-gpl --enable-version3 --enable-static --disable-w32threads --disable-autodetect --enable-fontconfig --enable-iconv --enable-gnutls --enable-libxml2 --enable-gmp --enable-bzlib --enable-lzma --enable-zlib --enable-libsrt --enable-libssh --enable-libzmq --enable-avisynth --enable-sdl2 --enable-libwebp --enable-libx264 --enable-libx265 --enable-libxvid --enable-libaom --enable-libopenjpeg --enable-libvpx --enable-mediafoundation --enable-libass --enable-libfreetype --enable-libfribidi --enable-libharfbuzz --enable-libvidstab --enable-libvmaf --enable-libzimg --enable-amf --enable-cuda-llvm --enable-cuvid --enable-dxva2 --enable-d3d11va --enable-d3d12va --enable-ffnvcodec --enable-libvpl --enable-nvdec --enable-nvenc --enable-vaapi --enable-libgme --enable-libopenmpt --enable-libopencore-amrwb --enable-libmp3lame --enable-libtheora --enable-libvo-amrwbenc --enable-libgsm --enable-libopencore-amrnb --enable-libopus --enable-libspeex --enable-libvorbis --enable-librubberband
  libavutil      59. 39.100 / 59. 39.100
  libavcodec     61. 19.100 / 61. 19.100
  libavformat    61.  7.100 / 61.  7.100
  libavdevice    61.  3.100 / 61.  3.100
  libavfilter    10.  4.100 / 10.  4.100
  libswscale      8.  3.100 /  8.  3.100
  libswresample   5.  3.100 /  5.  3.100
  libpostproc    58.  3.100 / 58.  3.100
Input #0, image2, from 'D:\a\comfy-gpu-ci\comfy-gpu-ci\comfy-test-logs\GeometryPack-1828\dev\windows-desktop\debug\electron_inspect\frames\frame_%06d.png':
  Duration: 00:05:29.80, start: 0.000000, bitrate: N/A
  Stream #0:0: Video: png, rgba(pc, gbr/bt709/iec61966-2-1), 1008x681, 5 fps, 5 tbr, 5 tbn
Stream mapping:
  Stream #0:0 -> #0:0 (png (native) -> h264 (libx264))
Press [q] to stop, [?] for help
[libx264 @ 0000021559373900] using cpu capabilities: MMX2 SSE2Fast SSSE3 SSE4.2 AVX FMA3 BMI2 AVX2 AVX512
[libx264 @ 0000021559373900] profile High, level 3.1, 4:2:0, 8-bit
[libx264 @ 0000021559373900] 264 - core 164 r3192 c24e06c - H.264/MPEG-4 AVC codec - Copyleft 2003-2024 - http://www.videolan.org/x264.html - options: cabac=1 ref=3 deblock=1:0:0 analyse=0x3:0x113 me=hex subme=7 psy=1 psy_rd=1.00:0.00 mixed_ref=1 me_range=16 chroma_me=1 trellis=1 8x8dct=1 cqm=0 deadzone=21,11 fast_pskip=1 chroma_qp_offset=-2 threads=6 lookahead_threads=1 sliced_threads=0 nr=0 decimate=1 interlaced=0 bluray_compat=0 constrained_intra=0 bframes=3 b_pyramid=2 b_adapt=1 b_bias=0 direct=1 weightb=1 open_gop=0 weightp=2 keyint=250 keyint_min=5 scenecut=40 intra_refresh=0 rc_lookahead=40 rc=crf mbtree=1 crf=23.0 qcomp=0.60 qpmin=0 qpmax=69 qpstep=4 ip_ratio=1.40 aq=1:1.00
Output #0, mp4, to 'D:\a\comfy-gpu-ci\comfy-gpu-ci\comfy-test-logs\GeometryPack-1828\dev\windows-desktop\videos\mesh_mesh_distance\driver.mp4':
  Metadata:
    encoder         : Lavf61.7.100
  Stream #0:0: Video: h264 (avc1 / 0x31637661), yuv420p(tv, unknown/bt709/iec61966-2-1, progressive), 1008x682, q=2-31, 5 fps, 10240 tbn
      Metadata:
        encoder         : Lavc61.19.100 libx264
      Side data:
        cpb: bitrate max/min/avg: 0/0/0 buffer size: 0 vbv_delay: N/A
[vf#0:0 @ 0000021559381140] Reconfiguring filter graph because video parameters changed to rgb24(pc, gbr), 1008x681
frame=    1 fps=0.0 q=23.0 size=       0KiB time=-00:00:00.20 bitrate=N/A speed=N/A    
frame=   47 fps= 45 q=23.0 size=       0KiB time=N/A bitrate=N/A speed=N/A    
[out#0/mp4 @ 0000021559382780] video:152KiB audio:0KiB subtitle:0KiB other streams:0KiB global headers:0KiB muxing overhead: 1.114208%
frame=   73 fps= 62 q=-1.0 Lsize=     153KiB time=00:00:14.20 bitrate=  88.5kbits/s speed=12.1x    
[libx264 @ 0000021559373900] frame I:2     Avg QP:13.31  size: 53728
[libx264 @ 0000021559373900] frame P:19    Avg QP:15.80  size:  2150
[libx264 @ 0000021559373900] frame B:52    Avg QP:23.03  size:   122
[libx264 @ 0000021559373900] consecutive B-frames:  2.7%  5.5%  4.1% 87.7%
[libx264 @ 0000021559373900] mb I  I16..4: 40.7% 22.6% 36.7%
[libx264 @ 0000021559373900] mb P  I16..4:  0.8%  0.1%  0.8%  P16..4:  1.4%  0.3%  0.1%  0.0%  0.0%    skip:96.4%
[libx264 @ 0000021559373900] mb B  I16..4:  0.1%  0.1%  0.0%  B16..8:  1.7%  0.1%  0.0%  direct: 0.0%  skip:98.0%  L0:44.5% L1:55.2% BI: 0.2%
[libx264 @ 0000021559373900] 8x8 transform intra:20.8% inter:48.7%
[libx264 @ 0000021559373900] coded y,uvDC,uvAC intra: 39.9% 25.8% 20.6% inter: 0.2% 0.4% 0.1%
[libx264 @ 0000021559373900] i16 v,h,dc,p: 40% 52%  1%  7%
[libx264 @ 0000021559373900] i8 v,h,dc,ddl,ddr,vr,hd,vl,hu: 45% 17% 31%  0%  3%  2%  1%  0%  1%
[libx264 @ 0000021559373900] i4 v,h,dc,ddl,ddr,vr,hd,vl,hu: 40% 38% 10%  1%  2%  2%  3%  1%  3%
[libx264 @ 0000021559373900] i8c dc,h,v,p: 66% 19% 10%  6%
[libx264 @ 0000021559373900] Weighted P-Frames: Y:0.0% UV:0.0%
[libx264 @ 0000021559373900] ref P L0: 84.3%  2.4% 11.6%  1.8%
[libx264 @ 0000021559373900] ref B L0: 66.9% 30.9%  2.3%
[libx264 @ 0000021559373900] ref B L1: 91.7%  8.3%
[libx264 @ 0000021559373900] kb/s:84.75
[3137s]   videos/mesh_mesh_distance/driver.mp4 placed (frames 2376..2448)
[3137s]   screenshots/mesh_mesh_distance_executed.png placed
ffmpeg version 7.1-essentials_build-www.gyan.dev Copyright (c) 2000-2024 the FFmpeg developers
  built with gcc 14.2.0 (Rev1, Built by MSYS2 project)
  configuration: --enable-gpl --enable-version3 --enable-static --disable-w32threads --disable-autodetect --enable-fontconfig --enable-iconv --enable-gnutls --enable-libxml2 --enable-gmp --enable-bzlib --enable-lzma --enable-zlib --enable-libsrt --enable-libssh --enable-libzmq --enable-avisynth --enable-sdl2 --enable-libwebp --enable-libx264 --enable-libx265 --enable-libxvid --enable-libaom --enable-libopenjpeg --enable-libvpx --enable-mediafoundation --enable-libass --enable-libfreetype --enable-libfribidi --enable-libharfbuzz --enable-libvidstab --enable-libvmaf --enable-libzimg --enable-amf --enable-cuda-llvm --enable-cuvid --enable-dxva2 --enable-d3d11va --enable-d3d12va --enable-ffnvcodec --enable-libvpl --enable-nvdec --enable-nvenc --enable-vaapi --enable-libgme --enable-libopenmpt --enable-libopencore-amrwb --enable-libmp3lame --enable-libtheora --enable-libvo-amrwbenc --enable-libgsm --enable-libopencore-amrnb --enable-libopus --enable-libspeex --enable-libvorbis --enable-librubberband
  libavutil      59. 39.100 / 59. 39.100
  libavcodec     61. 19.100 / 61. 19.100
  libavformat    61.  7.100 / 61.  7.100
  libavdevice    61.  3.100 / 61.  3.100
  libavfilter    10.  4.100 / 10.  4.100
  libswscale      8.  3.100 /  8.  3.100
  libswresample   5.  3.100 /  5.  3.100
  libpostproc    58.  3.100 / 58.  3.100
Input #0, image2, from 'D:\a\comfy-gpu-ci\comfy-gpu-ci\comfy-test-logs\GeometryPack-1828\dev\windows-desktop\debug\electron_inspect\frames\frame_%06d.png':
  Duration: 00:05:06.00, start: 0.000000, bitrate: N/A
  Stream #0:0: Video: png, rgba(pc, gbr/bt709/iec61966-2-1), 1008x681, 5 fps, 5 tbr, 5 tbn
Stream mapping:
  Stream #0:0 -> #0:0 (png (native) -> h264 (libx264))
Press [q] to stop, [?] for help
[libx264 @ 000002a0c2421840] using cpu capabilities: MMX2 SSE2Fast SSSE3 SSE4.2 AVX FMA3 BMI2 AVX2 AVX512
[libx264 @ 000002a0c2421840] profile High, level 3.1, 4:2:0, 8-bit
[libx264 @ 000002a0c2421840] 264 - core 164 r3192 c24e06c - H.264/MPEG-4 AVC codec - Copyleft 2003-2024 - http://www.videolan.org/x264.html - options: cabac=1 ref=3 deblock=1:0:0 analyse=0x3:0x113 me=hex subme=7 psy=1 psy_rd=1.00:0.00 mixed_ref=1 me_range=16 chroma_me=1 trellis=1 8x8dct=1 cqm=0 deadzone=21,11 fast_pskip=1 chroma_qp_offset=-2 threads=6 lookahead_threads=1 sliced_threads=0 nr=0 decimate=1 interlaced=0 bluray_compat=0 constrained_intra=0 bframes=3 b_pyramid=2 b_adapt=1 b_bias=0 direct=1 weightb=1 open_gop=0 weightp=2 keyint=250 keyint_min=5 scenecut=40 intra_refresh=0 rc_lookahead=40 rc=crf mbtree=1 crf=23.0 qcomp=0.60 qpmin=0 qpmax=69 qpstep=4 ip_ratio=1.40 aq=1:1.00
Output #0, mp4, to 'D:\a\comfy-gpu-ci\comfy-gpu-ci\comfy-test-logs\GeometryPack-1828\dev\windows-desktop\videos\normals\driver.mp4':
  Metadata:
    encoder         : Lavf61.7.100
  Stream #0:0: Video: h264 (avc1 / 0x31637661), yuv420p(tv, unknown/bt709/iec61966-2-1, progressive), 1008x682, q=2-31, 5 fps, 10240 tbn
      Metadata:
        encoder         : Lavc61.19.100 libx264
      Side data:
        cpb: bitrate max/min/avg: 0/0/0 buffer size: 0 vbv_delay: N/A
[vf#0:0 @ 000002a0c2413e80] Reconfiguring filter graph because video parameters changed to rgb24(pc, gbr), 1008x681
frame=   14 fps=0.0 q=23.0 size=       0KiB time=N/A bitrate=N/A speed=N/A    
[out#0/mp4 @ 000002a0c2418e00] video:84KiB audio:0KiB subtitle:0KiB other streams:0KiB global headers:0KiB muxing overhead: 1.702626%
frame=   51 fps=0.0 q=-1.0 Lsize=      86KiB time=00:00:09.80 bitrate=  71.5kbits/s speed=12.1x    
[libx264 @ 000002a0c2421840] frame I:2     Avg QP:11.67  size: 27650
[libx264 @ 000002a0c2421840] frame P:13    Avg QP:15.62  size:  1879
[libx264 @ 000002a0c2421840] frame B:36    Avg QP:22.99  size:   160
[libx264 @ 000002a0c2421840] consecutive B-frames:  3.9%  3.9%  5.9% 86.3%
[libx264 @ 000002a0c2421840] mb I  I16..4: 51.5% 28.6% 19.9%
[libx264 @ 000002a0c2421840] mb P  I16..4:  1.5%  0.6%  0.9%  P16..4:  1.0%  0.2%  0.1%  0.0%  0.0%    skip:95.6%
[libx264 @ 000002a0c2421840] mb B  I16..4:  0.2%  0.1%  0.0%  B16..8:  1.6%  0.1%  0.0%  direct: 0.1%  skip:97.9%  L0:40.2% L1:59.6% BI: 0.3%
[libx264 @ 000002a0c2421840] 8x8 transform intra:27.0% inter:56.0%
[libx264 @ 000002a0c2421840] coded y,uvDC,uvAC intra: 14.2% 18.8% 15.1% inter: 0.2% 0.3% 0.1%
[libx264 @ 000002a0c2421840] i16 v,h,dc,p: 63% 32%  0%  5%
[libx264 @ 000002a0c2421840] i8 v,h,dc,ddl,ddr,vr,hd,vl,hu: 53% 17% 25%  0%  2%  1%  1%  0%  1%
[libx264 @ 000002a0c2421840] i4 v,h,dc,ddl,ddr,vr,hd,vl,hu: 34% 36% 15%  2%  3%  2%  3%  2%  3%
[libx264 @ 000002a0c2421840] i8c dc,h,v,p: 73% 14%  9%  5%
[libx264 @ 000002a0c2421840] Weighted P-Frames: Y:0.0% UV:0.0%
[libx264 @ 000002a0c2421840] ref P L0: 72.6%  5.2% 19.9%  2.3%
[libx264 @ 000002a0c2421840] ref B L0: 84.3% 14.1%  1.6%
[libx264 @ 000002a0c2421840] ref B L1: 96.4%  3.6%
[libx264 @ 000002a0c2421840] kb/s:67.04
[3138s]   videos/normals/driver.mp4 placed (frames 2495..2545)
[3138s]   screenshots/normals_executed.png placed
ffmpeg version 7.1-essentials_build-www.gyan.dev Copyright (c) 2000-2024 the FFmpeg developers
  built with gcc 14.2.0 (Rev1, Built by MSYS2 project)
  configuration: --enable-gpl --enable-version3 --enable-static --disable-w32threads --disable-autodetect --enable-fontconfig --enable-iconv --enable-gnutls --enable-libxml2 --enable-gmp --enable-bzlib --enable-lzma --enable-zlib --enable-libsrt --enable-libssh --enable-libzmq --enable-avisynth --enable-sdl2 --enable-libwebp --enable-libx264 --enable-libx265 --enable-libxvid --enable-libaom --enable-libopenjpeg --enable-libvpx --enable-mediafoundation --enable-libass --enable-libfreetype --enable-libfribidi --enable-libharfbuzz --enable-libvidstab --enable-libvmaf --enable-libzimg --enable-amf --enable-cuda-llvm --enable-cuvid --enable-dxva2 --enable-d3d11va --enable-d3d12va --enable-ffnvcodec --enable-libvpl --enable-nvdec --enable-nvenc --enable-vaapi --enable-libgme --enable-libopenmpt --enable-libopencore-amrwb --enable-libmp3lame --enable-libtheora --enable-libvo-amrwbenc --enable-libgsm --enable-libopencore-amrnb --enable-libopus --enable-libspeex --enable-libvorbis --enable-librubberband
  libavutil      59. 39.100 / 59. 39.100
  libavcodec     61. 19.100 / 61. 19.100
  libavformat    61.  7.100 / 61.  7.100
  libavdevice    61.  3.100 / 61.  3.100
  libavfilter    10.  4.100 / 10.  4.100
  libswscale      8.  3.100 /  8.  3.100
  libswresample   5.  3.100 /  5.  3.100
  libpostproc    58.  3.100 / 58.  3.100
Input #0, image2, from 'D:\a\comfy-gpu-ci\comfy-gpu-ci\comfy-test-logs\GeometryPack-1828\dev\windows-desktop\debug\electron_inspect\frames\frame_%06d.png':
  Duration: 00:04:46.80, start: 0.000000, bitrate: N/A
  Stream #0:0: Video: png, rgba(pc, gbr/bt709/iec61966-2-1), 1008x681, 5 fps, 5 tbr, 5 tbn
Stream mapping:
  Stream #0:0 -> #0:0 (png (native) -> h264 (libx264))
Press [q] to stop, [?] for help
[libx264 @ 000001f405000ec0] using cpu capabilities: MMX2 SSE2Fast SSSE3 SSE4.2 AVX FMA3 BMI2 AVX2 AVX512
[libx264 @ 000001f405000ec0] profile High, level 3.1, 4:2:0, 8-bit
[libx264 @ 000001f405000ec0] 264 - core 164 r3192 c24e06c - H.264/MPEG-4 AVC codec - Copyleft 2003-2024 - http://www.videolan.org/x264.html - options: cabac=1 ref=3 deblock=1:0:0 analyse=0x3:0x113 me=hex subme=7 psy=1 psy_rd=1.00:0.00 mixed_ref=1 me_range=16 chroma_me=1 trellis=1 8x8dct=1 cqm=0 deadzone=21,11 fast_pskip=1 chroma_qp_offset=-2 threads=6 lookahead_threads=1 sliced_threads=0 nr=0 decimate=1 interlaced=0 bluray_compat=0 constrained_intra=0 bframes=3 b_pyramid=2 b_adapt=1 b_bias=0 direct=1 weightb=1 open_gop=0 weightp=2 keyint=250 keyint_min=5 scenecut=40 intra_refresh=0 rc_lookahead=40 rc=crf mbtree=1 crf=23.0 qcomp=0.60 qpmin=0 qpmax=69 qpstep=4 ip_ratio=1.40 aq=1:1.00
Output #0, mp4, to 'D:\a\comfy-gpu-ci\comfy-gpu-ci\comfy-test-logs\GeometryPack-1828\dev\windows-desktop\videos\point_mesh_distance\driver.mp4':
  Metadata:
    encoder         : Lavf61.7.100
  Stream #0:0: Video: h264 (avc1 / 0x31637661), yuv420p(tv, unknown/bt709/iec61966-2-1, progressive), 1008x682, q=2-31, 5 fps, 10240 tbn
      Metadata:
        encoder         : Lavc61.19.100 libx264
      Side data:
        cpb: bitrate max/min/avg: 0/0/0 buffer size: 0 vbv_delay: N/A
[vf#0:0 @ 000001f404ff4100] Reconfiguring filter graph because video parameters changed to rgb24(pc, gbr), 1008x681
frame=    9 fps=0.0 q=23.0 size=       0KiB time=N/A bitrate=N/A speed=N/A    
[out#0/mp4 @ 000001f405002780] video:97KiB audio:0KiB subtitle:0KiB other streams:0KiB global headers:0KiB muxing overhead: 1.472359%
frame=   50 fps=0.0 q=-1.0 Lsize=      98KiB time=00:00:09.60 bitrate=  83.6kbits/s speed=11.6x    
[libx264 @ 000001f405000ec0] frame I:2     Avg QP:11.75  size: 31802
[libx264 @ 000001f405000ec0] frame P:14    Avg QP:16.84  size:  2104
[libx264 @ 000001f405000ec0] frame B:34    Avg QP:23.13  size:   149
[libx264 @ 000001f405000ec0] consecutive B-frames:  6.0%  8.0%  6.0% 80.0%
[libx264 @ 000001f405000ec0] mb I  I16..4: 54.8% 23.5% 21.7%
[libx264 @ 000001f405000ec0] mb P  I16..4:  0.8%  0.7%  0.9%  P16..4:  1.2%  0.2%  0.1%  0.0%  0.0%    skip:96.0%
[libx264 @ 000001f405000ec0] mb B  I16..4:  0.2%  0.1%  0.0%  B16..8:  1.2%  0.1%  0.0%  direct: 0.1%  skip:98.4%  L0:48.4% L1:51.3% BI: 0.3%
[libx264 @ 000001f405000ec0] 8x8 transform intra:24.3% inter:52.1%
[libx264 @ 000001f405000ec0] coded y,uvDC,uvAC intra: 16.2% 20.1% 16.5% inter: 0.2% 0.3% 0.1%
[libx264 @ 000001f405000ec0] i16 v,h,dc,p: 58% 36%  0%  6%
[libx264 @ 000001f405000ec0] i8 v,h,dc,ddl,ddr,vr,hd,vl,hu: 48% 20% 26%  0%  2%  2%  1%  0%  1%
[libx264 @ 000001f405000ec0] i4 v,h,dc,ddl,ddr,vr,hd,vl,hu: 33% 34% 14%  2%  4%  3%  4%  2%  4%
[libx264 @ 000001f405000ec0] i8c dc,h,v,p: 73% 14%  8%  5%
[libx264 @ 000001f405000ec0] Weighted P-Frames: Y:0.0% UV:0.0%
[libx264 @ 000001f405000ec0] ref P L0: 83.1%  6.6%  9.5%  0.8%
[libx264 @ 000001f405000ec0] ref B L0: 83.3% 15.7%  1.0%
[libx264 @ 000001f405000ec0] ref B L1: 97.1%  2.9%
[libx264 @ 000001f405000ec0] kb/s:78.51
[3139s]   videos/point_mesh_distance/driver.mp4 placed (frames 2591..2640)
[3139s]   screenshots/point_mesh_distance_executed.png placed
ffmpeg version 7.1-essentials_build-www.gyan.dev Copyright (c) 2000-2024 the FFmpeg developers
  built with gcc 14.2.0 (Rev1, Built by MSYS2 project)
  configuration: --enable-gpl --enable-version3 --enable-static --disable-w32threads --disable-autodetect --enable-fontconfig --enable-iconv --enable-gnutls --enable-libxml2 --enable-gmp --enable-bzlib --enable-lzma --enable-zlib --enable-libsrt --enable-libssh --enable-libzmq --enable-avisynth --enable-sdl2 --enable-libwebp --enable-libx264 --enable-libx265 --enable-libxvid --enable-libaom --enable-libopenjpeg --enable-libvpx --enable-mediafoundation --enable-libass --enable-libfreetype --enable-libfribidi --enable-libharfbuzz --enable-libvidstab --enable-libvmaf --enable-libzimg --enable-amf --enable-cuda-llvm --enable-cuvid --enable-dxva2 --enable-d3d11va --enable-d3d12va --enable-ffnvcodec --enable-libvpl --enable-nvdec --enable-nvenc --enable-vaapi --enable-libgme --enable-libopenmpt --enable-libopencore-amrwb --enable-libmp3lame --enable-libtheora --enable-libvo-amrwbenc --enable-libgsm --enable-libopencore-amrnb --enable-libopus --enable-libspeex --enable-libvorbis --enable-librubberband
  libavutil      59. 39.100 / 59. 39.100
  libavcodec     61. 19.100 / 61. 19.100
  libavformat    61.  7.100 / 61.  7.100
  libavdevice    61.  3.100 / 61.  3.100
  libavfilter    10.  4.100 / 10.  4.100
  libswscale      8.  3.100 /  8.  3.100
  libswresample   5.  3.100 /  5.  3.100
  libpostproc    58.  3.100 / 58.  3.100
Input #0, image2, from 'D:\a\comfy-gpu-ci\comfy-gpu-ci\comfy-test-logs\GeometryPack-1828\dev\windows-desktop\debug\electron_inspect\frames\frame_%06d.png':
  Duration: 00:04:27.60, start: 0.000000, bitrate: N/A
  Stream #0:0: Video: png, rgba(pc, gbr/bt709/iec61966-2-1), 1008x681, 5 fps, 5 tbr, 5 tbn
Stream mapping:
  Stream #0:0 -> #0:0 (png (native) -> h264 (libx264))
Press [q] to stop, [?] for help
[libx264 @ 000001ddfdfd0a00] using cpu capabilities: MMX2 SSE2Fast SSSE3 SSE4.2 AVX FMA3 BMI2 AVX2 AVX512
[libx264 @ 000001ddfdfd0a00] profile High, level 3.1, 4:2:0, 8-bit
[libx264 @ 000001ddfdfd0a00] 264 - core 164 r3192 c24e06c - H.264/MPEG-4 AVC codec - Copyleft 2003-2024 - http://www.videolan.org/x264.html - options: cabac=1 ref=3 deblock=1:0:0 analyse=0x3:0x113 me=hex subme=7 psy=1 psy_rd=1.00:0.00 mixed_ref=1 me_range=16 chroma_me=1 trellis=1 8x8dct=1 cqm=0 deadzone=21,11 fast_pskip=1 chroma_qp_offset=-2 threads=6 lookahead_threads=1 sliced_threads=0 nr=0 decimate=1 interlaced=0 bluray_compat=0 constrained_intra=0 bframes=3 b_pyramid=2 b_adapt=1 b_bias=0 direct=1 weightb=1 open_gop=0 weightp=2 keyint=250 keyint_min=5 scenecut=40 intra_refresh=0 rc_lookahead=40 rc=crf mbtree=1 crf=23.0 qcomp=0.60 qpmin=0 qpmax=69 qpstep=4 ip_ratio=1.40 aq=1:1.00
Output #0, mp4, to 'D:\a\comfy-gpu-ci\comfy-gpu-ci\comfy-test-logs\GeometryPack-1828\dev\windows-desktop\videos\preview_mesh_threejs\driver.mp4':
  Metadata:
    encoder         : Lavf61.7.100
  Stream #0:0: Video: h264 (avc1 / 0x31637661), yuv420p(tv, unknown/bt709/iec61966-2-1, progressive), 1008x682, q=2-31, 5 fps, 10240 tbn
      Metadata:
        encoder         : Lavc61.19.100 libx264
      Side data:
        cpb: bitrate max/min/avg: 0/0/0 buffer size: 0 vbv_delay: N/A
[vf#0:0 @ 000001ddfdf64100] Reconfiguring filter graph because video parameters changed to rgb24(pc, gbr), 1008x681
frame=   17 fps=0.0 q=23.0 size=       0KiB time=N/A bitrate=N/A speed=N/A    
[out#0/mp4 @ 000001ddfe025ec0] video:101KiB audio:0KiB subtitle:0KiB other streams:0KiB global headers:0KiB muxing overhead: 1.214374%
frame=   33 fps=0.0 q=-1.0 Lsize=     102KiB time=00:00:06.20 bitrate= 134.5kbits/s speed=10.7x    
[libx264 @ 000001ddfdfd0a00] frame I:2     Avg QP:12.71  size: 37152
[libx264 @ 000001ddfdfd0a00] frame P:9     Avg QP:16.19  size:  2521
[libx264 @ 000001ddfdfd0a00] frame B:22    Avg QP:20.35  size:   243
[libx264 @ 000001ddfdfd0a00] consecutive B-frames:  6.1% 12.1%  9.1% 72.7%
[libx264 @ 000001ddfdfd0a00] mb I  I16..4: 44.1% 28.0% 27.9%
[libx264 @ 000001ddfdfd0a00] mb P  I16..4:  1.4%  1.1%  1.6%  P16..4:  1.7%  0.3%  0.2%  0.0%  0.0%    skip:93.7%
[libx264 @ 000001ddfdfd0a00] mb B  I16..4:  0.4%  0.1%  0.0%  B16..8:  2.1%  0.1%  0.0%  direct: 0.2%  skip:97.1%  L0:43.4% L1:56.4% BI: 0.2%
[libx264 @ 000001ddfdfd0a00] 8x8 transform intra:27.6% inter:56.7%
[libx264 @ 000001ddfdfd0a00] coded y,uvDC,uvAC intra: 30.7% 16.5% 13.1% inter: 0.4% 0.5% 0.2%
[libx264 @ 000001ddfdfd0a00] i16 v,h,dc,p: 36% 58%  1%  6%
[libx264 @ 000001ddfdfd0a00] i8 v,h,dc,ddl,ddr,vr,hd,vl,hu: 40% 12% 42%  0%  2%  2%  1%  0%  1%
[libx264 @ 000001ddfdfd0a00] i4 v,h,dc,ddl,ddr,vr,hd,vl,hu: 41% 33% 13%  1%  2%  2%  3%  1%  3%
[libx264 @ 000001ddfdfd0a00] i8c dc,h,v,p: 73% 15%  7%  5%
[libx264 @ 000001ddfdfd0a00] Weighted P-Frames: Y:0.0% UV:0.0%
[libx264 @ 000001ddfdfd0a00] ref P L0: 88.2%  2.3%  7.4%  2.2%
[libx264 @ 000001ddfdfd0a00] ref B L0: 81.0% 17.7%  1.3%
[libx264 @ 000001ddfdfd0a00] ref B L1: 96.7%  3.3%
[libx264 @ 000001ddfdfd0a00] kb/s:124.03
[3139s]   videos/preview_mesh_threejs/driver.mp4 placed (frames 2687..2719)
[3139s]   screenshots/preview_mesh_threejs_executed.png placed
ffmpeg version 7.1-essentials_build-www.gyan.dev Copyright (c) 2000-2024 the FFmpeg developers
  built with gcc 14.2.0 (Rev1, Built by MSYS2 project)
  configuration: --enable-gpl --enable-version3 --enable-static --disable-w32threads --disable-autodetect --enable-fontconfig --enable-iconv --enable-gnutls --enable-libxml2 --enable-gmp --enable-bzlib --enable-lzma --enable-zlib --enable-libsrt --enable-libssh --enable-libzmq --enable-avisynth --enable-sdl2 --enable-libwebp --enable-libx264 --enable-libx265 --enable-libxvid --enable-libaom --enable-libopenjpeg --enable-libvpx --enable-mediafoundation --enable-libass --enable-libfreetype --enable-libfribidi --enable-libharfbuzz --enable-libvidstab --enable-libvmaf --enable-libzimg --enable-amf --enable-cuda-llvm --enable-cuvid --enable-dxva2 --enable-d3d11va --enable-d3d12va --enable-ffnvcodec --enable-libvpl --enable-nvdec --enable-nvenc --enable-vaapi --enable-libgme --enable-libopenmpt --enable-libopencore-amrwb --enable-libmp3lame --enable-libtheora --enable-libvo-amrwbenc --enable-libgsm --enable-libopencore-amrnb --enable-libopus --enable-libspeex --enable-libvorbis --enable-librubberband
  libavutil      59. 39.100 / 59. 39.100
  libavcodec     61. 19.100 / 61. 19.100
  libavformat    61.  7.100 / 61.  7.100
  libavdevice    61.  3.100 / 61.  3.100
  libavfilter    10.  4.100 / 10.  4.100
  libswscale      8.  3.100 /  8.  3.100
  libswresample   5.  3.100 /  5.  3.100
  libpostproc    58.  3.100 / 58.  3.100
Input #0, image2, from 'D:\a\comfy-gpu-ci\comfy-gpu-ci\comfy-test-logs\GeometryPack-1828\dev\windows-desktop\debug\electron_inspect\frames\frame_%06d.png':
  Duration: 00:04:11.20, start: 0.000000, bitrate: N/A
  Stream #0:0: Video: png, rgba(pc, gbr/bt709/iec61966-2-1), 1008x681, 5 fps, 5 tbr, 5 tbn
Stream mapping:
  Stream #0:0 -> #0:0 (png (native) -> h264 (libx264))
Press [q] to stop, [?] for help
[libx264 @ 00000194363d3a80] using cpu capabilities: MMX2 SSE2Fast SSSE3 SSE4.2 AVX FMA3 BMI2 AVX2 AVX512
[libx264 @ 00000194363d3a80] profile High, level 3.1, 4:2:0, 8-bit
[libx264 @ 00000194363d3a80] 264 - core 164 r3192 c24e06c - H.264/MPEG-4 AVC codec - Copyleft 2003-2024 - http://www.videolan.org/x264.html - options: cabac=1 ref=3 deblock=1:0:0 analyse=0x3:0x113 me=hex subme=7 psy=1 psy_rd=1.00:0.00 mixed_ref=1 me_range=16 chroma_me=1 trellis=1 8x8dct=1 cqm=0 deadzone=21,11 fast_pskip=1 chroma_qp_offset=-2 threads=6 lookahead_threads=1 sliced_threads=0 nr=0 decimate=1 interlaced=0 bluray_compat=0 constrained_intra=0 bframes=3 b_pyramid=2 b_adapt=1 b_bias=0 direct=1 weightb=1 open_gop=0 weightp=2 keyint=250 keyint_min=5 scenecut=40 intra_refresh=0 rc_lookahead=40 rc=crf mbtree=1 crf=23.0 qcomp=0.60 qpmin=0 qpmax=69 qpstep=4 ip_ratio=1.40 aq=1:1.00
Output #0, mp4, to 'D:\a\comfy-gpu-ci\comfy-gpu-ci\comfy-test-logs\GeometryPack-1828\dev\windows-desktop\videos\reconstruct_all\driver.mp4':
  Metadata:
    encoder         : Lavf61.7.100
  Stream #0:0: Video: h264 (avc1 / 0x31637661), yuv420p(tv, unknown/bt709/iec61966-2-1, progressive), 1008x682, q=2-31, 5 fps, 10240 tbn
      Metadata:
        encoder         : Lavc61.19.100 libx264
      Side data:
        cpb: bitrate max/min/avg: 0/0/0 buffer size: 0 vbv_delay: N/A
[vf#0:0 @ 00000194363d4180] Reconfiguring filter graph because video parameters changed to rgb24(pc, gbr), 1008x681
frame=    1 fps=0.0 q=23.0 size=       0KiB time=-00:00:00.20 bitrate=N/A speed=N/A    
[out#0/mp4 @ 00000194363d8e00] video:118KiB audio:0KiB subtitle:0KiB other streams:0KiB global headers:0KiB muxing overhead: 1.367633%
frame=   66 fps=0.0 q=-1.0 Lsize=     120KiB time=00:00:12.80 bitrate=  76.7kbits/s speed=13.6x    
[libx264 @ 00000194363d3a80] frame I:2     Avg QP:12.87  size: 33802
[libx264 @ 00000194363d3a80] frame P:17    Avg QP:16.43  size:  2607
[libx264 @ 00000194363d3a80] frame B:47    Avg QP:23.49  size:   179
[libx264 @ 00000194363d3a80] consecutive B-frames:  3.0%  6.1%  0.0% 90.9%
[libx264 @ 00000194363d3a80] mb I  I16..4: 46.2% 30.7% 23.0%
[libx264 @ 00000194363d3a80] mb P  I16..4:  0.9%  0.4%  0.9%  P16..4:  1.4%  0.3%  0.1%  0.0%  0.0%    skip:95.9%
[libx264 @ 00000194363d3a80] mb B  I16..4:  0.2%  0.1%  0.0%  B16..8:  1.5%  0.1%  0.0%  direct: 0.1%  skip:98.0%  L0:43.4% L1:55.8% BI: 0.8%
[libx264 @ 00000194363d3a80] 8x8 transform intra:29.0% inter:48.2%
[libx264 @ 00000194363d3a80] coded y,uvDC,uvAC intra: 17.4% 22.7% 18.7% inter: 0.3% 0.4% 0.1%
[libx264 @ 00000194363d3a80] i16 v,h,dc,p: 52% 41%  0%  6%
[libx264 @ 00000194363d3a80] i8 v,h,dc,ddl,ddr,vr,hd,vl,hu: 57% 17% 22%  0%  1%  2%  1%  0%  1%
[libx264 @ 00000194363d3a80] i4 v,h,dc,ddl,ddr,vr,hd,vl,hu: 35% 35% 14%  2%  3%  3%  3%  2%  3%
[libx264 @ 00000194363d3a80] i8c dc,h,v,p: 69% 16% 10%  5%
[libx264 @ 00000194363d3a80] Weighted P-Frames: Y:0.0% UV:0.0%
[libx264 @ 00000194363d3a80] ref P L0: 86.6%  2.9%  9.6%  1.0%
[libx264 @ 00000194363d3a80] ref B L0: 81.6% 15.7%  2.7%
[libx264 @ 00000194363d3a80] ref B L1: 96.0%  4.0%
[libx264 @ 00000194363d3a80] kb/s:72.92
[3140s]   videos/reconstruct_all/driver.mp4 placed (frames 2769..2834)
[3140s]   screenshots/reconstruct_all_executed.png placed
ffmpeg version 7.1-essentials_build-www.gyan.dev Copyright (c) 2000-2024 the FFmpeg developers
  built with gcc 14.2.0 (Rev1, Built by MSYS2 project)
  configuration: --enable-gpl --enable-version3 --enable-static --disable-w32threads --disable-autodetect --enable-fontconfig --enable-iconv --enable-gnutls --enable-libxml2 --enable-gmp --enable-bzlib --enable-lzma --enable-zlib --enable-libsrt --enable-libssh --enable-libzmq --enable-avisynth --enable-sdl2 --enable-libwebp --enable-libx264 --enable-libx265 --enable-libxvid --enable-libaom --enable-libopenjpeg --enable-libvpx --enable-mediafoundation --enable-libass --enable-libfreetype --enable-libfribidi --enable-libharfbuzz --enable-libvidstab --enable-libvmaf --enable-libzimg --enable-amf --enable-cuda-llvm --enable-cuvid --enable-dxva2 --enable-d3d11va --enable-d3d12va --enable-ffnvcodec --enable-libvpl --enable-nvdec --enable-nvenc --enable-vaapi --enable-libgme --enable-libopenmpt --enable-libopencore-amrwb --enable-libmp3lame --enable-libtheora --enable-libvo-amrwbenc --enable-libgsm --enable-libopencore-amrnb --enable-libopus --enable-libspeex --enable-libvorbis --enable-librubberband
  libavutil      59. 39.100 / 59. 39.100
  libavcodec     61. 19.100 / 61. 19.100
  libavformat    61.  7.100 / 61.  7.100
  libavdevice    61.  3.100 / 61.  3.100
  libavfilter    10.  4.100 / 10.  4.100
  libswscale      8.  3.100 /  8.  3.100
  libswresample   5.  3.100 /  5.  3.100
  libpostproc    58.  3.100 / 58.  3.100
Input #0, image2, from 'D:\a\comfy-gpu-ci\comfy-gpu-ci\comfy-test-logs\GeometryPack-1828\dev\windows-desktop\debug\electron_inspect\frames\frame_%06d.png':
  Duration: 00:03:48.80, start: 0.000000, bitrate: N/A
  Stream #0:0: Video: png, rgba(pc, gbr/bt709/iec61966-2-1), 1008x681, 5 fps, 5 tbr, 5 tbn
Stream mapping:
  Stream #0:0 -> #0:0 (png (native) -> h264 (libx264))
Press [q] to stop, [?] for help
[libx264 @ 0000027239f73cc0] using cpu capabilities: MMX2 SSE2Fast SSSE3 SSE4.2 AVX FMA3 BMI2 AVX2 AVX512
[libx264 @ 0000027239f73cc0] profile High, level 3.1, 4:2:0, 8-bit
[libx264 @ 0000027239f73cc0] 264 - core 164 r3192 c24e06c - H.264/MPEG-4 AVC codec - Copyleft 2003-2024 - http://www.videolan.org/x264.html - options: cabac=1 ref=3 deblock=1:0:0 analyse=0x3:0x113 me=hex subme=7 psy=1 psy_rd=1.00:0.00 mixed_ref=1 me_range=16 chroma_me=1 trellis=1 8x8dct=1 cqm=0 deadzone=21,11 fast_pskip=1 chroma_qp_offset=-2 threads=6 lookahead_threads=1 sliced_threads=0 nr=0 decimate=1 interlaced=0 bluray_compat=0 constrained_intra=0 bframes=3 b_pyramid=2 b_adapt=1 b_bias=0 direct=1 weightb=1 open_gop=0 weightp=2 keyint=250 keyint_min=5 scenecut=40 intra_refresh=0 rc_lookahead=40 rc=crf mbtree=1 crf=23.0 qcomp=0.60 qpmin=0 qpmax=69 qpstep=4 ip_ratio=1.40 aq=1:1.00
Output #0, mp4, to 'D:\a\comfy-gpu-ci\comfy-gpu-ci\comfy-test-logs\GeometryPack-1828\dev\windows-desktop\videos\refine_mesh\driver.mp4':
  Metadata:
    encoder         : Lavf61.7.100
  Stream #0:0: Video: h264 (avc1 / 0x31637661), yuv420p(tv, unknown/bt709/iec61966-2-1, progressive), 1008x682, q=2-31, 5 fps, 10240 tbn
      Metadata:
        encoder         : Lavc61.19.100 libx264
      Side data:
        cpb: bitrate max/min/avg: 0/0/0 buffer size: 0 vbv_delay: N/A
[vf#0:0 @ 0000027239f81940] Reconfiguring filter graph because video parameters changed to rgb24(pc, gbr), 1008x681
frame=   21 fps=0.0 q=23.0 size=       0KiB time=N/A bitrate=N/A speed=N/A    
[out#0/mp4 @ 0000027239f78c80] video:93KiB audio:0KiB subtitle:0KiB other streams:0KiB global headers:0KiB muxing overhead: 1.428646%
frame=   42 fps=0.0 q=-1.0 Lsize=      95KiB time=00:00:08.00 bitrate=  97.1kbits/s speed=  12x    
[libx264 @ 0000027239f73cc0] frame I:2     Avg QP:12.39  size: 28603
[libx264 @ 0000027239f73cc0] frame P:11    Avg QP:16.12  size:  2808
[libx264 @ 0000027239f73cc0] frame B:29    Avg QP:22.66  size:   238
[libx264 @ 0000027239f73cc0] consecutive B-frames:  4.8%  9.5%  0.0% 85.7%
[libx264 @ 0000027239f73cc0] mb I  I16..4: 48.2% 31.2% 20.6%
[libx264 @ 0000027239f73cc0] mb P  I16..4:  1.6%  0.9%  1.2%  P16..4:  1.4%  0.3%  0.1%  0.0%  0.0%    skip:94.5%
[libx264 @ 0000027239f73cc0] mb B  I16..4:  0.2%  0.2%  0.0%  B16..8:  1.9%  0.1%  0.0%  direct: 0.1%  skip:97.3%  L0:39.3% L1:60.3% BI: 0.5%
[libx264 @ 0000027239f73cc0] 8x8 transform intra:30.7% inter:58.8%
[libx264 @ 0000027239f73cc0] coded y,uvDC,uvAC intra: 14.7% 18.5% 15.1% inter: 0.3% 0.4% 0.1%
[libx264 @ 0000027239f73cc0] i16 v,h,dc,p: 52% 42%  0%  6%
[libx264 @ 0000027239f73cc0] i8 v,h,dc,ddl,ddr,vr,hd,vl,hu: 58% 13% 25%  0%  1%  1%  1%  0%  0%
[libx264 @ 0000027239f73cc0] i4 v,h,dc,ddl,ddr,vr,hd,vl,hu: 35% 34% 15%  2%  3%  3%  4%  2%  3%
[libx264 @ 0000027239f73cc0] i8c dc,h,v,p: 72% 15%  9%  5%
[libx264 @ 0000027239f73cc0] Weighted P-Frames: Y:0.0% UV:0.0%
[libx264 @ 0000027239f73cc0] ref P L0: 68.9% 11.3% 19.4%  0.5%
[libx264 @ 0000027239f73cc0] ref B L0: 86.3% 12.6%  1.1%
[libx264 @ 0000027239f73cc0] ref B L1: 98.2%  1.8%
[libx264 @ 0000027239f73cc0] kb/s:90.47
[3141s]   videos/refine_mesh/driver.mp4 placed (frames 2881..2922)
[3141s]   screenshots/refine_mesh_executed.png placed
ffmpeg version 7.1-essentials_build-www.gyan.dev Copyright (c) 2000-2024 the FFmpeg developers
  built with gcc 14.2.0 (Rev1, Built by MSYS2 project)
  configuration: --enable-gpl --enable-version3 --enable-static --disable-w32threads --disable-autodetect --enable-fontconfig --enable-iconv --enable-gnutls --enable-libxml2 --enable-gmp --enable-bzlib --enable-lzma --enable-zlib --enable-libsrt --enable-libssh --enable-libzmq --enable-avisynth --enable-sdl2 --enable-libwebp --enable-libx264 --enable-libx265 --enable-libxvid --enable-libaom --enable-libopenjpeg --enable-libvpx --enable-mediafoundation --enable-libass --enable-libfreetype --enable-libfribidi --enable-libharfbuzz --enable-libvidstab --enable-libvmaf --enable-libzimg --enable-amf --enable-cuda-llvm --enable-cuvid --enable-dxva2 --enable-d3d11va --enable-d3d12va --enable-ffnvcodec --enable-libvpl --enable-nvdec --enable-nvenc --enable-vaapi --enable-libgme --enable-libopenmpt --enable-libopencore-amrwb --enable-libmp3lame --enable-libtheora --enable-libvo-amrwbenc --enable-libgsm --enable-libopencore-amrnb --enable-libopus --enable-libspeex --enable-libvorbis --enable-librubberband
  libavutil      59. 39.100 / 59. 39.100
  libavcodec     61. 19.100 / 61. 19.100
  libavformat    61.  7.100 / 61.  7.100
  libavdevice    61.  3.100 / 61.  3.100
  libavfilter    10.  4.100 / 10.  4.100
  libswscale      8.  3.100 /  8.  3.100
  libswresample   5.  3.100 /  5.  3.100
  libpostproc    58.  3.100 / 58.  3.100
Input #0, image2, from 'D:\a\comfy-gpu-ci\comfy-gpu-ci\comfy-test-logs\GeometryPack-1828\dev\windows-desktop\debug\electron_inspect\frames\frame_%06d.png':
  Duration: 00:03:31.20, start: 0.000000, bitrate: N/A
  Stream #0:0: Video: png, rgba(pc, gbr/bt709/iec61966-2-1), 1008x681, 5 fps, 5 tbr, 5 tbn
Stream mapping:
  Stream #0:0 -> #0:0 (png (native) -> h264 (libx264))
Press [q] to stop, [?] for help
[libx264 @ 0000023165423b80] using cpu capabilities: MMX2 SSE2Fast SSSE3 SSE4.2 AVX FMA3 BMI2 AVX2 AVX512
[libx264 @ 0000023165423b80] profile High, level 3.1, 4:2:0, 8-bit
[libx264 @ 0000023165423b80] 264 - core 164 r3192 c24e06c - H.264/MPEG-4 AVC codec - Copyleft 2003-2024 - http://www.videolan.org/x264.html - options: cabac=1 ref=3 deblock=1:0:0 analyse=0x3:0x113 me=hex subme=7 psy=1 psy_rd=1.00:0.00 mixed_ref=1 me_range=16 chroma_me=1 trellis=1 8x8dct=1 cqm=0 deadzone=21,11 fast_pskip=1 chroma_qp_offset=-2 threads=6 lookahead_threads=1 sliced_threads=0 nr=0 decimate=1 interlaced=0 bluray_compat=0 constrained_intra=0 bframes=3 b_pyramid=2 b_adapt=1 b_bias=0 direct=1 weightb=1 open_gop=0 weightp=2 keyint=250 keyint_min=5 scenecut=40 intra_refresh=0 rc_lookahead=40 rc=crf mbtree=1 crf=23.0 qcomp=0.60 qpmin=0 qpmax=69 qpstep=4 ip_ratio=1.40 aq=1:1.00
Output #0, mp4, to 'D:\a\comfy-gpu-ci\comfy-gpu-ci\comfy-test-logs\GeometryPack-1828\dev\windows-desktop\videos\remesh_intersections\driver.mp4':
  Metadata:
    encoder         : Lavf61.7.100
  Stream #0:0: Video: h264 (avc1 / 0x31637661), yuv420p(tv, unknown/bt709/iec61966-2-1, progressive), 1008x682, q=2-31, 5 fps, 10240 tbn
      Metadata:
        encoder         : Lavc61.19.100 libx264
      Side data:
        cpb: bitrate max/min/avg: 0/0/0 buffer size: 0 vbv_delay: N/A
[vf#0:0 @ 00000231654240c0] Reconfiguring filter graph because video parameters changed to rgb24(pc, gbr), 1008x681
frame=   23 fps=0.0 q=23.0 size=       0KiB time=N/A bitrate=N/A speed=N/A    
[out#0/mp4 @ 00000231657b0e80] video:112KiB audio:0KiB subtitle:0KiB other streams:0KiB global headers:0KiB muxing overhead: 1.235352%
frame=   47 fps=0.0 q=-1.0 Lsize=     114KiB time=00:00:09.00 bitrate= 103.4kbits/s speed=14.6x    
[libx264 @ 0000023165423b80] frame I:2     Avg QP:11.58  size: 29968
[libx264 @ 0000023165423b80] frame P:13    Avg QP:15.68  size:  3714
[libx264 @ 0000023165423b80] frame B:32    Avg QP:22.76  size:   186
[libx264 @ 0000023165423b80] consecutive B-frames:  4.3% 12.8%  6.4% 76.6%
[libx264 @ 0000023165423b80] mb I  I16..4: 57.0% 22.7% 20.3%
[libx264 @ 0000023165423b80] mb P  I16..4:  1.3%  0.5%  1.4%  P16..4:  1.5%  0.2%  0.2%  0.0%  0.0%    skip:94.9%
[libx264 @ 0000023165423b80] mb B  I16..4:  0.1%  0.1%  0.0%  B16..8:  1.6%  0.1%  0.0%  direct: 0.1%  skip:97.9%  L0:39.7% L1:60.0% BI: 0.4%
[libx264 @ 0000023165423b80] 8x8 transform intra:22.2% inter:47.3%
[libx264 @ 0000023165423b80] coded y,uvDC,uvAC intra: 17.5% 22.3% 18.7% inter: 0.3% 0.4% 0.1%
[libx264 @ 0000023165423b80] i16 v,h,dc,p: 59% 36%  0%  5%
[libx264 @ 0000023165423b80] i8 v,h,dc,ddl,ddr,vr,hd,vl,hu: 50% 22% 23%  0%  2%  1%  1%  0%  1%
[libx264 @ 0000023165423b80] i4 v,h,dc,ddl,ddr,vr,hd,vl,hu: 32% 32% 15%  4%  3%  3%  4%  2%  4%
[libx264 @ 0000023165423b80] i8c dc,h,v,p: 70% 16%  8%  5%
[libx264 @ 0000023165423b80] Weighted P-Frames: Y:0.0% UV:0.0%
[libx264 @ 0000023165423b80] ref P L0: 85.3%  0.8% 13.1%  0.7%
[libx264 @ 0000023165423b80] ref B L0: 81.8% 16.6%  1.5%
[libx264 @ 0000023165423b80] ref B L1: 98.0%  2.0%
[libx264 @ 0000023165423b80] kb/s:97.17
[3142s]   videos/remesh_intersections/driver.mp4 placed (frames 2969..3015)
[3142s]   screenshots/remesh_intersections_executed.png placed
ffmpeg version 7.1-essentials_build-www.gyan.dev Copyright (c) 2000-2024 the FFmpeg developers
  built with gcc 14.2.0 (Rev1, Built by MSYS2 project)
  configuration: --enable-gpl --enable-version3 --enable-static --disable-w32threads --disable-autodetect --enable-fontconfig --enable-iconv --enable-gnutls --enable-libxml2 --enable-gmp --enable-bzlib --enable-lzma --enable-zlib --enable-libsrt --enable-libssh --enable-libzmq --enable-avisynth --enable-sdl2 --enable-libwebp --enable-libx264 --enable-libx265 --enable-libxvid --enable-libaom --enable-libopenjpeg --enable-libvpx --enable-mediafoundation --enable-libass --enable-libfreetype --enable-libfribidi --enable-libharfbuzz --enable-libvidstab --enable-libvmaf --enable-libzimg --enable-amf --enable-cuda-llvm --enable-cuvid --enable-dxva2 --enable-d3d11va --enable-d3d12va --enable-ffnvcodec --enable-libvpl --enable-nvdec --enable-nvenc --enable-vaapi --enable-libgme --enable-libopenmpt --enable-libopencore-amrwb --enable-libmp3lame --enable-libtheora --enable-libvo-amrwbenc --enable-libgsm --enable-libopencore-amrnb --enable-libopus --enable-libspeex --enable-libvorbis --enable-librubberband
  libavutil      59. 39.100 / 59. 39.100
  libavcodec     61. 19.100 / 61. 19.100
  libavformat    61.  7.100 / 61.  7.100
  libavdevice    61.  3.100 / 61.  3.100
  libavfilter    10.  4.100 / 10.  4.100
  libswscale      8.  3.100 /  8.  3.100
  libswresample   5.  3.100 /  5.  3.100
  libpostproc    58.  3.100 / 58.  3.100
Input #0, image2, from 'D:\a\comfy-gpu-ci\comfy-gpu-ci\comfy-test-logs\GeometryPack-1828\dev\windows-desktop\debug\electron_inspect\frames\frame_%06d.png':
  Duration: 00:03:12.60, start: 0.000000, bitrate: N/A
  Stream #0:0: Video: png, rgba(pc, gbr/bt709/iec61966-2-1), 1008x681, 5 fps, 5 tbr, 5 tbn
Stream mapping:
  Stream #0:0 -> #0:0 (png (native) -> h264 (libx264))
Press [q] to stop, [?] for help
[libx264 @ 0000017beb5c1840] using cpu capabilities: MMX2 SSE2Fast SSSE3 SSE4.2 AVX FMA3 BMI2 AVX2 AVX512
[libx264 @ 0000017beb5c1840] profile High, level 3.1, 4:2:0, 8-bit
[libx264 @ 0000017beb5c1840] 264 - core 164 r3192 c24e06c - H.264/MPEG-4 AVC codec - Copyleft 2003-2024 - http://www.videolan.org/x264.html - options: cabac=1 ref=3 deblock=1:0:0 analyse=0x3:0x113 me=hex subme=7 psy=1 psy_rd=1.00:0.00 mixed_ref=1 me_range=16 chroma_me=1 trellis=1 8x8dct=1 cqm=0 deadzone=21,11 fast_pskip=1 chroma_qp_offset=-2 threads=6 lookahead_threads=1 sliced_threads=0 nr=0 decimate=1 interlaced=0 bluray_compat=0 constrained_intra=0 bframes=3 b_pyramid=2 b_adapt=1 b_bias=0 direct=1 weightb=1 open_gop=0 weightp=2 keyint=250 keyint_min=5 scenecut=40 intra_refresh=0 rc_lookahead=40 rc=crf mbtree=1 crf=23.0 qcomp=0.60 qpmin=0 qpmax=69 qpstep=4 ip_ratio=1.40 aq=1:1.00
Output #0, mp4, to 'D:\a\comfy-gpu-ci\comfy-gpu-ci\comfy-test-logs\GeometryPack-1828\dev\windows-desktop\videos\remeshing\driver.mp4':
  Metadata:
    encoder         : Lavf61.7.100
  Stream #0:0: Video: h264 (avc1 / 0x31637661), yuv420p(tv, unknown/bt709/iec61966-2-1, progressive), 1008x682, q=2-31, 5 fps, 10240 tbn
      Metadata:
        encoder         : Lavc61.19.100 libx264
      Side data:
        cpb: bitrate max/min/avg: 0/0/0 buffer size: 0 vbv_delay: N/A
[vf#0:0 @ 0000017beb5b3e80] Reconfiguring filter graph because video parameters changed to rgb24(pc, gbr), 1008x681
frame=   11 fps=0.0 q=23.0 size=       0KiB time=00:00:01.80 bitrate=   0.2kbits/s speed=3.21x    
frame=   57 fps= 53 q=23.0 size=       0KiB time=N/A bitrate=N/A speed=N/A    
[out#0/mp4 @ 0000017beb5b8e00] video:125KiB audio:0KiB subtitle:0KiB other streams:0KiB global headers:0KiB muxing overhead: 1.660821%
frame=  107 fps= 81 q=-1.0 Lsize=     127KiB time=00:00:21.00 bitrate=  49.7kbits/s speed=15.8x    
[libx264 @ 0000017beb5c1840] frame I:2     Avg QP:11.94  size: 28492
[libx264 @ 0000017beb5c1840] frame P:28    Avg QP:15.51  size:  2266
[libx264 @ 0000017beb5c1840] frame B:77    Avg QP:23.70  size:    93
[libx264 @ 0000017beb5c1840] consecutive B-frames:  2.8%  1.9%  5.6% 89.7%
[libx264 @ 0000017beb5c1840] mb I  I16..4: 55.3% 24.6% 20.1%
[libx264 @ 0000017beb5c1840] mb P  I16..4:  0.6%  0.7%  0.7%  P16..4:  0.8%  0.1%  0.1%  0.0%  0.0%    skip:97.0%
[libx264 @ 0000017beb5c1840] mb B  I16..4:  0.1%  0.0%  0.0%  B16..8:  0.9%  0.0%  0.0%  direct: 0.1%  skip:98.9%  L0:50.0% L1:49.5% BI: 0.5%
[libx264 @ 0000017beb5c1840] 8x8 transform intra:26.8% inter:53.8%
[libx264 @ 0000017beb5c1840] coded y,uvDC,uvAC intra: 16.6% 20.7% 17.1% inter: 0.1% 0.2% 0.1%
[libx264 @ 0000017beb5c1840] i16 v,h,dc,p: 60% 35%  0%  5%
[libx264 @ 0000017beb5c1840] i8 v,h,dc,ddl,ddr,vr,hd,vl,hu: 59% 18% 19%  0%  1%  1%  1%  0%  0%
[libx264 @ 0000017beb5c1840] i4 v,h,dc,ddl,ddr,vr,hd,vl,hu: 32% 31% 15%  3%  4%  3%  4%  3%  4%
[libx264 @ 0000017beb5c1840] i8c dc,h,v,p: 71% 14%  9%  5%
[libx264 @ 0000017beb5c1840] Weighted P-Frames: Y:0.0% UV:0.0%
[libx264 @ 0000017beb5c1840] ref P L0: 75.4%  1.6% 18.0%  5.0%
[libx264 @ 0000017beb5c1840] ref B L0: 70.9% 27.1%  2.0%
[libx264 @ 0000017beb5c1840] ref B L1: 97.4%  2.6%
[libx264 @ 0000017beb5c1840] kb/s:47.71
[3143s]   videos/remeshing/driver.mp4 placed (frames 3062..3168)
[3143s]   screenshots/remeshing_executed.png placed
ffmpeg version 7.1-essentials_build-www.gyan.dev Copyright (c) 2000-2024 the FFmpeg developers
  built with gcc 14.2.0 (Rev1, Built by MSYS2 project)
  configuration: --enable-gpl --enable-version3 --enable-static --disable-w32threads --disable-autodetect --enable-fontconfig --enable-iconv --enable-gnutls --enable-libxml2 --enable-gmp --enable-bzlib --enable-lzma --enable-zlib --enable-libsrt --enable-libssh --enable-libzmq --enable-avisynth --enable-sdl2 --enable-libwebp --enable-libx264 --enable-libx265 --enable-libxvid --enable-libaom --enable-libopenjpeg --enable-libvpx --enable-mediafoundation --enable-libass --enable-libfreetype --enable-libfribidi --enable-libharfbuzz --enable-libvidstab --enable-libvmaf --enable-libzimg --enable-amf --enable-cuda-llvm --enable-cuvid --enable-dxva2 --enable-d3d11va --enable-d3d12va --enable-ffnvcodec --enable-libvpl --enable-nvdec --enable-nvenc --enable-vaapi --enable-libgme --enable-libopenmpt --enable-libopencore-amrwb --enable-libmp3lame --enable-libtheora --enable-libvo-amrwbenc --enable-libgsm --enable-libopencore-amrnb --enable-libopus --enable-libspeex --enable-libvorbis --enable-librubberband
  libavutil      59. 39.100 / 59. 39.100
  libavcodec     61. 19.100 / 61. 19.100
  libavformat    61.  7.100 / 61.  7.100
  libavdevice    61.  3.100 / 61.  3.100
  libavfilter    10.  4.100 / 10.  4.100
  libswscale      8.  3.100 /  8.  3.100
  libswresample   5.  3.100 /  5.  3.100
  libpostproc    58.  3.100 / 58.  3.100
Input #0, image2, from 'D:\a\comfy-gpu-ci\comfy-gpu-ci\comfy-test-logs\GeometryPack-1828\dev\windows-desktop\debug\electron_inspect\frames\frame_%06d.png':
  Duration: 00:02:41.80, start: 0.000000, bitrate: N/A
  Stream #0:0: Video: png, rgb24(pc, gbr/bt709/iec61966-2-1), 1008x681, 5 fps, 5 tbr, 5 tbn
Stream mapping:
  Stream #0:0 -> #0:0 (png (native) -> h264 (libx264))
Press [q] to stop, [?] for help
[libx264 @ 000001a4cdde3a00] using cpu capabilities: MMX2 SSE2Fast SSSE3 SSE4.2 AVX FMA3 BMI2 AVX2 AVX512
[libx264 @ 000001a4cdde3a00] profile High, level 3.1, 4:2:0, 8-bit
[libx264 @ 000001a4cdde3a00] 264 - core 164 r3192 c24e06c - H.264/MPEG-4 AVC codec - Copyleft 2003-2024 - http://www.videolan.org/x264.html - options: cabac=1 ref=3 deblock=1:0:0 analyse=0x3:0x113 me=hex subme=7 psy=1 psy_rd=1.00:0.00 mixed_ref=1 me_range=16 chroma_me=1 trellis=1 8x8dct=1 cqm=0 deadzone=21,11 fast_pskip=1 chroma_qp_offset=-2 threads=6 lookahead_threads=1 sliced_threads=0 nr=0 decimate=1 interlaced=0 bluray_compat=0 constrained_intra=0 bframes=3 b_pyramid=2 b_adapt=1 b_bias=0 direct=1 weightb=1 open_gop=0 weightp=2 keyint=250 keyint_min=5 scenecut=40 intra_refresh=0 rc_lookahead=40 rc=crf mbtree=1 crf=23.0 qcomp=0.60 qpmin=0 qpmax=69 qpstep=4 ip_ratio=1.40 aq=1:1.00
Output #0, mp4, to 'D:\a\comfy-gpu-ci\comfy-gpu-ci\comfy-test-logs\GeometryPack-1828\dev\windows-desktop\videos\sMOOth\driver.mp4':
  Metadata:
    encoder         : Lavf61.7.100
  Stream #0:0: Video: h264 (avc1 / 0x31637661), yuv420p(tv, unknown/bt709/iec61966-2-1, progressive), 1008x682, q=2-31, 5 fps, 10240 tbn
      Metadata:
        encoder         : Lavc61.19.100 libx264
      Side data:
        cpb: bitrate max/min/avg: 0/0/0 buffer size: 0 vbv_delay: N/A
[out#0/mp4 @ 000001a4cdde8dc0] video:5KiB audio:0KiB subtitle:0KiB other streams:0KiB global headers:0KiB muxing overhead: 14.919719%
frame=    1 fps=0.0 q=23.0 Lsize=       6KiB time=00:00:00.20 bitrate= 254.8kbits/s speed=2.64x    
[libx264 @ 000001a4cdde3a00] frame I:1     Avg QP:21.17  size:  4855
[libx264 @ 000001a4cdde3a00] mb I  I16..4: 16.9% 79.1%  4.1%
[libx264 @ 000001a4cdde3a00] 8x8 transform intra:79.1%
[libx264 @ 000001a4cdde3a00] coded y,uvDC,uvAC intra: 2.6% 2.7% 2.6%
[libx264 @ 000001a4cdde3a00] i16 v,h,dc,p: 57% 29% 14%  0%
[libx264 @ 000001a4cdde3a00] i8 v,h,dc,ddl,ddr,vr,hd,vl,hu: 27% 67%  6%  0%  0%  0%  0%  0%  0%
[libx264 @ 000001a4cdde3a00] i4 v,h,dc,ddl,ddr,vr,hd,vl,hu: 32% 32% 14%  5%  3%  3%  2%  8%  2%
[libx264 @ 000001a4cdde3a00] i8c dc,h,v,p: 97%  2%  1%  0%
[libx264 @ 000001a4cdde3a00] kb/s:194.20
[3143s]   videos/sMOOth/driver.mp4 placed (frames 3216..3215)
[3143s]   screenshots/sMOOth_executed.png placed
ffmpeg version 7.1-essentials_build-www.gyan.dev Copyright (c) 2000-2024 the FFmpeg developers
  built with gcc 14.2.0 (Rev1, Built by MSYS2 project)
  configuration: --enable-gpl --enable-version3 --enable-static --disable-w32threads --disable-autodetect --enable-fontconfig --enable-iconv --enable-gnutls --enable-libxml2 --enable-gmp --enable-bzlib --enable-lzma --enable-zlib --enable-libsrt --enable-libssh --enable-libzmq --enable-avisynth --enable-sdl2 --enable-libwebp --enable-libx264 --enable-libx265 --enable-libxvid --enable-libaom --enable-libopenjpeg --enable-libvpx --enable-mediafoundation --enable-libass --enable-libfreetype --enable-libfribidi --enable-libharfbuzz --enable-libvidstab --enable-libvmaf --enable-libzimg --enable-amf --enable-cuda-llvm --enable-cuvid --enable-dxva2 --enable-d3d11va --enable-d3d12va --enable-ffnvcodec --enable-libvpl --enable-nvdec --enable-nvenc --enable-vaapi --enable-libgme --enable-libopenmpt --enable-libopencore-amrwb --enable-libmp3lame --enable-libtheora --enable-libvo-amrwbenc --enable-libgsm --enable-libopencore-amrnb --enable-libopus --enable-libspeex --enable-libvorbis --enable-librubberband
  libavutil      59. 39.100 / 59. 39.100
  libavcodec     61. 19.100 / 61. 19.100
  libavformat    61.  7.100 / 61.  7.100
  libavdevice    61.  3.100 / 61.  3.100
  libavfilter    10.  4.100 / 10.  4.100
  libswscale      8.  3.100 /  8.  3.100
  libswresample   5.  3.100 /  5.  3.100
  libpostproc    58.  3.100 / 58.  3.100
Input #0, image2, from 'D:\a\comfy-gpu-ci\comfy-gpu-ci\comfy-test-logs\GeometryPack-1828\dev\windows-desktop\debug\electron_inspect\frames\frame_%06d.png':
  Duration: 00:02:32.60, start: 0.000000, bitrate: N/A
  Stream #0:0: Video: png, rgba(pc, gbr/bt709/iec61966-2-1), 1008x681, 5 fps, 5 tbr, 5 tbn
Stream mapping:
  Stream #0:0 -> #0:0 (png (native) -> h264 (libx264))
Press [q] to stop, [?] for help
[libx264 @ 0000015fb3d63800] using cpu capabilities: MMX2 SSE2Fast SSSE3 SSE4.2 AVX FMA3 BMI2 AVX2 AVX512
[libx264 @ 0000015fb3d63800] profile High, level 3.1, 4:2:0, 8-bit
[libx264 @ 0000015fb3d63800] 264 - core 164 r3192 c24e06c - H.264/MPEG-4 AVC codec - Copyleft 2003-2024 - http://www.videolan.org/x264.html - options: cabac=1 ref=3 deblock=1:0:0 analyse=0x3:0x113 me=hex subme=7 psy=1 psy_rd=1.00:0.00 mixed_ref=1 me_range=16 chroma_me=1 trellis=1 8x8dct=1 cqm=0 deadzone=21,11 fast_pskip=1 chroma_qp_offset=-2 threads=6 lookahead_threads=1 sliced_threads=0 nr=0 decimate=1 interlaced=0 bluray_compat=0 constrained_intra=0 bframes=3 b_pyramid=2 b_adapt=1 b_bias=0 direct=1 weightb=1 open_gop=0 weightp=2 keyint=250 keyint_min=5 scenecut=40 intra_refresh=0 rc_lookahead=40 rc=crf mbtree=1 crf=23.0 qcomp=0.60 qpmin=0 qpmax=69 qpstep=4 ip_ratio=1.40 aq=1:1.00
Output #0, mp4, to 'D:\a\comfy-gpu-ci\comfy-gpu-ci\comfy-test-logs\GeometryPack-1828\dev\windows-desktop\videos\sharpen\driver.mp4':
  Metadata:
    encoder         : Lavf61.7.100
  Stream #0:0: Video: h264 (avc1 / 0x31637661), yuv420p(tv, unknown/bt709/iec61966-2-1, progressive), 1008x682, q=2-31, 5 fps, 10240 tbn
      Metadata:
        encoder         : Lavc61.19.100 libx264
      Side data:
        cpb: bitrate max/min/avg: 0/0/0 buffer size: 0 vbv_delay: N/A
[vf#0:0 @ 0000015fb3dcf780] Reconfiguring filter graph because video parameters changed to rgb24(pc, gbr), 1008x681
frame=    5 fps=0.0 q=23.0 size=       0KiB time=N/A bitrate=N/A speed=N/A    
[out#0/mp4 @ 0000015fb3d68e00] video:121KiB audio:0KiB subtitle:0KiB other streams:0KiB global headers:0KiB muxing overhead: 1.132170%
frame=   46 fps=0.0 q=-1.0 Lsize=     122KiB time=00:00:08.80 bitrate= 113.6kbits/s speed=9.95x    
[libx264 @ 0000015fb3d63800] frame I:2     Avg QP:13.19  size: 34420
[libx264 @ 0000015fb3d63800] frame P:12    Avg QP:13.91  size:  3557
[libx264 @ 0000015fb3d63800] frame B:32    Avg QP:22.67  size:   355
[libx264 @ 0000015fb3d63800] consecutive B-frames:  4.3%  4.3% 13.0% 78.3%
[libx264 @ 0000015fb3d63800] mb I  I16..4: 39.1% 38.4% 22.5%
[libx264 @ 0000015fb3d63800] mb P  I16..4:  1.4%  0.4%  1.3%  P16..4:  1.5%  0.3%  0.1%  0.0%  0.0%    skip:94.9%
[libx264 @ 0000015fb3d63800] mb B  I16..4:  0.2%  0.3%  0.0%  B16..8:  7.1%  0.2%  0.0%  direct: 0.1%  skip:92.1%  L0:50.1% L1:49.8% BI: 0.2%
[libx264 @ 0000015fb3d63800] 8x8 transform intra:35.5% inter:62.1%
[libx264 @ 0000015fb3d63800] coded y,uvDC,uvAC intra: 29.7% 21.2% 17.4% inter: 0.3% 0.3% 0.1%
[libx264 @ 0000015fb3d63800] i16 v,h,dc,p: 43% 51%  0%  6%
[libx264 @ 0000015fb3d63800] i8 v,h,dc,ddl,ddr,vr,hd,vl,hu: 49% 15% 32%  0%  1%  1%  1%  0%  1%
[libx264 @ 0000015fb3d63800] i4 v,h,dc,ddl,ddr,vr,hd,vl,hu: 36% 33% 13%  3%  3%  3%  4%  2%  3%
[libx264 @ 0000015fb3d63800] i8c dc,h,v,p: 71% 15%  9%  5%
[libx264 @ 0000015fb3d63800] Weighted P-Frames: Y:0.0% UV:0.0%
[libx264 @ 0000015fb3d63800] ref P L0: 71.6%  2.9% 23.4%  2.1%
[libx264 @ 0000015fb3d63800] ref B L0: 50.5% 49.0%  0.5%
[libx264 @ 0000015fb3d63800] ref B L1: 96.6%  3.4%
[libx264 @ 0000015fb3d63800] kb/s:106.85
[3144s]   videos/sharpen/driver.mp4 placed (frames 3262..3307)
[3144s]   screenshots/sharpen_executed.png placed
ffmpeg version 7.1-essentials_build-www.gyan.dev Copyright (c) 2000-2024 the FFmpeg developers
  built with gcc 14.2.0 (Rev1, Built by MSYS2 project)
  configuration: --enable-gpl --enable-version3 --enable-static --disable-w32threads --disable-autodetect --enable-fontconfig --enable-iconv --enable-gnutls --enable-libxml2 --enable-gmp --enable-bzlib --enable-lzma --enable-zlib --enable-libsrt --enable-libssh --enable-libzmq --enable-avisynth --enable-sdl2 --enable-libwebp --enable-libx264 --enable-libx265 --enable-libxvid --enable-libaom --enable-libopenjpeg --enable-libvpx --enable-mediafoundation --enable-libass --enable-libfreetype --enable-libfribidi --enable-libharfbuzz --enable-libvidstab --enable-libvmaf --enable-libzimg --enable-amf --enable-cuda-llvm --enable-cuvid --enable-dxva2 --enable-d3d11va --enable-d3d12va --enable-ffnvcodec --enable-libvpl --enable-nvdec --enable-nvenc --enable-vaapi --enable-libgme --enable-libopenmpt --enable-libopencore-amrwb --enable-libmp3lame --enable-libtheora --enable-libvo-amrwbenc --enable-libgsm --enable-libopencore-amrnb --enable-libopus --enable-libspeex --enable-libvorbis --enable-librubberband
  libavutil      59. 39.100 / 59. 39.100
  libavcodec     61. 19.100 / 61. 19.100
  libavformat    61.  7.100 / 61.  7.100
  libavdevice    61.  3.100 / 61.  3.100
  libavfilter    10.  4.100 / 10.  4.100
  libswscale      8.  3.100 /  8.  3.100
  libswresample   5.  3.100 /  5.  3.100
  libpostproc    58.  3.100 / 58.  3.100
Input #0, image2, from 'D:\a\comfy-gpu-ci\comfy-gpu-ci\comfy-test-logs\GeometryPack-1828\dev\windows-desktop\debug\electron_inspect\frames\frame_%06d.png':
  Duration: 00:02:13.80, start: 0.000000, bitrate: N/A
  Stream #0:0: Video: png, rgba(pc, gbr/bt709/iec61966-2-1), 1008x681, 5 fps, 5 tbr, 5 tbn
Stream mapping:
  Stream #0:0 -> #0:0 (png (native) -> h264 (libx264))
Press [q] to stop, [?] for help
[libx264 @ 0000026886f23cc0] using cpu capabilities: MMX2 SSE2Fast SSSE3 SSE4.2 AVX FMA3 BMI2 AVX2 AVX512
[libx264 @ 0000026886f23cc0] profile High, level 3.1, 4:2:0, 8-bit
[libx264 @ 0000026886f23cc0] 264 - core 164 r3192 c24e06c - H.264/MPEG-4 AVC codec - Copyleft 2003-2024 - http://www.videolan.org/x264.html - options: cabac=1 ref=3 deblock=1:0:0 analyse=0x3:0x113 me=hex subme=7 psy=1 psy_rd=1.00:0.00 mixed_ref=1 me_range=16 chroma_me=1 trellis=1 8x8dct=1 cqm=0 deadzone=21,11 fast_pskip=1 chroma_qp_offset=-2 threads=6 lookahead_threads=1 sliced_threads=0 nr=0 decimate=1 interlaced=0 bluray_compat=0 constrained_intra=0 bframes=3 b_pyramid=2 b_adapt=1 b_bias=0 direct=1 weightb=1 open_gop=0 weightp=2 keyint=250 keyint_min=5 scenecut=40 intra_refresh=0 rc_lookahead=40 rc=crf mbtree=1 crf=23.0 qcomp=0.60 qpmin=0 qpmax=69 qpstep=4 ip_ratio=1.40 aq=1:1.00
Output #0, mp4, to 'D:\a\comfy-gpu-ci\comfy-gpu-ci\comfy-test-logs\GeometryPack-1828\dev\windows-desktop\videos\sharpen_all\driver.mp4':
  Metadata:
    encoder         : Lavf61.7.100
  Stream #0:0: Video: h264 (avc1 / 0x31637661), yuv420p(tv, unknown/bt709/iec61966-2-1, progressive), 1008x682, q=2-31, 5 fps, 10240 tbn
      Metadata:
        encoder         : Lavc61.19.100 libx264
      Side data:
        cpb: bitrate max/min/avg: 0/0/0 buffer size: 0 vbv_delay: N/A
[vf#0:0 @ 0000026886f31940] Reconfiguring filter graph because video parameters changed to rgb24(pc, gbr), 1008x681
frame=    3 fps=0.0 q=23.0 size=       0KiB time=00:00:00.20 bitrate=   1.9kbits/s speed=0.378x    
frame=   43 fps= 40 q=23.0 size=       0KiB time=00:00:08.20 bitrate=   0.0kbits/s speed=7.72x    
frame=  113 fps= 72 q=23.0 size=       0KiB time=N/A bitrate=N/A speed=N/A    
[out#0/mp4 @ 0000026886f28c80] video:130KiB audio:0KiB subtitle:0KiB other streams:0KiB global headers:0KiB muxing overhead: 1.920292%
frame=  142 fps= 83 q=-1.0 Lsize=     133KiB time=00:00:28.00 bitrate=  38.8kbits/s speed=16.4x    
[libx264 @ 0000026886f23cc0] frame I:2     Avg QP:12.17  size: 34880
[libx264 @ 0000026886f23cc0] frame P:38    Avg QP:15.25  size:  1424
[libx264 @ 0000026886f23cc0] frame B:102   Avg QP:23.38  size:    85
[libx264 @ 0000026886f23cc0] consecutive B-frames:  2.8%  4.2%  0.0% 93.0%
[libx264 @ 0000026886f23cc0] mb I  I16..4: 49.8% 26.6% 23.6%
[libx264 @ 0000026886f23cc0] mb P  I16..4:  0.5%  0.4%  0.5%  P16..4:  0.7%  0.1%  0.1%  0.0%  0.0%    skip:97.7%
[libx264 @ 0000026886f23cc0] mb B  I16..4:  0.1%  0.0%  0.0%  B16..8:  0.7%  0.0%  0.0%  direct: 0.0%  skip:99.1%  L0:49.0% L1:50.7% BI: 0.3%
[libx264 @ 0000026886f23cc0] 8x8 transform intra:26.4% inter:48.0%
[libx264 @ 0000026886f23cc0] coded y,uvDC,uvAC intra: 17.8% 21.9% 18.3% inter: 0.1% 0.2% 0.1%
[libx264 @ 0000026886f23cc0] i16 v,h,dc,p: 55% 40%  0%  5%
[libx264 @ 0000026886f23cc0] i8 v,h,dc,ddl,ddr,vr,hd,vl,hu: 57% 17% 21%  0%  2%  1%  1%  0%  1%
[libx264 @ 0000026886f23cc0] i4 v,h,dc,ddl,ddr,vr,hd,vl,hu: 35% 35% 13%  2%  3%  3%  3%  2%  3%
[libx264 @ 0000026886f23cc0] i8c dc,h,v,p: 69% 16% 10%  5%
[libx264 @ 0000026886f23cc0] Weighted P-Frames: Y:0.0% UV:0.0%
[libx264 @ 0000026886f23cc0] ref P L0: 78.3%  4.5% 16.2%  1.0%
[libx264 @ 0000026886f23cc0] ref B L0: 74.4% 23.5%  2.2%
[libx264 @ 0000026886f23cc0] ref B L1: 96.4%  3.6%
[libx264 @ 0000026886f23cc0] kb/s:37.34
[3146s]   videos/sharpen_all/driver.mp4 placed (frames 3356..3497)
[3146s]   screenshots/sharpen_all_executed.png placed
ffmpeg version 7.1-essentials_build-www.gyan.dev Copyright (c) 2000-2024 the FFmpeg developers
  built with gcc 14.2.0 (Rev1, Built by MSYS2 project)
  configuration: --enable-gpl --enable-version3 --enable-static --disable-w32threads --disable-autodetect --enable-fontconfig --enable-iconv --enable-gnutls --enable-libxml2 --enable-gmp --enable-bzlib --enable-lzma --enable-zlib --enable-libsrt --enable-libssh --enable-libzmq --enable-avisynth --enable-sdl2 --enable-libwebp --enable-libx264 --enable-libx265 --enable-libxvid --enable-libaom --enable-libopenjpeg --enable-libvpx --enable-mediafoundation --enable-libass --enable-libfreetype --enable-libfribidi --enable-libharfbuzz --enable-libvidstab --enable-libvmaf --enable-libzimg --enable-amf --enable-cuda-llvm --enable-cuvid --enable-dxva2 --enable-d3d11va --enable-d3d12va --enable-ffnvcodec --enable-libvpl --enable-nvdec --enable-nvenc --enable-vaapi --enable-libgme --enable-libopenmpt --enable-libopencore-amrwb --enable-libmp3lame --enable-libtheora --enable-libvo-amrwbenc --enable-libgsm --enable-libopencore-amrnb --enable-libopus --enable-libspeex --enable-libvorbis --enable-librubberband
  libavutil      59. 39.100 / 59. 39.100
  libavcodec     61. 19.100 / 61. 19.100
  libavformat    61.  7.100 / 61.  7.100
  libavdevice    61.  3.100 / 61.  3.100
  libavfilter    10.  4.100 / 10.  4.100
  libswscale      8.  3.100 /  8.  3.100
  libswresample   5.  3.100 /  5.  3.100
  libpostproc    58.  3.100 / 58.  3.100
Input #0, image2, from 'D:\a\comfy-gpu-ci\comfy-gpu-ci\comfy-test-logs\GeometryPack-1828\dev\windows-desktop\debug\electron_inspect\frames\frame_%06d.png':
  Duration: 00:01:36.20, start: 0.000000, bitrate: N/A
  Stream #0:0: Video: png, rgba(pc, gbr/bt709/iec61966-2-1), 1008x681, 5 fps, 5 tbr, 5 tbn
Stream mapping:
  Stream #0:0 -> #0:0 (png (native) -> h264 (libx264))
Press [q] to stop, [?] for help
[libx264 @ 0000023347813cc0] using cpu capabilities: MMX2 SSE2Fast SSSE3 SSE4.2 AVX FMA3 BMI2 AVX2 AVX512
[libx264 @ 0000023347813cc0] profile High, level 3.1, 4:2:0, 8-bit
[libx264 @ 0000023347813cc0] 264 - core 164 r3192 c24e06c - H.264/MPEG-4 AVC codec - Copyleft 2003-2024 - http://www.videolan.org/x264.html - options: cabac=1 ref=3 deblock=1:0:0 analyse=0x3:0x113 me=hex subme=7 psy=1 psy_rd=1.00:0.00 mixed_ref=1 me_range=16 chroma_me=1 trellis=1 8x8dct=1 cqm=0 deadzone=21,11 fast_pskip=1 chroma_qp_offset=-2 threads=6 lookahead_threads=1 sliced_threads=0 nr=0 decimate=1 interlaced=0 bluray_compat=0 constrained_intra=0 bframes=3 b_pyramid=2 b_adapt=1 b_bias=0 direct=1 weightb=1 open_gop=0 weightp=2 keyint=250 keyint_min=5 scenecut=40 intra_refresh=0 rc_lookahead=40 rc=crf mbtree=1 crf=23.0 qcomp=0.60 qpmin=0 qpmax=69 qpstep=4 ip_ratio=1.40 aq=1:1.00
Output #0, mp4, to 'D:\a\comfy-gpu-ci\comfy-gpu-ci\comfy-test-logs\GeometryPack-1828\dev\windows-desktop\videos\side_by_side_viewer\driver.mp4':
  Metadata:
    encoder         : Lavf61.7.100
  Stream #0:0: Video: h264 (avc1 / 0x31637661), yuv420p(tv, unknown/bt709/iec61966-2-1, progressive), 1008x682, q=2-31, 5 fps, 10240 tbn
      Metadata:
        encoder         : Lavc61.19.100 libx264
      Side data:
        cpb: bitrate max/min/avg: 0/0/0 buffer size: 0 vbv_delay: N/A
[vf#0:0 @ 000002334787fa00] Reconfiguring filter graph because video parameters changed to rgb24(pc, gbr), 1008x681
frame=   18 fps=0.0 q=23.0 size=       0KiB time=N/A bitrate=N/A speed=N/A    
[out#0/mp4 @ 00000233478cef00] video:96KiB audio:0KiB subtitle:0KiB other streams:0KiB global headers:0KiB muxing overhead: 1.439981%
frame=   47 fps=0.0 q=-1.0 Lsize=      98KiB time=00:00:09.00 bitrate=  88.9kbits/s speed=11.8x    
[libx264 @ 0000023347813cc0] frame I:2     Avg QP:12.70  size: 30356
[libx264 @ 0000023347813cc0] frame P:13    Avg QP:17.08  size:  2493
[libx264 @ 0000023347813cc0] frame B:32    Avg QP:23.08  size:   148
[libx264 @ 0000023347813cc0] consecutive B-frames:  4.3% 12.8%  6.4% 76.6%
[libx264 @ 0000023347813cc0] mb I  I16..4: 44.1% 34.6% 21.4%
[libx264 @ 0000023347813cc0] mb P  I16..4:  1.5%  0.6%  1.1%  P16..4:  1.5%  0.3%  0.1%  0.0%  0.0%    skip:94.9%
[libx264 @ 0000023347813cc0] mb B  I16..4:  0.1%  0.1%  0.0%  B16..8:  1.4%  0.1%  0.0%  direct: 0.1%  skip:98.2%  L0:48.2% L1:51.4% BI: 0.4%
[libx264 @ 0000023347813cc0] 8x8 transform intra:31.7% inter:53.3%
[libx264 @ 0000023347813cc0] coded y,uvDC,uvAC intra: 15.9% 20.6% 17.0% inter: 0.2% 0.3% 0.1%
[libx264 @ 0000023347813cc0] i16 v,h,dc,p: 50% 44%  1%  5%
[libx264 @ 0000023347813cc0] i8 v,h,dc,ddl,ddr,vr,hd,vl,hu: 69% 11% 16%  0%  1%  1%  1%  0%  0%
[libx264 @ 0000023347813cc0] i4 v,h,dc,ddl,ddr,vr,hd,vl,hu: 35% 34% 14%  2%  3%  3%  3%  2%  4%
[libx264 @ 0000023347813cc0] i8c dc,h,v,p: 70% 15% 10%  5%
[libx264 @ 0000023347813cc0] Weighted P-Frames: Y:0.0% UV:0.0%
[libx264 @ 0000023347813cc0] ref P L0: 71.0%  9.6% 18.5%  0.9%
[libx264 @ 0000023347813cc0] ref B L0: 78.0% 20.5%  1.5%
[libx264 @ 0000023347813cc0] ref B L1: 98.2%  1.8%
[libx264 @ 0000023347813cc0] kb/s:83.28
[3147s]   videos/side_by_side_viewer/driver.mp4 placed (frames 3544..3590)
[3147s]   screenshots/side_by_side_viewer_executed.png placed
ffmpeg version 7.1-essentials_build-www.gyan.dev Copyright (c) 2000-2024 the FFmpeg developers
  built with gcc 14.2.0 (Rev1, Built by MSYS2 project)
  configuration: --enable-gpl --enable-version3 --enable-static --disable-w32threads --disable-autodetect --enable-fontconfig --enable-iconv --enable-gnutls --enable-libxml2 --enable-gmp --enable-bzlib --enable-lzma --enable-zlib --enable-libsrt --enable-libssh --enable-libzmq --enable-avisynth --enable-sdl2 --enable-libwebp --enable-libx264 --enable-libx265 --enable-libxvid --enable-libaom --enable-libopenjpeg --enable-libvpx --enable-mediafoundation --enable-libass --enable-libfreetype --enable-libfribidi --enable-libharfbuzz --enable-libvidstab --enable-libvmaf --enable-libzimg --enable-amf --enable-cuda-llvm --enable-cuvid --enable-dxva2 --enable-d3d11va --enable-d3d12va --enable-ffnvcodec --enable-libvpl --enable-nvdec --enable-nvenc --enable-vaapi --enable-libgme --enable-libopenmpt --enable-libopencore-amrwb --enable-libmp3lame --enable-libtheora --enable-libvo-amrwbenc --enable-libgsm --enable-libopencore-amrnb --enable-libopus --enable-libspeex --enable-libvorbis --enable-librubberband
  libavutil      59. 39.100 / 59. 39.100
  libavcodec     61. 19.100 / 61. 19.100
  libavformat    61.  7.100 / 61.  7.100
  libavdevice    61.  3.100 / 61.  3.100
  libavfilter    10.  4.100 / 10.  4.100
  libswscale      8.  3.100 /  8.  3.100
  libswresample   5.  3.100 /  5.  3.100
  libpostproc    58.  3.100 / 58.  3.100
Input #0, image2, from 'D:\a\comfy-gpu-ci\comfy-gpu-ci\comfy-test-logs\GeometryPack-1828\dev\windows-desktop\debug\electron_inspect\frames\frame_%06d.png':
  Duration: 00:01:17.60, start: 0.000000, bitrate: N/A
  Stream #0:0: Video: png, rgba(pc, gbr/bt709/iec61966-2-1), 1008x681, 5 fps, 5 tbr, 5 tbn
Stream mapping:
  Stream #0:0 -> #0:0 (png (native) -> h264 (libx264))
Press [q] to stop, [?] for help
[libx264 @ 0000020e58553800] using cpu capabilities: MMX2 SSE2Fast SSSE3 SSE4.2 AVX FMA3 BMI2 AVX2 AVX512
[libx264 @ 0000020e58553800] profile High, level 3.1, 4:2:0, 8-bit
[libx264 @ 0000020e58553800] 264 - core 164 r3192 c24e06c - H.264/MPEG-4 AVC codec - Copyleft 2003-2024 - http://www.videolan.org/x264.html - options: cabac=1 ref=3 deblock=1:0:0 analyse=0x3:0x113 me=hex subme=7 psy=1 psy_rd=1.00:0.00 mixed_ref=1 me_range=16 chroma_me=1 trellis=1 8x8dct=1 cqm=0 deadzone=21,11 fast_pskip=1 chroma_qp_offset=-2 threads=6 lookahead_threads=1 sliced_threads=0 nr=0 decimate=1 interlaced=0 bluray_compat=0 constrained_intra=0 bframes=3 b_pyramid=2 b_adapt=1 b_bias=0 direct=1 weightb=1 open_gop=0 weightp=2 keyint=250 keyint_min=5 scenecut=40 intra_refresh=0 rc_lookahead=40 rc=crf mbtree=1 crf=23.0 qcomp=0.60 qpmin=0 qpmax=69 qpstep=4 ip_ratio=1.40 aq=1:1.00
Output #0, mp4, to 'D:\a\comfy-gpu-ci\comfy-gpu-ci\comfy-test-logs\GeometryPack-1828\dev\windows-desktop\videos\skeleton_all\driver.mp4':
  Metadata:
    encoder         : Lavf61.7.100
  Stream #0:0: Video: h264 (avc1 / 0x31637661), yuv420p(tv, unknown/bt709/iec61966-2-1, progressive), 1008x682, q=2-31, 5 fps, 10240 tbn
      Metadata:
        encoder         : Lavc61.19.100 libx264
      Side data:
        cpb: bitrate max/min/avg: 0/0/0 buffer size: 0 vbv_delay: N/A
[vf#0:0 @ 0000020e58559200] Reconfiguring filter graph because video parameters changed to rgb24(pc, gbr), 1008x681
frame=    0 fps=0.0 q=0.0 size=       0KiB time=N/A bitrate=N/A speed=N/A    
[out#0/mp4 @ 0000020e58558e00] video:120KiB audio:0KiB subtitle:0KiB other streams:0KiB global headers:0KiB muxing overhead: 1.325991%
frame=   65 fps= 65 q=-1.0 Lsize=     122KiB time=00:00:12.60 bitrate=  79.3kbits/s speed=12.5x    
[libx264 @ 0000020e58553800] frame I:2     Avg QP:12.10  size: 38384
[libx264 @ 0000020e58553800] frame P:17    Avg QP:16.08  size:  2146
[libx264 @ 0000020e58553800] frame B:46    Avg QP:23.39  size:   204
[libx264 @ 0000020e58553800] consecutive B-frames:  3.1%  6.2%  4.6% 86.2%
[libx264 @ 0000020e58553800] mb I  I16..4: 53.5% 21.0% 25.4%
[libx264 @ 0000020e58553800] mb P  I16..4:  1.1%  0.4%  1.0%  P16..4:  1.6%  0.2%  0.1%  0.0%  0.0%    skip:95.6%
[libx264 @ 0000020e58553800] mb B  I16..4:  0.2%  0.1%  0.0%  B16..8:  1.7%  0.1%  0.0%  direct: 0.1%  skip:97.8%  L0:43.4% L1:56.3% BI: 0.3%
[libx264 @ 0000020e58553800] 8x8 transform intra:20.9% inter:54.0%
[libx264 @ 0000020e58553800] coded y,uvDC,uvAC intra: 18.3% 23.6% 18.9% inter: 0.2% 0.3% 0.1%
[libx264 @ 0000020e58553800] i16 v,h,dc,p: 56% 39%  0%  5%
[libx264 @ 0000020e58553800] i8 v,h,dc,ddl,ddr,vr,hd,vl,hu: 52% 16% 25%  1%  2%  2%  1%  0%  1%
[libx264 @ 0000020e58553800] i4 v,h,dc,ddl,ddr,vr,hd,vl,hu: 32% 38% 14%  2%  3%  2%  3%  2%  3%
[libx264 @ 0000020e58553800] i8c dc,h,v,p: 68% 17%  9%  5%
[libx264 @ 0000020e58553800] Weighted P-Frames: Y:0.0% UV:0.0%
[libx264 @ 0000020e58553800] ref P L0: 70.1%  6.9% 19.8%  3.2%
[libx264 @ 0000020e58553800] ref B L0: 78.6% 17.1%  4.3%
[libx264 @ 0000020e58553800] ref B L1: 95.3%  4.7%
[libx264 @ 0000020e58553800] kb/s:75.46
[3148s]   videos/skeleton_all/driver.mp4 placed (frames 3637..3701)
[3148s]   screenshots/skeleton_all_executed.png placed
ffmpeg version 7.1-essentials_build-www.gyan.dev Copyright (c) 2000-2024 the FFmpeg developers
  built with gcc 14.2.0 (Rev1, Built by MSYS2 project)
  configuration: --enable-gpl --enable-version3 --enable-static --disable-w32threads --disable-autodetect --enable-fontconfig --enable-iconv --enable-gnutls --enable-libxml2 --enable-gmp --enable-bzlib --enable-lzma --enable-zlib --enable-libsrt --enable-libssh --enable-libzmq --enable-avisynth --enable-sdl2 --enable-libwebp --enable-libx264 --enable-libx265 --enable-libxvid --enable-libaom --enable-libopenjpeg --enable-libvpx --enable-mediafoundation --enable-libass --enable-libfreetype --enable-libfribidi --enable-libharfbuzz --enable-libvidstab --enable-libvmaf --enable-libzimg --enable-amf --enable-cuda-llvm --enable-cuvid --enable-dxva2 --enable-d3d11va --enable-d3d12va --enable-ffnvcodec --enable-libvpl --enable-nvdec --enable-nvenc --enable-vaapi --enable-libgme --enable-libopenmpt --enable-libopencore-amrwb --enable-libmp3lame --enable-libtheora --enable-libvo-amrwbenc --enable-libgsm --enable-libopencore-amrnb --enable-libopus --enable-libspeex --enable-libvorbis --enable-librubberband
  libavutil      59. 39.100 / 59. 39.100
  libavcodec     61. 19.100 / 61. 19.100
  libavformat    61.  7.100 / 61.  7.100
  libavdevice    61.  3.100 / 61.  3.100
  libavfilter    10.  4.100 / 10.  4.100
  libswscale      8.  3.100 /  8.  3.100
  libswresample   5.  3.100 /  5.  3.100
  libpostproc    58.  3.100 / 58.  3.100
Input #0, image2, from 'D:\a\comfy-gpu-ci\comfy-gpu-ci\comfy-test-logs\GeometryPack-1828\dev\windows-desktop\debug\electron_inspect\frames\frame_%06d.png':
  Duration: 00:00:55.60, start: 0.000000, bitrate: N/A
  Stream #0:0: Video: png, rgb24(pc, gbr/bt709/iec61966-2-1), 1008x681, 5 fps, 5 tbr, 5 tbn
Stream mapping:
  Stream #0:0 -> #0:0 (png (native) -> h264 (libx264))
Press [q] to stop, [?] for help
[libx264 @ 0000021956a93f40] using cpu capabilities: MMX2 SSE2Fast SSSE3 SSE4.2 AVX FMA3 BMI2 AVX2 AVX512
[libx264 @ 0000021956a93f40] profile High, level 3.1, 4:2:0, 8-bit
[libx264 @ 0000021956a93f40] 264 - core 164 r3192 c24e06c - H.264/MPEG-4 AVC codec - Copyleft 2003-2024 - http://www.videolan.org/x264.html - options: cabac=1 ref=3 deblock=1:0:0 analyse=0x3:0x113 me=hex subme=7 psy=1 psy_rd=1.00:0.00 mixed_ref=1 me_range=16 chroma_me=1 trellis=1 8x8dct=1 cqm=0 deadzone=21,11 fast_pskip=1 chroma_qp_offset=-2 threads=6 lookahead_threads=1 sliced_threads=0 nr=0 decimate=1 interlaced=0 bluray_compat=0 constrained_intra=0 bframes=3 b_pyramid=2 b_adapt=1 b_bias=0 direct=1 weightb=1 open_gop=0 weightp=2 keyint=250 keyint_min=5 scenecut=40 intra_refresh=0 rc_lookahead=40 rc=crf mbtree=1 crf=23.0 qcomp=0.60 qpmin=0 qpmax=69 qpstep=4 ip_ratio=1.40 aq=1:1.00
Output #0, mp4, to 'D:\a\comfy-gpu-ci\comfy-gpu-ci\comfy-test-logs\GeometryPack-1828\dev\windows-desktop\videos\skeleton_extraction\driver.mp4':
  Metadata:
    encoder         : Lavf61.7.100
  Stream #0:0: Video: h264 (avc1 / 0x31637661), yuv420p(tv, unknown/bt709/iec61966-2-1, progressive), 1008x682, q=2-31, 5 fps, 10240 tbn
      Metadata:
        encoder         : Lavc61.19.100 libx264
      Side data:
        cpb: bitrate max/min/avg: 0/0/0 buffer size: 0 vbv_delay: N/A
[out#0/mp4 @ 0000021956aa06c0] video:5KiB audio:0KiB subtitle:0KiB other streams:0KiB global headers:0KiB muxing overhead: 14.927798%
frame=    1 fps=0.0 q=23.0 Lsize=       6KiB time=00:00:00.20 bitrate= 254.7kbits/s speed=2.69x    
[libx264 @ 0000021956a93f40] frame I:1     Avg QP:17.33  size:  4852
[libx264 @ 0000021956a93f40] mb I  I16..4: 32.9% 63.0%  4.1%
[libx264 @ 0000021956a93f40] 8x8 transform intra:63.0%
[libx264 @ 0000021956a93f40] coded y,uvDC,uvAC intra: 2.6% 2.7% 2.5%
[libx264 @ 0000021956a93f40] i16 v,h,dc,p: 81% 12%  7%  0%
[libx264 @ 0000021956a93f40] i8 v,h,dc,ddl,ddr,vr,hd,vl,hu: 14% 79%  8%  0%  0%  0%  0%  0%  0%
[libx264 @ 0000021956a93f40] i4 v,h,dc,ddl,ddr,vr,hd,vl,hu: 33% 31% 13%  5%  3%  3%  2%  8%  3%
[libx264 @ 0000021956a93f40] i8c dc,h,v,p: 97%  2%  1%  0%
[libx264 @ 0000021956a93f40] kb/s:194.08
[3148s]   videos/skeleton_extraction/driver.mp4 placed (frames 3747..3746)
[3148s]   screenshots/skeleton_extraction_executed.png placed
ffmpeg version 7.1-essentials_build-www.gyan.dev Copyright (c) 2000-2024 the FFmpeg developers
  built with gcc 14.2.0 (Rev1, Built by MSYS2 project)
  configuration: --enable-gpl --enable-version3 --enable-static --disable-w32threads --disable-autodetect --enable-fontconfig --enable-iconv --enable-gnutls --enable-libxml2 --enable-gmp --enable-bzlib --enable-lzma --enable-zlib --enable-libsrt --enable-libssh --enable-libzmq --enable-avisynth --enable-sdl2 --enable-libwebp --enable-libx264 --enable-libx265 --enable-libxvid --enable-libaom --enable-libopenjpeg --enable-libvpx --enable-mediafoundation --enable-libass --enable-libfreetype --enable-libfribidi --enable-libharfbuzz --enable-libvidstab --enable-libvmaf --enable-libzimg --enable-amf --enable-cuda-llvm --enable-cuvid --enable-dxva2 --enable-d3d11va --enable-d3d12va --enable-ffnvcodec --enable-libvpl --enable-nvdec --enable-nvenc --enable-vaapi --enable-libgme --enable-libopenmpt --enable-libopencore-amrwb --enable-libmp3lame --enable-libtheora --enable-libvo-amrwbenc --enable-libgsm --enable-libopencore-amrnb --enable-libopus --enable-libspeex --enable-libvorbis --enable-librubberband
  libavutil      59. 39.100 / 59. 39.100
  libavcodec     61. 19.100 / 61. 19.100
  libavformat    61.  7.100 / 61.  7.100
  libavdevice    61.  3.100 / 61.  3.100
  libavfilter    10.  4.100 / 10.  4.100
  libswscale      8.  3.100 /  8.  3.100
  libswresample   5.  3.100 /  5.  3.100
  libpostproc    58.  3.100 / 58.  3.100
Input #0, image2, from 'D:\a\comfy-gpu-ci\comfy-gpu-ci\comfy-test-logs\GeometryPack-1828\dev\windows-desktop\debug\electron_inspect\frames\frame_%06d.png':
  Duration: 00:00:46.40, start: 0.000000, bitrate: N/A
  Stream #0:0: Video: png, rgb24(pc, gbr/bt709/iec61966-2-1), 1008x681, 5 fps, 5 tbr, 5 tbn
Stream mapping:
  Stream #0:0 -> #0:0 (png (native) -> h264 (libx264))
Press [q] to stop, [?] for help
[libx264 @ 000001a953203a80] using cpu capabilities: MMX2 SSE2Fast SSSE3 SSE4.2 AVX FMA3 BMI2 AVX2 AVX512
[libx264 @ 000001a953203a80] profile High, level 3.1, 4:2:0, 8-bit
[libx264 @ 000001a953203a80] 264 - core 164 r3192 c24e06c - H.264/MPEG-4 AVC codec - Copyleft 2003-2024 - http://www.videolan.org/x264.html - options: cabac=1 ref=3 deblock=1:0:0 analyse=0x3:0x113 me=hex subme=7 psy=1 psy_rd=1.00:0.00 mixed_ref=1 me_range=16 chroma_me=1 trellis=1 8x8dct=1 cqm=0 deadzone=21,11 fast_pskip=1 chroma_qp_offset=-2 threads=6 lookahead_threads=1 sliced_threads=0 nr=0 decimate=1 interlaced=0 bluray_compat=0 constrained_intra=0 bframes=3 b_pyramid=2 b_adapt=1 b_bias=0 direct=1 weightb=1 open_gop=0 weightp=2 keyint=250 keyint_min=5 scenecut=40 intra_refresh=0 rc_lookahead=40 rc=crf mbtree=1 crf=23.0 qcomp=0.60 qpmin=0 qpmax=69 qpstep=4 ip_ratio=1.40 aq=1:1.00
Output #0, mp4, to 'D:\a\comfy-gpu-ci\comfy-gpu-ci\comfy-test-logs\GeometryPack-1828\dev\windows-desktop\videos\smooth_all\driver.mp4':
  Metadata:
    encoder         : Lavf61.7.100
  Stream #0:0: Video: h264 (avc1 / 0x31637661), yuv420p(tv, unknown/bt709/iec61966-2-1, progressive), 1008x682, q=2-31, 5 fps, 10240 tbn
      Metadata:
        encoder         : Lavc61.19.100 libx264
      Side data:
        cpb: bitrate max/min/avg: 0/0/0 buffer size: 0 vbv_delay: N/A
[out#0/mp4 @ 000001a953208e00] video:5KiB audio:0KiB subtitle:0KiB other streams:0KiB global headers:0KiB muxing overhead: 15.030898%
frame=    1 fps=0.0 q=23.0 Lsize=       6KiB time=00:00:00.20 bitrate= 253.2kbits/s speed= 2.7x    
[libx264 @ 000001a953203a80] frame I:1     Avg QP:21.26  size:  4814
[libx264 @ 000001a953203a80] mb I  I16..4: 16.3% 79.6%  4.1%
[libx264 @ 000001a953203a80] 8x8 transform intra:79.6%
[libx264 @ 000001a953203a80] coded y,uvDC,uvAC intra: 2.6% 2.7% 2.5%
[libx264 @ 000001a953203a80] i16 v,h,dc,p: 59% 26% 14%  0%
[libx264 @ 000001a953203a80] i8 v,h,dc,ddl,ddr,vr,hd,vl,hu: 27% 67%  6%  0%  0%  0%  0%  0%  0%
[libx264 @ 000001a953203a80] i4 v,h,dc,ddl,ddr,vr,hd,vl,hu: 32% 32% 14%  5%  3%  3%  2%  8%  2%
[libx264 @ 000001a953203a80] i8c dc,h,v,p: 97%  2%  1%  0%
[libx264 @ 000001a953203a80] kb/s:192.56
[3148s]   videos/smooth_all/driver.mp4 placed (frames 3793..3792)
[3148s]   screenshots/smooth_all_executed.png placed
ffmpeg version 7.1-essentials_build-www.gyan.dev Copyright (c) 2000-2024 the FFmpeg developers
  built with gcc 14.2.0 (Rev1, Built by MSYS2 project)
  configuration: --enable-gpl --enable-version3 --enable-static --disable-w32threads --disable-autodetect --enable-fontconfig --enable-iconv --enable-gnutls --enable-libxml2 --enable-gmp --enable-bzlib --enable-lzma --enable-zlib --enable-libsrt --enable-libssh --enable-libzmq --enable-avisynth --enable-sdl2 --enable-libwebp --enable-libx264 --enable-libx265 --enable-libxvid --enable-libaom --enable-libopenjpeg --enable-libvpx --enable-mediafoundation --enable-libass --enable-libfreetype --enable-libfribidi --enable-libharfbuzz --enable-libvidstab --enable-libvmaf --enable-libzimg --enable-amf --enable-cuda-llvm --enable-cuvid --enable-dxva2 --enable-d3d11va --enable-d3d12va --enable-ffnvcodec --enable-libvpl --enable-nvdec --enable-nvenc --enable-vaapi --enable-libgme --enable-libopenmpt --enable-libopencore-amrwb --enable-libmp3lame --enable-libtheora --enable-libvo-amrwbenc --enable-libgsm --enable-libopencore-amrnb --enable-libopus --enable-libspeex --enable-libvorbis --enable-librubberband
  libavutil      59. 39.100 / 59. 39.100
  libavcodec     61. 19.100 / 61. 19.100
  libavformat    61.  7.100 / 61.  7.100
  libavdevice    61.  3.100 / 61.  3.100
  libavfilter    10.  4.100 / 10.  4.100
  libswscale      8.  3.100 /  8.  3.100
  libswresample   5.  3.100 /  5.  3.100
  libpostproc    58.  3.100 / 58.  3.100
Input #0, image2, from 'D:\a\comfy-gpu-ci\comfy-gpu-ci\comfy-test-logs\GeometryPack-1828\dev\windows-desktop\debug\electron_inspect\frames\frame_%06d.png':
  Duration: 00:00:37.20, start: 0.000000, bitrate: N/A
  Stream #0:0: Video: png, rgb24(pc, gbr/bt709/iec61966-2-1), 1008x681, 5 fps, 5 tbr, 5 tbn
Stream mapping:
  Stream #0:0 -> #0:0 (png (native) -> h264 (libx264))
Press [q] to stop, [?] for help
[libx264 @ 000002577c9c3f40] using cpu capabilities: MMX2 SSE2Fast SSSE3 SSE4.2 AVX FMA3 BMI2 AVX2 AVX512
[libx264 @ 000002577c9c3f40] profile High, level 3.1, 4:2:0, 8-bit
[libx264 @ 000002577c9c3f40] 264 - core 164 r3192 c24e06c - H.264/MPEG-4 AVC codec - Copyleft 2003-2024 - http://www.videolan.org/x264.html - options: cabac=1 ref=3 deblock=1:0:0 analyse=0x3:0x113 me=hex subme=7 psy=1 psy_rd=1.00:0.00 mixed_ref=1 me_range=16 chroma_me=1 trellis=1 8x8dct=1 cqm=0 deadzone=21,11 fast_pskip=1 chroma_qp_offset=-2 threads=6 lookahead_threads=1 sliced_threads=0 nr=0 decimate=1 interlaced=0 bluray_compat=0 constrained_intra=0 bframes=3 b_pyramid=2 b_adapt=1 b_bias=0 direct=1 weightb=1 open_gop=0 weightp=2 keyint=250 keyint_min=5 scenecut=40 intra_refresh=0 rc_lookahead=40 rc=crf mbtree=1 crf=23.0 qcomp=0.60 qpmin=0 qpmax=69 qpstep=4 ip_ratio=1.40 aq=1:1.00
Output #0, mp4, to 'D:\a\comfy-gpu-ci\comfy-gpu-ci\comfy-test-logs\GeometryPack-1828\dev\windows-desktop\videos\surface_reconstruction\driver.mp4':
  Metadata:
    encoder         : Lavf61.7.100
  Stream #0:0: Video: h264 (avc1 / 0x31637661), yuv420p(tv, unknown/bt709/iec61966-2-1, progressive), 1008x682, q=2-31, 5 fps, 10240 tbn
      Metadata:
        encoder         : Lavc61.19.100 libx264
      Side data:
        cpb: bitrate max/min/avg: 0/0/0 buffer size: 0 vbv_delay: N/A
[out#0/mp4 @ 000002577c9d06c0] video:5KiB audio:0KiB subtitle:0KiB other streams:0KiB global headers:0KiB muxing overhead: 14.957497%
frame=    1 fps=0.0 q=23.0 Lsize=       6KiB time=00:00:00.20 bitrate= 254.2kbits/s speed=2.82x    
[libx264 @ 000002577c9c3f40] frame I:1     Avg QP:21.12  size:  4841
[libx264 @ 000002577c9c3f40] mb I  I16..4: 16.6% 79.2%  4.2%
[libx264 @ 000002577c9c3f40] 8x8 transform intra:79.2%
[libx264 @ 000002577c9c3f40] coded y,uvDC,uvAC intra: 2.7% 2.7% 2.5%
[libx264 @ 000002577c9c3f40] i16 v,h,dc,p: 58% 28% 14%  0%
[libx264 @ 000002577c9c3f40] i8 v,h,dc,ddl,ddr,vr,hd,vl,hu: 27% 67%  6%  0%  0%  0%  0%  0%  0%
[libx264 @ 000002577c9c3f40] i4 v,h,dc,ddl,ddr,vr,hd,vl,hu: 32% 32% 13%  5%  3%  3%  2%  8%  2%
[libx264 @ 000002577c9c3f40] i8c dc,h,v,p: 97%  2%  1%  0%
[libx264 @ 000002577c9c3f40] kb/s:193.64
[3148s]   videos/surface_reconstruction/driver.mp4 placed (frames 3839..3838)
[3148s]   screenshots/surface_reconstruction_executed.png placed
ffmpeg version 7.1-essentials_build-www.gyan.dev Copyright (c) 2000-2024 the FFmpeg developers
  built with gcc 14.2.0 (Rev1, Built by MSYS2 project)
  configuration: --enable-gpl --enable-version3 --enable-static --disable-w32threads --disable-autodetect --enable-fontconfig --enable-iconv --enable-gnutls --enable-libxml2 --enable-gmp --enable-bzlib --enable-lzma --enable-zlib --enable-libsrt --enable-libssh --enable-libzmq --enable-avisynth --enable-sdl2 --enable-libwebp --enable-libx264 --enable-libx265 --enable-libxvid --enable-libaom --enable-libopenjpeg --enable-libvpx --enable-mediafoundation --enable-libass --enable-libfreetype --enable-libfribidi --enable-libharfbuzz --enable-libvidstab --enable-libvmaf --enable-libzimg --enable-amf --enable-cuda-llvm --enable-cuvid --enable-dxva2 --enable-d3d11va --enable-d3d12va --enable-ffnvcodec --enable-libvpl --enable-nvdec --enable-nvenc --enable-vaapi --enable-libgme --enable-libopenmpt --enable-libopencore-amrwb --enable-libmp3lame --enable-libtheora --enable-libvo-amrwbenc --enable-libgsm --enable-libopencore-amrnb --enable-libopus --enable-libspeex --enable-libvorbis --enable-librubberband
  libavutil      59. 39.100 / 59. 39.100
  libavcodec     61. 19.100 / 61. 19.100
  libavformat    61.  7.100 / 61.  7.100
  libavdevice    61.  3.100 / 61.  3.100
  libavfilter    10.  4.100 / 10.  4.100
  libswscale      8.  3.100 /  8.  3.100
  libswresample   5.  3.100 /  5.  3.100
  libpostproc    58.  3.100 / 58.  3.100
Input #0, image2, from 'D:\a\comfy-gpu-ci\comfy-gpu-ci\comfy-test-logs\GeometryPack-1828\dev\windows-desktop\debug\electron_inspect\frames\frame_%06d.png':
  Duration: 00:00:28.00, start: 0.000000, bitrate: N/A
  Stream #0:0: Video: png, rgb24(pc, gbr/bt709/iec61966-2-1), 1008x681, 5 fps, 5 tbr, 5 tbn
Stream mapping:
  Stream #0:0 -> #0:0 (png (native) -> h264 (libx264))
Press [q] to stop, [?] for help
[libx264 @ 0000022921e33200] using cpu capabilities: MMX2 SSE2Fast SSSE3 SSE4.2 AVX FMA3 BMI2 AVX2 AVX512
[libx264 @ 0000022921e33200] profile High, level 3.1, 4:2:0, 8-bit
[libx264 @ 0000022921e33200] 264 - core 164 r3192 c24e06c - H.264/MPEG-4 AVC codec - Copyleft 2003-2024 - http://www.videolan.org/x264.html - options: cabac=1 ref=3 deblock=1:0:0 analyse=0x3:0x113 me=hex subme=7 psy=1 psy_rd=1.00:0.00 mixed_ref=1 me_range=16 chroma_me=1 trellis=1 8x8dct=1 cqm=0 deadzone=21,11 fast_pskip=1 chroma_qp_offset=-2 threads=6 lookahead_threads=1 sliced_threads=0 nr=0 decimate=1 interlaced=0 bluray_compat=0 constrained_intra=0 bframes=3 b_pyramid=2 b_adapt=1 b_bias=0 direct=1 weightb=1 open_gop=0 weightp=2 keyint=250 keyint_min=5 scenecut=40 intra_refresh=0 rc_lookahead=40 rc=crf mbtree=1 crf=23.0 qcomp=0.60 qpmin=0 qpmax=69 qpstep=4 ip_ratio=1.40 aq=1:1.00
Output #0, mp4, to 'D:\a\comfy-gpu-ci\comfy-gpu-ci\comfy-test-logs\GeometryPack-1828\dev\windows-desktop\videos\test_loading\driver.mp4':
  Metadata:
    encoder         : Lavf61.7.100
  Stream #0:0: Video: h264 (avc1 / 0x31637661), yuv420p(tv, unknown/bt709/iec61966-2-1, progressive), 1008x682, q=2-31, 5 fps, 10240 tbn
      Metadata:
        encoder         : Lavc61.19.100 libx264
      Side data:
        cpb: bitrate max/min/avg: 0/0/0 buffer size: 0 vbv_delay: N/A
[out#0/mp4 @ 0000022921e28e00] video:5KiB audio:0KiB subtitle:0KiB other streams:0KiB global headers:0KiB muxing overhead: 15.050045%
frame=    1 fps=0.0 q=23.0 Lsize=       6KiB time=00:00:00.20 bitrate= 252.9kbits/s speed=2.71x    
[libx264 @ 0000022921e33200] frame I:1     Avg QP:21.92  size:  4807
[libx264 @ 0000022921e33200] mb I  I16..4: 16.0% 79.9%  4.1%
[libx264 @ 0000022921e33200] 8x8 transform intra:79.9%
[libx264 @ 0000022921e33200] coded y,uvDC,uvAC intra: 2.6% 2.7% 2.5%
[libx264 @ 0000022921e33200] i16 v,h,dc,p: 60% 25% 15%  0%
[libx264 @ 0000022921e33200] i8 v,h,dc,ddl,ddr,vr,hd,vl,hu: 27% 67%  6%  0%  0%  0%  0%  0%  0%
[libx264 @ 0000022921e33200] i4 v,h,dc,ddl,ddr,vr,hd,vl,hu: 32% 32% 14%  5%  3%  3%  2%  8%  2%
[libx264 @ 0000022921e33200] i8c dc,h,v,p: 97%  2%  1%  0%
[libx264 @ 0000022921e33200] kb/s:192.28
[3149s]   videos/test_loading/driver.mp4 placed (frames 3885..3884)
[3149s]   screenshots/test_loading_executed.png placed
ffmpeg version 7.1-essentials_build-www.gyan.dev Copyright (c) 2000-2024 the FFmpeg developers
  built with gcc 14.2.0 (Rev1, Built by MSYS2 project)
  configuration: --enable-gpl --enable-version3 --enable-static --disable-w32threads --disable-autodetect --enable-fontconfig --enable-iconv --enable-gnutls --enable-libxml2 --enable-gmp --enable-bzlib --enable-lzma --enable-zlib --enable-libsrt --enable-libssh --enable-libzmq --enable-avisynth --enable-sdl2 --enable-libwebp --enable-libx264 --enable-libx265 --enable-libxvid --enable-libaom --enable-libopenjpeg --enable-libvpx --enable-mediafoundation --enable-libass --enable-libfreetype --enable-libfribidi --enable-libharfbuzz --enable-libvidstab --enable-libvmaf --enable-libzimg --enable-amf --enable-cuda-llvm --enable-cuvid --enable-dxva2 --enable-d3d11va --enable-d3d12va --enable-ffnvcodec --enable-libvpl --enable-nvdec --enable-nvenc --enable-vaapi --enable-libgme --enable-libopenmpt --enable-libopencore-amrwb --enable-libmp3lame --enable-libtheora --enable-libvo-amrwbenc --enable-libgsm --enable-libopencore-amrnb --enable-libopus --enable-libspeex --enable-libvorbis --enable-librubberband
  libavutil      59. 39.100 / 59. 39.100
  libavcodec     61. 19.100 / 61. 19.100
  libavformat    61.  7.100 / 61.  7.100
  libavdevice    61.  3.100 / 61.  3.100
  libavfilter    10.  4.100 / 10.  4.100
  libswscale      8.  3.100 /  8.  3.100
  libswresample   5.  3.100 /  5.  3.100
  libpostproc    58.  3.100 / 58.  3.100
Input #0, image2, from 'D:\a\comfy-gpu-ci\comfy-gpu-ci\comfy-test-logs\GeometryPack-1828\dev\windows-desktop\debug\electron_inspect\frames\frame_%06d.png':
  Duration: 00:00:18.80, start: 0.000000, bitrate: N/A
  Stream #0:0: Video: png, rgb24(pc, gbr/bt709/iec61966-2-1), 1008x681, 5 fps, 5 tbr, 5 tbn
Stream mapping:
  Stream #0:0 -> #0:0 (png (native) -> h264 (libx264))
Press [q] to stop, [?] for help
[libx264 @ 0000028eac943800] using cpu capabilities: MMX2 SSE2Fast SSSE3 SSE4.2 AVX FMA3 BMI2 AVX2 AVX512
[libx264 @ 0000028eac943800] profile High, level 3.1, 4:2:0, 8-bit
[libx264 @ 0000028eac943800] 264 - core 164 r3192 c24e06c - H.264/MPEG-4 AVC codec - Copyleft 2003-2024 - http://www.videolan.org/x264.html - options: cabac=1 ref=3 deblock=1:0:0 analyse=0x3:0x113 me=hex subme=7 psy=1 psy_rd=1.00:0.00 mixed_ref=1 me_range=16 chroma_me=1 trellis=1 8x8dct=1 cqm=0 deadzone=21,11 fast_pskip=1 chroma_qp_offset=-2 threads=6 lookahead_threads=1 sliced_threads=0 nr=0 decimate=1 interlaced=0 bluray_compat=0 constrained_intra=0 bframes=3 b_pyramid=2 b_adapt=1 b_bias=0 direct=1 weightb=1 open_gop=0 weightp=2 keyint=250 keyint_min=5 scenecut=40 intra_refresh=0 rc_lookahead=40 rc=crf mbtree=1 crf=23.0 qcomp=0.60 qpmin=0 qpmax=69 qpstep=4 ip_ratio=1.40 aq=1:1.00
Output #0, mp4, to 'D:\a\comfy-gpu-ci\comfy-gpu-ci\comfy-test-logs\GeometryPack-1828\dev\windows-desktop\videos\transform\driver.mp4':
  Metadata:
    encoder         : Lavf61.7.100
  Stream #0:0: Video: h264 (avc1 / 0x31637661), yuv420p(tv, unknown/bt709/iec61966-2-1, progressive), 1008x682, q=2-31, 5 fps, 10240 tbn
      Metadata:
        encoder         : Lavc61.19.100 libx264
      Side data:
        cpb: bitrate max/min/avg: 0/0/0 buffer size: 0 vbv_delay: N/A
[out#0/mp4 @ 0000028eac948e00] video:5KiB audio:0KiB subtitle:0KiB other streams:0KiB global headers:0KiB muxing overhead: 15.025436%
frame=    1 fps=0.0 q=23.0 Lsize=       6KiB time=00:00:00.20 bitrate= 253.2kbits/s speed=2.86x    
[libx264 @ 0000028eac943800] frame I:1     Avg QP:21.15  size:  4816
[libx264 @ 0000028eac943800] mb I  I16..4: 16.6% 79.3%  4.1%
[libx264 @ 0000028eac943800] 8x8 transform intra:79.3%
[libx264 @ 0000028eac943800] coded y,uvDC,uvAC intra: 2.6% 2.7% 2.5%
[libx264 @ 0000028eac943800] i16 v,h,dc,p: 58% 28% 14%  0%
[libx264 @ 0000028eac943800] i8 v,h,dc,ddl,ddr,vr,hd,vl,hu: 27% 67%  6%  0%  0%  0%  0%  0%  0%
[libx264 @ 0000028eac943800] i4 v,h,dc,ddl,ddr,vr,hd,vl,hu: 32% 32% 13%  5%  3%  3%  2%  8%  2%
[libx264 @ 0000028eac943800] i8c dc,h,v,p: 97%  2%  1%  0%
[libx264 @ 0000028eac943800] kb/s:192.64
[3149s]   videos/transform/driver.mp4 placed (frames 3931..3930)
[3149s]   screenshots/transform_executed.png placed
ffmpeg version 7.1-essentials_build-www.gyan.dev Copyright (c) 2000-2024 the FFmpeg developers
  built with gcc 14.2.0 (Rev1, Built by MSYS2 project)
  configuration: --enable-gpl --enable-version3 --enable-static --disable-w32threads --disable-autodetect --enable-fontconfig --enable-iconv --enable-gnutls --enable-libxml2 --enable-gmp --enable-bzlib --enable-lzma --enable-zlib --enable-libsrt --enable-libssh --enable-libzmq --enable-avisynth --enable-sdl2 --enable-libwebp --enable-libx264 --enable-libx265 --enable-libxvid --enable-libaom --enable-libopenjpeg --enable-libvpx --enable-mediafoundation --enable-libass --enable-libfreetype --enable-libfribidi --enable-libharfbuzz --enable-libvidstab --enable-libvmaf --enable-libzimg --enable-amf --enable-cuda-llvm --enable-cuvid --enable-dxva2 --enable-d3d11va --enable-d3d12va --enable-ffnvcodec --enable-libvpl --enable-nvdec --enable-nvenc --enable-vaapi --enable-libgme --enable-libopenmpt --enable-libopencore-amrwb --enable-libmp3lame --enable-libtheora --enable-libvo-amrwbenc --enable-libgsm --enable-libopencore-amrnb --enable-libopus --enable-libspeex --enable-libvorbis --enable-librubberband
  libavutil      59. 39.100 / 59. 39.100
  libavcodec     61. 19.100 / 61. 19.100
  libavformat    61.  7.100 / 61.  7.100
  libavdevice    61.  3.100 / 61.  3.100
  libavfilter    10.  4.100 / 10.  4.100
  libswscale      8.  3.100 /  8.  3.100
  libswresample   5.  3.100 /  5.  3.100
  libpostproc    58.  3.100 / 58.  3.100
Input #0, image2, from 'D:\a\comfy-gpu-ci\comfy-gpu-ci\comfy-test-logs\GeometryPack-1828\dev\windows-desktop\debug\electron_inspect\frames\frame_%06d.png':
  Duration: 00:00:09.40, start: 0.000000, bitrate: N/A
  Stream #0:0: Video: png, rgb24(pc, gbr/bt709/iec61966-2-1), 1008x681, 5 fps, 5 tbr, 5 tbn
Stream mapping:
  Stream #0:0 -> #0:0 (png (native) -> h264 (libx264))
Press [q] to stop, [?] for help
[libx264 @ 000001debb783a80] using cpu capabilities: MMX2 SSE2Fast SSSE3 SSE4.2 AVX FMA3 BMI2 AVX2 AVX512
[libx264 @ 000001debb783a80] profile High, level 3.1, 4:2:0, 8-bit
[libx264 @ 000001debb783a80] 264 - core 164 r3192 c24e06c - H.264/MPEG-4 AVC codec - Copyleft 2003-2024 - http://www.videolan.org/x264.html - options: cabac=1 ref=3 deblock=1:0:0 analyse=0x3:0x113 me=hex subme=7 psy=1 psy_rd=1.00:0.00 mixed_ref=1 me_range=16 chroma_me=1 trellis=1 8x8dct=1 cqm=0 deadzone=21,11 fast_pskip=1 chroma_qp_offset=-2 threads=6 lookahead_threads=1 sliced_threads=0 nr=0 decimate=1 interlaced=0 bluray_compat=0 constrained_intra=0 bframes=3 b_pyramid=2 b_adapt=1 b_bias=0 direct=1 weightb=1 open_gop=0 weightp=2 keyint=250 keyint_min=5 scenecut=40 intra_refresh=0 rc_lookahead=40 rc=crf mbtree=1 crf=23.0 qcomp=0.60 qpmin=0 qpmax=69 qpstep=4 ip_ratio=1.40 aq=1:1.00
Output #0, mp4, to 'D:\a\comfy-gpu-ci\comfy-gpu-ci\comfy-test-logs\GeometryPack-1828\dev\windows-desktop\videos\uv_unwrap\driver.mp4':
  Metadata:
    encoder         : Lavf61.7.100
  Stream #0:0: Video: h264 (avc1 / 0x31637661), yuv420p(tv, unknown/bt709/iec61966-2-1, progressive), 1008x682, q=2-31, 5 fps, 10240 tbn
      Metadata:
        encoder         : Lavc61.19.100 libx264
      Side data:
        cpb: bitrate max/min/avg: 0/0/0 buffer size: 0 vbv_delay: N/A
[out#0/mp4 @ 000001debb788e00] video:5KiB audio:0KiB subtitle:0KiB other streams:0KiB global headers:0KiB muxing overhead: 15.017251%
frame=    1 fps=0.0 q=23.0 Lsize=       6KiB time=00:00:00.20 bitrate= 253.4kbits/s speed=2.99x    
[libx264 @ 000001debb783a80] frame I:1     Avg QP:21.13  size:  4819
[libx264 @ 000001debb783a80] mb I  I16..4: 16.6% 79.3%  4.1%
[libx264 @ 000001debb783a80] 8x8 transform intra:79.3%
[libx264 @ 000001debb783a80] coded y,uvDC,uvAC intra: 2.7% 2.7% 2.5%
[libx264 @ 000001debb783a80] i16 v,h,dc,p: 58% 28% 14%  0%
[libx264 @ 000001debb783a80] i8 v,h,dc,ddl,ddr,vr,hd,vl,hu: 27% 67%  6%  0%  0%  0%  0%  0%  0%
[libx264 @ 000001debb783a80] i4 v,h,dc,ddl,ddr,vr,hd,vl,hu: 32% 32% 13%  5%  3%  3%  2%  8%  2%
[libx264 @ 000001debb783a80] i8c dc,h,v,p: 97%  2%  1%  0%
[libx264 @ 000001debb783a80] kb/s:192.76
[3149s]   videos/uv_unwrap/driver.mp4 placed (frames 3978..3977)
[3149s]   screenshots/uv_unwrap_executed.png placed
ffmpeg version 7.1-essentials_build-www.gyan.dev Copyright (c) 2000-2024 the FFmpeg developers
  built with gcc 14.2.0 (Rev1, Built by MSYS2 project)
  configuration: --enable-gpl --enable-version3 --enable-static --disable-w32threads --disable-autodetect --enable-fontconfig --enable-iconv --enable-gnutls --enable-libxml2 --enable-gmp --enable-bzlib --enable-lzma --enable-zlib --enable-libsrt --enable-libssh --enable-libzmq --enable-avisynth --enable-sdl2 --enable-libwebp --enable-libx264 --enable-libx265 --enable-libxvid --enable-libaom --enable-libopenjpeg --enable-libvpx --enable-mediafoundation --enable-libass --enable-libfreetype --enable-libfribidi --enable-libharfbuzz --enable-libvidstab --enable-libvmaf --enable-libzimg --enable-amf --enable-cuda-llvm --enable-cuvid --enable-dxva2 --enable-d3d11va --enable-d3d12va --enable-ffnvcodec --enable-libvpl --enable-nvdec --enable-nvenc --enable-vaapi --enable-libgme --enable-libopenmpt --enable-libopencore-amrwb --enable-libmp3lame --enable-libtheora --enable-libvo-amrwbenc --enable-libgsm --enable-libopencore-amrnb --enable-libopus --enable-libspeex --enable-libvorbis --enable-librubberband
  libavutil      59. 39.100 / 59. 39.100
  libavcodec     61. 19.100 / 61. 19.100
  libavformat    61.  7.100 / 61.  7.100
  libavdevice    61.  3.100 / 61.  3.100
  libavfilter    10.  4.100 / 10.  4.100
  libswscale      8.  3.100 /  8.  3.100
  libswresample   5.  3.100 /  5.  3.100
  libpostproc    58.  3.100 / 58.  3.100
[image2 @ 000001a009c50700] Could find no file with path 'D:\a\comfy-gpu-ci\comfy-gpu-ci\comfy-test-logs\GeometryPack-1828\dev\windows-desktop\debug\electron_inspect\frames\frame_%06d.png' and index in the range 4025-4029
[in#0 @ 000001a009c50340] Error opening input: No such file or directory
Error opening input file D:\a\comfy-gpu-ci\comfy-gpu-ci\comfy-test-logs\GeometryPack-1828\dev\windows-desktop\debug\electron_inspect\frames\frame_%06d.png.
Error opening input files: No such file or directory
[3149s]   videos/view_texture/driver.mp4 encode failed: Command '['C:\\Users\\stduser\\.comfy-test-cache\\desktop\\venv\\Lib\\site-packages\\imageio_ffmpeg\\binaries\\ffmpeg-win-x86_64-v7.1.exe', '-y', '-start_number', '4025', '-framerate', '5', '-i', 'D:\\a\\comfy-gpu-ci\\comfy-gpu-ci\\comfy-test-logs\\GeometryPack-1828\\dev\\windows-desktop\\debug\\electron_inspect\\frames\\frame_%06d.png', '-frames:v', '1', '-c:v', 'libx264', '-pix_fmt', 'yuv420p', '-vf', 'pad=ceil(iw/2)*2:ceil(ih/2)*2', 'D:\\a\\comfy-gpu-ci\\comfy-gpu-ci\\comfy-test-logs\\GeometryPack-1828\\dev\\windows-desktop\\videos\\view_texture\\driver.mp4']' returned non-zero exit status 4294967294.
[3149s]   screenshots/view_texture_executed.png placed
[3149s]   removed D:\a\comfy-gpu-ci\comfy-gpu-ci\comfy-test-logs\GeometryPack-1828\dev\windows-desktop\debug\electron_inspect\frames after successful encode
