[   0s] CDP targets: 1
[   0s]   page: file:///Users/runner/.comfy-test-cache/desktop/ComfyUI.app/Contents/Resources/desktop-ui/index.html#/welcome | ComfyUI
[   2s] Main page: file:///Users/runner/.comfy-test-cache/desktop/ComfyUI.app/Contents/Resources/desktop-ui/index.html#/welcome | ComfyUI
[   2s] Buttons: ['Get Started']
[   2s]   wizard: COMFY_TEST_GPU=0 platform=darwin preferred=['Apple Silicon', 'MPS', 'M4', 'M3', 'M2', 'M1']
[   3s]   clicked [BTN|Get Started]
[   4s]   url: file:///Users/runner/.comfy-test-cache/desktop/ComfyUI.app/Contents/Resources/desktop-ui/index.html#/welcome -> file:///Users/runner/.comfy-test-cache/desktop/ComfyUI.app/Contents/Resources/desktop-ui/index.html#/install
[   5s]   clicked [BTN|Next]
[  11s]   clicked [BTN|Next]
[  13s]   clicked [BTN|Install]
[  14s]   url: file:///Users/runner/.comfy-test-cache/desktop/ComfyUI.app/Contents/Resources/desktop-ui/index.html#/install -> file:///Users/runner/.comfy-test-cache/desktop/ComfyUI.app/Contents/Resources/desktop-ui/index.html#/server-start
[  91s]   /system_stats up after 88s
[  91s]   app: waiting for backend stability (continuous /system_stats up for 30s)
[  91s]   app: /system_stats up; awaiting 30s of stability
[ 121s]   app: backend stable for 30s; proceeding
[ 121s]   capturing canvas load...
[ 129s]   post: waiting for Cloud upsell
[ 130s]   post: clicked Cloud upsell via [button:has-text("Continue Locally"):visible]
[ 132s]   post: waiting for Close Templates
[ 140s]   post: Close Templates not found, skipping
[ 140s]   post: pressed Escape (Close Templates fallback)
[ 142s]   post: waiting for Extensions
[ 143s]   post: clicked Extensions via [button[aria-label="Extensions"]:visible]
[ 145s]   ext: node meta = display='GeometryPack' publisher='pznodes' version='0.2.11'
[ 148s]   ext: searching "GeometryPack"
[ 152s]   ext: clicking GeometryPack by pznodes tile
[ 156s]   ext: scrolling to + opening version selector
[ 159s]   ext: selected 0.2.11
[ 160s]   ext: clicking right-panel Install
[ 162s]   ext: clicked Install (last of 4 visible)
[ 170s]   ext: waiting for "Apply Changes" toast
[ 215s]   ext: clicked Apply Changes
[ 220s]   app: Apply Changes already triggered in-app restart, skipping pkill
[ 225s]   app: relaunching with CDP
[ 225s]   app: waiting for CDP
[ 225s]   app: CDP up after 1s
[ 225s]   app: reconnecting Playwright
[ 225s]   app: attached to http://127.0.0.1:8000/
[ 237s]   app: server ready after 6s
[ 237s]   app: waiting for main canvas (window.app.graph)
[ 237s]   app: canvas ready after 1s (http://127.0.0.1:8000/)
[ 242s]   app: forcing renderer reload to refresh node-pack manifest
[ 245s]   app: canvas re-ready after reload in 2s
[ 248s]   ext: closing Nodes Manager dialog
[ 248s]   ext: dismissing What's New popup
[ 248s]   ext: closed What's New popup
[ 250s]   ext: dismissing Node Pack Issues modal (if present)
[ 250s]   ext: Node Pack Issues modal not present
[ 250s]   ext: opening Templates sidebar
[ 251s]   ext: clicked Templates
[ 256s]   ext: locating "comfyui-geometrypack" section in Templates panel
[ 258s]   ext: clicked comfyui-geometrypack section
[ 260s]   ext: fetching comfy-test.toml from https://raw.githubusercontent.com/PozzettiAndrea/ComfyUI-GeometryPack/main/comfy-test.toml
[ 260s]   ext: cpu spec = exclude ['remeshing_gpu', 'fill_holes_all', 'remeshing_all', 'uv_unwrap_all']
[ 260s]   ext: picking first matching comfyui-geometrypack template
[ 260s]   ext: 24 visible cards
[ 262s]   ext: clicked template sharpen
[ 267s]   ext: installing WS execution listener
[ 267s]   ext: clicking Run
[ 268s]   ext: clicked Run
[ 268s]   ext: waiting for execution_success / execution_error
[ 277s]   ext: WS events=24 elapsed=9s
[ 277s]     ws: {'type': 'progress_state', 'ts': 1778383310106}
[ 277s]     ws: {'type': 'executing', 'ts': 1778383310106}
[ 277s]     ws: {'type': 'executed', 'ts': 1778383312055}
[ 277s]     ws: {'type': 'progress_state', 'ts': 1778383312056}
[ 277s]     ws: {'type': 'progress_state', 'ts': 1778383312057}
[ 277s]     ws: {'type': 'progress_state', 'ts': 1778383312059}
[ 277s]     ws: {'type': 'executing', 'ts': 1778383312062}
[ 277s]     ws: {'type': 'progress_state', 'ts': 1778383312129}
[ 277s]     ws: {'type': 'progress_state', 'ts': 1778383312132}
[ 277s]     ws: {'type': 'executing', 'ts': 1778383312132}
[ 277s]     ws: {'type': 'executed', 'ts': 1778383312256}
[ 277s]     ws: {'type': 'progress_state', 'ts': 1778383312345}
[ 277s]     ws: {'type': 'execution_success', 'ts': 1778383312348}
[ 277s]     ws: {'type': 'status', 'ts': 1778383312520}
[ 277s]     ws: {'type': 'executing', 'ts': 1778383312521}
[ 277s]   ext: execution_success after 9s
[ 282s]   ext: fetching comfy-test.toml from https://raw.githubusercontent.com/PozzettiAndrea/ComfyUI-GeometryPack/main/comfy-test.toml
[ 282s]   ext: cpu spec = exclude ['remeshing_gpu', 'fill_holes_all', 'remeshing_all', 'uv_unwrap_all']
[ 282s]   loop: workflows/ from $COMFY_TEST_WORKFLOWS -> ['alpha_wrap', 'batch_remesh', 'boolean_ops', 'boolean_ops_all', 'decimate', 'decimate_all', 'depth_map_to_mesh', 'fill_holes_all', 'fix_normals_all', 'fix_self_intersection', 'mesh_info', 'mesh_mesh_distance', 'normals', 'point_mesh_distance', 'preview_mesh_threejs', 'reconstruct_all', 'refine_mesh', 'remesh_intersections', 'remeshing', 'remeshing_all', 'sMOOth', 'sharpen', 'sharpen_all', 'side_by_side_viewer', 'skeleton_all', 'skeleton_extraction', 'smooth_all', 'surface_reconstruction', 'test_loading', 'transform', 'uv_unwrap', 'uv_unwrap_all', 'view_texture']
[ 282s]   loop: spec=exclude items=['remeshing_gpu', 'fill_holes_all', 'remeshing_all', 'uv_unwrap_all'] -> 30 workflow(s) ['alpha_wrap', 'batch_remesh', 'boolean_ops', 'boolean_ops_all', 'decimate', 'decimate_all', 'depth_map_to_mesh', 'fix_normals_all', 'fix_self_intersection', 'mesh_info', 'mesh_mesh_distance', 'normals', 'point_mesh_distance', 'preview_mesh_threejs', 'reconstruct_all', 'refine_mesh', 'remesh_intersections', 'remeshing', 'sMOOth', 'sharpen', 'sharpen_all', 'side_by_side_viewer', 'skeleton_all', 'skeleton_extraction', 'smooth_all', 'surface_reconstruction', 'test_loading', 'transform', 'uv_unwrap', 'view_texture']
[ 282s]   loop: matching=30 first_ran='sharpen' remaining=29 -> ['alpha_wrap', 'batch_remesh', 'boolean_ops', 'boolean_ops_all', 'decimate', 'decimate_all', 'depth_map_to_mesh', 'fix_normals_all', 'fix_self_intersection', 'mesh_info', 'mesh_mesh_distance', 'normals', 'point_mesh_distance', 'preview_mesh_threejs', 'reconstruct_all', 'refine_mesh', 'remesh_intersections', 'remeshing', 'sMOOth', 'sharpen_all', 'side_by_side_viewer', 'skeleton_all', 'skeleton_extraction', 'smooth_all', 'surface_reconstruction', 'test_loading', 'transform', 'uv_unwrap', 'view_texture']
[ 282s]   loop: full restart for workflow 2/30 (alpha_wrap)
[ 282s]   loop: closing current browser
[ 282s]   loop: killing ComfyUI process
[ 287s]   loop: launching ComfyUI with --remote-debugging-port=0
[ 287s]   loop: waiting for DevToolsActivePort at /Users/runner/Library/Application Support/ComfyUI/DevToolsActivePort
[ 288s]   loop: DevToolsActivePort -> 49883 after 2s
[ 288s]   loop: reconnecting Playwright on port 49883
[ 289s]   loop: attached to file:///Users/runner/.comfy-test-cache/desktop/ComfyUI.app/Contents/Resources/desktop-ui/index.html#/desktop-start
[ 297s]   loop: server ready after 8s
[ 299s]   loop: canvas ready after 2s
[ 299s]   loop: forcing renderer reload
[ 301s]   loop: canvas ready after 2s
[ 305s]   ext: closing Nodes Manager dialog
[ 305s]   ext: dismissing What's New popup
[ 305s]   ext: What's New popup not present
[ 305s]   ext: dismissing Node Pack Issues modal (if present)
[ 305s]   ext: Node Pack Issues modal not present
[ 305s]   ext: opening Templates sidebar
[ 305s]   ext: clicked Templates
[ 309s]   ext: locating "comfyui-geometrypack" section in Templates panel
[ 311s]   ext: clicked comfyui-geometrypack section
[ 314s]   ext: clicking template alpha_wrap
[ 316s]   ext: clicked template alpha_wrap
[ 321s]   ext: installing WS execution listener
[ 321s]   ext: clicking Run
[ 322s]   ext: clicked Run
[ 322s]   ext: waiting for execution_success / execution_error
[ 336s]   ext: WS events=35 elapsed=14s
[ 336s]     ws: {'type': 'executing', 'ts': 1778383369006}
[ 336s]     ws: {'type': 'executed', 'ts': 1778383369150}
[ 336s]     ws: {'type': 'progress_state', 'ts': 1778383369163}
[ 336s]     ws: {'type': 'progress_state', 'ts': 1778383369164}
[ 336s]     ws: {'type': 'executing', 'ts': 1778383369164}
[ 336s]     ws: {'type': 'executed', 'ts': 1778383371378}
[ 336s]     ws: {'type': 'progress_state', 'ts': 1778383371379}
[ 336s]     ws: {'type': 'progress_state', 'ts': 1778383371380}
[ 336s]     ws: {'type': 'progress_state', 'ts': 1778383371382}
[ 336s]     ws: {'type': 'executing', 'ts': 1778383371384}
[ 336s]     ws: {'type': 'executed', 'ts': 1778383371728}
[ 336s]     ws: {'type': 'progress_state', 'ts': 1778383371780}
[ 336s]     ws: {'type': 'execution_success', 'ts': 1778383371784}
[ 336s]     ws: {'type': 'status', 'ts': 1778383371930}
[ 336s]     ws: {'type': 'executing', 'ts': 1778383371930}
[ 336s]   ext: execution_success after 14s
[ 341s]   loop: full restart for workflow 3/30 (batch_remesh)
[ 341s]   loop: closing current browser
[ 341s]   loop: killing ComfyUI process
[ 346s]   loop: launching ComfyUI with --remote-debugging-port=0
[ 346s]   loop: waiting for DevToolsActivePort at /Users/runner/Library/Application Support/ComfyUI/DevToolsActivePort
[ 347s]   loop: DevToolsActivePort -> 49998 after 2s
[ 347s]   loop: reconnecting Playwright on port 49998
[ 348s]   loop: attached to file:///Users/runner/.comfy-test-cache/desktop/ComfyUI.app/Contents/Resources/desktop-ui/index.html#/desktop-start
[ 355s]   loop: server ready after 7s
[ 357s]   loop: canvas ready after 2s
[ 357s]   loop: forcing renderer reload
[ 359s]   loop: canvas ready after 2s
[ 363s]   ext: closing Nodes Manager dialog
[ 363s]   ext: dismissing What's New popup
[ 363s]   ext: What's New popup not present
[ 363s]   ext: dismissing Node Pack Issues modal (if present)
[ 363s]   ext: Node Pack Issues modal not present
[ 363s]   ext: opening Templates sidebar
[ 363s]   ext: clicked Templates
[ 368s]   ext: locating "comfyui-geometrypack" section in Templates panel
[ 370s]   ext: clicked comfyui-geometrypack section
[ 372s]   ext: clicking template batch_remesh
[ 374s]   ext: clicked template batch_remesh
[ 379s]   ext: installing WS execution listener
[ 379s]   ext: clicking Run
[ 380s]   ext: clicked Run
[ 380s]   ext: waiting for execution_success / execution_error
[ 390s]   ext: WS events=37 elapsed=10s
[ 390s]     ws: {'type': 'executing', 'ts': 1778383425078}
[ 390s]     ws: {'type': 'executed', 'ts': 1778383425315}
[ 390s]     ws: {'type': 'progress_state', 'ts': 1778383425316}
[ 390s]     ws: {'type': 'progress_state', 'ts': 1778383425317}
[ 390s]     ws: {'type': 'executing', 'ts': 1778383425318}
[ 390s]     ws: {'type': 'executed', 'ts': 1778383425441}
[ 390s]     ws: {'type': 'progress_state', 'ts': 1778383425448}
[ 390s]     ws: {'type': 'progress_state', 'ts': 1778383425450}
[ 390s]     ws: {'type': 'progress_state', 'ts': 1778383425452}
[ 390s]     ws: {'type': 'executing', 'ts': 1778383425466}
[ 390s]     ws: {'type': 'executed', 'ts': 1778383425475}
[ 390s]     ws: {'type': 'progress_state', 'ts': 1778383425478}
[ 390s]     ws: {'type': 'execution_success', 'ts': 1778383425482}
[ 390s]     ws: {'type': 'status', 'ts': 1778383425884}
[ 390s]     ws: {'type': 'executing', 'ts': 1778383425887}
[ 390s]   ext: execution_success after 10s
[ 395s]   loop: full restart for workflow 4/30 (boolean_ops)
[ 395s]   loop: closing current browser
[ 395s]   loop: killing ComfyUI process
[ 400s]   loop: launching ComfyUI with --remote-debugging-port=0
[ 400s]   loop: waiting for DevToolsActivePort at /Users/runner/Library/Application Support/ComfyUI/DevToolsActivePort
[ 402s]   loop: DevToolsActivePort -> 50104 after 2s
[ 402s]   loop: reconnecting Playwright on port 50104
[ 402s]   loop: attached to file:///Users/runner/.comfy-test-cache/desktop/ComfyUI.app/Contents/Resources/desktop-ui/index.html#/server-start
[ 409s]   loop: server ready after 7s
[ 413s]   loop: canvas ready after 3s
[ 413s]   loop: forcing renderer reload
[ 414s]   loop: canvas ready after 2s
[ 418s]   ext: closing Nodes Manager dialog
[ 418s]   ext: dismissing What's New popup
[ 418s]   ext: What's New popup not present
[ 418s]   ext: dismissing Node Pack Issues modal (if present)
[ 418s]   ext: Node Pack Issues modal not present
[ 418s]   ext: opening Templates sidebar
[ 419s]   ext: clicked Templates
[ 423s]   ext: locating "comfyui-geometrypack" section in Templates panel
[ 425s]   ext: clicked comfyui-geometrypack section
[ 427s]   ext: clicking template boolean_ops
[ 429s]   ext: clicked template boolean_ops
[ 434s]   ext: installing WS execution listener
[ 434s]   ext: clicking Run
[ 435s]   ext: clicked Run
[ 435s]   ext: waiting for execution_success / execution_error
[ 441s]   ext: WS events=28 elapsed=6s
[ 441s]     ws: {'type': 'executing', 'ts': 1778383476045}
[ 441s]     ws: {'type': 'executed', 'ts': 1778383476077}
[ 441s]     ws: {'type': 'progress_state', 'ts': 1778383476079}
[ 441s]     ws: {'type': 'progress_state', 'ts': 1778383476081}
[ 441s]     ws: {'type': 'executing', 'ts': 1778383476081}
[ 441s]     ws: {'type': 'executed', 'ts': 1778383476505}
[ 441s]     ws: {'type': 'progress_state', 'ts': 1778383476506}
[ 441s]     ws: {'type': 'progress_state', 'ts': 1778383476509}
[ 441s]     ws: {'type': 'progress_state', 'ts': 1778383476512}
[ 441s]     ws: {'type': 'executing', 'ts': 1778383476515}
[ 441s]     ws: {'type': 'executed', 'ts': 1778383476537}
[ 441s]     ws: {'type': 'progress_state', 'ts': 1778383476539}
[ 441s]     ws: {'type': 'execution_success', 'ts': 1778383476543}
[ 441s]     ws: {'type': 'status', 'ts': 1778383477044}
[ 441s]     ws: {'type': 'executing', 'ts': 1778383477044}
[ 441s]   ext: execution_success after 6s
[ 446s]   loop: full restart for workflow 5/30 (boolean_ops_all)
[ 446s]   loop: closing current browser
[ 446s]   loop: killing ComfyUI process
[ 451s]   loop: launching ComfyUI with --remote-debugging-port=0
[ 451s]   loop: waiting for DevToolsActivePort at /Users/runner/Library/Application Support/ComfyUI/DevToolsActivePort
[ 453s]   loop: DevToolsActivePort -> 50207 after 2s
[ 453s]   loop: reconnecting Playwright on port 50207
[ 453s]   loop: attached to file:///Users/runner/.comfy-test-cache/desktop/ComfyUI.app/Contents/Resources/desktop-ui/index.html#/server-start
[ 460s]   loop: server ready after 7s
[ 463s]   loop: canvas ready after 3s
[ 463s]   loop: forcing renderer reload
[ 465s]   loop: canvas ready after 2s
[ 469s]   ext: closing Nodes Manager dialog
[ 469s]   ext: dismissing What's New popup
[ 469s]   ext: What's New popup not present
[ 469s]   ext: dismissing Node Pack Issues modal (if present)
[ 469s]   ext: Node Pack Issues modal not present
[ 469s]   ext: opening Templates sidebar
[ 469s]   ext: clicked Templates
[ 474s]   ext: locating "comfyui-geometrypack" section in Templates panel
[ 476s]   ext: clicked comfyui-geometrypack section
[ 478s]   ext: clicking template boolean_ops_all
[ 478s]   ext: card boolean_ops_all not found in section DOM
[ 478s]   loop: full restart for workflow 6/30 (decimate)
[ 478s]   loop: closing current browser
[ 478s]   loop: killing ComfyUI process
[ 483s]   loop: launching ComfyUI with --remote-debugging-port=0
[ 483s]   loop: waiting for DevToolsActivePort at /Users/runner/Library/Application Support/ComfyUI/DevToolsActivePort
[ 484s]   loop: DevToolsActivePort -> 50274 after 2s
[ 484s]   loop: reconnecting Playwright on port 50274
[ 485s]   loop: attached to file:///Users/runner/.comfy-test-cache/desktop/ComfyUI.app/Contents/Resources/desktop-ui/index.html#/server-start
[ 492s]   loop: server ready after 7s
[ 494s]   loop: canvas ready after 2s
[ 494s]   loop: forcing renderer reload
[ 495s]   loop: canvas ready after 2s
[ 499s]   ext: closing Nodes Manager dialog
[ 499s]   ext: dismissing What's New popup
[ 499s]   ext: What's New popup not present
[ 499s]   ext: dismissing Node Pack Issues modal (if present)
[ 499s]   ext: Node Pack Issues modal not present
[ 499s]   ext: opening Templates sidebar
[ 499s]   ext: clicked Templates
[ 504s]   ext: locating "comfyui-geometrypack" section in Templates panel
[ 506s]   ext: clicked comfyui-geometrypack section
[ 508s]   ext: clicking template decimate
[ 508s]   ext: card decimate not found in section DOM
[ 508s]   loop: full restart for workflow 7/30 (decimate_all)
[ 508s]   loop: closing current browser
[ 508s]   loop: killing ComfyUI process
[ 514s]   loop: launching ComfyUI with --remote-debugging-port=0
[ 514s]   loop: waiting for DevToolsActivePort at /Users/runner/Library/Application Support/ComfyUI/DevToolsActivePort
[ 515s]   loop: DevToolsActivePort -> 50341 after 2s
[ 515s]   loop: reconnecting Playwright on port 50341
[ 515s]   loop: attached to file:///Users/runner/.comfy-test-cache/desktop/ComfyUI.app/Contents/Resources/desktop-ui/index.html#/server-start
[ 521s]   loop: server ready after 6s
[ 525s]   loop: canvas ready after 3s
[ 525s]   loop: forcing renderer reload
[ 527s]   loop: canvas ready after 2s
[ 530s]   ext: closing Nodes Manager dialog
[ 530s]   ext: dismissing What's New popup
[ 530s]   ext: What's New popup not present
[ 530s]   ext: dismissing Node Pack Issues modal (if present)
[ 530s]   ext: Node Pack Issues modal not present
[ 530s]   ext: opening Templates sidebar
[ 531s]   ext: clicked Templates
[ 535s]   ext: locating "comfyui-geometrypack" section in Templates panel
[ 537s]   ext: clicked comfyui-geometrypack section
[ 539s]   ext: clicking template decimate_all
[ 541s]   ext: clicked template decimate_all
[ 546s]   ext: installing WS execution listener
[ 546s]   ext: clicking Run
[ 547s]   ext: clicked Run
[ 547s]   ext: waiting for execution_success / execution_error
[ 563s]   ext: WS events=46 elapsed=16s
[ 563s]     ws: {'type': 'executing', 'ts': 1778383594405}
[ 563s]     ws: {'type': 'executed', 'ts': 1778383594990}
[ 563s]     ws: {'type': 'progress_state', 'ts': 1778383595075}
[ 563s]     ws: {'type': 'progress_state', 'ts': 1778383595101}
[ 563s]     ws: {'type': 'executing', 'ts': 1778383595102}
[ 563s]     ws: {'type': 'executed', 'ts': 1778383597573}
[ 563s]     ws: {'type': 'progress_state', 'ts': 1778383597575}
[ 563s]     ws: {'type': 'progress_state', 'ts': 1778383597578}
[ 563s]     ws: {'type': 'progress_state', 'ts': 1778383597581}
[ 563s]     ws: {'type': 'executing', 'ts': 1778383597584}
[ 563s]     ws: {'type': 'executed', 'ts': 1778383598130}
[ 563s]     ws: {'type': 'progress_state', 'ts': 1778383598190}
[ 563s]     ws: {'type': 'execution_success', 'ts': 1778383598193}
[ 563s]     ws: {'type': 'status', 'ts': 1778383598563}
[ 563s]     ws: {'type': 'executing', 'ts': 1778383598563}
[ 563s]   ext: execution_success after 16s
[ 568s]   loop: full restart for workflow 8/30 (depth_map_to_mesh)
[ 568s]   loop: closing current browser
[ 568s]   loop: killing ComfyUI process
[ 573s]   loop: launching ComfyUI with --remote-debugging-port=0
[ 573s]   loop: waiting for DevToolsActivePort at /Users/runner/Library/Application Support/ComfyUI/DevToolsActivePort
[ 575s]   loop: DevToolsActivePort -> 50457 after 2s
[ 575s]   loop: reconnecting Playwright on port 50457
[ 575s]   loop: attached to file:///Users/runner/.comfy-test-cache/desktop/ComfyUI.app/Contents/Resources/desktop-ui/index.html#/server-start
[ 583s]   loop: server ready after 8s
[ 585s]   loop: canvas ready after 2s
[ 585s]   loop: forcing renderer reload
[ 587s]   loop: canvas ready after 2s
[ 590s]   ext: closing Nodes Manager dialog
[ 590s]   ext: dismissing What's New popup
[ 590s]   ext: What's New popup not present
[ 590s]   ext: dismissing Node Pack Issues modal (if present)
[ 590s]   ext: Node Pack Issues modal not present
[ 590s]   ext: opening Templates sidebar
[ 591s]   ext: clicked Templates
[ 595s]   ext: locating "comfyui-geometrypack" section in Templates panel
[ 597s]   ext: clicked comfyui-geometrypack section
[ 599s]   ext: clicking template depth_map_to_mesh
[ 601s]   ext: clicked template depth_map_to_mesh
[ 607s]   ext: installing WS execution listener
[ 607s]   ext: clicking Run
[ 607s]   ext: clicked Run
[ 607s]   ext: waiting for execution_success / execution_error
[1208s]   ext: WS events=0 elapsed=600s
[1208s]   ext: WORKFLOW TIMEOUT (no execution_success/error in 10min)
[1213s]   loop: full restart for workflow 9/30 (fix_normals_all)
[1213s]   loop: closing current browser
[1213s]   loop: killing ComfyUI process
[1218s]   loop: launching ComfyUI with --remote-debugging-port=0
[1218s]   loop: waiting for DevToolsActivePort at /Users/runner/Library/Application Support/ComfyUI/DevToolsActivePort
[1220s]   loop: DevToolsActivePort -> 50646 after 2s
[1220s]   loop: reconnecting Playwright on port 50646
[1220s]   loop: attached to file:///Users/runner/.comfy-test-cache/desktop/ComfyUI.app/Contents/Resources/desktop-ui/index.html#/desktop-start
[1230s]   loop: server ready after 9s
[1234s]   loop: canvas ready after 3s
[1234s]   loop: forcing renderer reload
[1236s]   loop: canvas ready after 2s
[1239s]   ext: closing Nodes Manager dialog
[1239s]   ext: dismissing What's New popup
[1239s]   ext: What's New popup not present
[1239s]   ext: dismissing Node Pack Issues modal (if present)
[1239s]   ext: Node Pack Issues modal not present
[1239s]   ext: opening Templates sidebar
[1240s]   ext: clicked Templates
[1244s]   ext: locating "comfyui-geometrypack" section in Templates panel
[1246s]   ext: clicked comfyui-geometrypack section
[1248s]   ext: clicking template fix_normals_all
[1251s]   ext: clicked template fix_normals_all
[1256s]   ext: installing WS execution listener
[1256s]   ext: clicking Run
[1257s]   ext: clicked Run
[1257s]   ext: waiting for execution_success / execution_error
[1268s]   ext: WS events=53 elapsed=11s
[1268s]     ws: {'type': 'executed', 'ts': 1778384302747}
[1268s]     ws: {'type': 'progress_state', 'ts': 1778384302749}
[1268s]     ws: {'type': 'progress_state', 'ts': 1778384302752}
[1268s]     ws: {'type': 'progress_state', 'ts': 1778384302757}
[1268s]     ws: {'type': 'executing', 'ts': 1778384302860}
[1268s]     ws: {'type': 'executed', 'ts': 1778384303584}
[1268s]     ws: {'type': 'progress_state', 'ts': 1778384303608}
[1268s]     ws: {'type': 'progress_state', 'ts': 1778384303616}
[1268s]     ws: {'type': 'progress_state', 'ts': 1778384303704}
[1268s]     ws: {'type': 'executing', 'ts': 1778384303705}
[1268s]     ws: {'type': 'executed', 'ts': 1778384303707}
[1268s]     ws: {'type': 'progress_state', 'ts': 1778384303724}
[1268s]     ws: {'type': 'execution_success', 'ts': 1778384303727}
[1268s]     ws: {'type': 'status', 'ts': 1778384304033}
[1268s]     ws: {'type': 'executing', 'ts': 1778384304037}
[1268s]   ext: execution_success after 11s
[1273s]   loop: full restart for workflow 10/30 (fix_self_intersection)
[1273s]   loop: closing current browser
[1273s]   loop: killing ComfyUI process
[1279s]   loop: launching ComfyUI with --remote-debugging-port=0
[1279s]   loop: waiting for DevToolsActivePort at /Users/runner/Library/Application Support/ComfyUI/DevToolsActivePort
[1280s]   loop: DevToolsActivePort -> 50759 after 2s
[1280s]   loop: reconnecting Playwright on port 50759
[1280s]   loop: attached to file:///Users/runner/.comfy-test-cache/desktop/ComfyUI.app/Contents/Resources/desktop-ui/index.html#/desktop-start
[1290s]   loop: server ready after 9s
[1295s]   loop: canvas ready after 3s
[1295s]   loop: forcing renderer reload
[1297s]   loop: canvas ready after 2s
[1300s]   ext: closing Nodes Manager dialog
[1300s]   ext: dismissing What's New popup
[1300s]   ext: What's New popup not present
[1300s]   ext: dismissing Node Pack Issues modal (if present)
[1300s]   ext: Node Pack Issues modal not present
[1300s]   ext: opening Templates sidebar
[1301s]   ext: clicked Templates
[1305s]   ext: locating "comfyui-geometrypack" section in Templates panel
[1307s]   ext: clicked comfyui-geometrypack section
[1310s]   ext: clicking template fix_self_intersection
[1310s]   ext: card fix_self_intersection not found in section DOM
[1310s]   loop: full restart for workflow 11/30 (mesh_info)
[1310s]   loop: closing current browser
[1310s]   loop: killing ComfyUI process
[1315s]   loop: launching ComfyUI with --remote-debugging-port=0
[1315s]   loop: waiting for DevToolsActivePort at /Users/runner/Library/Application Support/ComfyUI/DevToolsActivePort
[1316s]   loop: DevToolsActivePort -> 50836 after 2s
[1316s]   loop: reconnecting Playwright on port 50836
[1317s]   loop: attached to file:///Users/runner/.comfy-test-cache/desktop/ComfyUI.app/Contents/Resources/desktop-ui/index.html#/desktop-start
[1327s]   loop: server ready after 9s
[1329s]   loop: canvas ready after 2s
[1329s]   loop: forcing renderer reload
[1332s]   loop: canvas ready after 2s
[1335s]   ext: closing Nodes Manager dialog
[1335s]   ext: dismissing What's New popup
[1335s]   ext: What's New popup not present
[1335s]   ext: dismissing Node Pack Issues modal (if present)
[1335s]   ext: Node Pack Issues modal not present
[1335s]   ext: opening Templates sidebar
[1336s]   ext: clicked Templates
[1340s]   ext: locating "comfyui-geometrypack" section in Templates panel
[1342s]   ext: clicked comfyui-geometrypack section
[1344s]   ext: clicking template mesh_info
[1344s]   ext: card mesh_info not found in section DOM
[1344s]   loop: full restart for workflow 12/30 (mesh_mesh_distance)
[1344s]   loop: closing current browser
[1344s]   loop: killing ComfyUI process
[1350s]   loop: launching ComfyUI with --remote-debugging-port=0
[1350s]   loop: waiting for DevToolsActivePort at /Users/runner/Library/Application Support/ComfyUI/DevToolsActivePort
[1351s]   loop: DevToolsActivePort -> 50907 after 2s
[1351s]   loop: reconnecting Playwright on port 50907
[1351s]   loop: attached to file:///Users/runner/.comfy-test-cache/desktop/ComfyUI.app/Contents/Resources/desktop-ui/index.html#/desktop-start
[1363s]   loop: server ready after 10s
[1365s]   loop: canvas ready after 2s
[1365s]   loop: forcing renderer reload
[1367s]   loop: canvas ready after 2s
[1371s]   ext: closing Nodes Manager dialog
[1371s]   ext: dismissing What's New popup
[1371s]   ext: What's New popup not present
[1371s]   ext: dismissing Node Pack Issues modal (if present)
[1371s]   ext: Node Pack Issues modal not present
[1371s]   ext: opening Templates sidebar
[1371s]   ext: clicked Templates
[1376s]   ext: locating "comfyui-geometrypack" section in Templates panel
[1378s]   ext: clicked comfyui-geometrypack section
[1380s]   ext: clicking template mesh_mesh_distance
[1383s]   ext: clicked template mesh_mesh_distance
[1388s]   ext: installing WS execution listener
[1388s]   ext: clicking Run
[1388s]   ext: clicked Run
[1388s]   ext: waiting for execution_success / execution_error
[1410s]   ext: WS events=32 elapsed=21s
[1410s]     ws: {'type': 'executing', 'ts': 1778384439764}
[1410s]     ws: {'type': 'executed', 'ts': 1778384440032}
[1410s]     ws: {'type': 'progress_state', 'ts': 1778384440036}
[1410s]     ws: {'type': 'progress_state', 'ts': 1778384440050}
[1410s]     ws: {'type': 'executing', 'ts': 1778384440051}
[1410s]     ws: {'type': 'executed', 'ts': 1778384444837}
[1410s]     ws: {'type': 'progress_state', 'ts': 1778384444842}
[1410s]     ws: {'type': 'progress_state', 'ts': 1778384444849}
[1410s]     ws: {'type': 'progress_state', 'ts': 1778384444855}
[1410s]     ws: {'type': 'executing', 'ts': 1778384444863}
[1410s]     ws: {'type': 'executed', 'ts': 1778384445147}
[1410s]     ws: {'type': 'progress_state', 'ts': 1778384445151}
[1410s]     ws: {'type': 'execution_success', 'ts': 1778384445156}
[1410s]     ws: {'type': 'status', 'ts': 1778384445157}
[1410s]     ws: {'type': 'executing', 'ts': 1778384445158}
[1410s]   ext: execution_success after 21s
[1415s]   loop: full restart for workflow 13/30 (normals)
[1415s]   loop: closing current browser
[1415s]   loop: killing ComfyUI process
[1420s]   loop: launching ComfyUI with --remote-debugging-port=0
[1420s]   loop: waiting for DevToolsActivePort at /Users/runner/Library/Application Support/ComfyUI/DevToolsActivePort
[1422s]   loop: DevToolsActivePort -> 51039 after 3s
[1422s]   loop: reconnecting Playwright on port 51039
[1423s]   loop: attached to file:///Users/runner/.comfy-test-cache/desktop/ComfyUI.app/Contents/Resources/desktop-ui/index.html#/desktop-start
[1440s]   loop: server ready after 14s
[1444s]   loop: canvas ready after 3s
[1444s]   loop: forcing renderer reload
[1446s]   loop: canvas ready after 2s
[1449s]   ext: closing Nodes Manager dialog
[1449s]   ext: dismissing What's New popup
[1449s]   ext: What's New popup not present
[1449s]   ext: dismissing Node Pack Issues modal (if present)
[1449s]   ext: Node Pack Issues modal not present
[1449s]   ext: opening Templates sidebar
[1450s]   ext: clicked Templates
[1455s]   ext: locating "comfyui-geometrypack" section in Templates panel
[1457s]   ext: clicked comfyui-geometrypack section
[1459s]   ext: clicking template normals
[1461s]   ext: clicked template normals
[1466s]   ext: installing WS execution listener
[1466s]   ext: clicking Run
[1467s]   ext: clicked Run
[1467s]   ext: waiting for execution_success / execution_error
[1477s]   ext: WS events=21 elapsed=10s
[1477s]     ws: {'type': 'progress_state', 'ts': 1778384510515}
[1477s]     ws: {'type': 'progress_state', 'ts': 1778384510521}
[1477s]     ws: {'type': 'executing', 'ts': 1778384510521}
[1477s]     ws: {'type': 'executed', 'ts': 1778384510709}
[1477s]     ws: {'type': 'progress_state', 'ts': 1778384510721}
[1477s]     ws: {'type': 'progress_state', 'ts': 1778384510725}
[1477s]     ws: {'type': 'executing', 'ts': 1778384510767}
[1477s]     ws: {'type': 'progress_state', 'ts': 1778384510875}
[1477s]     ws: {'type': 'progress_state', 'ts': 1778384510881}
[1477s]     ws: {'type': 'executing', 'ts': 1778384510881}
[1477s]     ws: {'type': 'executed', 'ts': 1778384511684}
[1477s]     ws: {'type': 'progress_state', 'ts': 1778384511685}
[1477s]     ws: {'type': 'execution_success', 'ts': 1778384512213}
[1477s]     ws: {'type': 'status', 'ts': 1778384512224}
[1477s]     ws: {'type': 'executing', 'ts': 1778384512225}
[1477s]   ext: execution_success after 10s
[1482s]   loop: full restart for workflow 14/30 (point_mesh_distance)
[1482s]   loop: closing current browser
[1482s]   loop: killing ComfyUI process
[1488s]   loop: launching ComfyUI with --remote-debugging-port=0
[1488s]   loop: waiting for DevToolsActivePort at /Users/runner/Library/Application Support/ComfyUI/DevToolsActivePort
[1490s]   loop: DevToolsActivePort -> 51169 after 3s
[1490s]   loop: reconnecting Playwright on port 51169
[1491s]   loop: attached to file:///Users/runner/.comfy-test-cache/desktop/ComfyUI.app/Contents/Resources/desktop-ui/index.html#/desktop-start
[1506s]   loop: server ready after 13s
[1510s]   loop: canvas ready after 2s
[1510s]   loop: forcing renderer reload
[1512s]   loop: canvas ready after 2s
[1515s]   ext: closing Nodes Manager dialog
[1515s]   ext: dismissing What's New popup
[1515s]   ext: What's New popup not present
[1515s]   ext: dismissing Node Pack Issues modal (if present)
[1515s]   ext: Node Pack Issues modal not present
[1515s]   ext: opening Templates sidebar
[1516s]   ext: clicked Templates
[1520s]   ext: locating "comfyui-geometrypack" section in Templates panel
[1522s]   ext: clicked comfyui-geometrypack section
[1525s]   ext: clicking template point_mesh_distance
[1526s]   ext: clicked template point_mesh_distance
[1531s]   ext: installing WS execution listener
[1531s]   ext: clicking Run
[1532s]   ext: clicked Run
[1532s]   ext: waiting for execution_success / execution_error
[1538s]   ext: WS events=28 elapsed=5s
[1538s]     ws: {'type': 'progress_state', 'ts': 1778384572842}
[1538s]     ws: {'type': 'executing', 'ts': 1778384572842}
[1538s]     ws: {'type': 'executed', 'ts': 1778384573266}
[1538s]     ws: {'type': 'progress_state', 'ts': 1778384573278}
[1538s]     ws: {'type': 'progress_state', 'ts': 1778384573280}
[1538s]     ws: {'type': 'executing', 'ts': 1778384573301}
[1538s]     ws: {'type': 'executed', 'ts': 1778384573313}
[1538s]     ws: {'type': 'progress_state', 'ts': 1778384573315}
[1538s]     ws: {'type': 'progress_state', 'ts': 1778384573318}
[1538s]     ws: {'type': 'executing', 'ts': 1778384573318}
[1538s]     ws: {'type': 'executed', 'ts': 1778384573349}
[1538s]     ws: {'type': 'progress_state', 'ts': 1778384573365}
[1538s]     ws: {'type': 'execution_success', 'ts': 1778384573874}
[1538s]     ws: {'type': 'status', 'ts': 1778384573875}
[1538s]     ws: {'type': 'executing', 'ts': 1778384573877}
[1538s]   ext: execution_success after 5s
[1543s]   loop: full restart for workflow 15/30 (preview_mesh_threejs)
[1543s]   loop: closing current browser
[1543s]   loop: killing ComfyUI process
[1548s]   loop: launching ComfyUI with --remote-debugging-port=0
[1548s]   loop: waiting for DevToolsActivePort at /Users/runner/Library/Application Support/ComfyUI/DevToolsActivePort
[1549s]   loop: DevToolsActivePort -> 51286 after 2s
[1549s]   loop: reconnecting Playwright on port 51286
[1550s]   loop: attached to file:///Users/runner/.comfy-test-cache/desktop/ComfyUI.app/Contents/Resources/desktop-ui/index.html#/desktop-start
[1570s]   loop: server ready after 15s
[1573s]   loop: canvas ready after 2s
[1573s]   loop: forcing renderer reload
[1575s]   loop: canvas ready after 2s
[1579s]   ext: closing Nodes Manager dialog
[1579s]   ext: dismissing What's New popup
[1579s]   ext: What's New popup not present
[1579s]   ext: dismissing Node Pack Issues modal (if present)
[1579s]   ext: Node Pack Issues modal not present
[1579s]   ext: opening Templates sidebar
[1580s]   ext: clicked Templates
[1584s]   ext: locating "comfyui-geometrypack" section in Templates panel
[1587s]   ext: clicked comfyui-geometrypack section
[1589s]   ext: clicking template preview_mesh_threejs
[1593s]   ext: clicked template preview_mesh_threejs
[1598s]   ext: installing WS execution listener
[1598s]   ext: clicking Run
[1600s]   ext: clicked Run
[1600s]   ext: waiting for execution_success / execution_error
[1621s]   ext: WS events=14 elapsed=21s
[1621s]     ws: {'type': 'status', 'ts': 1778384634791}
[1621s]     ws: {'type': 'status', 'ts': 1778384634807}
[1621s]     ws: {'type': 'execution_start', 'ts': 1778384634831}
[1621s]     ws: {'type': 'execution_cached', 'ts': 1778384634903}
[1621s]     ws: {'type': 'progress_state', 'ts': 1778384634906}
[1621s]     ws: {'type': 'executing', 'ts': 1778384634907}
[1621s]     ws: {'type': 'progress_state', 'ts': 1778384655369}
[1621s]     ws: {'type': 'progress_state', 'ts': 1778384655463}
[1621s]     ws: {'type': 'executing', 'ts': 1778384655479}
[1621s]     ws: {'type': 'executed', 'ts': 1778384655646}
[1621s]     ws: {'type': 'progress_state', 'ts': 1778384655664}
[1621s]     ws: {'type': 'execution_success', 'ts': 1778384655716}
[1621s]     ws: {'type': 'status', 'ts': 1778384656639}
[1621s]     ws: {'type': 'executing', 'ts': 1778384656656}
[1621s]   ext: execution_success after 21s
[1626s]   loop: full restart for workflow 16/30 (reconstruct_all)
[1626s]   loop: closing current browser
[1626s]   loop: killing ComfyUI process
[1632s]   loop: launching ComfyUI with --remote-debugging-port=0
[1632s]   loop: waiting for DevToolsActivePort at /Users/runner/Library/Application Support/ComfyUI/DevToolsActivePort
[1634s]   loop: DevToolsActivePort -> 51436 after 3s
[1634s]   loop: reconnecting Playwright on port 51436
[1635s]   loop: attached to file:///Users/runner/.comfy-test-cache/desktop/ComfyUI.app/Contents/Resources/desktop-ui/index.html#/server-start
[1655s]   loop: server ready after 14s
[1658s]   loop: canvas ready after 2s
[1658s]   loop: forcing renderer reload
[1661s]   loop: canvas ready after 2s
[1664s]   ext: closing Nodes Manager dialog
[1664s]   ext: dismissing What's New popup
[1664s]   ext: What's New popup not present
[1664s]   ext: dismissing Node Pack Issues modal (if present)
[1664s]   ext: Node Pack Issues modal not present
[1664s]   ext: opening Templates sidebar
[1666s]   ext: clicked Templates
[1670s]   ext: locating "comfyui-geometrypack" section in Templates panel
[1673s]   ext: clicked comfyui-geometrypack section
[1675s]   ext: clicking template reconstruct_all
[1675s]   ext: card reconstruct_all not found in section DOM
[1675s]   loop: full restart for workflow 17/30 (refine_mesh)
[1675s]   loop: closing current browser
[1675s]   loop: killing ComfyUI process
[1681s]   loop: launching ComfyUI with --remote-debugging-port=0
[1681s]   loop: waiting for DevToolsActivePort at /Users/runner/Library/Application Support/ComfyUI/DevToolsActivePort
[1683s]   loop: DevToolsActivePort -> 51529 after 3s
[1683s]   loop: reconnecting Playwright on port 51529
[1684s]   loop: attached to file:///Users/runner/.comfy-test-cache/desktop/ComfyUI.app/Contents/Resources/desktop-ui/index.html#/server-start
[1700s]   loop: server ready after 11s
[1701s]   loop: canvas ready after 2s
[1701s]   loop: forcing renderer reload
[1703s]   loop: canvas ready after 2s
[1706s]   ext: closing Nodes Manager dialog
[1706s]   ext: dismissing What's New popup
[1706s]   ext: What's New popup not present
[1706s]   ext: dismissing Node Pack Issues modal (if present)
[1706s]   ext: Node Pack Issues modal not present
[1706s]   ext: opening Templates sidebar
[1709s]   ext: clicked Templates
[1713s]   ext: locating "comfyui-geometrypack" section in Templates panel
[1717s]   ext: clicked comfyui-geometrypack section
[1719s]   ext: clicking template refine_mesh
[1723s]   ext: clicked template refine_mesh
[1728s]   ext: installing WS execution listener
[1728s]   ext: clicking Run
[1729s]   ext: clicked Run
[1729s]   ext: waiting for execution_success / execution_error
[1745s]   ext: WS events=18 elapsed=15s
[1745s]     ws: {'type': 'execution_cached', 'ts': 1778384765423}
[1745s]     ws: {'type': 'progress_state', 'ts': 1778384765442}
[1745s]     ws: {'type': 'executing', 'ts': 1778384765464}
[1745s]     ws: {'type': 'progress_state', 'ts': 1778384778122}
[1745s]     ws: {'type': 'progress_state', 'ts': 1778384778172}
[1745s]     ws: {'type': 'executing', 'ts': 1778384778189}
[1745s]     ws: {'type': 'executed', 'ts': 1778384778521}
[1745s]     ws: {'type': 'progress_state', 'ts': 1778384778547}
[1745s]     ws: {'type': 'progress_state', 'ts': 1778384778554}
[1745s]     ws: {'type': 'executing', 'ts': 1778384778555}
[1745s]     ws: {'type': 'executed', 'ts': 1778384779565}
[1745s]     ws: {'type': 'progress_state', 'ts': 1778384779604}
[1745s]     ws: {'type': 'execution_success', 'ts': 1778384779613}
[1745s]     ws: {'type': 'status', 'ts': 1778384779917}
[1745s]     ws: {'type': 'executing', 'ts': 1778384780599}
[1745s]   ext: execution_success after 15s
[1750s]   loop: full restart for workflow 18/30 (remesh_intersections)
[1750s]   loop: closing current browser
[1750s]   loop: killing ComfyUI process
[1756s]   loop: launching ComfyUI with --remote-debugging-port=0
[1756s]   loop: waiting for DevToolsActivePort at /Users/runner/Library/Application Support/ComfyUI/DevToolsActivePort
[1757s]   loop: DevToolsActivePort -> 51659 after 2s
[1757s]   loop: reconnecting Playwright on port 51659
[1758s]   loop: attached to file:///Users/runner/.comfy-test-cache/desktop/ComfyUI.app/Contents/Resources/desktop-ui/index.html#/desktop-start
[1779s]   loop: server ready after 16s
[1783s]   loop: canvas ready after 2s
[1783s]   loop: forcing renderer reload
[1786s]   loop: canvas ready after 2s
[1790s]   ext: closing Nodes Manager dialog
[1790s]   ext: dismissing What's New popup
[1790s]   ext: What's New popup not present
[1790s]   ext: dismissing Node Pack Issues modal (if present)
[1790s]   ext: Node Pack Issues modal not present
[1790s]   ext: opening Templates sidebar
[1791s]   ext: clicked Templates
[1795s]   ext: locating "comfyui-geometrypack" section in Templates panel
[1799s]   ext: clicked comfyui-geometrypack section
[1802s]   ext: clicking template remesh_intersections
[1807s]   ext: clicked template remesh_intersections
[1813s]   ext: installing WS execution listener
[1813s]   ext: clicking Run
[1814s]   ext: clicked Run
[1814s]   ext: waiting for execution_success / execution_error
[1837s]   ext: WS events=24 elapsed=22s
[1837s]     ws: {'type': 'executed', 'ts': 1778384870348}
[1837s]     ws: {'type': 'progress_state', 'ts': 1778384870387}
[1837s]     ws: {'type': 'progress_state', 'ts': 1778384870392}
[1837s]     ws: {'type': 'executing', 'ts': 1778384870393}
[1837s]     ws: {'type': 'executed', 'ts': 1778384870673}
[1837s]     ws: {'type': 'progress_state', 'ts': 1778384870679}
[1837s]     ws: {'type': 'progress_state', 'ts': 1778384870733}
[1837s]     ws: {'type': 'executing', 'ts': 1778384870776}
[1837s]     ws: {'type': 'executed', 'ts': 1778384870972}
[1837s]     ws: {'type': 'progress_state', 'ts': 1778384870990}
[1837s]     ws: {'type': 'progress_state', 'ts': 1778384871000}
[1837s]     ws: {'type': 'executing', 'ts': 1778384871005}
[1837s]     ws: {'type': 'executed', 'ts': 1778384871655}
[1837s]     ws: {'type': 'progress_state', 'ts': 1778384871664}
[1837s]     ws: {'type': 'execution_success', 'ts': 1778384871672}
[1837s]   ext: execution_success after 22s
[1842s]   loop: full restart for workflow 19/30 (remeshing)
[1842s]   loop: closing current browser
[1842s]   loop: killing ComfyUI process
[1848s]   loop: launching ComfyUI with --remote-debugging-port=0
[1848s]   loop: waiting for DevToolsActivePort at /Users/runner/Library/Application Support/ComfyUI/DevToolsActivePort
[1850s]   loop: DevToolsActivePort -> 51813 after 3s
[1850s]   loop: reconnecting Playwright on port 51813
[1851s]   loop: attached to file:///Users/runner/.comfy-test-cache/desktop/ComfyUI.app/Contents/Resources/desktop-ui/index.html#/desktop-start
[1878s]   loop: server ready after 19s
[1880s]   loop: canvas ready after 2s
[1880s]   loop: forcing renderer reload
[1883s]   loop: canvas ready after 2s
[1886s]   ext: closing Nodes Manager dialog
[1886s]   ext: dismissing What's New popup
[1886s]   ext: What's New popup not present
[1886s]   ext: dismissing Node Pack Issues modal (if present)
[1886s]   ext: Node Pack Issues modal not present
[1886s]   ext: opening Templates sidebar
[1887s]   ext: clicked Templates
[1891s]   ext: locating "comfyui-geometrypack" section in Templates panel
[1894s]   ext: clicked comfyui-geometrypack section
[1896s]   ext: clicking template remeshing
[1900s]   ext: clicked template remeshing
[1905s]   ext: installing WS execution listener
[1905s]   ext: clicking Run
[1906s]   ext: clicked Run
[1906s]   ext: waiting for execution_success / execution_error
[1975s]   ext: WS events=19 elapsed=68s
[1975s]     ws: {'type': 'progress_state', 'ts': 1778384942072}
[1975s]     ws: {'type': 'executing', 'ts': 1778384942082}
[1975s]     ws: {'type': 'progress_state', 'ts': 1778384960790}
[1975s]     ws: {'type': 'progress_state', 'ts': 1778384960829}
[1975s]     ws: {'type': 'executing', 'ts': 1778384960882}
[1975s]     ws: {'type': 'progress_state', 'ts': 1778384961000}
[1975s]     ws: {'type': 'executing', 'ts': 1778384961014}
[1975s]     ws: {'type': 'executed', 'ts': 1778385008836}
[1975s]     ws: {'type': 'progress_state', 'ts': 1778385008838}
[1975s]     ws: {'type': 'progress_state', 'ts': 1778385008843}
[1975s]     ws: {'type': 'progress_state', 'ts': 1778385008847}
[1975s]     ws: {'type': 'executing', 'ts': 1778385008847}
[1975s]     ws: {'type': 'executed', 'ts': 1778385010574}
[1975s]     ws: {'type': 'progress_state', 'ts': 1778385010584}
[1975s]     ws: {'type': 'execution_success', 'ts': 1778385010634}
[1975s]   ext: execution_success after 68s
[1980s]   loop: full restart for workflow 20/30 (sMOOth)
[1980s]   loop: closing current browser
[1980s]   loop: killing ComfyUI process
[1986s]   loop: launching ComfyUI with --remote-debugging-port=0
[1986s]   loop: waiting for DevToolsActivePort at /Users/runner/Library/Application Support/ComfyUI/DevToolsActivePort
[1987s]   loop: DevToolsActivePort -> 52029 after 2s
[1987s]   loop: reconnecting Playwright on port 52029
[1988s]   loop: attached to file:///Users/runner/.comfy-test-cache/desktop/ComfyUI.app/Contents/Resources/desktop-ui/index.html#/desktop-start
[2016s]   loop: server ready after 21s
[2019s]   loop: canvas ready after 2s
[2019s]   loop: forcing renderer reload
[2022s]   loop: canvas ready after 2s
[2026s]   ext: closing Nodes Manager dialog
[2026s]   ext: dismissing What's New popup
[2026s]   ext: What's New popup not present
[2026s]   ext: dismissing Node Pack Issues modal (if present)
[2026s]   ext: Node Pack Issues modal not present
[2026s]   ext: opening Templates sidebar
[2027s]   ext: clicked Templates
[2031s]   ext: locating "comfyui-geometrypack" section in Templates panel
[2034s]   ext: clicked comfyui-geometrypack section
[2036s]   ext: clicking template sMOOth
[2040s]   ext: clicked template sMOOth
[2046s]   ext: installing WS execution listener
[2046s]   ext: clicking Run
[2047s]   ext: clicked Run
[2047s]   ext: waiting for execution_success / execution_error
[2069s]   ext: WS events=19 elapsed=22s
[2069s]     ws: {'type': 'progress_state', 'ts': 1778385082751}
[2069s]     ws: {'type': 'executing', 'ts': 1778385082754}
[2069s]     ws: {'type': 'progress_state', 'ts': 1778385100689}
[2069s]     ws: {'type': 'progress_state', 'ts': 1778385100727}
[2069s]     ws: {'type': 'executing', 'ts': 1778385100783}
[2069s]     ws: {'type': 'progress_state', 'ts': 1778385100853}
[2069s]     ws: {'type': 'executing', 'ts': 1778385100865}
[2069s]     ws: {'type': 'executed', 'ts': 1778385104528}
[2069s]     ws: {'type': 'progress_state', 'ts': 1778385104533}
[2069s]     ws: {'type': 'progress_state', 'ts': 1778385104625}
[2069s]     ws: {'type': 'progress_state', 'ts': 1778385104654}
[2069s]     ws: {'type': 'executing', 'ts': 1778385104689}
[2069s]     ws: {'type': 'executed', 'ts': 1778385104798}
[2069s]     ws: {'type': 'progress_state', 'ts': 1778385104806}
[2069s]     ws: {'type': 'execution_success', 'ts': 1778385104862}
[2069s]   ext: execution_success after 22s
[2074s]   loop: full restart for workflow 21/30 (sharpen_all)
[2074s]   loop: closing current browser
[2074s]   loop: killing ComfyUI process
[2080s]   loop: launching ComfyUI with --remote-debugging-port=0
[2080s]   loop: waiting for DevToolsActivePort at /Users/runner/Library/Application Support/ComfyUI/DevToolsActivePort
[2082s]   loop: DevToolsActivePort -> 52192 after 3s
[2082s]   loop: reconnecting Playwright on port 52192
[2083s]   loop: attached to file:///Users/runner/.comfy-test-cache/desktop/ComfyUI.app/Contents/Resources/desktop-ui/index.html#/server-start
[2103s]   loop: server ready after 14s
[2106s]   loop: canvas ready after 2s
[2106s]   loop: forcing renderer reload
[2108s]   loop: canvas ready after 2s
[2111s]   ext: closing Nodes Manager dialog
[2111s]   ext: dismissing What's New popup
[2111s]   ext: What's New popup not present
[2111s]   ext: dismissing Node Pack Issues modal (if present)
[2111s]   ext: Node Pack Issues modal not present
[2111s]   ext: opening Templates sidebar
[2112s]   ext: clicked Templates
[2116s]   ext: locating "comfyui-geometrypack" section in Templates panel
[2119s]   ext: clicked comfyui-geometrypack section
[2121s]   ext: clicking template sharpen_all
[2121s]   ext: card sharpen_all not found in section DOM
[2121s]   loop: full restart for workflow 22/30 (side_by_side_viewer)
[2121s]   loop: closing current browser
[2121s]   loop: killing ComfyUI process
[2127s]   loop: launching ComfyUI with --remote-debugging-port=0
[2127s]   loop: waiting for DevToolsActivePort at /Users/runner/Library/Application Support/ComfyUI/DevToolsActivePort
[2128s]   loop: DevToolsActivePort -> 52282 after 2s
[2128s]   loop: reconnecting Playwright on port 52282
[2129s]   loop: attached to file:///Users/runner/.comfy-test-cache/desktop/ComfyUI.app/Contents/Resources/desktop-ui/index.html#/desktop-start
[2144s]   loop: server ready after 11s
[2146s]   loop: canvas ready after 2s
[2146s]   loop: forcing renderer reload
[2148s]   loop: canvas ready after 2s
[2151s]   ext: closing Nodes Manager dialog
[2151s]   ext: dismissing What's New popup
[2151s]   ext: What's New popup not present
[2151s]   ext: dismissing Node Pack Issues modal (if present)
[2151s]   ext: Node Pack Issues modal not present
[2151s]   ext: opening Templates sidebar
[2153s]   ext: clicked Templates
[2157s]   ext: locating "comfyui-geometrypack" section in Templates panel
[2160s]   ext: clicked comfyui-geometrypack section
[2162s]   ext: clicking template side_by_side_viewer
[2162s]   ext: card side_by_side_viewer not found in section DOM
[2162s]   loop: full restart for workflow 23/30 (skeleton_all)
[2162s]   loop: closing current browser
[2162s]   loop: killing ComfyUI process
[2168s]   loop: launching ComfyUI with --remote-debugging-port=0
[2168s]   loop: waiting for DevToolsActivePort at /Users/runner/Library/Application Support/ComfyUI/DevToolsActivePort
[2169s]   loop: DevToolsActivePort -> 52363 after 2s
[2169s]   loop: reconnecting Playwright on port 52363
[2169s]   loop: attached to file:///Users/runner/.comfy-test-cache/desktop/ComfyUI.app/Contents/Resources/desktop-ui/index.html#/desktop-start
[2182s]   loop: server ready after 9s
[2185s]   loop: canvas ready after 3s
[2185s]   loop: forcing renderer reload
[2187s]   loop: canvas ready after 2s
[2190s]   ext: closing Nodes Manager dialog
[2190s]   ext: dismissing What's New popup
[2190s]   ext: What's New popup not present
[2190s]   ext: dismissing Node Pack Issues modal (if present)
[2190s]   ext: Node Pack Issues modal not present
[2190s]   ext: opening Templates sidebar
[2190s]   ext: clicked Templates
[2195s]   ext: locating "comfyui-geometrypack" section in Templates panel
[2197s]   ext: clicked comfyui-geometrypack section
[2200s]   ext: clicking template skeleton_all
[2203s]   ext: clicked template skeleton_all
[2208s]   ext: installing WS execution listener
[2208s]   ext: clicking Run
[2209s]   ext: clicked Run
[2209s]   ext: waiting for execution_success / execution_error
[2261s]   ext: WS events=54 elapsed=51s
[2261s]     ws: {'type': 'executing', 'ts': 1778385293988}
[2261s]     ws: {'type': 'progress_state', 'ts': 1778385294306}
[2261s]     ws: {'type': 'executing', 'ts': 1778385294364}
[2261s]     ws: {'type': 'progress_state', 'ts': 1778385295005}
[2261s]     ws: {'type': 'progress_state', 'ts': 1778385295026}
[2261s]     ws: {'type': 'progress_state', 'ts': 1778385295056}
[2261s]     ws: {'type': 'executing', 'ts': 1778385295073}
[2261s]     ws: {'type': 'progress_state', 'ts': 1778385295192}
[2261s]     ws: {'type': 'progress_state', 'ts': 1778385295223}
[2261s]     ws: {'type': 'executing', 'ts': 1778385295235}
[2261s]     ws: {'type': 'executed', 'ts': 1778385295440}
[2261s]     ws: {'type': 'progress_state', 'ts': 1778385295520}
[2261s]     ws: {'type': 'execution_success', 'ts': 1778385295538}
[2261s]     ws: {'type': 'status', 'ts': 1778385295629}
[2261s]     ws: {'type': 'executing', 'ts': 1778385296262}
[2261s]   ext: execution_success after 51s
[2266s]   loop: full restart for workflow 24/30 (skeleton_extraction)
[2266s]   loop: closing current browser
[2266s]   loop: killing ComfyUI process
[2271s]   loop: launching ComfyUI with --remote-debugging-port=0
[2271s]   loop: waiting for DevToolsActivePort at /Users/runner/Library/Application Support/ComfyUI/DevToolsActivePort
[2273s]   loop: DevToolsActivePort -> 52540 after 2s
[2273s]   loop: reconnecting Playwright on port 52540
[2274s]   loop: attached to file:///Users/runner/.comfy-test-cache/desktop/ComfyUI.app/Contents/Resources/desktop-ui/index.html#/server-start
[2290s]   loop: server ready after 12s
[2292s]   loop: canvas ready after 2s
[2292s]   loop: forcing renderer reload
[2294s]   loop: canvas ready after 2s
[2297s]   ext: closing Nodes Manager dialog
[2297s]   ext: dismissing What's New popup
[2297s]   ext: What's New popup not present
[2297s]   ext: dismissing Node Pack Issues modal (if present)
[2297s]   ext: Node Pack Issues modal not present
[2297s]   ext: opening Templates sidebar
[2298s]   ext: clicked Templates
[2302s]   ext: locating "comfyui-geometrypack" section in Templates panel
[2305s]   ext: clicked comfyui-geometrypack section
[2307s]   ext: clicking template skeleton_extraction
[2310s]   ext: clicked template skeleton_extraction
[2315s]   ext: installing WS execution listener
[2315s]   ext: clicking Run
[2316s]   ext: clicked Run
[2316s]   ext: waiting for execution_success / execution_error
[2331s]   ext: WS events=23 elapsed=14s
[2331s]     ws: {'type': 'executing', 'ts': 1778385362233}
[2331s]     ws: {'type': 'progress_state', 'ts': 1778385362292}
[2331s]     ws: {'type': 'executing', 'ts': 1778385362292}
[2331s]     ws: {'type': 'progress_state', 'ts': 1778385364706}
[2331s]     ws: {'type': 'progress_state', 'ts': 1778385364723}
[2331s]     ws: {'type': 'progress_state', 'ts': 1778385364756}
[2331s]     ws: {'type': 'executing', 'ts': 1778385364782}
[2331s]     ws: {'type': 'progress_state', 'ts': 1778385364970}
[2331s]     ws: {'type': 'progress_state', 'ts': 1778385364977}
[2331s]     ws: {'type': 'executing', 'ts': 1778385365002}
[2331s]     ws: {'type': 'executed', 'ts': 1778385365234}
[2331s]     ws: {'type': 'progress_state', 'ts': 1778385365267}
[2331s]     ws: {'type': 'execution_success', 'ts': 1778385365272}
[2331s]     ws: {'type': 'status', 'ts': 1778385365892}
[2331s]     ws: {'type': 'executing', 'ts': 1778385365901}
[2331s]   ext: execution_success after 14s
[2336s]   loop: full restart for workflow 25/30 (smooth_all)
[2336s]   loop: closing current browser
[2336s]   loop: killing ComfyUI process
[2341s]   loop: launching ComfyUI with --remote-debugging-port=0
[2341s]   loop: waiting for DevToolsActivePort at /Users/runner/Library/Application Support/ComfyUI/DevToolsActivePort
[2343s]   loop: DevToolsActivePort -> 52666 after 2s
[2343s]   loop: reconnecting Playwright on port 52666
[2344s]   loop: attached to file:///Users/runner/.comfy-test-cache/desktop/ComfyUI.app/Contents/Resources/desktop-ui/index.html#/desktop-start
[2360s]   loop: server ready after 13s
[2363s]   loop: canvas ready after 2s
[2363s]   loop: forcing renderer reload
[2365s]   loop: canvas ready after 2s
[2368s]   ext: closing Nodes Manager dialog
[2368s]   ext: dismissing What's New popup
[2368s]   ext: What's New popup not present
[2368s]   ext: dismissing Node Pack Issues modal (if present)
[2368s]   ext: Node Pack Issues modal not present
[2368s]   ext: opening Templates sidebar
[2369s]   ext: clicked Templates
[2373s]   ext: locating "comfyui-geometrypack" section in Templates panel
[2376s]   ext: clicked comfyui-geometrypack section
[2378s]   ext: clicking template smooth_all
[2381s]   ext: clicked template smooth_all
[2386s]   ext: installing WS execution listener
[2386s]   ext: clicking Run
[2388s]   ext: clicked Run
[2388s]   ext: waiting for execution_success / execution_error
[2404s]   ext: WS events=53 elapsed=15s
[2404s]     ws: {'type': 'executed', 'ts': 1778385437693}
[2404s]     ws: {'type': 'progress_state', 'ts': 1778385437703}
[2404s]     ws: {'type': 'progress_state', 'ts': 1778385437709}
[2404s]     ws: {'type': 'progress_state', 'ts': 1778385437741}
[2404s]     ws: {'type': 'executing', 'ts': 1778385437763}
[2404s]     ws: {'type': 'executed', 'ts': 1778385437856}
[2404s]     ws: {'type': 'progress_state', 'ts': 1778385437869}
[2404s]     ws: {'type': 'progress_state', 'ts': 1778385437906}
[2404s]     ws: {'type': 'progress_state', 'ts': 1778385437965}
[2404s]     ws: {'type': 'executing', 'ts': 1778385437981}
[2404s]     ws: {'type': 'executed', 'ts': 1778385438214}
[2404s]     ws: {'type': 'progress_state', 'ts': 1778385438377}
[2404s]     ws: {'type': 'execution_success', 'ts': 1778385438401}
[2404s]     ws: {'type': 'status', 'ts': 1778385438402}
[2404s]     ws: {'type': 'executing', 'ts': 1778385438403}
[2404s]   ext: execution_success after 15s
[2409s]   loop: full restart for workflow 26/30 (surface_reconstruction)
[2409s]   loop: closing current browser
[2409s]   loop: killing ComfyUI process
[2414s]   loop: launching ComfyUI with --remote-debugging-port=0
[2414s]   loop: waiting for DevToolsActivePort at /Users/runner/Library/Application Support/ComfyUI/DevToolsActivePort
[2415s]   loop: DevToolsActivePort -> 52796 after 2s
[2415s]   loop: reconnecting Playwright on port 52796
[2416s]   loop: attached to file:///Users/runner/.comfy-test-cache/desktop/ComfyUI.app/Contents/Resources/desktop-ui/index.html#/desktop-start
[2431s]   loop: server ready after 11s
[2433s]   loop: canvas ready after 2s
[2433s]   loop: forcing renderer reload
[2435s]   loop: canvas ready after 2s
[2438s]   ext: closing Nodes Manager dialog
[2438s]   ext: dismissing What's New popup
[2438s]   ext: What's New popup not present
[2438s]   ext: dismissing Node Pack Issues modal (if present)
[2438s]   ext: Node Pack Issues modal not present
[2438s]   ext: opening Templates sidebar
[2439s]   ext: clicked Templates
[2444s]   ext: locating "comfyui-geometrypack" section in Templates panel
[2447s]   ext: clicked comfyui-geometrypack section
[2449s]   ext: clicking template surface_reconstruction
[2449s]   ext: card surface_reconstruction not found in section DOM
[2449s]   loop: full restart for workflow 27/30 (test_loading)
[2449s]   loop: closing current browser
[2449s]   loop: killing ComfyUI process
[2454s]   loop: launching ComfyUI with --remote-debugging-port=0
[2454s]   loop: waiting for DevToolsActivePort at /Users/runner/Library/Application Support/ComfyUI/DevToolsActivePort
[2456s]   loop: DevToolsActivePort -> 52876 after 2s
[2456s]   loop: reconnecting Playwright on port 52876
[2457s]   loop: attached to file:///Users/runner/.comfy-test-cache/desktop/ComfyUI.app/Contents/Resources/desktop-ui/index.html#/server-start
[2470s]   loop: server ready after 9s
[2474s]   loop: canvas ready after 2s
[2474s]   loop: forcing renderer reload
[2476s]   loop: canvas ready after 2s
[2479s]   ext: closing Nodes Manager dialog
[2479s]   ext: dismissing What's New popup
[2479s]   ext: What's New popup not present
[2479s]   ext: dismissing Node Pack Issues modal (if present)
[2479s]   ext: Node Pack Issues modal not present
[2479s]   ext: opening Templates sidebar
[2480s]   ext: clicked Templates
[2484s]   ext: locating "comfyui-geometrypack" section in Templates panel
[2487s]   ext: clicked comfyui-geometrypack section
[2489s]   ext: clicking template test_loading
[2491s]   ext: clicked template test_loading
[2496s]   ext: installing WS execution listener
[2496s]   ext: clicking Run
[2497s]   ext: clicked Run
[2497s]   ext: waiting for execution_success / execution_error
[2514s]   ext: WS events=19 elapsed=16s
[2514s]     ws: {'type': 'progress_state', 'ts': 1778385533283}
[2514s]     ws: {'type': 'executing', 'ts': 1778385533289}
[2514s]     ws: {'type': 'executed', 'ts': 1778385546084}
[2514s]     ws: {'type': 'progress_state', 'ts': 1778385546094}
[2514s]     ws: {'type': 'progress_state', 'ts': 1778385546170}
[2514s]     ws: {'type': 'executing', 'ts': 1778385546202}
[2514s]     ws: {'type': 'executed', 'ts': 1778385547364}
[2514s]     ws: {'type': 'progress_state', 'ts': 1778385547405}
[2514s]     ws: {'type': 'progress_state', 'ts': 1778385547441}
[2514s]     ws: {'type': 'executing', 'ts': 1778385547514}
[2514s]     ws: {'type': 'executed', 'ts': 1778385547933}
[2514s]     ws: {'type': 'progress_state', 'ts': 1778385548060}
[2514s]     ws: {'type': 'execution_success', 'ts': 1778385549044}
[2514s]     ws: {'type': 'status', 'ts': 1778385549129}
[2514s]     ws: {'type': 'executing', 'ts': 1778385549157}
[2514s]   ext: execution_success after 16s
[2519s]   loop: full restart for workflow 28/30 (transform)
[2519s]   loop: closing current browser
[2519s]   loop: killing ComfyUI process
[2525s]   loop: launching ComfyUI with --remote-debugging-port=0
[2525s]   loop: waiting for DevToolsActivePort at /Users/runner/Library/Application Support/ComfyUI/DevToolsActivePort
[2527s]   loop: DevToolsActivePort -> 53000 after 3s
[2527s]   loop: reconnecting Playwright on port 53000
[2528s]   loop: attached to file:///Users/runner/.comfy-test-cache/desktop/ComfyUI.app/Contents/Resources/desktop-ui/index.html#/desktop-start
[2553s]   loop: server ready after 18s
[2556s]   loop: canvas ready after 2s
[2556s]   loop: forcing renderer reload
[2558s]   loop: canvas ready after 2s
[2561s]   ext: closing Nodes Manager dialog
[2561s]   ext: dismissing What's New popup
[2561s]   ext: What's New popup not present
[2561s]   ext: dismissing Node Pack Issues modal (if present)
[2561s]   ext: Node Pack Issues modal not present
[2561s]   ext: opening Templates sidebar
[2562s]   ext: clicked Templates
[2567s]   ext: locating "comfyui-geometrypack" section in Templates panel
[2570s]   ext: clicked comfyui-geometrypack section
[2572s]   ext: clicking template transform
[2572s]   ext: card transform not found in section DOM
[2572s]   loop: full restart for workflow 29/30 (uv_unwrap)
[2572s]   loop: closing current browser
[2572s]   loop: killing ComfyUI process
[2578s]   loop: launching ComfyUI with --remote-debugging-port=0
[2578s]   loop: waiting for DevToolsActivePort at /Users/runner/Library/Application Support/ComfyUI/DevToolsActivePort
[2579s]   loop: DevToolsActivePort -> 53101 after 2s
[2579s]   loop: reconnecting Playwright on port 53101
[2580s]   loop: attached to file:///Users/runner/.comfy-test-cache/desktop/ComfyUI.app/Contents/Resources/desktop-ui/index.html#/desktop-start
[2597s]   loop: server ready after 13s
[2602s]   loop: canvas ready after 3s
[2602s]   loop: forcing renderer reload
[2604s]   loop: canvas ready after 2s
[2607s]   ext: closing Nodes Manager dialog
[2607s]   ext: dismissing What's New popup
[2607s]   ext: What's New popup not present
[2607s]   ext: dismissing Node Pack Issues modal (if present)
[2607s]   ext: Node Pack Issues modal not present
[2607s]   ext: opening Templates sidebar
[2608s]   ext: clicked Templates
[2613s]   ext: locating "comfyui-geometrypack" section in Templates panel
[2616s]   ext: clicked comfyui-geometrypack section
[2619s]   ext: clicking template uv_unwrap
[2624s]   ext: clicked template uv_unwrap
[2630s]   ext: installing WS execution listener
[2630s]   ext: clicking Run
[2631s]   ext: clicked Run
[2631s]   ext: waiting for execution_success / execution_error
[2662s]   ext: WS events=19 elapsed=31s
[2662s]     ws: {'type': 'progress_state', 'ts': 1778385666691}
[2662s]     ws: {'type': 'executing', 'ts': 1778385666703}
[2662s]     ws: {'type': 'progress_state', 'ts': 1778385681600}
[2662s]     ws: {'type': 'progress_state', 'ts': 1778385681632}
[2662s]     ws: {'type': 'executing', 'ts': 1778385681662}
[2662s]     ws: {'type': 'progress_state', 'ts': 1778385681740}
[2662s]     ws: {'type': 'executing', 'ts': 1778385681755}
[2662s]     ws: {'type': 'executed', 'ts': 1778385694728}
[2662s]     ws: {'type': 'progress_state', 'ts': 1778385694769}
[2662s]     ws: {'type': 'progress_state', 'ts': 1778385694795}
[2662s]     ws: {'type': 'progress_state', 'ts': 1778385694808}
[2662s]     ws: {'type': 'executing', 'ts': 1778385694809}
[2662s]     ws: {'type': 'executed', 'ts': 1778385696046}
[2662s]     ws: {'type': 'progress_state', 'ts': 1778385696209}
[2662s]     ws: {'type': 'execution_success', 'ts': 1778385696219}
[2662s]   ext: execution_success after 31s
[2667s]   loop: full restart for workflow 30/30 (view_texture)
[2667s]   loop: closing current browser
[2667s]   loop: killing ComfyUI process
[2673s]   loop: launching ComfyUI with --remote-debugging-port=0
[2673s]   loop: waiting for DevToolsActivePort at /Users/runner/Library/Application Support/ComfyUI/DevToolsActivePort
[2675s]   loop: DevToolsActivePort -> 53261 after 3s
[2675s]   loop: reconnecting Playwright on port 53261
[2676s]   loop: attached to file:///Users/runner/.comfy-test-cache/desktop/ComfyUI.app/Contents/Resources/desktop-ui/index.html#/desktop-start
[2698s]   loop: server ready after 13s
[2700s]   loop: canvas ready after 2s
[2700s]   loop: forcing renderer reload
[2704s]   loop: canvas ready after 2s
[2707s]   ext: closing Nodes Manager dialog
[2707s]   ext: dismissing What's New popup
[2707s]   ext: What's New popup not present
[2707s]   ext: dismissing Node Pack Issues modal (if present)
[2707s]   ext: Node Pack Issues modal not present
[2707s]   ext: opening Templates sidebar
[2708s]   ext: clicked Templates
[2713s]   ext: locating "comfyui-geometrypack" section in Templates panel
[2716s]   ext: clicked comfyui-geometrypack section
[2719s]   ext: clicking template view_texture
[2722s]   ext: clicked template view_texture
[2727s]   ext: installing WS execution listener
[2727s]   ext: clicking Run
[2728s]   ext: clicked Run
[2728s]   ext: waiting for execution_success / execution_error
[2742s]   ext: WS events=14 elapsed=14s
[2742s]     ws: {'type': 'status', 'ts': 1778385763487}
[2742s]     ws: {'type': 'status', 'ts': 1778385763503}
[2742s]     ws: {'type': 'execution_start', 'ts': 1778385763528}
[2742s]     ws: {'type': 'execution_cached', 'ts': 1778385763637}
[2742s]     ws: {'type': 'progress_state', 'ts': 1778385763643}
[2742s]     ws: {'type': 'executing', 'ts': 1778385763669}
[2742s]     ws: {'type': 'progress_state', 'ts': 1778385776196}
[2742s]     ws: {'type': 'progress_state', 'ts': 1778385776229}
[2742s]     ws: {'type': 'executing', 'ts': 1778385776255}
[2742s]     ws: {'type': 'executed', 'ts': 1778385776858}
[2742s]     ws: {'type': 'progress_state', 'ts': 1778385776868}
[2742s]     ws: {'type': 'execution_success', 'ts': 1778385776916}
[2742s]     ws: {'type': 'status', 'ts': 1778385777628}
[2742s]     ws: {'type': 'executing', 'ts': 1778385777632}
[2742s]   ext: execution_success after 14s
[2748s] Captured 3202 frames
[2748s] Wrote /Users/runner/work/comfy-gpu-ci/comfy-gpu-ci/comfy-test-logs/GeometryPack-0316/dev/macos-desktop/results.json (30 workflow(s), sha=819d38de7468)
ffmpeg version 7.1 Copyright (c) 2000-2024 the FFmpeg developers
  built with Apple clang version 13.1.6 (clang-1316.0.21.2.5)
  configuration: --prefix=/Volumes/tempdisk/sw --extra-cflags=-fno-stack-check --arch=arm64 --cc=/usr/bin/clang --enable-gpl --enable-libvmaf --enable-libopenjpeg --enable-libopus --enable-libmp3lame --enable-libx264 --enable-libx265 --enable-libvpx --enable-libwebp --enable-libass --enable-libfreetype --enable-fontconfig --enable-libtheora --enable-libvorbis --enable-libsnappy --enable-libaom --enable-libvidstab --enable-libzimg --enable-libsvtav1 --enable-libharfbuzz --enable-libkvazaar --pkg-config-flags=--static --enable-ffplay --enable-postproc --enable-neon --enable-runtime-cpudetect --disable-indev=qtkit --disable-indev=x11grab_xcb
  libavutil      59. 39.100 / 59. 39.100
  libavcodec     61. 19.100 / 61. 19.100
  libavformat    61.  7.100 / 61.  7.100
  libavdevice    61.  3.100 / 61.  3.100
  libavfilter    10.  4.100 / 10.  4.100
  libswscale      8.  3.100 /  8.  3.100
  libswresample   5.  3.100 /  5.  3.100
  libpostproc    58.  3.100 / 58.  3.100
Input #0, image2, from '/Users/runner/work/comfy-gpu-ci/comfy-gpu-ci/comfy-test-logs/GeometryPack-0316/dev/macos-desktop/debug/electron_inspect/frames/frame_%06d.png':
  Duration: 00:10:40.40, start: 0.000000, bitrate: N/A
  Stream #0:0: Video: png, rgb24(pc, gbr/bt709/iec61966-2-1), 1024x653, 5 fps, 5 tbr, 5 tbn
Stream mapping:
  Stream #0:0 -> #0:0 (png (native) -> h264 (libx264))
Press [q] to stop, [?] for help
[libx264 @ 0x129605d90] using cpu capabilities: ARMv8 NEON
[libx264 @ 0x129605d90] profile High, level 3.1, 4:2:0, 8-bit
[libx264 @ 0x129605d90] 264 - core 164 r3190 7ed753b - H.264/MPEG-4 AVC codec - Copyleft 2003-2024 - http://www.videolan.org/x264.html - options: cabac=1 ref=3 deblock=1:0:0 analyse=0x3:0x113 me=hex subme=7 psy=1 psy_rd=1.00:0.00 mixed_ref=1 me_range=16 chroma_me=1 trellis=1 8x8dct=1 cqm=0 deadzone=21,11 fast_pskip=1 chroma_qp_offset=-2 threads=4 lookahead_threads=1 sliced_threads=0 nr=0 decimate=1 interlaced=0 bluray_compat=0 constrained_intra=0 bframes=3 b_pyramid=2 b_adapt=1 b_bias=0 direct=1 weightb=1 open_gop=0 weightp=2 keyint=250 keyint_min=5 scenecut=40 intra_refresh=0 rc_lookahead=40 rc=crf mbtree=1 crf=23.0 qcomp=0.60 qpmin=0 qpmax=69 qpstep=4 ip_ratio=1.40 aq=1:1.00
Output #0, mp4, to '/Users/runner/work/comfy-gpu-ci/comfy-gpu-ci/comfy-test-logs/GeometryPack-0316/dev/macos-desktop/debug/electron_inspect/driver.mp4':
  Metadata:
    encoder         : Lavf61.7.100
  Stream #0:0: Video: h264 (avc1 / 0x31637661), yuv420p(tv, unknown/bt709/iec61966-2-1, progressive), 1024x654, q=2-31, 5 fps, 10240 tbn
      Metadata:
        encoder         : Lavc61.19.100 libx264
      Side data:
        cpb: bitrate max/min/avg: 0/0/0 buffer size: 0 vbv_delay: N/A
frame=   46 fps=0.0 q=23.0 size=       0KiB time=00:00:08.80 bitrate=   0.0kbits/s speed=15.2x    
frame=  123 fps=103 q=23.0 size=     512KiB time=00:00:24.20 bitrate= 173.3kbits/s speed=20.3x    
frame=  223 fps=125 q=23.0 size=     512KiB time=00:00:44.20 bitrate=  94.9kbits/s speed=24.8x    
frame=  307 fps=133 q=23.0 size=     768KiB time=00:01:01.00 bitrate= 103.1kbits/s speed=26.5x    
[vf#0:0 @ 0x600001311040] Reconfiguring filter graph because video parameters changed to rgb24(pc, gbr), 1024x656
frame=  380 fps=133 q=23.0 size=    1024KiB time=00:01:15.60 bitrate= 111.0kbits/s speed=26.4x    
frame=  435 fps=128 q=23.0 size=    1280KiB time=00:01:26.60 bitrate= 121.1kbits/s speed=25.5x    
[vf#0:0 @ 0x600001311040] Reconfiguring filter graph because video parameters changed to rgb24(pc, gbr), 1024x653
frame=  531 fps=134 q=23.0 size=    1792KiB time=00:01:45.80 bitrate= 138.8kbits/s speed=26.6x    
[vf#0:0 @ 0x600001311040] Reconfiguring filter graph because video parameters changed to rgb24(pc, gbr), 1024x656
frame=  619 fps=138 q=23.0 size=    2304KiB time=00:02:03.40 bitrate= 153.0kbits/s speed=27.4x    
[vf#0:0 @ 0x600001311040] Reconfiguring filter graph because video parameters changed to rgb24(pc, gbr), 1024x653
frame=  671 fps=133 q=23.0 size=    2816KiB time=00:02:13.80 bitrate= 172.4kbits/s speed=26.6x    
frame=  740 fps=132 q=23.0 size=    3328KiB time=00:02:27.60 bitrate= 184.7kbits/s speed=26.3x    
frame=  828 fps=133 q=23.0 size=    3584KiB time=00:02:45.20 bitrate= 177.7kbits/s speed=26.5x    
frame= 1005 fps=146 q=23.0 size=    3584KiB time=00:03:20.60 bitrate= 146.4kbits/s speed=29.2x    
frame= 1145 fps=155 q=23.0 size=    3840KiB time=00:03:48.60 bitrate= 137.6kbits/s speed=  31x    
frame= 1265 fps=160 q=23.0 size=    3840KiB time=00:04:12.60 bitrate= 124.5kbits/s speed=31.9x    
frame= 1414 fps=165 q=23.0 size=    3840KiB time=00:04:42.40 bitrate= 111.4kbits/s speed=32.9x    
frame= 1558 fps=171 q=23.0 size=    3840KiB time=00:05:11.20 bitrate= 101.1kbits/s speed=34.2x    
frame= 1713 fps=176 q=23.0 size=    3840KiB time=00:05:42.20 bitrate=  91.9kbits/s speed=35.2x    
frame= 1807 fps=175 q=23.0 size=    4608KiB time=00:06:01.00 bitrate= 104.6kbits/s speed=34.9x    
[vf#0:0 @ 0x600001311040] Reconfiguring filter graph because video parameters changed to rgb24(pc, gbr), 1024x656
frame= 1882 fps=171 q=23.0 size=    5376KiB time=00:06:16.00 bitrate= 117.1kbits/s speed=34.2x    
frame= 1948 fps=169 q=23.0 size=    5376KiB time=00:06:29.20 bitrate= 113.2kbits/s speed=33.7x    
frame= 2003 fps=166 q=23.0 size=    5888KiB time=00:06:40.20 bitrate= 120.5kbits/s speed=33.1x    
[vf#0:0 @ 0x600001311040] Reconfiguring filter graph because video parameters changed to rgb24(pc, gbr), 1024x653
frame= 2081 fps=165 q=23.0 size=    6400KiB time=00:06:55.80 bitrate= 126.1kbits/s speed=  33x    
[vf#0:0 @ 0x600001311040] Reconfiguring filter graph because video parameters changed to rgb24(pc, gbr), 1024x656
[vf#0:0 @ 0x600001311040] Reconfiguring filter graph because video parameters changed to rgb24(pc, gbr), 1024x653
frame= 2169 fps=165 q=23.0 size=    6656KiB time=00:07:13.40 bitrate= 125.8kbits/s speed=  33x    
frame= 2265 fps=165 q=23.0 size=    7424KiB time=00:07:32.60 bitrate= 134.4kbits/s speed=32.9x    
[vf#0:0 @ 0x600001311040] Reconfiguring filter graph because video parameters changed to rgb24(pc, gbr), 1024x656
frame= 2388 fps=166 q=23.0 size=    7936KiB time=00:07:57.40 bitrate= 136.2kbits/s speed=33.2x    
[vf#0:0 @ 0x600001311040] Reconfiguring filter graph because video parameters changed to rgb24(pc, gbr), 1024x653
frame= 2499 fps=167 q=23.0 size=    8448KiB time=00:08:19.40 bitrate= 138.6kbits/s speed=33.4x    
[vf#0:0 @ 0x600001311040] Reconfiguring filter graph because video parameters changed to rgb24(pc, gbr), 1024x656
[vf#0:0 @ 0x600001311040] Reconfiguring filter graph because video parameters changed to rgb24(pc, gbr), 1024x653
frame= 2584 fps=166 q=23.0 size=    8704KiB time=00:08:36.40 bitrate= 138.1kbits/s speed=33.2x    
frame= 2662 fps=164 q=20.0 size=    9472KiB time=00:08:52.00 bitrate= 145.9kbits/s speed=32.8x    
frame= 2768 fps=164 q=23.0 size=    9984KiB time=00:09:13.20 bitrate= 147.8kbits/s speed=32.8x    
frame= 2850 fps=163 q=23.0 size=   10496KiB time=00:09:29.60 bitrate= 151.0kbits/s speed=32.6x    
frame= 2950 fps=163 q=23.0 size=   11008KiB time=00:09:49.60 bitrate= 152.9kbits/s speed=32.6x    
[vf#0:0 @ 0x600001311040] Reconfiguring filter graph because video parameters changed to rgb24(pc, gbr), 1024x656
[vf#0:0 @ 0x600001311040] Reconfiguring filter graph because video parameters changed to rgb24(pc, gbr), 1024x653
frame= 3044 fps=163 q=23.0 size=   11520KiB time=00:10:08.40 bitrate= 155.1kbits/s speed=32.6x    
frame= 3133 fps=163 q=23.0 size=   12032KiB time=00:10:26.20 bitrate= 157.4kbits/s speed=32.6x    
[out#0/mp4 @ 0x600001710300] video:12570KiB audio:0KiB subtitle:0KiB other streams:0KiB global headers:0KiB muxing overhead: 0.296560%
frame= 3202 fps=165 q=-1.0 Lsize=   12607KiB time=00:10:40.00 bitrate= 161.4kbits/s speed=  33x    
[libx264 @ 0x129605d90] frame I:114   Avg QP: 6.92  size: 32219
[libx264 @ 0x129605d90] frame P:1019  Avg QP:13.33  size:  5724
[libx264 @ 0x129605d90] frame B:2069  Avg QP:13.96  size:  1626
[libx264 @ 0x129605d90] consecutive B-frames: 10.4%  8.2%  6.6% 74.8%
[libx264 @ 0x129605d90] mb I  I16..4: 68.1% 11.1% 20.8%
[libx264 @ 0x129605d90] mb P  I16..4:  3.2%  4.0%  3.8%  P16..4:  2.3%  1.0%  0.7%  0.0%  0.0%    skip:85.1%
[libx264 @ 0x129605d90] mb B  I16..4:  0.4%  0.7%  0.5%  B16..8:  2.7%  1.0%  0.4%  direct: 0.4%  skip:94.0%  L0:49.4% L1:43.1% BI: 7.5%
[libx264 @ 0x129605d90] 8x8 transform intra:25.9% inter:51.5%
[libx264 @ 0x129605d90] coded y,uvDC,uvAC intra: 32.6% 21.1% 16.9% inter: 1.7% 1.3% 0.3%
[libx264 @ 0x129605d90] i16 v,h,dc,p: 73% 23%  2%  3%
[libx264 @ 0x129605d90] i8 v,h,dc,ddl,ddr,vr,hd,vl,hu: 29% 20% 30%  2%  3%  3%  4%  3%  5%
[libx264 @ 0x129605d90] i4 v,h,dc,ddl,ddr,vr,hd,vl,hu: 30% 29% 19%  3%  4%  4%  4%  3%  4%
[libx264 @ 0x129605d90] i8c dc,h,v,p: 78% 11%  7%  4%
[libx264 @ 0x129605d90] Weighted P-Frames: Y:1.7% UV:1.7%
[libx264 @ 0x129605d90] ref P L0: 60.1%  4.0% 20.5% 15.3%  0.0%
[libx264 @ 0x129605d90] ref B L0: 78.5% 17.8%  3.7%
[libx264 @ 0x129605d90] ref B L1: 96.3%  3.7%
[libx264 @ 0x129605d90] kb/s:160.78
[2767s] Wrote /Users/runner/work/comfy-gpu-ci/comfy-gpu-ci/comfy-test-logs/GeometryPack-0316/dev/macos-desktop/debug/electron_inspect/driver.mp4
ffmpeg version 7.1 Copyright (c) 2000-2024 the FFmpeg developers
  built with Apple clang version 13.1.6 (clang-1316.0.21.2.5)
  configuration: --prefix=/Volumes/tempdisk/sw --extra-cflags=-fno-stack-check --arch=arm64 --cc=/usr/bin/clang --enable-gpl --enable-libvmaf --enable-libopenjpeg --enable-libopus --enable-libmp3lame --enable-libx264 --enable-libx265 --enable-libvpx --enable-libwebp --enable-libass --enable-libfreetype --enable-fontconfig --enable-libtheora --enable-libvorbis --enable-libsnappy --enable-libaom --enable-libvidstab --enable-libzimg --enable-libsvtav1 --enable-libharfbuzz --enable-libkvazaar --pkg-config-flags=--static --enable-ffplay --enable-postproc --enable-neon --enable-runtime-cpudetect --disable-indev=qtkit --disable-indev=x11grab_xcb
  libavutil      59. 39.100 / 59. 39.100
  libavcodec     61. 19.100 / 61. 19.100
  libavformat    61.  7.100 / 61.  7.100
  libavdevice    61.  3.100 / 61.  3.100
  libavfilter    10.  4.100 / 10.  4.100
  libswscale      8.  3.100 /  8.  3.100
  libswresample   5.  3.100 /  5.  3.100
  libpostproc    58.  3.100 / 58.  3.100
Input #0, image2, from '/Users/runner/work/comfy-gpu-ci/comfy-gpu-ci/comfy-test-logs/GeometryPack-0316/dev/macos-desktop/debug/electron_inspect/frames/frame_%06d.png':
  Duration: 00:09:30.60, start: 0.000000, bitrate: N/A
  Stream #0:0: Video: png, rgb24(pc, gbr/bt709/iec61966-2-1), 1024x653, 5 fps, 5 tbr, 5 tbn
Stream mapping:
  Stream #0:0 -> #0:0 (png (native) -> h264 (libx264))
Press [q] to stop, [?] for help
[libx264 @ 0x120606570] using cpu capabilities: ARMv8 NEON
[libx264 @ 0x120606570] profile High, level 3.1, 4:2:0, 8-bit
[libx264 @ 0x120606570] 264 - core 164 r3190 7ed753b - H.264/MPEG-4 AVC codec - Copyleft 2003-2024 - http://www.videolan.org/x264.html - options: cabac=1 ref=3 deblock=1:0:0 analyse=0x3:0x113 me=hex subme=7 psy=1 psy_rd=1.00:0.00 mixed_ref=1 me_range=16 chroma_me=1 trellis=1 8x8dct=1 cqm=0 deadzone=21,11 fast_pskip=1 chroma_qp_offset=-2 threads=4 lookahead_threads=1 sliced_threads=0 nr=0 decimate=1 interlaced=0 bluray_compat=0 constrained_intra=0 bframes=3 b_pyramid=2 b_adapt=1 b_bias=0 direct=1 weightb=1 open_gop=0 weightp=2 keyint=250 keyint_min=5 scenecut=40 intra_refresh=0 rc_lookahead=40 rc=crf mbtree=1 crf=23.0 qcomp=0.60 qpmin=0 qpmax=69 qpstep=4 ip_ratio=1.40 aq=1:1.00
Output #0, mp4, to '/Users/runner/work/comfy-gpu-ci/comfy-gpu-ci/comfy-test-logs/GeometryPack-0316/dev/macos-desktop/videos/sharpen/driver.mp4':
  Metadata:
    encoder         : Lavf61.7.100
  Stream #0:0: Video: h264 (avc1 / 0x31637661), yuv420p(tv, unknown/bt709/iec61966-2-1, progressive), 1024x654, q=2-31, 5 fps, 10240 tbn
      Metadata:
        encoder         : Lavc61.19.100 libx264
      Side data:
        cpb: bitrate max/min/avg: 0/0/0 buffer size: 0 vbv_delay: N/A
[out#0/mp4 @ 0x60000137c300] video:69KiB audio:0KiB subtitle:0KiB other streams:0KiB global headers:0KiB muxing overhead: 1.690281%
frame=   27 fps=0.0 q=-1.0 Lsize=      70KiB time=00:00:05.00 bitrate= 114.3kbits/s speed=35.1x    
[libx264 @ 0x120606570] frame I:1     Avg QP: 9.65  size: 33686
[libx264 @ 0x120606570] frame P:7     Avg QP:16.51  size:  4601
[libx264 @ 0x120606570] frame B:19    Avg QP:22.61  size:   192
[libx264 @ 0x120606570] consecutive B-frames:  3.7%  7.4%  0.0% 88.9%
[libx264 @ 0x120606570] mb I  I16..4: 62.4% 12.9% 24.7%
[libx264 @ 0x120606570] mb P  I16..4:  1.7%  0.3%  1.5%  P16..4:  1.0%  0.2%  0.1%  0.0%  0.0%    skip:95.3%
[libx264 @ 0x120606570] mb B  I16..4:  0.2%  0.0%  0.1%  B16..8:  1.4%  0.0%  0.0%  direct: 0.0%  skip:98.2%  L0:50.9% L1:48.9% BI: 0.2%
[libx264 @ 0x120606570] 8x8 transform intra:11.3% inter:30.7%
[libx264 @ 0x120606570] coded y,uvDC,uvAC intra: 18.3% 15.7% 12.5% inter: 0.1% 0.1% 0.0%
[libx264 @ 0x120606570] i16 v,h,dc,p: 67% 33%  0%  0%
[libx264 @ 0x120606570] i8 v,h,dc,ddl,ddr,vr,hd,vl,hu: 70% 13% 17%  0%  0%  0%  0%  0%  0%
[libx264 @ 0x120606570] i4 v,h,dc,ddl,ddr,vr,hd,vl,hu: 29% 30% 20%  3%  3%  3%  4%  3%  4%
[libx264 @ 0x120606570] i8c dc,h,v,p: 75% 17%  6%  1%
[libx264 @ 0x120606570] Weighted P-Frames: Y:0.0% UV:0.0%
[libx264 @ 0x120606570] ref P L0: 81.1% 12.7%  4.7%  1.6%
[libx264 @ 0x120606570] ref B L0: 79.6% 19.6%  0.8%
[libx264 @ 0x120606570] ref B L1: 94.8%  5.2%
[libx264 @ 0x120606570] kb/s:103.02
[2768s]   videos/sharpen/driver.mp4 placed (frames 350..376)
[2768s]   screenshots/sharpen_executed.png placed
ffmpeg version 7.1 Copyright (c) 2000-2024 the FFmpeg developers
  built with Apple clang version 13.1.6 (clang-1316.0.21.2.5)
  configuration: --prefix=/Volumes/tempdisk/sw --extra-cflags=-fno-stack-check --arch=arm64 --cc=/usr/bin/clang --enable-gpl --enable-libvmaf --enable-libopenjpeg --enable-libopus --enable-libmp3lame --enable-libx264 --enable-libx265 --enable-libvpx --enable-libwebp --enable-libass --enable-libfreetype --enable-fontconfig --enable-libtheora --enable-libvorbis --enable-libsnappy --enable-libaom --enable-libvidstab --enable-libzimg --enable-libsvtav1 --enable-libharfbuzz --enable-libkvazaar --pkg-config-flags=--static --enable-ffplay --enable-postproc --enable-neon --enable-runtime-cpudetect --disable-indev=qtkit --disable-indev=x11grab_xcb
  libavutil      59. 39.100 / 59. 39.100
  libavcodec     61. 19.100 / 61. 19.100
  libavformat    61.  7.100 / 61.  7.100
  libavdevice    61.  3.100 / 61.  3.100
  libavfilter    10.  4.100 / 10.  4.100
  libswscale      8.  3.100 /  8.  3.100
  libswresample   5.  3.100 /  5.  3.100
  libpostproc    58.  3.100 / 58.  3.100
Input #0, image2, from '/Users/runner/work/comfy-gpu-ci/comfy-gpu-ci/comfy-test-logs/GeometryPack-0316/dev/macos-desktop/debug/electron_inspect/frames/frame_%06d.png':
  Duration: 00:09:18.40, start: 0.000000, bitrate: N/A
  Stream #0:0: Video: png, rgb24(pc, gbr/bt709/iec61966-2-1), 1024x656, 5 fps, 5 tbr, 5 tbn
Stream mapping:
  Stream #0:0 -> #0:0 (png (native) -> h264 (libx264))
Press [q] to stop, [?] for help
[libx264 @ 0x12f005a70] using cpu capabilities: ARMv8 NEON
[libx264 @ 0x12f005a70] profile High, level 3.1, 4:2:0, 8-bit
[libx264 @ 0x12f005a70] 264 - core 164 r3190 7ed753b - H.264/MPEG-4 AVC codec - Copyleft 2003-2024 - http://www.videolan.org/x264.html - options: cabac=1 ref=3 deblock=1:0:0 analyse=0x3:0x113 me=hex subme=7 psy=1 psy_rd=1.00:0.00 mixed_ref=1 me_range=16 chroma_me=1 trellis=1 8x8dct=1 cqm=0 deadzone=21,11 fast_pskip=1 chroma_qp_offset=-2 threads=4 lookahead_threads=1 sliced_threads=0 nr=0 decimate=1 interlaced=0 bluray_compat=0 constrained_intra=0 bframes=3 b_pyramid=2 b_adapt=1 b_bias=0 direct=1 weightb=1 open_gop=0 weightp=2 keyint=250 keyint_min=5 scenecut=40 intra_refresh=0 rc_lookahead=40 rc=crf mbtree=1 crf=23.0 qcomp=0.60 qpmin=0 qpmax=69 qpstep=4 ip_ratio=1.40 aq=1:1.00
Output #0, mp4, to '/Users/runner/work/comfy-gpu-ci/comfy-gpu-ci/comfy-test-logs/GeometryPack-0316/dev/macos-desktop/videos/alpha_wrap/driver.mp4':
  Metadata:
    encoder         : Lavf61.7.100
  Stream #0:0: Video: h264 (avc1 / 0x31637661), yuv420p(tv, unknown/bt709/iec61966-2-1, progressive), 1024x656, q=2-31, 5 fps, 10240 tbn
      Metadata:
        encoder         : Lavc61.19.100 libx264
      Side data:
        cpb: bitrate max/min/avg: 0/0/0 buffer size: 0 vbv_delay: N/A
[out#0/mp4 @ 0x600001e3c000] video:94KiB audio:0KiB subtitle:0KiB other streams:0KiB global headers:0KiB muxing overhead: 1.524050%
frame=   50 fps=0.0 q=-1.0 Lsize=      95KiB time=00:00:09.60 bitrate=  81.1kbits/s speed=36.4x    
[libx264 @ 0x12f005a70] frame I:2     Avg QP:11.60  size: 26956
[libx264 @ 0x12f005a70] frame P:13    Avg QP:14.66  size:  2623
[libx264 @ 0x12f005a70] frame B:35    Avg QP:22.94  size:   205
[libx264 @ 0x12f005a70] consecutive B-frames:  4.0%  8.0%  0.0% 88.0%
[libx264 @ 0x12f005a70] mb I  I16..4: 53.8% 25.4% 20.8%
[libx264 @ 0x12f005a70] mb P  I16..4:  1.3%  0.3%  1.0%  P16..4:  1.4%  0.4%  0.2%  0.0%  0.0%    skip:95.4%
[libx264 @ 0x12f005a70] mb B  I16..4:  0.2%  0.1%  0.0%  B16..8:  1.7%  0.1%  0.0%  direct: 0.1%  skip:97.8%  L0:41.4% L1:57.8% BI: 0.7%
[libx264 @ 0x12f005a70] 8x8 transform intra:23.2% inter:52.6%
[libx264 @ 0x12f005a70] coded y,uvDC,uvAC intra: 15.9% 17.0% 12.8% inter: 0.3% 0.4% 0.2%
[libx264 @ 0x12f005a70] i16 v,h,dc,p: 63% 31%  0%  5%
[libx264 @ 0x12f005a70] i8 v,h,dc,ddl,ddr,vr,hd,vl,hu: 56% 14% 23%  0%  3%  2%  1%  0%  1%
[libx264 @ 0x12f005a70] i4 v,h,dc,ddl,ddr,vr,hd,vl,hu: 32% 33% 19%  2%  3%  3%  3%  2%  3%
[libx264 @ 0x12f005a70] i8c dc,h,v,p: 73% 14%  8%  5%
[libx264 @ 0x12f005a70] Weighted P-Frames: Y:0.0% UV:0.0%
[libx264 @ 0x12f005a70] ref P L0: 74.8%  9.0% 11.4%  4.8%
[libx264 @ 0x12f005a70] ref B L0: 83.2% 15.8%  1.0%
[libx264 @ 0x12f005a70] ref B L1: 91.4%  8.6%
[libx264 @ 0x12f005a70] kb/s:76.14
[2768s]   videos/alpha_wrap/driver.mp4 placed (frames 411..460)
[2768s]   screenshots/alpha_wrap_executed.png placed
ffmpeg version 7.1 Copyright (c) 2000-2024 the FFmpeg developers
  built with Apple clang version 13.1.6 (clang-1316.0.21.2.5)
  configuration: --prefix=/Volumes/tempdisk/sw --extra-cflags=-fno-stack-check --arch=arm64 --cc=/usr/bin/clang --enable-gpl --enable-libvmaf --enable-libopenjpeg --enable-libopus --enable-libmp3lame --enable-libx264 --enable-libx265 --enable-libvpx --enable-libwebp --enable-libass --enable-libfreetype --enable-fontconfig --enable-libtheora --enable-libvorbis --enable-libsnappy --enable-libaom --enable-libvidstab --enable-libzimg --enable-libsvtav1 --enable-libharfbuzz --enable-libkvazaar --pkg-config-flags=--static --enable-ffplay --enable-postproc --enable-neon --enable-runtime-cpudetect --disable-indev=qtkit --disable-indev=x11grab_xcb
  libavutil      59. 39.100 / 59. 39.100
  libavcodec     61. 19.100 / 61. 19.100
  libavformat    61.  7.100 / 61.  7.100
  libavdevice    61.  3.100 / 61.  3.100
  libavfilter    10.  4.100 / 10.  4.100
  libswscale      8.  3.100 /  8.  3.100
  libswresample   5.  3.100 /  5.  3.100
  libpostproc    58.  3.100 / 58.  3.100
Input #0, image2, from '/Users/runner/work/comfy-gpu-ci/comfy-gpu-ci/comfy-test-logs/GeometryPack-0316/dev/macos-desktop/debug/electron_inspect/frames/frame_%06d.png':
  Duration: 00:09:01.40, start: 0.000000, bitrate: N/A
  Stream #0:0: Video: png, rgb24(pc, gbr/bt709/iec61966-2-1), 1024x656, 5 fps, 5 tbr, 5 tbn
Stream mapping:
  Stream #0:0 -> #0:0 (png (native) -> h264 (libx264))
Press [q] to stop, [?] for help
[libx264 @ 0x1206083c0] using cpu capabilities: ARMv8 NEON
[libx264 @ 0x1206083c0] profile High, level 3.1, 4:2:0, 8-bit
[libx264 @ 0x1206083c0] 264 - core 164 r3190 7ed753b - H.264/MPEG-4 AVC codec - Copyleft 2003-2024 - http://www.videolan.org/x264.html - options: cabac=1 ref=3 deblock=1:0:0 analyse=0x3:0x113 me=hex subme=7 psy=1 psy_rd=1.00:0.00 mixed_ref=1 me_range=16 chroma_me=1 trellis=1 8x8dct=1 cqm=0 deadzone=21,11 fast_pskip=1 chroma_qp_offset=-2 threads=4 lookahead_threads=1 sliced_threads=0 nr=0 decimate=1 interlaced=0 bluray_compat=0 constrained_intra=0 bframes=3 b_pyramid=2 b_adapt=1 b_bias=0 direct=1 weightb=1 open_gop=0 weightp=2 keyint=250 keyint_min=5 scenecut=40 intra_refresh=0 rc_lookahead=40 rc=crf mbtree=1 crf=23.0 qcomp=0.60 qpmin=0 qpmax=69 qpstep=4 ip_ratio=1.40 aq=1:1.00
Output #0, mp4, to '/Users/runner/work/comfy-gpu-ci/comfy-gpu-ci/comfy-test-logs/GeometryPack-0316/dev/macos-desktop/videos/batch_remesh/driver.mp4':
  Metadata:
    encoder         : Lavf61.7.100
  Stream #0:0: Video: h264 (avc1 / 0x31637661), yuv420p(tv, unknown/bt709/iec61966-2-1, progressive), 1024x656, q=2-31, 5 fps, 10240 tbn
      Metadata:
        encoder         : Lavc61.19.100 libx264
      Side data:
        cpb: bitrate max/min/avg: 0/0/0 buffer size: 0 vbv_delay: N/A
[out#0/mp4 @ 0x600002f103c0] video:83KiB audio:0KiB subtitle:0KiB other streams:0KiB global headers:0KiB muxing overhead: 1.638880%
frame=   44 fps=0.0 q=-1.0 Lsize=      84KiB time=00:00:08.40 bitrate=  82.0kbits/s speed=36.9x    
[libx264 @ 0x1206083c0] frame I:2     Avg QP:11.58  size: 27606
[libx264 @ 0x1206083c0] frame P:11    Avg QP:17.58  size:  2103
[libx264 @ 0x1206083c0] frame B:31    Avg QP:23.39  size:   184
[libx264 @ 0x1206083c0] consecutive B-frames:  4.5%  4.5%  0.0% 90.9%
[libx264 @ 0x1206083c0] mb I  I16..4: 54.6% 23.4% 22.0%
[libx264 @ 0x1206083c0] mb P  I16..4:  0.9%  0.9%  1.0%  P16..4:  1.2%  0.3%  0.1%  0.0%  0.0%    skip:95.5%
[libx264 @ 0x1206083c0] mb B  I16..4:  0.2%  0.1%  0.0%  B16..8:  1.6%  0.1%  0.0%  direct: 0.1%  skip:97.9%  L0:44.6% L1:55.0% BI: 0.4%
[libx264 @ 0x1206083c0] 8x8 transform intra:24.7% inter:61.2%
[libx264 @ 0x1206083c0] coded y,uvDC,uvAC intra: 16.1% 15.2% 11.4% inter: 0.2% 0.3% 0.1%
[libx264 @ 0x1206083c0] i16 v,h,dc,p: 64% 31%  1%  5%
[libx264 @ 0x1206083c0] i8 v,h,dc,ddl,ddr,vr,hd,vl,hu: 53% 21% 21%  0%  2%  1%  1%  0%  1%
[libx264 @ 0x1206083c0] i4 v,h,dc,ddl,ddr,vr,hd,vl,hu: 33% 33% 18%  2%  3%  2%  3%  2%  3%
[libx264 @ 0x1206083c0] i8c dc,h,v,p: 76% 13%  7%  4%
[libx264 @ 0x1206083c0] Weighted P-Frames: Y:0.0% UV:0.0%
[libx264 @ 0x1206083c0] ref P L0: 85.7%  1.8%  4.9%  7.6%
[libx264 @ 0x1206083c0] ref B L0: 87.9% 10.4%  1.8%
[libx264 @ 0x1206083c0] ref B L1: 95.4%  4.6%
[libx264 @ 0x1206083c0] kb/s:76.42
[2768s]   videos/batch_remesh/driver.mp4 placed (frames 496..539)
[2768s]   screenshots/batch_remesh_executed.png placed
ffmpeg version 7.1 Copyright (c) 2000-2024 the FFmpeg developers
  built with Apple clang version 13.1.6 (clang-1316.0.21.2.5)
  configuration: --prefix=/Volumes/tempdisk/sw --extra-cflags=-fno-stack-check --arch=arm64 --cc=/usr/bin/clang --enable-gpl --enable-libvmaf --enable-libopenjpeg --enable-libopus --enable-libmp3lame --enable-libx264 --enable-libx265 --enable-libvpx --enable-libwebp --enable-libass --enable-libfreetype --enable-fontconfig --enable-libtheora --enable-libvorbis --enable-libsnappy --enable-libaom --enable-libvidstab --enable-libzimg --enable-libsvtav1 --enable-libharfbuzz --enable-libkvazaar --pkg-config-flags=--static --enable-ffplay --enable-postproc --enable-neon --enable-runtime-cpudetect --disable-indev=qtkit --disable-indev=x11grab_xcb
  libavutil      59. 39.100 / 59. 39.100
  libavcodec     61. 19.100 / 61. 19.100
  libavformat    61.  7.100 / 61.  7.100
  libavdevice    61.  3.100 / 61.  3.100
  libavfilter    10.  4.100 / 10.  4.100
  libswscale      8.  3.100 /  8.  3.100
  libswresample   5.  3.100 /  5.  3.100
  libpostproc    58.  3.100 / 58.  3.100
Input #0, image2, from '/Users/runner/work/comfy-gpu-ci/comfy-gpu-ci/comfy-test-logs/GeometryPack-0316/dev/macos-desktop/debug/electron_inspect/frames/frame_%06d.png':
  Duration: 00:08:45.40, start: 0.000000, bitrate: N/A
  Stream #0:0: Video: png, rgb24(pc, gbr/bt709/iec61966-2-1), 1024x653, 5 fps, 5 tbr, 5 tbn
Stream mapping:
  Stream #0:0 -> #0:0 (png (native) -> h264 (libx264))
Press [q] to stop, [?] for help
[libx264 @ 0x12f705790] using cpu capabilities: ARMv8 NEON
[libx264 @ 0x12f705790] profile High, level 3.1, 4:2:0, 8-bit
[libx264 @ 0x12f705790] 264 - core 164 r3190 7ed753b - H.264/MPEG-4 AVC codec - Copyleft 2003-2024 - http://www.videolan.org/x264.html - options: cabac=1 ref=3 deblock=1:0:0 analyse=0x3:0x113 me=hex subme=7 psy=1 psy_rd=1.00:0.00 mixed_ref=1 me_range=16 chroma_me=1 trellis=1 8x8dct=1 cqm=0 deadzone=21,11 fast_pskip=1 chroma_qp_offset=-2 threads=4 lookahead_threads=1 sliced_threads=0 nr=0 decimate=1 interlaced=0 bluray_compat=0 constrained_intra=0 bframes=3 b_pyramid=2 b_adapt=1 b_bias=0 direct=1 weightb=1 open_gop=0 weightp=2 keyint=250 keyint_min=5 scenecut=40 intra_refresh=0 rc_lookahead=40 rc=crf mbtree=1 crf=23.0 qcomp=0.60 qpmin=0 qpmax=69 qpstep=4 ip_ratio=1.40 aq=1:1.00
Output #0, mp4, to '/Users/runner/work/comfy-gpu-ci/comfy-gpu-ci/comfy-test-logs/GeometryPack-0316/dev/macos-desktop/videos/boolean_ops/driver.mp4':
  Metadata:
    encoder         : Lavf61.7.100
  Stream #0:0: Video: h264 (avc1 / 0x31637661), yuv420p(tv, unknown/bt709/iec61966-2-1, progressive), 1024x654, q=2-31, 5 fps, 10240 tbn
      Metadata:
        encoder         : Lavc61.19.100 libx264
      Side data:
        cpb: bitrate max/min/avg: 0/0/0 buffer size: 0 vbv_delay: N/A
[out#0/mp4 @ 0x60000262c300] video:92KiB audio:0KiB subtitle:0KiB other streams:0KiB global headers:0KiB muxing overhead: 1.402013%
frame=   38 fps=0.0 q=-1.0 Lsize=      93KiB time=00:00:07.20 bitrate= 106.0kbits/s speed=32.7x    
[libx264 @ 0x12f705790] frame I:2     Avg QP:11.89  size: 29034
[libx264 @ 0x12f705790] frame P:10    Avg QP:16.55  size:  3072
[libx264 @ 0x12f705790] frame B:26    Avg QP:23.07  size:   177
[libx264 @ 0x12f705790] consecutive B-frames:  5.3% 10.5%  0.0% 84.2%
[libx264 @ 0x12f705790] mb I  I16..4: 55.0% 22.1% 22.9%
[libx264 @ 0x12f705790] mb P  I16..4:  2.1%  0.8%  1.4%  P16..4:  1.3%  0.3%  0.1%  0.0%  0.0%    skip:94.0%
[libx264 @ 0x12f705790] mb B  I16..4:  0.2%  0.1%  0.0%  B16..8:  1.6%  0.1%  0.0%  direct: 0.1%  skip:97.9%  L0:48.3% L1:51.4% BI: 0.3%
[libx264 @ 0x12f705790] 8x8 transform intra:21.5% inter:53.6%
[libx264 @ 0x12f705790] coded y,uvDC,uvAC intra: 16.7% 15.4% 12.5% inter: 0.2% 0.3% 0.1%
[libx264 @ 0x12f705790] i16 v,h,dc,p: 60% 36%  0%  3%
[libx264 @ 0x12f705790] i8 v,h,dc,ddl,ddr,vr,hd,vl,hu: 53% 13% 27%  0%  2%  2%  1%  0%  1%
[libx264 @ 0x12f705790] i4 v,h,dc,ddl,ddr,vr,hd,vl,hu: 32% 33% 17%  2%  3%  3%  4%  2%  3%
[libx264 @ 0x12f705790] i8c dc,h,v,p: 73% 14%  9%  4%
[libx264 @ 0x12f705790] Weighted P-Frames: Y:0.0% UV:0.0%
[libx264 @ 0x12f705790] ref P L0: 81.4% 13.3%  5.1%  0.2%
[libx264 @ 0x12f705790] ref B L0: 90.1%  8.1%  1.9%
[libx264 @ 0x12f705790] ref B L1: 94.3%  5.7%
[libx264 @ 0x12f705790] kb/s:98.31
[2768s]   videos/boolean_ops/driver.mp4 placed (frames 576..613)
[2768s]   screenshots/boolean_ops_executed.png placed
ffmpeg version 7.1 Copyright (c) 2000-2024 the FFmpeg developers
  built with Apple clang version 13.1.6 (clang-1316.0.21.2.5)
  configuration: --prefix=/Volumes/tempdisk/sw --extra-cflags=-fno-stack-check --arch=arm64 --cc=/usr/bin/clang --enable-gpl --enable-libvmaf --enable-libopenjpeg --enable-libopus --enable-libmp3lame --enable-libx264 --enable-libx265 --enable-libvpx --enable-libwebp --enable-libass --enable-libfreetype --enable-fontconfig --enable-libtheora --enable-libvorbis --enable-libsnappy --enable-libaom --enable-libvidstab --enable-libzimg --enable-libsvtav1 --enable-libharfbuzz --enable-libkvazaar --pkg-config-flags=--static --enable-ffplay --enable-postproc --enable-neon --enable-runtime-cpudetect --disable-indev=qtkit --disable-indev=x11grab_xcb
  libavutil      59. 39.100 / 59. 39.100
  libavcodec     61. 19.100 / 61. 19.100
  libavformat    61.  7.100 / 61.  7.100
  libavdevice    61.  3.100 / 61.  3.100
  libavfilter    10.  4.100 / 10.  4.100
  libswscale      8.  3.100 /  8.  3.100
  libswresample   5.  3.100 /  5.  3.100
  libpostproc    58.  3.100 / 58.  3.100
Input #0, image2, from '/Users/runner/work/comfy-gpu-ci/comfy-gpu-ci/comfy-test-logs/GeometryPack-0316/dev/macos-desktop/debug/electron_inspect/frames/frame_%06d.png':
  Duration: 00:08:30.80, start: 0.000000, bitrate: N/A
  Stream #0:0: Video: png, rgb24(pc, gbr/bt709/iec61966-2-1), 1024x656, 5 fps, 5 tbr, 5 tbn
Stream mapping:
  Stream #0:0 -> #0:0 (png (native) -> h264 (libx264))
Press [q] to stop, [?] for help
[libx264 @ 0x1270052a0] using cpu capabilities: ARMv8 NEON
[libx264 @ 0x1270052a0] profile High, level 3.1, 4:2:0, 8-bit
[libx264 @ 0x1270052a0] 264 - core 164 r3190 7ed753b - H.264/MPEG-4 AVC codec - Copyleft 2003-2024 - http://www.videolan.org/x264.html - options: cabac=1 ref=3 deblock=1:0:0 analyse=0x3:0x113 me=hex subme=7 psy=1 psy_rd=1.00:0.00 mixed_ref=1 me_range=16 chroma_me=1 trellis=1 8x8dct=1 cqm=0 deadzone=21,11 fast_pskip=1 chroma_qp_offset=-2 threads=4 lookahead_threads=1 sliced_threads=0 nr=0 decimate=1 interlaced=0 bluray_compat=0 constrained_intra=0 bframes=3 b_pyramid=2 b_adapt=1 b_bias=0 direct=1 weightb=1 open_gop=0 weightp=2 keyint=250 keyint_min=5 scenecut=40 intra_refresh=0 rc_lookahead=40 rc=crf mbtree=1 crf=23.0 qcomp=0.60 qpmin=0 qpmax=69 qpstep=4 ip_ratio=1.40 aq=1:1.00
Output #0, mp4, to '/Users/runner/work/comfy-gpu-ci/comfy-gpu-ci/comfy-test-logs/GeometryPack-0316/dev/macos-desktop/videos/boolean_ops_all/driver.mp4':
  Metadata:
    encoder         : Lavf61.7.100
  Stream #0:0: Video: h264 (avc1 / 0x31637661), yuv420p(tv, unknown/bt709/iec61966-2-1, progressive), 1024x656, q=2-31, 5 fps, 10240 tbn
      Metadata:
        encoder         : Lavc61.19.100 libx264
      Side data:
        cpb: bitrate max/min/avg: 0/0/0 buffer size: 0 vbv_delay: N/A
[out#0/mp4 @ 0x600001cdc000] video:7KiB audio:0KiB subtitle:0KiB other streams:0KiB global headers:0KiB muxing overhead: 11.038266%
frame=    1 fps=0.0 q=23.0 Lsize=       8KiB time=00:00:00.20 bitrate= 332.0kbits/s speed=9.29x    
[libx264 @ 0x1270052a0] frame I:1     Avg QP:17.17  size:  6786
[libx264 @ 0x1270052a0] mb I  I16..4: 29.1% 64.9%  6.0%
[libx264 @ 0x1270052a0] 8x8 transform intra:64.9%
[libx264 @ 0x1270052a0] coded y,uvDC,uvAC intra: 3.4% 3.0% 2.8%
[libx264 @ 0x1270052a0] i16 v,h,dc,p: 82% 10%  8%  0%
[libx264 @ 0x1270052a0] i8 v,h,dc,ddl,ddr,vr,hd,vl,hu: 85%  4% 10%  0%  0%  0%  0%  0%  0%
[libx264 @ 0x1270052a0] i4 v,h,dc,ddl,ddr,vr,hd,vl,hu: 35% 23% 22%  3%  3%  3%  3%  6%  3%
[libx264 @ 0x1270052a0] i8c dc,h,v,p: 96%  3%  1%  0%
[libx264 @ 0x1270052a0] kb/s:271.44
[2768s]   videos/boolean_ops_all/driver.mp4 placed (frames 649..648)
[2768s]   screenshots/boolean_ops_all_executed.png placed
ffmpeg version 7.1 Copyright (c) 2000-2024 the FFmpeg developers
  built with Apple clang version 13.1.6 (clang-1316.0.21.2.5)
  configuration: --prefix=/Volumes/tempdisk/sw --extra-cflags=-fno-stack-check --arch=arm64 --cc=/usr/bin/clang --enable-gpl --enable-libvmaf --enable-libopenjpeg --enable-libopus --enable-libmp3lame --enable-libx264 --enable-libx265 --enable-libvpx --enable-libwebp --enable-libass --enable-libfreetype --enable-fontconfig --enable-libtheora --enable-libvorbis --enable-libsnappy --enable-libaom --enable-libvidstab --enable-libzimg --enable-libsvtav1 --enable-libharfbuzz --enable-libkvazaar --pkg-config-flags=--static --enable-ffplay --enable-postproc --enable-neon --enable-runtime-cpudetect --disable-indev=qtkit --disable-indev=x11grab_xcb
  libavutil      59. 39.100 / 59. 39.100
  libavcodec     61. 19.100 / 61. 19.100
  libavformat    61.  7.100 / 61.  7.100
  libavdevice    61.  3.100 / 61.  3.100
  libavfilter    10.  4.100 / 10.  4.100
  libswscale      8.  3.100 /  8.  3.100
  libswresample   5.  3.100 /  5.  3.100
  libpostproc    58.  3.100 / 58.  3.100
Input #0, image2, from '/Users/runner/work/comfy-gpu-ci/comfy-gpu-ci/comfy-test-logs/GeometryPack-0316/dev/macos-desktop/debug/electron_inspect/frames/frame_%06d.png':
  Duration: 00:08:24.20, start: 0.000000, bitrate: N/A
  Stream #0:0: Video: png, rgb24(pc, gbr/bt709/iec61966-2-1), 1024x653, 5 fps, 5 tbr, 5 tbn
Stream mapping:
  Stream #0:0 -> #0:0 (png (native) -> h264 (libx264))
Press [q] to stop, [?] for help
[libx264 @ 0x153f05940] using cpu capabilities: ARMv8 NEON
[libx264 @ 0x153f05940] profile High, level 3.1, 4:2:0, 8-bit
[libx264 @ 0x153f05940] 264 - core 164 r3190 7ed753b - H.264/MPEG-4 AVC codec - Copyleft 2003-2024 - http://www.videolan.org/x264.html - options: cabac=1 ref=3 deblock=1:0:0 analyse=0x3:0x113 me=hex subme=7 psy=1 psy_rd=1.00:0.00 mixed_ref=1 me_range=16 chroma_me=1 trellis=1 8x8dct=1 cqm=0 deadzone=21,11 fast_pskip=1 chroma_qp_offset=-2 threads=4 lookahead_threads=1 sliced_threads=0 nr=0 decimate=1 interlaced=0 bluray_compat=0 constrained_intra=0 bframes=3 b_pyramid=2 b_adapt=1 b_bias=0 direct=1 weightb=1 open_gop=0 weightp=2 keyint=250 keyint_min=5 scenecut=40 intra_refresh=0 rc_lookahead=40 rc=crf mbtree=1 crf=23.0 qcomp=0.60 qpmin=0 qpmax=69 qpstep=4 ip_ratio=1.40 aq=1:1.00
Output #0, mp4, to '/Users/runner/work/comfy-gpu-ci/comfy-gpu-ci/comfy-test-logs/GeometryPack-0316/dev/macos-desktop/videos/decimate/driver.mp4':
  Metadata:
    encoder         : Lavf61.7.100
  Stream #0:0: Video: h264 (avc1 / 0x31637661), yuv420p(tv, unknown/bt709/iec61966-2-1, progressive), 1024x654, q=2-31, 5 fps, 10240 tbn
      Metadata:
        encoder         : Lavc61.19.100 libx264
      Side data:
        cpb: bitrate max/min/avg: 0/0/0 buffer size: 0 vbv_delay: N/A
[out#0/mp4 @ 0x600000dd4000] video:8KiB audio:0KiB subtitle:0KiB other streams:0KiB global headers:0KiB muxing overhead: 10.699961%
frame=    1 fps=0.0 q=23.0 Lsize=       8KiB time=00:00:00.20 bitrate= 342.2kbits/s speed=7.74x    
[libx264 @ 0x153f05940] frame I:1     Avg QP:17.72  size:  7041
[libx264 @ 0x153f05940] mb I  I16..4: 43.7% 50.3%  5.9%
[libx264 @ 0x153f05940] 8x8 transform intra:50.3%
[libx264 @ 0x153f05940] coded y,uvDC,uvAC intra: 3.6% 3.2% 2.8%
[libx264 @ 0x153f05940] i16 v,h,dc,p: 83% 11%  6%  0%
[libx264 @ 0x153f05940] i8 v,h,dc,ddl,ddr,vr,hd,vl,hu: 82%  4% 14%  0%  0%  0%  0%  0%  0%
[libx264 @ 0x153f05940] i4 v,h,dc,ddl,ddr,vr,hd,vl,hu: 31% 26% 22%  3%  3%  3%  3%  6%  3%
[libx264 @ 0x153f05940] i8c dc,h,v,p: 96%  3%  1%  0%
[libx264 @ 0x153f05940] kb/s:281.64
[2768s]   videos/decimate/driver.mp4 placed (frames 682..681)
[2768s]   screenshots/decimate_executed.png placed
ffmpeg version 7.1 Copyright (c) 2000-2024 the FFmpeg developers
  built with Apple clang version 13.1.6 (clang-1316.0.21.2.5)
  configuration: --prefix=/Volumes/tempdisk/sw --extra-cflags=-fno-stack-check --arch=arm64 --cc=/usr/bin/clang --enable-gpl --enable-libvmaf --enable-libopenjpeg --enable-libopus --enable-libmp3lame --enable-libx264 --enable-libx265 --enable-libvpx --enable-libwebp --enable-libass --enable-libfreetype --enable-fontconfig --enable-libtheora --enable-libvorbis --enable-libsnappy --enable-libaom --enable-libvidstab --enable-libzimg --enable-libsvtav1 --enable-libharfbuzz --enable-libkvazaar --pkg-config-flags=--static --enable-ffplay --enable-postproc --enable-neon --enable-runtime-cpudetect --disable-indev=qtkit --disable-indev=x11grab_xcb
  libavutil      59. 39.100 / 59. 39.100
  libavcodec     61. 19.100 / 61. 19.100
  libavformat    61.  7.100 / 61.  7.100
  libavdevice    61.  3.100 / 61.  3.100
  libavfilter    10.  4.100 / 10.  4.100
  libswscale      8.  3.100 /  8.  3.100
  libswresample   5.  3.100 /  5.  3.100
  libpostproc    58.  3.100 / 58.  3.100
Input #0, image2, from '/Users/runner/work/comfy-gpu-ci/comfy-gpu-ci/comfy-test-logs/GeometryPack-0316/dev/macos-desktop/debug/electron_inspect/frames/frame_%06d.png':
  Duration: 00:08:17.60, start: 0.000000, bitrate: N/A
  Stream #0:0: Video: png, rgb24(pc, gbr/bt709/iec61966-2-1), 1024x653, 5 fps, 5 tbr, 5 tbn
Stream mapping:
  Stream #0:0 -> #0:0 (png (native) -> h264 (libx264))
Press [q] to stop, [?] for help
[libx264 @ 0x1247053e0] using cpu capabilities: ARMv8 NEON
[libx264 @ 0x1247053e0] profile High, level 3.1, 4:2:0, 8-bit
[libx264 @ 0x1247053e0] 264 - core 164 r3190 7ed753b - H.264/MPEG-4 AVC codec - Copyleft 2003-2024 - http://www.videolan.org/x264.html - options: cabac=1 ref=3 deblock=1:0:0 analyse=0x3:0x113 me=hex subme=7 psy=1 psy_rd=1.00:0.00 mixed_ref=1 me_range=16 chroma_me=1 trellis=1 8x8dct=1 cqm=0 deadzone=21,11 fast_pskip=1 chroma_qp_offset=-2 threads=4 lookahead_threads=1 sliced_threads=0 nr=0 decimate=1 interlaced=0 bluray_compat=0 constrained_intra=0 bframes=3 b_pyramid=2 b_adapt=1 b_bias=0 direct=1 weightb=1 open_gop=0 weightp=2 keyint=250 keyint_min=5 scenecut=40 intra_refresh=0 rc_lookahead=40 rc=crf mbtree=1 crf=23.0 qcomp=0.60 qpmin=0 qpmax=69 qpstep=4 ip_ratio=1.40 aq=1:1.00
Output #0, mp4, to '/Users/runner/work/comfy-gpu-ci/comfy-gpu-ci/comfy-test-logs/GeometryPack-0316/dev/macos-desktop/videos/decimate_all/driver.mp4':
  Metadata:
    encoder         : Lavf61.7.100
  Stream #0:0: Video: h264 (avc1 / 0x31637661), yuv420p(tv, unknown/bt709/iec61966-2-1, progressive), 1024x654, q=2-31, 5 fps, 10240 tbn
      Metadata:
        encoder         : Lavc61.19.100 libx264
      Side data:
        cpb: bitrate max/min/avg: 0/0/0 buffer size: 0 vbv_delay: N/A
[out#0/mp4 @ 0x6000036b8000] video:125KiB audio:0KiB subtitle:0KiB other streams:0KiB global headers:0KiB muxing overhead: 1.154219%
frame=   51 fps=0.0 q=-1.0 Lsize=     126KiB time=00:00:09.80 bitrate= 105.5kbits/s speed=34.4x    
[libx264 @ 0x1247053e0] frame I:2     Avg QP:11.63  size: 30420
[libx264 @ 0x1247053e0] frame P:14    Avg QP:16.06  size:  4257
[libx264 @ 0x1247053e0] frame B:35    Avg QP:21.24  size:   191
[libx264 @ 0x1247053e0] consecutive B-frames:  5.9%  7.8%  0.0% 86.3%
[libx264 @ 0x1247053e0] mb I  I16..4: 55.8% 21.1% 23.1%
[libx264 @ 0x1247053e0] mb P  I16..4:  0.8%  0.7%  1.3%  P16..4:  1.3%  0.3%  0.1%  0.0%  0.0%    skip:95.4%
[libx264 @ 0x1247053e0] mb B  I16..4:  0.2%  0.1%  0.0%  B16..8:  1.7%  0.1%  0.0%  direct: 0.1%  skip:97.7%  L0:59.6% L1:40.0% BI: 0.4%
[libx264 @ 0x1247053e0] 8x8 transform intra:22.1% inter:50.3%
[libx264 @ 0x1247053e0] coded y,uvDC,uvAC intra: 18.7% 18.9% 15.4% inter: 0.2% 0.4% 0.2%
[libx264 @ 0x1247053e0] i16 v,h,dc,p: 58% 36%  0%  5%
[libx264 @ 0x1247053e0] i8 v,h,dc,ddl,ddr,vr,hd,vl,hu: 51% 26% 18%  0%  2%  1%  1%  0%  1%
[libx264 @ 0x1247053e0] i4 v,h,dc,ddl,ddr,vr,hd,vl,hu: 32% 31% 17%  3%  4%  3%  4%  3%  3%
[libx264 @ 0x1247053e0] i8c dc,h,v,p: 72% 16%  7%  5%
[libx264 @ 0x1247053e0] Weighted P-Frames: Y:0.0% UV:0.0%
[libx264 @ 0x1247053e0] ref P L0: 69.6%  4.9% 21.7%  3.8%
[libx264 @ 0x1247053e0] ref B L0: 86.5% 11.5%  2.0%
[libx264 @ 0x1247053e0] ref B L1: 97.1%  2.9%
[libx264 @ 0x1247053e0] kb/s:99.69
[2769s]   videos/decimate_all/driver.mp4 placed (frames 715..765)
[2769s]   screenshots/decimate_all_executed.png placed
ffmpeg version 7.1 Copyright (c) 2000-2024 the FFmpeg developers
  built with Apple clang version 13.1.6 (clang-1316.0.21.2.5)
  configuration: --prefix=/Volumes/tempdisk/sw --extra-cflags=-fno-stack-check --arch=arm64 --cc=/usr/bin/clang --enable-gpl --enable-libvmaf --enable-libopenjpeg --enable-libopus --enable-libmp3lame --enable-libx264 --enable-libx265 --enable-libvpx --enable-libwebp --enable-libass --enable-libfreetype --enable-fontconfig --enable-libtheora --enable-libvorbis --enable-libsnappy --enable-libaom --enable-libvidstab --enable-libzimg --enable-libsvtav1 --enable-libharfbuzz --enable-libkvazaar --pkg-config-flags=--static --enable-ffplay --enable-postproc --enable-neon --enable-runtime-cpudetect --disable-indev=qtkit --disable-indev=x11grab_xcb
  libavutil      59. 39.100 / 59. 39.100
  libavcodec     61. 19.100 / 61. 19.100
  libavformat    61.  7.100 / 61.  7.100
  libavdevice    61.  3.100 / 61.  3.100
  libavfilter    10.  4.100 / 10.  4.100
  libswscale      8.  3.100 /  8.  3.100
  libswresample   5.  3.100 /  5.  3.100
  libpostproc    58.  3.100 / 58.  3.100
Input #0, image2, from '/Users/runner/work/comfy-gpu-ci/comfy-gpu-ci/comfy-test-logs/GeometryPack-0316/dev/macos-desktop/debug/electron_inspect/frames/frame_%06d.png':
  Duration: 00:08:00.60, start: 0.000000, bitrate: N/A
  Stream #0:0: Video: png, rgb24(pc, gbr/bt709/iec61966-2-1), 1024x653, 5 fps, 5 tbr, 5 tbn
Stream mapping:
  Stream #0:0 -> #0:0 (png (native) -> h264 (libx264))
Press [q] to stop, [?] for help
[libx264 @ 0x154e06e00] using cpu capabilities: ARMv8 NEON
[libx264 @ 0x154e06e00] profile High, level 3.1, 4:2:0, 8-bit
[libx264 @ 0x154e06e00] 264 - core 164 r3190 7ed753b - H.264/MPEG-4 AVC codec - Copyleft 2003-2024 - http://www.videolan.org/x264.html - options: cabac=1 ref=3 deblock=1:0:0 analyse=0x3:0x113 me=hex subme=7 psy=1 psy_rd=1.00:0.00 mixed_ref=1 me_range=16 chroma_me=1 trellis=1 8x8dct=1 cqm=0 deadzone=21,11 fast_pskip=1 chroma_qp_offset=-2 threads=4 lookahead_threads=1 sliced_threads=0 nr=0 decimate=1 interlaced=0 bluray_compat=0 constrained_intra=0 bframes=3 b_pyramid=2 b_adapt=1 b_bias=0 direct=1 weightb=1 open_gop=0 weightp=2 keyint=250 keyint_min=5 scenecut=40 intra_refresh=0 rc_lookahead=40 rc=crf mbtree=1 crf=23.0 qcomp=0.60 qpmin=0 qpmax=69 qpstep=4 ip_ratio=1.40 aq=1:1.00
Output #0, mp4, to '/Users/runner/work/comfy-gpu-ci/comfy-gpu-ci/comfy-test-logs/GeometryPack-0316/dev/macos-desktop/videos/depth_map_to_mesh/driver.mp4':
  Metadata:
    encoder         : Lavf61.7.100
  Stream #0:0: Video: h264 (avc1 / 0x31637661), yuv420p(tv, unknown/bt709/iec61966-2-1, progressive), 1024x654, q=2-31, 5 fps, 10240 tbn
      Metadata:
        encoder         : Lavc61.19.100 libx264
      Side data:
        cpb: bitrate max/min/avg: 0/0/0 buffer size: 0 vbv_delay: N/A
frame=  150 fps=0.0 q=23.0 size=       0KiB time=00:00:29.60 bitrate=   0.0kbits/s speed=45.6x    
frame=  331 fps=270 q=23.0 size=       0KiB time=00:01:06.00 bitrate=   0.0kbits/s speed=53.9x    
frame=  491 fps=284 q=23.0 size=       0KiB time=00:01:37.80 bitrate=   0.0kbits/s speed=56.6x    
frame=  666 fps=282 q=23.0 size=       0KiB time=00:02:12.80 bitrate=   0.0kbits/s speed=56.3x    
frame=  859 fps=286 q=23.0 size=       0KiB time=N/A bitrate=N/A speed=N/A    
[out#0/mp4 @ 0x6000033bc300] video:230KiB audio:0KiB subtitle:0KiB other streams:0KiB global headers:0KiB muxing overhead: 4.967088%
frame=  905 fps=297 q=-1.0 Lsize=     242KiB time=00:03:00.60 bitrate=  11.0kbits/s speed=59.3x    
[libx264 @ 0x154e06e00] frame I:5     Avg QP: 7.62  size: 37401
[libx264 @ 0x154e06e00] frame P:228   Avg QP: 6.72  size:   100
[libx264 @ 0x154e06e00] frame B:672   Avg QP: 7.78  size:    38
[libx264 @ 0x154e06e00] consecutive B-frames:  0.8%  0.7%  0.0% 98.6%
[libx264 @ 0x154e06e00] mb I  I16..4: 65.7% 10.5% 23.8%
[libx264 @ 0x154e06e00] mb P  I16..4:  0.1%  0.0%  0.0%  P16..4:  0.0%  0.0%  0.0%  0.0%  0.0%    skip:99.8%
[libx264 @ 0x154e06e00] mb B  I16..4:  0.0%  0.0%  0.0%  B16..8:  0.1%  0.0%  0.0%  direct: 0.0%  skip:99.9%  L0:42.4% L1:57.4% BI: 0.1%
[libx264 @ 0x154e06e00] 8x8 transform intra:11.0% inter:69.2%
[libx264 @ 0x154e06e00] coded y,uvDC,uvAC intra: 15.1% 15.7% 11.9% inter: 0.0% 0.0% 0.0%
[libx264 @ 0x154e06e00] i16 v,h,dc,p: 73% 24%  1%  2%
[libx264 @ 0x154e06e00] i8 v,h,dc,ddl,ddr,vr,hd,vl,hu: 57% 19% 17%  0%  2%  1%  1%  0%  1%
[libx264 @ 0x154e06e00] i4 v,h,dc,ddl,ddr,vr,hd,vl,hu: 34% 32% 19%  2%  3%  2%  3%  2%  3%
[libx264 @ 0x154e06e00] i8c dc,h,v,p: 73% 15%  9%  2%
[libx264 @ 0x154e06e00] Weighted P-Frames: Y:0.0% UV:0.0%
[libx264 @ 0x154e06e00] ref P L0: 89.3%  3.6%  7.0%  0.1%
[libx264 @ 0x154e06e00] ref B L0: 67.2% 32.6%  0.3%
[libx264 @ 0x154e06e00] ref B L1: 99.7%  0.3%
[libx264 @ 0x154e06e00] kb/s:10.40
[2772s]   videos/depth_map_to_mesh/driver.mp4 placed (frames 800..1704)
[2772s]   screenshots/depth_map_to_mesh_executed.png placed
ffmpeg version 7.1 Copyright (c) 2000-2024 the FFmpeg developers
  built with Apple clang version 13.1.6 (clang-1316.0.21.2.5)
  configuration: --prefix=/Volumes/tempdisk/sw --extra-cflags=-fno-stack-check --arch=arm64 --cc=/usr/bin/clang --enable-gpl --enable-libvmaf --enable-libopenjpeg --enable-libopus --enable-libmp3lame --enable-libx264 --enable-libx265 --enable-libvpx --enable-libwebp --enable-libass --enable-libfreetype --enable-fontconfig --enable-libtheora --enable-libvorbis --enable-libsnappy --enable-libaom --enable-libvidstab --enable-libzimg --enable-libsvtav1 --enable-libharfbuzz --enable-libkvazaar --pkg-config-flags=--static --enable-ffplay --enable-postproc --enable-neon --enable-runtime-cpudetect --disable-indev=qtkit --disable-indev=x11grab_xcb
  libavutil      59. 39.100 / 59. 39.100
  libavcodec     61. 19.100 / 61. 19.100
  libavformat    61.  7.100 / 61.  7.100
  libavdevice    61.  3.100 / 61.  3.100
  libavfilter    10.  4.100 / 10.  4.100
  libswscale      8.  3.100 /  8.  3.100
  libswresample   5.  3.100 /  5.  3.100
  libpostproc    58.  3.100 / 58.  3.100
Input #0, image2, from '/Users/runner/work/comfy-gpu-ci/comfy-gpu-ci/comfy-test-logs/GeometryPack-0316/dev/macos-desktop/debug/electron_inspect/frames/frame_%06d.png':
  Duration: 00:04:52.40, start: 0.000000, bitrate: N/A
  Stream #0:0: Video: png, rgb24(pc, gbr/bt709/iec61966-2-1), 1024x653, 5 fps, 5 tbr, 5 tbn
Stream mapping:
  Stream #0:0 -> #0:0 (png (native) -> h264 (libx264))
Press [q] to stop, [?] for help
[libx264 @ 0x14b608220] using cpu capabilities: ARMv8 NEON
[libx264 @ 0x14b608220] profile High, level 3.1, 4:2:0, 8-bit
[libx264 @ 0x14b608220] 264 - core 164 r3190 7ed753b - H.264/MPEG-4 AVC codec - Copyleft 2003-2024 - http://www.videolan.org/x264.html - options: cabac=1 ref=3 deblock=1:0:0 analyse=0x3:0x113 me=hex subme=7 psy=1 psy_rd=1.00:0.00 mixed_ref=1 me_range=16 chroma_me=1 trellis=1 8x8dct=1 cqm=0 deadzone=21,11 fast_pskip=1 chroma_qp_offset=-2 threads=4 lookahead_threads=1 sliced_threads=0 nr=0 decimate=1 interlaced=0 bluray_compat=0 constrained_intra=0 bframes=3 b_pyramid=2 b_adapt=1 b_bias=0 direct=1 weightb=1 open_gop=0 weightp=2 keyint=250 keyint_min=5 scenecut=40 intra_refresh=0 rc_lookahead=40 rc=crf mbtree=1 crf=23.0 qcomp=0.60 qpmin=0 qpmax=69 qpstep=4 ip_ratio=1.40 aq=1:1.00
Output #0, mp4, to '/Users/runner/work/comfy-gpu-ci/comfy-gpu-ci/comfy-test-logs/GeometryPack-0316/dev/macos-desktop/videos/fix_normals_all/driver.mp4':
  Metadata:
    encoder         : Lavf61.7.100
  Stream #0:0: Video: h264 (avc1 / 0x31637661), yuv420p(tv, unknown/bt709/iec61966-2-1, progressive), 1024x654, q=2-31, 5 fps, 10240 tbn
      Metadata:
        encoder         : Lavc61.19.100 libx264
      Side data:
        cpb: bitrate max/min/avg: 0/0/0 buffer size: 0 vbv_delay: N/A
[out#0/mp4 @ 0x6000037083c0] video:105KiB audio:0KiB subtitle:0KiB other streams:0KiB global headers:0KiB muxing overhead: 1.286429%
frame=   43 fps=0.0 q=-1.0 Lsize=     106KiB time=00:00:08.20 bitrate= 105.9kbits/s speed=41.6x    
[libx264 @ 0x14b608220] frame I:2     Avg QP:12.09  size: 31297
[libx264 @ 0x14b608220] frame P:12    Avg QP:13.13  size:  3114
[libx264 @ 0x14b608220] frame B:29    Avg QP:13.33  size:   226
[libx264 @ 0x14b608220] consecutive B-frames:  7.0%  9.3%  0.0% 83.7%
[libx264 @ 0x14b608220] mb I  I16..4: 54.0% 21.7% 24.2%
[libx264 @ 0x14b608220] mb P  I16..4:  1.0%  1.1%  1.2%  P16..4:  1.0%  0.4%  0.1%  0.0%  0.0%    skip:95.3%
[libx264 @ 0x14b608220] mb B  I16..4:  0.2%  0.1%  0.0%  B16..8:  1.4%  0.1%  0.0%  direct: 0.1%  skip:98.1%  L0:39.5% L1:60.0% BI: 0.5%
[libx264 @ 0x14b608220] 8x8 transform intra:23.9% inter:50.1%
[libx264 @ 0x14b608220] coded y,uvDC,uvAC intra: 17.3% 17.8% 13.6% inter: 0.3% 0.3% 0.1%
[libx264 @ 0x14b608220] i16 v,h,dc,p: 57% 38%  0%  5%
[libx264 @ 0x14b608220] i8 v,h,dc,ddl,ddr,vr,hd,vl,hu: 53% 21% 20%  0%  2%  3%  1%  0%  1%
[libx264 @ 0x14b608220] i4 v,h,dc,ddl,ddr,vr,hd,vl,hu: 33% 33% 17%  2%  3%  3%  3%  2%  3%
[libx264 @ 0x14b608220] i8c dc,h,v,p: 72% 17%  6%  5%
[libx264 @ 0x14b608220] Weighted P-Frames: Y:0.0% UV:0.0%
[libx264 @ 0x14b608220] ref P L0: 84.5%  9.6%  5.1%  0.7%
[libx264 @ 0x14b608220] ref B L0: 87.3% 11.8%  1.0%
[libx264 @ 0x14b608220] ref B L1: 94.8%  5.2%
[libx264 @ 0x14b608220] kb/s:99.08
[2772s]   videos/fix_normals_all/driver.mp4 placed (frames 1741..1783)
[2772s]   screenshots/fix_normals_all_executed.png placed
ffmpeg version 7.1 Copyright (c) 2000-2024 the FFmpeg developers
  built with Apple clang version 13.1.6 (clang-1316.0.21.2.5)
  configuration: --prefix=/Volumes/tempdisk/sw --extra-cflags=-fno-stack-check --arch=arm64 --cc=/usr/bin/clang --enable-gpl --enable-libvmaf --enable-libopenjpeg --enable-libopus --enable-libmp3lame --enable-libx264 --enable-libx265 --enable-libvpx --enable-libwebp --enable-libass --enable-libfreetype --enable-fontconfig --enable-libtheora --enable-libvorbis --enable-libsnappy --enable-libaom --enable-libvidstab --enable-libzimg --enable-libsvtav1 --enable-libharfbuzz --enable-libkvazaar --pkg-config-flags=--static --enable-ffplay --enable-postproc --enable-neon --enable-runtime-cpudetect --disable-indev=qtkit --disable-indev=x11grab_xcb
  libavutil      59. 39.100 / 59. 39.100
  libavcodec     61. 19.100 / 61. 19.100
  libavformat    61.  7.100 / 61.  7.100
  libavdevice    61.  3.100 / 61.  3.100
  libavfilter    10.  4.100 / 10.  4.100
  libswscale      8.  3.100 /  8.  3.100
  libswresample   5.  3.100 /  5.  3.100
  libpostproc    58.  3.100 / 58.  3.100
Input #0, image2, from '/Users/runner/work/comfy-gpu-ci/comfy-gpu-ci/comfy-test-logs/GeometryPack-0316/dev/macos-desktop/debug/electron_inspect/frames/frame_%06d.png':
  Duration: 00:04:37.20, start: 0.000000, bitrate: N/A
  Stream #0:0: Video: png, rgb24(pc, gbr/bt709/iec61966-2-1), 1024x653, 5 fps, 5 tbr, 5 tbn
Stream mapping:
  Stream #0:0 -> #0:0 (png (native) -> h264 (libx264))
Press [q] to stop, [?] for help
[libx264 @ 0x12af052a0] using cpu capabilities: ARMv8 NEON
[libx264 @ 0x12af052a0] profile High, level 3.1, 4:2:0, 8-bit
[libx264 @ 0x12af052a0] 264 - core 164 r3190 7ed753b - H.264/MPEG-4 AVC codec - Copyleft 2003-2024 - http://www.videolan.org/x264.html - options: cabac=1 ref=3 deblock=1:0:0 analyse=0x3:0x113 me=hex subme=7 psy=1 psy_rd=1.00:0.00 mixed_ref=1 me_range=16 chroma_me=1 trellis=1 8x8dct=1 cqm=0 deadzone=21,11 fast_pskip=1 chroma_qp_offset=-2 threads=4 lookahead_threads=1 sliced_threads=0 nr=0 decimate=1 interlaced=0 bluray_compat=0 constrained_intra=0 bframes=3 b_pyramid=2 b_adapt=1 b_bias=0 direct=1 weightb=1 open_gop=0 weightp=2 keyint=250 keyint_min=5 scenecut=40 intra_refresh=0 rc_lookahead=40 rc=crf mbtree=1 crf=23.0 qcomp=0.60 qpmin=0 qpmax=69 qpstep=4 ip_ratio=1.40 aq=1:1.00
Output #0, mp4, to '/Users/runner/work/comfy-gpu-ci/comfy-gpu-ci/comfy-test-logs/GeometryPack-0316/dev/macos-desktop/videos/fix_self_intersection/driver.mp4':
  Metadata:
    encoder         : Lavf61.7.100
  Stream #0:0: Video: h264 (avc1 / 0x31637661), yuv420p(tv, unknown/bt709/iec61966-2-1, progressive), 1024x654, q=2-31, 5 fps, 10240 tbn
      Metadata:
        encoder         : Lavc61.19.100 libx264
      Side data:
        cpb: bitrate max/min/avg: 0/0/0 buffer size: 0 vbv_delay: N/A
[out#0/mp4 @ 0x600003e94000] video:6KiB audio:0KiB subtitle:0KiB other streams:0KiB global headers:0KiB muxing overhead: 13.875839%
frame=    1 fps=0.0 q=23.0 Lsize=       7KiB time=00:00:00.20 bitrate= 271.5kbits/s speed=8.26x    
[libx264 @ 0x12af052a0] frame I:1     Avg QP:22.65  size:  5272
[libx264 @ 0x12af052a0] mb I  I16..4: 18.4% 77.2%  4.4%
[libx264 @ 0x12af052a0] 8x8 transform intra:77.2%
[libx264 @ 0x12af052a0] coded y,uvDC,uvAC intra: 2.5% 2.9% 2.8%
[libx264 @ 0x12af052a0] i16 v,h,dc,p: 65% 22% 13%  0%
[libx264 @ 0x12af052a0] i8 v,h,dc,ddl,ddr,vr,hd,vl,hu: 87%  4%  9%  0%  0%  0%  0%  0%  0%
[libx264 @ 0x12af052a0] i4 v,h,dc,ddl,ddr,vr,hd,vl,hu: 32% 28% 20%  3%  3%  2%  3%  7%  2%
[libx264 @ 0x12af052a0] i8c dc,h,v,p: 96%  3%  1%  0%
[libx264 @ 0x12af052a0] kb/s:210.88
[2772s]   videos/fix_self_intersection/driver.mp4 placed (frames 1817..1816)
[2772s]   screenshots/fix_self_intersection_executed.png placed
ffmpeg version 7.1 Copyright (c) 2000-2024 the FFmpeg developers
  built with Apple clang version 13.1.6 (clang-1316.0.21.2.5)
  configuration: --prefix=/Volumes/tempdisk/sw --extra-cflags=-fno-stack-check --arch=arm64 --cc=/usr/bin/clang --enable-gpl --enable-libvmaf --enable-libopenjpeg --enable-libopus --enable-libmp3lame --enable-libx264 --enable-libx265 --enable-libvpx --enable-libwebp --enable-libass --enable-libfreetype --enable-fontconfig --enable-libtheora --enable-libvorbis --enable-libsnappy --enable-libaom --enable-libvidstab --enable-libzimg --enable-libsvtav1 --enable-libharfbuzz --enable-libkvazaar --pkg-config-flags=--static --enable-ffplay --enable-postproc --enable-neon --enable-runtime-cpudetect --disable-indev=qtkit --disable-indev=x11grab_xcb
  libavutil      59. 39.100 / 59. 39.100
  libavcodec     61. 19.100 / 61. 19.100
  libavformat    61.  7.100 / 61.  7.100
  libavdevice    61.  3.100 / 61.  3.100
  libavfilter    10.  4.100 / 10.  4.100
  libswscale      8.  3.100 /  8.  3.100
  libswresample   5.  3.100 /  5.  3.100
  libpostproc    58.  3.100 / 58.  3.100
Input #0, image2, from '/Users/runner/work/comfy-gpu-ci/comfy-gpu-ci/comfy-test-logs/GeometryPack-0316/dev/macos-desktop/debug/electron_inspect/frames/frame_%06d.png':
  Duration: 00:04:30.40, start: 0.000000, bitrate: N/A
  Stream #0:0: Video: png, rgb24(pc, gbr/bt709/iec61966-2-1), 1024x653, 5 fps, 5 tbr, 5 tbn
Stream mapping:
  Stream #0:0 -> #0:0 (png (native) -> h264 (libx264))
Press [q] to stop, [?] for help
[libx264 @ 0x14af052a0] using cpu capabilities: ARMv8 NEON
[libx264 @ 0x14af052a0] profile High, level 3.1, 4:2:0, 8-bit
[libx264 @ 0x14af052a0] 264 - core 164 r3190 7ed753b - H.264/MPEG-4 AVC codec - Copyleft 2003-2024 - http://www.videolan.org/x264.html - options: cabac=1 ref=3 deblock=1:0:0 analyse=0x3:0x113 me=hex subme=7 psy=1 psy_rd=1.00:0.00 mixed_ref=1 me_range=16 chroma_me=1 trellis=1 8x8dct=1 cqm=0 deadzone=21,11 fast_pskip=1 chroma_qp_offset=-2 threads=4 lookahead_threads=1 sliced_threads=0 nr=0 decimate=1 interlaced=0 bluray_compat=0 constrained_intra=0 bframes=3 b_pyramid=2 b_adapt=1 b_bias=0 direct=1 weightb=1 open_gop=0 weightp=2 keyint=250 keyint_min=5 scenecut=40 intra_refresh=0 rc_lookahead=40 rc=crf mbtree=1 crf=23.0 qcomp=0.60 qpmin=0 qpmax=69 qpstep=4 ip_ratio=1.40 aq=1:1.00
Output #0, mp4, to '/Users/runner/work/comfy-gpu-ci/comfy-gpu-ci/comfy-test-logs/GeometryPack-0316/dev/macos-desktop/videos/mesh_info/driver.mp4':
  Metadata:
    encoder         : Lavf61.7.100
  Stream #0:0: Video: h264 (avc1 / 0x31637661), yuv420p(tv, unknown/bt709/iec61966-2-1, progressive), 1024x654, q=2-31, 5 fps, 10240 tbn
      Metadata:
        encoder         : Lavc61.19.100 libx264
      Side data:
        cpb: bitrate max/min/avg: 0/0/0 buffer size: 0 vbv_delay: N/A
[out#0/mp4 @ 0x6000037b8000] video:6KiB audio:0KiB subtitle:0KiB other streams:0KiB global headers:0KiB muxing overhead: 13.875839%
frame=    1 fps=0.0 q=23.0 Lsize=       7KiB time=00:00:00.20 bitrate= 271.5kbits/s speed=9.47x    
[libx264 @ 0x14af052a0] frame I:1     Avg QP:22.65  size:  5272
[libx264 @ 0x14af052a0] mb I  I16..4: 18.4% 77.2%  4.4%
[libx264 @ 0x14af052a0] 8x8 transform intra:77.2%
[libx264 @ 0x14af052a0] coded y,uvDC,uvAC intra: 2.5% 2.9% 2.8%
[libx264 @ 0x14af052a0] i16 v,h,dc,p: 65% 22% 13%  0%
[libx264 @ 0x14af052a0] i8 v,h,dc,ddl,ddr,vr,hd,vl,hu: 87%  4%  9%  0%  0%  0%  0%  0%  0%
[libx264 @ 0x14af052a0] i4 v,h,dc,ddl,ddr,vr,hd,vl,hu: 32% 28% 20%  3%  3%  2%  3%  7%  2%
[libx264 @ 0x14af052a0] i8c dc,h,v,p: 96%  3%  1%  0%
[libx264 @ 0x14af052a0] kb/s:210.88
[2772s]   videos/mesh_info/driver.mp4 placed (frames 1851..1850)
[2772s]   screenshots/mesh_info_executed.png placed
ffmpeg version 7.1 Copyright (c) 2000-2024 the FFmpeg developers
  built with Apple clang version 13.1.6 (clang-1316.0.21.2.5)
  configuration: --prefix=/Volumes/tempdisk/sw --extra-cflags=-fno-stack-check --arch=arm64 --cc=/usr/bin/clang --enable-gpl --enable-libvmaf --enable-libopenjpeg --enable-libopus --enable-libmp3lame --enable-libx264 --enable-libx265 --enable-libvpx --enable-libwebp --enable-libass --enable-libfreetype --enable-fontconfig --enable-libtheora --enable-libvorbis --enable-libsnappy --enable-libaom --enable-libvidstab --enable-libzimg --enable-libsvtav1 --enable-libharfbuzz --enable-libkvazaar --pkg-config-flags=--static --enable-ffplay --enable-postproc --enable-neon --enable-runtime-cpudetect --disable-indev=qtkit --disable-indev=x11grab_xcb
  libavutil      59. 39.100 / 59. 39.100
  libavcodec     61. 19.100 / 61. 19.100
  libavformat    61.  7.100 / 61.  7.100
  libavdevice    61.  3.100 / 61.  3.100
  libavfilter    10.  4.100 / 10.  4.100
  libswscale      8.  3.100 /  8.  3.100
  libswresample   5.  3.100 /  5.  3.100
  libpostproc    58.  3.100 / 58.  3.100
Input #0, image2, from '/Users/runner/work/comfy-gpu-ci/comfy-gpu-ci/comfy-test-logs/GeometryPack-0316/dev/macos-desktop/debug/electron_inspect/frames/frame_%06d.png':
  Duration: 00:04:23.80, start: 0.000000, bitrate: N/A
  Stream #0:0: Video: png, rgb24(pc, gbr/bt709/iec61966-2-1), 1024x653, 5 fps, 5 tbr, 5 tbn
Stream mapping:
  Stream #0:0 -> #0:0 (png (native) -> h264 (libx264))
Press [q] to stop, [?] for help
[libx264 @ 0x126608220] using cpu capabilities: ARMv8 NEON
[libx264 @ 0x126608220] profile High, level 3.1, 4:2:0, 8-bit
[libx264 @ 0x126608220] 264 - core 164 r3190 7ed753b - H.264/MPEG-4 AVC codec - Copyleft 2003-2024 - http://www.videolan.org/x264.html - options: cabac=1 ref=3 deblock=1:0:0 analyse=0x3:0x113 me=hex subme=7 psy=1 psy_rd=1.00:0.00 mixed_ref=1 me_range=16 chroma_me=1 trellis=1 8x8dct=1 cqm=0 deadzone=21,11 fast_pskip=1 chroma_qp_offset=-2 threads=4 lookahead_threads=1 sliced_threads=0 nr=0 decimate=1 interlaced=0 bluray_compat=0 constrained_intra=0 bframes=3 b_pyramid=2 b_adapt=1 b_bias=0 direct=1 weightb=1 open_gop=0 weightp=2 keyint=250 keyint_min=5 scenecut=40 intra_refresh=0 rc_lookahead=40 rc=crf mbtree=1 crf=23.0 qcomp=0.60 qpmin=0 qpmax=69 qpstep=4 ip_ratio=1.40 aq=1:1.00
Output #0, mp4, to '/Users/runner/work/comfy-gpu-ci/comfy-gpu-ci/comfy-test-logs/GeometryPack-0316/dev/macos-desktop/videos/mesh_mesh_distance/driver.mp4':
  Metadata:
    encoder         : Lavf61.7.100
  Stream #0:0: Video: h264 (avc1 / 0x31637661), yuv420p(tv, unknown/bt709/iec61966-2-1, progressive), 1024x654, q=2-31, 5 fps, 10240 tbn
      Metadata:
        encoder         : Lavc61.19.100 libx264
      Side data:
        cpb: bitrate max/min/avg: 0/0/0 buffer size: 0 vbv_delay: N/A
[out#0/mp4 @ 0x6000028483c0] video:135KiB audio:0KiB subtitle:0KiB other streams:0KiB global headers:0KiB muxing overhead: 1.091085%
frame=   56 fps=0.0 q=-1.0 Lsize=     137KiB time=00:00:10.80 bitrate= 103.7kbits/s speed=37.5x    
[libx264 @ 0x126608220] frame I:2     Avg QP:12.11  size: 45898
[libx264 @ 0x126608220] frame P:15    Avg QP:15.78  size:  2634
[libx264 @ 0x126608220] frame B:39    Avg QP:15.36  size:   166
[libx264 @ 0x126608220] consecutive B-frames:  7.1%  0.0%  0.0% 92.9%
[libx264 @ 0x126608220] mb I  I16..4: 44.6% 23.1% 32.3%
[libx264 @ 0x126608220] mb P  I16..4:  2.1%  0.9%  1.3%  P16..4:  1.7%  0.3%  0.2%  0.0%  0.0%    skip:93.5%
[libx264 @ 0x126608220] mb B  I16..4:  0.0%  0.0%  0.0%  B16..8:  2.4%  0.2%  0.0%  direct: 0.0%  skip:97.3%  L0:44.8% L1:55.0% BI: 0.1%
[libx264 @ 0x126608220] 8x8 transform intra:22.6% inter:36.6%
[libx264 @ 0x126608220] coded y,uvDC,uvAC intra: 34.1% 20.4% 14.7% inter: 0.2% 0.3% 0.1%
[libx264 @ 0x126608220] i16 v,h,dc,p: 50% 45%  0%  5%
[libx264 @ 0x126608220] i8 v,h,dc,ddl,ddr,vr,hd,vl,hu: 47% 20% 27%  0%  2%  2%  1%  0%  1%
[libx264 @ 0x126608220] i4 v,h,dc,ddl,ddr,vr,hd,vl,hu: 38% 34% 14%  2%  2%  2%  3%  2%  3%
[libx264 @ 0x126608220] i8c dc,h,v,p: 69% 19%  8%  5%
[libx264 @ 0x126608220] Weighted P-Frames: Y:0.0% UV:0.0%
[libx264 @ 0x126608220] ref P L0: 78.6%  3.0% 12.6%  5.7%
[libx264 @ 0x126608220] ref B L0: 72.0% 25.7%  2.2%
[libx264 @ 0x126608220] ref B L1: 88.6% 11.4%
[libx264 @ 0x126608220] kb/s:98.43
[2773s]   videos/mesh_mesh_distance/driver.mp4 placed (frames 1884..1939)
[2773s]   screenshots/mesh_mesh_distance_executed.png placed
ffmpeg version 7.1 Copyright (c) 2000-2024 the FFmpeg developers
  built with Apple clang version 13.1.6 (clang-1316.0.21.2.5)
  configuration: --prefix=/Volumes/tempdisk/sw --extra-cflags=-fno-stack-check --arch=arm64 --cc=/usr/bin/clang --enable-gpl --enable-libvmaf --enable-libopenjpeg --enable-libopus --enable-libmp3lame --enable-libx264 --enable-libx265 --enable-libvpx --enable-libwebp --enable-libass --enable-libfreetype --enable-fontconfig --enable-libtheora --enable-libvorbis --enable-libsnappy --enable-libaom --enable-libvidstab --enable-libzimg --enable-libsvtav1 --enable-libharfbuzz --enable-libkvazaar --pkg-config-flags=--static --enable-ffplay --enable-postproc --enable-neon --enable-runtime-cpudetect --disable-indev=qtkit --disable-indev=x11grab_xcb
  libavutil      59. 39.100 / 59. 39.100
  libavcodec     61. 19.100 / 61. 19.100
  libavformat    61.  7.100 / 61.  7.100
  libavdevice    61.  3.100 / 61.  3.100
  libavfilter    10.  4.100 / 10.  4.100
  libswscale      8.  3.100 /  8.  3.100
  libswresample   5.  3.100 /  5.  3.100
  libpostproc    58.  3.100 / 58.  3.100
Input #0, image2, from '/Users/runner/work/comfy-gpu-ci/comfy-gpu-ci/comfy-test-logs/GeometryPack-0316/dev/macos-desktop/debug/electron_inspect/frames/frame_%06d.png':
  Duration: 00:04:05.00, start: 0.000000, bitrate: N/A
  Stream #0:0: Video: png, rgb24(pc, gbr/bt709/iec61966-2-1), 1024x656, 5 fps, 5 tbr, 5 tbn
Stream mapping:
  Stream #0:0 -> #0:0 (png (native) -> h264 (libx264))
Press [q] to stop, [?] for help
[libx264 @ 0x1387050f0] using cpu capabilities: ARMv8 NEON
[libx264 @ 0x1387050f0] profile High, level 3.1, 4:2:0, 8-bit
[libx264 @ 0x1387050f0] 264 - core 164 r3190 7ed753b - H.264/MPEG-4 AVC codec - Copyleft 2003-2024 - http://www.videolan.org/x264.html - options: cabac=1 ref=3 deblock=1:0:0 analyse=0x3:0x113 me=hex subme=7 psy=1 psy_rd=1.00:0.00 mixed_ref=1 me_range=16 chroma_me=1 trellis=1 8x8dct=1 cqm=0 deadzone=21,11 fast_pskip=1 chroma_qp_offset=-2 threads=4 lookahead_threads=1 sliced_threads=0 nr=0 decimate=1 interlaced=0 bluray_compat=0 constrained_intra=0 bframes=3 b_pyramid=2 b_adapt=1 b_bias=0 direct=1 weightb=1 open_gop=0 weightp=2 keyint=250 keyint_min=5 scenecut=40 intra_refresh=0 rc_lookahead=40 rc=crf mbtree=1 crf=23.0 qcomp=0.60 qpmin=0 qpmax=69 qpstep=4 ip_ratio=1.40 aq=1:1.00
Output #0, mp4, to '/Users/runner/work/comfy-gpu-ci/comfy-gpu-ci/comfy-test-logs/GeometryPack-0316/dev/macos-desktop/videos/normals/driver.mp4':
  Metadata:
    encoder         : Lavf61.7.100
  Stream #0:0: Video: h264 (avc1 / 0x31637661), yuv420p(tv, unknown/bt709/iec61966-2-1, progressive), 1024x656, q=2-31, 5 fps, 10240 tbn
      Metadata:
        encoder         : Lavc61.19.100 libx264
      Side data:
        cpb: bitrate max/min/avg: 0/0/0 buffer size: 0 vbv_delay: N/A
[out#0/mp4 @ 0x600000a14000] video:82KiB audio:0KiB subtitle:0KiB other streams:0KiB global headers:0KiB muxing overhead: 1.626007%
frame=   43 fps=0.0 q=-1.0 Lsize=      84KiB time=00:00:08.20 bitrate=  83.5kbits/s speed=37.7x    
[libx264 @ 0x1387050f0] frame I:2     Avg QP:11.10  size: 28392
[libx264 @ 0x1387050f0] frame P:11    Avg QP:13.95  size:  1931
[libx264 @ 0x1387050f0] frame B:30    Avg QP:12.00  size:   183
[libx264 @ 0x1387050f0] consecutive B-frames:  4.7%  4.7%  7.0% 83.7%
[libx264 @ 0x1387050f0] mb I  I16..4: 57.2% 19.9% 22.9%
[libx264 @ 0x1387050f0] mb P  I16..4:  1.1%  0.7%  1.0%  P16..4:  1.4%  0.4%  0.1%  0.0%  0.0%    skip:95.3%
[libx264 @ 0x1387050f0] mb B  I16..4:  0.2%  0.1%  0.0%  B16..8:  1.6%  0.1%  0.0%  direct: 0.1%  skip:97.9%  L0:53.6% L1:46.2% BI: 0.2%
[libx264 @ 0x1387050f0] 8x8 transform intra:21.1% inter:61.8%
[libx264 @ 0x1387050f0] coded y,uvDC,uvAC intra: 16.5% 15.4% 11.7% inter: 0.2% 0.3% 0.1%
[libx264 @ 0x1387050f0] i16 v,h,dc,p: 65% 30%  0%  5%
[libx264 @ 0x1387050f0] i8 v,h,dc,ddl,ddr,vr,hd,vl,hu: 49% 22% 22%  0%  2%  2%  1%  0%  1%
[libx264 @ 0x1387050f0] i4 v,h,dc,ddl,ddr,vr,hd,vl,hu: 33% 32% 20%  2%  3%  3%  3%  2%  3%
[libx264 @ 0x1387050f0] i8c dc,h,v,p: 74% 14%  7%  5%
[libx264 @ 0x1387050f0] Weighted P-Frames: Y:0.0% UV:0.0%
[libx264 @ 0x1387050f0] ref P L0: 79.1%  0.7% 18.9%  1.2%
[libx264 @ 0x1387050f0] ref B L0: 92.6%  7.1%  0.3%
[libx264 @ 0x1387050f0] ref B L1: 98.3%  1.7%
[libx264 @ 0x1387050f0] kb/s:77.68
[2773s]   videos/normals/driver.mp4 placed (frames 1978..2020)
[2773s]   screenshots/normals_executed.png placed
ffmpeg version 7.1 Copyright (c) 2000-2024 the FFmpeg developers
  built with Apple clang version 13.1.6 (clang-1316.0.21.2.5)
  configuration: --prefix=/Volumes/tempdisk/sw --extra-cflags=-fno-stack-check --arch=arm64 --cc=/usr/bin/clang --enable-gpl --enable-libvmaf --enable-libopenjpeg --enable-libopus --enable-libmp3lame --enable-libx264 --enable-libx265 --enable-libvpx --enable-libwebp --enable-libass --enable-libfreetype --enable-fontconfig --enable-libtheora --enable-libvorbis --enable-libsnappy --enable-libaom --enable-libvidstab --enable-libzimg --enable-libsvtav1 --enable-libharfbuzz --enable-libkvazaar --pkg-config-flags=--static --enable-ffplay --enable-postproc --enable-neon --enable-runtime-cpudetect --disable-indev=qtkit --disable-indev=x11grab_xcb
  libavutil      59. 39.100 / 59. 39.100
  libavcodec     61. 19.100 / 61. 19.100
  libavformat    61.  7.100 / 61.  7.100
  libavdevice    61.  3.100 / 61.  3.100
  libavfilter    10.  4.100 / 10.  4.100
  libswscale      8.  3.100 /  8.  3.100
  libswresample   5.  3.100 /  5.  3.100
  libpostproc    58.  3.100 / 58.  3.100
Input #0, image2, from '/Users/runner/work/comfy-gpu-ci/comfy-gpu-ci/comfy-test-logs/GeometryPack-0316/dev/macos-desktop/debug/electron_inspect/frames/frame_%06d.png':
  Duration: 00:03:48.40, start: 0.000000, bitrate: N/A
  Stream #0:0: Video: png, rgb24(pc, gbr/bt709/iec61966-2-1), 1024x656, 5 fps, 5 tbr, 5 tbn
Stream mapping:
  Stream #0:0 -> #0:0 (png (native) -> h264 (libx264))
Press [q] to stop, [?] for help
[libx264 @ 0x126f05100] using cpu capabilities: ARMv8 NEON
[libx264 @ 0x126f05100] profile High, level 3.1, 4:2:0, 8-bit
[libx264 @ 0x126f05100] 264 - core 164 r3190 7ed753b - H.264/MPEG-4 AVC codec - Copyleft 2003-2024 - http://www.videolan.org/x264.html - options: cabac=1 ref=3 deblock=1:0:0 analyse=0x3:0x113 me=hex subme=7 psy=1 psy_rd=1.00:0.00 mixed_ref=1 me_range=16 chroma_me=1 trellis=1 8x8dct=1 cqm=0 deadzone=21,11 fast_pskip=1 chroma_qp_offset=-2 threads=4 lookahead_threads=1 sliced_threads=0 nr=0 decimate=1 interlaced=0 bluray_compat=0 constrained_intra=0 bframes=3 b_pyramid=2 b_adapt=1 b_bias=0 direct=1 weightb=1 open_gop=0 weightp=2 keyint=250 keyint_min=5 scenecut=40 intra_refresh=0 rc_lookahead=40 rc=crf mbtree=1 crf=23.0 qcomp=0.60 qpmin=0 qpmax=69 qpstep=4 ip_ratio=1.40 aq=1:1.00
Output #0, mp4, to '/Users/runner/work/comfy-gpu-ci/comfy-gpu-ci/comfy-test-logs/GeometryPack-0316/dev/macos-desktop/videos/point_mesh_distance/driver.mp4':
  Metadata:
    encoder         : Lavf61.7.100
  Stream #0:0: Video: h264 (avc1 / 0x31637661), yuv420p(tv, unknown/bt709/iec61966-2-1, progressive), 1024x656, q=2-31, 5 fps, 10240 tbn
      Metadata:
        encoder         : Lavc61.19.100 libx264
      Side data:
        cpb: bitrate max/min/avg: 0/0/0 buffer size: 0 vbv_delay: N/A
[out#0/mp4 @ 0x600003db4000] video:91KiB audio:0KiB subtitle:0KiB other streams:0KiB global headers:0KiB muxing overhead: 1.408300%
frame=   38 fps=0.0 q=-1.0 Lsize=      93KiB time=00:00:07.20 bitrate= 105.4kbits/s speed=44.4x    
[libx264 @ 0x126f05100] frame I:2     Avg QP:11.75  size: 32412
[libx264 @ 0x126f05100] frame P:11    Avg QP:14.70  size:  2193
[libx264 @ 0x126f05100] frame B:25    Avg QP:11.23  size:   155
[libx264 @ 0x126f05100] consecutive B-frames: 10.5%  5.3%  0.0% 84.2%
[libx264 @ 0x126f05100] mb I  I16..4: 53.3% 21.9% 24.8%
[libx264 @ 0x126f05100] mb P  I16..4:  1.1%  0.8%  1.0%  P16..4:  1.7%  0.4%  0.3%  0.0%  0.0%    skip:94.7%
[libx264 @ 0x126f05100] mb B  I16..4:  0.2%  0.1%  0.0%  B16..8:  1.5%  0.1%  0.0%  direct: 0.1%  skip:97.9%  L0:40.2% L1:59.1% BI: 0.7%
[libx264 @ 0x126f05100] 8x8 transform intra:23.2% inter:55.5%
[libx264 @ 0x126f05100] coded y,uvDC,uvAC intra: 17.5% 17.5% 13.5% inter: 0.3% 0.4% 0.1%
[libx264 @ 0x126f05100] i16 v,h,dc,p: 60% 34%  1%  5%
[libx264 @ 0x126f05100] i8 v,h,dc,ddl,ddr,vr,hd,vl,hu: 50% 20% 24%  0%  3%  1%  1%  0%  1%
[libx264 @ 0x126f05100] i4 v,h,dc,ddl,ddr,vr,hd,vl,hu: 35% 33% 17%  2%  3%  3%  3%  2%  3%
[libx264 @ 0x126f05100] i8c dc,h,v,p: 72% 16%  7%  5%
[libx264 @ 0x126f05100] Weighted P-Frames: Y:0.0% UV:0.0%
[libx264 @ 0x126f05100] ref P L0: 69.0%  4.4% 18.7%  7.8%
[libx264 @ 0x126f05100] ref B L0: 83.3% 14.6%  2.1%
[libx264 @ 0x126f05100] ref B L1: 97.3%  2.7%
[libx264 @ 0x126f05100] kb/s:97.71
[2773s]   videos/point_mesh_distance/driver.mp4 placed (frames 2061..2098)
[2773s]   screenshots/point_mesh_distance_executed.png placed
ffmpeg version 7.1 Copyright (c) 2000-2024 the FFmpeg developers
  built with Apple clang version 13.1.6 (clang-1316.0.21.2.5)
  configuration: --prefix=/Volumes/tempdisk/sw --extra-cflags=-fno-stack-check --arch=arm64 --cc=/usr/bin/clang --enable-gpl --enable-libvmaf --enable-libopenjpeg --enable-libopus --enable-libmp3lame --enable-libx264 --enable-libx265 --enable-libvpx --enable-libwebp --enable-libass --enable-libfreetype --enable-fontconfig --enable-libtheora --enable-libvorbis --enable-libsnappy --enable-libaom --enable-libvidstab --enable-libzimg --enable-libsvtav1 --enable-libharfbuzz --enable-libkvazaar --pkg-config-flags=--static --enable-ffplay --enable-postproc --enable-neon --enable-runtime-cpudetect --disable-indev=qtkit --disable-indev=x11grab_xcb
  libavutil      59. 39.100 / 59. 39.100
  libavcodec     61. 19.100 / 61. 19.100
  libavformat    61.  7.100 / 61.  7.100
  libavdevice    61.  3.100 / 61.  3.100
  libavfilter    10.  4.100 / 10.  4.100
  libswscale      8.  3.100 /  8.  3.100
  libswresample   5.  3.100 /  5.  3.100
  libpostproc    58.  3.100 / 58.  3.100
Input #0, image2, from '/Users/runner/work/comfy-gpu-ci/comfy-gpu-ci/comfy-test-logs/GeometryPack-0316/dev/macos-desktop/debug/electron_inspect/frames/frame_%06d.png':
  Duration: 00:03:33.40, start: 0.000000, bitrate: N/A
  Stream #0:0: Video: png, rgb24(pc, gbr/bt709/iec61966-2-1), 1024x653, 5 fps, 5 tbr, 5 tbn
Stream mapping:
  Stream #0:0 -> #0:0 (png (native) -> h264 (libx264))
Press [q] to stop, [?] for help
[libx264 @ 0x14e7062f0] using cpu capabilities: ARMv8 NEON
[libx264 @ 0x14e7062f0] profile High, level 3.1, 4:2:0, 8-bit
[libx264 @ 0x14e7062f0] 264 - core 164 r3190 7ed753b - H.264/MPEG-4 AVC codec - Copyleft 2003-2024 - http://www.videolan.org/x264.html - options: cabac=1 ref=3 deblock=1:0:0 analyse=0x3:0x113 me=hex subme=7 psy=1 psy_rd=1.00:0.00 mixed_ref=1 me_range=16 chroma_me=1 trellis=1 8x8dct=1 cqm=0 deadzone=21,11 fast_pskip=1 chroma_qp_offset=-2 threads=4 lookahead_threads=1 sliced_threads=0 nr=0 decimate=1 interlaced=0 bluray_compat=0 constrained_intra=0 bframes=3 b_pyramid=2 b_adapt=1 b_bias=0 direct=1 weightb=1 open_gop=0 weightp=2 keyint=250 keyint_min=5 scenecut=40 intra_refresh=0 rc_lookahead=40 rc=crf mbtree=1 crf=23.0 qcomp=0.60 qpmin=0 qpmax=69 qpstep=4 ip_ratio=1.40 aq=1:1.00
Output #0, mp4, to '/Users/runner/work/comfy-gpu-ci/comfy-gpu-ci/comfy-test-logs/GeometryPack-0316/dev/macos-desktop/videos/preview_mesh_threejs/driver.mp4':
  Metadata:
    encoder         : Lavf61.7.100
  Stream #0:0: Video: h264 (avc1 / 0x31637661), yuv420p(tv, unknown/bt709/iec61966-2-1, progressive), 1024x654, q=2-31, 5 fps, 10240 tbn
      Metadata:
        encoder         : Lavc61.19.100 libx264
      Side data:
        cpb: bitrate max/min/avg: 0/0/0 buffer size: 0 vbv_delay: N/A
[out#0/mp4 @ 0x600002788000] video:85KiB audio:0KiB subtitle:0KiB other streams:0KiB global headers:0KiB muxing overhead: 1.511442%
frame=   39 fps=0.0 q=-1.0 Lsize=      86KiB time=00:00:07.40 bitrate=  95.5kbits/s speed=34.2x    
[libx264 @ 0x14e7062f0] frame I:2     Avg QP:13.20  size: 35083
[libx264 @ 0x14e7062f0] frame P:10    Avg QP:13.45  size:  1390
[libx264 @ 0x14e7062f0] frame B:27    Avg QP:13.96  size:    83
[libx264 @ 0x14e7062f0] consecutive B-frames:  7.7%  0.0%  0.0% 92.3%
[libx264 @ 0x14e7062f0] mb I  I16..4: 41.2% 32.6% 26.2%
[libx264 @ 0x14e7062f0] mb P  I16..4:  1.3%  1.0%  0.9%  P16..4:  1.5%  0.2%  0.1%  0.0%  0.0%    skip:95.1%
[libx264 @ 0x14e7062f0] mb B  I16..4:  0.0%  0.0%  0.0%  B16..8:  1.5%  0.1%  0.0%  direct: 0.0%  skip:98.4%  L0:51.8% L1:48.2% BI: 0.0%
[libx264 @ 0x14e7062f0] 8x8 transform intra:32.4% inter:53.6%
[libx264 @ 0x14e7062f0] coded y,uvDC,uvAC intra: 31.7% 14.8% 10.7% inter: 0.1% 0.2% 0.0%
[libx264 @ 0x14e7062f0] i16 v,h,dc,p: 47% 45%  1%  7%
[libx264 @ 0x14e7062f0] i8 v,h,dc,ddl,ddr,vr,hd,vl,hu: 56% 18% 21%  0%  1%  1%  1%  0%  1%
[libx264 @ 0x14e7062f0] i4 v,h,dc,ddl,ddr,vr,hd,vl,hu: 39% 29% 18%  2%  3%  2%  4%  1%  3%
[libx264 @ 0x14e7062f0] i8c dc,h,v,p: 76% 13%  7%  5%
[libx264 @ 0x14e7062f0] Weighted P-Frames: Y:0.0% UV:0.0%
[libx264 @ 0x14e7062f0] ref P L0: 84.7%  1.1%  9.4%  4.8%
[libx264 @ 0x14e7062f0] ref B L0: 73.6% 20.7%  5.7%
[libx264 @ 0x14e7062f0] ref B L1: 94.8%  5.2%
[libx264 @ 0x14e7062f0] kb/s:88.53
[2773s]   videos/preview_mesh_threejs/driver.mp4 placed (frames 2136..2174)
[2773s]   screenshots/preview_mesh_threejs_executed.png placed
ffmpeg version 7.1 Copyright (c) 2000-2024 the FFmpeg developers
  built with Apple clang version 13.1.6 (clang-1316.0.21.2.5)
  configuration: --prefix=/Volumes/tempdisk/sw --extra-cflags=-fno-stack-check --arch=arm64 --cc=/usr/bin/clang --enable-gpl --enable-libvmaf --enable-libopenjpeg --enable-libopus --enable-libmp3lame --enable-libx264 --enable-libx265 --enable-libvpx --enable-libwebp --enable-libass --enable-libfreetype --enable-fontconfig --enable-libtheora --enable-libvorbis --enable-libsnappy --enable-libaom --enable-libvidstab --enable-libzimg --enable-libsvtav1 --enable-libharfbuzz --enable-libkvazaar --pkg-config-flags=--static --enable-ffplay --enable-postproc --enable-neon --enable-runtime-cpudetect --disable-indev=qtkit --disable-indev=x11grab_xcb
  libavutil      59. 39.100 / 59. 39.100
  libavcodec     61. 19.100 / 61. 19.100
  libavformat    61.  7.100 / 61.  7.100
  libavdevice    61.  3.100 / 61.  3.100
  libavfilter    10.  4.100 / 10.  4.100
  libswscale      8.  3.100 /  8.  3.100
  libswresample   5.  3.100 /  5.  3.100
  libpostproc    58.  3.100 / 58.  3.100
Input #0, image2, from '/Users/runner/work/comfy-gpu-ci/comfy-gpu-ci/comfy-test-logs/GeometryPack-0316/dev/macos-desktop/debug/electron_inspect/frames/frame_%06d.png':
  Duration: 00:03:19.40, start: 0.000000, bitrate: N/A
  Stream #0:0: Video: png, rgb24(pc, gbr/bt709/iec61966-2-1), 1024x653, 5 fps, 5 tbr, 5 tbn
Stream mapping:
  Stream #0:0 -> #0:0 (png (native) -> h264 (libx264))
Press [q] to stop, [?] for help
[libx264 @ 0x139e07460] using cpu capabilities: ARMv8 NEON
[libx264 @ 0x139e07460] profile High, level 3.1, 4:2:0, 8-bit
[libx264 @ 0x139e07460] 264 - core 164 r3190 7ed753b - H.264/MPEG-4 AVC codec - Copyleft 2003-2024 - http://www.videolan.org/x264.html - options: cabac=1 ref=3 deblock=1:0:0 analyse=0x3:0x113 me=hex subme=7 psy=1 psy_rd=1.00:0.00 mixed_ref=1 me_range=16 chroma_me=1 trellis=1 8x8dct=1 cqm=0 deadzone=21,11 fast_pskip=1 chroma_qp_offset=-2 threads=4 lookahead_threads=1 sliced_threads=0 nr=0 decimate=1 interlaced=0 bluray_compat=0 constrained_intra=0 bframes=3 b_pyramid=2 b_adapt=1 b_bias=0 direct=1 weightb=1 open_gop=0 weightp=2 keyint=250 keyint_min=5 scenecut=40 intra_refresh=0 rc_lookahead=40 rc=crf mbtree=1 crf=23.0 qcomp=0.60 qpmin=0 qpmax=69 qpstep=4 ip_ratio=1.40 aq=1:1.00
Output #0, mp4, to '/Users/runner/work/comfy-gpu-ci/comfy-gpu-ci/comfy-test-logs/GeometryPack-0316/dev/macos-desktop/videos/reconstruct_all/driver.mp4':
  Metadata:
    encoder         : Lavf61.7.100
  Stream #0:0: Video: h264 (avc1 / 0x31637661), yuv420p(tv, unknown/bt709/iec61966-2-1, progressive), 1024x654, q=2-31, 5 fps, 10240 tbn
      Metadata:
        encoder         : Lavc61.19.100 libx264
      Side data:
        cpb: bitrate max/min/avg: 0/0/0 buffer size: 0 vbv_delay: N/A
[out#0/mp4 @ 0x60000252c3c0] video:8KiB audio:0KiB subtitle:0KiB other streams:0KiB global headers:0KiB muxing overhead: 10.712435%
frame=    1 fps=0.0 q=23.0 Lsize=       8KiB time=00:00:00.20 bitrate= 341.9kbits/s speed=9.08x    
[libx264 @ 0x139e07460] frame I:1     Avg QP:17.73  size:  7032
[libx264 @ 0x139e07460] mb I  I16..4: 43.8% 50.3%  5.9%
[libx264 @ 0x139e07460] 8x8 transform intra:50.3%
[libx264 @ 0x139e07460] coded y,uvDC,uvAC intra: 3.5% 2.9% 2.7%
[libx264 @ 0x139e07460] i16 v,h,dc,p: 82% 12%  6%  0%
[libx264 @ 0x139e07460] i8 v,h,dc,ddl,ddr,vr,hd,vl,hu: 82%  4% 14%  0%  0%  0%  0%  0%  0%
[libx264 @ 0x139e07460] i4 v,h,dc,ddl,ddr,vr,hd,vl,hu: 30% 25% 22%  3%  3%  3%  3%  7%  3%
[libx264 @ 0x139e07460] i8c dc,h,v,p: 96%  3%  1%  0%
[libx264 @ 0x139e07460] kb/s:281.28
[2773s]   videos/reconstruct_all/driver.mp4 placed (frames 2206..2205)
[2773s]   screenshots/reconstruct_all_executed.png placed
ffmpeg version 7.1 Copyright (c) 2000-2024 the FFmpeg developers
  built with Apple clang version 13.1.6 (clang-1316.0.21.2.5)
  configuration: --prefix=/Volumes/tempdisk/sw --extra-cflags=-fno-stack-check --arch=arm64 --cc=/usr/bin/clang --enable-gpl --enable-libvmaf --enable-libopenjpeg --enable-libopus --enable-libmp3lame --enable-libx264 --enable-libx265 --enable-libvpx --enable-libwebp --enable-libass --enable-libfreetype --enable-fontconfig --enable-libtheora --enable-libvorbis --enable-libsnappy --enable-libaom --enable-libvidstab --enable-libzimg --enable-libsvtav1 --enable-libharfbuzz --enable-libkvazaar --pkg-config-flags=--static --enable-ffplay --enable-postproc --enable-neon --enable-runtime-cpudetect --disable-indev=qtkit --disable-indev=x11grab_xcb
  libavutil      59. 39.100 / 59. 39.100
  libavcodec     61. 19.100 / 61. 19.100
  libavformat    61.  7.100 / 61.  7.100
  libavdevice    61.  3.100 / 61.  3.100
  libavfilter    10.  4.100 / 10.  4.100
  libswscale      8.  3.100 /  8.  3.100
  libswresample   5.  3.100 /  5.  3.100
  libpostproc    58.  3.100 / 58.  3.100
Input #0, image2, from '/Users/runner/work/comfy-gpu-ci/comfy-gpu-ci/comfy-test-logs/GeometryPack-0316/dev/macos-desktop/debug/electron_inspect/frames/frame_%06d.png':
  Duration: 00:03:13.60, start: 0.000000, bitrate: N/A
  Stream #0:0: Video: png, rgb24(pc, gbr/bt709/iec61966-2-1), 1024x653, 5 fps, 5 tbr, 5 tbn
Stream mapping:
  Stream #0:0 -> #0:0 (png (native) -> h264 (libx264))
Press [q] to stop, [?] for help
[libx264 @ 0x1297052a0] using cpu capabilities: ARMv8 NEON
[libx264 @ 0x1297052a0] profile High, level 3.1, 4:2:0, 8-bit
[libx264 @ 0x1297052a0] 264 - core 164 r3190 7ed753b - H.264/MPEG-4 AVC codec - Copyleft 2003-2024 - http://www.videolan.org/x264.html - options: cabac=1 ref=3 deblock=1:0:0 analyse=0x3:0x113 me=hex subme=7 psy=1 psy_rd=1.00:0.00 mixed_ref=1 me_range=16 chroma_me=1 trellis=1 8x8dct=1 cqm=0 deadzone=21,11 fast_pskip=1 chroma_qp_offset=-2 threads=4 lookahead_threads=1 sliced_threads=0 nr=0 decimate=1 interlaced=0 bluray_compat=0 constrained_intra=0 bframes=3 b_pyramid=2 b_adapt=1 b_bias=0 direct=1 weightb=1 open_gop=0 weightp=2 keyint=250 keyint_min=5 scenecut=40 intra_refresh=0 rc_lookahead=40 rc=crf mbtree=1 crf=23.0 qcomp=0.60 qpmin=0 qpmax=69 qpstep=4 ip_ratio=1.40 aq=1:1.00
Output #0, mp4, to '/Users/runner/work/comfy-gpu-ci/comfy-gpu-ci/comfy-test-logs/GeometryPack-0316/dev/macos-desktop/videos/refine_mesh/driver.mp4':
  Metadata:
    encoder         : Lavf61.7.100
  Stream #0:0: Video: h264 (avc1 / 0x31637661), yuv420p(tv, unknown/bt709/iec61966-2-1, progressive), 1024x654, q=2-31, 5 fps, 10240 tbn
      Metadata:
        encoder         : Lavc61.19.100 libx264
      Side data:
        cpb: bitrate max/min/avg: 0/0/0 buffer size: 0 vbv_delay: N/A
[out#0/mp4 @ 0x600000c00000] video:90KiB audio:0KiB subtitle:0KiB other streams:0KiB global headers:0KiB muxing overhead: 1.451500%
frame=   42 fps=0.0 q=-1.0 Lsize=      92KiB time=00:00:08.00 bitrate=  93.9kbits/s speed=36.6x    
[libx264 @ 0x1297052a0] frame I:2     Avg QP:12.12  size: 28252
[libx264 @ 0x1297052a0] frame P:12    Avg QP:13.79  size:  2688
[libx264 @ 0x1297052a0] frame B:28    Avg QP:13.02  size:   110
[libx264 @ 0x1297052a0] consecutive B-frames:  7.1%  9.5%  7.1% 76.2%
[libx264 @ 0x1297052a0] mb I  I16..4: 58.4% 19.3% 22.3%
[libx264 @ 0x1297052a0] mb P  I16..4:  2.1%  1.5%  1.2%  P16..4:  1.2%  0.4%  0.1%  0.0%  0.0%    skip:93.5%
[libx264 @ 0x1297052a0] mb B  I16..4:  0.1%  0.0%  0.0%  B16..8:  1.1%  0.0%  0.0%  direct: 0.0%  skip:98.7%  L0:41.1% L1:58.6% BI: 0.3%
[libx264 @ 0x1297052a0] 8x8 transform intra:21.7% inter:48.6%
[libx264 @ 0x1297052a0] coded y,uvDC,uvAC intra: 16.8% 16.6% 11.2% inter: 0.2% 0.2% 0.1%
[libx264 @ 0x1297052a0] i16 v,h,dc,p: 56% 38%  0%  6%
[libx264 @ 0x1297052a0] i8 v,h,dc,ddl,ddr,vr,hd,vl,hu: 56% 14% 24%  0%  2%  1%  2%  0%  1%
[libx264 @ 0x1297052a0] i4 v,h,dc,ddl,ddr,vr,hd,vl,hu: 35% 30% 19%  2%  3%  3%  3%  2%  3%
[libx264 @ 0x1297052a0] i8c dc,h,v,p: 72% 16%  7%  5%
[libx264 @ 0x1297052a0] Weighted P-Frames: Y:0.0% UV:0.0%
[libx264 @ 0x1297052a0] ref P L0: 76.8%  5.9% 16.8%  0.5%
[libx264 @ 0x1297052a0] ref B L0: 69.1% 30.0%  0.8%
[libx264 @ 0x1297052a0] ref B L1: 98.2%  1.8%
[libx264 @ 0x1297052a0] kb/s:87.46
[2774s]   videos/refine_mesh/driver.mp4 placed (frames 2235..2276)
[2774s]   screenshots/refine_mesh_executed.png placed
ffmpeg version 7.1 Copyright (c) 2000-2024 the FFmpeg developers
  built with Apple clang version 13.1.6 (clang-1316.0.21.2.5)
  configuration: --prefix=/Volumes/tempdisk/sw --extra-cflags=-fno-stack-check --arch=arm64 --cc=/usr/bin/clang --enable-gpl --enable-libvmaf --enable-libopenjpeg --enable-libopus --enable-libmp3lame --enable-libx264 --enable-libx265 --enable-libvpx --enable-libwebp --enable-libass --enable-libfreetype --enable-fontconfig --enable-libtheora --enable-libvorbis --enable-libsnappy --enable-libaom --enable-libvidstab --enable-libzimg --enable-libsvtav1 --enable-libharfbuzz --enable-libkvazaar --pkg-config-flags=--static --enable-ffplay --enable-postproc --enable-neon --enable-runtime-cpudetect --disable-indev=qtkit --disable-indev=x11grab_xcb
  libavutil      59. 39.100 / 59. 39.100
  libavcodec     61. 19.100 / 61. 19.100
  libavformat    61.  7.100 / 61.  7.100
  libavdevice    61.  3.100 / 61.  3.100
  libavfilter    10.  4.100 / 10.  4.100
  libswscale      8.  3.100 /  8.  3.100
  libswresample   5.  3.100 /  5.  3.100
  libpostproc    58.  3.100 / 58.  3.100
Input #0, image2, from '/Users/runner/work/comfy-gpu-ci/comfy-gpu-ci/comfy-test-logs/GeometryPack-0316/dev/macos-desktop/debug/electron_inspect/frames/frame_%06d.png':
  Duration: 00:02:58.20, start: 0.000000, bitrate: N/A
  Stream #0:0: Video: png, rgb24(pc, gbr/bt709/iec61966-2-1), 1024x653, 5 fps, 5 tbr, 5 tbn
Stream mapping:
  Stream #0:0 -> #0:0 (png (native) -> h264 (libx264))
Press [q] to stop, [?] for help
[libx264 @ 0x125005100] using cpu capabilities: ARMv8 NEON
[libx264 @ 0x125005100] profile High, level 3.1, 4:2:0, 8-bit
[libx264 @ 0x125005100] 264 - core 164 r3190 7ed753b - H.264/MPEG-4 AVC codec - Copyleft 2003-2024 - http://www.videolan.org/x264.html - options: cabac=1 ref=3 deblock=1:0:0 analyse=0x3:0x113 me=hex subme=7 psy=1 psy_rd=1.00:0.00 mixed_ref=1 me_range=16 chroma_me=1 trellis=1 8x8dct=1 cqm=0 deadzone=21,11 fast_pskip=1 chroma_qp_offset=-2 threads=4 lookahead_threads=1 sliced_threads=0 nr=0 decimate=1 interlaced=0 bluray_compat=0 constrained_intra=0 bframes=3 b_pyramid=2 b_adapt=1 b_bias=0 direct=1 weightb=1 open_gop=0 weightp=2 keyint=250 keyint_min=5 scenecut=40 intra_refresh=0 rc_lookahead=40 rc=crf mbtree=1 crf=23.0 qcomp=0.60 qpmin=0 qpmax=69 qpstep=4 ip_ratio=1.40 aq=1:1.00
Output #0, mp4, to '/Users/runner/work/comfy-gpu-ci/comfy-gpu-ci/comfy-test-logs/GeometryPack-0316/dev/macos-desktop/videos/remesh_intersections/driver.mp4':
  Metadata:
    encoder         : Lavf61.7.100
  Stream #0:0: Video: h264 (avc1 / 0x31637661), yuv420p(tv, unknown/bt709/iec61966-2-1, progressive), 1024x654, q=2-31, 5 fps, 10240 tbn
      Metadata:
        encoder         : Lavc61.19.100 libx264
      Side data:
        cpb: bitrate max/min/avg: 0/0/0 buffer size: 0 vbv_delay: N/A
[out#0/mp4 @ 0x6000001ec000] video:102KiB audio:0KiB subtitle:0KiB other streams:0KiB global headers:0KiB muxing overhead: 1.380356%
frame=   50 fps=0.0 q=-1.0 Lsize=     104KiB time=00:00:09.60 bitrate=  88.6kbits/s speed=46.1x    
[libx264 @ 0x125005100] frame I:2     Avg QP:12.31  size: 29748
[libx264 @ 0x125005100] frame P:14    Avg QP:14.81  size:  2832
[libx264 @ 0x125005100] frame B:34    Avg QP:14.31  size:   147
[libx264 @ 0x125005100] consecutive B-frames:  8.0%  4.0%  0.0% 88.0%
[libx264 @ 0x125005100] mb I  I16..4: 55.6% 21.2% 23.2%
[libx264 @ 0x125005100] mb P  I16..4:  1.2%  0.5%  1.2%  P16..4:  1.2%  0.2%  0.1%  0.0%  0.0%    skip:95.6%
[libx264 @ 0x125005100] mb B  I16..4:  0.1%  0.0%  0.0%  B16..8:  1.2%  0.1%  0.0%  direct: 0.0%  skip:98.6%  L0:38.8% L1:61.0% BI: 0.2%
[libx264 @ 0x125005100] 8x8 transform intra:20.4% inter:40.5%
[libx264 @ 0x125005100] coded y,uvDC,uvAC intra: 17.9% 18.6% 14.4% inter: 0.1% 0.2% 0.1%
[libx264 @ 0x125005100] i16 v,h,dc,p: 58% 37%  0%  4%
[libx264 @ 0x125005100] i8 v,h,dc,ddl,ddr,vr,hd,vl,hu: 55% 21% 19%  0%  2%  1%  1%  0%  1%
[libx264 @ 0x125005100] i4 v,h,dc,ddl,ddr,vr,hd,vl,hu: 32% 31% 18%  3%  3%  3%  4%  2%  4%
[libx264 @ 0x125005100] i8c dc,h,v,p: 72% 16%  7%  4%
[libx264 @ 0x125005100] Weighted P-Frames: Y:0.0% UV:0.0%
[libx264 @ 0x125005100] ref P L0: 75.8%  1.2% 22.5%  0.5%
[libx264 @ 0x125005100] ref B L0: 87.3% 11.8%  0.9%
[libx264 @ 0x125005100] ref B L1: 96.6%  3.4%
[libx264 @ 0x125005100] kb/s:83.31
[2774s]   videos/remesh_intersections/driver.mp4 placed (frames 2312..2361)
[2774s]   screenshots/remesh_intersections_executed.png placed
ffmpeg version 7.1 Copyright (c) 2000-2024 the FFmpeg developers
  built with Apple clang version 13.1.6 (clang-1316.0.21.2.5)
  configuration: --prefix=/Volumes/tempdisk/sw --extra-cflags=-fno-stack-check --arch=arm64 --cc=/usr/bin/clang --enable-gpl --enable-libvmaf --enable-libopenjpeg --enable-libopus --enable-libmp3lame --enable-libx264 --enable-libx265 --enable-libvpx --enable-libwebp --enable-libass --enable-libfreetype --enable-fontconfig --enable-libtheora --enable-libvorbis --enable-libsnappy --enable-libaom --enable-libvidstab --enable-libzimg --enable-libsvtav1 --enable-libharfbuzz --enable-libkvazaar --pkg-config-flags=--static --enable-ffplay --enable-postproc --enable-neon --enable-runtime-cpudetect --disable-indev=qtkit --disable-indev=x11grab_xcb
  libavutil      59. 39.100 / 59. 39.100
  libavcodec     61. 19.100 / 61. 19.100
  libavformat    61.  7.100 / 61.  7.100
  libavdevice    61.  3.100 / 61.  3.100
  libavfilter    10.  4.100 / 10.  4.100
  libswscale      8.  3.100 /  8.  3.100
  libswresample   5.  3.100 /  5.  3.100
  libpostproc    58.  3.100 / 58.  3.100
Input #0, image2, from '/Users/runner/work/comfy-gpu-ci/comfy-gpu-ci/comfy-test-logs/GeometryPack-0316/dev/macos-desktop/debug/electron_inspect/frames/frame_%06d.png':
  Duration: 00:02:40.40, start: 0.000000, bitrate: N/A
  Stream #0:0: Video: png, rgb24(pc, gbr/bt709/iec61966-2-1), 1024x656, 5 fps, 5 tbr, 5 tbn
Stream mapping:
  Stream #0:0 -> #0:0 (png (native) -> h264 (libx264))
Press [q] to stop, [?] for help
[libx264 @ 0x127706e40] using cpu capabilities: ARMv8 NEON
[libx264 @ 0x127706e40] profile High, level 3.1, 4:2:0, 8-bit
[libx264 @ 0x127706e40] 264 - core 164 r3190 7ed753b - H.264/MPEG-4 AVC codec - Copyleft 2003-2024 - http://www.videolan.org/x264.html - options: cabac=1 ref=3 deblock=1:0:0 analyse=0x3:0x113 me=hex subme=7 psy=1 psy_rd=1.00:0.00 mixed_ref=1 me_range=16 chroma_me=1 trellis=1 8x8dct=1 cqm=0 deadzone=21,11 fast_pskip=1 chroma_qp_offset=-2 threads=4 lookahead_threads=1 sliced_threads=0 nr=0 decimate=1 interlaced=0 bluray_compat=0 constrained_intra=0 bframes=3 b_pyramid=2 b_adapt=1 b_bias=0 direct=1 weightb=1 open_gop=0 weightp=2 keyint=250 keyint_min=5 scenecut=40 intra_refresh=0 rc_lookahead=40 rc=crf mbtree=1 crf=23.0 qcomp=0.60 qpmin=0 qpmax=69 qpstep=4 ip_ratio=1.40 aq=1:1.00
Output #0, mp4, to '/Users/runner/work/comfy-gpu-ci/comfy-gpu-ci/comfy-test-logs/GeometryPack-0316/dev/macos-desktop/videos/remeshing/driver.mp4':
  Metadata:
    encoder         : Lavf61.7.100
  Stream #0:0: Video: h264 (avc1 / 0x31637661), yuv420p(tv, unknown/bt709/iec61966-2-1, progressive), 1024x656, q=2-31, 5 fps, 10240 tbn
      Metadata:
        encoder         : Lavc61.19.100 libx264
      Side data:
        cpb: bitrate max/min/avg: 0/0/0 buffer size: 0 vbv_delay: N/A
[out#0/mp4 @ 0x600000f0c0c0] video:120KiB audio:0KiB subtitle:0KiB other streams:0KiB global headers:0KiB muxing overhead: 1.480350%
frame=   82 fps=0.0 q=-1.0 Lsize=     121KiB time=00:00:16.00 bitrate=  62.1kbits/s speed=50.7x    
[libx264 @ 0x127706e40] frame I:2     Avg QP:12.13  size: 27890
[libx264 @ 0x127706e40] frame P:22    Avg QP:13.26  size:  2825
[libx264 @ 0x127706e40] frame B:58    Avg QP:14.42  size:    66
[libx264 @ 0x127706e40] consecutive B-frames:  4.9%  0.0%  7.3% 87.8%
[libx264 @ 0x127706e40] mb I  I16..4: 56.3% 20.7% 23.0%
[libx264 @ 0x127706e40] mb P  I16..4:  1.0%  0.9%  0.8%  P16..4:  1.1%  0.3%  0.1%  0.0%  0.0%    skip:95.9%
[libx264 @ 0x127706e40] mb B  I16..4:  0.0%  0.0%  0.0%  B16..8:  0.9%  0.0%  0.0%  direct: 0.0%  skip:99.0%  L0:44.1% L1:55.6% BI: 0.2%
[libx264 @ 0x127706e40] 8x8 transform intra:23.4% inter:44.8%
[libx264 @ 0x127706e40] coded y,uvDC,uvAC intra: 17.8% 17.6% 13.9% inter: 0.1% 0.2% 0.1%
[libx264 @ 0x127706e40] i16 v,h,dc,p: 63% 33%  1%  4%
[libx264 @ 0x127706e40] i8 v,h,dc,ddl,ddr,vr,hd,vl,hu: 60% 16% 17%  1%  2%  2%  1%  1%  1%
[libx264 @ 0x127706e40] i4 v,h,dc,ddl,ddr,vr,hd,vl,hu: 33% 32% 18%  2%  3%  3%  4%  2%  3%
[libx264 @ 0x127706e40] i8c dc,h,v,p: 73% 15%  8%  5%
[libx264 @ 0x127706e40] Weighted P-Frames: Y:0.0% UV:0.0%
[libx264 @ 0x127706e40] ref P L0: 78.2%  3.9% 15.1%  2.8%
[libx264 @ 0x127706e40] ref B L0: 80.9% 18.3%  0.8%
[libx264 @ 0x127706e40] ref B L1: 99.4%  0.6%
[libx264 @ 0x127706e40] kb/s:59.41
[2774s]   videos/remeshing/driver.mp4 placed (frames 2401..2482)
[2774s]   screenshots/remeshing_executed.png placed
ffmpeg version 7.1 Copyright (c) 2000-2024 the FFmpeg developers
  built with Apple clang version 13.1.6 (clang-1316.0.21.2.5)
  configuration: --prefix=/Volumes/tempdisk/sw --extra-cflags=-fno-stack-check --arch=arm64 --cc=/usr/bin/clang --enable-gpl --enable-libvmaf --enable-libopenjpeg --enable-libopus --enable-libmp3lame --enable-libx264 --enable-libx265 --enable-libvpx --enable-libwebp --enable-libass --enable-libfreetype --enable-fontconfig --enable-libtheora --enable-libvorbis --enable-libsnappy --enable-libaom --enable-libvidstab --enable-libzimg --enable-libsvtav1 --enable-libharfbuzz --enable-libkvazaar --pkg-config-flags=--static --enable-ffplay --enable-postproc --enable-neon --enable-runtime-cpudetect --disable-indev=qtkit --disable-indev=x11grab_xcb
  libavutil      59. 39.100 / 59. 39.100
  libavcodec     61. 19.100 / 61. 19.100
  libavformat    61.  7.100 / 61.  7.100
  libavdevice    61.  3.100 / 61.  3.100
  libavfilter    10.  4.100 / 10.  4.100
  libswscale      8.  3.100 /  8.  3.100
  libswresample   5.  3.100 /  5.  3.100
  libpostproc    58.  3.100 / 58.  3.100
Input #0, image2, from '/Users/runner/work/comfy-gpu-ci/comfy-gpu-ci/comfy-test-logs/GeometryPack-0316/dev/macos-desktop/debug/electron_inspect/frames/frame_%06d.png':
  Duration: 00:02:15.80, start: 0.000000, bitrate: N/A
  Stream #0:0: Video: png, rgb24(pc, gbr/bt709/iec61966-2-1), 1024x653, 5 fps, 5 tbr, 5 tbn
Stream mapping:
  Stream #0:0 -> #0:0 (png (native) -> h264 (libx264))
Press [q] to stop, [?] for help
[libx264 @ 0x129e076b0] using cpu capabilities: ARMv8 NEON
[libx264 @ 0x129e076b0] profile High, level 3.1, 4:2:0, 8-bit
[libx264 @ 0x129e076b0] 264 - core 164 r3190 7ed753b - H.264/MPEG-4 AVC codec - Copyleft 2003-2024 - http://www.videolan.org/x264.html - options: cabac=1 ref=3 deblock=1:0:0 analyse=0x3:0x113 me=hex subme=7 psy=1 psy_rd=1.00:0.00 mixed_ref=1 me_range=16 chroma_me=1 trellis=1 8x8dct=1 cqm=0 deadzone=21,11 fast_pskip=1 chroma_qp_offset=-2 threads=4 lookahead_threads=1 sliced_threads=0 nr=0 decimate=1 interlaced=0 bluray_compat=0 constrained_intra=0 bframes=3 b_pyramid=2 b_adapt=1 b_bias=0 direct=1 weightb=1 open_gop=0 weightp=2 keyint=250 keyint_min=5 scenecut=40 intra_refresh=0 rc_lookahead=40 rc=crf mbtree=1 crf=23.0 qcomp=0.60 qpmin=0 qpmax=69 qpstep=4 ip_ratio=1.40 aq=1:1.00
Output #0, mp4, to '/Users/runner/work/comfy-gpu-ci/comfy-gpu-ci/comfy-test-logs/GeometryPack-0316/dev/macos-desktop/videos/sMOOth/driver.mp4':
  Metadata:
    encoder         : Lavf61.7.100
  Stream #0:0: Video: h264 (avc1 / 0x31637661), yuv420p(tv, unknown/bt709/iec61966-2-1, progressive), 1024x654, q=2-31, 5 fps, 10240 tbn
      Metadata:
        encoder         : Lavc61.19.100 libx264
      Side data:
        cpb: bitrate max/min/avg: 0/0/0 buffer size: 0 vbv_delay: N/A
[out#0/mp4 @ 0x6000029343c0] video:118KiB audio:0KiB subtitle:0KiB other streams:0KiB global headers:0KiB muxing overhead: 1.189050%
frame=   50 fps=0.0 q=-1.0 Lsize=     120KiB time=00:00:09.60 bitrate= 102.0kbits/s speed=36.5x    
[libx264 @ 0x129e076b0] frame I:2     Avg QP:13.36  size: 30585
[libx264 @ 0x129e076b0] frame P:13    Avg QP:12.64  size:  4119
[libx264 @ 0x129e076b0] frame B:35    Avg QP:14.07  size:   160
[libx264 @ 0x129e076b0] consecutive B-frames:  6.0%  0.0%  6.0% 88.0%
[libx264 @ 0x129e076b0] mb I  I16..4: 52.9% 22.7% 24.4%
[libx264 @ 0x129e076b0] mb P  I16..4:  2.0%  0.6%  1.3%  P16..4:  2.1%  0.4%  0.1%  0.0%  0.0%    skip:93.4%
[libx264 @ 0x129e076b0] mb B  I16..4:  0.0%  0.0%  0.0%  B16..8:  4.1%  0.2%  0.0%  direct: 0.0%  skip:95.7%  L0:60.8% L1:39.1% BI: 0.1%
[libx264 @ 0x129e076b0] 8x8 transform intra:21.2% inter:68.0%
[libx264 @ 0x129e076b0] coded y,uvDC,uvAC intra: 24.4% 17.5% 13.3% inter: 0.2% 0.3% 0.1%
[libx264 @ 0x129e076b0] i16 v,h,dc,p: 53% 42%  1%  4%
[libx264 @ 0x129e076b0] i8 v,h,dc,ddl,ddr,vr,hd,vl,hu: 51% 18% 24%  1%  2%  1%  1%  0%  1%
[libx264 @ 0x129e076b0] i4 v,h,dc,ddl,ddr,vr,hd,vl,hu: 34% 31% 17%  2%  3%  3%  4%  3%  3%
[libx264 @ 0x129e076b0] i8c dc,h,v,p: 73% 15%  7%  5%
[libx264 @ 0x129e076b0] Weighted P-Frames: Y:0.0% UV:0.0%
[libx264 @ 0x129e076b0] ref P L0: 78.3%  4.6% 15.6%  1.6%
[libx264 @ 0x129e076b0] ref B L0: 55.6% 44.2%  0.2%
[libx264 @ 0x129e076b0] ref B L1: 98.2%  1.8%
[libx264 @ 0x129e076b0] kb/s:96.27
[2774s]   videos/sMOOth/driver.mp4 placed (frames 2524..2573)
[2774s]   screenshots/sMOOth_executed.png placed
ffmpeg version 7.1 Copyright (c) 2000-2024 the FFmpeg developers
  built with Apple clang version 13.1.6 (clang-1316.0.21.2.5)
  configuration: --prefix=/Volumes/tempdisk/sw --extra-cflags=-fno-stack-check --arch=arm64 --cc=/usr/bin/clang --enable-gpl --enable-libvmaf --enable-libopenjpeg --enable-libopus --enable-libmp3lame --enable-libx264 --enable-libx265 --enable-libvpx --enable-libwebp --enable-libass --enable-libfreetype --enable-fontconfig --enable-libtheora --enable-libvorbis --enable-libsnappy --enable-libaom --enable-libvidstab --enable-libzimg --enable-libsvtav1 --enable-libharfbuzz --enable-libkvazaar --pkg-config-flags=--static --enable-ffplay --enable-postproc --enable-neon --enable-runtime-cpudetect --disable-indev=qtkit --disable-indev=x11grab_xcb
  libavutil      59. 39.100 / 59. 39.100
  libavcodec     61. 19.100 / 61. 19.100
  libavformat    61.  7.100 / 61.  7.100
  libavdevice    61.  3.100 / 61.  3.100
  libavfilter    10.  4.100 / 10.  4.100
  libswscale      8.  3.100 /  8.  3.100
  libswresample   5.  3.100 /  5.  3.100
  libpostproc    58.  3.100 / 58.  3.100
Input #0, image2, from '/Users/runner/work/comfy-gpu-ci/comfy-gpu-ci/comfy-test-logs/GeometryPack-0316/dev/macos-desktop/debug/electron_inspect/frames/frame_%06d.png':
  Duration: 00:01:58.60, start: 0.000000, bitrate: N/A
  Stream #0:0: Video: png, rgb24(pc, gbr/bt709/iec61966-2-1), 1024x653, 5 fps, 5 tbr, 5 tbn
Stream mapping:
  Stream #0:0 -> #0:0 (png (native) -> h264 (libx264))
Press [q] to stop, [?] for help
[libx264 @ 0x13bf05ce0] using cpu capabilities: ARMv8 NEON
[libx264 @ 0x13bf05ce0] profile High, level 3.1, 4:2:0, 8-bit
[libx264 @ 0x13bf05ce0] 264 - core 164 r3190 7ed753b - H.264/MPEG-4 AVC codec - Copyleft 2003-2024 - http://www.videolan.org/x264.html - options: cabac=1 ref=3 deblock=1:0:0 analyse=0x3:0x113 me=hex subme=7 psy=1 psy_rd=1.00:0.00 mixed_ref=1 me_range=16 chroma_me=1 trellis=1 8x8dct=1 cqm=0 deadzone=21,11 fast_pskip=1 chroma_qp_offset=-2 threads=4 lookahead_threads=1 sliced_threads=0 nr=0 decimate=1 interlaced=0 bluray_compat=0 constrained_intra=0 bframes=3 b_pyramid=2 b_adapt=1 b_bias=0 direct=1 weightb=1 open_gop=0 weightp=2 keyint=250 keyint_min=5 scenecut=40 intra_refresh=0 rc_lookahead=40 rc=crf mbtree=1 crf=23.0 qcomp=0.60 qpmin=0 qpmax=69 qpstep=4 ip_ratio=1.40 aq=1:1.00
Output #0, mp4, to '/Users/runner/work/comfy-gpu-ci/comfy-gpu-ci/comfy-test-logs/GeometryPack-0316/dev/macos-desktop/videos/sharpen_all/driver.mp4':
  Metadata:
    encoder         : Lavf61.7.100
  Stream #0:0: Video: h264 (avc1 / 0x31637661), yuv420p(tv, unknown/bt709/iec61966-2-1, progressive), 1024x654, q=2-31, 5 fps, 10240 tbn
      Metadata:
        encoder         : Lavc61.19.100 libx264
      Side data:
        cpb: bitrate max/min/avg: 0/0/0 buffer size: 0 vbv_delay: N/A
[out#0/mp4 @ 0x600002cec000] video:6KiB audio:0KiB subtitle:0KiB other streams:0KiB global headers:0KiB muxing overhead: 13.910849%
frame=    1 fps=0.0 q=23.0 Lsize=       7KiB time=00:00:00.20 bitrate= 270.9kbits/s speed=9.45x    
[libx264 @ 0x13bf05ce0] frame I:1     Avg QP:22.66  size:  5257
[libx264 @ 0x13bf05ce0] mb I  I16..4: 16.6% 79.0%  4.4%
[libx264 @ 0x13bf05ce0] 8x8 transform intra:79.0%
[libx264 @ 0x13bf05ce0] coded y,uvDC,uvAC intra: 2.6% 2.9% 2.7%
[libx264 @ 0x13bf05ce0] i16 v,h,dc,p: 57% 28% 15%  0%
[libx264 @ 0x13bf05ce0] i8 v,h,dc,ddl,ddr,vr,hd,vl,hu: 89%  3%  8%  0%  0%  0%  0%  0%  0%
[libx264 @ 0x13bf05ce0] i4 v,h,dc,ddl,ddr,vr,hd,vl,hu: 37% 27% 16%  3%  3%  2%  3%  7%  2%
[libx264 @ 0x13bf05ce0] i8c dc,h,v,p: 96%  3%  1%  0%
[libx264 @ 0x13bf05ce0] kb/s:210.28
[2774s]   videos/sharpen_all/driver.mp4 placed (frames 2610..2609)
[2774s]   screenshots/sharpen_all_executed.png placed
ffmpeg version 7.1 Copyright (c) 2000-2024 the FFmpeg developers
  built with Apple clang version 13.1.6 (clang-1316.0.21.2.5)
  configuration: --prefix=/Volumes/tempdisk/sw --extra-cflags=-fno-stack-check --arch=arm64 --cc=/usr/bin/clang --enable-gpl --enable-libvmaf --enable-libopenjpeg --enable-libopus --enable-libmp3lame --enable-libx264 --enable-libx265 --enable-libvpx --enable-libwebp --enable-libass --enable-libfreetype --enable-fontconfig --enable-libtheora --enable-libvorbis --enable-libsnappy --enable-libaom --enable-libvidstab --enable-libzimg --enable-libsvtav1 --enable-libharfbuzz --enable-libkvazaar --pkg-config-flags=--static --enable-ffplay --enable-postproc --enable-neon --enable-runtime-cpudetect --disable-indev=qtkit --disable-indev=x11grab_xcb
  libavutil      59. 39.100 / 59. 39.100
  libavcodec     61. 19.100 / 61. 19.100
  libavformat    61.  7.100 / 61.  7.100
  libavdevice    61.  3.100 / 61.  3.100
  libavfilter    10.  4.100 / 10.  4.100
  libswscale      8.  3.100 /  8.  3.100
  libswresample   5.  3.100 /  5.  3.100
  libpostproc    58.  3.100 / 58.  3.100
Input #0, image2, from '/Users/runner/work/comfy-gpu-ci/comfy-gpu-ci/comfy-test-logs/GeometryPack-0316/dev/macos-desktop/debug/electron_inspect/frames/frame_%06d.png':
  Duration: 00:01:51.40, start: 0.000000, bitrate: N/A
  Stream #0:0: Video: png, rgb24(pc, gbr/bt709/iec61966-2-1), 1024x653, 5 fps, 5 tbr, 5 tbn
Stream mapping:
  Stream #0:0 -> #0:0 (png (native) -> h264 (libx264))
Press [q] to stop, [?] for help
[libx264 @ 0x1347052a0] using cpu capabilities: ARMv8 NEON
[libx264 @ 0x1347052a0] profile High, level 3.1, 4:2:0, 8-bit
[libx264 @ 0x1347052a0] 264 - core 164 r3190 7ed753b - H.264/MPEG-4 AVC codec - Copyleft 2003-2024 - http://www.videolan.org/x264.html - options: cabac=1 ref=3 deblock=1:0:0 analyse=0x3:0x113 me=hex subme=7 psy=1 psy_rd=1.00:0.00 mixed_ref=1 me_range=16 chroma_me=1 trellis=1 8x8dct=1 cqm=0 deadzone=21,11 fast_pskip=1 chroma_qp_offset=-2 threads=4 lookahead_threads=1 sliced_threads=0 nr=0 decimate=1 interlaced=0 bluray_compat=0 constrained_intra=0 bframes=3 b_pyramid=2 b_adapt=1 b_bias=0 direct=1 weightb=1 open_gop=0 weightp=2 keyint=250 keyint_min=5 scenecut=40 intra_refresh=0 rc_lookahead=40 rc=crf mbtree=1 crf=23.0 qcomp=0.60 qpmin=0 qpmax=69 qpstep=4 ip_ratio=1.40 aq=1:1.00
Output #0, mp4, to '/Users/runner/work/comfy-gpu-ci/comfy-gpu-ci/comfy-test-logs/GeometryPack-0316/dev/macos-desktop/videos/side_by_side_viewer/driver.mp4':
  Metadata:
    encoder         : Lavf61.7.100
  Stream #0:0: Video: h264 (avc1 / 0x31637661), yuv420p(tv, unknown/bt709/iec61966-2-1, progressive), 1024x654, q=2-31, 5 fps, 10240 tbn
      Metadata:
        encoder         : Lavc61.19.100 libx264
      Side data:
        cpb: bitrate max/min/avg: 0/0/0 buffer size: 0 vbv_delay: N/A
[out#0/mp4 @ 0x600003eb4000] video:6KiB audio:0KiB subtitle:0KiB other streams:0KiB global headers:0KiB muxing overhead: 13.857239%
frame=    1 fps=0.0 q=23.0 Lsize=       7KiB time=00:00:00.20 bitrate= 271.8kbits/s speed=9.46x    
[libx264 @ 0x1347052a0] frame I:1     Avg QP:22.66  size:  5280
[libx264 @ 0x1347052a0] mb I  I16..4: 16.4% 78.9%  4.7%
[libx264 @ 0x1347052a0] 8x8 transform intra:78.9%
[libx264 @ 0x1347052a0] coded y,uvDC,uvAC intra: 2.5% 2.9% 2.8%
[libx264 @ 0x1347052a0] i16 v,h,dc,p: 57% 28% 15%  0%
[libx264 @ 0x1347052a0] i8 v,h,dc,ddl,ddr,vr,hd,vl,hu: 89%  4%  8%  0%  0%  0%  0%  0%  0%
[libx264 @ 0x1347052a0] i4 v,h,dc,ddl,ddr,vr,hd,vl,hu: 36% 29% 16%  3%  3%  2%  2%  7%  2%
[libx264 @ 0x1347052a0] i8c dc,h,v,p: 97%  3%  1%  0%
[libx264 @ 0x1347052a0] kb/s:211.20
[2775s]   videos/side_by_side_viewer/driver.mp4 placed (frames 2646..2645)
[2775s]   screenshots/side_by_side_viewer_executed.png placed
ffmpeg version 7.1 Copyright (c) 2000-2024 the FFmpeg developers
  built with Apple clang version 13.1.6 (clang-1316.0.21.2.5)
  configuration: --prefix=/Volumes/tempdisk/sw --extra-cflags=-fno-stack-check --arch=arm64 --cc=/usr/bin/clang --enable-gpl --enable-libvmaf --enable-libopenjpeg --enable-libopus --enable-libmp3lame --enable-libx264 --enable-libx265 --enable-libvpx --enable-libwebp --enable-libass --enable-libfreetype --enable-fontconfig --enable-libtheora --enable-libvorbis --enable-libsnappy --enable-libaom --enable-libvidstab --enable-libzimg --enable-libsvtav1 --enable-libharfbuzz --enable-libkvazaar --pkg-config-flags=--static --enable-ffplay --enable-postproc --enable-neon --enable-runtime-cpudetect --disable-indev=qtkit --disable-indev=x11grab_xcb
  libavutil      59. 39.100 / 59. 39.100
  libavcodec     61. 19.100 / 61. 19.100
  libavformat    61.  7.100 / 61.  7.100
  libavdevice    61.  3.100 / 61.  3.100
  libavfilter    10.  4.100 / 10.  4.100
  libswscale      8.  3.100 /  8.  3.100
  libswresample   5.  3.100 /  5.  3.100
  libpostproc    58.  3.100 / 58.  3.100
Input #0, image2, from '/Users/runner/work/comfy-gpu-ci/comfy-gpu-ci/comfy-test-logs/GeometryPack-0316/dev/macos-desktop/debug/electron_inspect/frames/frame_%06d.png':
  Duration: 00:01:44.80, start: 0.000000, bitrate: N/A
  Stream #0:0: Video: png, rgb24(pc, gbr/bt709/iec61966-2-1), 1024x653, 5 fps, 5 tbr, 5 tbn
Stream mapping:
  Stream #0:0 -> #0:0 (png (native) -> h264 (libx264))
Press [q] to stop, [?] for help
[libx264 @ 0x11c706140] using cpu capabilities: ARMv8 NEON
[libx264 @ 0x11c706140] profile High, level 3.1, 4:2:0, 8-bit
[libx264 @ 0x11c706140] 264 - core 164 r3190 7ed753b - H.264/MPEG-4 AVC codec - Copyleft 2003-2024 - http://www.videolan.org/x264.html - options: cabac=1 ref=3 deblock=1:0:0 analyse=0x3:0x113 me=hex subme=7 psy=1 psy_rd=1.00:0.00 mixed_ref=1 me_range=16 chroma_me=1 trellis=1 8x8dct=1 cqm=0 deadzone=21,11 fast_pskip=1 chroma_qp_offset=-2 threads=4 lookahead_threads=1 sliced_threads=0 nr=0 decimate=1 interlaced=0 bluray_compat=0 constrained_intra=0 bframes=3 b_pyramid=2 b_adapt=1 b_bias=0 direct=1 weightb=1 open_gop=0 weightp=2 keyint=250 keyint_min=5 scenecut=40 intra_refresh=0 rc_lookahead=40 rc=crf mbtree=1 crf=23.0 qcomp=0.60 qpmin=0 qpmax=69 qpstep=4 ip_ratio=1.40 aq=1:1.00
Output #0, mp4, to '/Users/runner/work/comfy-gpu-ci/comfy-gpu-ci/comfy-test-logs/GeometryPack-0316/dev/macos-desktop/videos/skeleton_all/driver.mp4':
  Metadata:
    encoder         : Lavf61.7.100
  Stream #0:0: Video: h264 (avc1 / 0x31637661), yuv420p(tv, unknown/bt709/iec61966-2-1, progressive), 1024x654, q=2-31, 5 fps, 10240 tbn
      Metadata:
        encoder         : Lavc61.19.100 libx264
      Side data:
        cpb: bitrate max/min/avg: 0/0/0 buffer size: 0 vbv_delay: N/A
[out#0/mp4 @ 0x600001ca8000] video:111KiB audio:0KiB subtitle:0KiB other streams:0KiB global headers:0KiB muxing overhead: 1.489553%
frame=   69 fps=0.0 q=-1.0 Lsize=     113KiB time=00:00:13.40 bitrate=  68.8kbits/s speed=51.2x    
[libx264 @ 0x11c706140] frame I:2     Avg QP:11.87  size: 37999
[libx264 @ 0x11c706140] frame P:18    Avg QP:13.80  size:  1856
[libx264 @ 0x11c706140] frame B:49    Avg QP:14.55  size:    70
[libx264 @ 0x11c706140] consecutive B-frames:  4.3%  2.9%  0.0% 92.8%
[libx264 @ 0x11c706140] mb I  I16..4: 53.6% 18.7% 27.7%
[libx264 @ 0x11c706140] mb P  I16..4:  1.2%  0.3%  0.9%  P16..4:  1.1%  0.2%  0.2%  0.0%  0.0%    skip:96.2%
[libx264 @ 0x11c706140] mb B  I16..4:  0.0%  0.0%  0.0%  B16..8:  1.0%  0.0%  0.0%  direct: 0.0%  skip:98.9%  L0:47.2% L1:52.7% BI: 0.1%
[libx264 @ 0x11c706140] 8x8 transform intra:17.5% inter:52.8%
[libx264 @ 0x11c706140] coded y,uvDC,uvAC intra: 19.9% 19.7% 15.4% inter: 0.1% 0.2% 0.1%
[libx264 @ 0x11c706140] i16 v,h,dc,p: 59% 37%  0%  4%
[libx264 @ 0x11c706140] i8 v,h,dc,ddl,ddr,vr,hd,vl,hu: 57% 13% 22%  0%  3%  2%  2%  0%  1%
[libx264 @ 0x11c706140] i4 v,h,dc,ddl,ddr,vr,hd,vl,hu: 31% 36% 18%  2%  3%  2%  3%  2%  4%
[libx264 @ 0x11c706140] i8c dc,h,v,p: 70% 17%  8%  5%
[libx264 @ 0x11c706140] Weighted P-Frames: Y:0.0% UV:0.0%
[libx264 @ 0x11c706140] ref P L0: 84.6%  6.5%  8.2%  0.7%
[libx264 @ 0x11c706140] ref B L0: 75.6% 22.9%  1.4%
[libx264 @ 0x11c706140] ref B L1: 95.3%  4.7%
[libx264 @ 0x11c706140] kb/s:65.41
[2775s]   videos/skeleton_all/driver.mp4 placed (frames 2679..2747)
[2775s]   screenshots/skeleton_all_executed.png placed
ffmpeg version 7.1 Copyright (c) 2000-2024 the FFmpeg developers
  built with Apple clang version 13.1.6 (clang-1316.0.21.2.5)
  configuration: --prefix=/Volumes/tempdisk/sw --extra-cflags=-fno-stack-check --arch=arm64 --cc=/usr/bin/clang --enable-gpl --enable-libvmaf --enable-libopenjpeg --enable-libopus --enable-libmp3lame --enable-libx264 --enable-libx265 --enable-libvpx --enable-libwebp --enable-libass --enable-libfreetype --enable-fontconfig --enable-libtheora --enable-libvorbis --enable-libsnappy --enable-libaom --enable-libvidstab --enable-libzimg --enable-libsvtav1 --enable-libharfbuzz --enable-libkvazaar --pkg-config-flags=--static --enable-ffplay --enable-postproc --enable-neon --enable-runtime-cpudetect --disable-indev=qtkit --disable-indev=x11grab_xcb
  libavutil      59. 39.100 / 59. 39.100
  libavcodec     61. 19.100 / 61. 19.100
  libavformat    61.  7.100 / 61.  7.100
  libavdevice    61.  3.100 / 61.  3.100
  libavfilter    10.  4.100 / 10.  4.100
  libswscale      8.  3.100 /  8.  3.100
  libswresample   5.  3.100 /  5.  3.100
  libpostproc    58.  3.100 / 58.  3.100
Input #0, image2, from '/Users/runner/work/comfy-gpu-ci/comfy-gpu-ci/comfy-test-logs/GeometryPack-0316/dev/macos-desktop/debug/electron_inspect/frames/frame_%06d.png':
  Duration: 00:01:24.20, start: 0.000000, bitrate: N/A
  Stream #0:0: Video: png, rgb24(pc, gbr/bt709/iec61966-2-1), 1024x653, 5 fps, 5 tbr, 5 tbn
Stream mapping:
  Stream #0:0 -> #0:0 (png (native) -> h264 (libx264))
Press [q] to stop, [?] for help
[libx264 @ 0x136f062f0] using cpu capabilities: ARMv8 NEON
[libx264 @ 0x136f062f0] profile High, level 3.1, 4:2:0, 8-bit
[libx264 @ 0x136f062f0] 264 - core 164 r3190 7ed753b - H.264/MPEG-4 AVC codec - Copyleft 2003-2024 - http://www.videolan.org/x264.html - options: cabac=1 ref=3 deblock=1:0:0 analyse=0x3:0x113 me=hex subme=7 psy=1 psy_rd=1.00:0.00 mixed_ref=1 me_range=16 chroma_me=1 trellis=1 8x8dct=1 cqm=0 deadzone=21,11 fast_pskip=1 chroma_qp_offset=-2 threads=4 lookahead_threads=1 sliced_threads=0 nr=0 decimate=1 interlaced=0 bluray_compat=0 constrained_intra=0 bframes=3 b_pyramid=2 b_adapt=1 b_bias=0 direct=1 weightb=1 open_gop=0 weightp=2 keyint=250 keyint_min=5 scenecut=40 intra_refresh=0 rc_lookahead=40 rc=crf mbtree=1 crf=23.0 qcomp=0.60 qpmin=0 qpmax=69 qpstep=4 ip_ratio=1.40 aq=1:1.00
Output #0, mp4, to '/Users/runner/work/comfy-gpu-ci/comfy-gpu-ci/comfy-test-logs/GeometryPack-0316/dev/macos-desktop/videos/skeleton_extraction/driver.mp4':
  Metadata:
    encoder         : Lavf61.7.100
  Stream #0:0: Video: h264 (avc1 / 0x31637661), yuv420p(tv, unknown/bt709/iec61966-2-1, progressive), 1024x654, q=2-31, 5 fps, 10240 tbn
      Metadata:
        encoder         : Lavc61.19.100 libx264
      Side data:
        cpb: bitrate max/min/avg: 0/0/0 buffer size: 0 vbv_delay: N/A
[out#0/mp4 @ 0x600002e54000] video:81KiB audio:0KiB subtitle:0KiB other streams:0KiB global headers:0KiB muxing overhead: 1.615386%
frame=   40 fps=0.0 q=-1.0 Lsize=      83KiB time=00:00:07.60 bitrate=  88.9kbits/s speed=41.3x    
[libx264 @ 0x136f062f0] frame I:2     Avg QP:11.76  size: 29200
[libx264 @ 0x136f062f0] frame P:10    Avg QP:13.64  size:  1950
[libx264 @ 0x136f062f0] frame B:28    Avg QP:12.45  size:   162
[libx264 @ 0x136f062f0] consecutive B-frames:  5.0%  5.0%  0.0% 90.0%
[libx264 @ 0x136f062f0] mb I  I16..4: 55.6% 21.5% 22.9%
[libx264 @ 0x136f062f0] mb P  I16..4:  2.5%  0.9%  1.0%  P16..4:  1.3%  0.3%  0.1%  0.0%  0.0%    skip:93.9%
[libx264 @ 0x136f062f0] mb B  I16..4:  0.1%  0.0%  0.0%  B16..8:  1.3%  0.0%  0.0%  direct: 0.0%  skip:98.5%  L0:61.9% L1:37.7% BI: 0.4%
[libx264 @ 0x136f062f0] 8x8 transform intra:21.2% inter:60.9%
[libx264 @ 0x136f062f0] coded y,uvDC,uvAC intra: 15.4% 16.7% 12.2% inter: 0.2% 0.3% 0.1%
[libx264 @ 0x136f062f0] i16 v,h,dc,p: 60% 35%  0%  4%
[libx264 @ 0x136f062f0] i8 v,h,dc,ddl,ddr,vr,hd,vl,hu: 51% 19% 21%  0%  3%  2%  1%  0%  2%
[libx264 @ 0x136f062f0] i4 v,h,dc,ddl,ddr,vr,hd,vl,hu: 36% 33% 16%  2%  3%  2%  3%  2%  3%
[libx264 @ 0x136f062f0] i8c dc,h,v,p: 73% 15%  7%  5%
[libx264 @ 0x136f062f0] Weighted P-Frames: Y:0.0% UV:0.0%
[libx264 @ 0x136f062f0] ref P L0: 92.4%  5.6%  1.8%  0.2%
[libx264 @ 0x136f062f0] ref B L0: 90.8%  9.1%  0.1%
[libx264 @ 0x136f062f0] ref B L1: 99.2%  0.8%
[libx264 @ 0x136f062f0] kb/s:82.45
[2775s]   videos/skeleton_extraction/driver.mp4 placed (frames 2782..2821)
[2775s]   screenshots/skeleton_extraction_executed.png placed
ffmpeg version 7.1 Copyright (c) 2000-2024 the FFmpeg developers
  built with Apple clang version 13.1.6 (clang-1316.0.21.2.5)
  configuration: --prefix=/Volumes/tempdisk/sw --extra-cflags=-fno-stack-check --arch=arm64 --cc=/usr/bin/clang --enable-gpl --enable-libvmaf --enable-libopenjpeg --enable-libopus --enable-libmp3lame --enable-libx264 --enable-libx265 --enable-libvpx --enable-libwebp --enable-libass --enable-libfreetype --enable-fontconfig --enable-libtheora --enable-libvorbis --enable-libsnappy --enable-libaom --enable-libvidstab --enable-libzimg --enable-libsvtav1 --enable-libharfbuzz --enable-libkvazaar --pkg-config-flags=--static --enable-ffplay --enable-postproc --enable-neon --enable-runtime-cpudetect --disable-indev=qtkit --disable-indev=x11grab_xcb
  libavutil      59. 39.100 / 59. 39.100
  libavcodec     61. 19.100 / 61. 19.100
  libavformat    61.  7.100 / 61.  7.100
  libavdevice    61.  3.100 / 61.  3.100
  libavfilter    10.  4.100 / 10.  4.100
  libswscale      8.  3.100 /  8.  3.100
  libswresample   5.  3.100 /  5.  3.100
  libpostproc    58.  3.100 / 58.  3.100
Input #0, image2, from '/Users/runner/work/comfy-gpu-ci/comfy-gpu-ci/comfy-test-logs/GeometryPack-0316/dev/macos-desktop/debug/electron_inspect/frames/frame_%06d.png':
  Duration: 00:01:08.60, start: 0.000000, bitrate: N/A
  Stream #0:0: Video: png, rgb24(pc, gbr/bt709/iec61966-2-1), 1024x653, 5 fps, 5 tbr, 5 tbn
Stream mapping:
  Stream #0:0 -> #0:0 (png (native) -> h264 (libx264))
Press [q] to stop, [?] for help
[libx264 @ 0x12be07460] using cpu capabilities: ARMv8 NEON
[libx264 @ 0x12be07460] profile High, level 3.1, 4:2:0, 8-bit
[libx264 @ 0x12be07460] 264 - core 164 r3190 7ed753b - H.264/MPEG-4 AVC codec - Copyleft 2003-2024 - http://www.videolan.org/x264.html - options: cabac=1 ref=3 deblock=1:0:0 analyse=0x3:0x113 me=hex subme=7 psy=1 psy_rd=1.00:0.00 mixed_ref=1 me_range=16 chroma_me=1 trellis=1 8x8dct=1 cqm=0 deadzone=21,11 fast_pskip=1 chroma_qp_offset=-2 threads=4 lookahead_threads=1 sliced_threads=0 nr=0 decimate=1 interlaced=0 bluray_compat=0 constrained_intra=0 bframes=3 b_pyramid=2 b_adapt=1 b_bias=0 direct=1 weightb=1 open_gop=0 weightp=2 keyint=250 keyint_min=5 scenecut=40 intra_refresh=0 rc_lookahead=40 rc=crf mbtree=1 crf=23.0 qcomp=0.60 qpmin=0 qpmax=69 qpstep=4 ip_ratio=1.40 aq=1:1.00
Output #0, mp4, to '/Users/runner/work/comfy-gpu-ci/comfy-gpu-ci/comfy-test-logs/GeometryPack-0316/dev/macos-desktop/videos/smooth_all/driver.mp4':
  Metadata:
    encoder         : Lavf61.7.100
  Stream #0:0: Video: h264 (avc1 / 0x31637661), yuv420p(tv, unknown/bt709/iec61966-2-1, progressive), 1024x654, q=2-31, 5 fps, 10240 tbn
      Metadata:
        encoder         : Lavc61.19.100 libx264
      Side data:
        cpb: bitrate max/min/avg: 0/0/0 buffer size: 0 vbv_delay: N/A
[out#0/mp4 @ 0x600001e8c3c0] video:100KiB audio:0KiB subtitle:0KiB other streams:0KiB global headers:0KiB muxing overhead: 1.317170%
frame=   40 fps=0.0 q=-1.0 Lsize=     101KiB time=00:00:07.60 bitrate= 108.7kbits/s speed=41.4x    
[libx264 @ 0x12be07460] frame I:2     Avg QP:12.26  size: 33056
[libx264 @ 0x12be07460] frame P:10    Avg QP:14.11  size:  2993
[libx264 @ 0x12be07460] frame B:28    Avg QP:13.22  size:   187
[libx264 @ 0x12be07460] consecutive B-frames:  5.0%  5.0%  0.0% 90.0%
[libx264 @ 0x12be07460] mb I  I16..4: 53.6% 21.2% 25.1%
[libx264 @ 0x12be07460] mb P  I16..4:  2.2%  1.1%  1.3%  P16..4:  1.1%  0.3%  0.1%  0.0%  0.0%    skip:93.8%
[libx264 @ 0x12be07460] mb B  I16..4:  0.1%  0.0%  0.0%  B16..8:  1.5%  0.1%  0.0%  direct: 0.0%  skip:98.1%  L0:41.6% L1:57.8% BI: 0.6%
[libx264 @ 0x12be07460] 8x8 transform intra:21.7% inter:51.6%
[libx264 @ 0x12be07460] coded y,uvDC,uvAC intra: 18.1% 19.7% 15.0% inter: 0.2% 0.3% 0.1%
[libx264 @ 0x12be07460] i16 v,h,dc,p: 56% 36%  1%  7%
[libx264 @ 0x12be07460] i8 v,h,dc,ddl,ddr,vr,hd,vl,hu: 54% 20% 17%  0%  4%  2%  2%  0%  1%
[libx264 @ 0x12be07460] i4 v,h,dc,ddl,ddr,vr,hd,vl,hu: 33% 34% 17%  2%  3%  2%  3%  2%  3%
[libx264 @ 0x12be07460] i8c dc,h,v,p: 72% 15%  7%  6%
[libx264 @ 0x12be07460] Weighted P-Frames: Y:0.0% UV:0.0%
[libx264 @ 0x12be07460] ref P L0: 82.9% 12.0%  3.4%  1.7%
[libx264 @ 0x12be07460] ref B L0: 91.9%  7.9%  0.2%
[libx264 @ 0x12be07460] ref B L1: 95.7%  4.3%
[libx264 @ 0x12be07460] kb/s:101.27
[2775s]   videos/smooth_all/driver.mp4 placed (frames 2860..2899)
[2775s]   screenshots/smooth_all_executed.png placed
ffmpeg version 7.1 Copyright (c) 2000-2024 the FFmpeg developers
  built with Apple clang version 13.1.6 (clang-1316.0.21.2.5)
  configuration: --prefix=/Volumes/tempdisk/sw --extra-cflags=-fno-stack-check --arch=arm64 --cc=/usr/bin/clang --enable-gpl --enable-libvmaf --enable-libopenjpeg --enable-libopus --enable-libmp3lame --enable-libx264 --enable-libx265 --enable-libvpx --enable-libwebp --enable-libass --enable-libfreetype --enable-fontconfig --enable-libtheora --enable-libvorbis --enable-libsnappy --enable-libaom --enable-libvidstab --enable-libzimg --enable-libsvtav1 --enable-libharfbuzz --enable-libkvazaar --pkg-config-flags=--static --enable-ffplay --enable-postproc --enable-neon --enable-runtime-cpudetect --disable-indev=qtkit --disable-indev=x11grab_xcb
  libavutil      59. 39.100 / 59. 39.100
  libavcodec     61. 19.100 / 61. 19.100
  libavformat    61.  7.100 / 61.  7.100
  libavdevice    61.  3.100 / 61.  3.100
  libavfilter    10.  4.100 / 10.  4.100
  libswscale      8.  3.100 /  8.  3.100
  libswresample   5.  3.100 /  5.  3.100
  libpostproc    58.  3.100 / 58.  3.100
Input #0, image2, from '/Users/runner/work/comfy-gpu-ci/comfy-gpu-ci/comfy-test-logs/GeometryPack-0316/dev/macos-desktop/debug/electron_inspect/frames/frame_%06d.png':
  Duration: 00:00:54.00, start: 0.000000, bitrate: N/A
  Stream #0:0: Video: png, rgb24(pc, gbr/bt709/iec61966-2-1), 1024x653, 5 fps, 5 tbr, 5 tbn
Stream mapping:
  Stream #0:0 -> #0:0 (png (native) -> h264 (libx264))
Press [q] to stop, [?] for help
[libx264 @ 0x159804fb0] using cpu capabilities: ARMv8 NEON
[libx264 @ 0x159804fb0] profile High, level 3.1, 4:2:0, 8-bit
[libx264 @ 0x159804fb0] 264 - core 164 r3190 7ed753b - H.264/MPEG-4 AVC codec - Copyleft 2003-2024 - http://www.videolan.org/x264.html - options: cabac=1 ref=3 deblock=1:0:0 analyse=0x3:0x113 me=hex subme=7 psy=1 psy_rd=1.00:0.00 mixed_ref=1 me_range=16 chroma_me=1 trellis=1 8x8dct=1 cqm=0 deadzone=21,11 fast_pskip=1 chroma_qp_offset=-2 threads=4 lookahead_threads=1 sliced_threads=0 nr=0 decimate=1 interlaced=0 bluray_compat=0 constrained_intra=0 bframes=3 b_pyramid=2 b_adapt=1 b_bias=0 direct=1 weightb=1 open_gop=0 weightp=2 keyint=250 keyint_min=5 scenecut=40 intra_refresh=0 rc_lookahead=40 rc=crf mbtree=1 crf=23.0 qcomp=0.60 qpmin=0 qpmax=69 qpstep=4 ip_ratio=1.40 aq=1:1.00
Output #0, mp4, to '/Users/runner/work/comfy-gpu-ci/comfy-gpu-ci/comfy-test-logs/GeometryPack-0316/dev/macos-desktop/videos/surface_reconstruction/driver.mp4':
  Metadata:
    encoder         : Lavf61.7.100
  Stream #0:0: Video: h264 (avc1 / 0x31637661), yuv420p(tv, unknown/bt709/iec61966-2-1, progressive), 1024x654, q=2-31, 5 fps, 10240 tbn
      Metadata:
        encoder         : Lavc61.19.100 libx264
      Side data:
        cpb: bitrate max/min/avg: 0/0/0 buffer size: 0 vbv_delay: N/A
[out#0/mp4 @ 0x600001364000] video:7KiB audio:0KiB subtitle:0KiB other streams:0KiB global headers:0KiB muxing overhead: 10.775244%
frame=    1 fps=0.0 q=23.0 Lsize=       8KiB time=00:00:00.20 bitrate= 340.1kbits/s speed=7.17x    
[libx264 @ 0x159804fb0] frame I:1     Avg QP:17.97  size:  6987
[libx264 @ 0x159804fb0] mb I  I16..4: 41.0% 53.1%  5.9%
[libx264 @ 0x159804fb0] 8x8 transform intra:53.1%
[libx264 @ 0x159804fb0] coded y,uvDC,uvAC intra: 3.5% 2.8% 2.7%
[libx264 @ 0x159804fb0] i16 v,h,dc,p: 81% 13%  6%  0%
[libx264 @ 0x159804fb0] i8 v,h,dc,ddl,ddr,vr,hd,vl,hu: 84%  4% 12%  0%  0%  0%  0%  0%  0%
[libx264 @ 0x159804fb0] i4 v,h,dc,ddl,ddr,vr,hd,vl,hu: 36% 25% 17%  3%  3%  3%  3%  6%  3%
[libx264 @ 0x159804fb0] i8c dc,h,v,p: 96%  3%  1%  0%
[libx264 @ 0x159804fb0] kb/s:279.48
[2775s]   videos/surface_reconstruction/driver.mp4 placed (frames 2933..2932)
[2775s]   screenshots/surface_reconstruction_executed.png placed
ffmpeg version 7.1 Copyright (c) 2000-2024 the FFmpeg developers
  built with Apple clang version 13.1.6 (clang-1316.0.21.2.5)
  configuration: --prefix=/Volumes/tempdisk/sw --extra-cflags=-fno-stack-check --arch=arm64 --cc=/usr/bin/clang --enable-gpl --enable-libvmaf --enable-libopenjpeg --enable-libopus --enable-libmp3lame --enable-libx264 --enable-libx265 --enable-libvpx --enable-libwebp --enable-libass --enable-libfreetype --enable-fontconfig --enable-libtheora --enable-libvorbis --enable-libsnappy --enable-libaom --enable-libvidstab --enable-libzimg --enable-libsvtav1 --enable-libharfbuzz --enable-libkvazaar --pkg-config-flags=--static --enable-ffplay --enable-postproc --enable-neon --enable-runtime-cpudetect --disable-indev=qtkit --disable-indev=x11grab_xcb
  libavutil      59. 39.100 / 59. 39.100
  libavcodec     61. 19.100 / 61. 19.100
  libavformat    61.  7.100 / 61.  7.100
  libavdevice    61.  3.100 / 61.  3.100
  libavfilter    10.  4.100 / 10.  4.100
  libswscale      8.  3.100 /  8.  3.100
  libswresample   5.  3.100 /  5.  3.100
  libpostproc    58.  3.100 / 58.  3.100
Input #0, image2, from '/Users/runner/work/comfy-gpu-ci/comfy-gpu-ci/comfy-test-logs/GeometryPack-0316/dev/macos-desktop/debug/electron_inspect/frames/frame_%06d.png':
  Duration: 00:00:47.40, start: 0.000000, bitrate: N/A
  Stream #0:0: Video: png, rgb24(pc, gbr/bt709/iec61966-2-1), 1024x653, 5 fps, 5 tbr, 5 tbn
Stream mapping:
  Stream #0:0 -> #0:0 (png (native) -> h264 (libx264))
Press [q] to stop, [?] for help
[libx264 @ 0x119e05070] using cpu capabilities: ARMv8 NEON
[libx264 @ 0x119e05070] profile High, level 3.1, 4:2:0, 8-bit
[libx264 @ 0x119e05070] 264 - core 164 r3190 7ed753b - H.264/MPEG-4 AVC codec - Copyleft 2003-2024 - http://www.videolan.org/x264.html - options: cabac=1 ref=3 deblock=1:0:0 analyse=0x3:0x113 me=hex subme=7 psy=1 psy_rd=1.00:0.00 mixed_ref=1 me_range=16 chroma_me=1 trellis=1 8x8dct=1 cqm=0 deadzone=21,11 fast_pskip=1 chroma_qp_offset=-2 threads=4 lookahead_threads=1 sliced_threads=0 nr=0 decimate=1 interlaced=0 bluray_compat=0 constrained_intra=0 bframes=3 b_pyramid=2 b_adapt=1 b_bias=0 direct=1 weightb=1 open_gop=0 weightp=2 keyint=250 keyint_min=5 scenecut=40 intra_refresh=0 rc_lookahead=40 rc=crf mbtree=1 crf=23.0 qcomp=0.60 qpmin=0 qpmax=69 qpstep=4 ip_ratio=1.40 aq=1:1.00
Output #0, mp4, to '/Users/runner/work/comfy-gpu-ci/comfy-gpu-ci/comfy-test-logs/GeometryPack-0316/dev/macos-desktop/videos/test_loading/driver.mp4':
  Metadata:
    encoder         : Lavf61.7.100
  Stream #0:0: Video: h264 (avc1 / 0x31637661), yuv420p(tv, unknown/bt709/iec61966-2-1, progressive), 1024x654, q=2-31, 5 fps, 10240 tbn
      Metadata:
        encoder         : Lavc61.19.100 libx264
      Side data:
        cpb: bitrate max/min/avg: 0/0/0 buffer size: 0 vbv_delay: N/A
[out#0/mp4 @ 0x600002fd4000] video:80KiB audio:0KiB subtitle:0KiB other streams:0KiB global headers:0KiB muxing overhead: 1.685994%
frame=   45 fps=0.0 q=-1.0 Lsize=      82KiB time=00:00:08.60 bitrate=  77.8kbits/s speed=39.2x    
[libx264 @ 0x119e05070] frame I:2     Avg QP:12.43  size: 28103
[libx264 @ 0x119e05070] frame P:12    Avg QP:14.47  size:  1736
[libx264 @ 0x119e05070] frame B:31    Avg QP:13.24  size:   146
[libx264 @ 0x119e05070] consecutive B-frames:  6.7%  4.4%  0.0% 88.9%
[libx264 @ 0x119e05070] mb I  I16..4: 56.5% 20.7% 22.8%
[libx264 @ 0x119e05070] mb P  I16..4:  2.0%  1.0%  0.9%  P16..4:  1.3%  0.3%  0.2%  0.0%  0.0%    skip:94.4%
[libx264 @ 0x119e05070] mb B  I16..4:  0.1%  0.0%  0.0%  B16..8:  1.5%  0.1%  0.0%  direct: 0.0%  skip:98.2%  L0:38.6% L1:61.3% BI: 0.1%
[libx264 @ 0x119e05070] 8x8 transform intra:21.4% inter:50.3%
[libx264 @ 0x119e05070] coded y,uvDC,uvAC intra: 15.2% 15.8% 10.4% inter: 0.1% 0.3% 0.1%
[libx264 @ 0x119e05070] i16 v,h,dc,p: 60% 36%  0%  4%
[libx264 @ 0x119e05070] i8 v,h,dc,ddl,ddr,vr,hd,vl,hu: 54% 14% 27%  1%  1%  1%  1%  0%  1%
[libx264 @ 0x119e05070] i4 v,h,dc,ddl,ddr,vr,hd,vl,hu: 33% 32% 20%  2%  3%  2%  3%  2%  3%
[libx264 @ 0x119e05070] i8c dc,h,v,p: 73% 16%  7%  4%
[libx264 @ 0x119e05070] Weighted P-Frames: Y:0.0% UV:0.0%
[libx264 @ 0x119e05070] ref P L0: 84.9%  4.4%  9.3%  1.4%
[libx264 @ 0x119e05070] ref B L0: 75.0% 24.2%  0.8%
[libx264 @ 0x119e05070] ref B L1: 95.9%  4.1%
[libx264 @ 0x119e05070] kb/s:72.51
[2776s]   videos/test_loading/driver.mp4 placed (frames 2966..3010)
[2776s]   screenshots/test_loading_executed.png placed
ffmpeg version 7.1 Copyright (c) 2000-2024 the FFmpeg developers
  built with Apple clang version 13.1.6 (clang-1316.0.21.2.5)
  configuration: --prefix=/Volumes/tempdisk/sw --extra-cflags=-fno-stack-check --arch=arm64 --cc=/usr/bin/clang --enable-gpl --enable-libvmaf --enable-libopenjpeg --enable-libopus --enable-libmp3lame --enable-libx264 --enable-libx265 --enable-libvpx --enable-libwebp --enable-libass --enable-libfreetype --enable-fontconfig --enable-libtheora --enable-libvorbis --enable-libsnappy --enable-libaom --enable-libvidstab --enable-libzimg --enable-libsvtav1 --enable-libharfbuzz --enable-libkvazaar --pkg-config-flags=--static --enable-ffplay --enable-postproc --enable-neon --enable-runtime-cpudetect --disable-indev=qtkit --disable-indev=x11grab_xcb
  libavutil      59. 39.100 / 59. 39.100
  libavcodec     61. 19.100 / 61. 19.100
  libavformat    61.  7.100 / 61.  7.100
  libavdevice    61.  3.100 / 61.  3.100
  libavfilter    10.  4.100 / 10.  4.100
  libswscale      8.  3.100 /  8.  3.100
  libswresample   5.  3.100 /  5.  3.100
  libpostproc    58.  3.100 / 58.  3.100
Input #0, image2, from '/Users/runner/work/comfy-gpu-ci/comfy-gpu-ci/comfy-test-logs/GeometryPack-0316/dev/macos-desktop/debug/electron_inspect/frames/frame_%06d.png':
  Duration: 00:00:30.40, start: 0.000000, bitrate: N/A
  Stream #0:0: Video: png, rgb24(pc, gbr/bt709/iec61966-2-1), 1024x653, 5 fps, 5 tbr, 5 tbn
Stream mapping:
  Stream #0:0 -> #0:0 (png (native) -> h264 (libx264))
Press [q] to stop, [?] for help
[libx264 @ 0x11f806120] using cpu capabilities: ARMv8 NEON
[libx264 @ 0x11f806120] profile High, level 3.1, 4:2:0, 8-bit
[libx264 @ 0x11f806120] 264 - core 164 r3190 7ed753b - H.264/MPEG-4 AVC codec - Copyleft 2003-2024 - http://www.videolan.org/x264.html - options: cabac=1 ref=3 deblock=1:0:0 analyse=0x3:0x113 me=hex subme=7 psy=1 psy_rd=1.00:0.00 mixed_ref=1 me_range=16 chroma_me=1 trellis=1 8x8dct=1 cqm=0 deadzone=21,11 fast_pskip=1 chroma_qp_offset=-2 threads=4 lookahead_threads=1 sliced_threads=0 nr=0 decimate=1 interlaced=0 bluray_compat=0 constrained_intra=0 bframes=3 b_pyramid=2 b_adapt=1 b_bias=0 direct=1 weightb=1 open_gop=0 weightp=2 keyint=250 keyint_min=5 scenecut=40 intra_refresh=0 rc_lookahead=40 rc=crf mbtree=1 crf=23.0 qcomp=0.60 qpmin=0 qpmax=69 qpstep=4 ip_ratio=1.40 aq=1:1.00
Output #0, mp4, to '/Users/runner/work/comfy-gpu-ci/comfy-gpu-ci/comfy-test-logs/GeometryPack-0316/dev/macos-desktop/videos/transform/driver.mp4':
  Metadata:
    encoder         : Lavf61.7.100
  Stream #0:0: Video: h264 (avc1 / 0x31637661), yuv420p(tv, unknown/bt709/iec61966-2-1, progressive), 1024x654, q=2-31, 5 fps, 10240 tbn
      Metadata:
        encoder         : Lavc61.19.100 libx264
      Side data:
        cpb: bitrate max/min/avg: 0/0/0 buffer size: 0 vbv_delay: N/A
[out#0/mp4 @ 0x600002afc000] video:6KiB audio:0KiB subtitle:0KiB other streams:0KiB global headers:0KiB muxing overhead: 13.927248%
frame=    1 fps=0.0 q=23.0 Lsize=       7KiB time=00:00:00.20 bitrate= 270.6kbits/s speed=8.24x    
[libx264 @ 0x11f806120] frame I:1     Avg QP:22.41  size:  5250
[libx264 @ 0x11f806120] mb I  I16..4: 19.2% 76.4%  4.4%
[libx264 @ 0x11f806120] 8x8 transform intra:76.4%
[libx264 @ 0x11f806120] coded y,uvDC,uvAC intra: 2.5% 2.9% 2.8%
[libx264 @ 0x11f806120] i16 v,h,dc,p: 66% 21% 13%  0%
[libx264 @ 0x11f806120] i8 v,h,dc,ddl,ddr,vr,hd,vl,hu: 88%  4%  9%  0%  0%  0%  0%  0%  0%
[libx264 @ 0x11f806120] i4 v,h,dc,ddl,ddr,vr,hd,vl,hu: 32% 27% 20%  4%  3%  2%  3%  7%  2%
[libx264 @ 0x11f806120] i8c dc,h,v,p: 96%  3%  1%  0%
[libx264 @ 0x11f806120] kb/s:210.00
[2776s]   videos/transform/driver.mp4 placed (frames 3051..3050)
[2776s]   screenshots/transform_executed.png placed
ffmpeg version 7.1 Copyright (c) 2000-2024 the FFmpeg developers
  built with Apple clang version 13.1.6 (clang-1316.0.21.2.5)
  configuration: --prefix=/Volumes/tempdisk/sw --extra-cflags=-fno-stack-check --arch=arm64 --cc=/usr/bin/clang --enable-gpl --enable-libvmaf --enable-libopenjpeg --enable-libopus --enable-libmp3lame --enable-libx264 --enable-libx265 --enable-libvpx --enable-libwebp --enable-libass --enable-libfreetype --enable-fontconfig --enable-libtheora --enable-libvorbis --enable-libsnappy --enable-libaom --enable-libvidstab --enable-libzimg --enable-libsvtav1 --enable-libharfbuzz --enable-libkvazaar --pkg-config-flags=--static --enable-ffplay --enable-postproc --enable-neon --enable-runtime-cpudetect --disable-indev=qtkit --disable-indev=x11grab_xcb
  libavutil      59. 39.100 / 59. 39.100
  libavcodec     61. 19.100 / 61. 19.100
  libavformat    61.  7.100 / 61.  7.100
  libavdevice    61.  3.100 / 61.  3.100
  libavfilter    10.  4.100 / 10.  4.100
  libswscale      8.  3.100 /  8.  3.100
  libswresample   5.  3.100 /  5.  3.100
  libpostproc    58.  3.100 / 58.  3.100
Input #0, image2, from '/Users/runner/work/comfy-gpu-ci/comfy-gpu-ci/comfy-test-logs/GeometryPack-0316/dev/macos-desktop/debug/electron_inspect/frames/frame_%06d.png':
  Duration: 00:00:24.40, start: 0.000000, bitrate: N/A
  Stream #0:0: Video: png, rgb24(pc, gbr/bt709/iec61966-2-1), 1024x653, 5 fps, 5 tbr, 5 tbn
Stream mapping:
  Stream #0:0 -> #0:0 (png (native) -> h264 (libx264))
Press [q] to stop, [?] for help
[libx264 @ 0x12f605a00] using cpu capabilities: ARMv8 NEON
[libx264 @ 0x12f605a00] profile High, level 3.1, 4:2:0, 8-bit
[libx264 @ 0x12f605a00] 264 - core 164 r3190 7ed753b - H.264/MPEG-4 AVC codec - Copyleft 2003-2024 - http://www.videolan.org/x264.html - options: cabac=1 ref=3 deblock=1:0:0 analyse=0x3:0x113 me=hex subme=7 psy=1 psy_rd=1.00:0.00 mixed_ref=1 me_range=16 chroma_me=1 trellis=1 8x8dct=1 cqm=0 deadzone=21,11 fast_pskip=1 chroma_qp_offset=-2 threads=4 lookahead_threads=1 sliced_threads=0 nr=0 decimate=1 interlaced=0 bluray_compat=0 constrained_intra=0 bframes=3 b_pyramid=2 b_adapt=1 b_bias=0 direct=1 weightb=1 open_gop=0 weightp=2 keyint=250 keyint_min=5 scenecut=40 intra_refresh=0 rc_lookahead=40 rc=crf mbtree=1 crf=23.0 qcomp=0.60 qpmin=0 qpmax=69 qpstep=4 ip_ratio=1.40 aq=1:1.00
Output #0, mp4, to '/Users/runner/work/comfy-gpu-ci/comfy-gpu-ci/comfy-test-logs/GeometryPack-0316/dev/macos-desktop/videos/uv_unwrap/driver.mp4':
  Metadata:
    encoder         : Lavf61.7.100
  Stream #0:0: Video: h264 (avc1 / 0x31637661), yuv420p(tv, unknown/bt709/iec61966-2-1, progressive), 1024x654, q=2-31, 5 fps, 10240 tbn
      Metadata:
        encoder         : Lavc61.19.100 libx264
      Side data:
        cpb: bitrate max/min/avg: 0/0/0 buffer size: 0 vbv_delay: N/A
[out#0/mp4 @ 0x600001ae4000] video:100KiB audio:0KiB subtitle:0KiB other streams:0KiB global headers:0KiB muxing overhead: 1.378189%
frame=   46 fps=0.0 q=-1.0 Lsize=     102KiB time=00:00:08.80 bitrate=  94.6kbits/s speed=32.9x    
[libx264 @ 0x12f605a00] frame I:1     Avg QP:19.79  size: 21751
[libx264 @ 0x12f605a00] frame P:12    Avg QP:14.75  size:  6313
[libx264 @ 0x12f605a00] frame B:33    Avg QP:14.25  size:   135
[libx264 @ 0x12f605a00] consecutive B-frames:  4.3%  0.0%  0.0% 95.7%
[libx264 @ 0x12f605a00] mb I  I16..4: 35.9% 42.0% 22.1%
[libx264 @ 0x12f605a00] mb P  I16..4:  4.3%  1.6%  4.4%  P16..4:  2.3%  0.3%  0.1%  0.0%  0.0%    skip:86.9%
[libx264 @ 0x12f605a00] mb B  I16..4:  0.1%  0.0%  0.0%  B16..8:  1.9%  0.1%  0.0%  direct: 0.0%  skip:97.9%  L0:45.0% L1:54.8% BI: 0.1%
[libx264 @ 0x12f605a00] 8x8 transform intra:27.4% inter:37.7%
[libx264 @ 0x12f605a00] coded y,uvDC,uvAC intra: 35.9% 16.4% 11.0% inter: 0.2% 0.3% 0.1%
[libx264 @ 0x12f605a00] i16 v,h,dc,p: 40% 54%  1%  6%
[libx264 @ 0x12f605a00] i8 v,h,dc,ddl,ddr,vr,hd,vl,hu: 60% 22% 14%  0%  1%  1%  1%  0%  1%
[libx264 @ 0x12f605a00] i4 v,h,dc,ddl,ddr,vr,hd,vl,hu: 40% 33% 14%  2%  2%  2%  3%  2%  3%
[libx264 @ 0x12f605a00] i8c dc,h,v,p: 74% 15%  6%  4%
[libx264 @ 0x12f605a00] Weighted P-Frames: Y:0.0% UV:0.0%
[libx264 @ 0x12f605a00] ref P L0: 70.9%  0.5% 26.2%  2.4%
[libx264 @ 0x12f605a00] ref B L0: 72.4% 25.0%  2.6%
[libx264 @ 0x12f605a00] ref B L1: 97.0%  3.0%
[libx264 @ 0x12f605a00] kb/s:88.68
[2776s]   videos/uv_unwrap/driver.mp4 placed (frames 3081..3126)
[2776s]   screenshots/uv_unwrap_executed.png placed
ffmpeg version 7.1 Copyright (c) 2000-2024 the FFmpeg developers
  built with Apple clang version 13.1.6 (clang-1316.0.21.2.5)
  configuration: --prefix=/Volumes/tempdisk/sw --extra-cflags=-fno-stack-check --arch=arm64 --cc=/usr/bin/clang --enable-gpl --enable-libvmaf --enable-libopenjpeg --enable-libopus --enable-libmp3lame --enable-libx264 --enable-libx265 --enable-libvpx --enable-libwebp --enable-libass --enable-libfreetype --enable-fontconfig --enable-libtheora --enable-libvorbis --enable-libsnappy --enable-libaom --enable-libvidstab --enable-libzimg --enable-libsvtav1 --enable-libharfbuzz --enable-libkvazaar --pkg-config-flags=--static --enable-ffplay --enable-postproc --enable-neon --enable-runtime-cpudetect --disable-indev=qtkit --disable-indev=x11grab_xcb
  libavutil      59. 39.100 / 59. 39.100
  libavcodec     61. 19.100 / 61. 19.100
  libavformat    61.  7.100 / 61.  7.100
  libavdevice    61.  3.100 / 61.  3.100
  libavfilter    10.  4.100 / 10.  4.100
  libswscale      8.  3.100 /  8.  3.100
  libswresample   5.  3.100 /  5.  3.100
  libpostproc    58.  3.100 / 58.  3.100
Input #0, image2, from '/Users/runner/work/comfy-gpu-ci/comfy-gpu-ci/comfy-test-logs/GeometryPack-0316/dev/macos-desktop/debug/electron_inspect/frames/frame_%06d.png':
  Duration: 00:00:08.60, start: 0.000000, bitrate: N/A
  Stream #0:0: Video: png, rgb24(pc, gbr/bt709/iec61966-2-1), 1024x653, 5 fps, 5 tbr, 5 tbn
Stream mapping:
  Stream #0:0 -> #0:0 (png (native) -> h264 (libx264))
Press [q] to stop, [?] for help
[libx264 @ 0x138707a90] using cpu capabilities: ARMv8 NEON
[libx264 @ 0x138707a90] profile High, level 3.1, 4:2:0, 8-bit
[libx264 @ 0x138707a90] 264 - core 164 r3190 7ed753b - H.264/MPEG-4 AVC codec - Copyleft 2003-2024 - http://www.videolan.org/x264.html - options: cabac=1 ref=3 deblock=1:0:0 analyse=0x3:0x113 me=hex subme=7 psy=1 psy_rd=1.00:0.00 mixed_ref=1 me_range=16 chroma_me=1 trellis=1 8x8dct=1 cqm=0 deadzone=21,11 fast_pskip=1 chroma_qp_offset=-2 threads=4 lookahead_threads=1 sliced_threads=0 nr=0 decimate=1 interlaced=0 bluray_compat=0 constrained_intra=0 bframes=3 b_pyramid=2 b_adapt=1 b_bias=0 direct=1 weightb=1 open_gop=0 weightp=2 keyint=250 keyint_min=5 scenecut=40 intra_refresh=0 rc_lookahead=40 rc=crf mbtree=1 crf=23.0 qcomp=0.60 qpmin=0 qpmax=69 qpstep=4 ip_ratio=1.40 aq=1:1.00
Output #0, mp4, to '/Users/runner/work/comfy-gpu-ci/comfy-gpu-ci/comfy-test-logs/GeometryPack-0316/dev/macos-desktop/videos/view_texture/driver.mp4':
  Metadata:
    encoder         : Lavf61.7.100
  Stream #0:0: Video: h264 (avc1 / 0x31637661), yuv420p(tv, unknown/bt709/iec61966-2-1, progressive), 1024x654, q=2-31, 5 fps, 10240 tbn
      Metadata:
        encoder         : Lavc61.19.100 libx264
      Side data:
        cpb: bitrate max/min/avg: 0/0/0 buffer size: 0 vbv_delay: N/A
[out#0/mp4 @ 0x6000003603c0] video:93KiB audio:0KiB subtitle:0KiB other streams:0KiB global headers:0KiB muxing overhead: 1.425568%
frame=   43 fps=0.0 q=-1.0 Lsize=      95KiB time=00:00:08.20 bitrate=  94.6kbits/s speed=36.1x    
[libx264 @ 0x138707a90] frame I:2     Avg QP:12.34  size: 34808
[libx264 @ 0x138707a90] frame P:11    Avg QP:12.82  size:  1873
[libx264 @ 0x138707a90] frame B:30    Avg QP:12.55  size:   157
[libx264 @ 0x138707a90] consecutive B-frames:  7.0%  0.0%  0.0% 93.0%
[libx264 @ 0x138707a90] mb I  I16..4: 51.6% 20.6% 27.8%
[libx264 @ 0x138707a90] mb P  I16..4:  1.2%  0.3%  1.0%  P16..4:  1.5%  0.3%  0.2%  0.0%  0.0%    skip:95.5%
[libx264 @ 0x138707a90] mb B  I16..4:  0.0%  0.0%  0.0%  B16..8:  1.3%  0.1%  0.0%  direct: 0.0%  skip:98.6%  L0:44.5% L1:55.2% BI: 0.4%
[libx264 @ 0x138707a90] 8x8 transform intra:19.6% inter:60.6%
[libx264 @ 0x138707a90] coded y,uvDC,uvAC intra: 40.3% 15.1% 10.1% inter: 0.2% 0.2% 0.0%
[libx264 @ 0x138707a90] i16 v,h,dc,p: 54% 40%  0%  5%
[libx264 @ 0x138707a90] i8 v,h,dc,ddl,ddr,vr,hd,vl,hu: 55% 19% 19%  0%  3%  2%  1%  0%  1%
[libx264 @ 0x138707a90] i4 v,h,dc,ddl,ddr,vr,hd,vl,hu: 41% 34% 13%  1%  2%  2%  3%  2%  2%
[libx264 @ 0x138707a90] i8c dc,h,v,p: 76% 12%  8%  5%
[libx264 @ 0x138707a90] Weighted P-Frames: Y:0.0% UV:0.0%
[libx264 @ 0x138707a90] ref P L0: 85.1%  1.0%  8.9%  4.9%
[libx264 @ 0x138707a90] ref B L0: 70.4% 27.4%  2.2%
[libx264 @ 0x138707a90] ref B L1: 95.7%  4.3%
[libx264 @ 0x138707a90] kb/s:88.30
[2776s]   videos/view_texture/driver.mp4 placed (frames 3160..3202)
[2776s]   screenshots/view_texture_executed.png placed
[2777s]   removed /Users/runner/work/comfy-gpu-ci/comfy-gpu-ci/comfy-test-logs/GeometryPack-0316/dev/macos-desktop/debug/electron_inspect/frames after successful encode
