[00:00] Crash dump logging enabled: /home/runner/work/comfy-gpu-ci/comfy-gpu-ci/comfy-test-logs/GeometryPack-0031/dev/linux-cpu/crash_dump.log
[00:00] 
[00:00] [1/5] SYNTAX
[00:00] ----------------------------------------
[00:00] 
[DEBUG] server=None, server_url=None, api=None
[00:00] Found pyproject.toml (modern format)
[00:00] Found requirements.txt (legacy format)
[00:00] Unicode check: OK (all characters cp1252-safe)
[00:00] Forbidden patterns check: OK
[00:00] [SYNTAX] PASSED
[00:00] 
[00:00] [2/5] INSTALL
[00:00] ----------------------------------------
[00:00] 
[DEBUG] server=None, server_url=None, api=None
[00:00] 
Setting up ComfyUI...
[00:00] Creating virtual environment...
[00:00] Running: uv venv /home/runner/work/comfy-gpu-ci/comfy-gpu-ci/test_workspaces/GeometryPack-0031/.venv --python 3.10
[00:00] Cloning ComfyUI (latest)...
[00:00] Running: git clone --depth 1 https://github.com/comfyanonymous/ComfyUI.git /home/runner/work/comfy-gpu-ci/comfy-gpu-ci/test_workspaces/GeometryPack-0031/ComfyUI
[00:01] Installing ComfyUI requirements...
[00:01] Running: uv pip install --python /home/runner/work/comfy-gpu-ci/comfy-gpu-ci/test_workspaces/GeometryPack-0031/.venv/bin/python -r /home/runner/work/comfy-gpu-ci/comfy-gpu-ci/test_workspaces/GeometryPack-0031/ComfyUI/requirements.txt
[00:22] 
Installing custom node...
[00:22] Copying ComfyUI-GeometryPack to custom_nodes/...
[00:22] Installing node requirements...
[00:22] Running: uv pip install --python /home/runner/work/comfy-gpu-ci/comfy-gpu-ci/test_workspaces/GeometryPack-0031/.venv/bin/python -r /home/runner/work/comfy-gpu-ci/comfy-gpu-ci/test_workspaces/GeometryPack-0031/ComfyUI/custom_nodes/ComfyUI-GeometryPack/requirements.txt
[00:23] 
Running install.py...
[00:23] Running: /home/runner/work/comfy-gpu-ci/comfy-gpu-ci/test_workspaces/GeometryPack-0031/.venv/bin/python /home/runner/work/comfy-gpu-ci/comfy-gpu-ci/test_workspaces/GeometryPack-0031/ComfyUI/custom_nodes/ComfyUI-GeometryPack/install.py
[00:24]   [comfy-env] _discover: scanning /home/runner/work/comfy-gpu-ci/comfy-gpu-ci/test_workspaces/GeometryPack-0031/ComfyUI/custom_nodes
[00:24]   [comfy-env] _discover: ComfyUI-GeometryPack -> geometrypack-nodes (custom_nodes/ComfyUI-GeometryPack/nodes/comfy-env.toml)
[00:24]   [comfy-env] Workspace: /home/runner/.ce
[00:24]   [comfy-env] ComfyUI: /home/runner/work/comfy-gpu-ci/comfy-gpu-ci/test_workspaces/GeometryPack-0031/ComfyUI
[00:24]   [comfy-env] Found 1 node config(s):
[00:24]     - geometrypack-nodes <- custom_nodes/ComfyUI-GeometryPack/nodes/comfy-env.toml (python=host)
[00:24]   [comfy-env] Bootstrap interpreter has python 3.10 + torch 2.11.0 (cpu). Looking for cuda-only wheels matching cpu/torch2.11/cp310.
[00:27]   [comfy-env] GPU: No GPU detected
[00:27]   [comfy-env] No CUDA detected -- pinning comfyui torch to CPU index
[00:27]   [comfy-env] Host glibc 2.39 -> system-requirements
[00:27]   Generated /home/runner/.ce/pixi.toml
[00:27]   [comfy-env] Installing 1 environment(s):
[00:27]     - geometrypack-nodes (python=host, 14 pypi deps, 1 cuda wheels)
[00:27]   [comfy-env] Running `pixi install -e geometrypack-nodes`...
[00:48]      WARN Skipped running the post-link scripts because `run-post-link-scripts` = `false`
[00:48]     	- bin/.librsvg-pre-unlink.sh
[00:48]     To enable them, run:
[00:48]     	pixi config set --local run-post-link-scripts insecure
[00:48]     More info:
[00:48]     	https://pixi.sh/latest/reference/pixi_configuration/#run-post-link-scripts
[00:53]     ✔ The geometrypack-nodes environment has been installed.
[00:53]   [comfy-env] Recorded install hash 0ab2fea25d27 -> /home/runner/.ce/install.hash
[00:53]   [comfy-env] Install log: /home/runner/.ce/install.log
[00:53]   
[00:53]   Installation complete!
[00:54] Installing validation endpoint...
[00:54]   Cloning PozzettiAndrea/ComfyUI-validate-endpoint...
[00:54] Running: git clone --depth 1 https://github.com/PozzettiAndrea/ComfyUI-validate-endpoint.git /home/runner/work/comfy-gpu-ci/comfy-gpu-ci/test_workspaces/GeometryPack-0031/ComfyUI/custom_nodes/ComfyUI-validate-endpoint
[00:54] CUDA packages absent (will mock): cumesh
[00:54] [INSTALL] PASSED
[00:54] 
[00:54] [3/5] REGISTRATION
[00:54] ----------------------------------------
[00:54] 
[DEBUG] server=None, server_url=None, api=None
[00:54] 
Starting ComfyUI server...
[00:54] Starting ComfyUI server on port 41895...
[00:54] CUDA mock packages: cumesh
[00:54] Starting ComfyUI server on port 41895...
[00:54] Waiting for server to be ready (timeout: 600s)...
[00:55]   [ComfyUI] setup plugin alembic.autogenerate.schemas
[00:55]   [ComfyUI] setup plugin alembic.autogenerate.tables
[00:55]   [ComfyUI] setup plugin alembic.autogenerate.types
[00:55]   [ComfyUI] setup plugin alembic.autogenerate.constraints
[00:55]   [ComfyUI] setup plugin alembic.autogenerate.defaults
[00:55]   [ComfyUI] setup plugin alembic.autogenerate.comments
[00:56]   [ComfyUI] [comfy-env] ComfyUI-GeometryPack: 1 isolation env(s):
[00:56]   [ComfyUI] [comfy-env]   nodes -> /home/runner/work/comfy-gpu-ci/comfy-gpu-ci/test_workspaces/GeometryPack-0031/ComfyUI/custom_nodes/ComfyUI-GeometryPack/nodes
[00:56]   [ComfyUI] [comfy-env] prestartup complete
[00:56]   [ComfyUI] 
[00:56]   [ComfyUI] Prestartup times for custom nodes:
[00:56]   [ComfyUI]    0.2 seconds: /home/runner/work/comfy-gpu-ci/comfy-gpu-ci/test_workspaces/GeometryPack-0031/ComfyUI/custom_nodes/ComfyUI-GeometryPack
[00:56]   [ComfyUI] 
[01:01]   [ComfyUI] Found comfy_kitchen backend triton: {'available': False, 'disabled': True, 'unavailable_reason': 'Neither CUDA nor XPU available on this system', 'capabilities': []}
[01:01]   [ComfyUI] Found comfy_kitchen backend eager: {'available': True, 'disabled': False, 'unavailable_reason': None, 'capabilities': ['apply_rope', 'apply_rope1', 'dequantize_mxfp8', 'dequantize_nvfp4', 'dequantize_per_tensor_fp8', 'quantize_mxfp8', 'quantize_nvfp4', 'quantize_per_tensor_fp8', 'scaled_mm_mxfp8', 'scaled_mm_nvfp4']}
[01:01]   [ComfyUI] Found comfy_kitchen backend cuda: {'available': False, 'disabled': False, 'unavailable_reason': 'CUDA not available on this system', 'capabilities': []}
[01:01]   [ComfyUI] Checkpoint files will always be loaded safely.
[01:01]   [ComfyUI] Total VRAM 15990 MB, total RAM 15990 MB
[01:01]   [ComfyUI] pytorch version: 2.11.0+cu130
[01:01]   [ComfyUI] Set vram state to: DISABLED
[01:01]   [ComfyUI] Device: cpu
[01:02]   [ComfyUI] Using sub quadratic optimization for attention, if you have memory or speed issues try using: --use-split-cross-attention
[01:07]   [ComfyUI] Python version: 3.10.20 (main, Mar  3 2026, 15:36:40) [GCC 13.3.0]
[01:07]   [ComfyUI] ComfyUI version: 0.20.1
[01:07]   [ComfyUI] comfy-aimdo version: 0.3.0
[01:07]   [ComfyUI] comfy-kitchen version: 0.2.8
[01:07]   [ComfyUI] ****** User settings have been changed to be stored on the server instead of browser storage. ******
[01:07]   [ComfyUI] ****** For multi-user setups add the --multi-user CLI argument to enable multiple user profiles. ******
[01:07]   [ComfyUI] ComfyUI frontend version: 1.43.18
[01:07]   [ComfyUI] [Prompt Server] web root: /home/runner/work/comfy-gpu-ci/comfy-gpu-ci/test_workspaces/GeometryPack-0031/.venv/lib/python3.10/site-packages/comfyui_frontend_package/static
[01:07]   [ComfyUI] Asset seeder disabled
[01:10]   [ComfyUI] loading...
[01:10]   [ComfyUI] calling register_nodes
[01:10]   [ComfyUI] [comfy-env] Version: 0.3.83
[01:10]   [ComfyUI] [comfy-env] register_nodes: ComfyUI-GeometryPack
[01:10]   [ComfyUI] [comfy-env] ComfyUI source dir: /home/runner/work/comfy-gpu-ci/comfy-gpu-ci/test_workspaces/GeometryPack-0031/ComfyUI
[01:10]   [ComfyUI] [comfy-env] Found 1 isolation env(s)
[01:10]   [ComfyUI] [comfy-env] Scanning nodes metadata (isolation root)...
[01:10]   [ComfyUI] [comfy-env] Metadata scan: /home/runner/.pixi/bin/pixi run --as-is --manifest-path /home/runner/.ce/pixi.toml -e geometrypack-nodes python /tmp/comfy_meta_z0o_dt63.py /home/runner/work/comfy-gpu-ci/comfy-gpu-ci/test_workspaces/GeometryPack-0031/ComfyUI/custom_nodes/ComfyUI-GeometryPack nodes
[01:10]   [ComfyUI] [comfy-env] Scan env PATH for nodes:
[01:10]   [ComfyUI] [comfy-env]   [0] /opt/hostedtoolcache/Python/3.10.20/x64/bin
[01:10]   [ComfyUI] [comfy-env]   [1] /opt/hostedtoolcache/Python/3.10.20/x64
[01:10]   [ComfyUI] [comfy-env]   [2] /snap/bin
[01:10]   [ComfyUI] [comfy-env]   [3] /home/runner/.local/bin
[01:10]   [ComfyUI] [comfy-env]   [4] /opt/pipx_bin
[01:10]   [ComfyUI] [comfy-env]   [5] /home/runner/.cargo/bin
[01:10]   [ComfyUI] [comfy-env]   [6] /home/runner/.config/composer/vendor/bin
[01:10]   [ComfyUI] [comfy-env]   [7] /usr/local/.ghcup/bin
[01:10]   [ComfyUI] [comfy-env]   [8] /home/runner/.dotnet/tools
[01:10]   [ComfyUI] [comfy-env]   [9] /usr/local/sbin
[01:10]   [ComfyUI] [comfy-env]   [10] /usr/local/bin
[01:10]   [ComfyUI] [comfy-env]   [11] /usr/sbin
[01:10]   [ComfyUI] [comfy-env]   [12] /usr/bin
[01:10]   [ComfyUI] [comfy-env]   [13] /sbin
[01:10]   [ComfyUI] [comfy-env]   [14] /bin
[01:10]   [ComfyUI] [comfy-env]   [15] /usr/games
[01:10]   [ComfyUI] [comfy-env]   [16] /usr/local/games
[01:10]   [ComfyUI] [comfy-env]   [17] /snap/bin
[01:15]   [ComfyUI] [comfy-env] Metadata scan stderr for nodes:
[01:15]   [ComfyUI] [comfy-env]   [meta-scan] importing nodes from /home/runner/work/comfy-gpu-ci/comfy-gpu-ci/test_workspaces/GeometryPack-0031/ComfyUI/custom_nodes/ComfyUI-GeometryPack
[01:15]   [ComfyUI] [comfy-env]   Failed to open dir (No such file or directory): /run/user/1001/gvfs/
[01:15]   [ComfyUI] [comfy-env]   ERROR:root:Failed to import comfy_kitchen, Error: No module named 'comfy_kitchen', fp8 and fp4 support will not be available.
[01:15]   [ComfyUI] [comfy-env]   [meta-scan] import OK
[01:15]   [ComfyUI] [comfy-env]   Traceback (most recent call last):
[01:15]   [ComfyUI] [comfy-env]     File "/home/runner/.ce/.pixi/envs/geometrypack-nodes/lib/python3.10/site-packages/bpy/3.6/scripts/modules/addon_utils.py", line 421, in disable
[01:15]   [ComfyUI] [comfy-env]       mod.unregister()
[01:15]   [ComfyUI] [comfy-env]   TypeError: '_OpNamespace' object is not callable
[01:15]   [ComfyUI] [comfy-env]   Traceback (most recent call last):
[01:15]   [ComfyUI] [comfy-env]     File "/home/runner/.ce/.pixi/envs/geometrypack-nodes/lib/python3.10/site-packages/bpy/3.6/scripts/modules/addon_utils.py", line 421, in disable
[01:15]   [ComfyUI] [comfy-env]       mod.unregister()
[01:15]   [ComfyUI] [comfy-env]   TypeError: '_ClassNamespace' object is not callable
[01:15]   [ComfyUI] [comfy-env] Scanned nodes: 125 nodes (5.4s)
[01:15]   [ComfyUI] [comfy-env] Scanned nodes root: 125 nodes (5.5s)
[01:15]   [ComfyUI] [comfy-env] Imported nodes root: 125 nodes (isolation)
[01:15]   [ComfyUI] [comfy-env] Registered 125 total nodes
[01:15]   [ComfyUI] 
[01:15]   [ComfyUI] Import times for custom nodes:
[01:15]   [ComfyUI]    0.0 seconds: /home/runner/work/comfy-gpu-ci/comfy-gpu-ci/test_workspaces/GeometryPack-0031/ComfyUI/custom_nodes/websocket_image_save.py
[01:15]   [ComfyUI]    0.0 seconds: /home/runner/work/comfy-gpu-ci/comfy-gpu-ci/test_workspaces/GeometryPack-0031/ComfyUI/custom_nodes/ComfyUI-validate-endpoint
[01:15]   [ComfyUI]    5.8 seconds: /home/runner/work/comfy-gpu-ci/comfy-gpu-ci/test_workspaces/GeometryPack-0031/ComfyUI/custom_nodes/ComfyUI-GeometryPack
[01:15]   [ComfyUI] 
[01:15]   [ComfyUI] Context impl SQLiteImpl.
[01:15]   [ComfyUI] Will assume non-transactional DDL.
[01:15]   [ComfyUI] Context impl SQLiteImpl.
[01:15]   [ComfyUI] Will assume non-transactional DDL.
[01:15]   [ComfyUI] Running upgrade  -> 0001_assets, Initial assets schema
[01:15]   [ComfyUI] Revision ID: 0001_assets
[01:15]   [ComfyUI] Revises: None
[01:15]   [ComfyUI] Create Date: 2025-12-10 00:00:00
[01:15]   [ComfyUI] Running upgrade 0001_assets -> 0002_merge_to_asset_references, Merge AssetInfo and AssetCacheState into unified asset_references table.
[01:15]   [ComfyUI] Running upgrade 0002_merge_to_asset_references -> 0003_add_metadata_job_id, Add system_metadata and job_id columns to asset_references.
[01:15]   [ComfyUI] Change preview_id FK from assets.id to asset_references.id.
[01:15]   [ComfyUI] Database upgraded from None to 0003_add_metadata_job_id
[01:16]   [ComfyUI] Starting server
[01:16]   [ComfyUI] 
[01:16]   [ComfyUI] To see the GUI go to: http://127.0.0.1:41895
[01:16] Server responding, waiting for nodes to load...
[01:36] Server is ready!
[01:36] Checking for import errors in server logs...
[01:36] No import errors detected
[01:36] Found 830 registered nodes
[01:36] [REGISTRATION] PASSED
[01:36] 
[01:36] [4/5] INSTANTIATION
[01:36] ----------------------------------------
[01:36] 
[DEBUG] server=<comfy_test.comfyui.server.ComfyUIServer object at 0x7f6f9508bf40>, server_url=None, api=<comfy_test.comfyui.api.ComfyUIAPI object at 0x7f6f950bd030>
[01:36] Testing node constructors...
[01:38] All 125 node(s) instantiated successfully!
[01:38] [INSTANTIATION] PASSED
[01:38] 
[01:38] [5/5] EXECUTION
[01:38] ----------------------------------------
[01:38] 
[DEBUG] server=<comfy_test.comfyui.server.ComfyUIServer object at 0x7f6f9508bf40>, server_url=None, api=<comfy_test.comfyui.api.ComfyUIAPI object at 0x7f6f950bd030>
[01:38] CPU runner - will execute 30 workflow(s)
[01:38] Running 33 workflow(s) (all with videos)...
[01:38] Installing screenshot dependencies (playwright, pillow)...
[01:39]   Packages installed, downloading chromium browser...
[01:47]   Screenshot dependencies installed successfully
[01:48] Starting headless browser...
[01:48]   Installing Mesa llvmpipe (apt)...
[01:59]   Mesa install failed: E: Unable to locate package libegl1-mesa

[01:59]   No GPU, no Mesa -- using SwiftShader software rendering
[02:00] Capturing execution frames: alpha_wrap.json
[02:07]   Frame 1 saved (frame_000.jpg, t=0.0s)
[02:07]   Validating workflow...
[02:07]   [ComfyUI] === /validate endpoint called ===
[02:07]   [ComfyUI] Received JSON with keys: ['prompt']
[02:07]   [ComfyUI] Prompt has 5 nodes
[02:07]   [ComfyUI]   Node 4: GeomPackLoadMesh
[02:07]   [ComfyUI]     Inputs: {"file_path": "3d/ArmoredWarrior_00005_.glb"}
[02:07]   [ComfyUI]   Node 5: GeomPackAlphaWrap
[02:07]   [ComfyUI]     Inputs: {"alpha_percent": 1.1, "offset_percent": 0.01, "report_panel": "false", "input_mesh": ["4", 0]}
[02:07]   [ComfyUI]   Node 6: GeomPackPreviewMeshDual
[02:07]   [ComfyUI]     Inputs: {"layout": "side_by_side", "mode": "fields", "opacity_1": 1, "opacity_2": 1, "preview_dual": "{\"show_edges\":true,\"camera_state\":\"{\\\"position\\\":[1.6361067258611197,1.6476459280683735,1.6093683
[02:07]   [ComfyUI]   Node 9: GeomPackPreviewMeshMulti
[02:07]   [ComfyUI]     Inputs: {"mode": "fields", "preview_multi": "{\"show_edges\":true,\"camera_state\":\"{\\\"position\\\":[1.6361067258611197,1.6476459280683735,1.6093683078862575],\\\"focalPoint\\\":[0.0000012814998626708984,-
[02:07]   [ComfyUI]   Node 11: GeomPackRemesh
[02:07]   Queuing workflow for execution...
[02:07]   [ComfyUI]     Inputs: {"backend": "pymeshlab_isotropic", "backend.target_edge_length": 1, "backend.iterations": 3, "backend.feature_angle": 30, "backend.adaptive": "false", "report_panel": "false", "trimesh": ["5", 0]}
[02:07]   [ComfyUI] Generated prompt_id: cef0f527-a237-47f4-9c78-de6ab16af956
[02:07]   [ComfyUI] Calling execution.validate_prompt()...
[02:07]   [ComfyUI] Validation result: valid=True
[02:07]   [ComfyUI] === Validation PASSED ===
[02:07]   [ComfyUI] got prompt
[02:07]   [ComfyUI] [comfy-env] Running GeomPackLoadMesh: file_path: '3d/ArmoredWarrior_00005_.glb'
[02:07]   [ComfyUI] [comfy-env] SubprocessWorker: /home/runner/.ce/.pixi/envs/geometrypack-nodes/bin/python
[02:07]   [ComfyUI] [comfy-env] env_vars: {'KMP_DUPLICATE_LIB_OK': 'TRUE', 'OMP_NUM_THREADS': '1', 'COMFYUI_BASE': '/home/runner/work/comfy-gpu-ci/comfy-gpu-ci/test_workspaces/GeometryPack-0031/ComfyUI'}
[02:07]   [ComfyUI] [SubprocessWorker] call_method: nodes.io.load_mesh.LoadMesh.EXECUTE_NORMALIZED
[02:07]   [ComfyUI] [SubprocessWorker] acquired lock, ensuring started...
[02:07]   [ComfyUI] [ComfyUI-GeometryPack] python: /home/runner/.ce/.pixi/envs/geometrypack-nodes/bin/python
[02:07]   [ComfyUI] [ComfyUI-GeometryPack] sys_path sent to worker: ['/home/runner/work/comfy-gpu-ci/comfy-gpu-ci/test_workspaces/GeometryPack-0031/ComfyUI', '/home/runner/work/comfy-gpu-ci/comfy-gpu-ci/test_workspaces/GeometryPack-0031/ComfyUI/custom_nodes/ComfyUI-GeometryPack', '/home/runner/.ce/.pixi/envs/geometrypack-nodes/lib/python3.10/site-packages', '/home/runner/work/comfy-gpu-ci/comfy-gpu-ci/test_workspaces/GeometryPack-0031/ComfyUI/custom_nodes/ComfyUI-GeometryPack']
[02:07]   [ComfyUI] [SubprocessWorker] is_pixi=True, python=/home/runner/.ce/.pixi/envs/geometrypack-nodes/bin/python
[02:07]   [ComfyUI] [SubprocessWorker] launching cmd=['/home/runner/.pixi/bin/pixi', 'run', '--as-is', '--manifest-path', '/home/runner/.ce/pixi.toml', '-e', 'geometrypack-nodes', 'python', '/tmp/comfyui_pvenv_m0m0ll48/persistent_worker.py', 'abstract://comfy_worker_ec0d2ca76d60']...
[02:07]   [ComfyUI] [SubprocessWorker] socket_addr=abstract://comfy_worker_ec0d2ca76d60 (abstract, no filesystem path)
[02:08]   [ComfyUI] [worker:ComfyUI-GeometryPack] ERROR: Failed to import comfy_kitchen, Error: No module named 'comfy_kitchen', fp8 and fp4 support will not be available.
[02:08]   [ComfyUI] [SubprocessWorker] worker started/confirmed
[02:08]   [ComfyUI] [SubprocessWorker] serializing kwargs to shm...
[02:08]   [ComfyUI] [SubprocessWorker] created 0 shm blocks
[02:08]   [ComfyUI] [SubprocessWorker] sending request via socket...
[02:08]   [ComfyUI] [SubprocessWorker] call_id=1 sending call_method
[02:08]   [ComfyUI] Failed to open dir (No such file or directory): /run/user/1001/gvfs/
[02:09]   [ComfyUI] [worker:ComfyUI-GeometryPack] INFO: Found mesh in input folder: 3d/ArmoredWarrior_00005_.glb
[02:09]   [ComfyUI] [worker:ComfyUI-GeometryPack] INFO: Loading: /home/runner/work/comfy-gpu-ci/comfy-gpu-ci/test_workspaces/GeometryPack-0031/ComfyUI/input/3d/ArmoredWarrior_00005_.glb
[02:09]   [ComfyUI] [worker:ComfyUI-GeometryPack] INFO: Converting Scene to single mesh (scene has 1 geometries)
[02:09]   Frame 2 saved (frame_001.jpg, t=2.2s)
[02:09]   [capture-periodic] freeze=2ms shot=96ms unfreeze=4ms saved=True
[02:09]   [ComfyUI] [worker:ComfyUI-GeometryPack] INFO: Initial mesh: 18061 vertices, 19827 faces
[02:09]   [ComfyUI] [worker:ComfyUI-GeometryPack] INFO: Successfully loaded: 18061 vertices, 19827 faces
[02:09]   [ComfyUI] [worker:ComfyUI-GeometryPack] INFO: Loaded: 18061 vertices, 19827 faces
[02:09]   [ComfyUI] [SubprocessWorker] got response: ok
[02:10]   [ComfyUI] [comfy-env] GeomPackLoadMesh done (3.53s): result: NodeOutput
[02:10]   [ComfyUI] [comfy-env] Running GeomPackAlphaWrap: alpha_percent: 1.1, offset_percent: 0.01, input_mesh: Trimesh
[02:10]   [ComfyUI] [SubprocessWorker] call_method: nodes.reconstruction_cgal.alpha_wrap.AlphaWrapNode.EXECUTE_NORMALIZED
[02:10]   [ComfyUI] [SubprocessWorker] acquired lock, ensuring started...
[02:10]   [ComfyUI] [ComfyUI-GeometryPack] Health check: ping (timeout=5.0s)...
[02:10]   [ComfyUI] [ComfyUI-GeometryPack] Health check: ok
[02:10]   [ComfyUI] [SubprocessWorker] worker started/confirmed
[02:10]   [ComfyUI] [SubprocessWorker] serializing kwargs to shm...
[02:10]   [ComfyUI] [SubprocessWorker] created 1 shm blocks
[02:10]   [ComfyUI] [SubprocessWorker] sending request via socket...
[02:10]   [ComfyUI] [SubprocessWorker] call_id=2 sending call_method
[02:10]   [ComfyUI] [worker:ComfyUI-GeometryPack] INFO: Input: 18,061 vertices, 19,827 faces (mesh)
[02:10]   [ComfyUI] [worker:ComfyUI-GeometryPack] INFO: Bounding box diagonal: 1.4618
[02:10]   [ComfyUI] [worker:ComfyUI-GeometryPack] INFO: Alpha: 0.016080 (1.1% of bbox)
[02:10]   [ComfyUI] [worker:ComfyUI-GeometryPack] INFO: Offset: 0.000146 (0.01% of bbox)
[02:10]   [ComfyUI] [SubprocessWorker] callback 'report_progress' from call_id=2
[02:11]   [ComfyUI] [SubprocessWorker] callback 'report_progress' from call_id=2
[02:11]   [ComfyUI] [worker:ComfyUI-GeometryPack] INFO: Built CGAL input data in 0.2s
[02:11]   [ComfyUI] [worker:ComfyUI-GeometryPack] INFO: Running CGAL Alpha Wrap...
[02:11]   Frame 3 saved (frame_002.jpg, t=4.5s)
[02:11]   [capture-periodic] freeze=2ms shot=95ms unfreeze=3ms saved=True
[02:12]   [capture-loop] iter=50 t=5.6s state={'complete': False, 'error': None, 'executedCount': 0, 'wsState': 1} eval_ms=3 ram=2.6/15.6GB (17%) swap=0.0/3.0GB (0%) cpu=28% browser_rss=0.85GB
[02:14]   [ComfyUI] [SubprocessWorker] callback 'report_progress' from call_id=2
[02:14]   [ComfyUI] [worker:ComfyUI-GeometryPack] INFO: Alpha Wrap finished in 0.0s, RSS 872 MB (+33 MB)
[02:14]   [ComfyUI] [SubprocessWorker] callback 'report_progress' from call_id=2
[02:14]   [ComfyUI] [worker:ComfyUI-GeometryPack] INFO: Extracted result mesh in 0.2s
[02:14]   [ComfyUI] [worker:ComfyUI-GeometryPack] INFO: Result: 12,770 vertices, 25,536 faces
[02:14]   [ComfyUI] [worker:ComfyUI-GeometryPack] INFO: Watertight: True
[02:14]   [ComfyUI] [SubprocessWorker] got response: ok
[02:14]   [ComfyUI] [comfy-env] GeomPackAlphaWrap done (3.63s): result: NodeOutput
[02:14]   [ComfyUI] [comfy-env] Running GeomPackRemesh: backend: dict, trimesh: Trimesh
[02:14]   [ComfyUI] [SubprocessWorker] call_method: nodes.remeshing.remesh.RemeshNode.EXECUTE_NORMALIZED
[02:14]   [ComfyUI] [SubprocessWorker] acquired lock, ensuring started...
[02:14]   [ComfyUI] [ComfyUI-GeometryPack] Health check: ping (timeout=5.0s)...
[02:14]   [ComfyUI] [ComfyUI-GeometryPack] Health check: ok
[02:14]   [ComfyUI] [SubprocessWorker] worker started/confirmed
[02:14]   [ComfyUI] [SubprocessWorker] serializing kwargs to shm...
[02:14]   [ComfyUI] [SubprocessWorker] created 1 shm blocks
[02:14]   [ComfyUI] [SubprocessWorker] sending request via socket...
[02:14]   [ComfyUI] [SubprocessWorker] call_id=3 sending call_method
[02:14]   [ComfyUI] [worker:ComfyUI-GeometryPack] INFO: Remesh dispatch: pymeshlab_isotropic -> GeomPackRemesh_PyMeshLab
[02:14]   [ComfyUI] [SubprocessWorker] got response: ok
[02:14]   [ComfyUI] [comfy-env] GeomPackRemesh done (0.01s): result: NodeOutput
[02:14]   [ComfyUI] [comfy-env] Running GeomPackPreviewMeshDual: layout: 'side_by_side', mode: 'fields', opacity_1: 1.0, opacity_2: 1.0, mesh_1: Trimesh, mesh_2: Trimesh
[02:14]   [ComfyUI] [SubprocessWorker] call_method: nodes.visualization.preview_mesh_dual.PreviewMeshDualNode.EXECUTE_NORMALIZED
[02:14]   [ComfyUI] [SubprocessWorker] acquired lock, ensuring started...
[02:14]   [ComfyUI] [ComfyUI-GeometryPack] Health check: ping (timeout=5.0s)...
[02:14]   [ComfyUI] [ComfyUI-GeometryPack] Health check: ok
[02:14]   [ComfyUI] [SubprocessWorker] worker started/confirmed
[02:14]   [ComfyUI] [SubprocessWorker] serializing kwargs to shm...
[02:14]   Node executed (1 total), capturing...
[02:14]   [ComfyUI] [SubprocessWorker] created 2 shm blocks
[02:14]   [ComfyUI] [SubprocessWorker] sending request via socket...
[02:14]   [ComfyUI] [SubprocessWorker] call_id=4 sending call_method
[02:14]   [ComfyUI] [worker:ComfyUI-GeometryPack] INFO: Layout: side_by_side, Mode: fields
[02:14]   [ComfyUI] [worker:ComfyUI-GeometryPack] INFO: Mesh 1: Mesh - 18061 vertices, 19827 faces
[02:14]   [ComfyUI] [worker:ComfyUI-GeometryPack] INFO: Mesh 2: Mesh - 12770 vertices, 25536 faces
[02:14]   [ComfyUI] [worker:ComfyUI-GeometryPack] INFO: Mesh 1 fields: []
[02:14]   [ComfyUI] [worker:ComfyUI-GeometryPack] INFO: Mesh 2 fields: []
[02:14]   [ComfyUI] [worker:ComfyUI-GeometryPack] INFO: Common fields: []
[02:14]   [ComfyUI] [worker:ComfyUI-GeometryPack] INFO: Mesh 1 visual: kind=texture, texture=True, vertex_colors=False
[02:14]   [ComfyUI] [worker:ComfyUI-GeometryPack] INFO: Mesh 2 visual: kind=None, texture=False, vertex_colors=False
[02:14]   [ComfyUI] [worker:ComfyUI-GeometryPack] INFO: Exported STL: /home/runner/work/comfy-gpu-ci/comfy-gpu-ci/test_workspaces/GeometryPack-0031/ComfyUI/output/preview_dual_1_7b0aaf2a.stl
[02:14]   [ComfyUI] [worker:ComfyUI-GeometryPack] INFO: Exported STL: /home/runner/work/comfy-gpu-ci/comfy-gpu-ci/test_workspaces/GeometryPack-0031/ComfyUI/output/preview_dual_2_7b0aaf2a.stl
[02:14]   [ComfyUI] [worker:ComfyUI-GeometryPack] INFO: Preview ready
[02:14]   [ComfyUI] [SubprocessWorker] got response: ok
[02:14]   [ComfyUI] [comfy-env] GeomPackPreviewMeshDual done (0.11s): result: NodeOutput
[02:14]   [ComfyUI] [comfy-env] Running GeomPackRemesh_PyMeshLab: trimesh: Trimesh, target_edge_length: 1.0, iterations: 3, feature_angle: 30.0, adaptive: 'false'
[02:14]   [ComfyUI] [SubprocessWorker] call_method: nodes.remeshing.backends.pymeshlab_isotropic.RemeshPyMeshLabNode.EXECUTE_NORMALIZED
[02:14]   [ComfyUI] [SubprocessWorker] acquired lock, ensuring started...
[02:14]   [ComfyUI] [ComfyUI-GeometryPack] Health check: ping (timeout=5.0s)...
[02:14]   [ComfyUI] [ComfyUI-GeometryPack] Health check: ok
[02:14]   [ComfyUI] [SubprocessWorker] worker started/confirmed
[02:14]   [ComfyUI] [SubprocessWorker] serializing kwargs to shm...
[02:14]   [ComfyUI] [SubprocessWorker] created 1 shm blocks
[02:14]   [ComfyUI] [SubprocessWorker] sending request via socket...
[02:14]   [ComfyUI] [SubprocessWorker] call_id=5 sending call_method
[02:14]   [ComfyUI] [worker:ComfyUI-GeometryPack] INFO: Backend: pymeshlab_isotropic
[02:14]   [ComfyUI] [worker:ComfyUI-GeometryPack] INFO: Input: 12770 vertices, 25536 faces
[02:14]   [ComfyUI] [worker:ComfyUI-GeometryPack] INFO: Parameters: target_edge_length=1.0, iterations=3, feature_angle=30.0, adaptive=false
[02:15]   Frame 4 saved (frame_003.jpg, t=7.5s)
[02:15]   [capture-node] freeze=2ms shot=213ms unfreeze=415ms saved=True
[02:15]   Node executed (2 total), capturing...
[02:15]   [ComfyUI] [worker:ComfyUI-GeometryPack] INFO: Output: 1973 vertices, 3942 faces
[02:15]   [ComfyUI] [SubprocessWorker] got response: ok
[02:15]   [ComfyUI] [comfy-env] GeomPackRemesh_PyMeshLab done (1.39s): result: NodeOutput
[02:15]   [ComfyUI] [comfy-env] Running GeomPackPreviewMeshMulti: mode: 'fields', mesh_1: Trimesh, mesh_2: Trimesh, mesh_3: Trimesh
[02:15]   [ComfyUI] [SubprocessWorker] call_method: nodes.visualization.preview_mesh_multi.PreviewMeshMultiNode.EXECUTE_NORMALIZED
[02:15]   [ComfyUI] [SubprocessWorker] acquired lock, ensuring started...
[02:15]   [ComfyUI] [ComfyUI-GeometryPack] Health check: ping (timeout=5.0s)...
[02:15]   [ComfyUI] [ComfyUI-GeometryPack] Health check: ok
[02:15]   [ComfyUI] [SubprocessWorker] worker started/confirmed
[02:15]   [ComfyUI] [SubprocessWorker] serializing kwargs to shm...
[02:16]   [ComfyUI] [SubprocessWorker] created 3 shm blocks
[02:16]   [ComfyUI] [SubprocessWorker] sending request via socket...
[02:16]   [ComfyUI] [SubprocessWorker] call_id=6 sending call_method
[02:16]   [ComfyUI] [worker:ComfyUI-GeometryPack] INFO: Mode: fields, Meshes: 3
[02:16]   [ComfyUI] [worker:ComfyUI-GeometryPack] INFO: Mesh 1: Mesh - 18061 vertices, 19827 faces
[02:16]   [ComfyUI] [worker:ComfyUI-GeometryPack] INFO: Exporting mesh to VTP: /home/runner/work/comfy-gpu-ci/comfy-gpu-ci/test_workspaces/GeometryPack-0031/ComfyUI/output/preview_multi_1_ce0ae0db.vtp
[02:16]   [ComfyUI] [worker:ComfyUI-GeometryPack] INFO: Adding normals field (18061 vertices)
[02:16]   [ComfyUI] [worker:ComfyUI-GeometryPack] INFO: Export complete: 18061 vertices, 19827 faces
[02:16]   [ComfyUI] [worker:ComfyUI-GeometryPack] INFO: Exported VTP: /home/runner/work/comfy-gpu-ci/comfy-gpu-ci/test_workspaces/GeometryPack-0031/ComfyUI/output/preview_multi_1_ce0ae0db.vtp
[02:16]   [ComfyUI] [worker:ComfyUI-GeometryPack] INFO: Mesh 2: Mesh - 12770 vertices, 25536 faces
[02:16]   [ComfyUI] [worker:ComfyUI-GeometryPack] INFO: Exporting mesh to VTP: /home/runner/work/comfy-gpu-ci/comfy-gpu-ci/test_workspaces/GeometryPack-0031/ComfyUI/output/preview_multi_2_ce0ae0db.vtp
[02:16]   Frame 5 saved (frame_004.jpg, t=8.9s)
[02:16]   [capture-node] freeze=2ms shot=112ms unfreeze=2ms saved=True
[02:16]   [ComfyUI] [worker:ComfyUI-GeometryPack] INFO: Adding normals field (12770 vertices)
[02:16]   [ComfyUI] [worker:ComfyUI-GeometryPack] INFO: Export complete: 12770 vertices, 25536 faces
[02:16]   [ComfyUI] [worker:ComfyUI-GeometryPack] INFO: Exported VTP: /home/runner/work/comfy-gpu-ci/comfy-gpu-ci/test_workspaces/GeometryPack-0031/ComfyUI/output/preview_multi_2_ce0ae0db.vtp
[02:16]   [ComfyUI] [worker:ComfyUI-GeometryPack] INFO: Mesh 3: Mesh - 1973 vertices, 3942 faces
[02:16]   [ComfyUI] [worker:ComfyUI-GeometryPack] INFO: Exporting mesh to VTP: /home/runner/work/comfy-gpu-ci/comfy-gpu-ci/test_workspaces/GeometryPack-0031/ComfyUI/output/preview_multi_3_ce0ae0db.vtp
[02:16]   [ComfyUI] [worker:ComfyUI-GeometryPack] INFO: Adding normals field (1973 vertices)
[02:16]   Node executed (3 total), capturing...
[02:16]   [ComfyUI] [worker:ComfyUI-GeometryPack] INFO: Export complete: 1973 vertices, 3942 faces
[02:16]   [ComfyUI] [worker:ComfyUI-GeometryPack] INFO: Exported VTP: /home/runner/work/comfy-gpu-ci/comfy-gpu-ci/test_workspaces/GeometryPack-0031/ComfyUI/output/preview_multi_3_ce0ae0db.vtp
[02:16]   [ComfyUI] [worker:ComfyUI-GeometryPack] INFO: Grid: 3x1, Preview ready
[02:16]   [ComfyUI] [SubprocessWorker] got response: ok
[02:16]   [ComfyUI] [comfy-env] GeomPackPreviewMeshMulti done (0.33s): result: NodeOutput
[02:16]   [ComfyUI] Prompt executed in 9.02 seconds
[02:16]   [capture-node] freeze=2ms shot=118ms unfreeze=4ms saved=False
[02:16]   Node executed (4 total), capturing...
[02:17]   Frame 6 saved (frame_005.jpg, t=9.8s)
[02:17]   [capture-node] freeze=522ms shot=325ms unfreeze=0ms saved=True
[02:17]   Execution complete (t=9.8s)
[02:17]   Captured 6 unique frames over 10.64s
[02:17]   [debug] iframes: 2
[02:17]   [debug]   iframe[0]: src=http://127.0.0.1:41895/extensions/ComfyUI-GeometryPack/viewer_dual.html?v=177845, canvas=370x485, rafFrozen=True
[02:17]   [debug]   iframe[1]: src=http://127.0.0.1:41895/extensions/ComfyUI-GeometryPack/viewer_multi.html?v=17784, canvas=244x393, rafFrozen=True
[02:17]   [timing] trigger_3d_previews: 0.0s
[02:20]   Saved high-quality screenshot: alpha_wrap_executed.png
[02:20]   [timing] final_screenshot: 0.3s
[02:20] Capturing execution frames: batch_remesh.json
[02:26]   Frame 1 saved (frame_000.jpg, t=0.0s)
[02:26]   Validating workflow...
[02:26]   [ComfyUI] === /validate endpoint called ===
[02:26]   [ComfyUI] Received JSON with keys: ['prompt']
[02:26]   [ComfyUI] Prompt has 4 nodes
[02:26]   [ComfyUI]   Node 1: GeomPackLoadMeshBatch
[02:26]   [ComfyUI]     Inputs: {"folder_path": "3d", "start_index": 0, "max_meshes": 4}
[02:26]   [ComfyUI]   Node 4: GeomPackMeshInfo
[02:26]   [ComfyUI]     Inputs: {"report_panel": "false", "trimesh": ["1", 0]}
[02:26]   [ComfyUI]   Node 6: GeomPackPreviewMeshVTKBatch
[02:26]   Queuing workflow for execution...
[02:26]   [ComfyUI]     Inputs: {"mode": "fields", "index": 0, "preview_vtk_batch": "{\"show_edges\":false,\"camera_state\":\"\",\"selected_field\":\"\",\"selected_channel\":\"magnitude\",\"selected_colormap\":\"erdc_rainbow_bright\
[02:26]   [ComfyUI]   Node 11: GeomPackRemesh
[02:26]   [ComfyUI]     Inputs: {"backend": "pymeshlab_isotropic", "backend.target_edge_length": 1, "backend.iterations": 3, "backend.feature_angle": 30, "backend.adaptive": "false", "report_panel": "false", "trimesh": ["1", 0]}
[02:26]   [ComfyUI] Generated prompt_id: 87d94a65-48df-4214-a559-bafab458b445
[02:26]   [ComfyUI] Calling execution.validate_prompt()...
[02:26]   [ComfyUI] Validation result: valid=True
[02:26]   [ComfyUI] === Validation PASSED ===
[02:26]   [ComfyUI] got prompt
[02:26]   [ComfyUI] [comfy-env] Running GeomPackLoadMeshBatch: folder_path: '3d', start_index: 0, max_meshes: 4
[02:26]   [ComfyUI] [SubprocessWorker] call_method: nodes.io.load_mesh_batch.LoadMeshBatch.EXECUTE_NORMALIZED
[02:26]   [ComfyUI] [SubprocessWorker] acquired lock, ensuring started...
[02:26]   [ComfyUI] [ComfyUI-GeometryPack] Health check: ping (timeout=5.0s)...
[02:26]   [ComfyUI] [ComfyUI-GeometryPack] Health check: ok
[02:26]   [ComfyUI] [SubprocessWorker] worker started/confirmed
[02:26]   [ComfyUI] [SubprocessWorker] serializing kwargs to shm...
[02:26]   [ComfyUI] [SubprocessWorker] created 0 shm blocks
[02:26]   [ComfyUI] [SubprocessWorker] sending request via socket...
[02:26]   [ComfyUI] [SubprocessWorker] call_id=7 sending call_method
[02:26]   [ComfyUI] [worker:ComfyUI-GeometryPack] INFO: Found folder in input: 3d
[02:26]   [ComfyUI] [worker:ComfyUI-GeometryPack] INFO: Found 12 mesh files
[02:26]   [ComfyUI] [worker:ComfyUI-GeometryPack] INFO: Loading up to 4 meshes
[02:26]   [ComfyUI] [worker:ComfyUI-GeometryPack] INFO: Loading: /home/runner/work/comfy-gpu-ci/comfy-gpu-ci/test_workspaces/GeometryPack-0031/ComfyUI/input/3d/ArmoredWarrior_00005_.glb
[02:26]   [ComfyUI] [worker:ComfyUI-GeometryPack] INFO: Converting Scene to single mesh (scene has 1 geometries)
[02:26]   [ComfyUI] [worker:ComfyUI-GeometryPack] INFO: Initial mesh: 18061 vertices, 19827 faces
[02:26]   [ComfyUI] [worker:ComfyUI-GeometryPack] INFO: Successfully loaded: 18061 vertices, 19827 faces
[02:26]   [ComfyUI] [worker:ComfyUI-GeometryPack] INFO: [1/4] Loaded ArmoredWarrior_00005_.glb: 18061 vertices, 19827 faces
[02:26]   [ComfyUI] [worker:ComfyUI-GeometryPack] INFO: Loading: /home/runner/work/comfy-gpu-ci/comfy-gpu-ci/test_workspaces/GeometryPack-0031/ComfyUI/input/3d/Stanford_Bunny.stl
[02:26]   [ComfyUI] [worker:ComfyUI-GeometryPack] INFO: Initial mesh: 56203 vertices, 112402 faces
[02:26]   [ComfyUI] [worker:ComfyUI-GeometryPack] INFO: Successfully loaded: 56203 vertices, 112402 faces
[02:26]   [ComfyUI] [worker:ComfyUI-GeometryPack] INFO: [2/4] Loaded Stanford_Bunny.stl: 56203 vertices, 112402 faces
[02:26]   [ComfyUI] [worker:ComfyUI-GeometryPack] INFO: Loading: /home/runner/work/comfy-gpu-ci/comfy-gpu-ci/test_workspaces/GeometryPack-0031/ComfyUI/input/3d/camel_b.obj
[02:26]   [ComfyUI] [worker:ComfyUI-GeometryPack] INFO: Initial mesh: 2032 vertices, 3576 faces
[02:26]   [ComfyUI] [worker:ComfyUI-GeometryPack] INFO: Successfully loaded: 2032 vertices, 3576 faces
[02:26]   [ComfyUI] [worker:ComfyUI-GeometryPack] INFO: [3/4] Loaded camel_b.obj: 2032 vertices, 3576 faces
[02:26]   [ComfyUI] [worker:ComfyUI-GeometryPack] INFO: Loading: /home/runner/work/comfy-gpu-ci/comfy-gpu-ci/test_workspaces/GeometryPack-0031/ComfyUI/input/3d/camelhead.off
[02:26]   [ComfyUI] [worker:ComfyUI-GeometryPack] INFO: Initial mesh: 11381 vertices, 22704 faces
[02:26]   [ComfyUI] [worker:ComfyUI-GeometryPack] INFO: Successfully loaded: 11381 vertices, 22704 faces
[02:26]   [ComfyUI] [worker:ComfyUI-GeometryPack] INFO: [4/4] Loaded camelhead.off: 11381 vertices, 22704 faces
[02:26]   [ComfyUI] [worker:ComfyUI-GeometryPack] INFO: Successfully loaded 4 meshes
[02:26]   [ComfyUI] [SubprocessWorker] got response: ok
[02:26]   [ComfyUI] [comfy-env] GeomPackLoadMeshBatch done (0.69s): result: NodeOutput
[02:26]   [ComfyUI] [comfy-env] Running GeomPackMeshInfo: trimesh: list[4]
[02:26]   [ComfyUI] [SubprocessWorker] call_method: nodes.analysis.mesh_info.MeshInfoNode.EXECUTE_NORMALIZED
[02:26]   [ComfyUI] [SubprocessWorker] acquired lock, ensuring started...
[02:26]   [ComfyUI] [ComfyUI-GeometryPack] Health check: ping (timeout=5.0s)...
[02:26]   [ComfyUI] [ComfyUI-GeometryPack] Health check: ok
[02:26]   [ComfyUI] [SubprocessWorker] worker started/confirmed
[02:26]   [ComfyUI] [SubprocessWorker] serializing kwargs to shm...
[02:27]   [ComfyUI] [SubprocessWorker] created 4 shm blocks
[02:27]   [ComfyUI] [SubprocessWorker] sending request via socket...
[02:27]   [ComfyUI] [SubprocessWorker] call_id=8 sending call_method
[02:27]   [ComfyUI] [SubprocessWorker] got response: ok
[02:27]   [ComfyUI] [comfy-env] GeomPackMeshInfo done (0.28s): result: NodeOutput
[02:27]   [ComfyUI] [comfy-env] Running GeomPackRemesh: backend: dict, trimesh: Trimesh
[02:27]   [ComfyUI] [SubprocessWorker] call_method: nodes.remeshing.remesh.RemeshNode.EXECUTE_NORMALIZED
[02:27]   [ComfyUI] [SubprocessWorker] acquired lock, ensuring started...
[02:27]   [ComfyUI] [ComfyUI-GeometryPack] Health check: ping (timeout=5.0s)...
[02:27]   [ComfyUI] [ComfyUI-GeometryPack] Health check: ok
[02:27]   [ComfyUI] [SubprocessWorker] worker started/confirmed
[02:27]   [ComfyUI] [SubprocessWorker] serializing kwargs to shm...
[02:27]   Node executed (1 total), capturing...
[02:27]   [ComfyUI] [SubprocessWorker] created 1 shm blocks
[02:27]   [ComfyUI] [SubprocessWorker] sending request via socket...
[02:27]   [ComfyUI] [SubprocessWorker] call_id=9 sending call_method
[02:27]   [ComfyUI] [worker:ComfyUI-GeometryPack] INFO: Remesh dispatch: pymeshlab_isotropic -> GeomPackRemesh_PyMeshLab
[02:27]   [ComfyUI] [SubprocessWorker] got response: ok
[02:27]   [ComfyUI] [comfy-env] GeomPackRemesh done (0.19s): result: NodeOutput
[02:27]   [ComfyUI] [comfy-env] Running GeomPackRemesh: backend: dict, trimesh: Trimesh
[02:27]   [ComfyUI] [SubprocessWorker] call_method: nodes.remeshing.remesh.RemeshNode.EXECUTE_NORMALIZED
[02:27]   [ComfyUI] [SubprocessWorker] acquired lock, ensuring started...
[02:27]   [ComfyUI] [ComfyUI-GeometryPack] Health check: ping (timeout=5.0s)...
[02:27]   [ComfyUI] [ComfyUI-GeometryPack] Health check: ok
[02:27]   [ComfyUI] [SubprocessWorker] worker started/confirmed
[02:27]   [ComfyUI] [SubprocessWorker] serializing kwargs to shm...
[02:27]   [ComfyUI] [SubprocessWorker] created 1 shm blocks
[02:27]   [ComfyUI] [SubprocessWorker] sending request via socket...
[02:27]   [ComfyUI] [SubprocessWorker] call_id=10 sending call_method
[02:27]   [ComfyUI] [worker:ComfyUI-GeometryPack] INFO: Remesh dispatch: pymeshlab_isotropic -> GeomPackRemesh_PyMeshLab
[02:27]   [ComfyUI] [SubprocessWorker] got response: ok
[02:27]   [ComfyUI] [comfy-env] GeomPackRemesh done (0.03s): result: NodeOutput
[02:27]   [ComfyUI] [comfy-env] Running GeomPackRemesh: backend: dict, trimesh: Trimesh
[02:27]   [ComfyUI] [SubprocessWorker] call_method: nodes.remeshing.remesh.RemeshNode.EXECUTE_NORMALIZED
[02:27]   [ComfyUI] [SubprocessWorker] acquired lock, ensuring started...
[02:27]   [ComfyUI] [ComfyUI-GeometryPack] Health check: ping (timeout=5.0s)...
[02:27]   [ComfyUI] [ComfyUI-GeometryPack] Health check: ok
[02:27]   [ComfyUI] [SubprocessWorker] worker started/confirmed
[02:27]   [ComfyUI] [SubprocessWorker] serializing kwargs to shm...
[02:27]   [ComfyUI] [SubprocessWorker] created 1 shm blocks
[02:27]   [ComfyUI] [SubprocessWorker] sending request via socket...
[02:27]   [ComfyUI] [SubprocessWorker] call_id=11 sending call_method
[02:27]   [ComfyUI] [worker:ComfyUI-GeometryPack] INFO: Remesh dispatch: pymeshlab_isotropic -> GeomPackRemesh_PyMeshLab
[02:27]   [ComfyUI] [SubprocessWorker] got response: ok
[02:27]   [ComfyUI] [comfy-env] GeomPackRemesh done (0.01s): result: NodeOutput
[02:27]   [ComfyUI] [comfy-env] Running GeomPackRemesh: backend: dict, trimesh: Trimesh
[02:27]   [ComfyUI] [SubprocessWorker] call_method: nodes.remeshing.remesh.RemeshNode.EXECUTE_NORMALIZED
[02:27]   [ComfyUI] [SubprocessWorker] acquired lock, ensuring started...
[02:27]   [ComfyUI] [ComfyUI-GeometryPack] Health check: ping (timeout=5.0s)...
[02:27]   [ComfyUI] [ComfyUI-GeometryPack] Health check: ok
[02:27]   [ComfyUI] [SubprocessWorker] worker started/confirmed
[02:27]   [ComfyUI] [SubprocessWorker] serializing kwargs to shm...
[02:27]   [ComfyUI] [SubprocessWorker] created 1 shm blocks
[02:27]   [ComfyUI] [SubprocessWorker] sending request via socket...
[02:27]   [ComfyUI] [SubprocessWorker] call_id=12 sending call_method
[02:27]   [ComfyUI] [worker:ComfyUI-GeometryPack] INFO: Remesh dispatch: pymeshlab_isotropic -> GeomPackRemesh_PyMeshLab
[02:27]   [ComfyUI] [SubprocessWorker] got response: ok
[02:27]   [ComfyUI] [comfy-env] GeomPackRemesh done (0.01s): result: NodeOutput
[02:27]   [ComfyUI] [comfy-env] Running GeomPackRemesh_PyMeshLab: trimesh: Trimesh, target_edge_length: 1.0, iterations: 3, feature_angle: 30.0, adaptive: 'false'
[02:27]   [ComfyUI] [SubprocessWorker] call_method: nodes.remeshing.backends.pymeshlab_isotropic.RemeshPyMeshLabNode.EXECUTE_NORMALIZED
[02:27]   [ComfyUI] [SubprocessWorker] acquired lock, ensuring started...
[02:27]   [ComfyUI] [ComfyUI-GeometryPack] Health check: ping (timeout=5.0s)...
[02:27]   [ComfyUI] [ComfyUI-GeometryPack] Health check: ok
[02:27]   [ComfyUI] [SubprocessWorker] worker started/confirmed
[02:27]   [ComfyUI] [SubprocessWorker] serializing kwargs to shm...
[02:27]   [ComfyUI] [SubprocessWorker] created 1 shm blocks
[02:27]   [ComfyUI] [SubprocessWorker] sending request via socket...
[02:27]   [ComfyUI] [SubprocessWorker] call_id=13 sending call_method
[02:27]   [ComfyUI] [worker:ComfyUI-GeometryPack] INFO: Backend: pymeshlab_isotropic
[02:27]   [ComfyUI] [worker:ComfyUI-GeometryPack] INFO: Input: 18061 vertices, 19827 faces
[02:27]   [ComfyUI] [worker:ComfyUI-GeometryPack] INFO: Parameters: target_edge_length=1.0, iterations=3, feature_angle=30.0, adaptive=false
[02:27]   Frame 2 saved (frame_001.jpg, t=1.3s)
[02:27]   [capture-node] freeze=3ms shot=103ms unfreeze=3ms saved=True
[02:28]   [ComfyUI] [worker:ComfyUI-GeometryPack] INFO: Output: 5249 vertices, 11066 faces
[02:28]   [ComfyUI] [SubprocessWorker] got response: ok
[02:28]   [ComfyUI] [comfy-env] GeomPackRemesh_PyMeshLab done (1.21s): result: NodeOutput
[02:28]   [ComfyUI] [comfy-env] Running GeomPackRemesh_PyMeshLab: trimesh: Trimesh, target_edge_length: 1.0, iterations: 3, feature_angle: 30.0, adaptive: 'false'
[02:28]   [ComfyUI] [SubprocessWorker] call_method: nodes.remeshing.backends.pymeshlab_isotropic.RemeshPyMeshLabNode.EXECUTE_NORMALIZED
[02:28]   [ComfyUI] [SubprocessWorker] acquired lock, ensuring started...
[02:28]   [ComfyUI] [ComfyUI-GeometryPack] Health check: ping (timeout=5.0s)...
[02:28]   [ComfyUI] [ComfyUI-GeometryPack] Health check: ok
[02:28]   [ComfyUI] [SubprocessWorker] worker started/confirmed
[02:28]   [ComfyUI] [SubprocessWorker] serializing kwargs to shm...
[02:28]   [ComfyUI] [SubprocessWorker] created 1 shm blocks
[02:28]   [ComfyUI] [SubprocessWorker] sending request via socket...
[02:28]   [ComfyUI] [SubprocessWorker] call_id=14 sending call_method
[02:28]   [ComfyUI] [worker:ComfyUI-GeometryPack] INFO: Backend: pymeshlab_isotropic
[02:28]   [ComfyUI] [worker:ComfyUI-GeometryPack] INFO: Input: 56203 vertices, 112402 faces
[02:28]   [ComfyUI] [worker:ComfyUI-GeometryPack] INFO: Parameters: target_edge_length=1.0, iterations=3, feature_angle=30.0, adaptive=false
[02:28]   Node executed (2 total), capturing...
[02:29]   Frame 3 saved (frame_002.jpg, t=2.7s)
[02:29]   [capture-node] freeze=2ms shot=82ms unfreeze=4ms saved=True
[02:31]   Frame 4 saved (frame_003.jpg, t=4.9s)
[02:31]   [capture-periodic] freeze=2ms shot=168ms unfreeze=8ms saved=True
[02:32]   [capture-loop] iter=50 t=6.1s state={'complete': False, 'error': None, 'executedCount': 2, 'wsState': 1} eval_ms=2 ram=3.0/15.6GB (19%) swap=0.0/3.0GB (0%) cpu=34% browser_rss=0.87GB
[02:34]   [ComfyUI] [worker:ComfyUI-GeometryPack] INFO: Output: 32264 vertices, 64524 faces
[02:34]   [ComfyUI] [SubprocessWorker] got response: ok
[02:34]   [ComfyUI] [comfy-env] GeomPackRemesh_PyMeshLab done (6.04s): result: NodeOutput
[02:34]   [ComfyUI] [comfy-env] Running GeomPackRemesh_PyMeshLab: trimesh: Trimesh, target_edge_length: 1.0, iterations: 3, feature_angle: 30.0, adaptive: 'false'
[02:34]   [ComfyUI] [SubprocessWorker] call_method: nodes.remeshing.backends.pymeshlab_isotropic.RemeshPyMeshLabNode.EXECUTE_NORMALIZED
[02:34]   [ComfyUI] [SubprocessWorker] acquired lock, ensuring started...
[02:34]   [ComfyUI] [ComfyUI-GeometryPack] Health check: ping (timeout=5.0s)...
[02:34]   [ComfyUI] [ComfyUI-GeometryPack] Health check: ok
[02:34]   [ComfyUI] [SubprocessWorker] worker started/confirmed
[02:34]   [ComfyUI] [SubprocessWorker] serializing kwargs to shm...
[02:34]   [ComfyUI] [SubprocessWorker] created 1 shm blocks
[02:34]   [ComfyUI] [SubprocessWorker] sending request via socket...
[02:34]   [ComfyUI] [SubprocessWorker] call_id=15 sending call_method
[02:34]   [ComfyUI] [worker:ComfyUI-GeometryPack] INFO: Backend: pymeshlab_isotropic
[02:34]   [ComfyUI] [worker:ComfyUI-GeometryPack] INFO: Input: 2032 vertices, 3576 faces
[02:34]   [ComfyUI] [worker:ComfyUI-GeometryPack] INFO: Parameters: target_edge_length=1.0, iterations=3, feature_angle=30.0, adaptive=false
[02:34]   Node executed (3 total), capturing...
[02:35]   Frame 5 saved (frame_004.jpg, t=8.8s)
[02:35]   [capture-node] freeze=2ms shot=97ms unfreeze=3ms saved=True
[02:35]   [ComfyUI] [worker:ComfyUI-GeometryPack] INFO: Output: 9672 vertices, 19342 faces
[02:35]   [ComfyUI] [SubprocessWorker] got response: ok
[02:35]   [ComfyUI] [comfy-env] GeomPackRemesh_PyMeshLab done (0.58s): result: NodeOutput
[02:35]   [ComfyUI] [comfy-env] Running GeomPackRemesh_PyMeshLab: trimesh: Trimesh, target_edge_length: 1.0, iterations: 3, feature_angle: 30.0, adaptive: 'false'
[02:35]   [ComfyUI] [SubprocessWorker] call_method: nodes.remeshing.backends.pymeshlab_isotropic.RemeshPyMeshLabNode.EXECUTE_NORMALIZED
[02:35]   [ComfyUI] [SubprocessWorker] acquired lock, ensuring started...
[02:35]   [ComfyUI] [ComfyUI-GeometryPack] Health check: ping (timeout=5.0s)...
[02:35]   [ComfyUI] [ComfyUI-GeometryPack] Health check: ok
[02:35]   [ComfyUI] [SubprocessWorker] worker started/confirmed
[02:35]   [ComfyUI] [SubprocessWorker] serializing kwargs to shm...
[02:35]   [ComfyUI] [SubprocessWorker] created 1 shm blocks
[02:35]   [ComfyUI] [SubprocessWorker] sending request via socket...
[02:35]   [ComfyUI] [SubprocessWorker] call_id=16 sending call_method
[02:35]   [ComfyUI] [worker:ComfyUI-GeometryPack] INFO: Backend: pymeshlab_isotropic
[02:35]   [ComfyUI] [worker:ComfyUI-GeometryPack] INFO: Input: 11381 vertices, 22704 faces
[02:35]   [ComfyUI] [worker:ComfyUI-GeometryPack] INFO: Parameters: target_edge_length=1.0, iterations=3, feature_angle=30.0, adaptive=false
[02:35]   Node executed (4 total), capturing...
[02:35]   Frame 6 saved (frame_005.jpg, t=9.3s)
[02:35]   [capture-node] freeze=2ms shot=101ms unfreeze=2ms saved=True
[02:36]   [ComfyUI] [worker:ComfyUI-GeometryPack] INFO: Output: 207 vertices, 396 faces
[02:36]   [ComfyUI] [SubprocessWorker] got response: ok
[02:36]   [ComfyUI] [comfy-env] GeomPackRemesh_PyMeshLab done (0.89s): result: NodeOutput
[02:36]   [ComfyUI] [comfy-env] Running GeomPackPreviewMeshVTKBatch: mode: list[1], index: list[1], trimesh: list[4]
[02:36]   [ComfyUI] [SubprocessWorker] call_method: nodes.visualization.preview_mesh_vtk_batch.PreviewMeshVTKBatchNode.EXECUTE_NORMALIZED
[02:36]   [ComfyUI] [SubprocessWorker] acquired lock, ensuring started...
[02:36]   [ComfyUI] [ComfyUI-GeometryPack] Health check: ping (timeout=5.0s)...
[02:36]   [ComfyUI] [ComfyUI-GeometryPack] Health check: ok
[02:36]   [ComfyUI] [SubprocessWorker] worker started/confirmed
[02:36]   [ComfyUI] [SubprocessWorker] serializing kwargs to shm...
[02:36]   [ComfyUI] [SubprocessWorker] created 4 shm blocks
[02:36]   [ComfyUI] [SubprocessWorker] sending request via socket...
[02:36]   [ComfyUI] [SubprocessWorker] call_id=17 sending call_method
[02:36]   [ComfyUI] [worker:ComfyUI-GeometryPack] INFO: Batch size: 4, showing index: 1/4
[02:36]   [ComfyUI] [worker:ComfyUI-GeometryPack] INFO: Preparing preview: Mesh - 5249 vertices, 11066 faces
[02:36]   [ComfyUI] [worker:ComfyUI-GeometryPack] INFO: Mode: fields
[02:36]   [ComfyUI] [worker:ComfyUI-GeometryPack] INFO: Visual data - has_visual: True, kind: None, texture: False, vertex_colors: False
[02:36]   [ComfyUI] [worker:ComfyUI-GeometryPack] INFO: Using fields mode - VTP/STL export
[02:36]   [ComfyUI] [worker:ComfyUI-GeometryPack] INFO: Exported STL to: /home/runner/work/comfy-gpu-ci/comfy-gpu-ci/test_workspaces/GeometryPack-0031/ComfyUI/output/preview_vtk_batch_a09624dd.stl
[02:36]   [ComfyUI] [worker:ComfyUI-GeometryPack] INFO: Fields mode info: watertight=False, volume=None, area=4.31976979914088, no fields
[02:36]   [ComfyUI] [SubprocessWorker] got response: ok
[02:36]   [ComfyUI] [comfy-env] GeomPackPreviewMeshVTKBatch done (0.03s): result: NodeOutput
[02:36]   [ComfyUI] Prompt executed in 9.96 seconds
[02:36]   Node executed (5 total), capturing...
[02:36]   Frame 7 saved (frame_006.jpg, t=10.3s)
[02:36]   [capture-node] freeze=2ms shot=88ms unfreeze=3ms saved=True
[02:36]   Node executed (6 total), capturing...
[02:37]   Frame 8 saved (frame_007.jpg, t=10.8s)
[02:37]   [capture-node] freeze=2ms shot=94ms unfreeze=0ms saved=True
[02:37]   Execution complete (t=10.8s)
[02:37]   Captured 8 unique frames over 10.9s
[02:37]   [debug] iframes: 1
[02:37]   [debug]   iframe[0]: src=http://127.0.0.1:41895/extensions/ComfyUI-GeometryPack/viewer_vtk.html?v=1778459, canvas=622x373, rafFrozen=True
[02:37]   [timing] trigger_3d_previews: 0.0s
[02:39]   Saved high-quality screenshot: batch_remesh_executed.png
[02:39]   [timing] final_screenshot: 0.2s
[02:39] Capturing execution frames: boolean_ops.json
[02:45]   Frame 1 saved (frame_000.jpg, t=0.0s)
[02:45]   Validating workflow...
[02:45]   [ComfyUI] === /validate endpoint called ===
[02:45]   [ComfyUI] Received JSON with keys: ['prompt']
[02:45]   [ComfyUI] Prompt has 5 nodes
[02:45]   [ComfyUI]   Node 1: GeomPackCreatePrimitive
[02:45]   [ComfyUI]     Inputs: {"shape": "cube", "size": 2, "subdivisions": 1}
[02:45]   [ComfyUI]   Node 2: GeomPackCreatePrimitive
[02:45]   [ComfyUI]     Inputs: {"shape": "sphere", "size": 2.5, "subdivisions": 2}
[02:45]   [ComfyUI]   Node 21: GeomPackPreviewMeshDual
[02:45]   Queuing workflow for execution...
[02:45]   [ComfyUI]     Inputs: {"layout": "side_by_side", "mode": "fields", "opacity_1": 1, "opacity_2": 1, "preview_dual": "{\"show_edges\":true,\"camera_state\":\"\",\"selected_field\":\"\",\"selected_channel\":\"magnitude\",\"se
[02:45]   [ComfyUI]   Node 22: GeomPackPreviewMeshVTK
[02:45]   [ComfyUI]     Inputs: {"mode": "fields", "preview_vtk": "{\"show_edges\":true,\"camera_state\":\"\",\"selected_field\":\"\",\"selected_channel\":\"magnitude\",\"selected_colormap\":\"erdc_rainbow_bright\"}", "trimesh": ["2
[02:45]   [ComfyUI]   Node 25: GeomPackBoolean
[02:45]   [ComfyUI]     Inputs: {"operation": "union", "backend": "libigl_cgal", "mesh_a": ["1", 0], "mesh_b": ["2", 0]}
[02:45]   [ComfyUI] Generated prompt_id: 89118ec4-76df-45a5-9ae9-912f2f39c5c8
[02:45]   [ComfyUI] Calling execution.validate_prompt()...
[02:45]   [ComfyUI] Validation result: valid=True
[02:45]   [ComfyUI] === Validation PASSED ===
[02:45]   [ComfyUI] got prompt
[02:45]   [ComfyUI] [comfy-env] Running GeomPackCreatePrimitive: shape: 'sphere', size: 2.5, subdivisions: 2
[02:45]   [ComfyUI] [SubprocessWorker] call_method: nodes.primitives.create_primitive.CreatePrimitive.EXECUTE_NORMALIZED
[02:45]   [ComfyUI] [SubprocessWorker] acquired lock, ensuring started...
[02:45]   [ComfyUI] [ComfyUI-GeometryPack] Health check: ping (timeout=5.0s)...
[02:45]   [ComfyUI] [ComfyUI-GeometryPack] Health check: ok
[02:45]   [ComfyUI] [SubprocessWorker] worker started/confirmed
[02:45]   [ComfyUI] [SubprocessWorker] serializing kwargs to shm...
[02:45]   [ComfyUI] [SubprocessWorker] created 0 shm blocks
[02:45]   [ComfyUI] [SubprocessWorker] sending request via socket...
[02:45]   [ComfyUI] [SubprocessWorker] call_id=18 sending call_method
[02:45]   [ComfyUI] [worker:ComfyUI-GeometryPack] INFO: Created sphere: 162 vertices, 320 faces
[02:45]   [ComfyUI] [SubprocessWorker] got response: ok
[02:45]   [ComfyUI] [comfy-env] GeomPackCreatePrimitive done (0.01s): result: NodeOutput
[02:45]   [ComfyUI] [comfy-env] Running GeomPackCreatePrimitive: shape: 'cube', size: 2.0, subdivisions: 1
[02:45]   [ComfyUI] [SubprocessWorker] call_method: nodes.primitives.create_primitive.CreatePrimitive.EXECUTE_NORMALIZED
[02:45]   [ComfyUI] [SubprocessWorker] acquired lock, ensuring started...
[02:45]   [ComfyUI] [ComfyUI-GeometryPack] Health check: ping (timeout=5.0s)...
[02:45]   [ComfyUI] [ComfyUI-GeometryPack] Health check: ok
[02:45]   [ComfyUI] [SubprocessWorker] worker started/confirmed
[02:45]   [ComfyUI] [SubprocessWorker] serializing kwargs to shm...
[02:45]   [ComfyUI] [SubprocessWorker] created 0 shm blocks
[02:45]   [ComfyUI] [SubprocessWorker] sending request via socket...
[02:45]   [ComfyUI] [SubprocessWorker] call_id=19 sending call_method
[02:45]   [ComfyUI] [worker:ComfyUI-GeometryPack] INFO: Created cube: 8 vertices, 12 faces
[02:45]   [ComfyUI] [SubprocessWorker] got response: ok
[02:45]   [ComfyUI] [comfy-env] GeomPackCreatePrimitive done (0.01s): result: NodeOutput
[02:45]   [ComfyUI] [comfy-env] Running GeomPackPreviewMeshDual: layout: 'side_by_side', mode: 'fields', opacity_1: 1.0, opacity_2: 1.0, mesh_1: Trimesh, mesh_2: Trimesh
[02:45]   [ComfyUI] [SubprocessWorker] call_method: nodes.visualization.preview_mesh_dual.PreviewMeshDualNode.EXECUTE_NORMALIZED
[02:45]   [ComfyUI] [SubprocessWorker] acquired lock, ensuring started...
[02:45]   [ComfyUI] [ComfyUI-GeometryPack] Health check: ping (timeout=5.0s)...
[02:45]   [ComfyUI] [ComfyUI-GeometryPack] Health check: ok
[02:45]   [ComfyUI] [SubprocessWorker] worker started/confirmed
[02:45]   [ComfyUI] [SubprocessWorker] serializing kwargs to shm...
[02:45]   [ComfyUI] [SubprocessWorker] created 2 shm blocks
[02:45]   [ComfyUI] [SubprocessWorker] sending request via socket...
[02:45]   [ComfyUI] [SubprocessWorker] call_id=20 sending call_method
[02:45]   [ComfyUI] [worker:ComfyUI-GeometryPack] INFO: Layout: side_by_side, Mode: fields
[02:45]   [ComfyUI] [worker:ComfyUI-GeometryPack] INFO: Mesh 1: Mesh - 8 vertices, 12 faces
[02:45]   [ComfyUI] [worker:ComfyUI-GeometryPack] INFO: Mesh 2: Mesh - 162 vertices, 320 faces
[02:45]   [ComfyUI] [worker:ComfyUI-GeometryPack] INFO: Mesh 1 fields: []
[02:45]   [ComfyUI] [worker:ComfyUI-GeometryPack] INFO: Mesh 2 fields: []
[02:45]   [ComfyUI] [worker:ComfyUI-GeometryPack] INFO: Common fields: []
[02:45]   [ComfyUI] [worker:ComfyUI-GeometryPack] INFO: Mesh 1 visual: kind=None, texture=False, vertex_colors=False
[02:45]   [ComfyUI] [worker:ComfyUI-GeometryPack] INFO: Mesh 2 visual: kind=None, texture=False, vertex_colors=False
[02:45]   [ComfyUI] [worker:ComfyUI-GeometryPack] INFO: Exported STL: /home/runner/work/comfy-gpu-ci/comfy-gpu-ci/test_workspaces/GeometryPack-0031/ComfyUI/output/preview_dual_1_7473d5ab.stl
[02:45]   [ComfyUI] [worker:ComfyUI-GeometryPack] INFO: Exported STL: /home/runner/work/comfy-gpu-ci/comfy-gpu-ci/test_workspaces/GeometryPack-0031/ComfyUI/output/preview_dual_2_7473d5ab.stl
[02:45]   [ComfyUI] [worker:ComfyUI-GeometryPack] INFO: Preview ready
[02:45]   [ComfyUI] [SubprocessWorker] got response: ok
[02:45]   [ComfyUI] [comfy-env] GeomPackPreviewMeshDual done (0.02s): result: NodeOutput
[02:45]   [ComfyUI] [comfy-env] Running GeomPackBoolean: operation: 'union', backend: dict, mesh_a: Trimesh, mesh_b: Trimesh
[02:45]   [ComfyUI] [SubprocessWorker] call_method: nodes.boolean.boolean.BooleanNode.EXECUTE_NORMALIZED
[02:45]   [ComfyUI] [SubprocessWorker] acquired lock, ensuring started...
[02:45]   [ComfyUI] [ComfyUI-GeometryPack] Health check: ping (timeout=5.0s)...
[02:45]   [ComfyUI] [ComfyUI-GeometryPack] Health check: ok
[02:45]   [ComfyUI] [SubprocessWorker] worker started/confirmed
[02:45]   [ComfyUI] [SubprocessWorker] serializing kwargs to shm...
[02:45]   [ComfyUI] [SubprocessWorker] created 2 shm blocks
[02:45]   [ComfyUI] [SubprocessWorker] sending request via socket...
[02:45]   [ComfyUI] [SubprocessWorker] call_id=21 sending call_method
[02:45]   [ComfyUI] [worker:ComfyUI-GeometryPack] INFO: Boolean dispatch: libigl_cgal -> GeomPackBoolean_LibiglCGAL
[02:45]   [ComfyUI] [SubprocessWorker] got response: ok
[02:45]   [ComfyUI] [comfy-env] GeomPackBoolean done (0.01s): result: NodeOutput
[02:45]   [ComfyUI] [comfy-env] Running GeomPackBoolean_LibiglCGAL: mesh_a: Trimesh, mesh_b: Trimesh, operation: 'union'
[02:45]   [ComfyUI] [SubprocessWorker] call_method: nodes.boolean.backends.libigl_cgal.BooleanLibiglCGALNode.EXECUTE_NORMALIZED
[02:45]   [ComfyUI] [SubprocessWorker] acquired lock, ensuring started...
[02:45]   [ComfyUI] [ComfyUI-GeometryPack] Health check: ping (timeout=5.0s)...
[02:45]   [ComfyUI] [ComfyUI-GeometryPack] Health check: ok
[02:45]   [ComfyUI] [SubprocessWorker] worker started/confirmed
[02:45]   [ComfyUI] [SubprocessWorker] serializing kwargs to shm...
[02:45]   [ComfyUI] [SubprocessWorker] created 2 shm blocks
[02:45]   [ComfyUI] [SubprocessWorker] sending request via socket...
[02:45]   [ComfyUI] [SubprocessWorker] call_id=22 sending call_method
[02:45]   [ComfyUI] [worker:ComfyUI-GeometryPack] INFO: Backend: libigl_cgal
[02:45]   [ComfyUI] [worker:ComfyUI-GeometryPack] INFO: Mesh A: 8 vertices, 12 faces
[02:45]   [ComfyUI] [worker:ComfyUI-GeometryPack] INFO: Mesh B: 162 vertices, 320 faces
[02:45]   [ComfyUI] [worker:ComfyUI-GeometryPack] INFO: Operation: union
[02:45]   Node executed (1 total), capturing...
[02:46]   [ComfyUI] [worker:ComfyUI-GeometryPack] INFO: Success: 302 vertices, 600 faces
[02:46]   [ComfyUI] [SubprocessWorker] got response: ok
[02:46]   [ComfyUI] [comfy-env] GeomPackBoolean_LibiglCGAL done (0.19s): result: NodeOutput
[02:46]   [ComfyUI] [comfy-env] Running GeomPackPreviewMeshVTK: mode: 'fields', trimesh: Trimesh
[02:46]   [ComfyUI] [SubprocessWorker] call_method: nodes.visualization.preview_mesh_vtk.PreviewMeshVTKNode.EXECUTE_NORMALIZED
[02:46]   [ComfyUI] [SubprocessWorker] acquired lock, ensuring started...
[02:46]   [ComfyUI] [ComfyUI-GeometryPack] Health check: ping (timeout=5.0s)...
[02:46]   [ComfyUI] [ComfyUI-GeometryPack] Health check: ok
[02:46]   [ComfyUI] [SubprocessWorker] worker started/confirmed
[02:46]   [ComfyUI] [SubprocessWorker] serializing kwargs to shm...
[02:46]   [ComfyUI] [SubprocessWorker] created 1 shm blocks
[02:46]   [ComfyUI] [SubprocessWorker] sending request via socket...
[02:46]   [ComfyUI] [SubprocessWorker] call_id=23 sending call_method
[02:46]   [ComfyUI] [worker:ComfyUI-GeometryPack] INFO: Preparing preview: Mesh - 302 vertices, 600 faces
[02:46]   [ComfyUI] [worker:ComfyUI-GeometryPack] INFO: Mode: fields
[02:46]   [ComfyUI] [worker:ComfyUI-GeometryPack] INFO: Visual data - has_visual: True, kind: None, texture: False, vertex_colors: False
[02:46]   [ComfyUI] [worker:ComfyUI-GeometryPack] INFO: Using fields mode - VTP export
[02:46]   [ComfyUI] [worker:ComfyUI-GeometryPack] INFO: Exporting mesh to VTP: /home/runner/work/comfy-gpu-ci/comfy-gpu-ci/test_workspaces/GeometryPack-0031/ComfyUI/output/preview_vtk_8e91ea8e.vtp
[02:46]   [ComfyUI] [worker:ComfyUI-GeometryPack] INFO: Adding normals field (302 vertices)
[02:46]   [ComfyUI] [worker:ComfyUI-GeometryPack] INFO: Export complete: 302 vertices, 600 faces
[02:46]   [ComfyUI] [worker:ComfyUI-GeometryPack] INFO: Exported VTP to: /home/runner/work/comfy-gpu-ci/comfy-gpu-ci/test_workspaces/GeometryPack-0031/ComfyUI/output/preview_vtk_8e91ea8e.vtp
[02:46]   [ComfyUI] [worker:ComfyUI-GeometryPack] INFO: Fields mode info: watertight=True, volume=9.214489033870414, area=25.093742655540616, no fields
[02:46]   [ComfyUI] [SubprocessWorker] got response: ok
[02:46]   [ComfyUI] [comfy-env] GeomPackPreviewMeshVTK done (0.02s): result: NodeOutput
[02:46]   [ComfyUI] Prompt executed in 0.27 seconds
[02:46]   Frame 2 saved (frame_001.jpg, t=0.4s)
[02:46]   [capture-node] freeze=12ms shot=323ms unfreeze=5ms saved=True
[02:46]   Node executed (3 total), capturing...
[02:46]   Frame 3 saved (frame_002.jpg, t=1.1s)
[02:46]   [capture-node] freeze=2ms shot=111ms unfreeze=0ms saved=True
[02:46]   Execution complete (t=1.1s)
[02:46]   Captured 3 unique frames over 1.21s
[02:46]   [debug] iframes: 2
[02:46]   [debug]   iframe[0]: src=http://127.0.0.1:41895/extensions/ComfyUI-GeometryPack/viewer_dual.html?v=177845, canvas=370x485, rafFrozen=True
[02:46]   [debug]   iframe[1]: src=http://127.0.0.1:41895/extensions/ComfyUI-GeometryPack/viewer_vtk.html?v=1778459, canvas=486x348, rafFrozen=True
[02:46]   [timing] trigger_3d_previews: 0.0s
[02:49]   Saved high-quality screenshot: boolean_ops_executed.png
[02:49]   [timing] final_screenshot: 0.3s
[02:49] Capturing execution frames: boolean_ops_all.json
[02:55]   Frame 1 saved (frame_000.jpg, t=0.0s)
[02:55]   Validating workflow...
[02:55]   [ComfyUI] === /validate endpoint called ===
[02:55]   [ComfyUI] Received JSON with keys: ['prompt']
[02:55]   [ComfyUI] Prompt has 5 nodes
[02:55]   [ComfyUI]   Node 1: GeomPackCreatePrimitive
[02:55]   [ComfyUI]     Inputs: {"shape": "sphere", "size": 1, "subdivisions": 4}
[02:55]   [ComfyUI]   Node 2: GeomPackCreatePrimitive
[02:55]   Queuing workflow for execution...
[02:55]   [ComfyUI]     Inputs: {"shape": "cube", "size": 0.8, "subdivisions": 1}
[02:55]   [ComfyUI]   Node 3: GeomPackBoolean
[02:55]   [ComfyUI]     Inputs: {"operation": "difference", "backend": "libigl_cgal", "mesh_a": ["1", 0], "mesh_b": ["2", 0]}
[02:55]   [ComfyUI]   Node 4: GeomPackBoolean
[02:55]   [ComfyUI]     Inputs: {"operation": "difference", "backend": "blender_exact", "mesh_a": ["1", 0], "mesh_b": ["2", 0]}
[02:55]   [ComfyUI]   Node 5: GeomPackPreviewMeshMulti
[02:55]   [ComfyUI]     Inputs: {"mode": "fields", "preview_multi": "{\"show_edges\":true,\"camera_state\":\"{\\\"position\\\":[1.2245775204403364,1.2245775204403364,1.2245775204403364],\\\"focalPoint\\\":[0,0,0],\\\"viewUp\\\":[0,0
[02:55]   [ComfyUI] Generated prompt_id: 52da7a1f-ec77-49cb-bfe3-ba971a4c13f9
[02:55]   [ComfyUI] Calling execution.validate_prompt()...
[02:55]   [ComfyUI] Validation result: valid=True
[02:55]   [ComfyUI] === Validation PASSED ===
[02:55]   [ComfyUI] got prompt
[02:55]   [ComfyUI] [comfy-env] Running GeomPackCreatePrimitive: shape: 'cube', size: 0.8, subdivisions: 1
[02:55]   [ComfyUI] [SubprocessWorker] call_method: nodes.primitives.create_primitive.CreatePrimitive.EXECUTE_NORMALIZED
[02:55]   [ComfyUI] [SubprocessWorker] acquired lock, ensuring started...
[02:55]   [ComfyUI] [ComfyUI-GeometryPack] Health check: ping (timeout=5.0s)...
[02:55]   [ComfyUI] [ComfyUI-GeometryPack] Health check: ok
[02:55]   [ComfyUI] [SubprocessWorker] worker started/confirmed
[02:55]   [ComfyUI] [SubprocessWorker] serializing kwargs to shm...
[02:55]   [ComfyUI] [SubprocessWorker] created 0 shm blocks
[02:55]   [ComfyUI] [SubprocessWorker] sending request via socket...
[02:55]   [ComfyUI] [SubprocessWorker] call_id=24 sending call_method
[02:55]   [ComfyUI] [worker:ComfyUI-GeometryPack] INFO: Created cube: 8 vertices, 12 faces
[02:55]   [ComfyUI] [SubprocessWorker] got response: ok
[02:55]   [ComfyUI] [comfy-env] GeomPackCreatePrimitive done (0.01s): result: NodeOutput
[02:55]   [ComfyUI] [comfy-env] Running GeomPackCreatePrimitive: shape: 'sphere', size: 1.0, subdivisions: 4
[02:55]   [ComfyUI] [SubprocessWorker] call_method: nodes.primitives.create_primitive.CreatePrimitive.EXECUTE_NORMALIZED
[02:55]   [ComfyUI] [SubprocessWorker] acquired lock, ensuring started...
[02:55]   [ComfyUI] [ComfyUI-GeometryPack] Health check: ping (timeout=5.0s)...
[02:55]   [ComfyUI] [ComfyUI-GeometryPack] Health check: ok
[02:55]   [ComfyUI] [SubprocessWorker] worker started/confirmed
[02:55]   [ComfyUI] [SubprocessWorker] serializing kwargs to shm...
[02:55]   [ComfyUI] [SubprocessWorker] created 0 shm blocks
[02:55]   [ComfyUI] [SubprocessWorker] sending request via socket...
[02:55]   [ComfyUI] [SubprocessWorker] call_id=25 sending call_method
[02:55]   [ComfyUI] [worker:ComfyUI-GeometryPack] INFO: Created sphere: 2562 vertices, 5120 faces
[02:55]   [ComfyUI] [SubprocessWorker] got response: ok
[02:55]   [ComfyUI] [comfy-env] GeomPackCreatePrimitive done (0.01s): result: NodeOutput
[02:55]   [ComfyUI] [comfy-env] Running GeomPackBoolean: operation: 'difference', backend: dict, mesh_a: Trimesh, mesh_b: Trimesh
[02:55]   [ComfyUI] [SubprocessWorker] call_method: nodes.boolean.boolean.BooleanNode.EXECUTE_NORMALIZED
[02:55]   [ComfyUI] [SubprocessWorker] acquired lock, ensuring started...
[02:55]   [ComfyUI] [ComfyUI-GeometryPack] Health check: ping (timeout=5.0s)...
[02:55]   [ComfyUI] [ComfyUI-GeometryPack] Health check: ok
[02:55]   [ComfyUI] [SubprocessWorker] worker started/confirmed
[02:55]   [ComfyUI] [SubprocessWorker] serializing kwargs to shm...
[02:55]   [ComfyUI] [SubprocessWorker] created 2 shm blocks
[02:55]   [ComfyUI] [SubprocessWorker] sending request via socket...
[02:55]   [ComfyUI] [SubprocessWorker] call_id=26 sending call_method
[02:55]   [ComfyUI] [worker:ComfyUI-GeometryPack] INFO: Boolean dispatch: blender_exact -> GeomPackBoolean_BlenderExact
[02:55]   [ComfyUI] [SubprocessWorker] got response: ok
[02:55]   [ComfyUI] [comfy-env] GeomPackBoolean done (0.01s): result: NodeOutput
[02:55]   [ComfyUI] [comfy-env] Running GeomPackBoolean: operation: 'difference', backend: dict, mesh_a: Trimesh, mesh_b: Trimesh
[02:55]   [ComfyUI] [SubprocessWorker] call_method: nodes.boolean.boolean.BooleanNode.EXECUTE_NORMALIZED
[02:55]   [ComfyUI] [SubprocessWorker] acquired lock, ensuring started...
[02:55]   [ComfyUI] [ComfyUI-GeometryPack] Health check: ping (timeout=5.0s)...
[02:55]   [ComfyUI] [ComfyUI-GeometryPack] Health check: ok
[02:55]   [ComfyUI] [SubprocessWorker] worker started/confirmed
[02:55]   [ComfyUI] [SubprocessWorker] serializing kwargs to shm...
[02:55]   [ComfyUI] [SubprocessWorker] created 2 shm blocks
[02:55]   [ComfyUI] [SubprocessWorker] sending request via socket...
[02:55]   [ComfyUI] [SubprocessWorker] call_id=27 sending call_method
[02:55]   [ComfyUI] [worker:ComfyUI-GeometryPack] INFO: Boolean dispatch: libigl_cgal -> GeomPackBoolean_LibiglCGAL
[02:55]   [ComfyUI] [SubprocessWorker] got response: ok
[02:55]   [ComfyUI] [comfy-env] GeomPackBoolean done (0.01s): result: NodeOutput
[02:55]   [ComfyUI] [comfy-env] Running GeomPackBoolean_BlenderExact: mesh_a: Trimesh, mesh_b: Trimesh, operation: 'difference'
[02:55]   [ComfyUI] [SubprocessWorker] call_method: nodes.blender_boolean.boolean.BooleanBlenderExactNode.EXECUTE_NORMALIZED
[02:55]   [ComfyUI] [SubprocessWorker] acquired lock, ensuring started...
[02:55]   [ComfyUI] [ComfyUI-GeometryPack] Health check: ping (timeout=5.0s)...
[02:55]   [ComfyUI] [ComfyUI-GeometryPack] Health check: ok
[02:55]   [ComfyUI] [SubprocessWorker] worker started/confirmed
[02:55]   [ComfyUI] [SubprocessWorker] serializing kwargs to shm...
[02:55]   [ComfyUI] [SubprocessWorker] created 2 shm blocks
[02:55]   [ComfyUI] [SubprocessWorker] sending request via socket...
[02:55]   [ComfyUI] [SubprocessWorker] call_id=28 sending call_method
[02:55]   [ComfyUI] [worker:ComfyUI-GeometryPack] INFO: Backend: blender_exact
[02:55]   [ComfyUI] [worker:ComfyUI-GeometryPack] INFO: Mesh A: 2562 vertices, 5120 faces
[02:55]   [ComfyUI] [worker:ComfyUI-GeometryPack] INFO: Mesh B: 8 vertices, 12 faces
[02:55]   [ComfyUI] [worker:ComfyUI-GeometryPack] INFO: Operation: difference
[02:55]   [ComfyUI] [worker:ComfyUI-GeometryPack] INFO: Success: 2202 vertices, 4380 faces
[02:55]   [ComfyUI] [SubprocessWorker] got response: ok
[02:55]   [ComfyUI] [comfy-env] GeomPackBoolean_BlenderExact done (0.21s): result: NodeOutput
[02:55]   [ComfyUI] [comfy-env] Running GeomPackBoolean_LibiglCGAL: mesh_a: Trimesh, mesh_b: Trimesh, operation: 'difference'
[02:55]   [ComfyUI] [SubprocessWorker] call_method: nodes.boolean.backends.libigl_cgal.BooleanLibiglCGALNode.EXECUTE_NORMALIZED
[02:55]   [ComfyUI] [SubprocessWorker] acquired lock, ensuring started...
[02:55]   [ComfyUI] [ComfyUI-GeometryPack] Health check: ping (timeout=5.0s)...
[02:55]   [ComfyUI] [ComfyUI-GeometryPack] Health check: ok
[02:55]   [ComfyUI] [SubprocessWorker] worker started/confirmed
[02:55]   [ComfyUI] [SubprocessWorker] serializing kwargs to shm...
[02:55]   [ComfyUI] [SubprocessWorker] created 2 shm blocks
[02:55]   [ComfyUI] [SubprocessWorker] sending request via socket...
[02:55]   [ComfyUI] [SubprocessWorker] call_id=29 sending call_method
[02:55]   [ComfyUI] [worker:ComfyUI-GeometryPack] INFO: Backend: libigl_cgal
[02:55]   [ComfyUI] [worker:ComfyUI-GeometryPack] INFO: Mesh A: 2562 vertices, 5120 faces
[02:55]   [ComfyUI] [worker:ComfyUI-GeometryPack] INFO: Mesh B: 8 vertices, 12 faces
[02:55]   [ComfyUI] [worker:ComfyUI-GeometryPack] INFO: Operation: difference
[02:55]   Node executed (1 total), capturing...
[02:55]   Frame 2 saved (frame_001.jpg, t=0.6s)
[02:55]   [capture-node] freeze=2ms shot=94ms unfreeze=4ms saved=True
[02:55]   [ComfyUI] [worker:ComfyUI-GeometryPack] INFO: Success: 2202 vertices, 4380 faces
[02:55]   [ComfyUI] [SubprocessWorker] got response: ok
[02:55]   [ComfyUI] [comfy-env] GeomPackBoolean_LibiglCGAL done (0.56s): result: NodeOutput
[02:55]   [ComfyUI] [comfy-env] Running GeomPackPreviewMeshMulti: mode: 'fields', mesh_1: Trimesh, mesh_2: Trimesh
[02:55]   [ComfyUI] [SubprocessWorker] call_method: nodes.visualization.preview_mesh_multi.PreviewMeshMultiNode.EXECUTE_NORMALIZED
[02:55]   [ComfyUI] [SubprocessWorker] acquired lock, ensuring started...
[02:55]   [ComfyUI] [ComfyUI-GeometryPack] Health check: ping (timeout=5.0s)...
[02:55]   [ComfyUI] [ComfyUI-GeometryPack] Health check: ok
[02:55]   [ComfyUI] [SubprocessWorker] worker started/confirmed
[02:55]   [ComfyUI] [SubprocessWorker] serializing kwargs to shm...
[02:55]   [ComfyUI] [SubprocessWorker] created 2 shm blocks
[02:55]   [ComfyUI] [SubprocessWorker] sending request via socket...
[02:55]   [ComfyUI] [SubprocessWorker] call_id=30 sending call_method
[02:55]   [ComfyUI] [worker:ComfyUI-GeometryPack] INFO: Mode: fields, Meshes: 2
[02:55]   [ComfyUI] [worker:ComfyUI-GeometryPack] INFO: Mesh 1: Mesh - 2202 vertices, 4380 faces
[02:55]   [ComfyUI] [worker:ComfyUI-GeometryPack] INFO: Exporting mesh to VTP: /home/runner/work/comfy-gpu-ci/comfy-gpu-ci/test_workspaces/GeometryPack-0031/ComfyUI/output/preview_multi_1_561ed187.vtp
[02:55]   [ComfyUI] [worker:ComfyUI-GeometryPack] INFO: Adding normals field (2202 vertices)
[02:55]   [ComfyUI] [worker:ComfyUI-GeometryPack] INFO: Export complete: 2202 vertices, 4380 faces
[02:55]   [ComfyUI] [worker:ComfyUI-GeometryPack] INFO: Exported VTP: /home/runner/work/comfy-gpu-ci/comfy-gpu-ci/test_workspaces/GeometryPack-0031/ComfyUI/output/preview_multi_1_561ed187.vtp
[02:56]   [ComfyUI] [worker:ComfyUI-GeometryPack] INFO: Mesh 2: Mesh - 2202 vertices, 4380 faces
[02:56]   [ComfyUI] [worker:ComfyUI-GeometryPack] INFO: Exporting mesh to VTP: /home/runner/work/comfy-gpu-ci/comfy-gpu-ci/test_workspaces/GeometryPack-0031/ComfyUI/output/preview_multi_2_561ed187.vtp
[02:56]   [ComfyUI] [worker:ComfyUI-GeometryPack] INFO: Adding normals field (2202 vertices)
[02:56]   [ComfyUI] [worker:ComfyUI-GeometryPack] INFO: Export complete: 2202 vertices, 4380 faces
[02:56]   [ComfyUI] [worker:ComfyUI-GeometryPack] INFO: Exported VTP: /home/runner/work/comfy-gpu-ci/comfy-gpu-ci/test_workspaces/GeometryPack-0031/ComfyUI/output/preview_multi_2_561ed187.vtp
[02:56]   [ComfyUI] [worker:ComfyUI-GeometryPack] INFO: Grid: 2x1, Preview ready
[02:56]   [ComfyUI] [SubprocessWorker] got response: ok
[02:56]   [ComfyUI] [comfy-env] GeomPackPreviewMeshMulti done (0.06s): result: NodeOutput
[02:56]   [ComfyUI] Prompt executed in 0.88 seconds
[02:56]   Node executed (3 total), capturing...
[02:56]   Frame 3 saved (frame_002.jpg, t=1.2s)
[02:56]   [capture-node] freeze=159ms shot=230ms unfreeze=0ms saved=True
[02:56]   Execution complete (t=1.2s)
[02:56]   Captured 3 unique frames over 1.65s
[02:56]   [debug] iframes: 1
[02:56]   [debug]   iframe[0]: src=http://127.0.0.1:41895/extensions/ComfyUI-GeometryPack/viewer_multi.html?v=17784, canvas=368x393, rafFrozen=True
[02:56]   [timing] trigger_3d_previews: 0.0s
[02:58]   Saved high-quality screenshot: boolean_ops_all_executed.png
[02:58]   [timing] final_screenshot: 0.3s
[02:59] Capturing execution frames: decimate.json
[03:05]   Frame 1 saved (frame_000.jpg, t=0.0s)
[03:05]   Validating workflow...
[03:05]   [ComfyUI] === /validate endpoint called ===
[03:05]   [ComfyUI] Received JSON with keys: ['prompt']
[03:05]   [ComfyUI] Prompt has 3 nodes
[03:05]   [ComfyUI]   Node 2: GeomPackLoadMesh
[03:05]   [ComfyUI]     Inputs: {"file_path": "3d/spot_the_cow.obj"}
[03:05]   [ComfyUI]   Node 3: GeomPackPreviewMeshDual
[03:05]   [ComfyUI]     Inputs: {"layout": "side_by_side", "mode": "fields", "opacity_1": 1, "opacity_2": 1, "preview_dual": "{\"show_edges\":true,\"camera_state\":\"{\\\"position\\\":[-3.3575253938003646,2.5035395853711653,0.519424
[03:05]   [ComfyUI]   Node 4: GeomPackDecimateMesh
[03:05]   [ComfyUI]     Inputs: {"backend": "quadric_edge_collapse", "backend.target_face_count": 1004, "backend.quality_threshold": 0.3, "backend.preserve_boundary": "true", "backend.preserve_normal": "true", "backend.preserve_topo
[03:05]   [ComfyUI] Generated prompt_id: 5f375b11-acec-497a-840e-e830d4356a57
[03:05]   Queuing workflow for execution...
[03:05]   [ComfyUI] Calling execution.validate_prompt()...
[03:05]   [ComfyUI] Validation result: valid=True
[03:05]   [ComfyUI] === Validation PASSED ===
[03:05]   [ComfyUI] got prompt
[03:05]   [ComfyUI] [comfy-env] Running GeomPackLoadMesh: file_path: '3d/spot_the_cow.obj'
[03:05]   [ComfyUI] [SubprocessWorker] call_method: nodes.io.load_mesh.LoadMesh.EXECUTE_NORMALIZED
[03:05]   [ComfyUI] [SubprocessWorker] acquired lock, ensuring started...
[03:05]   [ComfyUI] [ComfyUI-GeometryPack] Health check: ping (timeout=5.0s)...
[03:05]   [ComfyUI] [ComfyUI-GeometryPack] Health check: ok
[03:05]   [ComfyUI] [SubprocessWorker] worker started/confirmed
[03:05]   [ComfyUI] [SubprocessWorker] serializing kwargs to shm...
[03:05]   [ComfyUI] [SubprocessWorker] created 0 shm blocks
[03:05]   [ComfyUI] [SubprocessWorker] sending request via socket...
[03:05]   [ComfyUI] [SubprocessWorker] call_id=31 sending call_method
[03:05]   [ComfyUI] [worker:ComfyUI-GeometryPack] INFO: Found mesh in input folder: 3d/spot_the_cow.obj
[03:05]   [ComfyUI] [worker:ComfyUI-GeometryPack] INFO: Loading: /home/runner/work/comfy-gpu-ci/comfy-gpu-ci/test_workspaces/GeometryPack-0031/ComfyUI/input/3d/spot_the_cow.obj
[03:05]   [ComfyUI] [worker:ComfyUI-GeometryPack] INFO: Initial mesh: 3225 vertices, 5856 faces
[03:05]   [ComfyUI] [worker:ComfyUI-GeometryPack] INFO: Successfully loaded: 3225 vertices, 5856 faces
[03:05]   [ComfyUI] [worker:ComfyUI-GeometryPack] INFO: Loaded: 3225 vertices, 5856 faces
[03:05]   [ComfyUI] [SubprocessWorker] got response: ok
[03:05]   [ComfyUI] [comfy-env] GeomPackLoadMesh done (0.04s): result: NodeOutput
[03:05]   [ComfyUI] [comfy-env] Running GeomPackDecimateMesh: backend: dict, trimesh: Trimesh
[03:05]   [ComfyUI] [SubprocessWorker] call_method: nodes.decimation.decimate.DecimateMeshNode.EXECUTE_NORMALIZED
[03:05]   [ComfyUI] [SubprocessWorker] acquired lock, ensuring started...
[03:05]   [ComfyUI] [ComfyUI-GeometryPack] Health check: ping (timeout=5.0s)...
[03:05]   [ComfyUI] [ComfyUI-GeometryPack] Health check: ok
[03:05]   [ComfyUI] [SubprocessWorker] worker started/confirmed
[03:05]   [ComfyUI] [SubprocessWorker] serializing kwargs to shm...
[03:05]   [ComfyUI] [SubprocessWorker] created 1 shm blocks
[03:05]   [ComfyUI] [SubprocessWorker] sending request via socket...
[03:05]   [ComfyUI] [SubprocessWorker] call_id=32 sending call_method
[03:05]   [ComfyUI] [worker:ComfyUI-GeometryPack] INFO: Decimate dispatch: quadric_edge_collapse -> GeomPackDecimate_QuadricEdgeCollapse
[03:05]   [ComfyUI] [SubprocessWorker] got response: ok
[03:05]   [ComfyUI] [comfy-env] GeomPackDecimateMesh done (0.02s): result: NodeOutput
[03:05]   [ComfyUI] [comfy-env] Running GeomPackDecimate_QuadricEdgeCollapse: trimesh: Trimesh, target_face_count: 1004, quality_threshold: 0.3, preserve_boundary: 'true', preserve_normal: 'true', preserve_topology: 'true', planar_quadric: 'false'
[03:05]   [ComfyUI] [SubprocessWorker] call_method: nodes.decimation.backends.quadric_edge_collapse.DecimateQuadricEdgeCollapseNode.EXECUTE_NORMALIZED
[03:05]   [ComfyUI] [SubprocessWorker] acquired lock, ensuring started...
[03:05]   [ComfyUI] [ComfyUI-GeometryPack] Health check: ping (timeout=5.0s)...
[03:05]   [ComfyUI] [ComfyUI-GeometryPack] Health check: ok
[03:05]   [ComfyUI] [SubprocessWorker] worker started/confirmed
[03:05]   [ComfyUI] [SubprocessWorker] serializing kwargs to shm...
[03:05]   [ComfyUI] [SubprocessWorker] created 1 shm blocks
[03:05]   [ComfyUI] [SubprocessWorker] sending request via socket...
[03:05]   [ComfyUI] [SubprocessWorker] call_id=33 sending call_method
[03:05]   [ComfyUI] [worker:ComfyUI-GeometryPack] INFO: Backend: quadric_edge_collapse
[03:05]   [ComfyUI] [worker:ComfyUI-GeometryPack] INFO: Input: 3,225 vertices, 5,856 faces
[03:05]   [ComfyUI] [SubprocessWorker] got response: ok
[03:05]   [ComfyUI] [comfy-env] GeomPackDecimate_QuadricEdgeCollapse done (0.11s): result: NodeOutput
[03:05]   [ComfyUI] [comfy-env] Running GeomPackPreviewMeshDual: layout: 'side_by_side', mode: 'fields', opacity_1: 1.0, opacity_2: 1.0, mesh_1: Trimesh, mesh_2: Trimesh
[03:05]   [ComfyUI] [SubprocessWorker] call_method: nodes.visualization.preview_mesh_dual.PreviewMeshDualNode.EXECUTE_NORMALIZED
[03:05]   [ComfyUI] [SubprocessWorker] acquired lock, ensuring started...
[03:05]   [ComfyUI] [ComfyUI-GeometryPack] Health check: ping (timeout=5.0s)...
[03:05]   [ComfyUI] [ComfyUI-GeometryPack] Health check: ok
[03:05]   [ComfyUI] [SubprocessWorker] worker started/confirmed
[03:05]   [ComfyUI] [SubprocessWorker] serializing kwargs to shm...
[03:05]   [ComfyUI] [SubprocessWorker] created 2 shm blocks
[03:05]   [ComfyUI] [SubprocessWorker] sending request via socket...
[03:05]   [ComfyUI] [SubprocessWorker] call_id=34 sending call_method
[03:05]   [ComfyUI] [worker:ComfyUI-GeometryPack] INFO: Layout: side_by_side, Mode: fields
[03:05]   [ComfyUI] [worker:ComfyUI-GeometryPack] INFO: Mesh 1: Mesh - 3225 vertices, 5856 faces
[03:05]   [ComfyUI] [worker:ComfyUI-GeometryPack] INFO: Mesh 2: Mesh - 504 vertices, 1004 faces
[03:05]   [ComfyUI] [worker:ComfyUI-GeometryPack] INFO: Mesh 1 fields: []
[03:05]   [ComfyUI] [worker:ComfyUI-GeometryPack] INFO: Mesh 2 fields: []
[03:05]   [ComfyUI] [worker:ComfyUI-GeometryPack] INFO: Common fields: []
[03:05]   [ComfyUI] [worker:ComfyUI-GeometryPack] INFO: Mesh 1 visual: kind=texture, texture=True, vertex_colors=False
[03:05]   [ComfyUI] [worker:ComfyUI-GeometryPack] INFO: Mesh 2 visual: kind=None, texture=False, vertex_colors=False
[03:05]   [ComfyUI] [worker:ComfyUI-GeometryPack] INFO: Exported STL: /home/runner/work/comfy-gpu-ci/comfy-gpu-ci/test_workspaces/GeometryPack-0031/ComfyUI/output/preview_dual_1_0d07e75e.stl
[03:05]   [ComfyUI] [worker:ComfyUI-GeometryPack] INFO: Exported STL: /home/runner/work/comfy-gpu-ci/comfy-gpu-ci/test_workspaces/GeometryPack-0031/ComfyUI/output/preview_dual_2_0d07e75e.stl
[03:05]   [ComfyUI] [worker:ComfyUI-GeometryPack] INFO: Preview ready
[03:05]   [ComfyUI] [SubprocessWorker] got response: ok
[03:05]   Node executed (1 total), capturing...
[03:05]   [ComfyUI] [comfy-env] GeomPackPreviewMeshDual done (0.02s): result: NodeOutput
[03:05]   [ComfyUI] Prompt executed in 0.19 seconds
[03:05]   Frame 2 saved (frame_001.jpg, t=0.5s)
[03:05]   [capture-node] freeze=116ms shot=235ms unfreeze=2ms saved=True
[03:06]   Node executed (2 total), capturing...
[03:06]   [capture-node] freeze=2ms shot=133ms unfreeze=0ms saved=False
[03:06]   Execution complete (t=1.1s)
[03:06]   Captured 2 unique frames over 1.27s
[03:06]   [debug] iframes: 1
[03:06]   [debug]   iframe[0]: src=http://127.0.0.1:41895/extensions/ComfyUI-GeometryPack/viewer_dual.html?v=177845, canvas=370x485, rafFrozen=True
[03:06]   [timing] trigger_3d_previews: 0.0s
[03:08]   Saved high-quality screenshot: decimate_executed.png
[03:08]   [timing] final_screenshot: 0.3s
[03:09] Capturing execution frames: decimate_all.json
[03:14]   Frame 1 saved (frame_000.jpg, t=0.0s)
[03:14]   Validating workflow...
[03:14]   [ComfyUI] === /validate endpoint called ===
[03:14]   [ComfyUI] Received JSON with keys: ['prompt']
[03:14]   [ComfyUI] Prompt has 7 nodes
[03:14]   [ComfyUI]   Node 1: GeomPackLoadMesh
[03:14]   [ComfyUI]     Inputs: {"file_path": "3d/Stanford_Bunny.stl"}
[03:14]   [ComfyUI]   Node 2: GeomPackDecimateMesh
[03:14]   [ComfyUI]     Inputs: {"backend": "quadric_edge_collapse", "backend.target_face_count": 5000, "backend.quality_threshold": 0.3, "backend.preserve_boundary": "true", "backend.preserve_normal": "true", "backend.preserve_topo
[03:14]   [ComfyUI]   Node 3: GeomPackDecimateMesh
[03:14]   [ComfyUI]     Inputs: {"backend": "fast_simplification", "backend.target_reduction": 0.8, "backend.aggressiveness": 7, "trimesh": ["1", 0]}
[03:14]   [ComfyUI]   Node 4: GeomPackDecimateMesh
[03:14]   [ComfyUI]     Inputs: {"backend": "vertex_clustering", "backend.cluster_threshold": 3, "trimesh": ["1", 0]}
[03:14]   [ComfyUI]   Node 6: GeomPackDecimateMesh
[03:14]   [ComfyUI]     Inputs: {"backend": "decimate_pro", "backend.target_reduction": 0.8, "backend.feature_angle": 15, "backend.preserve_topology": "true", "trimesh": ["1", 0]}
[03:14]   [ComfyUI]   Node 7: GeomPackPreviewMeshMulti
[03:14]   [ComfyUI]     Inputs: {"mode": "fields", "preview_multi": "{\"show_edges\":true,\"camera_state\":\"{\\\"position\\\":[156.15573456772853,45.50443036606394,116.04835655422535],\\\"focalPoint\\\":[30.319300651550293,1.894807
[03:14]   [ComfyUI]   Node 8: GeomPackPreviewMeshMulti
[03:14]   [ComfyUI]     Inputs: {"mode": "fields", "preview_multi": "{\"show_edges\":true,\"camera_state\":\"{\\\"position\\\":[156.15573456772853,45.50443036606394,116.04835655422535],\\\"focalPoint\\\":[30.319300651550293,1.894807
[03:14]   Queuing workflow for execution...
[03:14]   [ComfyUI] Generated prompt_id: 04ab6e1d-1a0d-47d8-8480-fbe2f301856b
[03:14]   [ComfyUI] Calling execution.validate_prompt()...
[03:14]   [ComfyUI] Validation result: valid=True
[03:14]   [ComfyUI] === Validation PASSED ===
[03:14]   [ComfyUI] got prompt
[03:14]   [ComfyUI] [comfy-env] Running GeomPackLoadMesh: file_path: '3d/Stanford_Bunny.stl'
[03:14]   [ComfyUI] [SubprocessWorker] call_method: nodes.io.load_mesh.LoadMesh.EXECUTE_NORMALIZED
[03:14]   [ComfyUI] [SubprocessWorker] acquired lock, ensuring started...
[03:14]   [ComfyUI] [ComfyUI-GeometryPack] Health check: ping (timeout=5.0s)...
[03:14]   [ComfyUI] [ComfyUI-GeometryPack] python: /home/runner/.ce/.pixi/envs/geometrypack-nodes/bin/python
[03:14]   [ComfyUI] [ComfyUI-GeometryPack] Health check: failed
[03:14]   [ComfyUI] [ComfyUI-GeometryPack] Socket unhealthy, restarting worker...
[03:14]   [ComfyUI] [ComfyUI-GeometryPack] sys_path sent to worker: ['/home/runner/work/comfy-gpu-ci/comfy-gpu-ci/test_workspaces/GeometryPack-0031/ComfyUI', '/home/runner/work/comfy-gpu-ci/comfy-gpu-ci/test_workspaces/GeometryPack-0031/ComfyUI/custom_nodes/ComfyUI-GeometryPack', '/home/runner/.ce/.pixi/envs/geometrypack-nodes/lib/python3.10/site-packages', '/home/runner/work/comfy-gpu-ci/comfy-gpu-ci/test_workspaces/GeometryPack-0031/ComfyUI/custom_nodes/ComfyUI-GeometryPack']
[03:14]   [ComfyUI] [SubprocessWorker] is_pixi=True, python=/home/runner/.ce/.pixi/envs/geometrypack-nodes/bin/python
[03:14]   [ComfyUI] [SubprocessWorker] launching cmd=['/home/runner/.pixi/bin/pixi', 'run', '--as-is', '--manifest-path', '/home/runner/.ce/pixi.toml', '-e', 'geometrypack-nodes', 'python', '/tmp/comfyui_pvenv_m0m0ll48/persistent_worker.py', 'abstract://comfy_worker_57209e446c9f']...
[03:14]   [ComfyUI] [SubprocessWorker] socket_addr=abstract://comfy_worker_57209e446c9f (abstract, no filesystem path)
[03:16]   [ComfyUI] [worker:ComfyUI-GeometryPack] ERROR: Failed to import comfy_kitchen, Error: No module named 'comfy_kitchen', fp8 and fp4 support will not be available.
[03:16]   [ComfyUI] [SubprocessWorker] worker started/confirmed
[03:16]   [ComfyUI] [SubprocessWorker] serializing kwargs to shm...
[03:16]   [ComfyUI] [SubprocessWorker] created 0 shm blocks
[03:16]   [ComfyUI] [SubprocessWorker] sending request via socket...
[03:16]   [ComfyUI] [SubprocessWorker] call_id=35 sending call_method
[03:16]   [ComfyUI] Failed to open dir (No such file or directory): /run/user/1001/gvfs/
[03:16]   [ComfyUI] [worker:ComfyUI-GeometryPack] INFO: Found mesh in input folder: 3d/Stanford_Bunny.stl
[03:16]   [ComfyUI] [worker:ComfyUI-GeometryPack] INFO: Loading: /home/runner/work/comfy-gpu-ci/comfy-gpu-ci/test_workspaces/GeometryPack-0031/ComfyUI/input/3d/Stanford_Bunny.stl
[03:17]   Frame 2 saved (frame_001.jpg, t=2.2s)
[03:17]   [capture-periodic] freeze=2ms shot=96ms unfreeze=6ms saved=True
[03:17]   [ComfyUI] [worker:ComfyUI-GeometryPack] INFO: Initial mesh: 56203 vertices, 112402 faces
[03:17]   [ComfyUI] [worker:ComfyUI-GeometryPack] INFO: Successfully loaded: 56203 vertices, 112402 faces
[03:17]   [ComfyUI] [worker:ComfyUI-GeometryPack] INFO: Loaded: 56203 vertices, 112402 faces
[03:17]   [ComfyUI] [SubprocessWorker] got response: ok
[03:17]   [ComfyUI] [comfy-env] GeomPackLoadMesh done (2.39s): result: NodeOutput
[03:17]   [ComfyUI] [comfy-env] Running GeomPackDecimateMesh: backend: dict, trimesh: Trimesh
[03:17]   [ComfyUI] [SubprocessWorker] call_method: nodes.decimation.decimate.DecimateMeshNode.EXECUTE_NORMALIZED
[03:17]   [ComfyUI] [SubprocessWorker] acquired lock, ensuring started...
[03:17]   [ComfyUI] [ComfyUI-GeometryPack] Health check: ping (timeout=5.0s)...
[03:17]   [ComfyUI] [ComfyUI-GeometryPack] Health check: ok
[03:17]   [ComfyUI] [SubprocessWorker] worker started/confirmed
[03:17]   [ComfyUI] [SubprocessWorker] serializing kwargs to shm...
[03:17]   [ComfyUI] [SubprocessWorker] created 1 shm blocks
[03:17]   [ComfyUI] [SubprocessWorker] sending request via socket...
[03:17]   [ComfyUI] [SubprocessWorker] call_id=36 sending call_method
[03:17]   [ComfyUI] [worker:ComfyUI-GeometryPack] INFO: Decimate dispatch: quadric_edge_collapse -> GeomPackDecimate_QuadricEdgeCollapse
[03:17]   [ComfyUI] [SubprocessWorker] got response: ok
[03:17]   [ComfyUI] [comfy-env] GeomPackDecimateMesh done (0.03s): result: NodeOutput
[03:17]   [ComfyUI] [comfy-env] Running GeomPackDecimateMesh: backend: dict, trimesh: Trimesh
[03:17]   [ComfyUI] [SubprocessWorker] call_method: nodes.decimation.decimate.DecimateMeshNode.EXECUTE_NORMALIZED
[03:17]   [ComfyUI] [SubprocessWorker] acquired lock, ensuring started...
[03:17]   [ComfyUI] [ComfyUI-GeometryPack] Health check: ping (timeout=5.0s)...
[03:17]   [ComfyUI] [ComfyUI-GeometryPack] Health check: ok
[03:17]   [ComfyUI] [SubprocessWorker] worker started/confirmed
[03:17]   [ComfyUI] [SubprocessWorker] serializing kwargs to shm...
[03:17]   [ComfyUI] [SubprocessWorker] created 1 shm blocks
[03:17]   [ComfyUI] [SubprocessWorker] sending request via socket...
[03:17]   [ComfyUI] [SubprocessWorker] call_id=37 sending call_method
[03:17]   [ComfyUI] [worker:ComfyUI-GeometryPack] INFO: Decimate dispatch: fast_simplification -> GeomPackDecimate_FastSimplification
[03:17]   [ComfyUI] [SubprocessWorker] got response: ok
[03:17]   [ComfyUI] [comfy-env] GeomPackDecimateMesh done (0.03s): result: NodeOutput
[03:17]   [ComfyUI] [comfy-env] Running GeomPackDecimateMesh: backend: dict, trimesh: Trimesh
[03:17]   [ComfyUI] [SubprocessWorker] call_method: nodes.decimation.decimate.DecimateMeshNode.EXECUTE_NORMALIZED
[03:17]   [ComfyUI] [SubprocessWorker] acquired lock, ensuring started...
[03:17]   [ComfyUI] [ComfyUI-GeometryPack] Health check: ping (timeout=5.0s)...
[03:17]   [ComfyUI] [ComfyUI-GeometryPack] Health check: ok
[03:17]   [ComfyUI] [SubprocessWorker] worker started/confirmed
[03:17]   [ComfyUI] [SubprocessWorker] serializing kwargs to shm...
[03:17]   [ComfyUI] [SubprocessWorker] created 1 shm blocks
[03:17]   [ComfyUI] [SubprocessWorker] sending request via socket...
[03:17]   [ComfyUI] [SubprocessWorker] call_id=38 sending call_method
[03:17]   [ComfyUI] [worker:ComfyUI-GeometryPack] INFO: Decimate dispatch: vertex_clustering -> GeomPackDecimate_VertexClustering
[03:17]   [ComfyUI] [SubprocessWorker] got response: ok
[03:17]   [ComfyUI] [comfy-env] GeomPackDecimateMesh done (0.03s): result: NodeOutput
[03:17]   [ComfyUI] [comfy-env] Running GeomPackDecimateMesh: backend: dict, trimesh: Trimesh
[03:17]   [ComfyUI] [SubprocessWorker] call_method: nodes.decimation.decimate.DecimateMeshNode.EXECUTE_NORMALIZED
[03:17]   [ComfyUI] [SubprocessWorker] acquired lock, ensuring started...
[03:17]   [ComfyUI] [ComfyUI-GeometryPack] Health check: ping (timeout=5.0s)...
[03:17]   [ComfyUI] [ComfyUI-GeometryPack] Health check: ok
[03:17]   [ComfyUI] [SubprocessWorker] worker started/confirmed
[03:17]   [ComfyUI] [SubprocessWorker] serializing kwargs to shm...
[03:17]   [ComfyUI] [SubprocessWorker] created 1 shm blocks
[03:17]   [ComfyUI] [SubprocessWorker] sending request via socket...
[03:17]   [ComfyUI] [SubprocessWorker] call_id=39 sending call_method
[03:17]   [ComfyUI] [worker:ComfyUI-GeometryPack] INFO: Decimate dispatch: decimate_pro -> GeomPackDecimate_DecimatePro
[03:17]   [ComfyUI] [SubprocessWorker] got response: ok
[03:17]   [ComfyUI] [comfy-env] GeomPackDecimateMesh done (0.03s): result: NodeOutput
[03:17]   [ComfyUI] [comfy-env] Running GeomPackDecimate_QuadricEdgeCollapse: trimesh: Trimesh, target_face_count: 5000, quality_threshold: 0.3, preserve_boundary: 'true', preserve_normal: 'true', preserve_topology: 'true', planar_quadric: 'false'
[03:17]   [ComfyUI] [SubprocessWorker] call_method: nodes.decimation.backends.quadric_edge_collapse.DecimateQuadricEdgeCollapseNode.EXECUTE_NORMALIZED
[03:17]   [ComfyUI] [SubprocessWorker] acquired lock, ensuring started...
[03:17]   [ComfyUI] [ComfyUI-GeometryPack] Health check: ping (timeout=5.0s)...
[03:17]   [ComfyUI] [ComfyUI-GeometryPack] Health check: ok
[03:17]   [ComfyUI] [SubprocessWorker] worker started/confirmed
[03:17]   [ComfyUI] [SubprocessWorker] serializing kwargs to shm...
[03:17]   [ComfyUI] [SubprocessWorker] created 1 shm blocks
[03:17]   [ComfyUI] [SubprocessWorker] sending request via socket...
[03:17]   [ComfyUI] [SubprocessWorker] call_id=40 sending call_method
[03:17]   [ComfyUI] [worker:ComfyUI-GeometryPack] INFO: Backend: quadric_edge_collapse
[03:17]   [ComfyUI] [worker:ComfyUI-GeometryPack] INFO: Input: 56,203 vertices, 112,402 faces
[03:19]   Frame 3 saved (frame_002.jpg, t=4.4s)
[03:19]   [capture-periodic] freeze=1ms shot=85ms unfreeze=4ms saved=True
[03:19]   [ComfyUI] [SubprocessWorker] got response: ok
[03:19]   [ComfyUI] [comfy-env] GeomPackDecimate_QuadricEdgeCollapse done (2.12s): result: NodeOutput
[03:19]   [ComfyUI] [comfy-env] Running GeomPackDecimate_FastSimplification: trimesh: Trimesh, target_reduction: 0.8, aggressiveness: 7
[03:19]   [ComfyUI] [SubprocessWorker] call_method: nodes.decimation.backends.fast_simplification.DecimateFastSimplificationNode.EXECUTE_NORMALIZED
[03:19]   [ComfyUI] [SubprocessWorker] acquired lock, ensuring started...
[03:19]   [ComfyUI] [ComfyUI-GeometryPack] Health check: ping (timeout=5.0s)...
[03:19]   [ComfyUI] [ComfyUI-GeometryPack] Health check: ok
[03:19]   [ComfyUI] [SubprocessWorker] worker started/confirmed
[03:19]   [ComfyUI] [SubprocessWorker] serializing kwargs to shm...
[03:19]   Node executed (1 total), capturing...
[03:19]   [ComfyUI] [SubprocessWorker] created 1 shm blocks
[03:19]   [ComfyUI] [SubprocessWorker] sending request via socket...
[03:19]   [ComfyUI] [SubprocessWorker] call_id=41 sending call_method
[03:19]   [ComfyUI] [worker:ComfyUI-GeometryPack] INFO: Backend: fast_simplification
[03:19]   [ComfyUI] [worker:ComfyUI-GeometryPack] INFO: Input: 56,203 vertices, 112,402 faces
[03:19]   [ComfyUI] [SubprocessWorker] got response: ok
[03:19]   [ComfyUI] [comfy-env] GeomPackDecimate_FastSimplification done (0.15s): result: NodeOutput
[03:19]   [ComfyUI] [comfy-env] Running GeomPackPreviewMeshMulti: mode: 'fields', mesh_1: Trimesh, mesh_2: Trimesh, mesh_3: Trimesh
[03:19]   [ComfyUI] [SubprocessWorker] call_method: nodes.visualization.preview_mesh_multi.PreviewMeshMultiNode.EXECUTE_NORMALIZED
[03:19]   [ComfyUI] [SubprocessWorker] acquired lock, ensuring started...
[03:19]   [ComfyUI] [ComfyUI-GeometryPack] Health check: ping (timeout=5.0s)...
[03:19]   [ComfyUI] [ComfyUI-GeometryPack] Health check: ok
[03:19]   [ComfyUI] [SubprocessWorker] worker started/confirmed
[03:19]   [ComfyUI] [SubprocessWorker] serializing kwargs to shm...
[03:19]   [ComfyUI] [SubprocessWorker] created 3 shm blocks
[03:19]   [ComfyUI] [SubprocessWorker] sending request via socket...
[03:19]   [ComfyUI] [SubprocessWorker] call_id=42 sending call_method
[03:19]   [ComfyUI] [worker:ComfyUI-GeometryPack] INFO: Mode: fields, Meshes: 3
[03:19]   [ComfyUI] [worker:ComfyUI-GeometryPack] INFO: Mesh 1: Mesh - 56203 vertices, 112402 faces
[03:19]   [ComfyUI] [worker:ComfyUI-GeometryPack] INFO: Exporting mesh to VTP: /home/runner/work/comfy-gpu-ci/comfy-gpu-ci/test_workspaces/GeometryPack-0031/ComfyUI/output/preview_multi_1_dafc0a83.vtp
[03:19]   Frame 4 saved (frame_003.jpg, t=4.9s)
[03:19]   [capture-node] freeze=2ms shot=98ms unfreeze=3ms saved=True
[03:19]   [ComfyUI] [worker:ComfyUI-GeometryPack] INFO: Adding normals field (56203 vertices)
[03:19]   Node executed (2 total), capturing...
[03:19]   [ComfyUI] [worker:ComfyUI-GeometryPack] INFO: Adding face field: stl
[03:20]   [ComfyUI] [worker:ComfyUI-GeometryPack] INFO: Export complete: 56203 vertices, 112402 faces
[03:20]   [ComfyUI] [worker:ComfyUI-GeometryPack] INFO: Exported VTP: /home/runner/work/comfy-gpu-ci/comfy-gpu-ci/test_workspaces/GeometryPack-0031/ComfyUI/output/preview_multi_1_dafc0a83.vtp
[03:20]   [capture-node] freeze=2ms shot=95ms unfreeze=4ms saved=False
[03:20]   [ComfyUI] [worker:ComfyUI-GeometryPack] INFO: Mesh 2: Mesh - 2502 vertices, 5000 faces
[03:20]   [ComfyUI] [worker:ComfyUI-GeometryPack] INFO: Exporting mesh to VTP: /home/runner/work/comfy-gpu-ci/comfy-gpu-ci/test_workspaces/GeometryPack-0031/ComfyUI/output/preview_multi_2_dafc0a83.vtp
[03:20]   [ComfyUI] [worker:ComfyUI-GeometryPack] INFO: Adding normals field (2502 vertices)
[03:20]   [ComfyUI] [worker:ComfyUI-GeometryPack] INFO: Export complete: 2502 vertices, 5000 faces
[03:20]   [ComfyUI] [worker:ComfyUI-GeometryPack] INFO: Exported VTP: /home/runner/work/comfy-gpu-ci/comfy-gpu-ci/test_workspaces/GeometryPack-0031/ComfyUI/output/preview_multi_2_dafc0a83.vtp
[03:20]   [ComfyUI] [worker:ComfyUI-GeometryPack] INFO: Mesh 3: Mesh - 11242 vertices, 22480 faces
[03:20]   [ComfyUI] [worker:ComfyUI-GeometryPack] INFO: Exporting mesh to VTP: /home/runner/work/comfy-gpu-ci/comfy-gpu-ci/test_workspaces/GeometryPack-0031/ComfyUI/output/preview_multi_3_dafc0a83.vtp
[03:20]   [ComfyUI] [worker:ComfyUI-GeometryPack] INFO: Adding normals field (11242 vertices)
[03:20]   [ComfyUI] [worker:ComfyUI-GeometryPack] INFO: Export complete: 11242 vertices, 22480 faces
[03:20]   [ComfyUI] [worker:ComfyUI-GeometryPack] INFO: Exported VTP: /home/runner/work/comfy-gpu-ci/comfy-gpu-ci/test_workspaces/GeometryPack-0031/ComfyUI/output/preview_multi_3_dafc0a83.vtp
[03:20]   [ComfyUI] [worker:ComfyUI-GeometryPack] INFO: Grid: 3x1, Preview ready
[03:20]   [ComfyUI] [SubprocessWorker] got response: ok
[03:20]   [ComfyUI] [comfy-env] GeomPackPreviewMeshMulti done (0.62s): result: NodeOutput
[03:20]   [ComfyUI] [comfy-env] Running GeomPackDecimate_VertexClustering: trimesh: Trimesh, cluster_threshold: 3.0
[03:20]   [ComfyUI] [SubprocessWorker] call_method: nodes.decimation.backends.vertex_clustering.DecimateVertexClusteringNode.EXECUTE_NORMALIZED
[03:20]   [ComfyUI] [SubprocessWorker] acquired lock, ensuring started...
[03:20]   [ComfyUI] [ComfyUI-GeometryPack] Health check: ping (timeout=5.0s)...
[03:20]   [ComfyUI] [ComfyUI-GeometryPack] Health check: ok
[03:20]   [ComfyUI] [SubprocessWorker] worker started/confirmed
[03:20]   [ComfyUI] [SubprocessWorker] serializing kwargs to shm...
[03:20]   [ComfyUI] [SubprocessWorker] created 1 shm blocks
[03:20]   [ComfyUI] [SubprocessWorker] sending request via socket...
[03:20]   [ComfyUI] [SubprocessWorker] call_id=43 sending call_method
[03:20]   [ComfyUI] [worker:ComfyUI-GeometryPack] INFO: Backend: vertex_clustering
[03:20]   [ComfyUI] [worker:ComfyUI-GeometryPack] INFO: Input: 56,203 vertices, 112,402 faces
[03:20]   [ComfyUI] [SubprocessWorker] got response: ok
[03:20]   [ComfyUI] [comfy-env] GeomPackDecimate_VertexClustering done (0.09s): result: NodeOutput
[03:20]   [ComfyUI] [comfy-env] Running GeomPackDecimate_DecimatePro: trimesh: Trimesh, target_reduction: 0.8, feature_angle: 15.0, preserve_topology: 'true'
[03:20]   [ComfyUI] [SubprocessWorker] call_method: nodes.decimation.backends.decimate_pro.DecimateProNode.EXECUTE_NORMALIZED
[03:20]   [ComfyUI] [SubprocessWorker] acquired lock, ensuring started...
[03:20]   [ComfyUI] [ComfyUI-GeometryPack] Health check: ping (timeout=5.0s)...
[03:20]   [ComfyUI] [ComfyUI-GeometryPack] Health check: ok
[03:20]   [ComfyUI] [SubprocessWorker] worker started/confirmed
[03:20]   [ComfyUI] [SubprocessWorker] serializing kwargs to shm...
[03:20]   [ComfyUI] [SubprocessWorker] created 1 shm blocks
[03:20]   [ComfyUI] [SubprocessWorker] sending request via socket...
[03:20]   [ComfyUI] [SubprocessWorker] call_id=44 sending call_method
[03:20]   [ComfyUI] [worker:ComfyUI-GeometryPack] INFO: Backend: decimate_pro
[03:20]   [ComfyUI] [worker:ComfyUI-GeometryPack] INFO: Input: 56,203 vertices, 112,402 faces
[03:20]   Node executed (4 total), capturing...
[03:21]   [ComfyUI] [SubprocessWorker] got response: ok
[03:21]   [ComfyUI] [comfy-env] GeomPackDecimate_DecimatePro done (1.31s): result: NodeOutput
[03:21]   [ComfyUI] [comfy-env] Running GeomPackPreviewMeshMulti: mode: 'fields', mesh_1: Trimesh, mesh_2: Trimesh, mesh_3: Trimesh
[03:21]   [ComfyUI] [SubprocessWorker] call_method: nodes.visualization.preview_mesh_multi.PreviewMeshMultiNode.EXECUTE_NORMALIZED
[03:21]   [ComfyUI] [SubprocessWorker] acquired lock, ensuring started...
[03:21]   [ComfyUI] [ComfyUI-GeometryPack] Health check: ping (timeout=5.0s)...
[03:21]   [ComfyUI] [ComfyUI-GeometryPack] Health check: ok
[03:21]   [ComfyUI] [SubprocessWorker] worker started/confirmed
[03:21]   [ComfyUI] [SubprocessWorker] serializing kwargs to shm...
[03:21]   [ComfyUI] [SubprocessWorker] created 3 shm blocks
[03:21]   [ComfyUI] [SubprocessWorker] sending request via socket...
[03:21]   [ComfyUI] [SubprocessWorker] call_id=45 sending call_method
[03:21]   [ComfyUI] [worker:ComfyUI-GeometryPack] INFO: Mode: fields, Meshes: 3
[03:21]   [ComfyUI] [worker:ComfyUI-GeometryPack] INFO: Mesh 1: Mesh - 56203 vertices, 112402 faces
[03:21]   [ComfyUI] [worker:ComfyUI-GeometryPack] INFO: Exporting mesh to VTP: /home/runner/work/comfy-gpu-ci/comfy-gpu-ci/test_workspaces/GeometryPack-0031/ComfyUI/output/preview_multi_1_ef737108.vtp
[03:21]   [ComfyUI] [worker:ComfyUI-GeometryPack] INFO: Adding normals field (56203 vertices)
[03:22]   [ComfyUI] [worker:ComfyUI-GeometryPack] INFO: Adding face field: stl
[03:22]   [ComfyUI] [worker:ComfyUI-GeometryPack] INFO: Export complete: 56203 vertices, 112402 faces
[03:22]   [ComfyUI] [worker:ComfyUI-GeometryPack] INFO: Exported VTP: /home/runner/work/comfy-gpu-ci/comfy-gpu-ci/test_workspaces/GeometryPack-0031/ComfyUI/output/preview_multi_1_ef737108.vtp
[03:22]   [ComfyUI] [worker:ComfyUI-GeometryPack] INFO: Mesh 2: Mesh - 11242 vertices, 22480 faces
[03:22]   [ComfyUI] [worker:ComfyUI-GeometryPack] INFO: Exporting mesh to VTP: /home/runner/work/comfy-gpu-ci/comfy-gpu-ci/test_workspaces/GeometryPack-0031/ComfyUI/output/preview_multi_2_ef737108.vtp
[03:22]   [ComfyUI] [worker:ComfyUI-GeometryPack] INFO: Adding normals field (11242 vertices)
[03:22]   [ComfyUI] [worker:ComfyUI-GeometryPack] INFO: Export complete: 11242 vertices, 22480 faces
[03:22]   [ComfyUI] [worker:ComfyUI-GeometryPack] INFO: Exported VTP: /home/runner/work/comfy-gpu-ci/comfy-gpu-ci/test_workspaces/GeometryPack-0031/ComfyUI/output/preview_multi_2_ef737108.vtp
[03:22]   [ComfyUI] [worker:ComfyUI-GeometryPack] INFO: Mesh 3: Mesh - 1272 vertices, 2582 faces
[03:22]   [ComfyUI] [worker:ComfyUI-GeometryPack] INFO: Exporting mesh to VTP: /home/runner/work/comfy-gpu-ci/comfy-gpu-ci/test_workspaces/GeometryPack-0031/ComfyUI/output/preview_multi_3_ef737108.vtp
[03:22]   [ComfyUI] [worker:ComfyUI-GeometryPack] INFO: Adding normals field (1272 vertices)
[03:22]   [ComfyUI] [worker:ComfyUI-GeometryPack] INFO: Export complete: 1272 vertices, 2582 faces
[03:22]   [ComfyUI] [worker:ComfyUI-GeometryPack] INFO: Exported VTP: /home/runner/work/comfy-gpu-ci/comfy-gpu-ci/test_workspaces/GeometryPack-0031/ComfyUI/output/preview_multi_3_ef737108.vtp
[03:22]   [ComfyUI] [worker:ComfyUI-GeometryPack] INFO: Grid: 3x1, Preview ready
[03:22]   [ComfyUI] [SubprocessWorker] got response: ok
[03:22]   [ComfyUI] [comfy-env] GeomPackPreviewMeshMulti done (0.87s): result: NodeOutput
[03:22]   [ComfyUI] Prompt executed in 7.67 seconds
[03:22]   Frame 5 saved (frame_004.jpg, t=5.8s)
[03:22]   [capture-node] freeze=1395ms shot=848ms unfreeze=2ms saved=True
[03:22]   Node executed (6 total), capturing...
[03:24]   Frame 6 saved (frame_005.jpg, t=8.4s)
[03:24]   [capture-node] freeze=1022ms shot=607ms unfreeze=0ms saved=True
[03:24]   Execution complete (t=8.4s)
[03:24]   Captured 6 unique frames over 10.06s
[03:24]   [debug] iframes: 2
[03:24]   [debug]   iframe[0]: src=http://127.0.0.1:41895/extensions/ComfyUI-GeometryPack/viewer_multi.html?v=17784, canvas=244x393, rafFrozen=True
[03:24]   [debug]   iframe[1]: src=http://127.0.0.1:41895/extensions/ComfyUI-GeometryPack/viewer_multi.html?v=17784, canvas=244x393, rafFrozen=True
[03:24]   [timing] trigger_3d_previews: 0.0s
[03:27]   Saved high-quality screenshot: decimate_all_executed.png
[03:27]   [timing] final_screenshot: 0.4s
[03:27] Capturing execution frames: depth_map_to_mesh.json
[03:33]   Frame 1 saved (frame_000.jpg, t=0.0s)
[03:33]   Validating workflow...
[03:33]   [ComfyUI] === /validate endpoint called ===
[03:33]   [ComfyUI] Received JSON with keys: ['prompt']
[03:33]   [ComfyUI] Prompt has 4 nodes
[03:33]   [ComfyUI]   Node 1: LoadImage
[03:33]   [ComfyUI]     Inputs: {"image": "example.png"}
[03:33]   [ComfyUI]   Node 4: GeomPackPreviewMeshVTK
[03:33]   [ComfyUI]     Inputs: {"mode": "fields", "preview_vtk": "{\"show_edges\":false,\"camera_state\":\"{\\\"position\\\":[-0.24987848276768215,0.32154187563545744,0.9133299327529744],\\\"focalPoint\\\":[0,0,0],\\\"viewUp\\\":[0
[03:33]   [ComfyUI]   Node 6: ImageToMask
[03:33]   Queuing workflow for execution...
[03:33]   [ComfyUI]     Inputs: {"channel": "red", "image": ["1", 0]}
[03:33]   [ComfyUI]   Node 7: GeomPackTextureToGeometry
[03:33]   [ComfyUI]     Inputs: {"height_scale": 1, "backend": "grid", "backend.smooth_normals": "true", "field_name": "field", "invert_height": "false", "skip_black": "false", "black_threshold": 0.01, "report_panel": "false", "mask
[03:33]   [ComfyUI] Generated prompt_id: ab95ac80-8434-45b2-873b-782cfe8224b1
[03:33]   [ComfyUI] Calling execution.validate_prompt()...
[03:33]   [ComfyUI] Validation result: valid=True
[03:33]   [ComfyUI] === Validation PASSED ===
[03:33]   [ComfyUI] got prompt
[03:33]   [ComfyUI] [comfy-env] Running GeomPackTextureToGeometry: height_scale: 1.0, backend: dict, field_name: 'field', invert_height: 'false', skip_black: 'false', black_threshold: 0.01, mask: torch.float32 [1,768,768] cpu
[03:33]   [ComfyUI] [SubprocessWorker] call_method: nodes.texture_remeshing.texture_to_geometry.TextureToGeometryNode.EXECUTE_NORMALIZED
[03:33]   [ComfyUI] [SubprocessWorker] acquired lock, ensuring started...
[03:33]   [ComfyUI] [ComfyUI-GeometryPack] Health check: ping (timeout=5.0s)...
[03:33]   [ComfyUI] [ComfyUI-GeometryPack] Health check: ok
[03:33]   [ComfyUI] [SubprocessWorker] worker started/confirmed
[03:33]   [ComfyUI] [comfy-env] PRE-SERIALIZE 'mask' shape: torch.Size([1, 768, 768])
[03:33]   [ComfyUI] [SubprocessWorker] serializing kwargs to shm...
[03:33]   [ComfyUI] [SubprocessWorker] created 0 shm blocks
[03:33]   [ComfyUI] [SubprocessWorker] sending request via socket...
[03:33]   [ComfyUI] [SubprocessWorker] call_id=46 sending call_method
[03:33]   [ComfyUI] [worker:ComfyUI-GeometryPack] [comfy-env] _from_shm got dict with keys: ['__type__', 'strategy', 'parent_pid', 'fd', 'storage_size']
[03:33]   [ComfyUI] [worker:ComfyUI-GeometryPack] [comfy-env] DESERIALIZE TensorRef: tensor_size=[1, 768, 768]
[03:33]   [ComfyUI] [worker:ComfyUI-GeometryPack] [comfy-env] DESERIALIZED tensor shape: torch.Size([1, 768, 768])
[03:33]   [ComfyUI] [worker:ComfyUI-GeometryPack] INFO: Converting to geometry using backend: grid
[03:33]   [ComfyUI] [worker:ComfyUI-GeometryPack] INFO: Using mask input
[03:33]   [ComfyUI] [worker:ComfyUI-GeometryPack] INFO: Using native resolution: 768x768, range: [0.000, 1.000]
[03:34]   [ComfyUI] [worker:ComfyUI-GeometryPack] INFO: Generated 589824 points
[03:35]   Frame 2 saved (frame_001.jpg, t=2.3s)
[03:35]   [capture-periodic] freeze=2ms shot=102ms unfreeze=3ms saved=True
[03:37]   [ComfyUI] [worker:ComfyUI-GeometryPack] INFO: Created mesh: 589824 vertices, 1176578 faces
[03:37]   [ComfyUI] [SubprocessWorker] got response: ok
[03:37]   [ComfyUI] [comfy-env] GeomPackTextureToGeometry done (4.38s): result: NodeOutput
[03:37]   [ComfyUI] [comfy-env] Running GeomPackPreviewMeshVTK: mode: 'fields', trimesh: Trimesh
[03:37]   [ComfyUI] [SubprocessWorker] call_method: nodes.visualization.preview_mesh_vtk.PreviewMeshVTKNode.EXECUTE_NORMALIZED
[03:37]   [ComfyUI] [SubprocessWorker] acquired lock, ensuring started...
[03:37]   [ComfyUI] [ComfyUI-GeometryPack] Health check: ping (timeout=5.0s)...
[03:37]   [ComfyUI] [ComfyUI-GeometryPack] Health check: ok
[03:37]   [ComfyUI] [SubprocessWorker] worker started/confirmed
[03:37]   [ComfyUI] [SubprocessWorker] serializing kwargs to shm...
[03:37]   Frame 3 saved (frame_002.jpg, t=4.5s)
[03:37]   [capture-periodic] freeze=1ms shot=95ms unfreeze=4ms saved=True
[03:37]   [ComfyUI] [SubprocessWorker] created 1 shm blocks
[03:37]   [ComfyUI] [SubprocessWorker] sending request via socket...
[03:37]   [ComfyUI] [SubprocessWorker] call_id=47 sending call_method
[03:37]   [ComfyUI] [worker:ComfyUI-GeometryPack] INFO: Preparing preview: Mesh - 589824 vertices, 1176578 faces
[03:37]   [ComfyUI] [worker:ComfyUI-GeometryPack] INFO: Mode: fields
[03:37]   [ComfyUI] [worker:ComfyUI-GeometryPack] INFO: Visual data - has_visual: True, kind: None, texture: False, vertex_colors: False
[03:37]   [ComfyUI] [worker:ComfyUI-GeometryPack] INFO: Using fields mode - VTP export
[03:37]   [ComfyUI] [worker:ComfyUI-GeometryPack] INFO: Exporting mesh to VTP: /home/runner/work/comfy-gpu-ci/comfy-gpu-ci/test_workspaces/GeometryPack-0031/ComfyUI/output/preview_vtk_4b30fe35.vtp
[03:37]   Node executed (1 total), capturing...
[03:38]   Frame 4 saved (frame_003.jpg, t=4.9s)
[03:38]   [capture-node] freeze=2ms shot=191ms unfreeze=4ms saved=True
[03:39]   [capture-loop] iter=50 t=6.0s state={'complete': False, 'error': None, 'executedCount': 1, 'wsState': 1} eval_ms=2 ram=3.1/15.6GB (20%) swap=0.0/3.0GB (0%) cpu=29% browser_rss=0.87GB
[03:39]   [ComfyUI] [worker:ComfyUI-GeometryPack] INFO: Adding normals field (589824 vertices)
[03:41]   [ComfyUI] [worker:ComfyUI-GeometryPack] INFO: Export complete: 589824 vertices, 1176578 faces
[03:41]   [ComfyUI] [worker:ComfyUI-GeometryPack] INFO: Exported VTP to: /home/runner/work/comfy-gpu-ci/comfy-gpu-ci/test_workspaces/GeometryPack-0031/ComfyUI/output/preview_vtk_4b30fe35.vtp
[03:41]   [ComfyUI] [worker:ComfyUI-GeometryPack] INFO: Fields mode info: watertight=False, volume=None, area=11.966723990015208, no fields
[03:41]   [ComfyUI] [SubprocessWorker] got response: ok
[03:41]   [ComfyUI] [comfy-env] GeomPackPreviewMeshVTK done (4.32s): result: NodeOutput
[03:41]   [ComfyUI] Prompt executed in 8.73 seconds
[03:42]   Node executed (2 total), capturing...
[03:45]   Frame 5 saved (frame_004.jpg, t=9.5s)
[03:45]   [capture-node] freeze=69ms shot=3011ms unfreeze=0ms saved=True
[03:45]   Execution complete (t=9.5s)
[03:45]   Captured 5 unique frames over 12.61s
[03:45]   [debug] iframes: 1
[03:45]   [debug]   iframe[0]: src=http://127.0.0.1:41895/extensions/ComfyUI-GeometryPack/viewer_vtk.html?v=1778459, canvas=486x348, rafFrozen=True
[03:45]   [timing] trigger_3d_previews: 0.0s
[03:47]   Saved high-quality screenshot: depth_map_to_mesh_executed.png
[03:47]   [timing] final_screenshot: 0.2s
[03:48]   [8/33] SKIPPED (not in cpu list) fill_holes_all.json
[03:48] Capturing execution frames: fix_normals_all.json
[03:55]   Frame 1 saved (frame_000.jpg, t=0.0s)
[03:55]   Validating workflow...
[03:55]   [ComfyUI] === /validate endpoint called ===
[03:55]   [ComfyUI] Received JSON with keys: ['prompt']
[03:55]   [ComfyUI] Prompt has 8 nodes
[03:55]   [ComfyUI]   Node 1: GeomPackLoadMesh
[03:55]   [ComfyUI]     Inputs: {"file_path": "3d/truck.obj"}
[03:55]   [ComfyUI]   Node 2: GeomPackFixNormals
[03:55]   [ComfyUI]     Inputs: {"backend": "trimesh", "report_panel": "false", "trimesh": ["1", 0]}
[03:55]   [ComfyUI]   Node 3: GeomPackFixNormals
[03:55]   [ComfyUI]     Inputs: {"backend": "igl_bfs", "report_panel": "false", "trimesh": ["1", 0]}
[03:55]   [ComfyUI]   Node 4: GeomPackFixNormals
[03:55]   [ComfyUI]     Inputs: {"backend": "igl_winding", "report_panel": "false", "trimesh": ["1", 0]}
[03:55]   [ComfyUI]   Node 5: GeomPackFixNormals
[03:55]   [ComfyUI]     Inputs: {"backend": "igl_raycast", "report_panel": "false", "trimesh": ["1", 0]}
[03:55]   [ComfyUI]   Node 6: GeomPackFixNormals
[03:55]   Queuing workflow for execution...
[03:55]   [ComfyUI]     Inputs: {"backend": "igl_signed_dist", "report_panel": "false", "trimesh": ["1", 0]}
[03:55]   [ComfyUI]   Node 8: GeomPackPreviewMeshMulti
[03:55]   [ComfyUI]     Inputs: {"mode": "fields", "preview_multi": "{\"show_edges\":true,\"camera_state\":\"{\\\"position\\\":[2.4457834419570967,0.9339641357719854,-1.1112698573158992],\\\"focalPoint\\\":[0,0,0],\\\"viewUp\\\":[-0
[03:55]   [ComfyUI]   Node 9: GeomPackPreviewMeshMulti
[03:55]   [ComfyUI]     Inputs: {"mode": "fields", "preview_multi": "{\"show_edges\":true,\"camera_state\":\"{\\\"position\\\":[2.4457834419570967,0.9339641357719854,-1.1112698573158992],\\\"focalPoint\\\":[0,0,0],\\\"viewUp\\\":[-0
[03:55]   [ComfyUI] Generated prompt_id: ef4ca8fe-faf0-497d-9fb0-e7e874be301e
[03:55]   [ComfyUI] Calling execution.validate_prompt()...
[03:55]   [ComfyUI] Validation result: valid=True
[03:55]   [ComfyUI] === Validation PASSED ===
[03:55]   [ComfyUI] got prompt
[03:55]   [ComfyUI] [comfy-env] Running GeomPackLoadMesh: file_path: '3d/truck.obj'
[03:55]   [ComfyUI] [SubprocessWorker] call_method: nodes.io.load_mesh.LoadMesh.EXECUTE_NORMALIZED
[03:55]   [ComfyUI] [SubprocessWorker] acquired lock, ensuring started...
[03:55]   [ComfyUI] [ComfyUI-GeometryPack] Health check: ping (timeout=5.0s)...
[03:55]   [ComfyUI] [ComfyUI-GeometryPack] Health check: ok
[03:55]   [ComfyUI] [SubprocessWorker] worker started/confirmed
[03:55]   [ComfyUI] [SubprocessWorker] serializing kwargs to shm...
[03:55]   [ComfyUI] [SubprocessWorker] created 0 shm blocks
[03:55]   [ComfyUI] [SubprocessWorker] sending request via socket...
[03:55]   [ComfyUI] [SubprocessWorker] call_id=48 sending call_method
[03:55]   [ComfyUI] [worker:ComfyUI-GeometryPack] INFO: Found mesh in input folder: 3d/truck.obj
[03:55]   [ComfyUI] [worker:ComfyUI-GeometryPack] INFO: Loading: /home/runner/work/comfy-gpu-ci/comfy-gpu-ci/test_workspaces/GeometryPack-0031/ComfyUI/input/3d/truck.obj
[03:55]   [ComfyUI] [worker:ComfyUI-GeometryPack] INFO: Initial mesh: 2956 vertices, 4770 faces
[03:55]   [ComfyUI] [worker:ComfyUI-GeometryPack] INFO: Successfully loaded: 2956 vertices, 4770 faces
[03:55]   [ComfyUI] [worker:ComfyUI-GeometryPack] INFO: Loaded: 2956 vertices, 4770 faces
[03:55]   [ComfyUI] [SubprocessWorker] got response: ok
[03:55]   [ComfyUI] [comfy-env] GeomPackLoadMesh done (0.02s): result: NodeOutput
[03:55]   [ComfyUI] [comfy-env] Running GeomPackFixNormals: backend: dict, trimesh: Trimesh
[03:55]   [ComfyUI] [SubprocessWorker] call_method: nodes.repair.fix_normals.FixNormalsNode.EXECUTE_NORMALIZED
[03:55]   [ComfyUI] [SubprocessWorker] acquired lock, ensuring started...
[03:55]   [ComfyUI] [ComfyUI-GeometryPack] Health check: ping (timeout=5.0s)...
[03:55]   [ComfyUI] [ComfyUI-GeometryPack] Health check: ok
[03:55]   [ComfyUI] [SubprocessWorker] worker started/confirmed
[03:55]   [ComfyUI] [SubprocessWorker] serializing kwargs to shm...
[03:55]   [ComfyUI] [SubprocessWorker] created 1 shm blocks
[03:55]   [ComfyUI] [SubprocessWorker] sending request via socket...
[03:55]   [ComfyUI] [SubprocessWorker] call_id=49 sending call_method
[03:55]   [ComfyUI] [worker:ComfyUI-GeometryPack] INFO: Fix Normals dispatch: trimesh -> GeomPackFixNormals_Trimesh
[03:55]   [ComfyUI] [SubprocessWorker] got response: ok
[03:55]   [ComfyUI] [comfy-env] GeomPackFixNormals done (0.01s): result: NodeOutput
[03:55]   [ComfyUI] [comfy-env] Running GeomPackFixNormals: backend: dict, trimesh: Trimesh
[03:55]   [ComfyUI] [SubprocessWorker] call_method: nodes.repair.fix_normals.FixNormalsNode.EXECUTE_NORMALIZED
[03:55]   [ComfyUI] [SubprocessWorker] acquired lock, ensuring started...
[03:55]   [ComfyUI] [ComfyUI-GeometryPack] Health check: ping (timeout=5.0s)...
[03:55]   [ComfyUI] [ComfyUI-GeometryPack] Health check: ok
[03:55]   [ComfyUI] [SubprocessWorker] worker started/confirmed
[03:55]   [ComfyUI] [SubprocessWorker] serializing kwargs to shm...
[03:55]   [ComfyUI] [SubprocessWorker] created 1 shm blocks
[03:55]   [ComfyUI] [SubprocessWorker] sending request via socket...
[03:55]   [ComfyUI] [SubprocessWorker] call_id=50 sending call_method
[03:55]   [ComfyUI] [worker:ComfyUI-GeometryPack] INFO: Fix Normals dispatch: igl_signed_dist -> GeomPackFixNormals_IglSignedDist
[03:55]   [ComfyUI] [SubprocessWorker] got response: ok
[03:55]   [ComfyUI] [comfy-env] GeomPackFixNormals done (0.01s): result: NodeOutput
[03:55]   [ComfyUI] [comfy-env] Running GeomPackFixNormals: backend: dict, trimesh: Trimesh
[03:55]   [ComfyUI] [SubprocessWorker] call_method: nodes.repair.fix_normals.FixNormalsNode.EXECUTE_NORMALIZED
[03:55]   [ComfyUI] [SubprocessWorker] acquired lock, ensuring started...
[03:55]   [ComfyUI] [ComfyUI-GeometryPack] Health check: ping (timeout=5.0s)...
[03:55]   [ComfyUI] [ComfyUI-GeometryPack] Health check: ok
[03:55]   [ComfyUI] [SubprocessWorker] worker started/confirmed
[03:55]   [ComfyUI] [SubprocessWorker] serializing kwargs to shm...
[03:55]   [ComfyUI] [SubprocessWorker] created 1 shm blocks
[03:55]   [ComfyUI] [SubprocessWorker] sending request via socket...
[03:55]   [ComfyUI] [SubprocessWorker] call_id=51 sending call_method
[03:55]   [ComfyUI] [worker:ComfyUI-GeometryPack] INFO: Fix Normals dispatch: igl_raycast -> GeomPackFixNormals_IglRaycast
[03:55]   [ComfyUI] [SubprocessWorker] got response: ok
[03:55]   [ComfyUI] [comfy-env] GeomPackFixNormals done (0.01s): result: NodeOutput
[03:55]   [ComfyUI] [comfy-env] Running GeomPackFixNormals: backend: dict, trimesh: Trimesh
[03:55]   [ComfyUI] [SubprocessWorker] call_method: nodes.repair.fix_normals.FixNormalsNode.EXECUTE_NORMALIZED
[03:55]   [ComfyUI] [SubprocessWorker] acquired lock, ensuring started...
[03:55]   [ComfyUI] [ComfyUI-GeometryPack] Health check: ping (timeout=5.0s)...
[03:55]   [ComfyUI] [ComfyUI-GeometryPack] Health check: ok
[03:55]   [ComfyUI] [SubprocessWorker] worker started/confirmed
[03:55]   [ComfyUI] [SubprocessWorker] serializing kwargs to shm...
[03:55]   [ComfyUI] [SubprocessWorker] created 1 shm blocks
[03:55]   [ComfyUI] [SubprocessWorker] sending request via socket...
[03:55]   [ComfyUI] [SubprocessWorker] call_id=52 sending call_method
[03:55]   [ComfyUI] [worker:ComfyUI-GeometryPack] INFO: Fix Normals dispatch: igl_winding -> GeomPackFixNormals_IglWinding
[03:55]   [ComfyUI] [SubprocessWorker] got response: ok
[03:55]   [ComfyUI] [comfy-env] GeomPackFixNormals done (0.01s): result: NodeOutput
[03:55]   [ComfyUI] [comfy-env] Running GeomPackFixNormals: backend: dict, trimesh: Trimesh
[03:55]   [ComfyUI] [SubprocessWorker] call_method: nodes.repair.fix_normals.FixNormalsNode.EXECUTE_NORMALIZED
[03:55]   [ComfyUI] [SubprocessWorker] acquired lock, ensuring started...
[03:55]   [ComfyUI] [ComfyUI-GeometryPack] Health check: ping (timeout=5.0s)...
[03:55]   [ComfyUI] [ComfyUI-GeometryPack] Health check: ok
[03:55]   [ComfyUI] [SubprocessWorker] worker started/confirmed
[03:55]   [ComfyUI] [SubprocessWorker] serializing kwargs to shm...
[03:55]   [ComfyUI] [SubprocessWorker] created 1 shm blocks
[03:55]   [ComfyUI] [SubprocessWorker] sending request via socket...
[03:55]   [ComfyUI] [SubprocessWorker] call_id=53 sending call_method
[03:55]   [ComfyUI] [worker:ComfyUI-GeometryPack] INFO: Fix Normals dispatch: igl_bfs -> GeomPackFixNormals_IglBfs
[03:55]   [ComfyUI] [SubprocessWorker] got response: ok
[03:55]   [ComfyUI] [comfy-env] GeomPackFixNormals done (0.01s): result: NodeOutput
[03:55]   [ComfyUI] [comfy-env] Running GeomPackFixNormals_Trimesh: trimesh: Trimesh
[03:55]   [ComfyUI] [SubprocessWorker] call_method: nodes.repair.fix_normals_backends.trimesh_fix.FixNormalsTrimeshNode.EXECUTE_NORMALIZED
[03:55]   [ComfyUI] [SubprocessWorker] acquired lock, ensuring started...
[03:55]   [ComfyUI] [ComfyUI-GeometryPack] Health check: ping (timeout=5.0s)...
[03:55]   [ComfyUI] [ComfyUI-GeometryPack] Health check: ok
[03:55]   [ComfyUI] [SubprocessWorker] worker started/confirmed
[03:55]   [ComfyUI] [SubprocessWorker] serializing kwargs to shm...
[03:55]   [ComfyUI] [SubprocessWorker] created 1 shm blocks
[03:55]   [ComfyUI] [SubprocessWorker] sending request via socket...
[03:55]   [ComfyUI] [SubprocessWorker] call_id=54 sending call_method
[03:55]   [ComfyUI] [worker:ComfyUI-GeometryPack] INFO: Normal orientation: False -> True
[03:55]   [ComfyUI] [SubprocessWorker] got response: ok
[03:55]   [ComfyUI] [comfy-env] GeomPackFixNormals_Trimesh done (0.28s): result: NodeOutput
[03:55]   [ComfyUI] [comfy-env] Running GeomPackFixNormals_IglSignedDist: trimesh: Trimesh
[03:55]   [ComfyUI] [SubprocessWorker] call_method: nodes.repair.fix_normals_backends.igl_signed_dist.FixNormalsIglSignedDistNode.EXECUTE_NORMALIZED
[03:55]   [ComfyUI] [SubprocessWorker] acquired lock, ensuring started...
[03:55]   [ComfyUI] [ComfyUI-GeometryPack] Health check: ping (timeout=5.0s)...
[03:55]   [ComfyUI] [ComfyUI-GeometryPack] Health check: ok
[03:55]   [ComfyUI] [SubprocessWorker] worker started/confirmed
[03:55]   [ComfyUI] [SubprocessWorker] serializing kwargs to shm...
[03:55]   [ComfyUI] [SubprocessWorker] created 1 shm blocks
[03:55]   [ComfyUI] [SubprocessWorker] sending request via socket...
[03:55]   [ComfyUI] [SubprocessWorker] call_id=55 sending call_method
[03:55]   Node executed (1 total), capturing...
[03:55]   [ComfyUI] [worker:ComfyUI-GeometryPack] INFO: igl_signed_dist: flipped 4757/4770 faces
[03:55]   [ComfyUI] [worker:ComfyUI-GeometryPack] INFO: Normal orientation: False -> False
[03:55]   [ComfyUI] [SubprocessWorker] got response: ok
[03:55]   [ComfyUI] [comfy-env] GeomPackFixNormals_IglSignedDist done (0.08s): result: NodeOutput
[03:55]   [ComfyUI] [comfy-env] Running GeomPackFixNormals_IglRaycast: trimesh: Trimesh
[03:55]   [ComfyUI] [SubprocessWorker] call_method: nodes.repair.fix_normals_backends.igl_raycast.FixNormalsIglRaycastNode.EXECUTE_NORMALIZED
[03:55]   [ComfyUI] [SubprocessWorker] acquired lock, ensuring started...
[03:55]   [ComfyUI] [ComfyUI-GeometryPack] Health check: ping (timeout=5.0s)...
[03:55]   [ComfyUI] [ComfyUI-GeometryPack] Health check: ok
[03:55]   [ComfyUI] [SubprocessWorker] worker started/confirmed
[03:55]   [ComfyUI] [SubprocessWorker] serializing kwargs to shm...
[03:55]   [ComfyUI] [SubprocessWorker] created 1 shm blocks
[03:55]   [ComfyUI] [SubprocessWorker] sending request via socket...
[03:55]   [ComfyUI] [SubprocessWorker] call_id=56 sending call_method
[03:56]   Frame 2 saved (frame_001.jpg, t=0.7s)
[03:56]   [capture-node] freeze=2ms shot=103ms unfreeze=3ms saved=True
[03:56]   Node executed (2 total), capturing...
[03:56]   [capture-node] freeze=2ms shot=92ms unfreeze=3ms saved=False
[03:56]   [ComfyUI] [worker:ComfyUI-GeometryPack] INFO: igl_raycast: flipped 3339/4770 faces
[03:56]   [ComfyUI] [worker:ComfyUI-GeometryPack] INFO: Normal orientation: False -> False
[03:56]   [ComfyUI] [SubprocessWorker] got response: ok
[03:56]   [ComfyUI] [comfy-env] GeomPackFixNormals_IglRaycast done (1.16s): result: NodeOutput
[03:56]   [ComfyUI] [comfy-env] Running GeomPackPreviewMeshMulti: mode: 'fields', mesh_1: Trimesh, mesh_2: Trimesh
[03:56]   [ComfyUI] [SubprocessWorker] call_method: nodes.visualization.preview_mesh_multi.PreviewMeshMultiNode.EXECUTE_NORMALIZED
[03:56]   [ComfyUI] [SubprocessWorker] acquired lock, ensuring started...
[03:56]   [ComfyUI] [ComfyUI-GeometryPack] Health check: ping (timeout=5.0s)...
[03:56]   [ComfyUI] [ComfyUI-GeometryPack] Health check: ok
[03:56]   [ComfyUI] [SubprocessWorker] worker started/confirmed
[03:56]   [ComfyUI] [SubprocessWorker] serializing kwargs to shm...
[03:56]   [ComfyUI] [SubprocessWorker] created 2 shm blocks
[03:56]   [ComfyUI] [SubprocessWorker] sending request via socket...
[03:56]   [ComfyUI] [SubprocessWorker] call_id=57 sending call_method
[03:56]   [ComfyUI] [worker:ComfyUI-GeometryPack] INFO: Mode: fields, Meshes: 2
[03:56]   [ComfyUI] [worker:ComfyUI-GeometryPack] INFO: Mesh 1: Mesh - 2956 vertices, 4770 faces
[03:56]   [ComfyUI] [worker:ComfyUI-GeometryPack] INFO: Exporting mesh to VTP: /home/runner/work/comfy-gpu-ci/comfy-gpu-ci/test_workspaces/GeometryPack-0031/ComfyUI/output/preview_multi_1_045f4728.vtp
[03:56]   [ComfyUI] [worker:ComfyUI-GeometryPack] INFO: Adding normals field (2956 vertices)
[03:56]   [ComfyUI] [worker:ComfyUI-GeometryPack] INFO: Export complete: 2956 vertices, 4770 faces
[03:56]   [ComfyUI] [worker:ComfyUI-GeometryPack] INFO: Exported VTP: /home/runner/work/comfy-gpu-ci/comfy-gpu-ci/test_workspaces/GeometryPack-0031/ComfyUI/output/preview_multi_1_045f4728.vtp
[03:56]   [ComfyUI] [worker:ComfyUI-GeometryPack] INFO: Mesh 2: Mesh - 2956 vertices, 4770 faces
[03:56]   [ComfyUI] [worker:ComfyUI-GeometryPack] INFO: Exporting mesh to VTP: /home/runner/work/comfy-gpu-ci/comfy-gpu-ci/test_workspaces/GeometryPack-0031/ComfyUI/output/preview_multi_2_045f4728.vtp
[03:57]   [ComfyUI] [worker:ComfyUI-GeometryPack] INFO: Adding normals field (2956 vertices)
[03:57]   [ComfyUI] [worker:ComfyUI-GeometryPack] INFO: Export complete: 2956 vertices, 4770 faces
[03:57]   [ComfyUI] [worker:ComfyUI-GeometryPack] INFO: Exported VTP: /home/runner/work/comfy-gpu-ci/comfy-gpu-ci/test_workspaces/GeometryPack-0031/ComfyUI/output/preview_multi_2_045f4728.vtp
[03:57]   [ComfyUI] [worker:ComfyUI-GeometryPack] INFO: Grid: 2x1, Preview ready
[03:57]   [ComfyUI] [SubprocessWorker] got response: ok
[03:57]   [ComfyUI] [comfy-env] GeomPackPreviewMeshMulti done (0.06s): result: NodeOutput
[03:57]   [ComfyUI] [comfy-env] Running GeomPackFixNormals_IglWinding: trimesh: Trimesh
[03:57]   [ComfyUI] [SubprocessWorker] call_method: nodes.repair.fix_normals_backends.igl_winding.FixNormalsIglWindingNode.EXECUTE_NORMALIZED
[03:57]   [ComfyUI] [SubprocessWorker] acquired lock, ensuring started...
[03:57]   [ComfyUI] [ComfyUI-GeometryPack] Health check: ping (timeout=5.0s)...
[03:57]   [ComfyUI] [ComfyUI-GeometryPack] Health check: ok
[03:57]   [ComfyUI] [SubprocessWorker] worker started/confirmed
[03:57]   [ComfyUI] [SubprocessWorker] serializing kwargs to shm...
[03:57]   [ComfyUI] [SubprocessWorker] created 1 shm blocks
[03:57]   [ComfyUI] [SubprocessWorker] sending request via socket...
[03:57]   [ComfyUI] [SubprocessWorker] call_id=58 sending call_method
[03:57]   [ComfyUI] [worker:ComfyUI-GeometryPack] INFO: igl_winding: flipped 4022/4770 faces
[03:57]   [ComfyUI] [worker:ComfyUI-GeometryPack] INFO: Normal orientation: False -> False
[03:57]   [ComfyUI] [SubprocessWorker] got response: ok
[03:57]   [ComfyUI] [comfy-env] GeomPackFixNormals_IglWinding done (0.05s): result: NodeOutput
[03:57]   [ComfyUI] [comfy-env] Running GeomPackFixNormals_IglBfs: trimesh: Trimesh
[03:57]   [ComfyUI] [SubprocessWorker] call_method: nodes.repair.fix_normals_backends.igl_bfs.FixNormalsIglBfsNode.EXECUTE_NORMALIZED
[03:57]   [ComfyUI] [SubprocessWorker] acquired lock, ensuring started...
[03:57]   [ComfyUI] [ComfyUI-GeometryPack] Health check: ping (timeout=5.0s)...
[03:57]   [ComfyUI] [ComfyUI-GeometryPack] Health check: ok
[03:57]   [ComfyUI] [SubprocessWorker] worker started/confirmed
[03:57]   [ComfyUI] [SubprocessWorker] serializing kwargs to shm...
[03:57]   [ComfyUI] [SubprocessWorker] created 1 shm blocks
[03:57]   [ComfyUI] [SubprocessWorker] sending request via socket...
[03:57]   [ComfyUI] [SubprocessWorker] call_id=59 sending call_method
[03:57]   [ComfyUI] [worker:ComfyUI-GeometryPack] INFO: igl.bfs_orient: 66 orientation components
[03:57]   Node executed (4 total), capturing...
[03:57]   [ComfyUI] [worker:ComfyUI-GeometryPack] INFO: Normal orientation: False -> True
[03:57]   [ComfyUI] [SubprocessWorker] got response: ok
[03:57]   [ComfyUI] [comfy-env] GeomPackFixNormals_IglBfs done (0.02s): result: NodeOutput
[03:57]   [ComfyUI] [comfy-env] Running GeomPackPreviewMeshMulti: mode: 'fields', mesh_1: Trimesh, mesh_2: Trimesh, mesh_3: Trimesh, mesh_4: Trimesh
[03:57]   [ComfyUI] [SubprocessWorker] call_method: nodes.visualization.preview_mesh_multi.PreviewMeshMultiNode.EXECUTE_NORMALIZED
[03:57]   [ComfyUI] [SubprocessWorker] acquired lock, ensuring started...
[03:57]   [ComfyUI] [ComfyUI-GeometryPack] Health check: ping (timeout=5.0s)...
[03:57]   [ComfyUI] [ComfyUI-GeometryPack] Health check: ok
[03:57]   [ComfyUI] [SubprocessWorker] worker started/confirmed
[03:57]   [ComfyUI] [SubprocessWorker] serializing kwargs to shm...
[03:57]   [ComfyUI] [SubprocessWorker] created 4 shm blocks
[03:57]   [ComfyUI] [SubprocessWorker] sending request via socket...
[03:57]   [ComfyUI] [SubprocessWorker] call_id=60 sending call_method
[03:57]   [ComfyUI] [worker:ComfyUI-GeometryPack] INFO: Mode: fields, Meshes: 4
[03:57]   [ComfyUI] [worker:ComfyUI-GeometryPack] INFO: Mesh 1: Mesh - 2956 vertices, 4770 faces
[03:57]   [ComfyUI] [worker:ComfyUI-GeometryPack] INFO: Exporting mesh to VTP: /home/runner/work/comfy-gpu-ci/comfy-gpu-ci/test_workspaces/GeometryPack-0031/ComfyUI/output/preview_multi_1_96c681a8.vtp
[03:57]   [ComfyUI] [worker:ComfyUI-GeometryPack] INFO: Adding normals field (2956 vertices)
[03:57]   [ComfyUI] [worker:ComfyUI-GeometryPack] INFO: Export complete: 2956 vertices, 4770 faces
[03:57]   [ComfyUI] [worker:ComfyUI-GeometryPack] INFO: Exported VTP: /home/runner/work/comfy-gpu-ci/comfy-gpu-ci/test_workspaces/GeometryPack-0031/ComfyUI/output/preview_multi_1_96c681a8.vtp
[03:57]   [ComfyUI] [worker:ComfyUI-GeometryPack] INFO: Mesh 2: Mesh - 2956 vertices, 4770 faces
[03:57]   [ComfyUI] [worker:ComfyUI-GeometryPack] INFO: Exporting mesh to VTP: /home/runner/work/comfy-gpu-ci/comfy-gpu-ci/test_workspaces/GeometryPack-0031/ComfyUI/output/preview_multi_2_96c681a8.vtp
[03:57]   [ComfyUI] [worker:ComfyUI-GeometryPack] INFO: Adding normals field (2956 vertices)
[03:57]   [ComfyUI] [worker:ComfyUI-GeometryPack] INFO: Export complete: 2956 vertices, 4770 faces
[03:57]   [ComfyUI] [worker:ComfyUI-GeometryPack] INFO: Exported VTP: /home/runner/work/comfy-gpu-ci/comfy-gpu-ci/test_workspaces/GeometryPack-0031/ComfyUI/output/preview_multi_2_96c681a8.vtp
[03:57]   [ComfyUI] [worker:ComfyUI-GeometryPack] INFO: Mesh 3: Mesh - 2956 vertices, 4770 faces
[03:57]   [ComfyUI] [worker:ComfyUI-GeometryPack] INFO: Exporting mesh to VTP: /home/runner/work/comfy-gpu-ci/comfy-gpu-ci/test_workspaces/GeometryPack-0031/ComfyUI/output/preview_multi_3_96c681a8.vtp
[03:57]   [ComfyUI] [worker:ComfyUI-GeometryPack] INFO: Adding normals field (2956 vertices)
[03:57]   [ComfyUI] [worker:ComfyUI-GeometryPack] INFO: Export complete: 2956 vertices, 4770 faces
[03:57]   [ComfyUI] [worker:ComfyUI-GeometryPack] INFO: Exported VTP: /home/runner/work/comfy-gpu-ci/comfy-gpu-ci/test_workspaces/GeometryPack-0031/ComfyUI/output/preview_multi_3_96c681a8.vtp
[03:57]   [ComfyUI] [worker:ComfyUI-GeometryPack] INFO: Mesh 4: Mesh - 2956 vertices, 4770 faces
[03:57]   [ComfyUI] [worker:ComfyUI-GeometryPack] INFO: Exporting mesh to VTP: /home/runner/work/comfy-gpu-ci/comfy-gpu-ci/test_workspaces/GeometryPack-0031/ComfyUI/output/preview_multi_4_96c681a8.vtp
[03:57]   [ComfyUI] [worker:ComfyUI-GeometryPack] INFO: Adding normals field (2956 vertices)
[03:57]   [ComfyUI] [worker:ComfyUI-GeometryPack] INFO: Export complete: 2956 vertices, 4770 faces
[03:57]   [ComfyUI] [worker:ComfyUI-GeometryPack] INFO: Exported VTP: /home/runner/work/comfy-gpu-ci/comfy-gpu-ci/test_workspaces/GeometryPack-0031/ComfyUI/output/preview_multi_4_96c681a8.vtp
[03:57]   [ComfyUI] [worker:ComfyUI-GeometryPack] INFO: Grid: 2x2, Preview ready
[03:57]   [ComfyUI] [SubprocessWorker] got response: ok
[03:57]   [ComfyUI] [comfy-env] GeomPackPreviewMeshMulti done (0.12s): result: NodeOutput
[03:57]   [ComfyUI] Prompt executed in 1.86 seconds
[03:58]   Frame 3 saved (frame_002.jpg, t=2.0s)
[03:58]   [capture-node] freeze=292ms shot=894ms unfreeze=17ms saved=True
[03:58]   Node executed (7 total), capturing...
[03:59]   Frame 4 saved (frame_003.jpg, t=3.6s)
[03:59]   [capture-node] freeze=2ms shot=132ms unfreeze=0ms saved=True
[03:59]   Execution complete (t=3.6s)
[03:59]   Captured 4 unique frames over 3.83s
[03:59]   [debug] iframes: 2
[03:59]   [debug]   iframe[0]: src=http://127.0.0.1:41895/extensions/ComfyUI-GeometryPack/viewer_multi.html?v=17784, canvas=368x393, rafFrozen=True
[03:59]   [debug]   iframe[1]: src=http://127.0.0.1:41895/extensions/ComfyUI-GeometryPack/viewer_multi.html?v=17784, canvas=368x195, rafFrozen=True
[03:59]   [timing] trigger_3d_previews: 0.0s
[04:01]   Saved high-quality screenshot: fix_normals_all_executed.png
[04:01]   [timing] final_screenshot: 0.3s
[04:01] Capturing execution frames: fix_self_intersection.json
[04:07]   Frame 1 saved (frame_000.jpg, t=0.0s)
[04:07]   Validating workflow...
[04:07]   [ComfyUI] === /validate endpoint called ===
[04:07]   [ComfyUI] Received JSON with keys: ['prompt']
[04:07]   [ComfyUI] Prompt has 5 nodes
[04:07]   [ComfyUI]   Node 1: GeomPackLoadMesh
[04:07]   [ComfyUI]     Inputs: {"file_path": "3d/camelhead.off"}
[04:07]   [ComfyUI]   Node 14: GeomPackDetectSelfIntersections
[04:07]   [ComfyUI]     Inputs: {"report_panel": "false", "trimesh": ["1", 0]}
[04:07]   [ComfyUI]   Node 17: GeomPackFixSelfIntersectionsByPerturbation
[04:07]   [ComfyUI]     Inputs: {"epsilon": 0.0001, "max_iterations": 12, "direction": "adaptive", "scale_by_intersection_count": true, "re_detect_after_fix": true, "report_panel": "false", "trimesh": ["14", 0]}
[04:07]   [ComfyUI]   Node 21: GeomPackPreviewMeshDual
[04:07]   [ComfyUI]     Inputs: {"layout": "side_by_side", "mode": "fields", "opacity_1": 1, "opacity_2": 1, "preview_dual": "{\"show_edges\":true,\"camera_state\":\"{\\\"position\\\":[-0.09236526786018014,0.17034567262454137,0.1140
[04:07]   Queuing workflow for execution...
[04:07]   [ComfyUI]   Node 22: GeomPackDetectSelfIntersections
[04:07]   [ComfyUI]     Inputs: {"report_panel": "false", "trimesh": ["17", 0]}
[04:07]   [ComfyUI] Generated prompt_id: dd5420b3-97f7-451b-81a5-dfdd0bb6f4b8
[04:07]   [ComfyUI] Calling execution.validate_prompt()...
[04:07]   [ComfyUI] Validation result: valid=True
[04:07]   [ComfyUI] === Validation PASSED ===
[04:07]   [ComfyUI] got prompt
[04:07]   [ComfyUI] [comfy-env] Running GeomPackLoadMesh: file_path: '3d/camelhead.off'
[04:07]   [ComfyUI] [SubprocessWorker] call_method: nodes.io.load_mesh.LoadMesh.EXECUTE_NORMALIZED
[04:07]   [ComfyUI] [SubprocessWorker] acquired lock, ensuring started...
[04:07]   [ComfyUI] [ComfyUI-GeometryPack] Health check: ping (timeout=5.0s)...
[04:07]   [ComfyUI] [ComfyUI-GeometryPack] Health check: ok
[04:07]   [ComfyUI] [SubprocessWorker] worker started/confirmed
[04:07]   [ComfyUI] [SubprocessWorker] serializing kwargs to shm...
[04:07]   [ComfyUI] [SubprocessWorker] created 0 shm blocks
[04:07]   [ComfyUI] [SubprocessWorker] sending request via socket...
[04:07]   [ComfyUI] [SubprocessWorker] call_id=61 sending call_method
[04:07]   [ComfyUI] [worker:ComfyUI-GeometryPack] INFO: Found mesh in input folder: 3d/camelhead.off
[04:07]   [ComfyUI] [worker:ComfyUI-GeometryPack] INFO: Loading: /home/runner/work/comfy-gpu-ci/comfy-gpu-ci/test_workspaces/GeometryPack-0031/ComfyUI/input/3d/camelhead.off
[04:07]   [ComfyUI] [worker:ComfyUI-GeometryPack] INFO: Initial mesh: 11381 vertices, 22704 faces
[04:07]   [ComfyUI] [worker:ComfyUI-GeometryPack] INFO: Successfully loaded: 11381 vertices, 22704 faces
[04:07]   [ComfyUI] [worker:ComfyUI-GeometryPack] INFO: Loaded: 11381 vertices, 22704 faces
[04:07]   [ComfyUI] [SubprocessWorker] got response: ok
[04:07]   [ComfyUI] [comfy-env] GeomPackLoadMesh done (0.21s): result: NodeOutput
[04:07]   [ComfyUI] [comfy-env] Running GeomPackDetectSelfIntersections: trimesh: Trimesh
[04:07]   [ComfyUI] [SubprocessWorker] call_method: nodes.repair_cgal.detect_intersections.DetectSelfIntersectionsNode.EXECUTE_NORMALIZED
[04:07]   [ComfyUI] [SubprocessWorker] acquired lock, ensuring started...
[04:07]   [ComfyUI] [ComfyUI-GeometryPack] Health check: ping (timeout=5.0s)...
[04:07]   [ComfyUI] [ComfyUI-GeometryPack] Health check: ok
[04:07]   [ComfyUI] [SubprocessWorker] worker started/confirmed
[04:07]   [ComfyUI] [SubprocessWorker] serializing kwargs to shm...
[04:07]   [ComfyUI] [SubprocessWorker] created 1 shm blocks
[04:07]   [ComfyUI] [SubprocessWorker] sending request via socket...
[04:07]   [ComfyUI] [SubprocessWorker] call_id=62 sending call_method
[04:07]   [ComfyUI] [worker:ComfyUI-GeometryPack] INFO: Analyzing mesh: 11381 vertices, 22704 faces
[04:07]   [ComfyUI] [worker:ComfyUI-GeometryPack] INFO: Using libigl CGAL method
[04:07]   [ComfyUI] [worker:ComfyUI-GeometryPack] INFO: Found 6 intersecting faces (5 intersection pairs)
[04:07]   [ComfyUI] [SubprocessWorker] got response: ok
[04:07]   [ComfyUI] [comfy-env] GeomPackDetectSelfIntersections done (0.10s): result: NodeOutput
[04:07]   [ComfyUI] [comfy-env] Running GeomPackFixSelfIntersectionsByPerturbation: epsilon: 0.0001, max_iterations: 12, direction: 'adaptive', scale_by_intersection_count: True, re_detect_after_fix: True, trimesh: Trimesh
[04:07]   [ComfyUI] [SubprocessWorker] call_method: nodes.repair_cgal.fix_intersections_perturbation.FixSelfIntersectionsByPerturbationNode.EXECUTE_NORMALIZED
[04:07]   [ComfyUI] [SubprocessWorker] acquired lock, ensuring started...
[04:07]   [ComfyUI] [ComfyUI-GeometryPack] Health check: ping (timeout=5.0s)...
[04:07]   [ComfyUI] [ComfyUI-GeometryPack] Health check: ok
[04:07]   [ComfyUI] [SubprocessWorker] worker started/confirmed
[04:07]   [ComfyUI] [SubprocessWorker] serializing kwargs to shm...
[04:07]   [ComfyUI] [SubprocessWorker] created 1 shm blocks
[04:07]   [ComfyUI] [SubprocessWorker] sending request via socket...
[04:07]   [ComfyUI] [SubprocessWorker] call_id=63 sending call_method
[04:07]   [ComfyUI] [worker:ComfyUI-GeometryPack] INFO: Processing mesh: 11381 vertices, 22704 faces
[04:07]   [ComfyUI] [worker:ComfyUI-GeometryPack] INFO: Params: epsilon=0.0001, max_iter=12, direction=adaptive, re_detect=True
[04:07]   [ComfyUI] [worker:ComfyUI-GeometryPack] INFO: Found 8 vertices to perturb
[04:07]   [ComfyUI] [worker:ComfyUI-GeometryPack] INFO: Iteration 1: avg displacement = 0.000004
[04:07]   [ComfyUI] [worker:ComfyUI-GeometryPack] INFO: Iteration 2: avg displacement = 0.000008
[04:07]   [ComfyUI] [worker:ComfyUI-GeometryPack] INFO: Iteration 3: avg displacement = 0.000011
[04:07]   [ComfyUI] [worker:ComfyUI-GeometryPack] INFO: Iteration 4: avg displacement = 0.000015
[04:07]   [ComfyUI] [worker:ComfyUI-GeometryPack] INFO: Iteration 5: avg displacement = 0.000019
[04:07]   [ComfyUI] [worker:ComfyUI-GeometryPack] INFO: Iteration 6: avg displacement = 0.000023
[04:07]   Node executed (1 total), capturing...
[04:07]   [ComfyUI] [worker:ComfyUI-GeometryPack] INFO: Iteration 7: avg displacement = 0.000026
[04:07]   [ComfyUI] [worker:ComfyUI-GeometryPack] INFO: Iteration 8: avg displacement = 0.000030
[04:07]   [ComfyUI] [worker:ComfyUI-GeometryPack] INFO: Iteration 9: avg displacement = 0.000034
[04:07]   [ComfyUI] [worker:ComfyUI-GeometryPack] INFO: Iteration 10: avg displacement = 0.000038
[04:07]   [ComfyUI] [worker:ComfyUI-GeometryPack] INFO: Iteration 11: avg displacement = 0.000041
[04:07]   [ComfyUI] [worker:ComfyUI-GeometryPack] INFO: Iteration 12: avg displacement = 0.000045
[04:07]   [ComfyUI] [worker:ComfyUI-GeometryPack] INFO: Re-detecting self-intersections...
[04:08]   [ComfyUI] [worker:ComfyUI-GeometryPack] INFO: No self-intersections remaining!
[04:08]   [ComfyUI] [worker:ComfyUI-GeometryPack] INFO: Complete: perturbed 8 vertices over 12 iterations
[04:08]   [ComfyUI] [SubprocessWorker] got response: ok
[04:08]   [ComfyUI] [comfy-env] GeomPackFixSelfIntersectionsByPerturbation done (0.22s): result: NodeOutput
[04:08]   [ComfyUI] [comfy-env] Running GeomPackDetectSelfIntersections: trimesh: Trimesh
[04:08]   [ComfyUI] [SubprocessWorker] call_method: nodes.repair_cgal.detect_intersections.DetectSelfIntersectionsNode.EXECUTE_NORMALIZED
[04:08]   [ComfyUI] [SubprocessWorker] acquired lock, ensuring started...
[04:08]   [ComfyUI] [ComfyUI-GeometryPack] Health check: ping (timeout=5.0s)...
[04:08]   [ComfyUI] [ComfyUI-GeometryPack] Health check: ok
[04:08]   [ComfyUI] [SubprocessWorker] worker started/confirmed
[04:08]   [ComfyUI] [SubprocessWorker] serializing kwargs to shm...
[04:08]   [ComfyUI] [SubprocessWorker] created 1 shm blocks
[04:08]   [ComfyUI] [SubprocessWorker] sending request via socket...
[04:08]   [ComfyUI] [SubprocessWorker] call_id=64 sending call_method
[04:08]   [ComfyUI] [worker:ComfyUI-GeometryPack] INFO: Analyzing mesh: 11381 vertices, 22704 faces
[04:08]   [ComfyUI] [worker:ComfyUI-GeometryPack] INFO: Using libigl CGAL method
[04:08]   [ComfyUI] [worker:ComfyUI-GeometryPack] INFO: No self-intersections detected
[04:08]   [ComfyUI] [SubprocessWorker] got response: ok
[04:08]   [ComfyUI] [comfy-env] GeomPackDetectSelfIntersections done (0.10s): result: NodeOutput
[04:08]   [ComfyUI] [comfy-env] Running GeomPackPreviewMeshDual: layout: 'side_by_side', mode: 'fields', opacity_1: 1.0, opacity_2: 1.0, mesh_1: Trimesh, mesh_2: Trimesh
[04:08]   [ComfyUI] [SubprocessWorker] call_method: nodes.visualization.preview_mesh_dual.PreviewMeshDualNode.EXECUTE_NORMALIZED
[04:08]   [ComfyUI] [SubprocessWorker] acquired lock, ensuring started...
[04:08]   [ComfyUI] [ComfyUI-GeometryPack] Health check: ping (timeout=5.0s)...
[04:08]   [ComfyUI] [ComfyUI-GeometryPack] Health check: ok
[04:08]   [ComfyUI] [SubprocessWorker] worker started/confirmed
[04:08]   [ComfyUI] [SubprocessWorker] serializing kwargs to shm...
[04:08]   [ComfyUI] [SubprocessWorker] created 2 shm blocks
[04:08]   [ComfyUI] [SubprocessWorker] sending request via socket...
[04:08]   [ComfyUI] [SubprocessWorker] call_id=65 sending call_method
[04:08]   [ComfyUI] [worker:ComfyUI-GeometryPack] INFO: Layout: side_by_side, Mode: fields
[04:08]   [ComfyUI] [worker:ComfyUI-GeometryPack] INFO: Mesh 1: Mesh - 11381 vertices, 22704 faces
[04:08]   [ComfyUI] [worker:ComfyUI-GeometryPack] INFO: Mesh 2: Mesh - 11381 vertices, 22704 faces
[04:08]   [ComfyUI] [worker:ComfyUI-GeometryPack] INFO: Mesh 1 fields: ['intersection_flag', 'intersection_count', 'face.self_intersecting']
[04:08]   [ComfyUI] [worker:ComfyUI-GeometryPack] INFO: Mesh 2 fields: ['intersection_flag', 'intersection_count', 'face.self_intersecting']
[04:08]   [ComfyUI] [worker:ComfyUI-GeometryPack] INFO: Common fields: ['face.self_intersecting', 'intersection_flag', 'intersection_count']
[04:08]   [ComfyUI] [worker:ComfyUI-GeometryPack] INFO: Mesh 1 visual: kind=None, texture=False, vertex_colors=False
[04:08]   [ComfyUI] [worker:ComfyUI-GeometryPack] INFO: Mesh 2 visual: kind=None, texture=False, vertex_colors=False
[04:08]   [ComfyUI] [worker:ComfyUI-GeometryPack] INFO: Exporting mesh to VTP: /home/runner/work/comfy-gpu-ci/comfy-gpu-ci/test_workspaces/GeometryPack-0031/ComfyUI/output/preview_dual_1_5b143db3.vtp
[04:08]   [ComfyUI] [worker:ComfyUI-GeometryPack] INFO: Adding normals field (11381 vertices)
[04:08]   [ComfyUI] [worker:ComfyUI-GeometryPack] INFO: Adding scalar field: intersection_flag (components: 1)
[04:08]   [ComfyUI] [worker:ComfyUI-GeometryPack] INFO: Adding scalar field: intersection_count (components: 1)
[04:08]   [ComfyUI] [worker:ComfyUI-GeometryPack] INFO: Adding face field: self_intersecting
[04:08]   [ComfyUI] [worker:ComfyUI-GeometryPack] INFO: Export complete: 11381 vertices, 22704 faces
[04:08]   [ComfyUI] [worker:ComfyUI-GeometryPack] INFO: Exported VTP with fields: /home/runner/work/comfy-gpu-ci/comfy-gpu-ci/test_workspaces/GeometryPack-0031/ComfyUI/output/preview_dual_1_5b143db3.vtp
[04:08]   [ComfyUI] [worker:ComfyUI-GeometryPack] INFO: Exporting mesh to VTP: /home/runner/work/comfy-gpu-ci/comfy-gpu-ci/test_workspaces/GeometryPack-0031/ComfyUI/output/preview_dual_2_5b143db3.vtp
[04:08]   Frame 2 saved (frame_001.jpg, t=0.7s)
[04:08]   [capture-node] freeze=12ms shot=147ms unfreeze=5ms saved=True
[04:08]   [ComfyUI] [worker:ComfyUI-GeometryPack] INFO: Adding normals field (11381 vertices)
[04:08]   [ComfyUI] [worker:ComfyUI-GeometryPack] INFO: Adding scalar field: intersection_flag (components: 1)
[04:08]   [ComfyUI] [worker:ComfyUI-GeometryPack] INFO: Adding scalar field: intersection_count (components: 1)
[04:08]   [ComfyUI] [worker:ComfyUI-GeometryPack] INFO: Adding face field: self_intersecting
[04:08]   [ComfyUI] [worker:ComfyUI-GeometryPack] INFO: Export complete: 11381 vertices, 22704 faces
[04:08]   [ComfyUI] [worker:ComfyUI-GeometryPack] INFO: Exported VTP with fields: /home/runner/work/comfy-gpu-ci/comfy-gpu-ci/test_workspaces/GeometryPack-0031/ComfyUI/output/preview_dual_2_5b143db3.vtp
[04:08]   [ComfyUI] [worker:ComfyUI-GeometryPack] INFO: Preview ready
[04:08]   [ComfyUI] [SubprocessWorker] got response: ok
[04:08]   [ComfyUI] [comfy-env] GeomPackPreviewMeshDual done (0.20s): result: NodeOutput
[04:08]   [ComfyUI] Prompt executed in 0.82 seconds
[04:08]   Node executed (4 total), capturing...
[04:09]   Frame 3 saved (frame_002.jpg, t=1.1s)
[04:09]   [capture-node] freeze=301ms shot=375ms unfreeze=0ms saved=True
[04:09]   Execution complete (t=1.2s)
[04:09]   Captured 3 unique frames over 1.87s
[04:09]   [debug] iframes: 1
[04:09]   [debug]   iframe[0]: src=http://127.0.0.1:41895/extensions/ComfyUI-GeometryPack/viewer_dual.html?v=177845, canvas=370x485, rafFrozen=True
[04:09]   [timing] trigger_3d_previews: 0.0s
[04:11]   Saved high-quality screenshot: fix_self_intersection_executed.png
[04:11]   [timing] final_screenshot: 0.4s
[04:12] Capturing execution frames: mesh_info.json
[04:17]   Frame 1 saved (frame_000.jpg, t=0.0s)
[04:17]   Validating workflow...
[04:17]   [ComfyUI] === /validate endpoint called ===
[04:17]   [ComfyUI] Received JSON with keys: ['prompt']
[04:17]   [ComfyUI] Prompt has 3 nodes
[04:17]   [ComfyUI]   Node 1: GeomPackCreatePrimitive
[04:17]   [ComfyUI]     Inputs: {"shape": "cube", "size": 2, "subdivisions": 1}
[04:17]   Queuing workflow for execution...
[04:17]   [ComfyUI]   Node 7: GeomPackMeshInfo
[04:17]   [ComfyUI]     Inputs: {"report_panel": "true", "trimesh": ["1", 0]}
[04:17]   [ComfyUI]   Node 12: GeomPackMeshQuality
[04:17]   [ComfyUI]     Inputs: {"include_face_quality": true, "include_edge_stats": true, "report_panel": "true", "trimesh": ["1", 0]}
[04:17]   [ComfyUI] Generated prompt_id: c012711a-9c8e-45fb-a0da-d11a2f39bf74
[04:17]   [ComfyUI] Calling execution.validate_prompt()...
[04:17]   [ComfyUI] Validation result: valid=True
[04:17]   [ComfyUI] === Validation PASSED ===
[04:17]   [ComfyUI] got prompt
[04:17]   [ComfyUI] [comfy-env] Running GeomPackCreatePrimitive: shape: 'cube', size: 2.0, subdivisions: 1
[04:17]   [ComfyUI] [SubprocessWorker] call_method: nodes.primitives.create_primitive.CreatePrimitive.EXECUTE_NORMALIZED
[04:17]   [ComfyUI] [SubprocessWorker] acquired lock, ensuring started...
[04:17]   [ComfyUI] [ComfyUI-GeometryPack] Health check: ping (timeout=5.0s)...
[04:17]   [ComfyUI] [ComfyUI-GeometryPack] python: /home/runner/.ce/.pixi/envs/geometrypack-nodes/bin/python
[04:17]   [ComfyUI] [ComfyUI-GeometryPack] Health check: failed
[04:17]   [ComfyUI] [ComfyUI-GeometryPack] sys_path sent to worker: ['/home/runner/work/comfy-gpu-ci/comfy-gpu-ci/test_workspaces/GeometryPack-0031/ComfyUI', '/home/runner/work/comfy-gpu-ci/comfy-gpu-ci/test_workspaces/GeometryPack-0031/ComfyUI/custom_nodes/ComfyUI-GeometryPack', '/home/runner/.ce/.pixi/envs/geometrypack-nodes/lib/python3.10/site-packages', '/home/runner/work/comfy-gpu-ci/comfy-gpu-ci/test_workspaces/GeometryPack-0031/ComfyUI/custom_nodes/ComfyUI-GeometryPack']
[04:17]   [ComfyUI] [ComfyUI-GeometryPack] Socket unhealthy, restarting worker...
[04:17]   [ComfyUI] [SubprocessWorker] is_pixi=True, python=/home/runner/.ce/.pixi/envs/geometrypack-nodes/bin/python
[04:17]   [ComfyUI] [SubprocessWorker] launching cmd=['/home/runner/.pixi/bin/pixi', 'run', '--as-is', '--manifest-path', '/home/runner/.ce/pixi.toml', '-e', 'geometrypack-nodes', 'python', '/tmp/comfyui_pvenv_m0m0ll48/persistent_worker.py', 'abstract://comfy_worker_74f09ff76076']...
[04:17]   [ComfyUI] [SubprocessWorker] socket_addr=abstract://comfy_worker_74f09ff76076 (abstract, no filesystem path)
[04:19]   [ComfyUI] [worker:ComfyUI-GeometryPack] ERROR: Failed to import comfy_kitchen, Error: No module named 'comfy_kitchen', fp8 and fp4 support will not be available.
[04:19]   [ComfyUI] [SubprocessWorker] worker started/confirmed
[04:19]   [ComfyUI] [SubprocessWorker] serializing kwargs to shm...
[04:19]   [ComfyUI] [SubprocessWorker] created 0 shm blocks
[04:19]   [ComfyUI] [SubprocessWorker] sending request via socket...
[04:19]   [ComfyUI] [SubprocessWorker] call_id=66 sending call_method
[04:19]   [ComfyUI] Exception ignored in atexit callback: <function disable_all at 0x7f661d021cf0>
[04:19]   [ComfyUI] Traceback (most recent call last):
[04:19]   [ComfyUI]   File "/home/runner/.ce/.pixi/envs/geometrypack-nodes/lib/python3.10/site-packages/bpy/3.6/scripts/modules/addon_utils.py", line 478, in disable_all
[04:19]   [ComfyUI]     addon_modules = [
[04:19]   [ComfyUI]   File "/home/runner/.ce/.pixi/envs/geometrypack-nodes/lib/python3.10/site-packages/bpy/3.6/scripts/modules/addon_utils.py", line 478, in <listcomp>
[04:19]   [ComfyUI]     addon_modules = [
[04:19]   [ComfyUI] RuntimeError: dictionary changed size during iteration
[04:19]   [ComfyUI] Failed to open dir (No such file or directory): /run/user/1001/gvfs/
[04:20]   Frame 2 saved (frame_001.jpg, t=2.2s)
[04:20]   [capture-periodic] freeze=3ms shot=109ms unfreeze=3ms saved=True
[04:20]   [ComfyUI] [worker:ComfyUI-GeometryPack] INFO: Created cube: 8 vertices, 12 faces
[04:20]   [ComfyUI] [SubprocessWorker] got response: ok
[04:20]   [ComfyUI] [comfy-env] GeomPackCreatePrimitive done (2.29s): result: NodeOutput
[04:20]   [ComfyUI] [comfy-env] Running GeomPackMeshInfo: trimesh: list[1]
[04:20]   [ComfyUI] [SubprocessWorker] call_method: nodes.analysis.mesh_info.MeshInfoNode.EXECUTE_NORMALIZED
[04:20]   [ComfyUI] [SubprocessWorker] acquired lock, ensuring started...
[04:20]   [ComfyUI] [ComfyUI-GeometryPack] Health check: ping (timeout=5.0s)...
[04:20]   [ComfyUI] [ComfyUI-GeometryPack] Health check: ok
[04:20]   [ComfyUI] [SubprocessWorker] worker started/confirmed
[04:20]   [ComfyUI] [SubprocessWorker] serializing kwargs to shm...
[04:20]   [ComfyUI] [SubprocessWorker] created 1 shm blocks
[04:20]   [ComfyUI] [SubprocessWorker] sending request via socket...
[04:20]   [ComfyUI] [SubprocessWorker] call_id=67 sending call_method
[04:20]   [ComfyUI] [SubprocessWorker] got response: ok
[04:20]   [ComfyUI] [comfy-env] GeomPackMeshInfo done (0.01s): result: NodeOutput
[04:20]   [ComfyUI] [comfy-env] Running GeomPackMeshQuality: include_face_quality: True, include_edge_stats: True, trimesh: Trimesh
[04:20]   [ComfyUI] [SubprocessWorker] call_method: nodes.analysis.mesh_quality.MeshQualityNode.EXECUTE_NORMALIZED
[04:20]   [ComfyUI] [SubprocessWorker] acquired lock, ensuring started...
[04:20]   [ComfyUI] [ComfyUI-GeometryPack] Health check: ping (timeout=5.0s)...
[04:20]   [ComfyUI] [ComfyUI-GeometryPack] Health check: ok
[04:20]   [ComfyUI] [SubprocessWorker] worker started/confirmed
[04:20]   [ComfyUI] [SubprocessWorker] serializing kwargs to shm...
[04:20]   [ComfyUI] [SubprocessWorker] created 1 shm blocks
[04:20]   [ComfyUI] [SubprocessWorker] sending request via socket...
[04:20]   [ComfyUI] [SubprocessWorker] call_id=68 sending call_method
[04:20]   [ComfyUI] [worker:ComfyUI-GeometryPack] INFO: Analyzing mesh: 8 vertices, 12 faces
[04:20]   [ComfyUI] [worker:ComfyUI-GeometryPack] INFO: Analysis complete
[04:20]   [ComfyUI] [SubprocessWorker] got response: ok
[04:20]   [ComfyUI] [comfy-env] GeomPackMeshQuality done (0.01s): result: NodeOutput
[04:20]   [ComfyUI] Prompt executed in 2.31 seconds
[04:20]   Node executed (2 total), capturing...
[04:20]   Frame 3 saved (frame_002.jpg, t=2.6s)
[04:20]   [capture-node] freeze=2ms shot=89ms unfreeze=0ms saved=True
[04:20]   Execution complete (t=2.6s)
[04:20]   Captured 3 unique frames over 2.74s
[04:20]   [debug] iframes: 0
[04:20]   [timing] trigger_3d_previews: 0.0s
[04:22]   Saved high-quality screenshot: mesh_info_executed.png
[04:22]   [timing] final_screenshot: 0.2s
[04:23] Capturing execution frames: mesh_mesh_distance.json
[04:28]   Frame 1 saved (frame_000.jpg, t=0.0s)
[04:28]   Validating workflow...
[04:28]   [ComfyUI] === /validate endpoint called ===
[04:28]   [ComfyUI] Received JSON with keys: ['prompt']
[04:28]   [ComfyUI] Prompt has 5 nodes
[04:28]   [ComfyUI]   Node 3: GeomPackMeshToMeshDistance
[04:28]   [ComfyUI]     Inputs: {"metric": "hausdorff", "sample_count": 10000, "symmetric": "true", "report_panel": "true", "mesh_a": ["8", 0], "mesh_b": ["15", 0]}
[04:28]   [ComfyUI]   Node 8: GeomPackLoadMesh
[04:28]   [ComfyUI]     Inputs: {"file_path": "3d/Stanford_Bunny.stl"}
[04:28]   [ComfyUI]   Node 10: GeomPackMeshToMeshDistance
[04:28]   [ComfyUI]     Inputs: {"metric": "hausdorff", "sample_count": 10000, "symmetric": "true", "report_panel": "false", "mesh_a": ["8", 0], "mesh_b": ["16", 0]}
[04:28]   [ComfyUI]   Node 15: GeomPackRemesh
[04:28]   [ComfyUI]     Inputs: {"backend": "pymeshlab_isotropic", "backend.target_edge_length": 1, "backend.iterations": 3, "backend.feature_angle": 30, "backend.adaptive": "false", "report_panel": "false", "trimesh": ["8", 0]}
[04:28]   Queuing workflow for execution...
[04:28]   [ComfyUI]   Node 16: GeomPackRemesh
[04:28]   [ComfyUI]     Inputs: {"backend": "cgal_isotropic", "backend.cgal_edge_length": 1, "backend.cgal_iterations": 3, "backend.protect_boundaries": "true", "report_panel": "false", "trimesh": ["8", 0]}
[04:28]   [ComfyUI] Generated prompt_id: 9b5a1da5-27b0-43c2-93b2-309b6d2a8389
[04:28]   [ComfyUI] Calling execution.validate_prompt()...
[04:28]   [ComfyUI] Validation result: valid=True
[04:28]   [ComfyUI] === Validation PASSED ===
[04:28]   [ComfyUI] got prompt
[04:28]   [ComfyUI] [comfy-env] Running GeomPackLoadMesh: file_path: '3d/Stanford_Bunny.stl'
[04:28]   [ComfyUI] [SubprocessWorker] call_method: nodes.io.load_mesh.LoadMesh.EXECUTE_NORMALIZED
[04:28]   [ComfyUI] [SubprocessWorker] acquired lock, ensuring started...
[04:28]   [ComfyUI] [ComfyUI-GeometryPack] Health check: ping (timeout=5.0s)...
[04:28]   [ComfyUI] [ComfyUI-GeometryPack] Health check: ok
[04:28]   [ComfyUI] [SubprocessWorker] worker started/confirmed
[04:28]   [ComfyUI] [SubprocessWorker] serializing kwargs to shm...
[04:28]   [ComfyUI] [SubprocessWorker] created 0 shm blocks
[04:28]   [ComfyUI] [SubprocessWorker] sending request via socket...
[04:28]   [ComfyUI] [SubprocessWorker] call_id=69 sending call_method
[04:28]   [ComfyUI] [worker:ComfyUI-GeometryPack] INFO: Found mesh in input folder: 3d/Stanford_Bunny.stl
[04:28]   [ComfyUI] [worker:ComfyUI-GeometryPack] INFO: Loading: /home/runner/work/comfy-gpu-ci/comfy-gpu-ci/test_workspaces/GeometryPack-0031/ComfyUI/input/3d/Stanford_Bunny.stl
[04:29]   [ComfyUI] [worker:ComfyUI-GeometryPack] INFO: Initial mesh: 56203 vertices, 112402 faces
[04:29]   [ComfyUI] [worker:ComfyUI-GeometryPack] INFO: Successfully loaded: 56203 vertices, 112402 faces
[04:29]   [ComfyUI] [worker:ComfyUI-GeometryPack] INFO: Loaded: 56203 vertices, 112402 faces
[04:29]   [ComfyUI] [SubprocessWorker] got response: ok
[04:29]   [ComfyUI] [comfy-env] GeomPackLoadMesh done (0.24s): result: NodeOutput
[04:29]   [ComfyUI] [comfy-env] Running GeomPackRemesh: backend: dict, trimesh: Trimesh
[04:29]   [ComfyUI] [SubprocessWorker] call_method: nodes.remeshing.remesh.RemeshNode.EXECUTE_NORMALIZED
[04:29]   [ComfyUI] [SubprocessWorker] acquired lock, ensuring started...
[04:29]   [ComfyUI] [ComfyUI-GeometryPack] Health check: ping (timeout=5.0s)...
[04:29]   [ComfyUI] [ComfyUI-GeometryPack] Health check: ok
[04:29]   [ComfyUI] [SubprocessWorker] worker started/confirmed
[04:29]   [ComfyUI] [SubprocessWorker] serializing kwargs to shm...
[04:29]   [ComfyUI] [SubprocessWorker] created 1 shm blocks
[04:29]   [ComfyUI] [SubprocessWorker] sending request via socket...
[04:29]   [ComfyUI] [SubprocessWorker] call_id=70 sending call_method
[04:29]   [ComfyUI] [worker:ComfyUI-GeometryPack] INFO: Remesh dispatch: cgal_isotropic -> GeomPackRemesh_CGAL
[04:29]   [ComfyUI] [SubprocessWorker] got response: ok
[04:29]   [ComfyUI] [comfy-env] GeomPackRemesh done (0.03s): result: NodeOutput
[04:29]   [ComfyUI] [comfy-env] Running GeomPackRemesh: backend: dict, trimesh: Trimesh
[04:29]   [ComfyUI] [SubprocessWorker] call_method: nodes.remeshing.remesh.RemeshNode.EXECUTE_NORMALIZED
[04:29]   [ComfyUI] [SubprocessWorker] acquired lock, ensuring started...
[04:29]   [ComfyUI] [ComfyUI-GeometryPack] Health check: ping (timeout=5.0s)...
[04:29]   [ComfyUI] [ComfyUI-GeometryPack] Health check: ok
[04:29]   [ComfyUI] [SubprocessWorker] worker started/confirmed
[04:29]   [ComfyUI] [SubprocessWorker] serializing kwargs to shm...
[04:29]   [ComfyUI] [SubprocessWorker] created 1 shm blocks
[04:29]   [ComfyUI] [SubprocessWorker] sending request via socket...
[04:29]   [ComfyUI] [SubprocessWorker] call_id=71 sending call_method
[04:29]   [ComfyUI] [worker:ComfyUI-GeometryPack] INFO: Remesh dispatch: pymeshlab_isotropic -> GeomPackRemesh_PyMeshLab
[04:29]   [ComfyUI] [SubprocessWorker] got response: ok
[04:29]   [ComfyUI] [comfy-env] GeomPackRemesh done (0.03s): result: NodeOutput
[04:29]   [ComfyUI] [comfy-env] Running GeomPackRemesh_CGAL: trimesh: Trimesh, target_edge_length: 1.0, iterations: 3, protect_boundaries: 'true'
[04:29]   [ComfyUI] [SubprocessWorker] call_method: nodes.remeshing_cgal.remesh.RemeshCGALNode.EXECUTE_NORMALIZED
[04:29]   [ComfyUI] [SubprocessWorker] acquired lock, ensuring started...
[04:29]   [ComfyUI] [ComfyUI-GeometryPack] Health check: ping (timeout=5.0s)...
[04:29]   [ComfyUI] [ComfyUI-GeometryPack] Health check: ok
[04:29]   [ComfyUI] [SubprocessWorker] worker started/confirmed
[04:29]   [ComfyUI] [SubprocessWorker] serializing kwargs to shm...
[04:29]   [ComfyUI] [SubprocessWorker] created 1 shm blocks
[04:29]   [ComfyUI] [SubprocessWorker] sending request via socket...
[04:29]   [ComfyUI] [SubprocessWorker] call_id=72 sending call_method
[04:29]   [ComfyUI] [worker:ComfyUI-GeometryPack] INFO: Backend: cgal_isotropic
[04:29]   [ComfyUI] [worker:ComfyUI-GeometryPack] INFO: Input: 56,203 vertices, 112,402 faces
[04:29]   [ComfyUI] [worker:ComfyUI-GeometryPack] INFO: Parameters: target_edge_length=1.0, iterations=3, protect_boundaries=true
[04:29]   [ComfyUI] [worker:ComfyUI-GeometryPack] INFO: Running CGAL isotropic remesh (target_edge_length=1.0)...
[04:31]   Frame 2 saved (frame_001.jpg, t=2.2s)
[04:31]   [capture-periodic] freeze=1ms shot=93ms unfreeze=4ms saved=True
[04:33]   Frame 3 saved (frame_002.jpg, t=4.4s)
[04:33]   [capture-periodic] freeze=1ms shot=103ms unfreeze=3ms saved=True
[04:34]   [capture-loop] iter=50 t=5.6s state={'complete': False, 'error': None, 'executedCount': 0, 'wsState': 1} eval_ms=2 ram=2.6/15.6GB (17%) swap=0.0/3.0GB (0%) cpu=29% browser_rss=0.84GB
[04:35]   [ComfyUI] [worker:ComfyUI-GeometryPack] INFO: Output: 41466 vertices (-14737), 82928 faces (-29474)
[04:35]   [ComfyUI] [SubprocessWorker] got response: ok
[04:35]   [ComfyUI] [comfy-env] GeomPackRemesh_CGAL done (5.95s): result: NodeOutput
[04:35]   [ComfyUI] [comfy-env] Running GeomPackMeshToMeshDistance: metric: 'hausdorff', sample_count: 10000, symmetric: 'true', mesh_a: Trimesh, mesh_b: Trimesh
[04:35]   [ComfyUI] [SubprocessWorker] call_method: nodes.distance.mesh_to_mesh_distance.MeshDistanceNode.EXECUTE_NORMALIZED
[04:35]   [ComfyUI] [SubprocessWorker] acquired lock, ensuring started...
[04:35]   [ComfyUI] [ComfyUI-GeometryPack] Health check: ping (timeout=5.0s)...
[04:35]   [ComfyUI] [ComfyUI-GeometryPack] Health check: ok
[04:35]   [ComfyUI] [SubprocessWorker] worker started/confirmed
[04:35]   [ComfyUI] [SubprocessWorker] serializing kwargs to shm...
[04:35]   [ComfyUI] [SubprocessWorker] created 2 shm blocks
[04:35]   [ComfyUI] [SubprocessWorker] sending request via socket...
[04:35]   [ComfyUI] [SubprocessWorker] call_id=73 sending call_method
[04:35]   [ComfyUI] [worker:ComfyUI-GeometryPack] INFO: Metric: hausdorff, Samples: 10000
[04:35]   [ComfyUI] [worker:ComfyUI-GeometryPack] INFO: Mesh A: 56203 vertices, 112402 faces
[04:35]   [ComfyUI] [worker:ComfyUI-GeometryPack] INFO: Mesh B: 41466 vertices, 82928 faces
[04:35]   Node executed (1 total), capturing...
[04:35]   [ComfyUI] [worker:ComfyUI-GeometryPack] INFO: Result: 3.047673
[04:35]   [ComfyUI] [SubprocessWorker] got response: ok
[04:35]   [ComfyUI] [comfy-env] GeomPackMeshToMeshDistance done (0.13s): result: NodeOutput
[04:35]   [ComfyUI] [comfy-env] Running GeomPackRemesh_PyMeshLab: trimesh: Trimesh, target_edge_length: 1.0, iterations: 3, feature_angle: 30.0, adaptive: 'false'
[04:35]   [ComfyUI] [SubprocessWorker] call_method: nodes.remeshing.backends.pymeshlab_isotropic.RemeshPyMeshLabNode.EXECUTE_NORMALIZED
[04:35]   [ComfyUI] [SubprocessWorker] acquired lock, ensuring started...
[04:35]   [ComfyUI] [ComfyUI-GeometryPack] Health check: ping (timeout=5.0s)...
[04:35]   [ComfyUI] [ComfyUI-GeometryPack] Health check: ok
[04:35]   [ComfyUI] [SubprocessWorker] worker started/confirmed
[04:35]   [ComfyUI] [SubprocessWorker] serializing kwargs to shm...
[04:35]   [ComfyUI] [SubprocessWorker] created 1 shm blocks
[04:35]   [ComfyUI] [SubprocessWorker] sending request via socket...
[04:35]   [ComfyUI] [SubprocessWorker] call_id=74 sending call_method
[04:35]   [ComfyUI] [worker:ComfyUI-GeometryPack] INFO: Backend: pymeshlab_isotropic
[04:35]   [ComfyUI] [worker:ComfyUI-GeometryPack] INFO: Input: 56203 vertices, 112402 faces
[04:35]   [ComfyUI] [worker:ComfyUI-GeometryPack] INFO: Parameters: target_edge_length=1.0, iterations=3, feature_angle=30.0, adaptive=false
[04:35]   Frame 4 saved (frame_003.jpg, t=6.6s)
[04:35]   [capture-node] freeze=2ms shot=99ms unfreeze=4ms saved=True
[04:35]   Node executed (2 total), capturing...
[04:35]   [capture-node] freeze=2ms shot=102ms unfreeze=4ms saved=False
[04:40]   [capture-loop] iter=100 t=11.6s state={'complete': False, 'error': None, 'executedCount': 2, 'wsState': 1} eval_ms=2 ram=2.6/15.6GB (17%) swap=0.0/3.0GB (0%) cpu=34% browser_rss=0.83GB
[04:41]   [ComfyUI] [worker:ComfyUI-GeometryPack] INFO: Output: 32288 vertices, 64572 faces
[04:41]   [ComfyUI] [SubprocessWorker] got response: ok
[04:41]   [ComfyUI] [comfy-env] GeomPackRemesh_PyMeshLab done (6.08s): result: NodeOutput
[04:41]   [ComfyUI] [comfy-env] Running GeomPackMeshToMeshDistance: metric: 'hausdorff', sample_count: 10000, symmetric: 'true', mesh_a: Trimesh, mesh_b: Trimesh
[04:41]   [ComfyUI] [SubprocessWorker] call_method: nodes.distance.mesh_to_mesh_distance.MeshDistanceNode.EXECUTE_NORMALIZED
[04:41]   [ComfyUI] [SubprocessWorker] acquired lock, ensuring started...
[04:41]   [ComfyUI] [ComfyUI-GeometryPack] Health check: ping (timeout=5.0s)...
[04:41]   [ComfyUI] [ComfyUI-GeometryPack] Health check: ok
[04:41]   [ComfyUI] [SubprocessWorker] worker started/confirmed
[04:41]   [ComfyUI] [SubprocessWorker] serializing kwargs to shm...
[04:41]   [ComfyUI] [SubprocessWorker] created 2 shm blocks
[04:41]   [ComfyUI] [SubprocessWorker] sending request via socket...
[04:41]   [ComfyUI] [SubprocessWorker] call_id=75 sending call_method
[04:41]   [ComfyUI] [worker:ComfyUI-GeometryPack] INFO: Metric: hausdorff, Samples: 10000
[04:41]   [ComfyUI] [worker:ComfyUI-GeometryPack] INFO: Mesh A: 56203 vertices, 112402 faces
[04:41]   [ComfyUI] [worker:ComfyUI-GeometryPack] INFO: Mesh B: 32288 vertices, 64572 faces
[04:41]   Node executed (3 total), capturing...
[04:41]   [ComfyUI] [worker:ComfyUI-GeometryPack] INFO: Result: 3.189417
[04:41]   [ComfyUI] [SubprocessWorker] got response: ok
[04:41]   [ComfyUI] [comfy-env] GeomPackMeshToMeshDistance done (0.11s): result: NodeOutput
[04:41]   [ComfyUI] Prompt executed in 12.58 seconds
[04:41]   Frame 5 saved (frame_004.jpg, t=12.9s)
[04:41]   [capture-node] freeze=2ms shot=91ms unfreeze=4ms saved=True
[04:41]   Node executed (4 total), capturing...
[04:42]   Frame 6 saved (frame_005.jpg, t=13.2s)
[04:42]   [capture-node] freeze=2ms shot=99ms unfreeze=0ms saved=True
[04:42]   Execution complete (t=13.3s)
[04:42]   Captured 6 unique frames over 13.39s
[04:42]   [debug] iframes: 0
[04:42]   [timing] trigger_3d_previews: 0.0s
[04:44]   Saved high-quality screenshot: mesh_mesh_distance_executed.png
[04:44]   [timing] final_screenshot: 0.2s
[04:44] Capturing execution frames: normals.json
[04:50]   Frame 1 saved (frame_000.jpg, t=0.0s)
[04:50]   Validating workflow...
[04:50]   [ComfyUI] === /validate endpoint called ===
[04:50]   [ComfyUI] Received JSON with keys: ['prompt']
[04:50]   [ComfyUI] Prompt has 4 nodes
[04:50]   [ComfyUI]   Node 1: GeomPackLoadMesh
[04:50]   [ComfyUI]     Inputs: {"file_path": "3d/Stanford_Bunny.stl"}
[04:50]   [ComfyUI]   Node 2: GeomPackCheckNormals
[04:50]   [ComfyUI]     Inputs: {"report_panel": "false", "trimesh": ["1", 0]}
[04:50]   Queuing workflow for execution...
[04:50]   [ComfyUI]   Node 3: GeomPackComputeNormals
[04:50]   [ComfyUI]     Inputs: {"smooth_vertex_normals": "true", "trimesh": ["1", 0]}
[04:50]   [ComfyUI]   Node 7: GeomPackPreviewMeshVTK
[04:50]   [ComfyUI]     Inputs: {"mode": "fields", "preview_vtk": "{\"show_edges\":false,\"camera_state\":\"\",\"selected_field\":\"\",\"selected_channel\":\"magnitude\",\"selected_colormap\":\"erdc_rainbow_bright\"}", "trimesh": ["
[04:50]   [ComfyUI] Generated prompt_id: dde8455e-4a6c-4978-9645-7a030b7100c5
[04:50]   [ComfyUI] Calling execution.validate_prompt()...
[04:50]   [ComfyUI] Validation result: valid=True
[04:50]   [ComfyUI] === Validation PASSED ===
[04:50]   [ComfyUI] got prompt
[04:50]   [ComfyUI] [comfy-env] Running GeomPackLoadMesh: file_path: '3d/Stanford_Bunny.stl'
[04:50]   [ComfyUI] [SubprocessWorker] call_method: nodes.io.load_mesh.LoadMesh.EXECUTE_NORMALIZED
[04:50]   [ComfyUI] [SubprocessWorker] acquired lock, ensuring started...
[04:50]   [ComfyUI] [ComfyUI-GeometryPack] Health check: ping (timeout=5.0s)...
[04:50]   [ComfyUI] [ComfyUI-GeometryPack] Health check: ok
[04:50]   [ComfyUI] [SubprocessWorker] worker started/confirmed
[04:50]   [ComfyUI] [SubprocessWorker] serializing kwargs to shm...
[04:50]   [ComfyUI] [SubprocessWorker] created 0 shm blocks
[04:50]   [ComfyUI] [SubprocessWorker] sending request via socket...
[04:50]   [ComfyUI] [SubprocessWorker] call_id=76 sending call_method
[04:50]   [ComfyUI] [worker:ComfyUI-GeometryPack] INFO: Found mesh in input folder: 3d/Stanford_Bunny.stl
[04:50]   [ComfyUI] [worker:ComfyUI-GeometryPack] INFO: Loading: /home/runner/work/comfy-gpu-ci/comfy-gpu-ci/test_workspaces/GeometryPack-0031/ComfyUI/input/3d/Stanford_Bunny.stl
[04:50]   [ComfyUI] [worker:ComfyUI-GeometryPack] INFO: Initial mesh: 56203 vertices, 112402 faces
[04:50]   [ComfyUI] [worker:ComfyUI-GeometryPack] INFO: Successfully loaded: 56203 vertices, 112402 faces
[04:50]   [ComfyUI] [worker:ComfyUI-GeometryPack] INFO: Loaded: 56203 vertices, 112402 faces
[04:50]   [ComfyUI] [SubprocessWorker] got response: ok
[04:50]   [ComfyUI] [comfy-env] GeomPackLoadMesh done (0.23s): result: NodeOutput
[04:50]   [ComfyUI] [comfy-env] Running GeomPackCheckNormals: trimesh: Trimesh
[04:50]   [ComfyUI] [SubprocessWorker] call_method: nodes.repair.check_normals.CheckNormalsNode.EXECUTE_NORMALIZED
[04:50]   [ComfyUI] [SubprocessWorker] acquired lock, ensuring started...
[04:50]   [ComfyUI] [ComfyUI-GeometryPack] Health check: ping (timeout=5.0s)...
[04:50]   [ComfyUI] [ComfyUI-GeometryPack] Health check: ok
[04:50]   [ComfyUI] [SubprocessWorker] worker started/confirmed
[04:50]   [ComfyUI] [SubprocessWorker] serializing kwargs to shm...
[04:50]   [ComfyUI] [SubprocessWorker] created 1 shm blocks
[04:50]   [ComfyUI] [SubprocessWorker] sending request via socket...
[04:50]   [ComfyUI] [SubprocessWorker] call_id=77 sending call_method
[04:50]   [ComfyUI] [worker:ComfyUI-GeometryPack] INFO: Analyzing mesh with 56203 vertices, 112402 faces
[04:50]   [ComfyUI] [worker:ComfyUI-GeometryPack] INFO: Winding: True, Watertight: True, Degenerate: 1
[04:50]   [ComfyUI] [SubprocessWorker] got response: ok
[04:50]   [ComfyUI] [comfy-env] GeomPackCheckNormals done (0.10s): result: NodeOutput
[04:50]   [ComfyUI] [comfy-env] Running GeomPackComputeNormals: smooth_vertex_normals: 'true', trimesh: Trimesh
[04:50]   [ComfyUI] [SubprocessWorker] call_method: nodes.repair.compute_normals.ComputeNormalsNode.EXECUTE_NORMALIZED
[04:50]   [ComfyUI] [SubprocessWorker] acquired lock, ensuring started...
[04:50]   [ComfyUI] [ComfyUI-GeometryPack] Health check: ping (timeout=5.0s)...
[04:50]   [ComfyUI] [ComfyUI-GeometryPack] Health check: ok
[04:50]   [ComfyUI] [SubprocessWorker] worker started/confirmed
[04:50]   [ComfyUI] [SubprocessWorker] serializing kwargs to shm...
[04:50]   [ComfyUI] [SubprocessWorker] created 1 shm blocks
[04:50]   [ComfyUI] [SubprocessWorker] sending request via socket...
[04:50]   [ComfyUI] [SubprocessWorker] call_id=78 sending call_method
[04:50]   [ComfyUI] [worker:ComfyUI-GeometryPack] INFO: Processing mesh with 56203 vertices, 112402 faces
[04:50]   Node executed (1 total), capturing...
[04:50]   [ComfyUI] [worker:ComfyUI-GeometryPack] INFO: Computed smooth vertex normals
[04:50]   [ComfyUI] [SubprocessWorker] got response: ok
[04:50]   [ComfyUI] [comfy-env] GeomPackComputeNormals done (0.09s): result: NodeOutput
[04:50]   [ComfyUI] [comfy-env] Running GeomPackPreviewMeshVTK: mode: 'fields', trimesh: Trimesh
[04:50]   [ComfyUI] [SubprocessWorker] call_method: nodes.visualization.preview_mesh_vtk.PreviewMeshVTKNode.EXECUTE_NORMALIZED
[04:50]   [ComfyUI] [SubprocessWorker] acquired lock, ensuring started...
[04:50]   [ComfyUI] [ComfyUI-GeometryPack] Health check: ping (timeout=5.0s)...
[04:50]   [ComfyUI] [ComfyUI-GeometryPack] Health check: ok
[04:50]   [ComfyUI] [SubprocessWorker] worker started/confirmed
[04:50]   [ComfyUI] [SubprocessWorker] serializing kwargs to shm...
[04:50]   [ComfyUI] [SubprocessWorker] created 1 shm blocks
[04:50]   [ComfyUI] [SubprocessWorker] sending request via socket...
[04:50]   [ComfyUI] [SubprocessWorker] call_id=79 sending call_method
[04:50]   [ComfyUI] [worker:ComfyUI-GeometryPack] INFO: Preparing preview: Mesh - 56203 vertices, 112402 faces
[04:50]   [ComfyUI] [worker:ComfyUI-GeometryPack] INFO: Mode: fields
[04:50]   [ComfyUI] [worker:ComfyUI-GeometryPack] INFO: Visual data - has_visual: True, kind: None, texture: False, vertex_colors: False
[04:50]   [ComfyUI] [worker:ComfyUI-GeometryPack] INFO: Using fields mode - VTP export
[04:50]   [ComfyUI] [worker:ComfyUI-GeometryPack] INFO: Exporting mesh to VTP: /home/runner/work/comfy-gpu-ci/comfy-gpu-ci/test_workspaces/GeometryPack-0031/ComfyUI/output/preview_vtk_9656f477.vtp
[04:51]   Frame 2 saved (frame_001.jpg, t=0.7s)
[04:51]   [capture-node] freeze=3ms shot=86ms unfreeze=3ms saved=True
[04:51]   [ComfyUI] [worker:ComfyUI-GeometryPack] INFO: Adding normals field (56203 vertices)
[04:51]   [ComfyUI] [worker:ComfyUI-GeometryPack] INFO: Adding scalar field: normal_x (components: 1)
[04:51]   [ComfyUI] [worker:ComfyUI-GeometryPack] INFO: Adding scalar field: normal_y (components: 1)
[04:51]   [ComfyUI] [worker:ComfyUI-GeometryPack] INFO: Adding scalar field: normal_z (components: 1)
[04:51]   [ComfyUI] [worker:ComfyUI-GeometryPack] INFO: Adding scalar field: normal_magnitude (components: 1)
[04:51]   [ComfyUI] [worker:ComfyUI-GeometryPack] INFO: Adding face field: stl
[04:51]   [ComfyUI] [worker:ComfyUI-GeometryPack] INFO: Export complete: 56203 vertices, 112402 faces
[04:51]   [ComfyUI] [worker:ComfyUI-GeometryPack] INFO: Exported VTP to: /home/runner/work/comfy-gpu-ci/comfy-gpu-ci/test_workspaces/GeometryPack-0031/ComfyUI/output/preview_vtk_9656f477.vtp
[04:51]   [ComfyUI] [worker:ComfyUI-GeometryPack] INFO: Vertex attributes: ['normal_x', 'normal_y', 'normal_z', 'normal_magnitude']
[04:51]   [ComfyUI] [worker:ComfyUI-GeometryPack] INFO: Face attributes: ['stl']
[04:51]   [ComfyUI] [worker:ComfyUI-GeometryPack] INFO: Fields mode info: watertight=True, volume=279628.2991519195, area=29684.95106546422, fields=['normal_x', 'normal_y', 'normal_z', 'normal_magnitude', 'face.stl']
[04:51]   [ComfyUI] [SubprocessWorker] got response: ok
[04:51]   [ComfyUI] [comfy-env] GeomPackPreviewMeshVTK done (0.72s): result: NodeOutput
[04:51]   [ComfyUI] Prompt executed in 1.15 seconds
[04:51]   Node executed (2 total), capturing...
[04:52]   Frame 3 saved (frame_002.jpg, t=1.5s)
[04:52]   [capture-node] freeze=714ms shot=97ms unfreeze=0ms saved=True
[04:52]   Execution complete (t=1.5s)
[04:52]   Captured 3 unique frames over 2.31s
[04:52]   [debug] iframes: 1
[04:52]   [debug]   iframe[0]: src=http://127.0.0.1:41895/extensions/ComfyUI-GeometryPack/viewer_vtk.html?v=1778459, canvas=486x348, rafFrozen=True
[04:52]   [timing] trigger_3d_previews: 0.0s
[04:54]   Saved high-quality screenshot: normals_executed.png
[04:54]   [timing] final_screenshot: 0.2s
[04:55] Capturing execution frames: point_mesh_distance.json
[05:01]   Frame 1 saved (frame_000.jpg, t=0.0s)
[05:01]   Validating workflow...
[05:01]   [ComfyUI] === /validate endpoint called ===
[05:01]   [ComfyUI] Received JSON with keys: ['prompt']
[05:01]   [ComfyUI] Prompt has 6 nodes
[05:01]   [ComfyUI]   Node 1: GeomPackCreatePrimitive
[05:01]   [ComfyUI]     Inputs: {"shape": "cube", "size": 2, "subdivisions": 1}
[05:01]   [ComfyUI]   Node 2: GeomPackCreatePrimitive
[05:01]   [ComfyUI]     Inputs: {"shape": "sphere", "size": 2.5, "subdivisions": 2}
[05:01]   [ComfyUI]   Node 4: GeomPackMeshToPointCloud
[05:01]   [ComfyUI]     Inputs: {"mode": "surface_sampling", "sample_count": 10000, "sampling_method": "uniform", "include_normals": "true", "trimesh": ["1", 0]}
[05:01]   [ComfyUI]   Node 5: GeomPackPointToMeshDistance
[05:01]   [ComfyUI]     Inputs: {"distance_type": "unsigned", "sign_method": "default", "report_panel": "false", "target_mesh": ["2", 0], "pointcloud": ["4", 0]}
[05:01]   Queuing workflow for execution...
[05:01]   [ComfyUI]   Node 7: GeomPackCombineMeshes
[05:01]   [ComfyUI]     Inputs: {"report_panel": "false", "mesh_a": ["1", 0], "mesh_b": ["2", 0]}
[05:01]   [ComfyUI]   Node 8: GeomPackPreviewMeshDual
[05:01]   [ComfyUI]     Inputs: {"layout": "side_by_side", "mode": "fields", "opacity_1": 1, "opacity_2": 1, "preview_dual": "{\"show_edges\":false,\"camera_state\":\"\",\"selected_field\":\"\",\"selected_channel\":\"magnitude\",\"s
[05:01]   [ComfyUI] Generated prompt_id: bed2eb81-699f-4aba-bcb5-4748bdb2399b
[05:01]   [ComfyUI] Calling execution.validate_prompt()...
[05:01]   [ComfyUI] Validation result: valid=True
[05:01]   [ComfyUI] === Validation PASSED ===
[05:01]   [ComfyUI] got prompt
[05:01]   [ComfyUI] [comfy-env] Running GeomPackCreatePrimitive: shape: 'cube', size: 2.0, subdivisions: 1
[05:01]   [ComfyUI] [SubprocessWorker] call_method: nodes.primitives.create_primitive.CreatePrimitive.EXECUTE_NORMALIZED
[05:01]   [ComfyUI] [SubprocessWorker] acquired lock, ensuring started...
[05:01]   [ComfyUI] [ComfyUI-GeometryPack] Health check: ping (timeout=5.0s)...
[05:01]   [ComfyUI] [ComfyUI-GeometryPack] Health check: ok
[05:01]   [ComfyUI] [SubprocessWorker] worker started/confirmed
[05:01]   [ComfyUI] [SubprocessWorker] serializing kwargs to shm...
[05:01]   [ComfyUI] [SubprocessWorker] created 0 shm blocks
[05:01]   [ComfyUI] [SubprocessWorker] sending request via socket...
[05:01]   [ComfyUI] [SubprocessWorker] call_id=80 sending call_method
[05:01]   [ComfyUI] [worker:ComfyUI-GeometryPack] INFO: Created cube: 8 vertices, 12 faces
[05:01]   [ComfyUI] [SubprocessWorker] got response: ok
[05:01]   [ComfyUI] [comfy-env] GeomPackCreatePrimitive done (0.01s): result: NodeOutput
[05:01]   [ComfyUI] [comfy-env] Running GeomPackMeshToPointCloud: mode: 'surface_sampling', sample_count: 10000, sampling_method: 'uniform', include_normals: 'true', trimesh: Trimesh
[05:01]   [ComfyUI] [SubprocessWorker] call_method: nodes.conversion.mesh_to_pointcloud.MeshToPointCloudNode.EXECUTE_NORMALIZED
[05:01]   [ComfyUI] [SubprocessWorker] acquired lock, ensuring started...
[05:01]   [ComfyUI] [ComfyUI-GeometryPack] Health check: ping (timeout=5.0s)...
[05:01]   [ComfyUI] [ComfyUI-GeometryPack] Health check: ok
[05:01]   [ComfyUI] [SubprocessWorker] worker started/confirmed
[05:01]   [ComfyUI] [SubprocessWorker] serializing kwargs to shm...
[05:01]   [ComfyUI] [SubprocessWorker] created 1 shm blocks
[05:01]   [ComfyUI] [SubprocessWorker] sending request via socket...
[05:01]   [ComfyUI] [SubprocessWorker] call_id=81 sending call_method
[05:01]   [ComfyUI] [worker:ComfyUI-GeometryPack] INFO: Sampling 10,000 points using uniform method
[05:01]   [ComfyUI] [worker:ComfyUI-GeometryPack] INFO: Generated point cloud with 10,000 points
[05:01]   [ComfyUI] [SubprocessWorker] got response: ok
[05:01]   [ComfyUI] [comfy-env] GeomPackMeshToPointCloud done (0.02s): result: NodeOutput
[05:01]   [ComfyUI] [comfy-env] Running GeomPackCreatePrimitive: shape: 'sphere', size: 2.5, subdivisions: 2
[05:01]   [ComfyUI] [SubprocessWorker] call_method: nodes.primitives.create_primitive.CreatePrimitive.EXECUTE_NORMALIZED
[05:01]   [ComfyUI] [SubprocessWorker] acquired lock, ensuring started...
[05:01]   [ComfyUI] [ComfyUI-GeometryPack] Health check: ping (timeout=5.0s)...
[05:01]   [ComfyUI] [ComfyUI-GeometryPack] Health check: ok
[05:01]   [ComfyUI] [SubprocessWorker] worker started/confirmed
[05:01]   [ComfyUI] [SubprocessWorker] serializing kwargs to shm...
[05:01]   [ComfyUI] [SubprocessWorker] created 0 shm blocks
[05:01]   [ComfyUI] [SubprocessWorker] sending request via socket...
[05:01]   [ComfyUI] [SubprocessWorker] call_id=82 sending call_method
[05:01]   [ComfyUI] [worker:ComfyUI-GeometryPack] INFO: Created sphere: 162 vertices, 320 faces
[05:01]   [ComfyUI] [SubprocessWorker] got response: ok
[05:01]   [ComfyUI] [comfy-env] GeomPackCreatePrimitive done (0.01s): result: NodeOutput
[05:01]   [ComfyUI] [comfy-env] Running GeomPackPointToMeshDistance: distance_type: 'unsigned', sign_method: 'default', target_mesh: Trimesh, pointcloud: Trimesh
[05:01]   [ComfyUI] [SubprocessWorker] call_method: nodes.distance.point_to_mesh_distance.PointToMeshDistanceNode.EXECUTE_NORMALIZED
[05:01]   [ComfyUI] [SubprocessWorker] acquired lock, ensuring started...
[05:01]   [ComfyUI] [ComfyUI-GeometryPack] Health check: ping (timeout=5.0s)...
[05:01]   [ComfyUI] [ComfyUI-GeometryPack] Health check: ok
[05:01]   [ComfyUI] [SubprocessWorker] worker started/confirmed
[05:01]   [ComfyUI] [SubprocessWorker] serializing kwargs to shm...
[05:01]   [ComfyUI] [SubprocessWorker] created 2 shm blocks
[05:01]   [ComfyUI] [SubprocessWorker] sending request via socket...
[05:01]   [ComfyUI] [SubprocessWorker] call_id=83 sending call_method
[05:01]   [ComfyUI] [worker:ComfyUI-GeometryPack] INFO: Computing unsigned distances for 10,000 points
[05:01]   [ComfyUI] [worker:ComfyUI-GeometryPack] INFO: Input: Point Cloud
[05:01]   [ComfyUI] [worker:ComfyUI-GeometryPack] INFO: Target Mesh: 162 vertices, 320 faces
[05:01]   [ComfyUI] [worker:ComfyUI-GeometryPack] INFO: Using trimesh.proximity.closest_point (unsigned)
[05:01]   [ComfyUI] [worker:ComfyUI-GeometryPack] INFO: Min: 0.000048, Max: 0.500737, Mean: 0.137138
[05:01]   [ComfyUI] [worker:ComfyUI-GeometryPack] INFO: Distance field added to vertex_attributes['distance']
[05:01]   [ComfyUI] [SubprocessWorker] got response: ok
[05:01]   [ComfyUI] [comfy-env] GeomPackPointToMeshDistance done (0.26s): result: NodeOutput
[05:01]   [ComfyUI] [comfy-env] Running GeomPackCombineMeshes: mesh_a: Trimesh, mesh_b: Trimesh
[05:01]   [ComfyUI] [SubprocessWorker] call_method: nodes.combine.combine_meshes.CombineMeshesNode.EXECUTE_NORMALIZED
[05:01]   [ComfyUI] [SubprocessWorker] acquired lock, ensuring started...
[05:01]   [ComfyUI] [ComfyUI-GeometryPack] Health check: ping (timeout=5.0s)...
[05:01]   [ComfyUI] [ComfyUI-GeometryPack] Health check: ok
[05:01]   [ComfyUI] [SubprocessWorker] worker started/confirmed
[05:01]   [ComfyUI] [SubprocessWorker] serializing kwargs to shm...
[05:01]   [ComfyUI] [SubprocessWorker] created 2 shm blocks
[05:01]   [ComfyUI] [SubprocessWorker] sending request via socket...
[05:01]   [ComfyUI] [SubprocessWorker] call_id=84 sending call_method
[05:01]   [ComfyUI] [worker:ComfyUI-GeometryPack] INFO: Combining 2 meshes
[05:01]   [ComfyUI] [worker:ComfyUI-GeometryPack] INFO: Mesh 1: 8 vertices, 12 faces
[05:01]   [ComfyUI] [worker:ComfyUI-GeometryPack] INFO: Mesh 2: 162 vertices, 320 faces
[05:01]   [ComfyUI] [worker:ComfyUI-GeometryPack] INFO: Result: 170 vertices, 332 faces
[05:01]   Node executed (1 total), capturing...
[05:01]   [ComfyUI] [SubprocessWorker] got response: ok
[05:01]   [ComfyUI] [comfy-env] GeomPackCombineMeshes done (0.01s): result: NodeOutput
[05:01]   [ComfyUI] [comfy-env] Running GeomPackPreviewMeshDual: layout: 'side_by_side', mode: 'fields', opacity_1: 1.0, opacity_2: 1.0, mesh_1: Trimesh, mesh_2: Trimesh
[05:01]   [ComfyUI] [SubprocessWorker] call_method: nodes.visualization.preview_mesh_dual.PreviewMeshDualNode.EXECUTE_NORMALIZED
[05:01]   [ComfyUI] [SubprocessWorker] acquired lock, ensuring started...
[05:01]   [ComfyUI] [ComfyUI-GeometryPack] Health check: ping (timeout=5.0s)...
[05:01]   [ComfyUI] [ComfyUI-GeometryPack] Health check: ok
[05:01]   [ComfyUI] [SubprocessWorker] worker started/confirmed
[05:01]   [ComfyUI] [SubprocessWorker] serializing kwargs to shm...
[05:01]   [ComfyUI] [SubprocessWorker] created 2 shm blocks
[05:01]   [ComfyUI] [SubprocessWorker] sending request via socket...
[05:01]   [ComfyUI] [SubprocessWorker] call_id=85 sending call_method
[05:01]   [ComfyUI] [worker:ComfyUI-GeometryPack] INFO: Layout: side_by_side, Mode: fields
[05:01]   [ComfyUI] [worker:ComfyUI-GeometryPack] INFO: Mesh 1: Mesh - 170 vertices, 332 faces
[05:01]   [ComfyUI] [worker:ComfyUI-GeometryPack] INFO: Mesh 2: Point Cloud - 10000 vertices, 0 faces
[05:01]   [ComfyUI] [worker:ComfyUI-GeometryPack] INFO: Mesh 1 fields: []
[05:01]   [ComfyUI] [worker:ComfyUI-GeometryPack] INFO: Mesh 2 fields: ['distance']
[05:01]   [ComfyUI] [worker:ComfyUI-GeometryPack] INFO: Common fields: []
[05:01]   [ComfyUI] [worker:ComfyUI-GeometryPack] INFO: Mesh 1 visual: kind=None, texture=False, vertex_colors=False
[05:01]   [ComfyUI] [worker:ComfyUI-GeometryPack] INFO: Mesh 2 visual: kind=None, texture=False, vertex_colors=False
[05:01]   [ComfyUI] [worker:ComfyUI-GeometryPack] INFO: Exported STL: /home/runner/work/comfy-gpu-ci/comfy-gpu-ci/test_workspaces/GeometryPack-0031/ComfyUI/output/preview_dual_1_9144eb5b.stl
[05:01]   [ComfyUI] [worker:ComfyUI-GeometryPack] INFO: Exporting point cloud to VTP: /home/runner/work/comfy-gpu-ci/comfy-gpu-ci/test_workspaces/GeometryPack-0031/ComfyUI/output/preview_dual_2_9144eb5b.vtp
[05:01]   [ComfyUI] [worker:ComfyUI-GeometryPack] INFO: Adding scalar field: distance (components: 1)
[05:01]   [ComfyUI] [worker:ComfyUI-GeometryPack] INFO: Export complete: 10000 points
[05:01]   [ComfyUI] [worker:ComfyUI-GeometryPack] INFO: Exported VTP with fields: /home/runner/work/comfy-gpu-ci/comfy-gpu-ci/test_workspaces/GeometryPack-0031/ComfyUI/output/preview_dual_2_9144eb5b.vtp
[05:01]   [ComfyUI] [worker:ComfyUI-GeometryPack] INFO: Preview ready
[05:01]   [ComfyUI] [SubprocessWorker] got response: ok
[05:01]   [ComfyUI] [comfy-env] GeomPackPreviewMeshDual done (0.05s): result: NodeOutput
[05:01]   [ComfyUI] Prompt executed in 0.37 seconds
[05:02]   Frame 2 saved (frame_001.jpg, t=0.6s)
[05:02]   [capture-node] freeze=16ms shot=254ms unfreeze=2ms saved=True
[05:02]   Node executed (3 total), capturing...
[05:02]   Frame 3 saved (frame_002.jpg, t=1.2s)
[05:02]   [capture-node] freeze=3ms shot=102ms unfreeze=0ms saved=True
[05:02]   Execution complete (t=1.2s)
[05:02]   Captured 3 unique frames over 1.31s
[05:02]   [debug] iframes: 1
[05:02]   [debug]   iframe[0]: src=http://127.0.0.1:41895/extensions/ComfyUI-GeometryPack/viewer_dual.html?v=177845, canvas=370x485, rafFrozen=True
[05:02]   [timing] trigger_3d_previews: 0.0s
[05:04]   Saved high-quality screenshot: point_mesh_distance_executed.png
[05:04]   [timing] final_screenshot: 0.2s
[05:05] Capturing execution frames: preview_mesh_threejs.json
[05:11]   Frame 1 saved (frame_000.jpg, t=0.0s)
[05:11]   Validating workflow...
[05:11]   [ComfyUI] === /validate endpoint called ===
[05:11]   [ComfyUI] Received JSON with keys: ['prompt']
[05:11]   [ComfyUI] Prompt has 2 nodes
[05:11]   [ComfyUI]   Node 1: GeomPackLoadMesh
[05:11]   [ComfyUI]     Inputs: {"file_path": "3d/Stanford_Bunny.stl"}
[05:11]   [ComfyUI]   Node 3: GeomPackPreviewMesh
[05:11]   [ComfyUI]     Inputs: {"preview": "", "trimesh": ["1", 0]}
[05:11]   [ComfyUI] Generated prompt_id: 628df3f7-6580-48c2-b333-335d0ca320e4
[05:11]   [ComfyUI] Calling execution.validate_prompt()...
[05:11]   [ComfyUI] Validation result: valid=True
[05:11]   [ComfyUI] === Validation PASSED ===
[05:11]   Queuing workflow for execution...
[05:11]   [ComfyUI] got prompt
[05:11]   [ComfyUI] [comfy-env] Running GeomPackLoadMesh: file_path: '3d/Stanford_Bunny.stl'
[05:11]   [ComfyUI] [SubprocessWorker] call_method: nodes.io.load_mesh.LoadMesh.EXECUTE_NORMALIZED
[05:11]   [ComfyUI] [SubprocessWorker] acquired lock, ensuring started...
[05:11]   [ComfyUI] [ComfyUI-GeometryPack] Health check: ping (timeout=5.0s)...
[05:11]   [ComfyUI] [ComfyUI-GeometryPack] Health check: ok
[05:11]   [ComfyUI] [SubprocessWorker] worker started/confirmed
[05:11]   [ComfyUI] [SubprocessWorker] serializing kwargs to shm...
[05:11]   [ComfyUI] [SubprocessWorker] created 0 shm blocks
[05:11]   [ComfyUI] [SubprocessWorker] sending request via socket...
[05:11]   [ComfyUI] [SubprocessWorker] call_id=86 sending call_method
[05:11]   [ComfyUI] [worker:ComfyUI-GeometryPack] INFO: Found mesh in input folder: 3d/Stanford_Bunny.stl
[05:11]   [ComfyUI] [worker:ComfyUI-GeometryPack] INFO: Loading: /home/runner/work/comfy-gpu-ci/comfy-gpu-ci/test_workspaces/GeometryPack-0031/ComfyUI/input/3d/Stanford_Bunny.stl
[05:11]   [ComfyUI] [worker:ComfyUI-GeometryPack] INFO: Initial mesh: 56203 vertices, 112402 faces
[05:11]   [ComfyUI] [worker:ComfyUI-GeometryPack] INFO: Successfully loaded: 56203 vertices, 112402 faces
[05:11]   [ComfyUI] [worker:ComfyUI-GeometryPack] INFO: Loaded: 56203 vertices, 112402 faces
[05:11]   [ComfyUI] [SubprocessWorker] got response: ok
[05:11]   [ComfyUI] [comfy-env] GeomPackLoadMesh done (0.25s): result: NodeOutput
[05:11]   [ComfyUI] [comfy-env] Running GeomPackPreviewMesh: trimesh: Trimesh
[05:11]   [ComfyUI] [SubprocessWorker] call_method: nodes.visualization.preview_mesh.PreviewMeshNode.EXECUTE_NORMALIZED
[05:11]   [ComfyUI] [SubprocessWorker] acquired lock, ensuring started...
[05:11]   [ComfyUI] [ComfyUI-GeometryPack] Health check: ping (timeout=5.0s)...
[05:11]   [ComfyUI] [ComfyUI-GeometryPack] Health check: ok
[05:11]   [ComfyUI] [SubprocessWorker] worker started/confirmed
[05:11]   [ComfyUI] [SubprocessWorker] serializing kwargs to shm...
[05:11]   [ComfyUI] [SubprocessWorker] created 1 shm blocks
[05:11]   [ComfyUI] [SubprocessWorker] sending request via socket...
[05:11]   [ComfyUI] [SubprocessWorker] call_id=87 sending call_method
[05:11]   [ComfyUI] [worker:ComfyUI-GeometryPack] INFO: Preparing preview: Mesh - 56203 vertices, 112402 faces
[05:11]   [ComfyUI] [worker:ComfyUI-GeometryPack] INFO: Exported to: /home/runner/work/comfy-gpu-ci/comfy-gpu-ci/test_workspaces/GeometryPack-0031/ComfyUI/output/preview_097533d0.glb
[05:11]   [ComfyUI] [SubprocessWorker] got response: ok
[05:11]   [ComfyUI] [comfy-env] GeomPackPreviewMesh done (0.05s): result: NodeOutput
[05:11]   [ComfyUI] Prompt executed in 0.30 seconds
[05:11]   Node executed (1 total), capturing...
[05:11]   Frame 2 saved (frame_001.jpg, t=0.7s)
[05:11]   [capture-node] freeze=6ms shot=129ms unfreeze=0ms saved=True
[05:11]   Execution complete (t=0.7s)
[05:11]   Captured 2 unique frames over 0.87s
[05:11]   [debug] iframes: 1
[05:11]   [debug]   iframe[0]: src=http://127.0.0.1:41895/extensions/ComfyUI-GeometryPack/viewer.html?v=17784597978, canvas=486x486, rafFrozen=True
[05:11]   [timing] trigger_3d_previews: 0.0s
[05:14]   Saved high-quality screenshot: preview_mesh_threejs_executed.png
[05:14]   [timing] final_screenshot: 0.2s
[05:14] Capturing execution frames: reconstruct_all.json
[05:20]   Frame 1 saved (frame_000.jpg, t=0.0s)
[05:20]   Validating workflow...
[05:20]   [ComfyUI] === /validate endpoint called ===
[05:20]   [ComfyUI] Received JSON with keys: ['prompt']
[05:20]   [ComfyUI] Prompt has 8 nodes
[05:20]   [ComfyUI]   Node 1: GeomPackLoadMesh
[05:20]   [ComfyUI]     Inputs: {"file_path": "3d/Stanford_Bunny.stl"}
[05:20]   [ComfyUI]   Node 2: GeomPackMeshToPointCloud
[05:20]   [ComfyUI]     Inputs: {"mode": "surface_sampling", "sample_count": 10000, "sampling_method": "uniform", "include_normals": "true", "trimesh": ["1", 0]}
[05:20]   [ComfyUI]   Node 3: GeomPackReconstructSurface
[05:20]   [ComfyUI]     Inputs: {"backend": "poisson", "backend.poisson_depth": 8, "backend.poisson_scale": 1.1, "backend.estimate_normals": "true", "backend.normal_radius": 0.1, "report_panel": "false", "points": ["2", 0]}
[05:20]   [ComfyUI]   Node 4: GeomPackReconstructSurface
[05:20]   [ComfyUI]     Inputs: {"backend": "ball_pivoting", "backend.ball_radius": 3, "backend.estimate_normals": "true", "backend.normal_radius": 0.5, "report_panel": "false", "points": ["2", 0]}
[05:20]   [ComfyUI]   Node 5: GeomPackReconstructSurface
[05:20]   [ComfyUI]     Inputs: {"backend": "alpha_shape", "backend.alpha": 8, "report_panel": "false", "points": ["2", 0]}
[05:20]   [ComfyUI]   Node 6: GeomPackReconstructSurface
[05:20]   Queuing workflow for execution...
[05:20]   [ComfyUI]     Inputs: {"backend": "convex_hull", "report_panel": "false", "points": ["2", 0]}
[05:20]   [ComfyUI]   Node 10: GeomPackPreviewMeshMulti
[05:20]   [ComfyUI]     Inputs: {"mode": "fields", "preview_multi": "{\"show_edges\":true,\"camera_state\":\"{\\\"position\\\":[30.06530722689757,-256.0460141720188,95.11427347765263],\\\"focalPoint\\\":[30.322647094726562,1.8909549
[05:20]   [ComfyUI]   Node 14: GeomPackPreviewMeshVTK
[05:20]   [ComfyUI]     Inputs: {"mode": "fields", "preview_vtk": "{\"show_edges\":false,\"camera_state\":\"{\\\"position\\\":[30.06530722689757,-256.0460141720188,95.11427347765263],\\\"focalPoint\\\":[30.322647094726562,1.89095497
[05:20]   [ComfyUI] Generated prompt_id: 3685c3db-47ae-4c76-918c-efbcbde7ca7f
[05:20]   [ComfyUI] Calling execution.validate_prompt()...
[05:20]   [ComfyUI] Validation result: valid=True
[05:20]   [ComfyUI] === Validation PASSED ===
[05:20]   [ComfyUI] got prompt
[05:20]   [ComfyUI] [comfy-env] Running GeomPackLoadMesh: file_path: '3d/Stanford_Bunny.stl'
[05:20]   [ComfyUI] [SubprocessWorker] call_method: nodes.io.load_mesh.LoadMesh.EXECUTE_NORMALIZED
[05:20]   [ComfyUI] [SubprocessWorker] acquired lock, ensuring started...
[05:20]   [ComfyUI] [ComfyUI-GeometryPack] Health check: ping (timeout=5.0s)...
[05:20]   [ComfyUI] [ComfyUI-GeometryPack] Health check: failed
[05:20]   [ComfyUI] [ComfyUI-GeometryPack] Socket unhealthy, restarting worker...
[05:20]   [ComfyUI] [ComfyUI-GeometryPack] python: /home/runner/.ce/.pixi/envs/geometrypack-nodes/bin/python
[05:20]   [ComfyUI] [ComfyUI-GeometryPack] sys_path sent to worker: ['/home/runner/work/comfy-gpu-ci/comfy-gpu-ci/test_workspaces/GeometryPack-0031/ComfyUI', '/home/runner/work/comfy-gpu-ci/comfy-gpu-ci/test_workspaces/GeometryPack-0031/ComfyUI/custom_nodes/ComfyUI-GeometryPack', '/home/runner/.ce/.pixi/envs/geometrypack-nodes/lib/python3.10/site-packages', '/home/runner/work/comfy-gpu-ci/comfy-gpu-ci/test_workspaces/GeometryPack-0031/ComfyUI/custom_nodes/ComfyUI-GeometryPack']
[05:20]   [ComfyUI] [SubprocessWorker] is_pixi=True, python=/home/runner/.ce/.pixi/envs/geometrypack-nodes/bin/python
[05:20]   [ComfyUI] [SubprocessWorker] launching cmd=['/home/runner/.pixi/bin/pixi', 'run', '--as-is', '--manifest-path', '/home/runner/.ce/pixi.toml', '-e', 'geometrypack-nodes', 'python', '/tmp/comfyui_pvenv_m0m0ll48/persistent_worker.py', 'abstract://comfy_worker_216428e0868f']...
[05:20]   [ComfyUI] [SubprocessWorker] socket_addr=abstract://comfy_worker_216428e0868f (abstract, no filesystem path)
[05:21]   [ComfyUI] [worker:ComfyUI-GeometryPack] ERROR: Failed to import comfy_kitchen, Error: No module named 'comfy_kitchen', fp8 and fp4 support will not be available.
[05:21]   [ComfyUI] [SubprocessWorker] worker started/confirmed
[05:21]   [ComfyUI] [SubprocessWorker] serializing kwargs to shm...
[05:21]   [ComfyUI] [SubprocessWorker] created 0 shm blocks
[05:21]   [ComfyUI] [SubprocessWorker] sending request via socket...
[05:21]   [ComfyUI] [SubprocessWorker] call_id=88 sending call_method
[05:21]   [ComfyUI] Failed to open dir (No such file or directory): /run/user/1001/gvfs/
[05:22]   [ComfyUI] [worker:ComfyUI-GeometryPack] INFO: Found mesh in input folder: 3d/Stanford_Bunny.stl
[05:22]   [ComfyUI] [worker:ComfyUI-GeometryPack] INFO: Loading: /home/runner/work/comfy-gpu-ci/comfy-gpu-ci/test_workspaces/GeometryPack-0031/ComfyUI/input/3d/Stanford_Bunny.stl
[05:22]   [ComfyUI] [worker:ComfyUI-GeometryPack] INFO: Initial mesh: 56203 vertices, 112402 faces
[05:22]   [ComfyUI] [worker:ComfyUI-GeometryPack] INFO: Successfully loaded: 56203 vertices, 112402 faces
[05:22]   [ComfyUI] [worker:ComfyUI-GeometryPack] INFO: Loaded: 56203 vertices, 112402 faces
[05:22]   Frame 2 saved (frame_001.jpg, t=2.4s)
[05:22]   [capture-periodic] freeze=1ms shot=101ms unfreeze=4ms saved=True
[05:22]   [ComfyUI] [SubprocessWorker] got response: ok
[05:22]   [ComfyUI] [comfy-env] GeomPackLoadMesh done (2.36s): result: NodeOutput
[05:22]   [ComfyUI] [comfy-env] Running GeomPackMeshToPointCloud: mode: 'surface_sampling', sample_count: 10000, sampling_method: 'uniform', include_normals: 'true', trimesh: Trimesh
[05:22]   [ComfyUI] [SubprocessWorker] call_method: nodes.conversion.mesh_to_pointcloud.MeshToPointCloudNode.EXECUTE_NORMALIZED
[05:22]   [ComfyUI] [SubprocessWorker] acquired lock, ensuring started...
[05:22]   [ComfyUI] [ComfyUI-GeometryPack] Health check: ping (timeout=5.0s)...
[05:22]   [ComfyUI] [ComfyUI-GeometryPack] Health check: ok
[05:22]   [ComfyUI] [SubprocessWorker] worker started/confirmed
[05:22]   [ComfyUI] [SubprocessWorker] serializing kwargs to shm...
[05:22]   [ComfyUI] [SubprocessWorker] created 1 shm blocks
[05:22]   [ComfyUI] [SubprocessWorker] sending request via socket...
[05:22]   [ComfyUI] [SubprocessWorker] call_id=89 sending call_method
[05:22]   [ComfyUI] [worker:ComfyUI-GeometryPack] INFO: Sampling 10,000 points using uniform method
[05:22]   [ComfyUI] [worker:ComfyUI-GeometryPack] INFO: Generated point cloud with 10,000 points
[05:22]   [ComfyUI] [SubprocessWorker] got response: ok
[05:22]   [ComfyUI] [comfy-env] GeomPackMeshToPointCloud done (0.06s): result: NodeOutput
[05:22]   [ComfyUI] [comfy-env] Running GeomPackReconstructSurface: backend: dict, points: Trimesh
[05:22]   [ComfyUI] [SubprocessWorker] call_method: nodes.reconstruction.reconstruct_surface.ReconstructSurfaceNode.EXECUTE_NORMALIZED
[05:22]   [ComfyUI] [SubprocessWorker] acquired lock, ensuring started...
[05:22]   [ComfyUI] [ComfyUI-GeometryPack] Health check: ping (timeout=5.0s)...
[05:22]   [ComfyUI] [ComfyUI-GeometryPack] Health check: ok
[05:22]   [ComfyUI] [SubprocessWorker] worker started/confirmed
[05:22]   [ComfyUI] [SubprocessWorker] serializing kwargs to shm...
[05:22]   [ComfyUI] [SubprocessWorker] created 1 shm blocks
[05:22]   [ComfyUI] [SubprocessWorker] sending request via socket...
[05:22]   [ComfyUI] [SubprocessWorker] call_id=90 sending call_method
[05:22]   [ComfyUI] [worker:ComfyUI-GeometryPack] INFO: Reconstruct dispatch: convex_hull -> GeomPackReconstruct_ConvexHull
[05:22]   [ComfyUI] [SubprocessWorker] got response: ok
[05:22]   [ComfyUI] [comfy-env] GeomPackReconstructSurface done (0.01s): result: NodeOutput
[05:22]   [ComfyUI] [comfy-env] Running GeomPackReconstructSurface: backend: dict, points: Trimesh
[05:22]   [ComfyUI] [SubprocessWorker] call_method: nodes.reconstruction.reconstruct_surface.ReconstructSurfaceNode.EXECUTE_NORMALIZED
[05:22]   [ComfyUI] [SubprocessWorker] acquired lock, ensuring started...
[05:22]   [ComfyUI] [ComfyUI-GeometryPack] Health check: ping (timeout=5.0s)...
[05:22]   [ComfyUI] [ComfyUI-GeometryPack] Health check: ok
[05:22]   [ComfyUI] [SubprocessWorker] worker started/confirmed
[05:22]   [ComfyUI] [SubprocessWorker] serializing kwargs to shm...
[05:22]   [ComfyUI] [SubprocessWorker] created 1 shm blocks
[05:22]   [ComfyUI] [SubprocessWorker] sending request via socket...
[05:22]   [ComfyUI] [SubprocessWorker] call_id=91 sending call_method
[05:22]   [ComfyUI] [worker:ComfyUI-GeometryPack] INFO: Reconstruct dispatch: alpha_shape -> GeomPackReconstruct_AlphaShape
[05:22]   [ComfyUI] [SubprocessWorker] got response: ok
[05:22]   [ComfyUI] [comfy-env] GeomPackReconstructSurface done (0.01s): result: NodeOutput
[05:22]   [ComfyUI] [comfy-env] Running GeomPackReconstructSurface: backend: dict, points: Trimesh
[05:22]   [ComfyUI] [SubprocessWorker] call_method: nodes.reconstruction.reconstruct_surface.ReconstructSurfaceNode.EXECUTE_NORMALIZED
[05:22]   [ComfyUI] [SubprocessWorker] acquired lock, ensuring started...
[05:22]   [ComfyUI] [ComfyUI-GeometryPack] Health check: ping (timeout=5.0s)...
[05:22]   [ComfyUI] [ComfyUI-GeometryPack] Health check: ok
[05:22]   [ComfyUI] [SubprocessWorker] worker started/confirmed
[05:22]   [ComfyUI] [SubprocessWorker] serializing kwargs to shm...
[05:22]   [ComfyUI] [SubprocessWorker] created 1 shm blocks
[05:22]   [ComfyUI] [SubprocessWorker] sending request via socket...
[05:22]   [ComfyUI] [SubprocessWorker] call_id=92 sending call_method
[05:22]   [ComfyUI] [worker:ComfyUI-GeometryPack] INFO: Reconstruct dispatch: ball_pivoting -> GeomPackReconstruct_BallPivoting
[05:22]   [ComfyUI] [SubprocessWorker] got response: ok
[05:22]   [ComfyUI] [comfy-env] GeomPackReconstructSurface done (0.01s): result: NodeOutput
[05:22]   [ComfyUI] [comfy-env] Running GeomPackReconstructSurface: backend: dict, points: Trimesh
[05:22]   [ComfyUI] [SubprocessWorker] call_method: nodes.reconstruction.reconstruct_surface.ReconstructSurfaceNode.EXECUTE_NORMALIZED
[05:22]   [ComfyUI] [SubprocessWorker] acquired lock, ensuring started...
[05:22]   [ComfyUI] [ComfyUI-GeometryPack] Health check: ping (timeout=5.0s)...
[05:22]   [ComfyUI] [ComfyUI-GeometryPack] Health check: ok
[05:22]   [ComfyUI] [SubprocessWorker] worker started/confirmed
[05:22]   [ComfyUI] [SubprocessWorker] serializing kwargs to shm...
[05:22]   [ComfyUI] [SubprocessWorker] created 1 shm blocks
[05:22]   [ComfyUI] [SubprocessWorker] sending request via socket...
[05:22]   [ComfyUI] [SubprocessWorker] call_id=93 sending call_method
[05:22]   [ComfyUI] [worker:ComfyUI-GeometryPack] INFO: Reconstruct dispatch: poisson -> GeomPackReconstruct_Poisson
[05:22]   [ComfyUI] [SubprocessWorker] got response: ok
[05:22]   [ComfyUI] [comfy-env] GeomPackReconstructSurface done (0.01s): result: NodeOutput
[05:22]   [ComfyUI] [comfy-env] Running GeomPackPreviewMeshVTK: mode: 'fields', trimesh: Trimesh
[05:22]   [ComfyUI] [SubprocessWorker] call_method: nodes.visualization.preview_mesh_vtk.PreviewMeshVTKNode.EXECUTE_NORMALIZED
[05:22]   [ComfyUI] [SubprocessWorker] acquired lock, ensuring started...
[05:22]   [ComfyUI] [ComfyUI-GeometryPack] Health check: ping (timeout=5.0s)...
[05:22]   [ComfyUI] [ComfyUI-GeometryPack] Health check: ok
[05:22]   [ComfyUI] [SubprocessWorker] worker started/confirmed
[05:22]   [ComfyUI] [SubprocessWorker] serializing kwargs to shm...
[05:22]   [ComfyUI] [SubprocessWorker] created 1 shm blocks
[05:22]   [ComfyUI] [SubprocessWorker] sending request via socket...
[05:22]   [ComfyUI] [SubprocessWorker] call_id=94 sending call_method
[05:22]   [ComfyUI] [worker:ComfyUI-GeometryPack] INFO: Preparing preview: Point Cloud - 10000 vertices, 0 faces
[05:22]   [ComfyUI] [worker:ComfyUI-GeometryPack] INFO: Mode: fields
[05:22]   [ComfyUI] [worker:ComfyUI-GeometryPack] INFO: Visual data - has_visual: True, kind: None, texture: False, vertex_colors: False
[05:22]   [ComfyUI] [worker:ComfyUI-GeometryPack] INFO: Using fields mode - VTP export
[05:22]   [ComfyUI] [worker:ComfyUI-GeometryPack] INFO: Exporting point cloud to VTP: /home/runner/work/comfy-gpu-ci/comfy-gpu-ci/test_workspaces/GeometryPack-0031/ComfyUI/output/preview_vtk_758c3182.vtp
[05:22]   [ComfyUI] [worker:ComfyUI-GeometryPack] INFO: Export complete: 10000 points
[05:22]   [ComfyUI] [worker:ComfyUI-GeometryPack] INFO: Exported VTP to: /home/runner/work/comfy-gpu-ci/comfy-gpu-ci/test_workspaces/GeometryPack-0031/ComfyUI/output/preview_vtk_758c3182.vtp
[05:22]   [ComfyUI] [worker:ComfyUI-GeometryPack] INFO: Fields mode info: watertight=False, volume=None, area=None, no fields
[05:22]   [ComfyUI] [SubprocessWorker] got response: ok
[05:22]   [ComfyUI] [comfy-env] GeomPackPreviewMeshVTK done (0.05s): result: NodeOutput
[05:22]   [ComfyUI] [comfy-env] Running GeomPackReconstruct_ConvexHull: points: Trimesh
[05:22]   [ComfyUI] [SubprocessWorker] call_method: nodes.reconstruction.backends.convex_hull.ReconstructConvexHullNode.EXECUTE_NORMALIZED
[05:22]   [ComfyUI] [SubprocessWorker] acquired lock, ensuring started...
[05:22]   [ComfyUI] [ComfyUI-GeometryPack] Health check: ping (timeout=5.0s)...
[05:22]   [ComfyUI] [ComfyUI-GeometryPack] Health check: ok
[05:22]   [ComfyUI] [SubprocessWorker] worker started/confirmed
[05:22]   [ComfyUI] [SubprocessWorker] serializing kwargs to shm...
[05:22]   [ComfyUI] [SubprocessWorker] created 1 shm blocks
[05:22]   [ComfyUI] [SubprocessWorker] sending request via socket...
[05:22]   [ComfyUI] [SubprocessWorker] call_id=95 sending call_method
[05:22]   [ComfyUI] [worker:ComfyUI-GeometryPack] INFO: Backend: convex_hull
[05:22]   [ComfyUI] [worker:ComfyUI-GeometryPack] INFO: Computing convex hull...
[05:22]   [ComfyUI] [SubprocessWorker] got response: ok
[05:22]   [ComfyUI] [comfy-env] GeomPackReconstruct_ConvexHull done (0.03s): result: NodeOutput
[05:22]   [ComfyUI] [comfy-env] Running GeomPackReconstruct_AlphaShape: points: Trimesh, alpha: 8.0
[05:22]   [ComfyUI] [SubprocessWorker] call_method: nodes.reconstruction.backends.alpha_shape.ReconstructAlphaShapeNode.EXECUTE_NORMALIZED
[05:22]   [ComfyUI] [SubprocessWorker] acquired lock, ensuring started...
[05:22]   [ComfyUI] [ComfyUI-GeometryPack] Health check: ping (timeout=5.0s)...
[05:22]   [ComfyUI] [ComfyUI-GeometryPack] Health check: ok
[05:22]   [ComfyUI] [SubprocessWorker] worker started/confirmed
[05:22]   [ComfyUI] [SubprocessWorker] serializing kwargs to shm...
[05:22]   [ComfyUI] [SubprocessWorker] created 1 shm blocks
[05:22]   [ComfyUI] [SubprocessWorker] sending request via socket...
[05:22]   [ComfyUI] [SubprocessWorker] call_id=96 sending call_method
[05:22]   [ComfyUI] [worker:ComfyUI-GeometryPack] INFO: Backend: alpha_shape
[05:22]   [ComfyUI] [worker:ComfyUI-GeometryPack] INFO: Computing alpha shape...
[05:22]   Node executed (2 total), capturing...
[05:23]   Frame 3 saved (frame_002.jpg, t=2.9s)
[05:23]   [capture-node] freeze=20ms shot=183ms unfreeze=4ms saved=True
[05:25]   [ComfyUI] [SubprocessWorker] got response: ok
[05:25]   [ComfyUI] [comfy-env] GeomPackReconstruct_AlphaShape done (2.11s): result: NodeOutput
[05:25]   [ComfyUI] [comfy-env] Running GeomPackReconstruct_BallPivoting: points: Trimesh, ball_radius: 3.0, estimate_normals: 'true', normal_radius: 0.5
[05:25]   [ComfyUI] [SubprocessWorker] call_method: nodes.reconstruction.backends.ball_pivoting.ReconstructBallPivotingNode.EXECUTE_NORMALIZED
[05:25]   [ComfyUI] [SubprocessWorker] acquired lock, ensuring started...
[05:25]   [ComfyUI] [ComfyUI-GeometryPack] Health check: ping (timeout=5.0s)...
[05:25]   [ComfyUI] [ComfyUI-GeometryPack] Health check: ok
[05:25]   [ComfyUI] [SubprocessWorker] worker started/confirmed
[05:25]   [ComfyUI] [SubprocessWorker] serializing kwargs to shm...
[05:25]   [ComfyUI] [SubprocessWorker] created 1 shm blocks
[05:25]   [ComfyUI] [SubprocessWorker] sending request via socket...
[05:25]   [ComfyUI] [SubprocessWorker] call_id=97 sending call_method
[05:25]   [ComfyUI] [worker:ComfyUI-GeometryPack] INFO: Backend: ball_pivoting
[05:25]   Node executed (3 total), capturing...
[05:25]   [ComfyUI] [worker:ComfyUI-GeometryPack] INFO: Using PyMeshLab Ball Pivoting...
[05:25]   [ComfyUI] [SubprocessWorker] got response: ok
[05:25]   [ComfyUI] [comfy-env] GeomPackReconstruct_BallPivoting done (0.27s): result: NodeOutput
[05:25]   [ComfyUI] [comfy-env] Running GeomPackReconstruct_Poisson: points: Trimesh, poisson_depth: 8, poisson_scale: 1.1, estimate_normals: 'true', normal_radius: 0.1
[05:25]   [ComfyUI] [SubprocessWorker] call_method: nodes.reconstruction.backends.poisson.ReconstructPoissonNode.EXECUTE_NORMALIZED
[05:25]   [ComfyUI] [SubprocessWorker] acquired lock, ensuring started...
[05:25]   [ComfyUI] [ComfyUI-GeometryPack] Health check: ping (timeout=5.0s)...
[05:25]   [ComfyUI] [ComfyUI-GeometryPack] Health check: ok
[05:25]   [ComfyUI] [SubprocessWorker] worker started/confirmed
[05:25]   [ComfyUI] [SubprocessWorker] serializing kwargs to shm...
[05:25]   [ComfyUI] [SubprocessWorker] created 1 shm blocks
[05:25]   [ComfyUI] [SubprocessWorker] sending request via socket...
[05:25]   [ComfyUI] [SubprocessWorker] call_id=98 sending call_method
[05:25]   [ComfyUI] [worker:ComfyUI-GeometryPack] INFO: Backend: poisson
[05:25]   [ComfyUI] [worker:ComfyUI-GeometryPack] INFO: Using normals from input
[05:25]   [ComfyUI] [worker:ComfyUI-GeometryPack] INFO: Using PyMeshLab Poisson reconstruction...
[05:25]   Frame 4 saved (frame_003.jpg, t=5.0s)
[05:25]   [capture-node] freeze=2ms shot=125ms unfreeze=7ms saved=True
[05:25]   Node executed (4 total), capturing...
[05:25]   Frame 5 saved (frame_004.jpg, t=5.5s)
[05:25]   [capture-node] freeze=4ms shot=142ms unfreeze=5ms saved=True
[05:26]   [capture-loop] iter=50 t=6.6s state={'complete': False, 'error': None, 'executedCount': 4, 'wsState': 1} eval_ms=3 ram=2.8/15.6GB (18%) swap=0.0/3.0GB (0%) cpu=27% browser_rss=1.10GB
[05:29]   [ComfyUI] [SubprocessWorker] got response: ok
[05:29]   [ComfyUI] [comfy-env] GeomPackReconstruct_Poisson done (4.37s): result: NodeOutput
[05:29]   [ComfyUI] [comfy-env] Running GeomPackPreviewMeshMulti: mode: 'fields', mesh_1: Trimesh, mesh_2: Trimesh, mesh_3: Trimesh, mesh_4: Trimesh
[05:29]   [ComfyUI] [SubprocessWorker] call_method: nodes.visualization.preview_mesh_multi.PreviewMeshMultiNode.EXECUTE_NORMALIZED
[05:29]   [ComfyUI] [SubprocessWorker] acquired lock, ensuring started...
[05:29]   [ComfyUI] [ComfyUI-GeometryPack] Health check: ping (timeout=5.0s)...
[05:29]   [ComfyUI] [ComfyUI-GeometryPack] Health check: ok
[05:29]   [ComfyUI] [SubprocessWorker] worker started/confirmed
[05:29]   [ComfyUI] [SubprocessWorker] serializing kwargs to shm...
[05:29]   [ComfyUI] [SubprocessWorker] created 4 shm blocks
[05:29]   [ComfyUI] [SubprocessWorker] sending request via socket...
[05:29]   [ComfyUI] [SubprocessWorker] call_id=99 sending call_method
[05:29]   [ComfyUI] [worker:ComfyUI-GeometryPack] INFO: Mode: fields, Meshes: 4
[05:29]   Node executed (5 total), capturing...
[05:29]   [ComfyUI] [worker:ComfyUI-GeometryPack] INFO: Mesh 1: Mesh - 43960 vertices, 87905 faces
[05:29]   [ComfyUI] [worker:ComfyUI-GeometryPack] INFO: Exporting mesh to VTP: /home/runner/work/comfy-gpu-ci/comfy-gpu-ci/test_workspaces/GeometryPack-0031/ComfyUI/output/preview_multi_1_1bd2618d.vtp
[05:29]   [ComfyUI] [worker:ComfyUI-GeometryPack] INFO: Adding normals field (43960 vertices)
[05:29]   Frame 6 saved (frame_005.jpg, t=9.6s)
[05:29]   [capture-node] freeze=2ms shot=114ms unfreeze=5ms saved=True
[05:30]   [ComfyUI] [worker:ComfyUI-GeometryPack] INFO: Export complete: 43960 vertices, 87905 faces
[05:30]   [ComfyUI] [worker:ComfyUI-GeometryPack] INFO: Exported VTP: /home/runner/work/comfy-gpu-ci/comfy-gpu-ci/test_workspaces/GeometryPack-0031/ComfyUI/output/preview_multi_1_1bd2618d.vtp
[05:30]   [ComfyUI] [worker:ComfyUI-GeometryPack] INFO: Mesh 2: Mesh - 10000 vertices, 16703 faces
[05:30]   [ComfyUI] [worker:ComfyUI-GeometryPack] INFO: Exporting mesh to VTP: /home/runner/work/comfy-gpu-ci/comfy-gpu-ci/test_workspaces/GeometryPack-0031/ComfyUI/output/preview_multi_2_1bd2618d.vtp
[05:30]   [ComfyUI] [worker:ComfyUI-GeometryPack] INFO: Adding normals field (10000 vertices)
[05:30]   [ComfyUI] [worker:ComfyUI-GeometryPack] INFO: Export complete: 10000 vertices, 16703 faces
[05:30]   [ComfyUI] [worker:ComfyUI-GeometryPack] INFO: Exported VTP: /home/runner/work/comfy-gpu-ci/comfy-gpu-ci/test_workspaces/GeometryPack-0031/ComfyUI/output/preview_multi_2_1bd2618d.vtp
[05:30]   [ComfyUI] [worker:ComfyUI-GeometryPack] INFO: Mesh 3: Mesh - 5743 vertices, 12112 faces
[05:30]   [ComfyUI] [worker:ComfyUI-GeometryPack] INFO: Exporting mesh to VTP: /home/runner/work/comfy-gpu-ci/comfy-gpu-ci/test_workspaces/GeometryPack-0031/ComfyUI/output/preview_multi_3_1bd2618d.vtp
[05:30]   [ComfyUI] [worker:ComfyUI-GeometryPack] INFO: Adding normals field (5743 vertices)
[05:30]   [ComfyUI] [worker:ComfyUI-GeometryPack] INFO: Export complete: 5743 vertices, 12112 faces
[05:30]   [ComfyUI] [worker:ComfyUI-GeometryPack] INFO: Exported VTP: /home/runner/work/comfy-gpu-ci/comfy-gpu-ci/test_workspaces/GeometryPack-0031/ComfyUI/output/preview_multi_3_1bd2618d.vtp
[05:30]   [ComfyUI] [worker:ComfyUI-GeometryPack] INFO: Mesh 4: Mesh - 723 vertices, 1442 faces
[05:30]   [ComfyUI] [worker:ComfyUI-GeometryPack] INFO: Exporting mesh to VTP: /home/runner/work/comfy-gpu-ci/comfy-gpu-ci/test_workspaces/GeometryPack-0031/ComfyUI/output/preview_multi_4_1bd2618d.vtp
[05:30]   [ComfyUI] [worker:ComfyUI-GeometryPack] INFO: Adding normals field (723 vertices)
[05:30]   [ComfyUI] [worker:ComfyUI-GeometryPack] INFO: Export complete: 723 vertices, 1442 faces
[05:30]   [ComfyUI] [worker:ComfyUI-GeometryPack] INFO: Exported VTP: /home/runner/work/comfy-gpu-ci/comfy-gpu-ci/test_workspaces/GeometryPack-0031/ComfyUI/output/preview_multi_4_1bd2618d.vtp
[05:30]   [ComfyUI] [worker:ComfyUI-GeometryPack] INFO: Grid: 2x2, Preview ready
[05:30]   [ComfyUI] [SubprocessWorker] got response: ok
[05:30]   [ComfyUI] [comfy-env] GeomPackPreviewMeshMulti done (0.54s): result: NodeOutput
[05:30]   [ComfyUI] Prompt executed in 9.85 seconds
[05:30]   Node executed (6 total), capturing...
[05:32]   Frame 7 saved (frame_006.jpg, t=10.6s)
[05:32]   [capture-node] freeze=75ms shot=1142ms unfreeze=2ms saved=True
[05:32]   Execution complete (t=12.2s)
[05:32]   Captured 7 unique frames over 12.17s
[05:32]   [debug] iframes: 2
[05:32]   [debug]   iframe[0]: src=http://127.0.0.1:41895/extensions/ComfyUI-GeometryPack/viewer_vtk.html?v=1778459, canvas=486x384, rafFrozen=False
[05:32]   [debug]   iframe[1]: src=http://127.0.0.1:41895/extensions/ComfyUI-GeometryPack/viewer_multi.html?v=17784, canvas=368x195, rafFrozen=False
[05:32]   [timing] trigger_3d_previews: 0.0s
[05:34]   Saved high-quality screenshot: reconstruct_all_executed.png
[05:34]   [timing] final_screenshot: 0.3s
[05:35] Capturing execution frames: refine_mesh.json
[05:40]   Frame 1 saved (frame_000.jpg, t=0.0s)
[05:40]   Validating workflow...
[05:40]   [ComfyUI] === /validate endpoint called ===
[05:40]   [ComfyUI] Received JSON with keys: ['prompt']
[05:40]   [ComfyUI] Prompt has 3 nodes
[05:40]   [ComfyUI]   Node 1: GeomPackLoadMesh
[05:40]   [ComfyUI]     Inputs: {"file_path": "3d/Stanford_Bunny.stl"}
[05:40]   [ComfyUI]   Node 3: GeomPackPreviewMeshDual
[05:40]   [ComfyUI]     Inputs: {"layout": "side_by_side", "mode": "fields", "opacity_1": 1, "opacity_2": 1, "preview_dual": "{\"show_edges\":true,\"camera_state\":\"\",\"selected_field\":\"\",\"selected_channel\":\"magnitude\",\"se
[05:40]   [ComfyUI]   Node 4: RefineMesh
[05:40]   [ComfyUI]     Inputs: {"operation": "decimation", "target_face_count": 5000, "decimation_method": "trimesh", "subdivision_iterations": 1, "smoothing_iterations": 5, "lambda_factor": 0.5, "report_panel": "false", "trimesh":
[05:40]   [ComfyUI] Generated prompt_id: fdf75e54-9289-4a8a-bbe6-a3748953d399
[05:40]   [ComfyUI] Calling execution.validate_prompt()...
[05:40]   Queuing workflow for execution...
[05:40]   [ComfyUI] Validation result: valid=True
[05:40]   [ComfyUI] === Validation PASSED ===
[05:40]   [ComfyUI] got prompt
[05:40]   [ComfyUI] [comfy-env] Running GeomPackLoadMesh: file_path: '3d/Stanford_Bunny.stl'
[05:40]   [ComfyUI] [SubprocessWorker] call_method: nodes.io.load_mesh.LoadMesh.EXECUTE_NORMALIZED
[05:40]   [ComfyUI] [SubprocessWorker] acquired lock, ensuring started...
[05:40]   [ComfyUI] [ComfyUI-GeometryPack] Health check: ping (timeout=5.0s)...
[05:40]   [ComfyUI] [ComfyUI-GeometryPack] Health check: ok
[05:40]   [ComfyUI] [SubprocessWorker] worker started/confirmed
[05:40]   [ComfyUI] [SubprocessWorker] serializing kwargs to shm...
[05:40]   [ComfyUI] [SubprocessWorker] created 0 shm blocks
[05:40]   [ComfyUI] [SubprocessWorker] sending request via socket...
[05:40]   [ComfyUI] [SubprocessWorker] call_id=100 sending call_method
[05:40]   [ComfyUI] [worker:ComfyUI-GeometryPack] INFO: Found mesh in input folder: 3d/Stanford_Bunny.stl
[05:40]   [ComfyUI] [worker:ComfyUI-GeometryPack] INFO: Loading: /home/runner/work/comfy-gpu-ci/comfy-gpu-ci/test_workspaces/GeometryPack-0031/ComfyUI/input/3d/Stanford_Bunny.stl
[05:41]   [ComfyUI] [worker:ComfyUI-GeometryPack] INFO: Initial mesh: 56203 vertices, 112402 faces
[05:41]   [ComfyUI] [worker:ComfyUI-GeometryPack] INFO: Successfully loaded: 56203 vertices, 112402 faces
[05:41]   [ComfyUI] [worker:ComfyUI-GeometryPack] INFO: Loaded: 56203 vertices, 112402 faces
[05:41]   [ComfyUI] [SubprocessWorker] got response: ok
[05:41]   [ComfyUI] [comfy-env] GeomPackLoadMesh done (0.22s): result: NodeOutput
[05:41]   [ComfyUI] [comfy-env] Running RefineMesh: operation: 'decimation', target_face_count: 5000, decimation_method: 'trimesh', subdivision_iterations: 1, smoothing_iterations: 5, lambda_factor: 0.5, trimesh: Trimesh
[05:41]   [ComfyUI] [SubprocessWorker] call_method: nodes.remeshing.refine.RefineMeshNode.EXECUTE_NORMALIZED
[05:41]   [ComfyUI] [SubprocessWorker] acquired lock, ensuring started...
[05:41]   [ComfyUI] [ComfyUI-GeometryPack] Health check: ping (timeout=5.0s)...
[05:41]   [ComfyUI] [ComfyUI-GeometryPack] Health check: ok
[05:41]   [ComfyUI] [SubprocessWorker] worker started/confirmed
[05:41]   [ComfyUI] [SubprocessWorker] serializing kwargs to shm...
[05:41]   [ComfyUI] [SubprocessWorker] created 1 shm blocks
[05:41]   [ComfyUI] [SubprocessWorker] sending request via socket...
[05:41]   [ComfyUI] [SubprocessWorker] call_id=101 sending call_method
[05:41]   [ComfyUI] [worker:ComfyUI-GeometryPack] INFO: Input: 56203 vertices, 112402 faces
[05:41]   [ComfyUI] [worker:ComfyUI-GeometryPack] INFO: Operation: decimation
[05:41]   [ComfyUI] [worker:ComfyUI-GeometryPack] INFO: Output: 2502 vertices (-53701), 5000 faces (-107402)
[05:41]   [ComfyUI] [SubprocessWorker] got response: ok
[05:41]   [ComfyUI] [comfy-env] RefineMesh done (0.15s): result: NodeOutput
[05:41]   [ComfyUI] [comfy-env] Running GeomPackPreviewMeshDual: layout: 'side_by_side', mode: 'fields', opacity_1: 1.0, opacity_2: 1.0, mesh_1: Trimesh, mesh_2: Trimesh
[05:41]   [ComfyUI] [SubprocessWorker] call_method: nodes.visualization.preview_mesh_dual.PreviewMeshDualNode.EXECUTE_NORMALIZED
[05:41]   [ComfyUI] [SubprocessWorker] acquired lock, ensuring started...
[05:41]   [ComfyUI] [ComfyUI-GeometryPack] Health check: ping (timeout=5.0s)...
[05:41]   [ComfyUI] [ComfyUI-GeometryPack] Health check: ok
[05:41]   [ComfyUI] [SubprocessWorker] worker started/confirmed
[05:41]   [ComfyUI] [SubprocessWorker] serializing kwargs to shm...
[05:41]   Node executed (1 total), capturing...
[05:41]   [ComfyUI] [SubprocessWorker] created 2 shm blocks
[05:41]   [ComfyUI] [SubprocessWorker] sending request via socket...
[05:41]   [ComfyUI] [SubprocessWorker] call_id=102 sending call_method
[05:41]   [ComfyUI] [worker:ComfyUI-GeometryPack] INFO: Layout: side_by_side, Mode: fields
[05:41]   [ComfyUI] [worker:ComfyUI-GeometryPack] INFO: Mesh 1: Mesh - 56203 vertices, 112402 faces
[05:41]   [ComfyUI] [worker:ComfyUI-GeometryPack] INFO: Mesh 2: Mesh - 2502 vertices, 5000 faces
[05:41]   [ComfyUI] [worker:ComfyUI-GeometryPack] INFO: Mesh 1 fields: ['face.stl']
[05:41]   [ComfyUI] [worker:ComfyUI-GeometryPack] INFO: Mesh 2 fields: []
[05:41]   [ComfyUI] [worker:ComfyUI-GeometryPack] INFO: Common fields: []
[05:41]   [ComfyUI] [worker:ComfyUI-GeometryPack] INFO: Mesh 1 visual: kind=None, texture=False, vertex_colors=False
[05:41]   [ComfyUI] [worker:ComfyUI-GeometryPack] INFO: Mesh 2 visual: kind=None, texture=False, vertex_colors=False
[05:41]   [ComfyUI] [worker:ComfyUI-GeometryPack] INFO: Exporting mesh to VTP: /home/runner/work/comfy-gpu-ci/comfy-gpu-ci/test_workspaces/GeometryPack-0031/ComfyUI/output/preview_dual_1_37db5252.vtp
[05:41]   [ComfyUI] [worker:ComfyUI-GeometryPack] INFO: Adding normals field (56203 vertices)
[05:41]   Frame 2 saved (frame_001.jpg, t=0.7s)
[05:41]   [capture-node] freeze=2ms shot=101ms unfreeze=4ms saved=True
[05:41]   [ComfyUI] [worker:ComfyUI-GeometryPack] INFO: Adding face field: stl
[05:41]   [ComfyUI] [worker:ComfyUI-GeometryPack] INFO: Export complete: 56203 vertices, 112402 faces
[05:41]   [ComfyUI] [worker:ComfyUI-GeometryPack] INFO: Exported VTP with fields: /home/runner/work/comfy-gpu-ci/comfy-gpu-ci/test_workspaces/GeometryPack-0031/ComfyUI/output/preview_dual_1_37db5252.vtp
[05:41]   [ComfyUI] [worker:ComfyUI-GeometryPack] INFO: Exported STL: /home/runner/work/comfy-gpu-ci/comfy-gpu-ci/test_workspaces/GeometryPack-0031/ComfyUI/output/preview_dual_2_37db5252.stl
[05:41]   [ComfyUI] [worker:ComfyUI-GeometryPack] INFO: Preview ready
[05:41]   [ComfyUI] [SubprocessWorker] got response: ok
[05:41]   [ComfyUI] [comfy-env] GeomPackPreviewMeshDual done (0.52s): result: NodeOutput
[05:41]   [ComfyUI] Prompt executed in 0.90 seconds
[05:41]   Node executed (2 total), capturing...
[05:43]   Frame 3 saved (frame_002.jpg, t=1.3s)
[05:43]   [capture-node] freeze=157ms shot=779ms unfreeze=0ms saved=True
[05:43]   Execution complete (t=1.3s)
[05:43]   Captured 3 unique frames over 2.27s
[05:43]   [debug] iframes: 1
[05:43]   [debug]   iframe[0]: src=http://127.0.0.1:41895/extensions/ComfyUI-GeometryPack/viewer_dual.html?v=177845, canvas=387x485, rafFrozen=True
[05:43]   [timing] trigger_3d_previews: 0.0s
[05:45]   Saved high-quality screenshot: refine_mesh_executed.png
[05:45]   [timing] final_screenshot: 0.2s
[05:45] Capturing execution frames: remesh_intersections.json
[05:51]   Frame 1 saved (frame_000.jpg, t=0.0s)
[05:51]   Validating workflow...
[05:51]   [ComfyUI] === /validate endpoint called ===
[05:51]   [ComfyUI] Received JSON with keys: ['prompt']
[05:51]   [ComfyUI] Prompt has 5 nodes
[05:51]   [ComfyUI]   Node 1: GeomPackLoadMesh
[05:51]   [ComfyUI]     Inputs: {"file_path": "3d/camelhead.off"}
[05:51]   [ComfyUI]   Node 5: GeomPackDetectSelfIntersections
[05:51]   [ComfyUI]     Inputs: {"report_panel": "false", "trimesh": ["1", 0]}
[05:51]   Queuing workflow for execution...
[05:51]   [ComfyUI]   Node 8: GeomPackDetectSelfIntersections
[05:51]   [ComfyUI]     Inputs: {"report_panel": "false", "trimesh": ["12", 0]}
[05:51]   [ComfyUI]   Node 12: GeomPackRemeshSelfIntersections
[05:51]   [ComfyUI]     Inputs: {"detect_only": false, "remove_unreferenced": true, "extract_outer_hull": false, "stitch_all": true, "report_panel": "false", "mesh": ["1", 0]}
[05:51]   [ComfyUI]   Node 13: GeomPackPreviewMeshDual
[05:51]   [ComfyUI]     Inputs: {"layout": "side_by_side", "mode": "fields", "opacity_1": 1, "opacity_2": 1, "preview_dual": "{\"show_edges\":true,\"camera_state\":\"{\\\"position\\\":[-0.09589855044406126,0.14917436072323867,0.1071
[05:51]   [ComfyUI] Generated prompt_id: fc6ff3a4-3073-46ed-9607-d01f0b9f2518
[05:51]   [ComfyUI] Calling execution.validate_prompt()...
[05:51]   [ComfyUI] Validation result: valid=True
[05:51]   [ComfyUI] === Validation PASSED ===
[05:51]   [ComfyUI] got prompt
[05:51]   [ComfyUI] [comfy-env] Running GeomPackLoadMesh: file_path: '3d/camelhead.off'
[05:51]   [ComfyUI] [SubprocessWorker] call_method: nodes.io.load_mesh.LoadMesh.EXECUTE_NORMALIZED
[05:51]   [ComfyUI] [SubprocessWorker] acquired lock, ensuring started...
[05:51]   [ComfyUI] [ComfyUI-GeometryPack] Health check: ping (timeout=5.0s)...
[05:51]   [ComfyUI] [ComfyUI-GeometryPack] Health check: ok
[05:51]   [ComfyUI] [SubprocessWorker] worker started/confirmed
[05:51]   [ComfyUI] [SubprocessWorker] serializing kwargs to shm...
[05:51]   [ComfyUI] [SubprocessWorker] created 0 shm blocks
[05:51]   [ComfyUI] [SubprocessWorker] sending request via socket...
[05:51]   [ComfyUI] [SubprocessWorker] call_id=103 sending call_method
[05:51]   [ComfyUI] [worker:ComfyUI-GeometryPack] INFO: Found mesh in input folder: 3d/camelhead.off
[05:51]   [ComfyUI] [worker:ComfyUI-GeometryPack] INFO: Loading: /home/runner/work/comfy-gpu-ci/comfy-gpu-ci/test_workspaces/GeometryPack-0031/ComfyUI/input/3d/camelhead.off
[05:51]   [ComfyUI] [worker:ComfyUI-GeometryPack] INFO: Initial mesh: 11381 vertices, 22704 faces
[05:51]   [ComfyUI] [worker:ComfyUI-GeometryPack] INFO: Successfully loaded: 11381 vertices, 22704 faces
[05:51]   [ComfyUI] [worker:ComfyUI-GeometryPack] INFO: Loaded: 11381 vertices, 22704 faces
[05:51]   [ComfyUI] [SubprocessWorker] got response: ok
[05:51]   [ComfyUI] [comfy-env] GeomPackLoadMesh done (0.19s): result: NodeOutput
[05:51]   [ComfyUI] [comfy-env] Running GeomPackDetectSelfIntersections: trimesh: Trimesh
[05:51]   [ComfyUI] [SubprocessWorker] call_method: nodes.repair_cgal.detect_intersections.DetectSelfIntersectionsNode.EXECUTE_NORMALIZED
[05:51]   [ComfyUI] [SubprocessWorker] acquired lock, ensuring started...
[05:51]   [ComfyUI] [ComfyUI-GeometryPack] Health check: ping (timeout=5.0s)...
[05:51]   [ComfyUI] [ComfyUI-GeometryPack] Health check: ok
[05:51]   [ComfyUI] [SubprocessWorker] worker started/confirmed
[05:51]   [ComfyUI] [SubprocessWorker] serializing kwargs to shm...
[05:51]   [ComfyUI] [SubprocessWorker] created 1 shm blocks
[05:51]   [ComfyUI] [SubprocessWorker] sending request via socket...
[05:51]   [ComfyUI] [SubprocessWorker] call_id=104 sending call_method
[05:51]   [ComfyUI] [worker:ComfyUI-GeometryPack] INFO: Analyzing mesh: 11381 vertices, 22704 faces
[05:51]   [ComfyUI] [worker:ComfyUI-GeometryPack] INFO: Using libigl CGAL method
[05:51]   [ComfyUI] [worker:ComfyUI-GeometryPack] INFO: Found 6 intersecting faces (5 intersection pairs)
[05:51]   [ComfyUI] [SubprocessWorker] got response: ok
[05:51]   [ComfyUI] [comfy-env] GeomPackDetectSelfIntersections done (0.09s): result: NodeOutput
[05:51]   [ComfyUI] [comfy-env] Running GeomPackRemeshSelfIntersections: detect_only: False, remove_unreferenced: True, extract_outer_hull: False, stitch_all: True, mesh: Trimesh
[05:51]   [ComfyUI] [SubprocessWorker] call_method: nodes.repair_cgal.remesh_intersections.RemeshSelfIntersectionsNode.EXECUTE_NORMALIZED
[05:51]   [ComfyUI] [SubprocessWorker] acquired lock, ensuring started...
[05:51]   [ComfyUI] [ComfyUI-GeometryPack] Health check: ping (timeout=5.0s)...
[05:51]   [ComfyUI] [ComfyUI-GeometryPack] Health check: ok
[05:51]   [ComfyUI] [SubprocessWorker] worker started/confirmed
[05:51]   [ComfyUI] [SubprocessWorker] serializing kwargs to shm...
[05:51]   [ComfyUI] [SubprocessWorker] created 1 shm blocks
[05:51]   [ComfyUI] [SubprocessWorker] sending request via socket...
[05:51]   [ComfyUI] [SubprocessWorker] call_id=105 sending call_method
[05:51]   [ComfyUI] [worker:ComfyUI-GeometryPack] INFO: Processing mesh: 11381 vertices, 22704 faces
[05:51]   Node executed (1 total), capturing...
[05:51]   [ComfyUI] [worker:ComfyUI-GeometryPack] INFO: Options: detect_only=False, remove_unreferenced=True, extract_outer_hull=False, stitch_all=True
[05:51]   [ComfyUI] [worker:ComfyUI-GeometryPack] INFO: Using libigl CGAL method
[05:51]   [ComfyUI] [worker:ComfyUI-GeometryPack] INFO: Remeshing complete: 11385 vertices, 22720 faces
[05:51]   [ComfyUI] [worker:ComfyUI-GeometryPack] INFO: Removing unreferenced vertices...
[05:51]   [ComfyUI] [worker:ComfyUI-GeometryPack] INFO: After cleanup: 11385 vertices, 22720 faces
[05:51]   [ComfyUI] [SubprocessWorker] got response: ok
[05:51]   [ComfyUI] [comfy-env] GeomPackRemeshSelfIntersections done (0.20s): result: NodeOutput
[05:51]   [ComfyUI] [comfy-env] Running GeomPackDetectSelfIntersections: trimesh: Trimesh
[05:51]   [ComfyUI] [SubprocessWorker] call_method: nodes.repair_cgal.detect_intersections.DetectSelfIntersectionsNode.EXECUTE_NORMALIZED
[05:51]   [ComfyUI] [SubprocessWorker] acquired lock, ensuring started...
[05:51]   [ComfyUI] [ComfyUI-GeometryPack] Health check: ping (timeout=5.0s)...
[05:51]   [ComfyUI] [ComfyUI-GeometryPack] Health check: ok
[05:51]   [ComfyUI] [SubprocessWorker] worker started/confirmed
[05:51]   [ComfyUI] [SubprocessWorker] serializing kwargs to shm...
[05:51]   [ComfyUI] [SubprocessWorker] created 1 shm blocks
[05:51]   [ComfyUI] [SubprocessWorker] sending request via socket...
[05:51]   [ComfyUI] [SubprocessWorker] call_id=106 sending call_method
[05:51]   [ComfyUI] [worker:ComfyUI-GeometryPack] INFO: Analyzing mesh: 11385 vertices, 22720 faces
[05:51]   [ComfyUI] [worker:ComfyUI-GeometryPack] INFO: Using libigl CGAL method
[05:51]   [ComfyUI] [worker:ComfyUI-GeometryPack] INFO: No self-intersections detected
[05:51]   [ComfyUI] [SubprocessWorker] got response: ok
[05:51]   [ComfyUI] [comfy-env] GeomPackDetectSelfIntersections done (0.10s): result: NodeOutput
[05:51]   [ComfyUI] [comfy-env] Running GeomPackPreviewMeshDual: layout: 'side_by_side', mode: 'fields', opacity_1: 1.0, opacity_2: 1.0, mesh_1: Trimesh, mesh_2: Trimesh
[05:51]   [ComfyUI] [SubprocessWorker] call_method: nodes.visualization.preview_mesh_dual.PreviewMeshDualNode.EXECUTE_NORMALIZED
[05:51]   [ComfyUI] [SubprocessWorker] acquired lock, ensuring started...
[05:51]   [ComfyUI] [ComfyUI-GeometryPack] Health check: ping (timeout=5.0s)...
[05:51]   [ComfyUI] [ComfyUI-GeometryPack] Health check: ok
[05:51]   [ComfyUI] [SubprocessWorker] worker started/confirmed
[05:51]   [ComfyUI] [SubprocessWorker] serializing kwargs to shm...
[05:51]   Frame 2 saved (frame_001.jpg, t=0.6s)
[05:51]   [capture-node] freeze=2ms shot=100ms unfreeze=1ms saved=True
[05:51]   [ComfyUI] [SubprocessWorker] created 2 shm blocks
[05:51]   [ComfyUI] [SubprocessWorker] sending request via socket...
[05:51]   [ComfyUI] [SubprocessWorker] call_id=107 sending call_method
[05:51]   [ComfyUI] [worker:ComfyUI-GeometryPack] INFO: Layout: side_by_side, Mode: fields
[05:51]   [ComfyUI] [worker:ComfyUI-GeometryPack] INFO: Mesh 1: Mesh - 11381 vertices, 22704 faces
[05:51]   [ComfyUI] [worker:ComfyUI-GeometryPack] INFO: Mesh 2: Mesh - 11385 vertices, 22720 faces
[05:51]   [ComfyUI] [worker:ComfyUI-GeometryPack] INFO: Mesh 1 fields: ['intersection_flag', 'intersection_count', 'face.self_intersecting']
[05:51]   [ComfyUI] [worker:ComfyUI-GeometryPack] INFO: Mesh 2 fields: ['intersection_flag', 'intersection_count', 'face.self_intersecting']
[05:51]   [ComfyUI] [worker:ComfyUI-GeometryPack] INFO: Common fields: ['intersection_flag', 'intersection_count', 'face.self_intersecting']
[05:51]   [ComfyUI] [worker:ComfyUI-GeometryPack] INFO: Mesh 1 visual: kind=None, texture=False, vertex_colors=False
[05:51]   [ComfyUI] [worker:ComfyUI-GeometryPack] INFO: Mesh 2 visual: kind=None, texture=False, vertex_colors=False
[05:51]   [ComfyUI] [worker:ComfyUI-GeometryPack] INFO: Exporting mesh to VTP: /home/runner/work/comfy-gpu-ci/comfy-gpu-ci/test_workspaces/GeometryPack-0031/ComfyUI/output/preview_dual_1_27c2dc55.vtp
[05:51]   [ComfyUI] [worker:ComfyUI-GeometryPack] INFO: Adding normals field (11381 vertices)
[05:51]   [ComfyUI] [worker:ComfyUI-GeometryPack] INFO: Adding scalar field: intersection_flag (components: 1)
[05:51]   [ComfyUI] [worker:ComfyUI-GeometryPack] INFO: Adding scalar field: intersection_count (components: 1)
[05:51]   [ComfyUI] [worker:ComfyUI-GeometryPack] INFO: Adding face field: self_intersecting
[05:52]   [ComfyUI] [worker:ComfyUI-GeometryPack] INFO: Export complete: 11381 vertices, 22704 faces
[05:52]   [ComfyUI] [worker:ComfyUI-GeometryPack] INFO: Exported VTP with fields: /home/runner/work/comfy-gpu-ci/comfy-gpu-ci/test_workspaces/GeometryPack-0031/ComfyUI/output/preview_dual_1_27c2dc55.vtp
[05:52]   [ComfyUI] [worker:ComfyUI-GeometryPack] INFO: Exporting mesh to VTP: /home/runner/work/comfy-gpu-ci/comfy-gpu-ci/test_workspaces/GeometryPack-0031/ComfyUI/output/preview_dual_2_27c2dc55.vtp
[05:52]   Node executed (3 total), capturing...
[05:52]   [ComfyUI] [worker:ComfyUI-GeometryPack] INFO: Adding normals field (11385 vertices)
[05:52]   [ComfyUI] [worker:ComfyUI-GeometryPack] INFO: Adding scalar field: intersection_flag (components: 1)
[05:52]   [ComfyUI] [worker:ComfyUI-GeometryPack] INFO: Adding scalar field: intersection_count (components: 1)
[05:52]   [ComfyUI] [worker:ComfyUI-GeometryPack] INFO: Adding face field: self_intersecting
[05:52]   [ComfyUI] [worker:ComfyUI-GeometryPack] INFO: Export complete: 11385 vertices, 22720 faces
[05:52]   [ComfyUI] [worker:ComfyUI-GeometryPack] INFO: Exported VTP with fields: /home/runner/work/comfy-gpu-ci/comfy-gpu-ci/test_workspaces/GeometryPack-0031/ComfyUI/output/preview_dual_2_27c2dc55.vtp
[05:52]   [ComfyUI] [worker:ComfyUI-GeometryPack] INFO: Preview ready
[05:52]   [ComfyUI] [SubprocessWorker] got response: ok
[05:52]   [ComfyUI] [comfy-env] GeomPackPreviewMeshDual done (0.19s): result: NodeOutput
[05:52]   [ComfyUI] Prompt executed in 0.79 seconds
[05:52]   Frame 3 saved (frame_002.jpg, t=1.0s)
[05:52]   [capture-node] freeze=2ms shot=143ms unfreeze=349ms saved=True
[05:52]   Node executed (4 total), capturing...
[05:53]   Frame 4 saved (frame_003.jpg, t=1.8s)
[05:53]   [capture-node] freeze=2ms shot=104ms unfreeze=0ms saved=True
[05:53]   Execution complete (t=1.8s)
[05:53]   Captured 4 unique frames over 1.98s
[05:53]   [debug] iframes: 1
[05:53]   [debug]   iframe[0]: src=http://127.0.0.1:41895/extensions/ComfyUI-GeometryPack/viewer_dual.html?v=177845, canvas=370x485, rafFrozen=True
[05:53]   [timing] trigger_3d_previews: 0.0s
[05:55]   Saved high-quality screenshot: remesh_intersections_executed.png
[05:55]   [timing] final_screenshot: 0.2s
[05:55] Capturing execution frames: remeshing.json
[06:01]   Frame 1 saved (frame_000.jpg, t=0.0s)
[06:01]   Validating workflow...
[06:01]   [ComfyUI] === /validate endpoint called ===
[06:01]   [ComfyUI] Received JSON with keys: ['prompt']
[06:01]   [ComfyUI] Prompt has 3 nodes
[06:01]   [ComfyUI]   Node 1: GeomPackLoadMesh
[06:01]   [ComfyUI]     Inputs: {"file_path": "3d/Stanford_Bunny.stl"}
[06:01]   [ComfyUI]   Node 25: GeomPackPreviewMeshDual
[06:01]   [ComfyUI]     Inputs: {"layout": "side_by_side", "mode": "fields", "opacity_1": 1, "opacity_2": 1, "preview_dual": "{\"show_edges\":true,\"camera_state\":\"{\\\"position\\\":[25.772299630393015,-184.35090618167206,132.3708
[06:01]   [ComfyUI]   Node 27: GeomPackRemesh
[06:01]   [ComfyUI]     Inputs: {"backend": "quadwild", "backend.qw_sharp_angle": 35, "backend.qw_alpha": 0.02, "backend.qw_scale_factor": 1, "backend.qw_remesh": "true", "backend.qw_smooth": "true", "report_panel": "false", "trimes
[06:01]   Queuing workflow for execution...
[06:01]   [ComfyUI] Generated prompt_id: d12bb5a0-c7ec-459c-ad7e-cba23f56b7c5
[06:01]   [ComfyUI] Calling execution.validate_prompt()...
[06:01]   [ComfyUI] Validation result: valid=True
[06:01]   [ComfyUI] === Validation PASSED ===
[06:01]   [ComfyUI] got prompt
[06:01]   [ComfyUI] [comfy-env] Running GeomPackLoadMesh: file_path: '3d/Stanford_Bunny.stl'
[06:01]   [ComfyUI] [SubprocessWorker] call_method: nodes.io.load_mesh.LoadMesh.EXECUTE_NORMALIZED
[06:01]   [ComfyUI] [SubprocessWorker] acquired lock, ensuring started...
[06:01]   [ComfyUI] [ComfyUI-GeometryPack] Health check: ping (timeout=5.0s)...
[06:01]   [ComfyUI] [ComfyUI-GeometryPack] Health check: ok
[06:01]   [ComfyUI] [SubprocessWorker] worker started/confirmed
[06:01]   [ComfyUI] [SubprocessWorker] serializing kwargs to shm...
[06:01]   [ComfyUI] [SubprocessWorker] created 0 shm blocks
[06:01]   [ComfyUI] [SubprocessWorker] sending request via socket...
[06:01]   [ComfyUI] [SubprocessWorker] call_id=108 sending call_method
[06:01]   [ComfyUI] [worker:ComfyUI-GeometryPack] INFO: Found mesh in input folder: 3d/Stanford_Bunny.stl
[06:01]   [ComfyUI] [worker:ComfyUI-GeometryPack] INFO: Loading: /home/runner/work/comfy-gpu-ci/comfy-gpu-ci/test_workspaces/GeometryPack-0031/ComfyUI/input/3d/Stanford_Bunny.stl
[06:01]   [ComfyUI] [worker:ComfyUI-GeometryPack] INFO: Initial mesh: 56203 vertices, 112402 faces
[06:01]   [ComfyUI] [worker:ComfyUI-GeometryPack] INFO: Successfully loaded: 56203 vertices, 112402 faces
[06:01]   [ComfyUI] [worker:ComfyUI-GeometryPack] INFO: Loaded: 56203 vertices, 112402 faces
[06:01]   [ComfyUI] [SubprocessWorker] got response: ok
[06:01]   [ComfyUI] [comfy-env] GeomPackLoadMesh done (0.23s): result: NodeOutput
[06:01]   [ComfyUI] [comfy-env] Running GeomPackRemesh: backend: dict, trimesh: Trimesh
[06:01]   [ComfyUI] [SubprocessWorker] call_method: nodes.remeshing.remesh.RemeshNode.EXECUTE_NORMALIZED
[06:01]   [ComfyUI] [SubprocessWorker] acquired lock, ensuring started...
[06:01]   [ComfyUI] [ComfyUI-GeometryPack] Health check: ping (timeout=5.0s)...
[06:01]   [ComfyUI] [ComfyUI-GeometryPack] Health check: ok
[06:01]   [ComfyUI] [SubprocessWorker] worker started/confirmed
[06:01]   [ComfyUI] [SubprocessWorker] serializing kwargs to shm...
[06:01]   [ComfyUI] [SubprocessWorker] created 1 shm blocks
[06:01]   [ComfyUI] [SubprocessWorker] sending request via socket...
[06:01]   [ComfyUI] [SubprocessWorker] call_id=109 sending call_method
[06:01]   [ComfyUI] [worker:ComfyUI-GeometryPack] INFO: Remesh dispatch: quadwild -> GeomPackRemesh_QuadWild
[06:01]   [ComfyUI] [SubprocessWorker] got response: ok
[06:01]   [ComfyUI] [comfy-env] GeomPackRemesh done (0.03s): result: NodeOutput
[06:01]   [ComfyUI] [comfy-env] Running GeomPackRemesh_QuadWild: trimesh: Trimesh, qw_sharp_angle: 35.0, qw_alpha: 0.02, qw_scale_factor: 1.0, qw_remesh: 'true', qw_smooth: 'true'
[06:01]   [ComfyUI] [SubprocessWorker] call_method: nodes.remeshing.backends.quadwild.RemeshQuadWildNode.EXECUTE_NORMALIZED
[06:01]   [ComfyUI] [SubprocessWorker] acquired lock, ensuring started...
[06:01]   [ComfyUI] [ComfyUI-GeometryPack] Health check: ping (timeout=5.0s)...
[06:01]   [ComfyUI] [ComfyUI-GeometryPack] Health check: ok
[06:01]   [ComfyUI] [SubprocessWorker] worker started/confirmed
[06:01]   [ComfyUI] [SubprocessWorker] serializing kwargs to shm...
[06:01]   [ComfyUI] [SubprocessWorker] created 1 shm blocks
[06:01]   [ComfyUI] [SubprocessWorker] sending request via socket...
[06:01]   [ComfyUI] [SubprocessWorker] call_id=110 sending call_method
[06:01]   [ComfyUI] [worker:ComfyUI-GeometryPack] INFO: Backend: quadwild
[06:01]   [ComfyUI] [worker:ComfyUI-GeometryPack] INFO: Input: 56203 vertices, 112402 faces
[06:01]   [ComfyUI] [worker:ComfyUI-GeometryPack] INFO: Parameters: sharp_angle=35.0, alpha=0.02, scale=1.0, remesh=true, smooth=true
[06:03]   Frame 2 saved (frame_001.jpg, t=2.2s)
[06:03]   [capture-periodic] freeze=2ms shot=92ms unfreeze=3ms saved=True
[06:05]   Frame 3 saved (frame_002.jpg, t=4.4s)
[06:05]   [capture-periodic] freeze=2ms shot=84ms unfreeze=3ms saved=True
[06:07]   [capture-loop] iter=50 t=5.6s state={'complete': False, 'error': None, 'executedCount': 0, 'wsState': 1} eval_ms=2 ram=2.9/15.6GB (19%) swap=0.0/3.0GB (0%) cpu=30% browser_rss=1.07GB
[06:12]   [capture-loop] iter=100 t=11.0s state={'complete': False, 'error': None, 'executedCount': 0, 'wsState': 1} eval_ms=61 ram=2.8/15.6GB (18%) swap=0.0/3.0GB (0%) cpu=33% browser_rss=0.97GB
[06:17]   [capture-loop] iter=150 t=16.5s state={'complete': False, 'error': None, 'executedCount': 0, 'wsState': 1} eval_ms=2 ram=2.7/15.6GB (18%) swap=0.0/3.0GB (0%) cpu=32% browser_rss=0.90GB
[06:23]   [capture-loop] iter=200 t=21.9s state={'complete': False, 'error': None, 'executedCount': 0, 'wsState': 1} eval_ms=2 ram=2.7/15.6GB (17%) swap=0.0/3.0GB (0%) cpu=33% browser_rss=0.88GB
[06:24]   [ComfyUI] Initital dimension: 33361 x 33361, number of constraints: 0, number of integer variables: 20091, use reordering: yes
[06:24]   [ComfyUI] make_constraints_independent took 0.000213 s.
[06:24]   [ComfyUI] Constraint integration took 3.6999999999999998e-05 s.
[06:24]   [ComfyUI] Constraint elimination took 0.0027960000000000003 s.
[06:24]   [ComfyUI] Reindexing took 0.00041500000000000006 s.
[06:24]   [ComfyUI] eliminate_constraints took 0.0033570000000000002 s.
[06:24]   [ComfyUI] Eliminated dimension: 33361 x 33361
[06:24]   [ComfyUI] #nonzeros: 152419
[06:24]   [ComfyUI] integer variables #: 20091
[06:24]   [ComfyUI] continuous variables #: 13270
[06:24]   [ComfyUI] initial full solution
[06:24]   [ComfyUI] calc_system_eigen took 0.018527000000000002 s.
[06:24]   [ComfyUI] final full solution
[06:25]   [ComfyUI] update_system_eigen took 0.0064999999999999997 s.
[06:25]   [ComfyUI]  *** Statistics of MiSo Solver ***
[06:25]   [ComfyUI] Number of LOCAL iterations  = 3042
[06:25]   [ComfyUI] Number of CG    iterations  = 0
[06:25]   [ComfyUI] Number of FULL  iterations  = 2
[06:25]   [ComfyUI] Number of ROUNDING          = 20091
[06:25]   [ComfyUI] solve_multiple_rounding took 0.53415800000000002 s.
[06:25]   [ComfyUI] solve took 0.53425800000000001 s.
[06:25]   [ComfyUI] restore_eliminated_vars took 8.7999999999999998e-05 s.
[06:25]   [ComfyUI] solve took 0.53823500000000002 s.
[06:27]   [ComfyUI] performed 180 adjustments for even rhs
[06:27]   [ComfyUI] performed 170 adjustments for even rhs
[06:28]   [capture-loop] iter=250 t=27.4s state={'complete': False, 'error': None, 'executedCount': 0, 'wsState': 1} eval_ms=2 ram=2.7/15.6GB (17%) swap=0.0/3.0GB (0%) cpu=32% browser_rss=0.88GB
[06:29]   [ComfyUI] [worker:ComfyUI-GeometryPack]
[06:29]   [ComfyUI] === WATCHDOG TICK 1 ===
[06:29]   [ComfyUI] [worker:ComfyUI-GeometryPack] INFO: Output: 6118 vertices, 12228 faces
[06:29]   [ComfyUI] [worker:ComfyUI-GeometryPack] Thread 0x00007f36466c76c0 (most recent call first):
[06:29]   [ComfyUI]   File "/home/runner/.ce/.pixi/envs/geometrypack-nodes/lib/python3.10/socket.py", line 293 in accept
[06:29]   [ComfyUI]   File "/home/runner/.ce/.pixi/envs/geometrypack-nodes/lib/python3.10/multiprocessing/connection.py", line 609 in accept
[06:29]   [ComfyUI]   File "/home/runner/.ce/.pixi/envs/geometrypack-nodes/lib/python3.10/multiprocessing/connection.py", line 463 in accept
[06:29]   [ComfyUI]   File "/home/runner/.ce/.pixi/envs/geometrypack-nodes/lib/python3.10/multiprocessing/resource_sharer.py", line 138 in _serve
[06:29]   [ComfyUI]   File "/home/runner/.ce/.pixi/envs/geometrypack-nodes/lib/python3.10/threading.py", line 953 in run
[06:29]   [ComfyUI]   File "/home/runner/.ce/.pixi/envs/geometrypack-nodes/lib/python3.10/threading.py", line 1016 in _bootstrap_inner
[06:29]   [ComfyUI]   File "/home/runner/.ce/.pixi/envs/geometrypack-nodes/lib/python3.10/threading.py", line 973 in _bootstrap
[06:29]   [ComfyUI] 
[06:29]   [ComfyUI] Current thread 0x00007f36ae5056c0 (most recent call first):
[06:29]   [ComfyUI]   File "/tmp/comfyui_pvenv_m0m0ll48/persistent_worker.py", line 52 in _watchdog
[06:29]   [ComfyUI]   File "/home/runner/.ce/.pixi/envs/geometrypack-nodes/lib/python3.10/threading.py", line 953 in run
[06:29]   [ComfyUI]   File "/home/runner/.ce/.pixi/envs/geometrypack-nodes/lib/python3.10/threading.py", line 1016 in _bootstrap_inner
[06:29]   [ComfyUI]   File "/home/runner/.ce/.pixi/envs/geometrypack-nodes/lib/python3.10/threading.py", line 973 in _bootstrap
[06:29]   [ComfyUI] 
[06:29]   [ComfyUI] Thread 0x00007f36aefe0740 (most recent call first):
[06:29]   [ComfyUI]   File "/home/runner/.ce/.pixi/envs/geometrypack-nodes/lib/python3.10/site-packages/trimesh/base.py", line 374 in faces
[06:29]   [ComfyUI]   File "/home/runner/.ce/.pixi/envs/geometrypack-nodes/lib/python3.10/site-packages/trimesh/base.py", line 192 in __init__
[06:29]   [ComfyUI]   File "/home/runner/work/comfy-gpu-ci/comfy-gpu-ci/test_workspaces/GeometryPack-0031/ComfyUI/custom_nodes/ComfyUI-GeometryPack/nodes/remeshing/backends/quadwild.py", line 61 in execute
[06:29]   [ComfyUI]   File "/home/runner/work/comfy-gpu-ci/comfy-gpu-ci/test_workspaces/GeometryPack-0031/ComfyUI/comfy_api/latest/_io.py", line 1833 in EXECUTE_NORMALIZED
[06:29]   [ComfyUI]   File "/tmp/comfyui_pvenv_m0m0ll48/persistent_worker.py", line 1762 in main
[06:29]   [ComfyUI]   File "/tmp/comfyui_pvenv_m0m0ll48/persistent_worker.py", line 1807 in <module>
[06:29]   [ComfyUI] 
[06:29]   [ComfyUI] [worker:ComfyUI-GeometryPack] === END ===
[06:29]   [ComfyUI] 
[06:29]   [ComfyUI] [SubprocessWorker] got response: ok
[06:29]   [ComfyUI] [comfy-env] GeomPackRemesh_QuadWild done (27.99s): result: NodeOutput
[06:29]   [ComfyUI] [comfy-env] Running GeomPackPreviewMeshDual: layout: 'side_by_side', mode: 'fields', opacity_1: 1.0, opacity_2: 1.0, mesh_1: Trimesh, mesh_2: Trimesh
[06:29]   [ComfyUI] [SubprocessWorker] call_method: nodes.visualization.preview_mesh_dual.PreviewMeshDualNode.EXECUTE_NORMALIZED
[06:29]   [ComfyUI] [SubprocessWorker] acquired lock, ensuring started...
[06:29]   [ComfyUI] [ComfyUI-GeometryPack] Health check: ping (timeout=5.0s)...
[06:29]   [ComfyUI] [ComfyUI-GeometryPack] Health check: ok
[06:29]   [ComfyUI] [SubprocessWorker] worker started/confirmed
[06:29]   [ComfyUI] [SubprocessWorker] serializing kwargs to shm...
[06:29]   [ComfyUI] [SubprocessWorker] created 2 shm blocks
[06:29]   [ComfyUI] [SubprocessWorker] sending request via socket...
[06:29]   [ComfyUI] [SubprocessWorker] call_id=111 sending call_method
[06:29]   [ComfyUI] [worker:ComfyUI-GeometryPack] INFO: Layout: side_by_side, Mode: fields
[06:29]   [ComfyUI] [worker:ComfyUI-GeometryPack] INFO: Mesh 1: Mesh - 56203 vertices, 112402 faces
[06:29]   [ComfyUI] [worker:ComfyUI-GeometryPack] INFO: Mesh 2: Mesh - 6118 vertices, 12228 faces
[06:29]   [ComfyUI] [worker:ComfyUI-GeometryPack] INFO: Mesh 1 fields: ['face.stl']
[06:29]   [ComfyUI] [worker:ComfyUI-GeometryPack] INFO: Mesh 2 fields: []
[06:29]   [ComfyUI] [worker:ComfyUI-GeometryPack] INFO: Common fields: []
[06:29]   [ComfyUI] [worker:ComfyUI-GeometryPack] INFO: Mesh 1 visual: kind=None, texture=False, vertex_colors=False
[06:29]   [ComfyUI] [worker:ComfyUI-GeometryPack] INFO: Mesh 2 visual: kind=None, texture=False, vertex_colors=False
[06:29]   [ComfyUI] [worker:ComfyUI-GeometryPack] INFO: Exporting mesh to VTP: /home/runner/work/comfy-gpu-ci/comfy-gpu-ci/test_workspaces/GeometryPack-0031/ComfyUI/output/preview_dual_1_7918add8.vtp
[06:29]   Node executed (1 total), capturing...
[06:30]   [ComfyUI] [worker:ComfyUI-GeometryPack] INFO: Adding normals field (56203 vertices)
[06:30]   Frame 4 saved (frame_003.jpg, t=28.6s)
[06:30]   [capture-node] freeze=2ms shot=88ms unfreeze=3ms saved=True
[06:30]   [ComfyUI] [worker:ComfyUI-GeometryPack] INFO: Adding face field: stl
[06:30]   [ComfyUI] [worker:ComfyUI-GeometryPack] INFO: Export complete: 56203 vertices, 112402 faces
[06:30]   [ComfyUI] [worker:ComfyUI-GeometryPack] INFO: Exported VTP with fields: /home/runner/work/comfy-gpu-ci/comfy-gpu-ci/test_workspaces/GeometryPack-0031/ComfyUI/output/preview_dual_1_7918add8.vtp
[06:30]   [ComfyUI] [worker:ComfyUI-GeometryPack] INFO: Exported STL: /home/runner/work/comfy-gpu-ci/comfy-gpu-ci/test_workspaces/GeometryPack-0031/ComfyUI/output/preview_dual_2_7918add8.stl
[06:30]   [ComfyUI] [worker:ComfyUI-GeometryPack] INFO: Preview ready
[06:30]   [ComfyUI] [SubprocessWorker] got response: ok
[06:30]   [ComfyUI] [comfy-env] GeomPackPreviewMeshDual done (0.52s): result: NodeOutput
[06:30]   [ComfyUI] Prompt executed in 28.77 seconds
[06:30]   Node executed (2 total), capturing...
[06:32]   Frame 5 saved (frame_004.jpg, t=29.4s)
[06:32]   [capture-node] freeze=323ms shot=785ms unfreeze=0ms saved=True
[06:32]   Execution complete (t=29.4s)
[06:32]   Captured 5 unique frames over 30.55s
[06:32]   [debug] iframes: 1
[06:32]   [debug]   iframe[0]: src=http://127.0.0.1:41895/extensions/ComfyUI-GeometryPack/viewer_dual.html?v=177845, canvas=370x485, rafFrozen=True
[06:32]   [timing] trigger_3d_previews: 0.0s
[06:34]   Saved high-quality screenshot: remeshing_executed.png
[06:34]   [timing] final_screenshot: 0.3s
[06:34]   [20/33] SKIPPED (not in cpu list) remeshing_all.json
[06:34] Capturing execution frames: sMOOth.json
[06:40]   Frame 1 saved (frame_000.jpg, t=0.0s)
[06:40]   Validating workflow...
[06:40]   [ComfyUI] === /validate endpoint called ===
[06:40]   [ComfyUI] Received JSON with keys: ['prompt']
[06:40]   [ComfyUI] Prompt has 3 nodes
[06:40]   [ComfyUI]   Node 1: GeomPackPreviewMeshDual
[06:40]   [ComfyUI]     Inputs: {"layout": "side_by_side", "mode": "fields", "opacity_1": 1, "opacity_2": 1, "preview_dual": "{\"show_edges\":true,\"camera_state\":\"{\\\"position\\\":[-1.264590737186599,0.4315551722479547,-0.956898
[06:40]   Queuing workflow for execution...
[06:40]   [ComfyUI]   Node 3: GeomPackLoadMesh
[06:40]   [ComfyUI]     Inputs: {"file_path": "3d/cow.off"}
[06:40]   [ComfyUI]   Node 5: GeomPackSmoothMesh
[06:40]   [ComfyUI]     Inputs: {"backend": "taubin", "backend.iterations": 5, "backend.lambda_": 1, "backend.mu": -0.8, "trimesh": ["3", 0]}
[06:40]   [ComfyUI] Generated prompt_id: 2f0f8ce6-166f-43a1-8852-ed7e7c08e471
[06:40]   [ComfyUI] Calling execution.validate_prompt()...
[06:40]   [ComfyUI] Validation result: valid=True
[06:40]   [ComfyUI] === Validation PASSED ===
[06:40]   [ComfyUI] got prompt
[06:40]   [ComfyUI] [comfy-env] Running GeomPackLoadMesh: file_path: '3d/cow.off'
[06:40]   [ComfyUI] [SubprocessWorker] call_method: nodes.io.load_mesh.LoadMesh.EXECUTE_NORMALIZED
[06:40]   [ComfyUI] [SubprocessWorker] acquired lock, ensuring started...
[06:40]   [ComfyUI] [ComfyUI-GeometryPack] Health check: ping (timeout=5.0s)...
[06:40]   [ComfyUI] [ComfyUI-GeometryPack] Health check: ok
[06:40]   [ComfyUI] [SubprocessWorker] worker started/confirmed
[06:40]   [ComfyUI] [SubprocessWorker] serializing kwargs to shm...
[06:40]   [ComfyUI] [SubprocessWorker] created 0 shm blocks
[06:40]   [ComfyUI] [SubprocessWorker] sending request via socket...
[06:40]   [ComfyUI] [SubprocessWorker] call_id=112 sending call_method
[06:40]   [ComfyUI] [worker:ComfyUI-GeometryPack] INFO: Found mesh in input folder: 3d/cow.off
[06:40]   [ComfyUI] [worker:ComfyUI-GeometryPack] INFO: Loading: /home/runner/work/comfy-gpu-ci/comfy-gpu-ci/test_workspaces/GeometryPack-0031/ComfyUI/input/3d/cow.off
[06:40]   [ComfyUI] [worker:ComfyUI-GeometryPack] INFO: Initial mesh: 2761 vertices, 5520 faces
[06:40]   [ComfyUI] [worker:ComfyUI-GeometryPack] INFO: Successfully loaded: 2761 vertices, 5520 faces
[06:40]   [ComfyUI] [worker:ComfyUI-GeometryPack] INFO: Loaded: 2761 vertices, 5520 faces
[06:40]   [ComfyUI] [SubprocessWorker] got response: ok
[06:40]   [ComfyUI] [comfy-env] GeomPackLoadMesh done (0.03s): result: NodeOutput
[06:40]   [ComfyUI] [comfy-env] Running GeomPackSmoothMesh: backend: dict, trimesh: Trimesh
[06:40]   [ComfyUI] [SubprocessWorker] call_method: nodes.smoothing.smooth.SmoothMeshNode.EXECUTE_NORMALIZED
[06:40]   [ComfyUI] [SubprocessWorker] acquired lock, ensuring started...
[06:40]   [ComfyUI] [ComfyUI-GeometryPack] Health check: ping (timeout=5.0s)...
[06:40]   [ComfyUI] [ComfyUI-GeometryPack] Health check: ok
[06:40]   [ComfyUI] [SubprocessWorker] worker started/confirmed
[06:40]   [ComfyUI] [SubprocessWorker] serializing kwargs to shm...
[06:40]   [ComfyUI] [SubprocessWorker] created 1 shm blocks
[06:40]   [ComfyUI] [SubprocessWorker] sending request via socket...
[06:40]   [ComfyUI] [SubprocessWorker] call_id=113 sending call_method
[06:40]   [ComfyUI] [worker:ComfyUI-GeometryPack] INFO: Smooth dispatch: taubin -> GeomPackSmooth_Taubin
[06:40]   [ComfyUI] [SubprocessWorker] got response: ok
[06:40]   [ComfyUI] [comfy-env] GeomPackSmoothMesh done (0.01s): result: NodeOutput
[06:40]   [ComfyUI] [comfy-env] Running GeomPackSmooth_Taubin: trimesh: Trimesh, iterations: 5, lambda_: 1.0, mu: -0.8
[06:40]   [ComfyUI] [SubprocessWorker] call_method: nodes.smoothing.smooth_backends.taubin.SmoothTaubinNode.EXECUTE_NORMALIZED
[06:40]   [ComfyUI] [SubprocessWorker] acquired lock, ensuring started...
[06:40]   [ComfyUI] [ComfyUI-GeometryPack] Health check: ping (timeout=5.0s)...
[06:40]   [ComfyUI] [ComfyUI-GeometryPack] Health check: ok
[06:40]   [ComfyUI] [SubprocessWorker] worker started/confirmed
[06:40]   [ComfyUI] [SubprocessWorker] serializing kwargs to shm...
[06:40]   [ComfyUI] [SubprocessWorker] created 1 shm blocks
[06:40]   [ComfyUI] [SubprocessWorker] sending request via socket...
[06:40]   [ComfyUI] [SubprocessWorker] call_id=114 sending call_method
[06:40]   [ComfyUI] [worker:ComfyUI-GeometryPack] INFO: Backend: taubin
[06:40]   [ComfyUI] [worker:ComfyUI-GeometryPack] INFO: Input: 2761 vertices, 5520 faces
[06:40]   [ComfyUI] [worker:ComfyUI-GeometryPack] INFO: Parameters: iterations=5, lambda=1.000, mu=-0.800
[06:40]   [ComfyUI] [worker:ComfyUI-GeometryPack] INFO: Output: 2761 vertices, 5520 faces
[06:40]   [ComfyUI] [worker:ComfyUI-GeometryPack] INFO: Avg vertex displacement: 0.007834, max: 0.047218
[06:40]   [ComfyUI] [SubprocessWorker] got response: ok
[06:40]   [ComfyUI] [comfy-env] GeomPackSmooth_Taubin done (0.02s): result: NodeOutput
[06:40]   [ComfyUI] [comfy-env] Running GeomPackPreviewMeshDual: layout: 'side_by_side', mode: 'fields', opacity_1: 1.0, opacity_2: 1.0, mesh_1: Trimesh, mesh_2: Trimesh
[06:40]   [ComfyUI] [SubprocessWorker] call_method: nodes.visualization.preview_mesh_dual.PreviewMeshDualNode.EXECUTE_NORMALIZED
[06:40]   [ComfyUI] [SubprocessWorker] acquired lock, ensuring started...
[06:40]   [ComfyUI] [ComfyUI-GeometryPack] Health check: ping (timeout=5.0s)...
[06:40]   [ComfyUI] [ComfyUI-GeometryPack] Health check: ok
[06:40]   [ComfyUI] [SubprocessWorker] worker started/confirmed
[06:40]   [ComfyUI] [SubprocessWorker] serializing kwargs to shm...
[06:40]   [ComfyUI] [SubprocessWorker] created 2 shm blocks
[06:40]   [ComfyUI] [SubprocessWorker] sending request via socket...
[06:40]   [ComfyUI] [SubprocessWorker] call_id=115 sending call_method
[06:40]   [ComfyUI] [worker:ComfyUI-GeometryPack] INFO: Layout: side_by_side, Mode: fields
[06:40]   [ComfyUI] [worker:ComfyUI-GeometryPack] INFO: Mesh 1: Mesh - 2761 vertices, 5520 faces
[06:40]   [ComfyUI] [worker:ComfyUI-GeometryPack] INFO: Mesh 2: Mesh - 2761 vertices, 5520 faces
[06:40]   [ComfyUI] [worker:ComfyUI-GeometryPack] INFO: Mesh 1 fields: []
[06:40]   [ComfyUI] [worker:ComfyUI-GeometryPack] INFO: Mesh 2 fields: []
[06:40]   [ComfyUI] [worker:ComfyUI-GeometryPack] INFO: Common fields: []
[06:40]   [ComfyUI] [worker:ComfyUI-GeometryPack] INFO: Mesh 1 visual: kind=None, texture=False, vertex_colors=False
[06:40]   [ComfyUI] [worker:ComfyUI-GeometryPack] INFO: Mesh 2 visual: kind=None, texture=False, vertex_colors=False
[06:40]   [ComfyUI] [worker:ComfyUI-GeometryPack] INFO: Exported STL: /home/runner/work/comfy-gpu-ci/comfy-gpu-ci/test_workspaces/GeometryPack-0031/ComfyUI/output/preview_dual_1_ee47670e.stl
[06:40]   [ComfyUI] [worker:ComfyUI-GeometryPack] INFO: Exported STL: /home/runner/work/comfy-gpu-ci/comfy-gpu-ci/test_workspaces/GeometryPack-0031/ComfyUI/output/preview_dual_2_ee47670e.stl
[06:40]   [ComfyUI] [worker:ComfyUI-GeometryPack] INFO: Preview ready
[06:40]   [ComfyUI] [SubprocessWorker] got response: ok
[06:40]   [ComfyUI] [comfy-env] GeomPackPreviewMeshDual done (0.02s): result: NodeOutput
[06:40]   [ComfyUI] Prompt executed in 0.08 seconds
[06:40]   Node executed (2 total), capturing...
[06:41]   Frame 2 saved (frame_001.jpg, t=0.5s)
[06:41]   [capture-node] freeze=68ms shot=266ms unfreeze=0ms saved=True
[06:41]   Execution complete (t=0.5s)
[06:41]   Captured 2 unique frames over 0.84s
[06:41]   [debug] iframes: 1
[06:41]   [debug]   iframe[0]: src=http://127.0.0.1:41895/extensions/ComfyUI-GeometryPack/viewer_dual.html?v=177845, canvas=370x485, rafFrozen=True
[06:41]   [timing] trigger_3d_previews: 0.0s
[06:43]   Saved high-quality screenshot: sMOOth_executed.png
[06:43]   [timing] final_screenshot: 0.3s
[06:43] Capturing execution frames: sharpen.json
[06:49]   Frame 1 saved (frame_000.jpg, t=0.0s)
[06:49]   Validating workflow...
[06:49]   [ComfyUI] === /validate endpoint called ===
[06:49]   [ComfyUI] Received JSON with keys: ['prompt']
[06:49]   [ComfyUI] Prompt has 4 nodes
[06:49]   [ComfyUI]   Node 4: GeomPackLoadMesh
[06:49]   [ComfyUI]     Inputs: {"file_path": "3d/noisy/Fandisk0.3/Noisy.obj"}
[06:49]   [ComfyUI]   Node 6: GeomPackLoadMesh
[06:49]   [ComfyUI]     Inputs: {"file_path": "3d/noisy/Fandisk0.3/Original.obj"}
[06:49]   [ComfyUI]   Node 7: GeomPackSharpenMesh
[06:49]   [ComfyUI]     Inputs: {"backend": "two_step", "backend.smooth_steps": 2, "backend.normal_threshold": 60, "trimesh": ["4", 0]}
[06:49]   Queuing workflow for execution...
[06:49]   [ComfyUI]   Node 8: GeomPackPreviewMeshMulti
[06:49]   [ComfyUI]     Inputs: {"mode": "fields", "preview_multi": "{\"show_edges\":true,\"camera_state\":\"{\\\"position\\\":[11.988365833801835,17.82450062324679,9.744545997398912],\\\"focalPoint\\\":[2.4225937947630882,15.191427
[06:49]   [ComfyUI] Generated prompt_id: f730d0fb-a68a-46ff-830b-305b93ee2dd6
[06:49]   [ComfyUI] Calling execution.validate_prompt()...
[06:49]   [ComfyUI] Validation result: valid=True
[06:49]   [ComfyUI] === Validation PASSED ===
[06:49]   [ComfyUI] got prompt
[06:49]   [ComfyUI] [comfy-env] Running GeomPackLoadMesh: file_path: '3d/noisy/Fandisk0.3/Noisy.obj'
[06:49]   [ComfyUI] [SubprocessWorker] call_method: nodes.io.load_mesh.LoadMesh.EXECUTE_NORMALIZED
[06:49]   [ComfyUI] [SubprocessWorker] acquired lock, ensuring started...
[06:49]   [ComfyUI] [ComfyUI-GeometryPack] Health check: ping (timeout=5.0s)...
[06:49]   [ComfyUI] [ComfyUI-GeometryPack] Health check: ok
[06:49]   [ComfyUI] [SubprocessWorker] worker started/confirmed
[06:49]   [ComfyUI] [SubprocessWorker] serializing kwargs to shm...
[06:49]   [ComfyUI] [SubprocessWorker] created 0 shm blocks
[06:49]   [ComfyUI] [SubprocessWorker] sending request via socket...
[06:49]   [ComfyUI] [SubprocessWorker] call_id=116 sending call_method
[06:49]   [ComfyUI] [worker:ComfyUI-GeometryPack] INFO: Found mesh in input folder: 3d/noisy/Fandisk0.3/Noisy.obj
[06:49]   [ComfyUI] [worker:ComfyUI-GeometryPack] INFO: Loading: /home/runner/work/comfy-gpu-ci/comfy-gpu-ci/test_workspaces/GeometryPack-0031/ComfyUI/input/3d/noisy/Fandisk0.3/Noisy.obj
[06:49]   [ComfyUI] [worker:ComfyUI-GeometryPack] INFO: Initial mesh: 6475 vertices, 12946 faces
[06:49]   [ComfyUI] [worker:ComfyUI-GeometryPack] INFO: Successfully loaded: 6475 vertices, 12946 faces
[06:49]   [ComfyUI] [worker:ComfyUI-GeometryPack] INFO: Loaded: 6475 vertices, 12946 faces
[06:49]   [ComfyUI] [SubprocessWorker] got response: ok
[06:49]   [ComfyUI] [comfy-env] GeomPackLoadMesh done (0.04s): result: NodeOutput
[06:49]   [ComfyUI] [comfy-env] Running GeomPackSharpenMesh: backend: dict, trimesh: Trimesh
[06:49]   [ComfyUI] [SubprocessWorker] call_method: nodes.smoothing.sharpen.SharpenMeshNode.EXECUTE_NORMALIZED
[06:49]   [ComfyUI] [SubprocessWorker] acquired lock, ensuring started...
[06:49]   [ComfyUI] [ComfyUI-GeometryPack] Health check: ping (timeout=5.0s)...
[06:49]   [ComfyUI] [ComfyUI-GeometryPack] Health check: ok
[06:49]   [ComfyUI] [SubprocessWorker] worker started/confirmed
[06:49]   [ComfyUI] [SubprocessWorker] serializing kwargs to shm...
[06:49]   [ComfyUI] [SubprocessWorker] created 1 shm blocks
[06:49]   [ComfyUI] [SubprocessWorker] sending request via socket...
[06:49]   [ComfyUI] [SubprocessWorker] call_id=117 sending call_method
[06:49]   [ComfyUI] [worker:ComfyUI-GeometryPack] INFO: Sharpen dispatch: two_step -> GeomPackSharpen_TwoStep
[06:49]   [ComfyUI] [SubprocessWorker] got response: ok
[06:49]   [ComfyUI] [comfy-env] GeomPackSharpenMesh done (0.01s): result: NodeOutput
[06:49]   [ComfyUI] [comfy-env] Running GeomPackSharpen_TwoStep: trimesh: Trimesh, smooth_steps: 2, normal_threshold: 60.0
[06:49]   [ComfyUI] [SubprocessWorker] call_method: nodes.smoothing.sharpen_backends.two_step.SharpenTwoStepNode.EXECUTE_NORMALIZED
[06:49]   [ComfyUI] [SubprocessWorker] acquired lock, ensuring started...
[06:49]   [ComfyUI] [ComfyUI-GeometryPack] Health check: ping (timeout=5.0s)...
[06:49]   [ComfyUI] [ComfyUI-GeometryPack] Health check: ok
[06:49]   [ComfyUI] [SubprocessWorker] worker started/confirmed
[06:49]   [ComfyUI] [SubprocessWorker] serializing kwargs to shm...
[06:49]   [ComfyUI] [SubprocessWorker] created 1 shm blocks
[06:49]   [ComfyUI] [SubprocessWorker] sending request via socket...
[06:49]   [ComfyUI] [SubprocessWorker] call_id=118 sending call_method
[06:49]   [ComfyUI] [worker:ComfyUI-GeometryPack] INFO: Backend: two_step
[06:49]   [ComfyUI] [worker:ComfyUI-GeometryPack] INFO: Input: 6475 vertices, 12946 faces
[06:49]   [ComfyUI] [worker:ComfyUI-GeometryPack] INFO: Parameters: smooth_steps=2, normal_threshold=60.0
[06:49]   [ComfyUI] [worker:ComfyUI-GeometryPack] INFO: Output: 6475 vertices, 12946 faces
[06:49]   [ComfyUI] [worker:ComfyUI-GeometryPack] INFO: Avg vertex displacement: 0.050268, max: 0.269867
[06:49]   [ComfyUI] [SubprocessWorker] got response: ok
[06:49]   [ComfyUI] [comfy-env] GeomPackSharpen_TwoStep done (0.09s): result: NodeOutput
[06:49]   [ComfyUI] [comfy-env] Running GeomPackLoadMesh: file_path: '3d/noisy/Fandisk0.3/Original.obj'
[06:49]   [ComfyUI] [SubprocessWorker] call_method: nodes.io.load_mesh.LoadMesh.EXECUTE_NORMALIZED
[06:49]   [ComfyUI] [SubprocessWorker] acquired lock, ensuring started...
[06:49]   [ComfyUI] [ComfyUI-GeometryPack] Health check: ping (timeout=5.0s)...
[06:49]   [ComfyUI] [ComfyUI-GeometryPack] Health check: ok
[06:49]   [ComfyUI] [SubprocessWorker] worker started/confirmed
[06:49]   [ComfyUI] [SubprocessWorker] serializing kwargs to shm...
[06:49]   [ComfyUI] [SubprocessWorker] created 0 shm blocks
[06:49]   [ComfyUI] [SubprocessWorker] sending request via socket...
[06:49]   [ComfyUI] [SubprocessWorker] call_id=119 sending call_method
[06:49]   [ComfyUI] [worker:ComfyUI-GeometryPack] INFO: Found mesh in input folder: 3d/noisy/Fandisk0.3/Original.obj
[06:49]   [ComfyUI] [worker:ComfyUI-GeometryPack] INFO: Loading: /home/runner/work/comfy-gpu-ci/comfy-gpu-ci/test_workspaces/GeometryPack-0031/ComfyUI/input/3d/noisy/Fandisk0.3/Original.obj
[06:49]   Node executed (1 total), capturing...
[06:49]   [ComfyUI] [worker:ComfyUI-GeometryPack] INFO: Initial mesh: 6475 vertices, 12946 faces
[06:50]   [ComfyUI] [worker:ComfyUI-GeometryPack] INFO: Successfully loaded: 6475 vertices, 12946 faces
[06:50]   [ComfyUI] [worker:ComfyUI-GeometryPack] INFO: Loaded: 6475 vertices, 12946 faces
[06:50]   [ComfyUI] [SubprocessWorker] got response: ok
[06:50]   [ComfyUI] [comfy-env] GeomPackLoadMesh done (0.05s): result: NodeOutput
[06:50]   [ComfyUI] [comfy-env] Running GeomPackPreviewMeshMulti: mode: 'fields', mesh_1: Trimesh, mesh_2: Trimesh, mesh_3: Trimesh
[06:50]   [ComfyUI] [SubprocessWorker] call_method: nodes.visualization.preview_mesh_multi.PreviewMeshMultiNode.EXECUTE_NORMALIZED
[06:50]   [ComfyUI] [SubprocessWorker] acquired lock, ensuring started...
[06:50]   [ComfyUI] [ComfyUI-GeometryPack] Health check: ping (timeout=5.0s)...
[06:50]   [ComfyUI] [ComfyUI-GeometryPack] Health check: ok
[06:50]   [ComfyUI] [SubprocessWorker] worker started/confirmed
[06:50]   [ComfyUI] [SubprocessWorker] serializing kwargs to shm...
[06:50]   [ComfyUI] [SubprocessWorker] created 3 shm blocks
[06:50]   [ComfyUI] [SubprocessWorker] sending request via socket...
[06:50]   [ComfyUI] [SubprocessWorker] call_id=120 sending call_method
[06:50]   [ComfyUI] [worker:ComfyUI-GeometryPack] INFO: Mode: fields, Meshes: 3
[06:50]   [ComfyUI] [worker:ComfyUI-GeometryPack] INFO: Mesh 1: Mesh - 6475 vertices, 12946 faces
[06:50]   [ComfyUI] [worker:ComfyUI-GeometryPack] INFO: Exporting mesh to VTP: /home/runner/work/comfy-gpu-ci/comfy-gpu-ci/test_workspaces/GeometryPack-0031/ComfyUI/output/preview_multi_1_54d6ebdf.vtp
[06:50]   [ComfyUI] [worker:ComfyUI-GeometryPack] INFO: Adding normals field (6475 vertices)
[06:50]   [ComfyUI] [worker:ComfyUI-GeometryPack] INFO: Export complete: 6475 vertices, 12946 faces
[06:50]   [ComfyUI] [worker:ComfyUI-GeometryPack] INFO: Exported VTP: /home/runner/work/comfy-gpu-ci/comfy-gpu-ci/test_workspaces/GeometryPack-0031/ComfyUI/output/preview_multi_1_54d6ebdf.vtp
[06:50]   [ComfyUI] [worker:ComfyUI-GeometryPack] INFO: Mesh 2: Mesh - 6475 vertices, 12946 faces
[06:50]   [ComfyUI] [worker:ComfyUI-GeometryPack] INFO: Exporting mesh to VTP: /home/runner/work/comfy-gpu-ci/comfy-gpu-ci/test_workspaces/GeometryPack-0031/ComfyUI/output/preview_multi_2_54d6ebdf.vtp
[06:50]   [ComfyUI] [worker:ComfyUI-GeometryPack] INFO: Adding normals field (6475 vertices)
[06:50]   [ComfyUI] [worker:ComfyUI-GeometryPack] INFO: Export complete: 6475 vertices, 12946 faces
[06:50]   [ComfyUI] [worker:ComfyUI-GeometryPack] INFO: Exported VTP: /home/runner/work/comfy-gpu-ci/comfy-gpu-ci/test_workspaces/GeometryPack-0031/ComfyUI/output/preview_multi_2_54d6ebdf.vtp
[06:50]   [ComfyUI] [worker:ComfyUI-GeometryPack] INFO: Mesh 3: Mesh - 6475 vertices, 12946 faces
[06:50]   [ComfyUI] [worker:ComfyUI-GeometryPack] INFO: Exporting mesh to VTP: /home/runner/work/comfy-gpu-ci/comfy-gpu-ci/test_workspaces/GeometryPack-0031/ComfyUI/output/preview_multi_3_54d6ebdf.vtp
[06:50]   [ComfyUI] [worker:ComfyUI-GeometryPack] INFO: Adding normals field (6475 vertices)
[06:50]   [ComfyUI] [worker:ComfyUI-GeometryPack] INFO: Export complete: 6475 vertices, 12946 faces
[06:50]   [ComfyUI] [worker:ComfyUI-GeometryPack] INFO: Exported VTP: /home/runner/work/comfy-gpu-ci/comfy-gpu-ci/test_workspaces/GeometryPack-0031/ComfyUI/output/preview_multi_3_54d6ebdf.vtp
[06:50]   [ComfyUI] [worker:ComfyUI-GeometryPack] INFO: Grid: 3x1, Preview ready
[06:50]   [ComfyUI] [SubprocessWorker] got response: ok
[06:50]   [ComfyUI] [comfy-env] GeomPackPreviewMeshMulti done (0.16s): result: NodeOutput
[06:50]   [ComfyUI] Prompt executed in 0.36 seconds
[06:50]   Frame 2 saved (frame_001.jpg, t=0.5s)
[06:50]   [capture-node] freeze=2ms shot=103ms unfreeze=18ms saved=True
[06:50]   Node executed (2 total), capturing...
[06:51]   Frame 3 saved (frame_002.jpg, t=1.3s)
[06:51]   [capture-node] freeze=16ms shot=108ms unfreeze=0ms saved=True
[06:51]   Execution complete (t=1.3s)
[06:51]   Captured 3 unique frames over 1.42s
[06:51]   [debug] iframes: 1
[06:51]   [debug]   iframe[0]: src=http://127.0.0.1:41895/extensions/ComfyUI-GeometryPack/viewer_multi.html?v=17784, canvas=244x393, rafFrozen=True
[06:51]   [timing] trigger_3d_previews: 0.0s
[06:53]   Saved high-quality screenshot: sharpen_executed.png
[06:53]   [timing] final_screenshot: 0.2s
[06:53] Capturing execution frames: sharpen_all.json
[06:59]   Frame 1 saved (frame_000.jpg, t=0.0s)
[06:59]   Validating workflow...
[06:59]   [ComfyUI] === /validate endpoint called ===
[06:59]   [ComfyUI] Received JSON with keys: ['prompt']
[06:59]   [ComfyUI] Prompt has 10 nodes
[06:59]   [ComfyUI]   Node 1: GeomPackLoadMesh
[06:59]   [ComfyUI]     Inputs: {"file_path": "3d/noisy/Fandisk0.3/Noisy.obj"}
[06:59]   [ComfyUI]   Node 2: GeomPackSharpenMesh
[06:59]   [ComfyUI]     Inputs: {"backend": "two_step", "backend.smooth_steps": 3, "backend.normal_threshold": 60, "trimesh": ["1", 0]}
[06:59]   [ComfyUI]   Node 4: GeomPackSharpenMesh
[06:59]   [ComfyUI]     Inputs: {"backend": "libigl_unsharp", "backend.weight": 0.5, "backend.iterations": 3, "trimesh": ["1", 0]}
[06:59]   [ComfyUI]   Node 5: GeomPackSharpenMesh
[06:59]   [ComfyUI]     Inputs: {"backend": "l0_minimize", "backend.alpha": 0.001, "backend.beta": 2, "backend.iterations": 10, "trimesh": ["1", 0]}
[06:59]   [ComfyUI]   Node 6: GeomPackSharpenMesh
[06:59]   Queuing workflow for execution...
[06:59]   [ComfyUI]     Inputs: {"backend": "guided_normal", "backend.normal_iterations": 5, "backend.vertex_iterations": 10, "backend.sigma_s": 1, "backend.sigma_r": 0.35, "trimesh": ["1", 0]}
[06:59]   [ComfyUI]   Node 8: GeomPackSharpenMesh
[06:59]   [ComfyUI]     Inputs: {"backend": "fast_effective", "backend.threshold_T": 0.2, "backend.normal_iterations": 10, "backend.vertex_iterations": 20, "trimesh": ["1", 0]}
[06:59]   [ComfyUI]   Node 9: GeomPackSharpenMesh
[06:59]   [ComfyUI]     Inputs: {"backend": "non_iterative", "backend.sigma_f": 1, "backend.sigma_g": 1, "trimesh": ["1", 0]}
[06:59]   [ComfyUI]   Node 10: GeomPackPreviewMeshMulti
[06:59]   [ComfyUI]     Inputs: {"mode": "fields", "preview_multi": "{\"show_edges\":true,\"camera_state\":\"{\\\"position\\\":[-5.961122528109332,15.888697444123462,3.5443586005740766],\\\"focalPoint\\\":[2.429478704929352,15.20779
[06:59]   [ComfyUI]   Node 11: GeomPackPreviewMeshMulti
[06:59]   [ComfyUI]     Inputs: {"mode": "fields", "preview_multi": "{\"show_edges\":true,\"camera_state\":\"{\\\"position\\\":[-5.961122528109332,15.888697444123462,3.5443586005740766],\\\"focalPoint\\\":[2.429478704929352,15.20779
[06:59]   [ComfyUI]   Node 15: GeomPackSharpenMesh
[06:59]   [ComfyUI]     Inputs: {"backend": "unsharp_mask", "backend.weight": 0.3, "backend.iterations": 5, "trimesh": ["1", 0]}
[06:59]   [ComfyUI] Generated prompt_id: 3ecd529a-7c1e-48f8-ba55-2834fb1aa760
[06:59]   [ComfyUI] Calling execution.validate_prompt()...
[06:59]   [ComfyUI] Validation result: valid=True
[06:59]   [ComfyUI] === Validation PASSED ===
[06:59]   [ComfyUI] got prompt
[06:59]   [ComfyUI] [comfy-env] Running GeomPackLoadMesh: file_path: '3d/noisy/Fandisk0.3/Noisy.obj'
[06:59]   [ComfyUI] [SubprocessWorker] call_method: nodes.io.load_mesh.LoadMesh.EXECUTE_NORMALIZED
[06:59]   [ComfyUI] [SubprocessWorker] acquired lock, ensuring started...
[06:59]   [ComfyUI] [ComfyUI-GeometryPack] Health check: ping (timeout=5.0s)...
[06:59]   [ComfyUI] [ComfyUI-GeometryPack] Health check: ok
[06:59]   [ComfyUI] [SubprocessWorker] worker started/confirmed
[06:59]   [ComfyUI] [SubprocessWorker] serializing kwargs to shm...
[06:59]   [ComfyUI] [SubprocessWorker] created 0 shm blocks
[06:59]   [ComfyUI] [SubprocessWorker] sending request via socket...
[06:59]   [ComfyUI] [SubprocessWorker] call_id=121 sending call_method
[06:59]   [ComfyUI] [worker:ComfyUI-GeometryPack] INFO: Found mesh in input folder: 3d/noisy/Fandisk0.3/Noisy.obj
[06:59]   [ComfyUI] [worker:ComfyUI-GeometryPack] INFO: Loading: /home/runner/work/comfy-gpu-ci/comfy-gpu-ci/test_workspaces/GeometryPack-0031/ComfyUI/input/3d/noisy/Fandisk0.3/Noisy.obj
[06:59]   [ComfyUI] [worker:ComfyUI-GeometryPack] INFO: Initial mesh: 6475 vertices, 12946 faces
[06:59]   [ComfyUI] [worker:ComfyUI-GeometryPack] INFO: Successfully loaded: 6475 vertices, 12946 faces
[06:59]   [ComfyUI] [worker:ComfyUI-GeometryPack] INFO: Loaded: 6475 vertices, 12946 faces
[06:59]   [ComfyUI] [SubprocessWorker] got response: ok
[06:59]   [ComfyUI] [comfy-env] GeomPackLoadMesh done (0.04s): result: NodeOutput
[06:59]   [ComfyUI] [comfy-env] Running GeomPackSharpenMesh: backend: dict, trimesh: Trimesh
[06:59]   [ComfyUI] [SubprocessWorker] call_method: nodes.smoothing.sharpen.SharpenMeshNode.EXECUTE_NORMALIZED
[06:59]   [ComfyUI] [SubprocessWorker] acquired lock, ensuring started...
[06:59]   [ComfyUI] [ComfyUI-GeometryPack] Health check: ping (timeout=5.0s)...
[06:59]   [ComfyUI] [ComfyUI-GeometryPack] Health check: ok
[06:59]   [ComfyUI] [SubprocessWorker] worker started/confirmed
[06:59]   [ComfyUI] [SubprocessWorker] serializing kwargs to shm...
[06:59]   [ComfyUI] [SubprocessWorker] created 1 shm blocks
[06:59]   [ComfyUI] [SubprocessWorker] sending request via socket...
[06:59]   [ComfyUI] [SubprocessWorker] call_id=122 sending call_method
[06:59]   [ComfyUI] [worker:ComfyUI-GeometryPack] INFO: Sharpen dispatch: two_step -> GeomPackSharpen_TwoStep
[06:59]   [ComfyUI] [SubprocessWorker] got response: ok
[06:59]   [ComfyUI] [comfy-env] GeomPackSharpenMesh done (0.01s): result: NodeOutput
[06:59]   [ComfyUI] [comfy-env] Running GeomPackSharpenMesh: backend: dict, trimesh: Trimesh
[06:59]   [ComfyUI] [SubprocessWorker] call_method: nodes.smoothing.sharpen.SharpenMeshNode.EXECUTE_NORMALIZED
[06:59]   [ComfyUI] [SubprocessWorker] acquired lock, ensuring started...
[06:59]   [ComfyUI] [ComfyUI-GeometryPack] Health check: ping (timeout=5.0s)...
[06:59]   [ComfyUI] [ComfyUI-GeometryPack] Health check: ok
[06:59]   [ComfyUI] [SubprocessWorker] worker started/confirmed
[06:59]   [ComfyUI] [SubprocessWorker] serializing kwargs to shm...
[06:59]   [ComfyUI] [SubprocessWorker] created 1 shm blocks
[06:59]   [ComfyUI] [SubprocessWorker] sending request via socket...
[06:59]   [ComfyUI] [SubprocessWorker] call_id=123 sending call_method
[06:59]   [ComfyUI] [worker:ComfyUI-GeometryPack] INFO: Sharpen dispatch: non_iterative -> GeomPackSharpen_NonIterative
[06:59]   [ComfyUI] [SubprocessWorker] got response: ok
[06:59]   [ComfyUI] [comfy-env] GeomPackSharpenMesh done (0.01s): result: NodeOutput
[06:59]   [ComfyUI] [comfy-env] Running GeomPackSharpenMesh: backend: dict, trimesh: Trimesh
[06:59]   [ComfyUI] [SubprocessWorker] call_method: nodes.smoothing.sharpen.SharpenMeshNode.EXECUTE_NORMALIZED
[06:59]   [ComfyUI] [SubprocessWorker] acquired lock, ensuring started...
[06:59]   [ComfyUI] [ComfyUI-GeometryPack] Health check: ping (timeout=5.0s)...
[06:59]   [ComfyUI] [ComfyUI-GeometryPack] Health check: ok
[06:59]   [ComfyUI] [SubprocessWorker] worker started/confirmed
[06:59]   [ComfyUI] [SubprocessWorker] serializing kwargs to shm...
[06:59]   [ComfyUI] [SubprocessWorker] created 1 shm blocks
[06:59]   [ComfyUI] [SubprocessWorker] sending request via socket...
[06:59]   [ComfyUI] [SubprocessWorker] call_id=124 sending call_method
[06:59]   [ComfyUI] [worker:ComfyUI-GeometryPack] INFO: Sharpen dispatch: libigl_unsharp -> GeomPackSharpen_LibiglUnsharp
[06:59]   [ComfyUI] [SubprocessWorker] got response: ok
[06:59]   [ComfyUI] [comfy-env] GeomPackSharpenMesh done (0.01s): result: NodeOutput
[06:59]   [ComfyUI] [comfy-env] Running GeomPackSharpenMesh: backend: dict, trimesh: Trimesh
[06:59]   [ComfyUI] [SubprocessWorker] call_method: nodes.smoothing.sharpen.SharpenMeshNode.EXECUTE_NORMALIZED
[06:59]   [ComfyUI] [SubprocessWorker] acquired lock, ensuring started...
[06:59]   [ComfyUI] [ComfyUI-GeometryPack] Health check: ping (timeout=5.0s)...
[06:59]   [ComfyUI] [ComfyUI-GeometryPack] Health check: ok
[06:59]   [ComfyUI] [SubprocessWorker] worker started/confirmed
[06:59]   [ComfyUI] [SubprocessWorker] serializing kwargs to shm...
[06:59]   [ComfyUI] [SubprocessWorker] created 1 shm blocks
[06:59]   [ComfyUI] [SubprocessWorker] sending request via socket...
[06:59]   [ComfyUI] [SubprocessWorker] call_id=125 sending call_method
[06:59]   [ComfyUI] [worker:ComfyUI-GeometryPack] INFO: Sharpen dispatch: unsharp_mask -> GeomPackSharpen_UnsharpMask
[06:59]   [ComfyUI] [SubprocessWorker] got response: ok
[06:59]   [ComfyUI] [comfy-env] GeomPackSharpenMesh done (0.01s): result: NodeOutput
[06:59]   [ComfyUI] [comfy-env] Running GeomPackSharpenMesh: backend: dict, trimesh: Trimesh
[06:59]   [ComfyUI] [SubprocessWorker] call_method: nodes.smoothing.sharpen.SharpenMeshNode.EXECUTE_NORMALIZED
[06:59]   [ComfyUI] [SubprocessWorker] acquired lock, ensuring started...
[06:59]   [ComfyUI] [ComfyUI-GeometryPack] Health check: ping (timeout=5.0s)...
[06:59]   [ComfyUI] [ComfyUI-GeometryPack] Health check: ok
[06:59]   [ComfyUI] [SubprocessWorker] worker started/confirmed
[06:59]   [ComfyUI] [SubprocessWorker] serializing kwargs to shm...
[06:59]   [ComfyUI] [SubprocessWorker] created 1 shm blocks
[06:59]   [ComfyUI] [SubprocessWorker] sending request via socket...
[06:59]   [ComfyUI] [SubprocessWorker] call_id=126 sending call_method
[06:59]   [ComfyUI] [worker:ComfyUI-GeometryPack] INFO: Sharpen dispatch: fast_effective -> GeomPackSharpen_FastEffective
[06:59]   [ComfyUI] [SubprocessWorker] got response: ok
[06:59]   [ComfyUI] [comfy-env] GeomPackSharpenMesh done (0.01s): result: NodeOutput
[06:59]   [ComfyUI] [comfy-env] Running GeomPackSharpenMesh: backend: dict, trimesh: Trimesh
[06:59]   [ComfyUI] [SubprocessWorker] call_method: nodes.smoothing.sharpen.SharpenMeshNode.EXECUTE_NORMALIZED
[06:59]   [ComfyUI] [SubprocessWorker] acquired lock, ensuring started...
[06:59]   [ComfyUI] [ComfyUI-GeometryPack] Health check: ping (timeout=5.0s)...
[06:59]   [ComfyUI] [ComfyUI-GeometryPack] Health check: ok
[06:59]   [ComfyUI] [SubprocessWorker] worker started/confirmed
[06:59]   [ComfyUI] [SubprocessWorker] serializing kwargs to shm...
[06:59]   [ComfyUI] [SubprocessWorker] created 1 shm blocks
[06:59]   [ComfyUI] [SubprocessWorker] sending request via socket...
[06:59]   [ComfyUI] [SubprocessWorker] call_id=127 sending call_method
[06:59]   [ComfyUI] [worker:ComfyUI-GeometryPack] INFO: Sharpen dispatch: guided_normal -> GeomPackSharpen_GuidedNormal
[06:59]   [ComfyUI] [SubprocessWorker] got response: ok
[06:59]   [ComfyUI] [comfy-env] GeomPackSharpenMesh done (0.01s): result: NodeOutput
[06:59]   [ComfyUI] [comfy-env] Running GeomPackSharpenMesh: backend: dict, trimesh: Trimesh
[06:59]   [ComfyUI] [SubprocessWorker] call_method: nodes.smoothing.sharpen.SharpenMeshNode.EXECUTE_NORMALIZED
[06:59]   [ComfyUI] [SubprocessWorker] acquired lock, ensuring started...
[06:59]   [ComfyUI] [ComfyUI-GeometryPack] Health check: ping (timeout=5.0s)...
[06:59]   [ComfyUI] [ComfyUI-GeometryPack] Health check: ok
[06:59]   [ComfyUI] [SubprocessWorker] worker started/confirmed
[06:59]   [ComfyUI] [SubprocessWorker] serializing kwargs to shm...
[06:59]   [ComfyUI] [SubprocessWorker] created 1 shm blocks
[06:59]   [ComfyUI] [SubprocessWorker] sending request via socket...
[06:59]   [ComfyUI] [SubprocessWorker] call_id=128 sending call_method
[06:59]   [ComfyUI] [worker:ComfyUI-GeometryPack] INFO: Sharpen dispatch: l0_minimize -> GeomPackSharpen_L0Minimize
[06:59]   [ComfyUI] [SubprocessWorker] got response: ok
[06:59]   [ComfyUI] [comfy-env] GeomPackSharpenMesh done (0.01s): result: NodeOutput
[06:59]   [ComfyUI] [comfy-env] Running GeomPackSharpen_TwoStep: trimesh: Trimesh, smooth_steps: 3, normal_threshold: 60.0
[06:59]   [ComfyUI] [SubprocessWorker] call_method: nodes.smoothing.sharpen_backends.two_step.SharpenTwoStepNode.EXECUTE_NORMALIZED
[06:59]   [ComfyUI] [SubprocessWorker] acquired lock, ensuring started...
[06:59]   [ComfyUI] [ComfyUI-GeometryPack] Health check: ping (timeout=5.0s)...
[06:59]   [ComfyUI] [ComfyUI-GeometryPack] Health check: ok
[06:59]   [ComfyUI] [SubprocessWorker] worker started/confirmed
[06:59]   [ComfyUI] [SubprocessWorker] serializing kwargs to shm...
[06:59]   [ComfyUI] [SubprocessWorker] created 1 shm blocks
[06:59]   [ComfyUI] [SubprocessWorker] sending request via socket...
[06:59]   [ComfyUI] [SubprocessWorker] call_id=129 sending call_method
[06:59]   [ComfyUI] [worker:ComfyUI-GeometryPack] INFO: Backend: two_step
[06:59]   [ComfyUI] [worker:ComfyUI-GeometryPack] INFO: Input: 6475 vertices, 12946 faces
[06:59]   [ComfyUI] [worker:ComfyUI-GeometryPack] INFO: Parameters: smooth_steps=3, normal_threshold=60.0
[06:59]   [ComfyUI] [worker:ComfyUI-GeometryPack] INFO: Output: 6475 vertices, 12946 faces
[06:59]   [ComfyUI] [worker:ComfyUI-GeometryPack] INFO: Avg vertex displacement: 0.059156, max: 0.318610
[06:59]   [ComfyUI] [SubprocessWorker] got response: ok
[06:59]   [ComfyUI] [comfy-env] GeomPackSharpen_TwoStep done (0.12s): result: NodeOutput
[06:59]   [ComfyUI] [comfy-env] Running GeomPackSharpen_NonIterative: trimesh: Trimesh, sigma_f: 1.0, sigma_g: 1.0
[06:59]   [ComfyUI] [SubprocessWorker] call_method: nodes.smoothing.sharpen_backends.non_iterative.SharpenNonIterativeNode.EXECUTE_NORMALIZED
[06:59]   [ComfyUI] [SubprocessWorker] acquired lock, ensuring started...
[06:59]   [ComfyUI] [ComfyUI-GeometryPack] Health check: ping (timeout=5.0s)...
[06:59]   [ComfyUI] [ComfyUI-GeometryPack] Health check: ok
[06:59]   [ComfyUI] [SubprocessWorker] worker started/confirmed
[06:59]   [ComfyUI] [SubprocessWorker] serializing kwargs to shm...
[06:59]   [ComfyUI] [SubprocessWorker] created 1 shm blocks
[06:59]   [ComfyUI] [SubprocessWorker] sending request via socket...
[06:59]   [ComfyUI] [SubprocessWorker] call_id=130 sending call_method
[06:59]   [ComfyUI] [worker:ComfyUI-GeometryPack] INFO: Backend: non_iterative
[06:59]   [ComfyUI] [worker:ComfyUI-GeometryPack] INFO: Input: 6475 vertices, 12946 faces
[06:59]   [ComfyUI] [worker:ComfyUI-GeometryPack] INFO: Parameters: sigma_f=1.000, sigma_g=1.000
[06:59]   Node executed (1 total), capturing...
[07:00]   Frame 2 saved (frame_001.jpg, t=0.6s)
[07:00]   [capture-node] freeze=3ms shot=112ms unfreeze=7ms saved=True
[07:02]   Frame 3 saved (frame_002.jpg, t=2.9s)
[07:02]   [capture-periodic] freeze=2ms shot=104ms unfreeze=2ms saved=True
[07:04]   Frame 4 saved (frame_003.jpg, t=5.1s)
[07:04]   [capture-periodic] freeze=2ms shot=112ms unfreeze=2ms saved=True
[07:05]   [capture-loop] iter=50 t=6.0s state={'complete': False, 'error': None, 'executedCount': 1, 'wsState': 1} eval_ms=2 ram=2.7/15.6GB (17%) swap=0.0/3.0GB (0%) cpu=26% browser_rss=0.89GB
[07:07]   [ComfyUI] [worker:ComfyUI-GeometryPack] INFO: Output: 6475 vertices, 12946 faces
[07:07]   [ComfyUI] [worker:ComfyUI-GeometryPack] INFO: Avg vertex displacement: 0.021192, max: 0.087476
[07:07]   [ComfyUI] [SubprocessWorker] got response: ok
[07:07]   [ComfyUI] [comfy-env] GeomPackSharpen_NonIterative done (8.21s): result: NodeOutput
[07:07]   [ComfyUI] [comfy-env] Running GeomPackSharpen_LibiglUnsharp: trimesh: Trimesh, weight: 0.5, iterations: 3
[07:07]   [ComfyUI] [SubprocessWorker] call_method: nodes.smoothing.sharpen_backends.libigl_unsharp.SharpenLibiglUnsharpNode.EXECUTE_NORMALIZED
[07:07]   [ComfyUI] [SubprocessWorker] acquired lock, ensuring started...
[07:07]   [ComfyUI] [ComfyUI-GeometryPack] Health check: ping (timeout=5.0s)...
[07:07]   [ComfyUI] [ComfyUI-GeometryPack] Health check: ok
[07:07]   [ComfyUI] [SubprocessWorker] worker started/confirmed
[07:07]   [ComfyUI] [SubprocessWorker] serializing kwargs to shm...
[07:07]   [ComfyUI] [SubprocessWorker] created 1 shm blocks
[07:07]   [ComfyUI] [SubprocessWorker] sending request via socket...
[07:07]   [ComfyUI] [SubprocessWorker] call_id=131 sending call_method
[07:07]   [ComfyUI] [worker:ComfyUI-GeometryPack] INFO: Backend: libigl_unsharp
[07:07]   [ComfyUI] [worker:ComfyUI-GeometryPack] INFO: Input: 6475 vertices, 12946 faces
[07:07]   [ComfyUI] [worker:ComfyUI-GeometryPack] INFO: Parameters: weight=0.500, iterations=3
[07:07]   Node executed (2 total), capturing...
[07:08]   [ComfyUI] [worker:ComfyUI-GeometryPack] INFO: Output: 6475 vertices, 12946 faces
[07:08]   [ComfyUI] [worker:ComfyUI-GeometryPack] INFO: Avg vertex displacement: 0.541299, max: 1.039092
[07:08]   [ComfyUI] [SubprocessWorker] got response: ok
[07:08]   [ComfyUI] [comfy-env] GeomPackSharpen_LibiglUnsharp done (0.30s): result: NodeOutput
[07:08]   [ComfyUI] [comfy-env] Running GeomPackSharpen_UnsharpMask: trimesh: Trimesh, weight: 0.3, iterations: 5
[07:08]   [ComfyUI] [SubprocessWorker] call_method: nodes.smoothing.sharpen_backends.unsharp_mask.SharpenUnsharpMaskNode.EXECUTE_NORMALIZED
[07:08]   [ComfyUI] [SubprocessWorker] acquired lock, ensuring started...
[07:08]   [ComfyUI] [ComfyUI-GeometryPack] Health check: ping (timeout=5.0s)...
[07:08]   [ComfyUI] [ComfyUI-GeometryPack] Health check: ok
[07:08]   [ComfyUI] [SubprocessWorker] worker started/confirmed
[07:08]   [ComfyUI] [SubprocessWorker] serializing kwargs to shm...
[07:08]   [ComfyUI] [SubprocessWorker] created 1 shm blocks
[07:08]   [ComfyUI] [SubprocessWorker] sending request via socket...
[07:08]   [ComfyUI] [SubprocessWorker] call_id=132 sending call_method
[07:08]   [ComfyUI] [worker:ComfyUI-GeometryPack] INFO: Backend: unsharp_mask
[07:08]   [ComfyUI] [worker:ComfyUI-GeometryPack] INFO: Input: 6475 vertices, 12946 faces
[07:08]   [ComfyUI] [worker:ComfyUI-GeometryPack] INFO: Parameters: weight=0.300, iterations=5
[07:08]   [ComfyUI] [worker:ComfyUI-GeometryPack] INFO: Output: 6475 vertices, 12946 faces
[07:08]   [ComfyUI] [worker:ComfyUI-GeometryPack] INFO: Avg vertex displacement: 0.013687, max: 0.066009
[07:08]   [ComfyUI] [SubprocessWorker] got response: ok
[07:08]   [ComfyUI] [comfy-env] GeomPackSharpen_UnsharpMask done (0.03s): result: NodeOutput
[07:08]   [ComfyUI] [comfy-env] Running GeomPackPreviewMeshMulti: mode: 'fields', mesh_1: Trimesh, mesh_2: Trimesh, mesh_3: Trimesh, mesh_4: Trimesh
[07:08]   [ComfyUI] [SubprocessWorker] call_method: nodes.visualization.preview_mesh_multi.PreviewMeshMultiNode.EXECUTE_NORMALIZED
[07:08]   [ComfyUI] [SubprocessWorker] acquired lock, ensuring started...
[07:08]   [ComfyUI] [ComfyUI-GeometryPack] Health check: ping (timeout=5.0s)...
[07:08]   [ComfyUI] [ComfyUI-GeometryPack] Health check: ok
[07:08]   [ComfyUI] [SubprocessWorker] worker started/confirmed
[07:08]   [ComfyUI] [SubprocessWorker] serializing kwargs to shm...
[07:08]   [ComfyUI] [SubprocessWorker] created 4 shm blocks
[07:08]   [ComfyUI] [SubprocessWorker] sending request via socket...
[07:08]   [ComfyUI] [SubprocessWorker] call_id=133 sending call_method
[07:08]   [ComfyUI] [worker:ComfyUI-GeometryPack] INFO: Mode: fields, Meshes: 4
[07:08]   [ComfyUI] [worker:ComfyUI-GeometryPack] INFO: Mesh 1: Mesh - 6475 vertices, 12946 faces
[07:08]   [ComfyUI] [worker:ComfyUI-GeometryPack] INFO: Exporting mesh to VTP: /home/runner/work/comfy-gpu-ci/comfy-gpu-ci/test_workspaces/GeometryPack-0031/ComfyUI/output/preview_multi_1_90af67e2.vtp
[07:08]   [ComfyUI] [worker:ComfyUI-GeometryPack] INFO: Adding normals field (6475 vertices)
[07:08]   [ComfyUI] [worker:ComfyUI-GeometryPack] INFO: Export complete: 6475 vertices, 12946 faces
[07:08]   [ComfyUI] [worker:ComfyUI-GeometryPack] INFO: Exported VTP: /home/runner/work/comfy-gpu-ci/comfy-gpu-ci/test_workspaces/GeometryPack-0031/ComfyUI/output/preview_multi_1_90af67e2.vtp
[07:08]   Frame 5 saved (frame_004.jpg, t=8.8s)
[07:08]   [ComfyUI] [worker:ComfyUI-GeometryPack] INFO: Mesh 2: Mesh - 6475 vertices, 12946 faces
[07:08]   [capture-node] freeze=2ms shot=131ms unfreeze=8ms saved=True
[07:08]   [ComfyUI] [worker:ComfyUI-GeometryPack] INFO: Exporting mesh to VTP: /home/runner/work/comfy-gpu-ci/comfy-gpu-ci/test_workspaces/GeometryPack-0031/ComfyUI/output/preview_multi_2_90af67e2.vtp
[07:08]   [ComfyUI] [worker:ComfyUI-GeometryPack] INFO: Adding normals field (6475 vertices)
[07:08]   [ComfyUI] [worker:ComfyUI-GeometryPack] INFO: Export complete: 6475 vertices, 12946 faces
[07:08]   [ComfyUI] [worker:ComfyUI-GeometryPack] INFO: Exported VTP: /home/runner/work/comfy-gpu-ci/comfy-gpu-ci/test_workspaces/GeometryPack-0031/ComfyUI/output/preview_multi_2_90af67e2.vtp
[07:08]   [ComfyUI] [worker:ComfyUI-GeometryPack] INFO: Mesh 3: Mesh - 6475 vertices, 12946 faces
[07:08]   [ComfyUI] [worker:ComfyUI-GeometryPack] INFO: Exporting mesh to VTP: /home/runner/work/comfy-gpu-ci/comfy-gpu-ci/test_workspaces/GeometryPack-0031/ComfyUI/output/preview_multi_3_90af67e2.vtp
[07:08]   [ComfyUI] [worker:ComfyUI-GeometryPack] INFO: Adding normals field (6475 vertices)
[07:08]   [ComfyUI] [worker:ComfyUI-GeometryPack] INFO: Export complete: 6475 vertices, 12946 faces
[07:08]   [ComfyUI] [worker:ComfyUI-GeometryPack] INFO: Exported VTP: /home/runner/work/comfy-gpu-ci/comfy-gpu-ci/test_workspaces/GeometryPack-0031/ComfyUI/output/preview_multi_3_90af67e2.vtp
[07:08]   Node executed (4 total), capturing...
[07:08]   [ComfyUI] [worker:ComfyUI-GeometryPack] INFO: Mesh 4: Mesh - 6475 vertices, 12946 faces
[07:08]   [ComfyUI] [worker:ComfyUI-GeometryPack] INFO: Exporting mesh to VTP: /home/runner/work/comfy-gpu-ci/comfy-gpu-ci/test_workspaces/GeometryPack-0031/ComfyUI/output/preview_multi_4_90af67e2.vtp
[07:08]   [ComfyUI] [worker:ComfyUI-GeometryPack] INFO: Adding normals field (6475 vertices)
[07:08]   [ComfyUI] [worker:ComfyUI-GeometryPack] INFO: Export complete: 6475 vertices, 12946 faces
[07:08]   [ComfyUI] [worker:ComfyUI-GeometryPack] INFO: Exported VTP: /home/runner/work/comfy-gpu-ci/comfy-gpu-ci/test_workspaces/GeometryPack-0031/ComfyUI/output/preview_multi_4_90af67e2.vtp
[07:08]   [ComfyUI] [worker:ComfyUI-GeometryPack] INFO: Grid: 2x2, Preview ready
[07:08]   [ComfyUI] [SubprocessWorker] got response: ok
[07:08]   [ComfyUI] [comfy-env] GeomPackPreviewMeshMulti done (0.23s): result: NodeOutput
[07:08]   [ComfyUI] [comfy-env] Running GeomPackSharpen_FastEffective: trimesh: Trimesh, threshold_T: 0.2, normal_iterations: 10, vertex_iterations: 20
[07:08]   [ComfyUI] [SubprocessWorker] call_method: nodes.smoothing.sharpen_backends.fast_effective.SharpenFastEffectiveNode.EXECUTE_NORMALIZED
[07:08]   [ComfyUI] [SubprocessWorker] acquired lock, ensuring started...
[07:08]   [ComfyUI] [ComfyUI-GeometryPack] Health check: ping (timeout=5.0s)...
[07:08]   [ComfyUI] [ComfyUI-GeometryPack] Health check: ok
[07:08]   [ComfyUI] [SubprocessWorker] worker started/confirmed
[07:08]   [ComfyUI] [SubprocessWorker] serializing kwargs to shm...
[07:08]   [ComfyUI] [SubprocessWorker] created 1 shm blocks
[07:08]   [ComfyUI] [SubprocessWorker] sending request via socket...
[07:08]   [ComfyUI] [SubprocessWorker] call_id=134 sending call_method
[07:08]   [ComfyUI] [worker:ComfyUI-GeometryPack] INFO: Backend: fast_effective
[07:08]   [ComfyUI] [worker:ComfyUI-GeometryPack] INFO: Input: 6475 vertices, 12946 faces
[07:08]   [ComfyUI] [worker:ComfyUI-GeometryPack] INFO: Parameters: threshold_T=0.200, normal_iter=10, vertex_iter=20
[07:09]   Frame 6 saved (frame_005.jpg, t=9.3s)
[07:09]   [capture-node] freeze=49ms shot=964ms unfreeze=6ms saved=True
[07:09]   Node executed (5 total), capturing...
[07:10]   Frame 7 saved (frame_006.jpg, t=10.8s)
[07:10]   [capture-node] freeze=2ms shot=133ms unfreeze=4ms saved=True
[07:12]   [capture-loop] iter=100 t=13.5s state={'complete': False, 'error': None, 'executedCount': 5, 'wsState': 1} eval_ms=2 ram=2.8/15.6GB (18%) swap=0.0/3.0GB (0%) cpu=44% browser_rss=0.99GB
[07:16]   [ComfyUI] [worker:ComfyUI-GeometryPack] INFO: Output: 6475 vertices, 12946 faces
[07:16]   [ComfyUI] [worker:ComfyUI-GeometryPack] INFO: Avg vertex displacement: 0.026954, max: 0.126612
[07:16]   [ComfyUI] [SubprocessWorker] got response: ok
[07:16]   [ComfyUI] [comfy-env] GeomPackSharpen_FastEffective done (8.16s): result: NodeOutput
[07:16]   [ComfyUI] [comfy-env] Running GeomPackSharpen_GuidedNormal: trimesh: Trimesh, normal_iterations: 5, vertex_iterations: 10, sigma_s: 1.0, sigma_r: 0.35
[07:16]   [ComfyUI] [SubprocessWorker] call_method: nodes.smoothing.sharpen_backends.guided_normal.SharpenGuidedNormalNode.EXECUTE_NORMALIZED
[07:16]   [ComfyUI] [SubprocessWorker] acquired lock, ensuring started...
[07:16]   [ComfyUI] [ComfyUI-GeometryPack] Health check: ping (timeout=5.0s)...
[07:16]   [ComfyUI] [ComfyUI-GeometryPack] Health check: ok
[07:16]   [ComfyUI] [SubprocessWorker] worker started/confirmed
[07:16]   [ComfyUI] [SubprocessWorker] serializing kwargs to shm...
[07:16]   [ComfyUI] [SubprocessWorker] created 1 shm blocks
[07:16]   [ComfyUI] [SubprocessWorker] sending request via socket...
[07:16]   [ComfyUI] [SubprocessWorker] call_id=135 sending call_method
[07:16]   [ComfyUI] [worker:ComfyUI-GeometryPack] INFO: Backend: guided_normal
[07:16]   [ComfyUI] [worker:ComfyUI-GeometryPack] INFO: Input: 6475 vertices, 12946 faces
[07:16]   [ComfyUI] [worker:ComfyUI-GeometryPack] INFO: Parameters: normal_iter=5, vertex_iter=10, sigma_s=1.00, sigma_r=0.350
[07:16]   Node executed (6 total), capturing...
[07:17]   Frame 8 saved (frame_007.jpg, t=17.6s)
[07:17]   [capture-node] freeze=3ms shot=137ms unfreeze=5ms saved=True
[07:18]   [capture-loop] iter=150 t=19.2s state={'complete': False, 'error': None, 'executedCount': 6, 'wsState': 1} eval_ms=2 ram=2.7/15.6GB (18%) swap=0.0/3.0GB (0%) cpu=33% browser_rss=0.98GB
[07:19]   Frame 9 saved (frame_008.jpg, t=19.8s)
[07:19]   [capture-periodic] freeze=2ms shot=133ms unfreeze=3ms saved=True
[07:24]   [capture-loop] iter=200 t=24.9s state={'complete': False, 'error': None, 'executedCount': 6, 'wsState': 1} eval_ms=2 ram=2.7/15.6GB (17%) swap=0.0/3.0GB (0%) cpu=35% browser_rss=0.95GB
[07:29]   [capture-loop] iter=250 t=30.4s state={'complete': False, 'error': None, 'executedCount': 6, 'wsState': 1} eval_ms=2 ram=2.7/15.6GB (17%) swap=0.0/3.0GB (0%) cpu=33% browser_rss=0.95GB
[07:29]   [ComfyUI] [worker:ComfyUI-GeometryPack]
[07:29]   [ComfyUI] === WATCHDOG TICK 2 ===
[07:29]   [ComfyUI] [worker:ComfyUI-GeometryPack] Thread 0x00007f36466c76c0 (most recent call first):
[07:29]   [ComfyUI]   File "/home/runner/.ce/.pixi/envs/geometrypack-nodes/lib/python3.10/socket.py", line 293 in accept
[07:29]   [ComfyUI]   File "/home/runner/.ce/.pixi/envs/geometrypack-nodes/lib/python3.10/multiprocessing/connection.py", line 609 in accept
[07:29]   [ComfyUI]   File "/home/runner/.ce/.pixi/envs/geometrypack-nodes/lib/python3.10/multiprocessing/connection.py", line 463 in accept
[07:29]   [ComfyUI]   File "/home/runner/.ce/.pixi/envs/geometrypack-nodes/lib/python3.10/multiprocessing/resource_sharer.py", line 138 in _serve
[07:29]   [ComfyUI]   File "/home/runner/.ce/.pixi/envs/geometrypack-nodes/lib/python3.10/threading.py", line 953 in run
[07:29]   [ComfyUI]   File "/home/runner/.ce/.pixi/envs/geometrypack-nodes/lib/python3.10/threading.py", line 1016 in _bootstrap_inner
[07:29]   [ComfyUI]   File "/home/runner/.ce/.pixi/envs/geometrypack-nodes/lib/python3.10/threading.py", line 973 in _bootstrap
[07:29]   [ComfyUI] 
[07:29]   [ComfyUI] Current thread 0x00007f36ae5056c0 (most recent call first):
[07:29]   [ComfyUI]   File "/tmp/comfyui_pvenv_m0m0ll48/persistent_worker.py", line 52 in _watchdog
[07:29]   [ComfyUI]   File "/home/runner/.ce/.pixi/envs/geometrypack-nodes/lib/python3.10/threading.py", line 953 in run
[07:29]   [ComfyUI]   File "/home/runner/.ce/.pixi/envs/geometrypack-nodes/lib/python3.10/threading.py", line 1016 in _bootstrap_inner
[07:29]   [ComfyUI]   File "/home/runner/.ce/.pixi/envs/geometrypack-nodes/lib/python3.10/threading.py", line 973 in _bootstrap
[07:29]   [ComfyUI] 
[07:29]   [ComfyUI] Thread 0x00007f36aefe0740 (most recent call first):
[07:29]   [ComfyUI]   File "/home/runner/.ce/.pixi/envs/geometrypack-nodes/lib/python3.10/site-packages/numpy/_core/fromnumeric.py", line 86 in _wrapreduction
[07:29]   [ComfyUI]   File "/home/runner/.ce/.pixi/envs/geometrypack-nodes/lib/python3.10/site-packages/numpy/_core/fromnumeric.py", line 2466 in sum
[07:29]   [ComfyUI]   File "/home/runner/work/comfy-gpu-ci/comfy-gpu-ci/test_workspaces/GeometryPack-0031/ComfyUI/custom_nodes/ComfyUI-GeometryPack/nodes/smoothing/sharpen_backends/guided_normal.py", line 149 in _guided_normal_sharpen
[07:29]   [ComfyUI]   File "/home/runner/work/comfy-gpu-ci/comfy-gpu-ci/test_workspaces/GeometryPack-0031/ComfyUI/custom_nodes/ComfyUI-GeometryPack/nodes/smoothing/sharpen_backends/guided_normal.py", line 228 in execute
[07:29]   [ComfyUI]   File "/home/runner/work/comfy-gpu-ci/comfy-gpu-ci/test_workspaces/GeometryPack-0031/ComfyUI/comfy_api/latest/_io.py", line 1833 in EXECUTE_NORMALIZED
[07:29]   [ComfyUI]   File "/tmp/comfyui_pvenv_m0m0ll48/persistent_worker.py", line 1762 in main
[07:29]   [ComfyUI]   File "/tmp/comfyui_pvenv_m0m0ll48/persistent_worker.py", line 1807 in <module>
[07:29]   [ComfyUI] 
[07:30]   [ComfyUI] [worker:ComfyUI-GeometryPack] === END ===
[07:30]   [ComfyUI] 
[07:35]   [capture-loop] iter=300 t=36.0s state={'complete': False, 'error': None, 'executedCount': 6, 'wsState': 1} eval_ms=2 ram=2.7/15.6GB (18%) swap=0.0/3.0GB (0%) cpu=34% browser_rss=0.95GB
[07:40]   [capture-loop] iter=350 t=41.5s state={'complete': False, 'error': None, 'executedCount': 6, 'wsState': 1} eval_ms=3 ram=2.7/15.6GB (17%) swap=0.0/3.0GB (0%) cpu=32% browser_rss=0.95GB
[07:41]   [ComfyUI] [worker:ComfyUI-GeometryPack] INFO: Output: 6475 vertices, 12946 faces
[07:41]   [ComfyUI] [worker:ComfyUI-GeometryPack] INFO: Avg vertex displacement: 0.025300, max: 0.123510
[07:41]   [ComfyUI] [SubprocessWorker] got response: ok
[07:41]   [ComfyUI] [comfy-env] GeomPackSharpen_GuidedNormal done (25.18s): result: NodeOutput
[07:41]   [ComfyUI] [comfy-env] Running GeomPackSharpen_L0Minimize: trimesh: Trimesh, alpha: 0.001, beta: 2.0, iterations: 10
[07:41]   [ComfyUI] [SubprocessWorker] call_method: nodes.smoothing.sharpen_backends.l0_minimize.SharpenL0MinimizeNode.EXECUTE_NORMALIZED
[07:41]   [ComfyUI] [SubprocessWorker] acquired lock, ensuring started...
[07:41]   [ComfyUI] [ComfyUI-GeometryPack] Health check: ping (timeout=5.0s)...
[07:41]   [ComfyUI] [ComfyUI-GeometryPack] Health check: ok
[07:41]   [ComfyUI] [SubprocessWorker] worker started/confirmed
[07:41]   [ComfyUI] [SubprocessWorker] serializing kwargs to shm...
[07:41]   [ComfyUI] [SubprocessWorker] created 1 shm blocks
[07:41]   [ComfyUI] [SubprocessWorker] sending request via socket...
[07:41]   [ComfyUI] [SubprocessWorker] call_id=136 sending call_method
[07:41]   [ComfyUI] [worker:ComfyUI-GeometryPack] INFO: Backend: l0_minimize
[07:41]   [ComfyUI] [worker:ComfyUI-GeometryPack] INFO: Input: 6475 vertices, 12946 faces
[07:41]   [ComfyUI] [worker:ComfyUI-GeometryPack] INFO: Parameters: alpha=0.0010, beta=2.0, iterations=10
[07:41]   Node executed (7 total), capturing...
[07:42]   Frame 10 saved (frame_009.jpg, t=42.7s)
[07:42]   [capture-node] freeze=2ms shot=133ms unfreeze=6ms saved=True
[07:44]   Frame 11 saved (frame_010.jpg, t=45.0s)
[07:44]   [capture-periodic] freeze=2ms shot=131ms unfreeze=5ms saved=True
[07:44]   [ComfyUI] [worker:ComfyUI-GeometryPack] INFO: Output: 6475 vertices, 12946 faces
[07:44]   [ComfyUI] [worker:ComfyUI-GeometryPack] INFO: Avg vertex displacement: 0.009479, max: 0.060807
[07:44]   [ComfyUI] [SubprocessWorker] got response: ok
[07:44]   [ComfyUI] [comfy-env] GeomPackSharpen_L0Minimize done (3.12s): result: NodeOutput
[07:44]   [ComfyUI] [comfy-env] Running GeomPackPreviewMeshMulti: mode: 'fields', mesh_1: Trimesh, mesh_2: Trimesh, mesh_3: Trimesh, mesh_4: Trimesh
[07:44]   [ComfyUI] [SubprocessWorker] call_method: nodes.visualization.preview_mesh_multi.PreviewMeshMultiNode.EXECUTE_NORMALIZED
[07:44]   [ComfyUI] [SubprocessWorker] acquired lock, ensuring started...
[07:44]   [ComfyUI] [ComfyUI-GeometryPack] Health check: ping (timeout=5.0s)...
[07:44]   [ComfyUI] [ComfyUI-GeometryPack] Health check: ok
[07:44]   [ComfyUI] [SubprocessWorker] worker started/confirmed
[07:44]   [ComfyUI] [SubprocessWorker] serializing kwargs to shm...
[07:44]   [ComfyUI] [SubprocessWorker] created 4 shm blocks
[07:44]   [ComfyUI] [SubprocessWorker] sending request via socket...
[07:44]   [ComfyUI] [SubprocessWorker] call_id=137 sending call_method
[07:44]   [ComfyUI] [worker:ComfyUI-GeometryPack] INFO: Mode: fields, Meshes: 4
[07:44]   [ComfyUI] [worker:ComfyUI-GeometryPack] INFO: Mesh 1: Mesh - 6475 vertices, 12946 faces
[07:44]   [ComfyUI] [worker:ComfyUI-GeometryPack] INFO: Exporting mesh to VTP: /home/runner/work/comfy-gpu-ci/comfy-gpu-ci/test_workspaces/GeometryPack-0031/ComfyUI/output/preview_multi_1_8e2a5218.vtp
[07:44]   Node executed (8 total), capturing...
[07:44]   [ComfyUI] [worker:ComfyUI-GeometryPack] INFO: Adding normals field (6475 vertices)
[07:44]   [ComfyUI] [worker:ComfyUI-GeometryPack] INFO: Export complete: 6475 vertices, 12946 faces
[07:44]   [ComfyUI] [worker:ComfyUI-GeometryPack] INFO: Exported VTP: /home/runner/work/comfy-gpu-ci/comfy-gpu-ci/test_workspaces/GeometryPack-0031/ComfyUI/output/preview_multi_1_8e2a5218.vtp
[07:44]   [ComfyUI] [worker:ComfyUI-GeometryPack] INFO: Mesh 2: Mesh - 6475 vertices, 12946 faces
[07:44]   [ComfyUI] [worker:ComfyUI-GeometryPack] INFO: Exporting mesh to VTP: /home/runner/work/comfy-gpu-ci/comfy-gpu-ci/test_workspaces/GeometryPack-0031/ComfyUI/output/preview_multi_2_8e2a5218.vtp
[07:45]   [ComfyUI] [worker:ComfyUI-GeometryPack] INFO: Adding normals field (6475 vertices)
[07:45]   [ComfyUI] [worker:ComfyUI-GeometryPack] INFO: Export complete: 6475 vertices, 12946 faces
[07:45]   [ComfyUI] [worker:ComfyUI-GeometryPack] INFO: Exported VTP: /home/runner/work/comfy-gpu-ci/comfy-gpu-ci/test_workspaces/GeometryPack-0031/ComfyUI/output/preview_multi_2_8e2a5218.vtp
[07:45]   [ComfyUI] [worker:ComfyUI-GeometryPack] INFO: Mesh 3: Mesh - 6475 vertices, 12946 faces
[07:45]   [ComfyUI] [worker:ComfyUI-GeometryPack] INFO: Exporting mesh to VTP: /home/runner/work/comfy-gpu-ci/comfy-gpu-ci/test_workspaces/GeometryPack-0031/ComfyUI/output/preview_multi_3_8e2a5218.vtp
[07:45]   [ComfyUI] [worker:ComfyUI-GeometryPack] INFO: Adding normals field (6475 vertices)
[07:45]   [ComfyUI] [worker:ComfyUI-GeometryPack] INFO: Export complete: 6475 vertices, 12946 faces
[07:45]   [ComfyUI] [worker:ComfyUI-GeometryPack] INFO: Exported VTP: /home/runner/work/comfy-gpu-ci/comfy-gpu-ci/test_workspaces/GeometryPack-0031/ComfyUI/output/preview_multi_3_8e2a5218.vtp
[07:45]   [ComfyUI] [worker:ComfyUI-GeometryPack] INFO: Mesh 4: Mesh - 6475 vertices, 12946 faces
[07:45]   [ComfyUI] [worker:ComfyUI-GeometryPack] INFO: Exporting mesh to VTP: /home/runner/work/comfy-gpu-ci/comfy-gpu-ci/test_workspaces/GeometryPack-0031/ComfyUI/output/preview_multi_4_8e2a5218.vtp
[07:45]   [ComfyUI] [worker:ComfyUI-GeometryPack] INFO: Adding normals field (6475 vertices)
[07:45]   [ComfyUI] [worker:ComfyUI-GeometryPack] INFO: Export complete: 6475 vertices, 12946 faces
[07:45]   [ComfyUI] [worker:ComfyUI-GeometryPack] INFO: Exported VTP: /home/runner/work/comfy-gpu-ci/comfy-gpu-ci/test_workspaces/GeometryPack-0031/ComfyUI/output/preview_multi_4_8e2a5218.vtp
[07:45]   [ComfyUI] [worker:ComfyUI-GeometryPack] INFO: Grid: 2x2, Preview ready
[07:45]   [ComfyUI] [SubprocessWorker] got response: ok
[07:45]   [ComfyUI] [comfy-env] GeomPackPreviewMeshMulti done (0.24s): result: NodeOutput
[07:45]   [ComfyUI] Prompt executed in 45.73 seconds
[07:45]   Frame 12 saved (frame_011.jpg, t=45.8s)
[07:45]   [capture-node] freeze=2ms shot=226ms unfreeze=6ms saved=True
[07:45]   Node executed (9 total), capturing...
[07:46]   Frame 13 saved (frame_012.jpg, t=46.4s)
[07:46]   [capture-node] freeze=628ms shot=332ms unfreeze=2ms saved=True
[07:46]   Execution complete (t=47.5s)
[07:46]   Captured 13 unique frames over 47.47s
[07:46]   [debug] iframes: 2
[07:46]   [debug]   iframe[0]: src=http://127.0.0.1:41895/extensions/ComfyUI-GeometryPack/viewer_multi.html?v=17784, canvas=368x195, rafFrozen=False
[07:46]   [debug]   iframe[1]: src=http://127.0.0.1:41895/extensions/ComfyUI-GeometryPack/viewer_multi.html?v=17784, canvas=368x195, rafFrozen=False
[07:46]   [timing] trigger_3d_previews: 0.0s
[07:49]   Saved high-quality screenshot: sharpen_all_executed.png
[07:49]   [timing] final_screenshot: 0.3s
[07:49] Capturing execution frames: side_by_side_viewer.json
[07:55]   Frame 1 saved (frame_000.jpg, t=0.0s)
[07:55]   Validating workflow...
[07:55]   [ComfyUI] === /validate endpoint called ===
[07:55]   [ComfyUI] Received JSON with keys: ['prompt']
[07:55]   [ComfyUI] Prompt has 3 nodes
[07:55]   [ComfyUI]   Node 1: GeomPackCreatePrimitive
[07:55]   [ComfyUI]     Inputs: {"shape": "cube", "size": 2, "subdivisions": 1}
[07:55]   [ComfyUI]   Node 2: GeomPackCreatePrimitive
[07:55]   [ComfyUI]     Inputs: {"shape": "sphere", "size": 2.5, "subdivisions": 2}
[07:55]   [ComfyUI]   Node 7: GeomPackPreviewMeshDual
[07:55]   [ComfyUI]     Inputs: {"layout": "side_by_side", "mode": "fields", "opacity_1": 1, "opacity_2": 1, "preview_dual": "{\"show_edges\":true,\"camera_state\":\"\",\"selected_field\":\"\",\"selected_channel\":\"magnitude\",\"se
[07:55]   Queuing workflow for execution...
[07:55]   [ComfyUI] Generated prompt_id: a0c9fc0d-d76e-4df7-9a1f-10a10b525996
[07:55]   [ComfyUI] Calling execution.validate_prompt()...
[07:55]   [ComfyUI] Validation result: valid=True
[07:55]   [ComfyUI] === Validation PASSED ===
[07:55]   [ComfyUI] got prompt
[07:55]   [ComfyUI] [comfy-env] Running GeomPackCreatePrimitive: shape: 'sphere', size: 2.5, subdivisions: 2
[07:55]   [ComfyUI] [SubprocessWorker] call_method: nodes.primitives.create_primitive.CreatePrimitive.EXECUTE_NORMALIZED
[07:55]   [ComfyUI] [SubprocessWorker] acquired lock, ensuring started...
[07:55]   [ComfyUI] [ComfyUI-GeometryPack] Health check: ping (timeout=5.0s)...
[07:55]   [ComfyUI] [ComfyUI-GeometryPack] Health check: ok
[07:55]   [ComfyUI] [SubprocessWorker] worker started/confirmed
[07:55]   [ComfyUI] [SubprocessWorker] serializing kwargs to shm...
[07:55]   [ComfyUI] [SubprocessWorker] created 0 shm blocks
[07:55]   [ComfyUI] [SubprocessWorker] sending request via socket...
[07:55]   [ComfyUI] [SubprocessWorker] call_id=138 sending call_method
[07:55]   [ComfyUI] [worker:ComfyUI-GeometryPack] INFO: Created sphere: 162 vertices, 320 faces
[07:55]   [ComfyUI] [SubprocessWorker] got response: ok
[07:55]   [ComfyUI] [comfy-env] GeomPackCreatePrimitive done (0.01s): result: NodeOutput
[07:55]   [ComfyUI] [comfy-env] Running GeomPackCreatePrimitive: shape: 'cube', size: 2.0, subdivisions: 1
[07:55]   [ComfyUI] [SubprocessWorker] call_method: nodes.primitives.create_primitive.CreatePrimitive.EXECUTE_NORMALIZED
[07:55]   [ComfyUI] [SubprocessWorker] acquired lock, ensuring started...
[07:55]   [ComfyUI] [ComfyUI-GeometryPack] Health check: ping (timeout=5.0s)...
[07:55]   [ComfyUI] [ComfyUI-GeometryPack] Health check: ok
[07:55]   [ComfyUI] [SubprocessWorker] worker started/confirmed
[07:55]   [ComfyUI] [SubprocessWorker] serializing kwargs to shm...
[07:55]   [ComfyUI] [SubprocessWorker] created 0 shm blocks
[07:55]   [ComfyUI] [SubprocessWorker] sending request via socket...
[07:55]   [ComfyUI] [SubprocessWorker] call_id=139 sending call_method
[07:55]   [ComfyUI] [worker:ComfyUI-GeometryPack] INFO: Created cube: 8 vertices, 12 faces
[07:55]   [ComfyUI] [SubprocessWorker] got response: ok
[07:55]   [ComfyUI] [comfy-env] GeomPackCreatePrimitive done (0.01s): result: NodeOutput
[07:55]   [ComfyUI] [comfy-env] Running GeomPackPreviewMeshDual: layout: 'side_by_side', mode: 'fields', opacity_1: 1.0, opacity_2: 1.0, mesh_1: Trimesh, mesh_2: Trimesh
[07:55]   [ComfyUI] [SubprocessWorker] call_method: nodes.visualization.preview_mesh_dual.PreviewMeshDualNode.EXECUTE_NORMALIZED
[07:55]   [ComfyUI] [SubprocessWorker] acquired lock, ensuring started...
[07:55]   [ComfyUI] [ComfyUI-GeometryPack] Health check: ping (timeout=5.0s)...
[07:55]   [ComfyUI] [ComfyUI-GeometryPack] Health check: ok
[07:55]   [ComfyUI] [SubprocessWorker] worker started/confirmed
[07:55]   [ComfyUI] [SubprocessWorker] serializing kwargs to shm...
[07:55]   [ComfyUI] [SubprocessWorker] created 2 shm blocks
[07:55]   [ComfyUI] [SubprocessWorker] sending request via socket...
[07:55]   [ComfyUI] [SubprocessWorker] call_id=140 sending call_method
[07:55]   [ComfyUI] [worker:ComfyUI-GeometryPack] INFO: Layout: side_by_side, Mode: fields
[07:55]   [ComfyUI] [worker:ComfyUI-GeometryPack] INFO: Mesh 1: Mesh - 8 vertices, 12 faces
[07:55]   [ComfyUI] [worker:ComfyUI-GeometryPack] INFO: Mesh 2: Mesh - 162 vertices, 320 faces
[07:55]   [ComfyUI] [worker:ComfyUI-GeometryPack] INFO: Mesh 1 fields: []
[07:55]   [ComfyUI] [worker:ComfyUI-GeometryPack] INFO: Mesh 2 fields: []
[07:55]   [ComfyUI] [worker:ComfyUI-GeometryPack] INFO: Common fields: []
[07:55]   [ComfyUI] [worker:ComfyUI-GeometryPack] INFO: Mesh 1 visual: kind=None, texture=False, vertex_colors=False
[07:55]   [ComfyUI] [worker:ComfyUI-GeometryPack] INFO: Mesh 2 visual: kind=None, texture=False, vertex_colors=False
[07:55]   [ComfyUI] [worker:ComfyUI-GeometryPack] INFO: Exported STL: /home/runner/work/comfy-gpu-ci/comfy-gpu-ci/test_workspaces/GeometryPack-0031/ComfyUI/output/preview_dual_1_fe306a6a.stl
[07:55]   [ComfyUI] [worker:ComfyUI-GeometryPack] INFO: Exported STL: /home/runner/work/comfy-gpu-ci/comfy-gpu-ci/test_workspaces/GeometryPack-0031/ComfyUI/output/preview_dual_2_fe306a6a.stl
[07:55]   [ComfyUI] [worker:ComfyUI-GeometryPack] INFO: Preview ready
[07:55]   [ComfyUI] [SubprocessWorker] got response: ok
[07:55]   [ComfyUI] [comfy-env] GeomPackPreviewMeshDual done (0.01s): result: NodeOutput
[07:55]   [ComfyUI] Prompt executed in 0.03 seconds
[07:55]   Node executed (1 total), capturing...
[07:55]   Frame 2 saved (frame_001.jpg, t=0.4s)
[07:55]   [capture-node] freeze=72ms shot=131ms unfreeze=0ms saved=True
[07:55]   Execution complete (t=0.4s)
[07:55]   Captured 2 unique frames over 0.61s
[07:55]   [debug] iframes: 1
[07:55]   [debug]   iframe[0]: src=http://127.0.0.1:41895/extensions/ComfyUI-GeometryPack/viewer_dual.html?v=177845, canvas=370x485, rafFrozen=True
[07:55]   [timing] trigger_3d_previews: 0.0s
[07:58]   Saved high-quality screenshot: side_by_side_viewer_executed.png
[07:58]   [timing] final_screenshot: 0.2s
[07:58] Capturing execution frames: skeleton_all.json
[08:04]   Frame 1 saved (frame_000.jpg, t=0.0s)
[08:04]   Validating workflow...
[08:04]   [ComfyUI] === /validate endpoint called ===
[08:04]   [ComfyUI] Received JSON with keys: ['prompt']
[08:04]   [ComfyUI] Prompt has 11 nodes
[08:04]   [ComfyUI]   Node 1: GeomPackLoadMesh
[08:04]   [ComfyUI]     Inputs: {"file_path": "3d/cow.off"}
[08:04]   Queuing workflow for execution...
[08:04]   [ComfyUI]   Node 2: GeomPackExtractSkeleton
[08:04]   [ComfyUI]     Inputs: {"fix_mesh": "wavefront", "normalize": false, "backend": "wavefront", "backend.waves": 1, "backend.step_size": 1, "trimesh": ["1", 0]}
[08:04]   [ComfyUI]   Node 3: GeomPackExtractSkeleton
[08:04]   [ComfyUI]     Inputs: {"fix_mesh": "vertex_clusters", "normalize": false, "backend": "vertex_clusters", "backend.sampling_dist": 1, "backend.cluster_pos": "median", "trimesh": ["1", 0]}
[08:04]   [ComfyUI]   Node 4: GeomPackExtractSkeleton
[08:04]   [ComfyUI]     Inputs: {"fix_mesh": "edge_collapse", "normalize": false, "backend": "edge_collapse", "backend.shape_weight": 1, "backend.sample_weight": 0.1, "trimesh": ["1", 0]}
[08:04]   [ComfyUI]   Node 5: GeomPackExtractSkeleton
[08:04]   [ComfyUI]     Inputs: {"fix_mesh": "teasar", "normalize": false, "backend": "teasar", "backend.inv_dist": 10, "backend.min_length": 0, "trimesh": ["1", 0]}
[08:04]   [ComfyUI]   Node 6: GeomPackMeshFromSkeleton
[08:04]   [ComfyUI]     Inputs: {"joint_radius": 0.02, "bone_radius": 0.01, "skeleton": ["2", 0]}
[08:04]   [ComfyUI]   Node 7: GeomPackMeshFromSkeleton
[08:04]   [ComfyUI]     Inputs: {"joint_radius": 0.02, "bone_radius": 0.01, "skeleton": ["3", 0]}
[08:04]   [ComfyUI]   Node 8: GeomPackMeshFromSkeleton
[08:04]   [ComfyUI]     Inputs: {"joint_radius": 0.02, "bone_radius": 0.01, "skeleton": ["4", 0]}
[08:04]   [ComfyUI]   Node 9: GeomPackMeshFromSkeleton
[08:04]   [ComfyUI]     Inputs: {"joint_radius": 0.02, "bone_radius": 0.01, "skeleton": ["5", 0]}
[08:04]   [ComfyUI]   Node 12: GeomPackPreviewMeshMulti
[08:04]   [ComfyUI]     Inputs: {"mode": "fields", "preview_multi": "{\"show_edges\":true,\"camera_state\":\"{\\\"position\\\":[-0.10839671976880196,-0.004104770901572197,-1.5722856770085691],\\\"focalPoint\\\":[0,0,0],\\\"viewUp\\\
[08:04]   [ComfyUI]   Node 13: GeomPackPreviewMeshMulti
[08:04]   [ComfyUI]     Inputs: {"mode": "fields", "preview_multi": "{\"show_edges\":true,\"camera_state\":\"{\\\"position\\\":[-0.10839671976880196,-0.004104770901572197,-1.5722856770085691],\\\"focalPoint\\\":[0,0,0],\\\"viewUp\\\
[08:04]   [ComfyUI] Generated prompt_id: 91b635ea-6ce1-4bbd-9521-eeca727d957c
[08:04]   [ComfyUI] Calling execution.validate_prompt()...
[08:04]   [ComfyUI] Validation result: valid=True
[08:04]   [ComfyUI] === Validation PASSED ===
[08:04]   [ComfyUI] got prompt
[08:04]   [ComfyUI] [comfy-env] Running GeomPackLoadMesh: file_path: '3d/cow.off'
[08:04]   [ComfyUI] [SubprocessWorker] call_method: nodes.io.load_mesh.LoadMesh.EXECUTE_NORMALIZED
[08:04]   [ComfyUI] [SubprocessWorker] acquired lock, ensuring started...
[08:04]   [ComfyUI] [ComfyUI-GeometryPack] Health check: ping (timeout=5.0s)...
[08:04]   [ComfyUI] [ComfyUI-GeometryPack] Health check: ok
[08:04]   [ComfyUI] [SubprocessWorker] worker started/confirmed
[08:04]   [ComfyUI] [SubprocessWorker] serializing kwargs to shm...
[08:04]   [ComfyUI] [SubprocessWorker] created 0 shm blocks
[08:04]   [ComfyUI] [SubprocessWorker] sending request via socket...
[08:04]   [ComfyUI] [SubprocessWorker] call_id=141 sending call_method
[08:04]   [ComfyUI] [worker:ComfyUI-GeometryPack] INFO: Found mesh in input folder: 3d/cow.off
[08:04]   [ComfyUI] [worker:ComfyUI-GeometryPack] INFO: Loading: /home/runner/work/comfy-gpu-ci/comfy-gpu-ci/test_workspaces/GeometryPack-0031/ComfyUI/input/3d/cow.off
[08:04]   [ComfyUI] [worker:ComfyUI-GeometryPack] INFO: Initial mesh: 2761 vertices, 5520 faces
[08:04]   [ComfyUI] [worker:ComfyUI-GeometryPack] INFO: Successfully loaded: 2761 vertices, 5520 faces
[08:04]   [ComfyUI] [worker:ComfyUI-GeometryPack] INFO: Loaded: 2761 vertices, 5520 faces
[08:04]   [ComfyUI] [SubprocessWorker] got response: ok
[08:04]   [ComfyUI] [comfy-env] GeomPackLoadMesh done (0.04s): result: NodeOutput
[08:04]   [ComfyUI] [comfy-env] Running GeomPackExtractSkeleton: fix_mesh: True, normalize: False, backend: dict, trimesh: Trimesh
[08:04]   [ComfyUI] [SubprocessWorker] call_method: nodes.skeleton.extract_skeleton.ExtractSkeleton.EXECUTE_NORMALIZED
[08:04]   [ComfyUI] [SubprocessWorker] acquired lock, ensuring started...
[08:04]   [ComfyUI] [ComfyUI-GeometryPack] Health check: ping (timeout=5.0s)...
[08:04]   [ComfyUI] [ComfyUI-GeometryPack] Health check: ok
[08:04]   [ComfyUI] [SubprocessWorker] worker started/confirmed
[08:04]   [ComfyUI] [SubprocessWorker] serializing kwargs to shm...
[08:04]   [ComfyUI] [SubprocessWorker] created 1 shm blocks
[08:04]   [ComfyUI] [SubprocessWorker] sending request via socket...
[08:04]   [ComfyUI] [SubprocessWorker] call_id=142 sending call_method
[08:04]   [ComfyUI] [worker:ComfyUI-GeometryPack] INFO: Extract Skeleton dispatch: edge_collapse -> GeomPackSkeleton_EdgeCollapse
[08:04]   [ComfyUI] [SubprocessWorker] got response: ok
[08:04]   [ComfyUI] [comfy-env] GeomPackExtractSkeleton done (0.01s): result: NodeOutput
[08:04]   [ComfyUI] [comfy-env] Running GeomPackSkeleton_EdgeCollapse: trimesh: Trimesh, fix_mesh: True, normalize: False, shape_weight: 1.0, sample_weight: 0.1
[08:04]   [ComfyUI] [SubprocessWorker] call_method: nodes.skeleton.backends.edge_collapse.SkeletonEdgeCollapseNode.EXECUTE_NORMALIZED
[08:04]   [ComfyUI] [SubprocessWorker] acquired lock, ensuring started...
[08:04]   [ComfyUI] [ComfyUI-GeometryPack] Health check: ping (timeout=5.0s)...
[08:04]   [ComfyUI] [ComfyUI-GeometryPack] Health check: ok
[08:04]   [ComfyUI] [SubprocessWorker] worker started/confirmed
[08:04]   [ComfyUI] [SubprocessWorker] serializing kwargs to shm...
[08:04]   [ComfyUI] [SubprocessWorker] created 1 shm blocks
[08:04]   [ComfyUI] [SubprocessWorker] sending request via socket...
[08:04]   [ComfyUI] [SubprocessWorker] call_id=143 sending call_method
[08:06]   [ComfyUI] [worker:ComfyUI-GeometryPack] INFO: Backend: edge_collapse
[08:06]   [ComfyUI] 
[08:06]   [ComfyUI] Collapsing edges:   0%|          | 0/5520 [00:00<?, ?it/s]
[08:06]   [ComfyUI] Collapsing edges:   8%|▊         | 418/5520 [00:00<00:01, 4162.06it/s]
[08:06]   [ComfyUI] Collapsing edges:  15%|█▌        | 846/5520 [00:00<00:01, 4230.26it/s]
[08:06]   [ComfyUI] Collapsing edges:  23%|██▎       | 1270/5520 [00:00<00:01, 3898.86it/s]
[08:06]   [ComfyUI] Collapsing edges:  31%|███       | 1714/5520 [00:00<00:00, 4097.53it/s]
[08:06]   [ComfyUI] Collapsing edges:  40%|███▉      | 2182/5520 [00:00<00:00, 4298.21it/s]
[08:06]   [ComfyUI] Collapsing edges:  48%|████▊     | 2634/5520 [00:00<00:00, 4371.60it/s]
[08:07]   Frame 2 saved (frame_001.jpg, t=2.3s)
[08:07]   [capture-periodic] freeze=1ms shot=104ms unfreeze=4ms saved=True
[08:07]   [ComfyUI] Collapsing edges:  56%|█████▌    | 3074/5520 [00:00<00:00, 4293.57it/s]
[08:07]   [ComfyUI] Collapsing edges:  64%|██████▎   | 3506/5520 [00:00<00:00, 4174.16it/s]
[08:07]   [ComfyUI] Collapsing edges:  73%|███████▎  | 4016/5520 [00:00<00:00, 4449.46it/s]
[08:07]   [ComfyUI] Collapsing edges:  82%|████████▎ | 4554/5520 [00:01<00:00, 4725.13it/s]
[08:07]   [ComfyUI] Collapsing edges:  92%|█████████▏| 5096/5520 [00:01<00:00, 4929.39it/s]
[08:07]   [ComfyUI] Collapsing edges: 100%|█████████▉| 5518/5520 [00:01<00:00, 4490.85it/s]
[08:07]   [ComfyUI] [SubprocessWorker] got response: ok
[08:07]   [ComfyUI] [comfy-env] GeomPackSkeleton_EdgeCollapse done (2.69s): result: NodeOutput
[08:07]   [ComfyUI] [comfy-env] Running GeomPackMeshFromSkeleton: joint_radius: 0.02, bone_radius: 0.01, skeleton: dict
[08:07]   [ComfyUI] [SubprocessWorker] call_method: nodes.skeleton.mesh_from_skeleton.SkeletonToMesh.EXECUTE_NORMALIZED
[08:07]   [ComfyUI] [SubprocessWorker] acquired lock, ensuring started...
[08:07]   [ComfyUI] [ComfyUI-GeometryPack] Health check: ping (timeout=5.0s)...
[08:07]   [ComfyUI] [ComfyUI-GeometryPack] Health check: ok
[08:07]   [ComfyUI] [SubprocessWorker] worker started/confirmed
[08:07]   [ComfyUI] [SubprocessWorker] serializing kwargs to shm...
[08:07]   [ComfyUI] [SubprocessWorker] created 0 shm blocks
[08:07]   [ComfyUI] [SubprocessWorker] sending request via socket...
[08:07]   [ComfyUI] [SubprocessWorker] call_id=144 sending call_method
[08:07]   [ComfyUI] [worker:ComfyUI-GeometryPack] [comfy-env] _from_shm got dict with keys: ['__type__', 'strategy', 'parent_pid', 'fd', 'storage_size']
[08:07]   [ComfyUI] [worker:ComfyUI-GeometryPack] [comfy-env] DESERIALIZE TensorRef: tensor_size=[55, 3]
[08:07]   [ComfyUI] [worker:ComfyUI-GeometryPack] [comfy-env] DESERIALIZED tensor shape: torch.Size([55, 3])
[08:07]   [ComfyUI] [worker:ComfyUI-GeometryPack] [comfy-env] _from_shm got dict with keys: ['__type__', 'strategy', 'parent_pid', 'fd', 'storage_size']
[08:07]   [ComfyUI] [worker:ComfyUI-GeometryPack] [comfy-env] DESERIALIZE TensorRef: tensor_size=[54, 2]
[08:07]   [ComfyUI] [worker:ComfyUI-GeometryPack] [comfy-env] DESERIALIZED tensor shape: torch.Size([54, 2])
[08:07]   [ComfyUI] [worker:ComfyUI-GeometryPack] INFO: Creating solid mesh: 55 joints, 54 bones
[08:07]   [ComfyUI] [worker:ComfyUI-GeometryPack] INFO: Skeleton metadata: scale=0.505, normalized=False
[08:07]   [ComfyUI] [worker:ComfyUI-GeometryPack] INFO: Input skeleton bounding box:
[08:07]   [ComfyUI] [worker:ComfyUI-GeometryPack] INFO:   Min: [-0.507, -0.308, -0.140]
[08:07]   [ComfyUI] [worker:ComfyUI-GeometryPack] INFO:   Max: [0.503, 0.319, 0.138]
[08:07]   [ComfyUI] [worker:ComfyUI-GeometryPack] INFO:   Size: [1.010, 0.627, 0.277]
[08:07]   [ComfyUI] [worker:ComfyUI-GeometryPack] INFO:   Center: [-0.002, 0.005, -0.001]
[08:07]   [ComfyUI] [worker:ComfyUI-GeometryPack] INFO: Created mesh: 6362 vertices, 12288 faces
[08:07]   [ComfyUI] [worker:ComfyUI-GeometryPack] INFO: Output mesh bounding box:
[08:07]   [ComfyUI] [worker:ComfyUI-GeometryPack] INFO:   Min: [-0.527, -0.328, -0.160]
[08:07]   [ComfyUI] [worker:ComfyUI-GeometryPack] INFO:   Max: [0.522, 0.338, 0.158]
[08:07]   [ComfyUI] [worker:ComfyUI-GeometryPack] INFO:   Size: [1.049, 0.666, 0.317]
[08:07]   [ComfyUI] [worker:ComfyUI-GeometryPack] INFO:   Center: [-0.002, 0.005, -0.001]
[08:07]   [ComfyUI] [SubprocessWorker] got response: ok
[08:07]   [ComfyUI] [comfy-env] GeomPackMeshFromSkeleton done (0.09s): result: NodeOutput
[08:07]   [ComfyUI] [comfy-env] Running GeomPackExtractSkeleton: fix_mesh: True, normalize: False, backend: dict, trimesh: Trimesh
[08:07]   [ComfyUI] [SubprocessWorker] call_method: nodes.skeleton.extract_skeleton.ExtractSkeleton.EXECUTE_NORMALIZED
[08:07]   [ComfyUI] [SubprocessWorker] acquired lock, ensuring started...
[08:07]   [ComfyUI] [ComfyUI-GeometryPack] Health check: ping (timeout=5.0s)...
[08:07]   [ComfyUI] [ComfyUI-GeometryPack] Health check: ok
[08:07]   [ComfyUI] [SubprocessWorker] worker started/confirmed
[08:07]   [ComfyUI] [SubprocessWorker] serializing kwargs to shm...
[08:07]   [ComfyUI] [SubprocessWorker] created 1 shm blocks
[08:07]   [ComfyUI] [SubprocessWorker] sending request via socket...
[08:07]   [ComfyUI] [SubprocessWorker] call_id=145 sending call_method
[08:07]   [ComfyUI] [worker:ComfyUI-GeometryPack] INFO: Extract Skeleton dispatch: vertex_clusters -> GeomPackSkeleton_VertexClusters
[08:07]   [ComfyUI] [SubprocessWorker] got response: ok
[08:07]   [ComfyUI] [comfy-env] GeomPackExtractSkeleton done (0.01s): result: NodeOutput
[08:07]   [ComfyUI] [comfy-env] Running GeomPackSkeleton_VertexClusters: trimesh: Trimesh, fix_mesh: True, normalize: False, sampling_dist: 1.0, cluster_pos: 'median'
[08:07]   [ComfyUI] [SubprocessWorker] call_method: nodes.skeleton.backends.vertex_clusters.SkeletonVertexClustersNode.EXECUTE_NORMALIZED
[08:07]   [ComfyUI] [SubprocessWorker] acquired lock, ensuring started...
[08:07]   [ComfyUI] [ComfyUI-GeometryPack] Health check: ping (timeout=5.0s)...
[08:07]   [ComfyUI] [ComfyUI-GeometryPack] Health check: ok
[08:07]   [ComfyUI] [SubprocessWorker] worker started/confirmed
[08:07]   [ComfyUI] [SubprocessWorker] serializing kwargs to shm...
[08:07]   [ComfyUI] [SubprocessWorker] created 1 shm blocks
[08:07]   [ComfyUI] [SubprocessWorker] sending request via socket...
[08:07]   [ComfyUI] [SubprocessWorker] call_id=146 sending call_method
[08:07]   [ComfyUI] [worker:ComfyUI-GeometryPack] INFO: Backend: vertex_clusters
[08:07]   [ComfyUI] 
[08:07]   [ComfyUI] Clustering:   0%|          | 0/2761 [00:00<?, ?it/s]
[08:07]   [ComfyUI] Clustering: 100%|██████████| 2761/2761 [00:00<00:00, 596747.05it/s]
[08:07]   [ComfyUI] [SubprocessWorker] got response: ok
[08:07]   [ComfyUI] [comfy-env] GeomPackSkeleton_VertexClusters done (0.07s): result: NodeOutput
[08:07]   [ComfyUI] [comfy-env] Running GeomPackMeshFromSkeleton: joint_radius: 0.02, bone_radius: 0.01, skeleton: dict
[08:07]   [ComfyUI] [SubprocessWorker] call_method: nodes.skeleton.mesh_from_skeleton.SkeletonToMesh.EXECUTE_NORMALIZED
[08:07]   [ComfyUI] [SubprocessWorker] acquired lock, ensuring started...
[08:07]   [ComfyUI] [ComfyUI-GeometryPack] Health check: ping (timeout=5.0s)...
[08:07]   [ComfyUI] [ComfyUI-GeometryPack] Health check: ok
[08:07]   [ComfyUI] [SubprocessWorker] worker started/confirmed
[08:07]   [ComfyUI] [SubprocessWorker] serializing kwargs to shm...
[08:07]   [ComfyUI] [SubprocessWorker] created 0 shm blocks
[08:07]   [ComfyUI] [SubprocessWorker] sending request via socket...
[08:07]   [ComfyUI] [SubprocessWorker] call_id=147 sending call_method
[08:07]   [ComfyUI] [worker:ComfyUI-GeometryPack] [comfy-env] _from_shm got dict with keys: ['__type__', 'strategy', 'parent_pid', 'fd', 'storage_size']
[08:07]   [ComfyUI] [worker:ComfyUI-GeometryPack] [comfy-env] DESERIALIZE TensorRef: tensor_size=[25, 3]
[08:07]   [ComfyUI] [worker:ComfyUI-GeometryPack] [comfy-env] DESERIALIZED tensor shape: torch.Size([25, 3])
[08:07]   [ComfyUI] [worker:ComfyUI-GeometryPack] [comfy-env] _from_shm got dict with keys: ['__type__', 'strategy', 'parent_pid', 'fd', 'storage_size']
[08:07]   [ComfyUI] [worker:ComfyUI-GeometryPack] [comfy-env] DESERIALIZE TensorRef: tensor_size=[24, 2]
[08:07]   [ComfyUI] [worker:ComfyUI-GeometryPack] [comfy-env] DESERIALIZED tensor shape: torch.Size([24, 2])
[08:07]   [ComfyUI] [worker:ComfyUI-GeometryPack] INFO: Creating solid mesh: 25 joints, 24 bones
[08:07]   [ComfyUI] [worker:ComfyUI-GeometryPack] INFO: Skeleton metadata: scale=0.453, normalized=False
[08:07]   [ComfyUI] [worker:ComfyUI-GeometryPack] INFO: Input skeleton bounding box:
[08:07]   [ComfyUI] [worker:ComfyUI-GeometryPack] INFO:   Min: [-0.481, -0.320, -0.111]
[08:07]   [ComfyUI] [worker:ComfyUI-GeometryPack] INFO:   Max: [0.425, 0.308, 0.123]
[08:07]   [ComfyUI] [worker:ComfyUI-GeometryPack] INFO:   Size: [0.906, 0.628, 0.234]
[08:07]   [ComfyUI] [worker:ComfyUI-GeometryPack] INFO:   Center: [-0.028, -0.006, 0.006]
[08:07]   [ComfyUI] [worker:ComfyUI-GeometryPack] INFO: Created mesh: 2882 vertices, 5568 faces
[08:07]   [ComfyUI] [worker:ComfyUI-GeometryPack] INFO: Output mesh bounding box:
[08:07]   [ComfyUI] [worker:ComfyUI-GeometryPack] INFO:   Min: [-0.500, -0.339, -0.131]
[08:07]   [ComfyUI] [worker:ComfyUI-GeometryPack] INFO:   Max: [0.445, 0.328, 0.143]
[08:07]   [ComfyUI] [worker:ComfyUI-GeometryPack] INFO:   Size: [0.945, 0.667, 0.274]
[08:07]   [ComfyUI] [worker:ComfyUI-GeometryPack] INFO:   Center: [-0.028, -0.006, 0.006]
[08:07]   [ComfyUI] [SubprocessWorker] got response: ok
[08:07]   [ComfyUI] [comfy-env] GeomPackMeshFromSkeleton done (0.05s): result: NodeOutput
[08:07]   [ComfyUI] [comfy-env] Running GeomPackExtractSkeleton: fix_mesh: True, normalize: False, backend: dict, trimesh: Trimesh
[08:07]   [ComfyUI] [SubprocessWorker] call_method: nodes.skeleton.extract_skeleton.ExtractSkeleton.EXECUTE_NORMALIZED
[08:07]   [ComfyUI] [SubprocessWorker] acquired lock, ensuring started...
[08:07]   [ComfyUI] [ComfyUI-GeometryPack] Health check: ping (timeout=5.0s)...
[08:07]   [ComfyUI] [ComfyUI-GeometryPack] Health check: ok
[08:07]   [ComfyUI] [SubprocessWorker] worker started/confirmed
[08:07]   [ComfyUI] [SubprocessWorker] serializing kwargs to shm...
[08:07]   [ComfyUI] [SubprocessWorker] created 1 shm blocks
[08:07]   [ComfyUI] [SubprocessWorker] sending request via socket...
[08:07]   [ComfyUI] [SubprocessWorker] call_id=148 sending call_method
[08:07]   [ComfyUI] [worker:ComfyUI-GeometryPack] INFO: Extract Skeleton dispatch: wavefront -> GeomPackSkeleton_Wavefront
[08:07]   [ComfyUI] [SubprocessWorker] got response: ok
[08:07]   [ComfyUI] [comfy-env] GeomPackExtractSkeleton done (0.01s): result: NodeOutput
[08:07]   [ComfyUI] [comfy-env] Running GeomPackSkeleton_Wavefront: trimesh: Trimesh, fix_mesh: True, normalize: False, waves: 1, step_size: 1.0
[08:07]   [ComfyUI] [SubprocessWorker] call_method: nodes.skeleton.backends.wavefront.SkeletonWavefrontNode.EXECUTE_NORMALIZED
[08:07]   [ComfyUI] [SubprocessWorker] acquired lock, ensuring started...
[08:07]   [ComfyUI] [ComfyUI-GeometryPack] Health check: ping (timeout=5.0s)...
[08:07]   [ComfyUI] [ComfyUI-GeometryPack] Health check: ok
[08:07]   [ComfyUI] [SubprocessWorker] worker started/confirmed
[08:07]   [ComfyUI] [SubprocessWorker] serializing kwargs to shm...
[08:07]   [ComfyUI] [SubprocessWorker] created 1 shm blocks
[08:07]   [ComfyUI] [SubprocessWorker] sending request via socket...
[08:07]   [ComfyUI] [SubprocessWorker] call_id=149 sending call_method
[08:07]   [ComfyUI] [worker:ComfyUI-GeometryPack] INFO: Backend: wavefront
[08:07]   [ComfyUI] 
[08:07]   [ComfyUI] Skeletonizing:   0%|          | 0/2761 [00:00<?, ?it/s]
[08:07]   [ComfyUI] Skeletonizing: 100%|██████████| 2761/2761 [00:00<00:00, 388763.04it/s]
[08:07]   [ComfyUI] [SubprocessWorker] got response: ok
[08:07]   [ComfyUI] [comfy-env] GeomPackSkeleton_Wavefront done (0.06s): result: NodeOutput
[08:07]   [ComfyUI] [comfy-env] Running GeomPackMeshFromSkeleton: joint_radius: 0.02, bone_radius: 0.01, skeleton: dict
[08:07]   [ComfyUI] [SubprocessWorker] call_method: nodes.skeleton.mesh_from_skeleton.SkeletonToMesh.EXECUTE_NORMALIZED
[08:07]   [ComfyUI] [SubprocessWorker] acquired lock, ensuring started...
[08:07]   [ComfyUI] [ComfyUI-GeometryPack] Health check: ping (timeout=5.0s)...
[08:07]   [ComfyUI] [ComfyUI-GeometryPack] Health check: ok
[08:07]   [ComfyUI] [SubprocessWorker] worker started/confirmed
[08:07]   [ComfyUI] [SubprocessWorker] serializing kwargs to shm...
[08:07]   [ComfyUI] [SubprocessWorker] created 0 shm blocks
[08:07]   [ComfyUI] [SubprocessWorker] sending request via socket...
[08:07]   [ComfyUI] [SubprocessWorker] call_id=150 sending call_method
[08:07]   [ComfyUI] [worker:ComfyUI-GeometryPack] [comfy-env] _from_shm got dict with keys: ['__type__', 'strategy', 'parent_pid', 'fd', 'storage_size']
[08:07]   [ComfyUI] [worker:ComfyUI-GeometryPack] [comfy-env] DESERIALIZE TensorRef: tensor_size=[96, 3]
[08:07]   [ComfyUI] [worker:ComfyUI-GeometryPack] [comfy-env] DESERIALIZED tensor shape: torch.Size([96, 3])
[08:07]   [ComfyUI] [worker:ComfyUI-GeometryPack] [comfy-env] _from_shm got dict with keys: ['__type__', 'strategy', 'parent_pid', 'fd', 'storage_size']
[08:07]   [ComfyUI] [worker:ComfyUI-GeometryPack] [comfy-env] DESERIALIZE TensorRef: tensor_size=[95, 2]
[08:07]   [ComfyUI] [worker:ComfyUI-GeometryPack] [comfy-env] DESERIALIZED tensor shape: torch.Size([95, 2])
[08:07]   [ComfyUI] [worker:ComfyUI-GeometryPack] INFO: Creating solid mesh: 96 joints, 95 bones
[08:07]   [ComfyUI] [worker:ComfyUI-GeometryPack] INFO: Skeleton metadata: scale=0.515, normalized=False
[08:07]   [ComfyUI] [worker:ComfyUI-GeometryPack] INFO: Input skeleton bounding box:
[08:07]   [ComfyUI] [worker:ComfyUI-GeometryPack] INFO:   Min: [-0.512, -0.315, -0.154]
[08:07]   [ComfyUI] [worker:ComfyUI-GeometryPack] INFO:   Max: [0.519, 0.320, 0.138]
[08:07]   [ComfyUI] [worker:ComfyUI-GeometryPack] INFO:   Size: [1.031, 0.635, 0.292]
[08:07]   [ComfyUI] [worker:ComfyUI-GeometryPack] INFO:   Center: [0.003, 0.002, -0.008]
[08:07]   [ComfyUI] [worker:ComfyUI-GeometryPack] INFO: Created mesh: 11118 vertices, 21472 faces
[08:07]   [ComfyUI] [worker:ComfyUI-GeometryPack] INFO: Output mesh bounding box:
[08:07]   [ComfyUI] [worker:ComfyUI-GeometryPack] INFO:   Min: [-0.531, -0.334, -0.174]
[08:07]   [ComfyUI] [worker:ComfyUI-GeometryPack] INFO:   Max: [0.538, 0.339, 0.158]
[08:07]   [ComfyUI] [worker:ComfyUI-GeometryPack] INFO:   Size: [1.070, 0.674, 0.332]
[08:07]   [ComfyUI] [worker:ComfyUI-GeometryPack] INFO:   Center: [0.003, 0.002, -0.008]
[08:07]   [ComfyUI] [SubprocessWorker] got response: ok
[08:07]   [ComfyUI] [comfy-env] GeomPackMeshFromSkeleton done (0.13s): result: NodeOutput
[08:07]   [ComfyUI] [comfy-env] Running GeomPackPreviewMeshMulti: mode: 'fields', mesh_1: Trimesh, mesh_2: Trimesh, mesh_3: Trimesh, mesh_4: Trimesh
[08:07]   [ComfyUI] [SubprocessWorker] call_method: nodes.visualization.preview_mesh_multi.PreviewMeshMultiNode.EXECUTE_NORMALIZED
[08:07]   [ComfyUI] [SubprocessWorker] acquired lock, ensuring started...
[08:07]   [ComfyUI] [ComfyUI-GeometryPack] Health check: ping (timeout=5.0s)...
[08:07]   [ComfyUI] [ComfyUI-GeometryPack] Health check: ok
[08:07]   [ComfyUI] [SubprocessWorker] worker started/confirmed
[08:07]   [ComfyUI] [SubprocessWorker] serializing kwargs to shm...
[08:07]   [ComfyUI] [SubprocessWorker] created 4 shm blocks
[08:07]   [ComfyUI] [SubprocessWorker] sending request via socket...
[08:07]   [ComfyUI] [SubprocessWorker] call_id=151 sending call_method
[08:07]   [ComfyUI] [worker:ComfyUI-GeometryPack] INFO: Mode: fields, Meshes: 4
[08:07]   [ComfyUI] [worker:ComfyUI-GeometryPack] INFO: Mesh 1: Mesh - 2761 vertices, 5520 faces
[08:07]   [ComfyUI] [worker:ComfyUI-GeometryPack] INFO: Exporting mesh to VTP: /home/runner/work/comfy-gpu-ci/comfy-gpu-ci/test_workspaces/GeometryPack-0031/ComfyUI/output/preview_multi_1_195a39bc.vtp
[08:08]   [ComfyUI] [worker:ComfyUI-GeometryPack] INFO: Adding normals field (2761 vertices)
[08:08]   [ComfyUI] [worker:ComfyUI-GeometryPack] INFO: Export complete: 2761 vertices, 5520 faces
[08:08]   [ComfyUI] [worker:ComfyUI-GeometryPack] INFO: Exported VTP: /home/runner/work/comfy-gpu-ci/comfy-gpu-ci/test_workspaces/GeometryPack-0031/ComfyUI/output/preview_multi_1_195a39bc.vtp
[08:08]   [ComfyUI] [worker:ComfyUI-GeometryPack] INFO: Mesh 2: Mesh - 11118 vertices, 21472 faces
[08:08]   [ComfyUI] [worker:ComfyUI-GeometryPack] INFO: Exporting mesh to VTP: /home/runner/work/comfy-gpu-ci/comfy-gpu-ci/test_workspaces/GeometryPack-0031/ComfyUI/output/preview_multi_2_195a39bc.vtp
[08:08]   [ComfyUI] [worker:ComfyUI-GeometryPack] INFO: Adding normals field (11118 vertices)
[08:08]   [ComfyUI] [worker:ComfyUI-GeometryPack] INFO: Export complete: 11118 vertices, 21472 faces
[08:08]   [ComfyUI] [worker:ComfyUI-GeometryPack] INFO: Exported VTP: /home/runner/work/comfy-gpu-ci/comfy-gpu-ci/test_workspaces/GeometryPack-0031/ComfyUI/output/preview_multi_2_195a39bc.vtp
[08:08]   [ComfyUI] [worker:ComfyUI-GeometryPack] INFO: Mesh 3: Mesh - 2882 vertices, 5568 faces
[08:08]   [ComfyUI] [worker:ComfyUI-GeometryPack] INFO: Exporting mesh to VTP: /home/runner/work/comfy-gpu-ci/comfy-gpu-ci/test_workspaces/GeometryPack-0031/ComfyUI/output/preview_multi_3_195a39bc.vtp
[08:08]   [ComfyUI] [worker:ComfyUI-GeometryPack] INFO: Adding normals field (2882 vertices)
[08:08]   [ComfyUI] [worker:ComfyUI-GeometryPack] INFO: Export complete: 2882 vertices, 5568 faces
[08:08]   [ComfyUI] [worker:ComfyUI-GeometryPack] INFO: Exported VTP: /home/runner/work/comfy-gpu-ci/comfy-gpu-ci/test_workspaces/GeometryPack-0031/ComfyUI/output/preview_multi_3_195a39bc.vtp
[08:08]   [ComfyUI] [worker:ComfyUI-GeometryPack] INFO: Mesh 4: Mesh - 6362 vertices, 12288 faces
[08:08]   [ComfyUI] [worker:ComfyUI-GeometryPack] INFO: Exporting mesh to VTP: /home/runner/work/comfy-gpu-ci/comfy-gpu-ci/test_workspaces/GeometryPack-0031/ComfyUI/output/preview_multi_4_195a39bc.vtp
[08:08]   [ComfyUI] [worker:ComfyUI-GeometryPack] INFO: Adding normals field (6362 vertices)
[08:08]   [ComfyUI] [worker:ComfyUI-GeometryPack] INFO: Export complete: 6362 vertices, 12288 faces
[08:08]   [ComfyUI] [worker:ComfyUI-GeometryPack] INFO: Exported VTP: /home/runner/work/comfy-gpu-ci/comfy-gpu-ci/test_workspaces/GeometryPack-0031/ComfyUI/output/preview_multi_4_195a39bc.vtp
[08:08]   [ComfyUI] [worker:ComfyUI-GeometryPack] INFO: Grid: 2x2, Preview ready
[08:08]   [ComfyUI] [SubprocessWorker] got response: ok
[08:08]   [ComfyUI] [comfy-env] GeomPackPreviewMeshMulti done (0.21s): result: NodeOutput
[08:08]   [ComfyUI] [comfy-env] Running GeomPackExtractSkeleton: fix_mesh: True, normalize: False, backend: dict, trimesh: Trimesh
[08:08]   [ComfyUI] [SubprocessWorker] call_method: nodes.skeleton.extract_skeleton.ExtractSkeleton.EXECUTE_NORMALIZED
[08:08]   [ComfyUI] [SubprocessWorker] acquired lock, ensuring started...
[08:08]   [ComfyUI] [ComfyUI-GeometryPack] Health check: ping (timeout=5.0s)...
[08:08]   [ComfyUI] [ComfyUI-GeometryPack] Health check: ok
[08:08]   [ComfyUI] [SubprocessWorker] worker started/confirmed
[08:08]   [ComfyUI] [SubprocessWorker] serializing kwargs to shm...
[08:08]   [ComfyUI] [SubprocessWorker] created 1 shm blocks
[08:08]   [ComfyUI] [SubprocessWorker] sending request via socket...
[08:08]   [ComfyUI] [SubprocessWorker] call_id=152 sending call_method
[08:08]   [ComfyUI] [worker:ComfyUI-GeometryPack] INFO: Extract Skeleton dispatch: teasar -> GeomPackSkeleton_Teasar
[08:08]   [ComfyUI] [SubprocessWorker] got response: ok
[08:08]   [ComfyUI] [comfy-env] GeomPackExtractSkeleton done (0.01s): result: NodeOutput
[08:08]   [ComfyUI] [comfy-env] Running GeomPackSkeleton_Teasar: trimesh: Trimesh, fix_mesh: True, normalize: False, inv_dist: 10.0, min_length: 0.0
[08:08]   [ComfyUI] [SubprocessWorker] call_method: nodes.skeleton.backends.teasar.SkeletonTeasarNode.EXECUTE_NORMALIZED
[08:08]   [ComfyUI] [SubprocessWorker] acquired lock, ensuring started...
[08:08]   [ComfyUI] [ComfyUI-GeometryPack] Health check: ping (timeout=5.0s)...
[08:08]   [ComfyUI] [ComfyUI-GeometryPack] Health check: ok
[08:08]   [ComfyUI] [SubprocessWorker] worker started/confirmed
[08:08]   [ComfyUI] [SubprocessWorker] serializing kwargs to shm...
[08:08]   [ComfyUI] [SubprocessWorker] created 1 shm blocks
[08:08]   [ComfyUI] [SubprocessWorker] sending request via socket...
[08:08]   [ComfyUI] [SubprocessWorker] call_id=153 sending call_method
[08:08]   [ComfyUI] [worker:ComfyUI-GeometryPack] INFO: Backend: teasar
[08:08]   Node executed (1 total), capturing...
[08:08]   [ComfyUI] 
[08:08]   [ComfyUI] Invalidating:   0%|          | 0/2761 [00:00<?, ?it/s]
[08:08]   [ComfyUI] 
[08:08]   [ComfyUI] [SubprocessWorker] got response: ok
[08:08]   [ComfyUI] [comfy-env] GeomPackSkeleton_Teasar done (0.24s): result: NodeOutput
[08:08]   [ComfyUI] [comfy-env] Running GeomPackMeshFromSkeleton: joint_radius: 0.02, bone_radius: 0.01, skeleton: dict
[08:08]   [ComfyUI] [SubprocessWorker] call_method: nodes.skeleton.mesh_from_skeleton.SkeletonToMesh.EXECUTE_NORMALIZED
[08:08]   [ComfyUI] [SubprocessWorker] acquired lock, ensuring started...
[08:08]   [ComfyUI] [ComfyUI-GeometryPack] Health check: ping (timeout=5.0s)...
[08:08]   [ComfyUI] [ComfyUI-GeometryPack] Health check: ok
[08:08]   [ComfyUI] [SubprocessWorker] worker started/confirmed
[08:08]   [ComfyUI] [SubprocessWorker] serializing kwargs to shm...
[08:08]   [ComfyUI] [SubprocessWorker] created 0 shm blocks
[08:08]   [ComfyUI] [SubprocessWorker] sending request via socket...
[08:08]   [ComfyUI] [SubprocessWorker] call_id=154 sending call_method
[08:08]   [ComfyUI] [worker:ComfyUI-GeometryPack] [comfy-env] _from_shm got dict with keys: ['__type__', 'strategy', 'parent_pid', 'fd', 'storage_size']
[08:08]   [ComfyUI] [worker:ComfyUI-GeometryPack] [comfy-env] DESERIALIZE TensorRef: tensor_size=[37, 3]
[08:08]   [ComfyUI] [worker:ComfyUI-GeometryPack] [comfy-env] DESERIALIZED tensor shape: torch.Size([37, 3])
[08:08]   [ComfyUI] [worker:ComfyUI-GeometryPack] [comfy-env] _from_shm got dict with keys: ['__type__', 'strategy', 'parent_pid', 'fd', 'storage_size']
[08:08]   [ComfyUI] [worker:ComfyUI-GeometryPack] [comfy-env] DESERIALIZE TensorRef: tensor_size=[36, 2]
[08:08]   [ComfyUI] [worker:ComfyUI-GeometryPack] [comfy-env] DESERIALIZED tensor shape: torch.Size([36, 2])
[08:08]   [ComfyUI] [worker:ComfyUI-GeometryPack] INFO: Creating solid mesh: 37 joints, 36 bones
[08:08]   [ComfyUI] [worker:ComfyUI-GeometryPack] INFO: Skeleton metadata: scale=0.325, normalized=False
[08:08]   [ComfyUI] [worker:ComfyUI-GeometryPack] INFO: Input skeleton bounding box:
[08:08]   [ComfyUI] [worker:ComfyUI-GeometryPack] INFO:   Min: [-0.498, -0.152, -0.129]
[08:08]   [ComfyUI] [worker:ComfyUI-GeometryPack] INFO:   Max: [0.152, 0.231, 0.017]
[08:08]   [ComfyUI] [worker:ComfyUI-GeometryPack] INFO:   Size: [0.650, 0.383, 0.146]
[08:08]   [ComfyUI] [worker:ComfyUI-GeometryPack] INFO:   Center: [-0.173, 0.040, -0.056]
[08:08]   [ComfyUI] [worker:ComfyUI-GeometryPack] INFO: Created mesh: 4274 vertices, 8256 faces
[08:08]   [ComfyUI] [worker:ComfyUI-GeometryPack] INFO: Output mesh bounding box:
[08:08]   [ComfyUI] [worker:ComfyUI-GeometryPack] INFO:   Min: [-0.518, -0.171, -0.149]
[08:08]   [ComfyUI] [worker:ComfyUI-GeometryPack] INFO:   Max: [0.171, 0.251, 0.037]
[08:08]   [ComfyUI] [worker:ComfyUI-GeometryPack] INFO:   Size: [0.689, 0.422, 0.186]
[08:08]   [ComfyUI] [worker:ComfyUI-GeometryPack] INFO:   Center: [-0.173, 0.040, -0.056]
[08:08]   [ComfyUI] [SubprocessWorker] got response: ok
[08:08]   [ComfyUI] [comfy-env] GeomPackMeshFromSkeleton done (0.08s): result: NodeOutput
[08:08]   [ComfyUI] [comfy-env] Running GeomPackPreviewMeshMulti: mode: 'fields', mesh_1: Trimesh, mesh_2: Trimesh
[08:08]   [ComfyUI] [SubprocessWorker] call_method: nodes.visualization.preview_mesh_multi.PreviewMeshMultiNode.EXECUTE_NORMALIZED
[08:08]   [ComfyUI] [SubprocessWorker] acquired lock, ensuring started...
[08:08]   [ComfyUI] [ComfyUI-GeometryPack] Health check: ping (timeout=5.0s)...
[08:08]   [ComfyUI] [ComfyUI-GeometryPack] Health check: ok
[08:08]   [ComfyUI] [SubprocessWorker] worker started/confirmed
[08:08]   [ComfyUI] [SubprocessWorker] serializing kwargs to shm...
[08:08]   [ComfyUI] [SubprocessWorker] created 2 shm blocks
[08:08]   [ComfyUI] [SubprocessWorker] sending request via socket...
[08:08]   [ComfyUI] [SubprocessWorker] call_id=155 sending call_method
[08:08]   [ComfyUI] [worker:ComfyUI-GeometryPack] INFO: Mode: fields, Meshes: 2
[08:08]   [ComfyUI] [worker:ComfyUI-GeometryPack] INFO: Mesh 1: Mesh - 4274 vertices, 8256 faces
[08:08]   [ComfyUI] [worker:ComfyUI-GeometryPack] INFO: Exporting mesh to VTP: /home/runner/work/comfy-gpu-ci/comfy-gpu-ci/test_workspaces/GeometryPack-0031/ComfyUI/output/preview_multi_1_23f4018a.vtp
[08:08]   [ComfyUI] [worker:ComfyUI-GeometryPack] INFO: Adding normals field (4274 vertices)
[08:08]   [ComfyUI] [worker:ComfyUI-GeometryPack] INFO: Export complete: 4274 vertices, 8256 faces
[08:08]   [ComfyUI] [worker:ComfyUI-GeometryPack] INFO: Exported VTP: /home/runner/work/comfy-gpu-ci/comfy-gpu-ci/test_workspaces/GeometryPack-0031/ComfyUI/output/preview_multi_1_23f4018a.vtp
[08:08]   [ComfyUI] [worker:ComfyUI-GeometryPack] INFO: Mesh 2: Mesh - 6362 vertices, 12288 faces
[08:08]   [ComfyUI] [worker:ComfyUI-GeometryPack] INFO: Exporting mesh to VTP: /home/runner/work/comfy-gpu-ci/comfy-gpu-ci/test_workspaces/GeometryPack-0031/ComfyUI/output/preview_multi_2_23f4018a.vtp
[08:08]   [ComfyUI] [worker:ComfyUI-GeometryPack] INFO: Adding normals field (6362 vertices)
[08:08]   [ComfyUI] [worker:ComfyUI-GeometryPack] INFO: Export complete: 6362 vertices, 12288 faces
[08:08]   [ComfyUI] [worker:ComfyUI-GeometryPack] INFO: Exported VTP: /home/runner/work/comfy-gpu-ci/comfy-gpu-ci/test_workspaces/GeometryPack-0031/ComfyUI/output/preview_multi_2_23f4018a.vtp
[08:08]   [ComfyUI] [worker:ComfyUI-GeometryPack] INFO: Grid: 2x1, Preview ready
[08:08]   [ComfyUI] [SubprocessWorker] got response: ok
[08:08]   [ComfyUI] [comfy-env] GeomPackPreviewMeshMulti done (0.13s): result: NodeOutput
[08:08]   [ComfyUI] Prompt executed in 3.84 seconds
[08:09]   Frame 3 saved (frame_002.jpg, t=3.8s)
[08:09]   [capture-node] freeze=555ms shot=623ms unfreeze=7ms saved=True
[08:09]   Node executed (2 total), capturing...
[08:10]   Frame 4 saved (frame_003.jpg, t=5.2s)
[08:10]   [capture-node] freeze=2ms shot=108ms unfreeze=0ms saved=True
[08:10]   Execution complete (t=5.2s)
[08:10]   Captured 4 unique frames over 5.4s
[08:10]   [debug] iframes: 2
[08:10]   [debug]   iframe[0]: src=http://127.0.0.1:41895/extensions/ComfyUI-GeometryPack/viewer_multi.html?v=17784, canvas=368x393, rafFrozen=True
[08:10]   [debug]   iframe[1]: src=http://127.0.0.1:41895/extensions/ComfyUI-GeometryPack/viewer_multi.html?v=17784, canvas=368x195, rafFrozen=True
[08:10]   [timing] trigger_3d_previews: 0.0s
[08:12]   Saved high-quality screenshot: skeleton_all_executed.png
[08:12]   [timing] final_screenshot: 0.3s
[08:12] Capturing execution frames: skeleton_extraction.json
[08:18]   Frame 1 saved (frame_000.jpg, t=0.0s)
[08:18]   Validating workflow...
[08:18]   [ComfyUI] === /validate endpoint called ===
[08:18]   [ComfyUI] Received JSON with keys: ['prompt']
[08:18]   [ComfyUI] Prompt has 4 nodes
[08:18]   [ComfyUI]   Node 1: GeomPackLoadMesh
[08:18]   [ComfyUI]     Inputs: {"file_path": "3d/cow.off"}
[08:18]   [ComfyUI]   Node 3: GeomPackMeshFromSkeleton
[08:18]   [ComfyUI]     Inputs: {"joint_radius": 0.02, "bone_radius": 0.01, "skeleton": ["6", 0]}
[08:18]   [ComfyUI]   Node 5: GeomPackPreviewMeshDual
[08:18]   [ComfyUI]     Inputs: {"layout": "overlay", "mode": "fields", "opacity_1": 0.5, "opacity_2": 0.5, "preview_dual": "{\"show_edges\":false,\"camera_state\":\"{\\\"position\\\":[1.3662524844520427,1.1685429744811375,-2.017582
[08:18]   Queuing workflow for execution...
[08:18]   [ComfyUI]   Node 6: GeomPackExtractSkeleton
[08:18]   [ComfyUI]     Inputs: {"fix_mesh": "wavefront", "normalize": false, "backend": "wavefront", "backend.waves": 1, "backend.step_size": 1, "trimesh": ["1", 0]}
[08:18]   [ComfyUI] Generated prompt_id: 88a648c0-8cb5-4150-bea3-0f953a7ea134
[08:18]   [ComfyUI] Calling execution.validate_prompt()...
[08:18]   [ComfyUI] Validation result: valid=True
[08:18]   [ComfyUI] === Validation PASSED ===
[08:18]   [ComfyUI] got prompt
[08:18]   [ComfyUI] [comfy-env] Running GeomPackLoadMesh: file_path: '3d/cow.off'
[08:18]   [ComfyUI] [SubprocessWorker] call_method: nodes.io.load_mesh.LoadMesh.EXECUTE_NORMALIZED
[08:18]   [ComfyUI] [SubprocessWorker] acquired lock, ensuring started...
[08:18]   [ComfyUI] [ComfyUI-GeometryPack] Health check: ping (timeout=5.0s)...
[08:18]   [ComfyUI] [ComfyUI-GeometryPack] Health check: ok
[08:18]   [ComfyUI] [SubprocessWorker] worker started/confirmed
[08:18]   [ComfyUI] [SubprocessWorker] serializing kwargs to shm...
[08:18]   [ComfyUI] [SubprocessWorker] created 0 shm blocks
[08:18]   [ComfyUI] [SubprocessWorker] sending request via socket...
[08:18]   [ComfyUI] [SubprocessWorker] call_id=156 sending call_method
[08:18]   [ComfyUI] [worker:ComfyUI-GeometryPack] INFO: Found mesh in input folder: 3d/cow.off
[08:18]   [ComfyUI] [worker:ComfyUI-GeometryPack] INFO: Loading: /home/runner/work/comfy-gpu-ci/comfy-gpu-ci/test_workspaces/GeometryPack-0031/ComfyUI/input/3d/cow.off
[08:18]   [ComfyUI] [worker:ComfyUI-GeometryPack] INFO: Initial mesh: 2761 vertices, 5520 faces
[08:18]   [ComfyUI] [worker:ComfyUI-GeometryPack] INFO: Successfully loaded: 2761 vertices, 5520 faces
[08:18]   [ComfyUI] [worker:ComfyUI-GeometryPack] INFO: Loaded: 2761 vertices, 5520 faces
[08:18]   [ComfyUI] [SubprocessWorker] got response: ok
[08:18]   [ComfyUI] [comfy-env] GeomPackLoadMesh done (0.04s): result: NodeOutput
[08:18]   [ComfyUI] [comfy-env] Running GeomPackExtractSkeleton: fix_mesh: True, normalize: False, backend: dict, trimesh: Trimesh
[08:18]   [ComfyUI] [SubprocessWorker] call_method: nodes.skeleton.extract_skeleton.ExtractSkeleton.EXECUTE_NORMALIZED
[08:18]   [ComfyUI] [SubprocessWorker] acquired lock, ensuring started...
[08:18]   [ComfyUI] [ComfyUI-GeometryPack] Health check: ping (timeout=5.0s)...
[08:18]   [ComfyUI] [ComfyUI-GeometryPack] Health check: ok
[08:18]   [ComfyUI] [SubprocessWorker] worker started/confirmed
[08:18]   [ComfyUI] [SubprocessWorker] serializing kwargs to shm...
[08:18]   [ComfyUI] [SubprocessWorker] created 1 shm blocks
[08:18]   [ComfyUI] [SubprocessWorker] sending request via socket...
[08:18]   [ComfyUI] [SubprocessWorker] call_id=157 sending call_method
[08:18]   [ComfyUI] [worker:ComfyUI-GeometryPack] INFO: Extract Skeleton dispatch: wavefront -> GeomPackSkeleton_Wavefront
[08:18]   [ComfyUI] [SubprocessWorker] got response: ok
[08:18]   [ComfyUI] [comfy-env] GeomPackExtractSkeleton done (0.01s): result: NodeOutput
[08:18]   [ComfyUI] [comfy-env] Running GeomPackSkeleton_Wavefront: trimesh: Trimesh, fix_mesh: True, normalize: False, waves: 1, step_size: 1.0
[08:18]   [ComfyUI] [SubprocessWorker] call_method: nodes.skeleton.backends.wavefront.SkeletonWavefrontNode.EXECUTE_NORMALIZED
[08:18]   [ComfyUI] [SubprocessWorker] acquired lock, ensuring started...
[08:18]   [ComfyUI] [ComfyUI-GeometryPack] Health check: ping (timeout=5.0s)...
[08:18]   [ComfyUI] [ComfyUI-GeometryPack] Health check: ok
[08:18]   [ComfyUI] [SubprocessWorker] worker started/confirmed
[08:18]   [ComfyUI] [SubprocessWorker] serializing kwargs to shm...
[08:18]   [ComfyUI] [SubprocessWorker] created 1 shm blocks
[08:18]   [ComfyUI] [SubprocessWorker] sending request via socket...
[08:18]   [ComfyUI] [SubprocessWorker] call_id=158 sending call_method
[08:18]   [ComfyUI] [worker:ComfyUI-GeometryPack] INFO: Backend: wavefront
[08:18]   [ComfyUI] 
[08:18]   [ComfyUI] Skeletonizing:   0%|          | 0/2761 [00:00<?, ?it/s]
[08:18]   [ComfyUI] Skeletonizing: 100%|██████████| 2761/2761 [00:00<00:00, 212197.63it/s]
[08:18]   [ComfyUI] [SubprocessWorker] got response: ok
[08:18]   [ComfyUI] [comfy-env] GeomPackSkeleton_Wavefront done (0.08s): result: NodeOutput
[08:18]   [ComfyUI] [comfy-env] Running GeomPackMeshFromSkeleton: joint_radius: 0.02, bone_radius: 0.01, skeleton: dict
[08:18]   [ComfyUI] [SubprocessWorker] call_method: nodes.skeleton.mesh_from_skeleton.SkeletonToMesh.EXECUTE_NORMALIZED
[08:18]   [ComfyUI] [SubprocessWorker] acquired lock, ensuring started...
[08:18]   [ComfyUI] [ComfyUI-GeometryPack] Health check: ping (timeout=5.0s)...
[08:18]   [ComfyUI] [ComfyUI-GeometryPack] Health check: ok
[08:18]   [ComfyUI] [SubprocessWorker] worker started/confirmed
[08:18]   [ComfyUI] [SubprocessWorker] serializing kwargs to shm...
[08:18]   [ComfyUI] [SubprocessWorker] created 0 shm blocks
[08:18]   [ComfyUI] [SubprocessWorker] sending request via socket...
[08:18]   [ComfyUI] [SubprocessWorker] call_id=159 sending call_method
[08:18]   [ComfyUI] [worker:ComfyUI-GeometryPack] [comfy-env] _from_shm got dict with keys: ['__type__', 'strategy', 'parent_pid', 'fd', 'storage_size']
[08:18]   [ComfyUI] [worker:ComfyUI-GeometryPack] [comfy-env] DESERIALIZE TensorRef: tensor_size=[96, 3]
[08:18]   [ComfyUI] [worker:ComfyUI-GeometryPack] [comfy-env] DESERIALIZED tensor shape: torch.Size([96, 3])
[08:18]   [ComfyUI] [worker:ComfyUI-GeometryPack] [comfy-env] _from_shm got dict with keys: ['__type__', 'strategy', 'parent_pid', 'fd', 'storage_size']
[08:18]   [ComfyUI] [worker:ComfyUI-GeometryPack] [comfy-env] DESERIALIZE TensorRef: tensor_size=[95, 2]
[08:18]   [ComfyUI] [worker:ComfyUI-GeometryPack] [comfy-env] DESERIALIZED tensor shape: torch.Size([95, 2])
[08:18]   [ComfyUI] [worker:ComfyUI-GeometryPack] INFO: Creating solid mesh: 96 joints, 95 bones
[08:18]   [ComfyUI] [worker:ComfyUI-GeometryPack] INFO: Skeleton metadata: scale=0.515, normalized=False
[08:18]   [ComfyUI] [worker:ComfyUI-GeometryPack] INFO: Input skeleton bounding box:
[08:18]   [ComfyUI] [worker:ComfyUI-GeometryPack] INFO:   Min: [-0.512, -0.315, -0.154]
[08:18]   [ComfyUI] [worker:ComfyUI-GeometryPack] INFO:   Max: [0.519, 0.320, 0.138]
[08:18]   [ComfyUI] [worker:ComfyUI-GeometryPack] INFO:   Size: [1.031, 0.635, 0.292]
[08:18]   [ComfyUI] [worker:ComfyUI-GeometryPack] INFO:   Center: [0.003, 0.002, -0.008]
[08:18]   [ComfyUI] [worker:ComfyUI-GeometryPack] INFO: Created mesh: 11118 vertices, 21472 faces
[08:18]   [ComfyUI] [worker:ComfyUI-GeometryPack] INFO: Output mesh bounding box:
[08:18]   [ComfyUI] [worker:ComfyUI-GeometryPack] INFO:   Min: [-0.531, -0.334, -0.174]
[08:18]   [ComfyUI] [worker:ComfyUI-GeometryPack] INFO:   Max: [0.538, 0.339, 0.158]
[08:18]   [ComfyUI] [worker:ComfyUI-GeometryPack] INFO:   Size: [1.070, 0.674, 0.332]
[08:18]   [ComfyUI] [worker:ComfyUI-GeometryPack] INFO:   Center: [0.003, 0.002, -0.008]
[08:18]   [ComfyUI] [SubprocessWorker] got response: ok
[08:18]   [ComfyUI] [comfy-env] GeomPackMeshFromSkeleton done (0.14s): result: NodeOutput
[08:18]   [ComfyUI] [comfy-env] Running GeomPackPreviewMeshDual: layout: 'overlay', mode: 'fields', opacity_1: 0.5, opacity_2: 0.5, mesh_1: Trimesh, mesh_2: Trimesh
[08:18]   [ComfyUI] [SubprocessWorker] call_method: nodes.visualization.preview_mesh_dual.PreviewMeshDualNode.EXECUTE_NORMALIZED
[08:18]   [ComfyUI] [SubprocessWorker] acquired lock, ensuring started...
[08:18]   [ComfyUI] [ComfyUI-GeometryPack] Health check: ping (timeout=5.0s)...
[08:18]   [ComfyUI] [ComfyUI-GeometryPack] Health check: ok
[08:18]   [ComfyUI] [SubprocessWorker] worker started/confirmed
[08:18]   [ComfyUI] [SubprocessWorker] serializing kwargs to shm...
[08:18]   [ComfyUI] [SubprocessWorker] created 2 shm blocks
[08:18]   [ComfyUI] [SubprocessWorker] sending request via socket...
[08:18]   [ComfyUI] [SubprocessWorker] call_id=160 sending call_method
[08:18]   [ComfyUI] [worker:ComfyUI-GeometryPack] INFO: Layout: overlay, Mode: fields
[08:18]   [ComfyUI] [worker:ComfyUI-GeometryPack] INFO: Mesh 1: Mesh - 11118 vertices, 21472 faces
[08:18]   [ComfyUI] [worker:ComfyUI-GeometryPack] INFO: Mesh 2: Mesh - 2761 vertices, 5520 faces
[08:18]   [ComfyUI] [worker:ComfyUI-GeometryPack] INFO: Mesh 1 fields: []
[08:18]   [ComfyUI] [worker:ComfyUI-GeometryPack] INFO: Mesh 2 fields: []
[08:18]   [ComfyUI] [worker:ComfyUI-GeometryPack] INFO: Common fields: []
[08:18]   [ComfyUI] [worker:ComfyUI-GeometryPack] INFO: Mesh 1 visual: kind=None, texture=False, vertex_colors=False
[08:18]   [ComfyUI] [worker:ComfyUI-GeometryPack] INFO: Mesh 2 visual: kind=None, texture=False, vertex_colors=False
[08:18]   [ComfyUI] [worker:ComfyUI-GeometryPack] INFO: Added mesh_id field and red/blue colors for overlay
[08:18]   [ComfyUI] [worker:ComfyUI-GeometryPack] INFO: Exporting mesh to VTP: /home/runner/work/comfy-gpu-ci/comfy-gpu-ci/test_workspaces/GeometryPack-0031/ComfyUI/output/preview_dual_overlay_40bf9efd.vtp
[08:18]   [ComfyUI] [worker:ComfyUI-GeometryPack] INFO: Adding normals field (13879 vertices)
[08:18]   [ComfyUI] [worker:ComfyUI-GeometryPack] INFO: Adding scalar field: mesh_id (components: 1)
[08:18]   [ComfyUI] [worker:ComfyUI-GeometryPack] INFO: Export complete: 13879 vertices, 26992 faces
[08:18]   [ComfyUI] [worker:ComfyUI-GeometryPack] INFO: Exported combined VTP: /home/runner/work/comfy-gpu-ci/comfy-gpu-ci/test_workspaces/GeometryPack-0031/ComfyUI/output/preview_dual_overlay_40bf9efd.vtp
[08:18]   [ComfyUI] [worker:ComfyUI-GeometryPack] INFO: Combined Mesh: 13879 vertices, 26992 faces
[08:18]   [ComfyUI] [worker:ComfyUI-GeometryPack] INFO: Preview ready
[08:18]   [ComfyUI] [SubprocessWorker] got response: ok
[08:18]   [ComfyUI] [comfy-env] GeomPackPreviewMeshDual done (0.13s): result: NodeOutput
[08:18]   [ComfyUI] Prompt executed in 0.40 seconds
[08:19]   Node executed (1 total), capturing...
[08:19]   Frame 2 saved (frame_001.jpg, t=0.8s)
[08:19]   [capture-node] freeze=55ms shot=127ms unfreeze=0ms saved=True
[08:19]   Execution complete (t=0.8s)
[08:19]   Captured 2 unique frames over 1.02s
[08:19]   [debug] iframes: 1
[08:19]   [debug]   iframe[0]: src=http://127.0.0.1:41895/extensions/ComfyUI-GeometryPack/viewer_dual.html?v=177845, canvas=742x485, rafFrozen=True
[08:19]   [timing] trigger_3d_previews: 0.0s
[08:21]   Saved high-quality screenshot: skeleton_extraction_executed.png
[08:21]   [timing] final_screenshot: 0.2s
[08:22] Capturing execution frames: smooth_all.json
[08:27]   Frame 1 saved (frame_000.jpg, t=0.0s)
[08:27]   Validating workflow...
[08:27]   [ComfyUI] === /validate endpoint called ===
[08:27]   [ComfyUI] Received JSON with keys: ['prompt']
[08:27]   [ComfyUI] Prompt has 8 nodes
[08:27]   [ComfyUI]   Node 1: GeomPackLoadMesh
[08:27]   [ComfyUI]     Inputs: {"file_path": "3d/cow.off"}
[08:27]   [ComfyUI]   Node 2: GeomPackSmoothMesh
[08:27]   [ComfyUI]     Inputs: {"backend": "taubin", "backend.iterations": 5, "backend.lambda_": 0.5, "backend.mu": -0.53, "trimesh": ["1", 0]}
[08:27]   [ComfyUI]   Node 3: GeomPackSmoothMesh
[08:27]   [ComfyUI]     Inputs: {"backend": "laplacian", "backend.iterations": 5, "backend.cotangent_weight": "true", "trimesh": ["1", 0]}
[08:27]   [ComfyUI]   Node 4: GeomPackSmoothMesh
[08:27]   [ComfyUI]     Inputs: {"backend": "hc_laplacian", "trimesh": ["1", 0]}
[08:27]   [ComfyUI]   Node 5: GeomPackSmoothMesh
[08:27]   [ComfyUI]     Inputs: {"backend": "trimesh_laplacian", "backend.iterations": 7, "backend.lambda_": 0.5, "trimesh": ["1", 0]}
[08:27]   Queuing workflow for execution...
[08:27]   [ComfyUI]   Node 6: GeomPackSmoothMesh
[08:27]   [ComfyUI]     Inputs: {"backend": "trimesh_taubin", "backend.iterations": 10, "backend.lambda_": 0.6, "backend.mu": -0.53, "trimesh": ["1", 0]}
[08:27]   [ComfyUI]   Node 8: GeomPackPreviewMeshMulti
[08:27]   [ComfyUI]     Inputs: {"mode": "fields", "preview_multi": "{\"show_edges\":true,\"camera_state\":\"{\\\"position\\\":[-0.8124876310583045,0.33787129680966865,-2.241461606161383],\\\"focalPoint\\\":[0,-0.0000846534967422485
[08:27]   [ComfyUI]   Node 9: GeomPackPreviewMeshMulti
[08:27]   [ComfyUI]     Inputs: {"mode": "fields", "preview_multi": "{\"show_edges\":true,\"camera_state\":\"{\\\"position\\\":[-0.8124876310583045,0.33787129680966865,-2.241461606161383],\\\"focalPoint\\\":[0,-0.0000846534967422485
[08:27]   [ComfyUI] Generated prompt_id: b2603089-43eb-49d8-94dc-2c892404d78f
[08:27]   [ComfyUI] Calling execution.validate_prompt()...
[08:27]   [ComfyUI] Validation result: valid=True
[08:27]   [ComfyUI] === Validation PASSED ===
[08:27]   [ComfyUI] got prompt
[08:27]   [ComfyUI] [comfy-env] Running GeomPackLoadMesh: file_path: '3d/cow.off'
[08:27]   [ComfyUI] [SubprocessWorker] call_method: nodes.io.load_mesh.LoadMesh.EXECUTE_NORMALIZED
[08:27]   [ComfyUI] [SubprocessWorker] acquired lock, ensuring started...
[08:27]   [ComfyUI] [ComfyUI-GeometryPack] Health check: ping (timeout=5.0s)...
[08:27]   [ComfyUI] [ComfyUI-GeometryPack] Health check: ok
[08:27]   [ComfyUI] [SubprocessWorker] worker started/confirmed
[08:27]   [ComfyUI] [SubprocessWorker] serializing kwargs to shm...
[08:27]   [ComfyUI] [SubprocessWorker] created 0 shm blocks
[08:27]   [ComfyUI] [SubprocessWorker] sending request via socket...
[08:27]   [ComfyUI] [SubprocessWorker] call_id=161 sending call_method
[08:27]   [ComfyUI] [worker:ComfyUI-GeometryPack] INFO: Found mesh in input folder: 3d/cow.off
[08:27]   [ComfyUI] [worker:ComfyUI-GeometryPack] INFO: Loading: /home/runner/work/comfy-gpu-ci/comfy-gpu-ci/test_workspaces/GeometryPack-0031/ComfyUI/input/3d/cow.off
[08:27]   [ComfyUI] [worker:ComfyUI-GeometryPack] INFO: Initial mesh: 2761 vertices, 5520 faces
[08:27]   [ComfyUI] [worker:ComfyUI-GeometryPack] INFO: Successfully loaded: 2761 vertices, 5520 faces
[08:27]   [ComfyUI] [worker:ComfyUI-GeometryPack] INFO: Loaded: 2761 vertices, 5520 faces
[08:27]   [ComfyUI] [SubprocessWorker] got response: ok
[08:27]   [ComfyUI] [comfy-env] GeomPackLoadMesh done (0.04s): result: NodeOutput
[08:27]   [ComfyUI] [comfy-env] Running GeomPackSmoothMesh: backend: dict, trimesh: Trimesh
[08:27]   [ComfyUI] [SubprocessWorker] call_method: nodes.smoothing.smooth.SmoothMeshNode.EXECUTE_NORMALIZED
[08:27]   [ComfyUI] [SubprocessWorker] acquired lock, ensuring started...
[08:27]   [ComfyUI] [ComfyUI-GeometryPack] Health check: ping (timeout=5.0s)...
[08:27]   [ComfyUI] [ComfyUI-GeometryPack] Health check: ok
[08:27]   [ComfyUI] [SubprocessWorker] worker started/confirmed
[08:27]   [ComfyUI] [SubprocessWorker] serializing kwargs to shm...
[08:27]   [ComfyUI] [SubprocessWorker] created 1 shm blocks
[08:27]   [ComfyUI] [SubprocessWorker] sending request via socket...
[08:27]   [ComfyUI] [SubprocessWorker] call_id=162 sending call_method
[08:27]   [ComfyUI] [worker:ComfyUI-GeometryPack] INFO: Smooth dispatch: taubin -> GeomPackSmooth_Taubin
[08:27]   [ComfyUI] [SubprocessWorker] got response: ok
[08:27]   [ComfyUI] [comfy-env] GeomPackSmoothMesh done (0.01s): result: NodeOutput
[08:27]   [ComfyUI] [comfy-env] Running GeomPackSmoothMesh: backend: dict, trimesh: Trimesh
[08:27]   [ComfyUI] [SubprocessWorker] call_method: nodes.smoothing.smooth.SmoothMeshNode.EXECUTE_NORMALIZED
[08:27]   [ComfyUI] [SubprocessWorker] acquired lock, ensuring started...
[08:27]   [ComfyUI] [ComfyUI-GeometryPack] Health check: ping (timeout=5.0s)...
[08:27]   [ComfyUI] [ComfyUI-GeometryPack] Health check: ok
[08:27]   [ComfyUI] [SubprocessWorker] worker started/confirmed
[08:27]   [ComfyUI] [SubprocessWorker] serializing kwargs to shm...
[08:27]   [ComfyUI] [SubprocessWorker] created 1 shm blocks
[08:27]   [ComfyUI] [SubprocessWorker] sending request via socket...
[08:27]   [ComfyUI] [SubprocessWorker] call_id=163 sending call_method
[08:27]   [ComfyUI] [worker:ComfyUI-GeometryPack] INFO: Smooth dispatch: trimesh_taubin -> GeomPackSmooth_TrimeshTaubin
[08:27]   [ComfyUI] [SubprocessWorker] got response: ok
[08:27]   [ComfyUI] [comfy-env] GeomPackSmoothMesh done (0.01s): result: NodeOutput
[08:27]   [ComfyUI] [comfy-env] Running GeomPackSmoothMesh: backend: dict, trimesh: Trimesh
[08:27]   [ComfyUI] [SubprocessWorker] call_method: nodes.smoothing.smooth.SmoothMeshNode.EXECUTE_NORMALIZED
[08:27]   [ComfyUI] [SubprocessWorker] acquired lock, ensuring started...
[08:27]   [ComfyUI] [ComfyUI-GeometryPack] Health check: ping (timeout=5.0s)...
[08:27]   [ComfyUI] [ComfyUI-GeometryPack] Health check: ok
[08:27]   [ComfyUI] [SubprocessWorker] worker started/confirmed
[08:27]   [ComfyUI] [SubprocessWorker] serializing kwargs to shm...
[08:27]   [ComfyUI] [SubprocessWorker] created 1 shm blocks
[08:27]   [ComfyUI] [SubprocessWorker] sending request via socket...
[08:27]   [ComfyUI] [SubprocessWorker] call_id=164 sending call_method
[08:27]   [ComfyUI] [worker:ComfyUI-GeometryPack] INFO: Smooth dispatch: trimesh_laplacian -> GeomPackSmooth_TrimeshLaplacian
[08:27]   [ComfyUI] [SubprocessWorker] got response: ok
[08:27]   [ComfyUI] [comfy-env] GeomPackSmoothMesh done (0.01s): result: NodeOutput
[08:27]   [ComfyUI] [comfy-env] Running GeomPackSmoothMesh: backend: dict, trimesh: Trimesh
[08:27]   [ComfyUI] [SubprocessWorker] call_method: nodes.smoothing.smooth.SmoothMeshNode.EXECUTE_NORMALIZED
[08:27]   [ComfyUI] [SubprocessWorker] acquired lock, ensuring started...
[08:27]   [ComfyUI] [ComfyUI-GeometryPack] Health check: ping (timeout=5.0s)...
[08:27]   [ComfyUI] [ComfyUI-GeometryPack] Health check: ok
[08:27]   [ComfyUI] [SubprocessWorker] worker started/confirmed
[08:27]   [ComfyUI] [SubprocessWorker] serializing kwargs to shm...
[08:27]   [ComfyUI] [SubprocessWorker] created 1 shm blocks
[08:27]   [ComfyUI] [SubprocessWorker] sending request via socket...
[08:27]   [ComfyUI] [SubprocessWorker] call_id=165 sending call_method
[08:27]   [ComfyUI] [worker:ComfyUI-GeometryPack] INFO: Smooth dispatch: hc_laplacian -> GeomPackSmooth_HCLaplacian
[08:27]   [ComfyUI] [SubprocessWorker] got response: ok
[08:27]   [ComfyUI] [comfy-env] GeomPackSmoothMesh done (0.01s): result: NodeOutput
[08:27]   [ComfyUI] [comfy-env] Running GeomPackSmoothMesh: backend: dict, trimesh: Trimesh
[08:27]   [ComfyUI] [SubprocessWorker] call_method: nodes.smoothing.smooth.SmoothMeshNode.EXECUTE_NORMALIZED
[08:27]   [ComfyUI] [SubprocessWorker] acquired lock, ensuring started...
[08:27]   [ComfyUI] [ComfyUI-GeometryPack] Health check: ping (timeout=5.0s)...
[08:27]   [ComfyUI] [ComfyUI-GeometryPack] Health check: ok
[08:27]   [ComfyUI] [SubprocessWorker] worker started/confirmed
[08:27]   [ComfyUI] [SubprocessWorker] serializing kwargs to shm...
[08:27]   [ComfyUI] [SubprocessWorker] created 1 shm blocks
[08:27]   [ComfyUI] [SubprocessWorker] sending request via socket...
[08:27]   [ComfyUI] [SubprocessWorker] call_id=166 sending call_method
[08:27]   [ComfyUI] [worker:ComfyUI-GeometryPack] INFO: Smooth dispatch: laplacian -> GeomPackSmooth_Laplacian
[08:27]   [ComfyUI] [SubprocessWorker] got response: ok
[08:27]   [ComfyUI] [comfy-env] GeomPackSmoothMesh done (0.01s): result: NodeOutput
[08:27]   [ComfyUI] [comfy-env] Running GeomPackSmooth_Taubin: trimesh: Trimesh, iterations: 5, lambda_: 0.5, mu: -0.53
[08:27]   [ComfyUI] [SubprocessWorker] call_method: nodes.smoothing.smooth_backends.taubin.SmoothTaubinNode.EXECUTE_NORMALIZED
[08:27]   [ComfyUI] [SubprocessWorker] acquired lock, ensuring started...
[08:27]   [ComfyUI] [ComfyUI-GeometryPack] Health check: ping (timeout=5.0s)...
[08:27]   [ComfyUI] [ComfyUI-GeometryPack] Health check: ok
[08:27]   [ComfyUI] [SubprocessWorker] worker started/confirmed
[08:27]   [ComfyUI] [SubprocessWorker] serializing kwargs to shm...
[08:27]   [ComfyUI] [SubprocessWorker] created 1 shm blocks
[08:27]   [ComfyUI] [SubprocessWorker] sending request via socket...
[08:27]   [ComfyUI] [SubprocessWorker] call_id=167 sending call_method
[08:27]   [ComfyUI] [worker:ComfyUI-GeometryPack] INFO: Backend: taubin
[08:27]   [ComfyUI] [worker:ComfyUI-GeometryPack] INFO: Input: 2761 vertices, 5520 faces
[08:27]   [ComfyUI] [worker:ComfyUI-GeometryPack] INFO: Parameters: iterations=5, lambda=0.500, mu=-0.530
[08:27]   [ComfyUI] [worker:ComfyUI-GeometryPack] INFO: Output: 2761 vertices, 5520 faces
[08:27]   [ComfyUI] [worker:ComfyUI-GeometryPack] INFO: Avg vertex displacement: 0.003815, max: 0.025956
[08:27]   [ComfyUI] [SubprocessWorker] got response: ok
[08:27]   [ComfyUI] [comfy-env] GeomPackSmooth_Taubin done (0.02s): result: NodeOutput
[08:27]   [ComfyUI] [comfy-env] Running GeomPackSmooth_TrimeshTaubin: trimesh: Trimesh, iterations: 10, lambda_: 0.6, mu: -0.53
[08:27]   [ComfyUI] [SubprocessWorker] call_method: nodes.smoothing.smooth_backends.trimesh_taubin.SmoothTrimeshTaubinNode.EXECUTE_NORMALIZED
[08:27]   [ComfyUI] [SubprocessWorker] acquired lock, ensuring started...
[08:27]   [ComfyUI] [ComfyUI-GeometryPack] Health check: ping (timeout=5.0s)...
[08:27]   [ComfyUI] [ComfyUI-GeometryPack] Health check: ok
[08:27]   [ComfyUI] [SubprocessWorker] worker started/confirmed
[08:27]   [ComfyUI] [SubprocessWorker] serializing kwargs to shm...
[08:27]   [ComfyUI] [SubprocessWorker] created 1 shm blocks
[08:27]   [ComfyUI] [SubprocessWorker] sending request via socket...
[08:27]   [ComfyUI] [SubprocessWorker] call_id=168 sending call_method
[08:27]   [ComfyUI] [worker:ComfyUI-GeometryPack] INFO: Backend: trimesh_taubin
[08:27]   [ComfyUI] [worker:ComfyUI-GeometryPack] INFO: Input: 2761 vertices, 5520 faces
[08:27]   [ComfyUI] [worker:ComfyUI-GeometryPack] INFO: Parameters: iterations=10, lambda=0.600, mu=-0.530
[08:27]   [ComfyUI] [worker:ComfyUI-GeometryPack] INFO: Output: 2761 vertices, 5520 faces
[08:27]   [ComfyUI] [worker:ComfyUI-GeometryPack] INFO: Avg vertex displacement: 0.013246, max: 0.069047
[08:27]   [ComfyUI] [SubprocessWorker] got response: ok
[08:27]   [ComfyUI] [comfy-env] GeomPackSmooth_TrimeshTaubin done (0.02s): result: NodeOutput
[08:27]   [ComfyUI] [comfy-env] Running GeomPackSmooth_TrimeshLaplacian: trimesh: Trimesh, iterations: 7, lambda_: 0.5
[08:27]   [ComfyUI] [SubprocessWorker] call_method: nodes.smoothing.smooth_backends.trimesh_laplacian.SmoothTrimeshLaplacianNode.EXECUTE_NORMALIZED
[08:27]   [ComfyUI] [SubprocessWorker] acquired lock, ensuring started...
[08:27]   [ComfyUI] [ComfyUI-GeometryPack] Health check: ping (timeout=5.0s)...
[08:27]   [ComfyUI] [ComfyUI-GeometryPack] Health check: ok
[08:27]   [ComfyUI] [SubprocessWorker] worker started/confirmed
[08:27]   [ComfyUI] [SubprocessWorker] serializing kwargs to shm...
[08:27]   [ComfyUI] [SubprocessWorker] created 1 shm blocks
[08:27]   [ComfyUI] [SubprocessWorker] sending request via socket...
[08:27]   [ComfyUI] [SubprocessWorker] call_id=169 sending call_method
[08:27]   [ComfyUI] [worker:ComfyUI-GeometryPack] INFO: Backend: trimesh_laplacian
[08:27]   [ComfyUI] [worker:ComfyUI-GeometryPack] INFO: Input: 2761 vertices, 5520 faces
[08:27]   [ComfyUI] [worker:ComfyUI-GeometryPack] INFO: Parameters: iterations=7, lambda=0.500
[08:28]   [ComfyUI] [worker:ComfyUI-GeometryPack] INFO: Output: 2761 vertices, 5520 faces
[08:28]   [ComfyUI] [worker:ComfyUI-GeometryPack] INFO: Avg vertex displacement: 0.013786, max: 0.047123
[08:28]   [ComfyUI] [SubprocessWorker] got response: ok
[08:28]   [ComfyUI] [comfy-env] GeomPackSmooth_TrimeshLaplacian done (0.04s): result: NodeOutput
[08:28]   [ComfyUI] [comfy-env] Running GeomPackPreviewMeshMulti: mode: 'fields', mesh_1: Trimesh, mesh_2: Trimesh
[08:28]   [ComfyUI] [SubprocessWorker] call_method: nodes.visualization.preview_mesh_multi.PreviewMeshMultiNode.EXECUTE_NORMALIZED
[08:28]   [ComfyUI] [SubprocessWorker] acquired lock, ensuring started...
[08:28]   [ComfyUI] [ComfyUI-GeometryPack] Health check: ping (timeout=5.0s)...
[08:28]   [ComfyUI] [ComfyUI-GeometryPack] Health check: ok
[08:28]   [ComfyUI] [SubprocessWorker] worker started/confirmed
[08:28]   [ComfyUI] [SubprocessWorker] serializing kwargs to shm...
[08:28]   [ComfyUI] [SubprocessWorker] created 2 shm blocks
[08:28]   [ComfyUI] [SubprocessWorker] sending request via socket...
[08:28]   [ComfyUI] [SubprocessWorker] call_id=170 sending call_method
[08:28]   [ComfyUI] [worker:ComfyUI-GeometryPack] INFO: Mode: fields, Meshes: 2
[08:28]   [ComfyUI] [worker:ComfyUI-GeometryPack] INFO: Mesh 1: Mesh - 2761 vertices, 5520 faces
[08:28]   [ComfyUI] [worker:ComfyUI-GeometryPack] INFO: Exporting mesh to VTP: /home/runner/work/comfy-gpu-ci/comfy-gpu-ci/test_workspaces/GeometryPack-0031/ComfyUI/output/preview_multi_1_691ecb98.vtp
[08:28]   [ComfyUI] [worker:ComfyUI-GeometryPack] INFO: Adding normals field (2761 vertices)
[08:28]   [ComfyUI] [worker:ComfyUI-GeometryPack] INFO: Export complete: 2761 vertices, 5520 faces
[08:28]   [ComfyUI] [worker:ComfyUI-GeometryPack] INFO: Exported VTP: /home/runner/work/comfy-gpu-ci/comfy-gpu-ci/test_workspaces/GeometryPack-0031/ComfyUI/output/preview_multi_1_691ecb98.vtp
[08:28]   [ComfyUI] [worker:ComfyUI-GeometryPack] INFO: Mesh 2: Mesh - 2761 vertices, 5520 faces
[08:28]   [ComfyUI] [worker:ComfyUI-GeometryPack] INFO: Exporting mesh to VTP: /home/runner/work/comfy-gpu-ci/comfy-gpu-ci/test_workspaces/GeometryPack-0031/ComfyUI/output/preview_multi_2_691ecb98.vtp
[08:28]   Node executed (3 total), capturing...
[08:28]   [ComfyUI] [worker:ComfyUI-GeometryPack] INFO: Adding normals field (2761 vertices)
[08:28]   [ComfyUI] [worker:ComfyUI-GeometryPack] INFO: Export complete: 2761 vertices, 5520 faces
[08:28]   [ComfyUI] [worker:ComfyUI-GeometryPack] INFO: Exported VTP: /home/runner/work/comfy-gpu-ci/comfy-gpu-ci/test_workspaces/GeometryPack-0031/ComfyUI/output/preview_multi_2_691ecb98.vtp
[08:28]   [ComfyUI] [worker:ComfyUI-GeometryPack] INFO: Grid: 2x1, Preview ready
[08:28]   [ComfyUI] [SubprocessWorker] got response: ok
[08:28]   [ComfyUI] [comfy-env] GeomPackPreviewMeshMulti done (0.08s): result: NodeOutput
[08:28]   [ComfyUI] [comfy-env] Running GeomPackSmooth_HCLaplacian: trimesh: Trimesh
[08:28]   [ComfyUI] [SubprocessWorker] call_method: nodes.smoothing.smooth_backends.hc_laplacian.SmoothHCLaplacianNode.EXECUTE_NORMALIZED
[08:28]   [ComfyUI] [SubprocessWorker] acquired lock, ensuring started...
[08:28]   [ComfyUI] [ComfyUI-GeometryPack] Health check: ping (timeout=5.0s)...
[08:28]   [ComfyUI] [ComfyUI-GeometryPack] Health check: ok
[08:28]   [ComfyUI] [SubprocessWorker] worker started/confirmed
[08:28]   [ComfyUI] [SubprocessWorker] serializing kwargs to shm...
[08:28]   [ComfyUI] [SubprocessWorker] created 1 shm blocks
[08:28]   [ComfyUI] [SubprocessWorker] sending request via socket...
[08:28]   [ComfyUI] [SubprocessWorker] call_id=171 sending call_method
[08:28]   [ComfyUI] [worker:ComfyUI-GeometryPack] INFO: Backend: hc_laplacian
[08:28]   [ComfyUI] [worker:ComfyUI-GeometryPack] INFO: Input: 2761 vertices, 5520 faces
[08:28]   [ComfyUI] [worker:ComfyUI-GeometryPack] INFO: Output: 2761 vertices, 5520 faces
[08:28]   [ComfyUI] [worker:ComfyUI-GeometryPack] INFO: Avg vertex displacement: 0.003891, max: 0.020931
[08:28]   [ComfyUI] [SubprocessWorker] got response: ok
[08:28]   [ComfyUI] [comfy-env] GeomPackSmooth_HCLaplacian done (0.02s): result: NodeOutput
[08:28]   [ComfyUI] [comfy-env] Running GeomPackSmooth_Laplacian: trimesh: Trimesh, iterations: 5, cotangent_weight: 'true'
[08:28]   [ComfyUI] [SubprocessWorker] call_method: nodes.smoothing.smooth_backends.laplacian.SmoothLaplacianNode.EXECUTE_NORMALIZED
[08:28]   [ComfyUI] [SubprocessWorker] acquired lock, ensuring started...
[08:28]   [ComfyUI] [ComfyUI-GeometryPack] Health check: ping (timeout=5.0s)...
[08:28]   [ComfyUI] [ComfyUI-GeometryPack] Health check: ok
[08:28]   [ComfyUI] [SubprocessWorker] worker started/confirmed
[08:28]   [ComfyUI] [SubprocessWorker] serializing kwargs to shm...
[08:28]   [ComfyUI] [SubprocessWorker] created 1 shm blocks
[08:28]   [ComfyUI] [SubprocessWorker] sending request via socket...
[08:28]   [ComfyUI] [SubprocessWorker] call_id=172 sending call_method
[08:28]   [ComfyUI] [worker:ComfyUI-GeometryPack] INFO: Backend: laplacian
[08:28]   [ComfyUI] [worker:ComfyUI-GeometryPack] INFO: Input: 2761 vertices, 5520 faces
[08:28]   [ComfyUI] [worker:ComfyUI-GeometryPack] INFO: Parameters: iterations=5, cotangent_weight=True
[08:28]   [ComfyUI] [worker:ComfyUI-GeometryPack] INFO: Output: 2761 vertices, 5520 faces
[08:28]   [ComfyUI] [worker:ComfyUI-GeometryPack] INFO: Avg vertex displacement: 0.005665, max: 0.030324
[08:28]   [ComfyUI] [SubprocessWorker] got response: ok
[08:28]   [ComfyUI] [comfy-env] GeomPackSmooth_Laplacian done (0.02s): result: NodeOutput
[08:28]   [ComfyUI] [comfy-env] Running GeomPackPreviewMeshMulti: mode: 'fields', mesh_1: Trimesh, mesh_2: Trimesh, mesh_3: Trimesh, mesh_4: Trimesh
[08:28]   [ComfyUI] [SubprocessWorker] call_method: nodes.visualization.preview_mesh_multi.PreviewMeshMultiNode.EXECUTE_NORMALIZED
[08:28]   [ComfyUI] [SubprocessWorker] acquired lock, ensuring started...
[08:28]   [ComfyUI] [ComfyUI-GeometryPack] Health check: ping (timeout=5.0s)...
[08:28]   [ComfyUI] [ComfyUI-GeometryPack] Health check: ok
[08:28]   [ComfyUI] [SubprocessWorker] worker started/confirmed
[08:28]   [ComfyUI] [SubprocessWorker] serializing kwargs to shm...
[08:28]   [ComfyUI] [SubprocessWorker] created 4 shm blocks
[08:28]   [ComfyUI] [SubprocessWorker] sending request via socket...
[08:28]   [ComfyUI] [SubprocessWorker] call_id=173 sending call_method
[08:28]   [ComfyUI] [worker:ComfyUI-GeometryPack] INFO: Mode: fields, Meshes: 4
[08:28]   [ComfyUI] [worker:ComfyUI-GeometryPack] INFO: Mesh 1: Mesh - 2761 vertices, 5520 faces
[08:28]   [ComfyUI] [worker:ComfyUI-GeometryPack] INFO: Exporting mesh to VTP: /home/runner/work/comfy-gpu-ci/comfy-gpu-ci/test_workspaces/GeometryPack-0031/ComfyUI/output/preview_multi_1_ade1e345.vtp
[08:28]   [ComfyUI] [worker:ComfyUI-GeometryPack] INFO: Adding normals field (2761 vertices)
[08:28]   [ComfyUI] [worker:ComfyUI-GeometryPack] INFO: Export complete: 2761 vertices, 5520 faces
[08:28]   [ComfyUI] [worker:ComfyUI-GeometryPack] INFO: Exported VTP: /home/runner/work/comfy-gpu-ci/comfy-gpu-ci/test_workspaces/GeometryPack-0031/ComfyUI/output/preview_multi_1_ade1e345.vtp
[08:28]   [ComfyUI] [worker:ComfyUI-GeometryPack] INFO: Mesh 2: Mesh - 2761 vertices, 5520 faces
[08:28]   [ComfyUI] [worker:ComfyUI-GeometryPack] INFO: Exporting mesh to VTP: /home/runner/work/comfy-gpu-ci/comfy-gpu-ci/test_workspaces/GeometryPack-0031/ComfyUI/output/preview_multi_2_ade1e345.vtp
[08:28]   [ComfyUI] [worker:ComfyUI-GeometryPack] INFO: Adding normals field (2761 vertices)
[08:28]   [ComfyUI] [worker:ComfyUI-GeometryPack] INFO: Export complete: 2761 vertices, 5520 faces
[08:28]   [ComfyUI] [worker:ComfyUI-GeometryPack] INFO: Exported VTP: /home/runner/work/comfy-gpu-ci/comfy-gpu-ci/test_workspaces/GeometryPack-0031/ComfyUI/output/preview_multi_2_ade1e345.vtp
[08:28]   [ComfyUI] [worker:ComfyUI-GeometryPack] INFO: Mesh 3: Mesh - 2761 vertices, 5520 faces
[08:28]   [ComfyUI] [worker:ComfyUI-GeometryPack] INFO: Exporting mesh to VTP: /home/runner/work/comfy-gpu-ci/comfy-gpu-ci/test_workspaces/GeometryPack-0031/ComfyUI/output/preview_multi_3_ade1e345.vtp
[08:28]   [ComfyUI] [worker:ComfyUI-GeometryPack] INFO: Adding normals field (2761 vertices)
[08:28]   [ComfyUI] [worker:ComfyUI-GeometryPack] INFO: Export complete: 2761 vertices, 5520 faces
[08:28]   [ComfyUI] [worker:ComfyUI-GeometryPack] INFO: Exported VTP: /home/runner/work/comfy-gpu-ci/comfy-gpu-ci/test_workspaces/GeometryPack-0031/ComfyUI/output/preview_multi_3_ade1e345.vtp
[08:28]   [ComfyUI] [worker:ComfyUI-GeometryPack] INFO: Mesh 4: Mesh - 2761 vertices, 5520 faces
[08:28]   [ComfyUI] [worker:ComfyUI-GeometryPack] INFO: Exporting mesh to VTP: /home/runner/work/comfy-gpu-ci/comfy-gpu-ci/test_workspaces/GeometryPack-0031/ComfyUI/output/preview_multi_4_ade1e345.vtp
[08:28]   [ComfyUI] [worker:ComfyUI-GeometryPack] INFO: Adding normals field (2761 vertices)
[08:28]   [ComfyUI] [worker:ComfyUI-GeometryPack] INFO: Export complete: 2761 vertices, 5520 faces
[08:28]   [ComfyUI] [worker:ComfyUI-GeometryPack] INFO: Exported VTP: /home/runner/work/comfy-gpu-ci/comfy-gpu-ci/test_workspaces/GeometryPack-0031/ComfyUI/output/preview_multi_4_ade1e345.vtp
[08:28]   [ComfyUI] [worker:ComfyUI-GeometryPack] INFO: Grid: 2x2, Preview ready
[08:28]   [ComfyUI] [SubprocessWorker] got response: ok
[08:28]   [ComfyUI] [comfy-env] GeomPackPreviewMeshMulti done (0.16s): result: NodeOutput
[08:28]   [ComfyUI] Prompt executed in 0.45 seconds
[08:29]   Frame 2 saved (frame_001.jpg, t=0.5s)
[08:29]   [capture-node] freeze=267ms shot=694ms unfreeze=2ms saved=True
[08:29]   Node executed (7 total), capturing...
[08:29]   Frame 3 saved (frame_002.jpg, t=1.8s)
[08:29]   [capture-node] freeze=2ms shot=125ms unfreeze=0ms saved=True
[08:29]   Execution complete (t=1.8s)
[08:29]   Captured 3 unique frames over 1.96s
[08:29]   [debug] iframes: 2
[08:29]   [debug]   iframe[0]: src=http://127.0.0.1:41895/extensions/ComfyUI-GeometryPack/viewer_multi.html?v=17784, canvas=368x393, rafFrozen=True
[08:29]   [debug]   iframe[1]: src=http://127.0.0.1:41895/extensions/ComfyUI-GeometryPack/viewer_multi.html?v=17784, canvas=368x195, rafFrozen=True
[08:29]   [timing] trigger_3d_previews: 0.0s
[08:31]   Saved high-quality screenshot: smooth_all_executed.png
[08:31]   [timing] final_screenshot: 0.3s
[08:32] Capturing execution frames: surface_reconstruction.json
[08:38]   Frame 1 saved (frame_000.jpg, t=0.0s)
[08:38]   Validating workflow...
[08:38]   [ComfyUI] === /validate endpoint called ===
[08:38]   [ComfyUI] Received JSON with keys: ['prompt']
[08:38]   [ComfyUI] Prompt has 4 nodes
[08:38]   [ComfyUI]   Node 20: GeomPackLoadMesh
[08:38]   [ComfyUI]     Inputs: {"file_path": "3d/Stanford_Bunny.stl"}
[08:38]   [ComfyUI]   Node 21: GeomPackMeshToPointCloud
[08:38]   [ComfyUI]     Inputs: {"mode": "surface_sampling", "sample_count": 10000, "sampling_method": "uniform", "include_normals": "true", "trimesh": ["20", 0]}
[08:38]   [ComfyUI]   Node 22: GeomPackReconstructSurface
[08:38]   [ComfyUI]     Inputs: {"backend": "poisson", "backend.poisson_depth": 8, "backend.poisson_scale": 1.1, "backend.estimate_normals": "true", "backend.normal_radius": 0.1, "report_panel": "false", "points": ["21", 0]}
[08:38]   [ComfyUI]   Node 28: GeomPackPreviewMeshDual
[08:38]   Queuing workflow for execution...
[08:38]   [ComfyUI]     Inputs: {"layout": "side_by_side", "mode": "fields", "opacity_1": 1, "opacity_2": 1, "preview_dual": "{\"show_edges\":true,\"camera_state\":\"\",\"selected_field\":\"\",\"selected_channel\":\"magnitude\",\"se
[08:38]   [ComfyUI] Generated prompt_id: c755d0a9-8824-4915-9403-babe6b536f16
[08:38]   [ComfyUI] Calling execution.validate_prompt()...
[08:38]   [ComfyUI] Validation result: valid=True
[08:38]   [ComfyUI] === Validation PASSED ===
[08:38]   [ComfyUI] got prompt
[08:38]   [ComfyUI] [comfy-env] Running GeomPackLoadMesh: file_path: '3d/Stanford_Bunny.stl'
[08:38]   [ComfyUI] [SubprocessWorker] call_method: nodes.io.load_mesh.LoadMesh.EXECUTE_NORMALIZED
[08:38]   [ComfyUI] [SubprocessWorker] acquired lock, ensuring started...
[08:38]   [ComfyUI] [ComfyUI-GeometryPack] Health check: ping (timeout=5.0s)...
[08:38]   [ComfyUI] [ComfyUI-GeometryPack] Health check: failed
[08:38]   [ComfyUI] [ComfyUI-GeometryPack] Socket unhealthy, restarting worker...
[08:38]   [ComfyUI] [ComfyUI-GeometryPack] python: /home/runner/.ce/.pixi/envs/geometrypack-nodes/bin/python
[08:38]   [ComfyUI] [ComfyUI-GeometryPack] sys_path sent to worker: ['/home/runner/work/comfy-gpu-ci/comfy-gpu-ci/test_workspaces/GeometryPack-0031/ComfyUI', '/home/runner/work/comfy-gpu-ci/comfy-gpu-ci/test_workspaces/GeometryPack-0031/ComfyUI/custom_nodes/ComfyUI-GeometryPack', '/home/runner/.ce/.pixi/envs/geometrypack-nodes/lib/python3.10/site-packages', '/home/runner/work/comfy-gpu-ci/comfy-gpu-ci/test_workspaces/GeometryPack-0031/ComfyUI/custom_nodes/ComfyUI-GeometryPack']
[08:38]   [ComfyUI] [SubprocessWorker] is_pixi=True, python=/home/runner/.ce/.pixi/envs/geometrypack-nodes/bin/python
[08:38]   [ComfyUI] [SubprocessWorker] launching cmd=['/home/runner/.pixi/bin/pixi', 'run', '--as-is', '--manifest-path', '/home/runner/.ce/pixi.toml', '-e', 'geometrypack-nodes', 'python', '/tmp/comfyui_pvenv_m0m0ll48/persistent_worker.py', 'abstract://comfy_worker_0193fd023b16']...
[08:38]   [ComfyUI] [SubprocessWorker] socket_addr=abstract://comfy_worker_0193fd023b16 (abstract, no filesystem path)
[08:38]   [ComfyUI] 
[08:38]   [ComfyUI]  Closed: Mon May 11 00:40:08 2026
[08:38]   [ComfyUI] 
[08:39]   [ComfyUI] [worker:ComfyUI-GeometryPack] ERROR: Failed to import comfy_kitchen, Error: No module named 'comfy_kitchen', fp8 and fp4 support will not be available.
[08:39]   [ComfyUI] [SubprocessWorker] worker started/confirmed
[08:39]   [ComfyUI] [SubprocessWorker] serializing kwargs to shm...
[08:39]   [ComfyUI] [SubprocessWorker] created 0 shm blocks
[08:39]   [ComfyUI] [SubprocessWorker] sending request via socket...
[08:39]   [ComfyUI] [SubprocessWorker] call_id=174 sending call_method
[08:39]   [ComfyUI] Failed to open dir (No such file or directory): /run/user/1001/gvfs/
[08:40]   Frame 2 saved (frame_001.jpg, t=2.2s)
[08:40]   [capture-periodic] freeze=2ms shot=100ms unfreeze=3ms saved=True
[08:40]   [ComfyUI] [worker:ComfyUI-GeometryPack] INFO: Found mesh in input folder: 3d/Stanford_Bunny.stl
[08:40]   [ComfyUI] [worker:ComfyUI-GeometryPack] INFO: Loading: /home/runner/work/comfy-gpu-ci/comfy-gpu-ci/test_workspaces/GeometryPack-0031/ComfyUI/input/3d/Stanford_Bunny.stl
[08:40]   [ComfyUI] [worker:ComfyUI-GeometryPack] INFO: Initial mesh: 56203 vertices, 112402 faces
[08:40]   [ComfyUI] [worker:ComfyUI-GeometryPack] INFO: Successfully loaded: 56203 vertices, 112402 faces
[08:40]   [ComfyUI] [worker:ComfyUI-GeometryPack] INFO: Loaded: 56203 vertices, 112402 faces
[08:40]   [ComfyUI] [SubprocessWorker] got response: ok
[08:40]   [ComfyUI] [comfy-env] GeomPackLoadMesh done (2.49s): result: NodeOutput
[08:40]   [ComfyUI] [comfy-env] Running GeomPackMeshToPointCloud: mode: 'surface_sampling', sample_count: 10000, sampling_method: 'uniform', include_normals: 'true', trimesh: Trimesh
[08:40]   [ComfyUI] [SubprocessWorker] call_method: nodes.conversion.mesh_to_pointcloud.MeshToPointCloudNode.EXECUTE_NORMALIZED
[08:40]   [ComfyUI] [SubprocessWorker] acquired lock, ensuring started...
[08:40]   [ComfyUI] [ComfyUI-GeometryPack] Health check: ping (timeout=5.0s)...
[08:40]   [ComfyUI] [ComfyUI-GeometryPack] Health check: ok
[08:40]   [ComfyUI] [SubprocessWorker] worker started/confirmed
[08:40]   [ComfyUI] [SubprocessWorker] serializing kwargs to shm...
[08:40]   [ComfyUI] [SubprocessWorker] created 1 shm blocks
[08:40]   [ComfyUI] [SubprocessWorker] sending request via socket...
[08:40]   [ComfyUI] [SubprocessWorker] call_id=175 sending call_method
[08:40]   [ComfyUI] [worker:ComfyUI-GeometryPack] INFO: Sampling 10,000 points using uniform method
[08:40]   [ComfyUI] [worker:ComfyUI-GeometryPack] INFO: Generated point cloud with 10,000 points
[08:40]   [ComfyUI] [SubprocessWorker] got response: ok
[08:40]   [ComfyUI] [comfy-env] GeomPackMeshToPointCloud done (0.07s): result: NodeOutput
[08:40]   [ComfyUI] [comfy-env] Running GeomPackReconstructSurface: backend: dict, points: Trimesh
[08:40]   [ComfyUI] [SubprocessWorker] call_method: nodes.reconstruction.reconstruct_surface.ReconstructSurfaceNode.EXECUTE_NORMALIZED
[08:40]   [ComfyUI] [SubprocessWorker] acquired lock, ensuring started...
[08:40]   [ComfyUI] [ComfyUI-GeometryPack] Health check: ping (timeout=5.0s)...
[08:40]   [ComfyUI] [ComfyUI-GeometryPack] Health check: ok
[08:40]   [ComfyUI] [SubprocessWorker] worker started/confirmed
[08:40]   [ComfyUI] [SubprocessWorker] serializing kwargs to shm...
[08:40]   [ComfyUI] [SubprocessWorker] created 1 shm blocks
[08:40]   [ComfyUI] [SubprocessWorker] sending request via socket...
[08:40]   [ComfyUI] [SubprocessWorker] call_id=176 sending call_method
[08:40]   [ComfyUI] [worker:ComfyUI-GeometryPack] INFO: Reconstruct dispatch: poisson -> GeomPackReconstruct_Poisson
[08:40]   [ComfyUI] [SubprocessWorker] got response: ok
[08:40]   [ComfyUI] [comfy-env] GeomPackReconstructSurface done (0.01s): result: NodeOutput
[08:40]   [ComfyUI] [comfy-env] Running GeomPackReconstruct_Poisson: points: Trimesh, poisson_depth: 8, poisson_scale: 1.1, estimate_normals: 'true', normal_radius: 0.1
[08:40]   [ComfyUI] [SubprocessWorker] call_method: nodes.reconstruction.backends.poisson.ReconstructPoissonNode.EXECUTE_NORMALIZED
[08:40]   [ComfyUI] [SubprocessWorker] acquired lock, ensuring started...
[08:40]   [ComfyUI] [ComfyUI-GeometryPack] Health check: ping (timeout=5.0s)...
[08:40]   [ComfyUI] [ComfyUI-GeometryPack] Health check: ok
[08:40]   [ComfyUI] [SubprocessWorker] worker started/confirmed
[08:40]   [ComfyUI] [SubprocessWorker] serializing kwargs to shm...
[08:40]   [ComfyUI] [SubprocessWorker] created 1 shm blocks
[08:40]   [ComfyUI] [SubprocessWorker] sending request via socket...
[08:40]   [ComfyUI] [SubprocessWorker] call_id=177 sending call_method
[08:40]   [ComfyUI] [worker:ComfyUI-GeometryPack] INFO: Backend: poisson
[08:40]   [ComfyUI] [worker:ComfyUI-GeometryPack] INFO: Using normals from input
[08:40]   [ComfyUI] [worker:ComfyUI-GeometryPack] INFO: Using PyMeshLab Poisson reconstruction...
[08:42]   Frame 3 saved (frame_002.jpg, t=4.4s)
[08:42]   [capture-periodic] freeze=2ms shot=112ms unfreeze=3ms saved=True
[08:43]   [capture-loop] iter=50 t=5.7s state={'complete': False, 'error': None, 'executedCount': 0, 'wsState': 1} eval_ms=3 ram=2.7/15.6GB (17%) swap=0.0/3.0GB (0%) cpu=29% browser_rss=0.90GB
[08:45]   [ComfyUI] [SubprocessWorker] got response: ok
[08:45]   [ComfyUI] [comfy-env] GeomPackReconstruct_Poisson done (4.56s): result: NodeOutput
[08:45]   [ComfyUI] [comfy-env] Running GeomPackPreviewMeshDual: layout: 'side_by_side', mode: 'fields', opacity_1: 1.0, opacity_2: 1.0, mesh_1: Trimesh, mesh_2: Trimesh
[08:45]   [ComfyUI] [SubprocessWorker] call_method: nodes.visualization.preview_mesh_dual.PreviewMeshDualNode.EXECUTE_NORMALIZED
[08:45]   [ComfyUI] [SubprocessWorker] acquired lock, ensuring started...
[08:45]   [ComfyUI] [ComfyUI-GeometryPack] Health check: ping (timeout=5.0s)...
[08:45]   [ComfyUI] [ComfyUI-GeometryPack] Health check: ok
[08:45]   [ComfyUI] [SubprocessWorker] worker started/confirmed
[08:45]   [ComfyUI] [SubprocessWorker] serializing kwargs to shm...
[08:45]   [ComfyUI] [SubprocessWorker] created 2 shm blocks
[08:45]   [ComfyUI] [SubprocessWorker] sending request via socket...
[08:45]   [ComfyUI] [SubprocessWorker] call_id=178 sending call_method
[08:45]   [ComfyUI] [worker:ComfyUI-GeometryPack] INFO: Layout: side_by_side, Mode: fields
[08:45]   [ComfyUI] [worker:ComfyUI-GeometryPack] INFO: Mesh 1: Mesh - 56203 vertices, 112402 faces
[08:45]   [ComfyUI] [worker:ComfyUI-GeometryPack] INFO: Mesh 2: Mesh - 43416 vertices, 86880 faces
[08:45]   [ComfyUI] [worker:ComfyUI-GeometryPack] INFO: Mesh 1 fields: ['face.stl']
[08:45]   [ComfyUI] [worker:ComfyUI-GeometryPack] INFO: Mesh 2 fields: []
[08:45]   [ComfyUI] [worker:ComfyUI-GeometryPack] INFO: Common fields: []
[08:45]   [ComfyUI] [worker:ComfyUI-GeometryPack] INFO: Mesh 1 visual: kind=None, texture=False, vertex_colors=False
[08:45]   [ComfyUI] [worker:ComfyUI-GeometryPack] INFO: Mesh 2 visual: kind=None, texture=False, vertex_colors=False
[08:45]   [ComfyUI] [worker:ComfyUI-GeometryPack] INFO: Exporting mesh to VTP: /home/runner/work/comfy-gpu-ci/comfy-gpu-ci/test_workspaces/GeometryPack-0031/ComfyUI/output/preview_dual_1_5b240300.vtp
[08:45]   Node executed (1 total), capturing...
[08:45]   [ComfyUI] [worker:ComfyUI-GeometryPack] INFO: Adding normals field (56203 vertices)
[08:45]   Frame 4 saved (frame_003.jpg, t=7.5s)
[08:45]   [capture-node] freeze=2ms shot=114ms unfreeze=3ms saved=True
[08:45]   [ComfyUI] [worker:ComfyUI-GeometryPack] INFO: Adding face field: stl
[08:45]   [ComfyUI] [worker:ComfyUI-GeometryPack] INFO: Export complete: 56203 vertices, 112402 faces
[08:45]   [ComfyUI] [worker:ComfyUI-GeometryPack] INFO: Exported VTP with fields: /home/runner/work/comfy-gpu-ci/comfy-gpu-ci/test_workspaces/GeometryPack-0031/ComfyUI/output/preview_dual_1_5b240300.vtp
[08:45]   [ComfyUI] [worker:ComfyUI-GeometryPack] INFO: Exported STL: /home/runner/work/comfy-gpu-ci/comfy-gpu-ci/test_workspaces/GeometryPack-0031/ComfyUI/output/preview_dual_2_5b240300.stl
[08:45]   [ComfyUI] [worker:ComfyUI-GeometryPack] INFO: Preview ready
[08:45]   [ComfyUI] [SubprocessWorker] got response: ok
[08:45]   [ComfyUI] [comfy-env] GeomPackPreviewMeshDual done (0.61s): result: NodeOutput
[08:45]   [ComfyUI] Prompt executed in 7.73 seconds
[08:46]   Node executed (2 total), capturing...
[08:47]   Frame 5 saved (frame_004.jpg, t=8.4s)
[08:47]   [capture-node] freeze=324ms shot=1039ms unfreeze=0ms saved=True
[08:47]   Execution complete (t=8.4s)
[08:47]   Captured 5 unique frames over 9.8s
[08:47]   [debug] iframes: 1
[08:47]   [debug]   iframe[0]: src=http://127.0.0.1:41895/extensions/ComfyUI-GeometryPack/viewer_dual.html?v=177846, canvas=370x485, rafFrozen=True
[08:47]   [timing] trigger_3d_previews: 0.0s
[08:50]   Saved high-quality screenshot: surface_reconstruction_executed.png
[08:50]   [timing] final_screenshot: 0.2s
[08:50] Capturing execution frames: test_loading.json
[08:56]   Frame 1 saved (frame_000.jpg, t=0.0s)
[08:56]   Validating workflow...
[08:56]   [ComfyUI] === /validate endpoint called ===
[08:56]   [ComfyUI] Received JSON with keys: ['prompt']
[08:56]   [ComfyUI] Prompt has 3 nodes
[08:56]   [ComfyUI]   Node 1: GeomPackLoadMeshBlend
[08:56]   [ComfyUI]     Inputs: {"file_path": "3d/coca_cola.blend", "report_panel": "false"}
[08:56]   [ComfyUI]   Node 2: GeomPackLoadMeshFBX
[08:56]   [ComfyUI]     Inputs: {"file_path": "3d/rigged_human.fbx", "report_panel": "false"}
[08:56]   [ComfyUI]   Node 3: GeomPackPreviewMeshDual
[08:56]   [ComfyUI]     Inputs: {"layout": "side_by_side", "mode": "fields", "opacity_1": 1, "opacity_2": 1, "preview_dual": "{\"show_edges\":false,\"camera_state\":\"\",\"selected_field\":\"\",\"selected_channel\":\"magnitude\",\"s
[08:56]   [ComfyUI] Generated prompt_id: a946f1ee-bab3-49f5-898c-d272f40c2eab
[08:56]   [ComfyUI] Calling execution.validate_prompt()...
[08:56]   Queuing workflow for execution...
[08:56]   [ComfyUI] Validation result: valid=True
[08:56]   [ComfyUI] === Validation PASSED ===
[08:56]   [ComfyUI] got prompt
[08:56]   [ComfyUI] [comfy-env] Running GeomPackLoadMeshFBX: file_path: '3d/rigged_human.fbx'
[08:56]   [ComfyUI] [SubprocessWorker] call_method: nodes.blender_io.load_mesh_fbx.LoadMeshFBX.EXECUTE_NORMALIZED
[08:56]   [ComfyUI] [SubprocessWorker] acquired lock, ensuring started...
[08:56]   [ComfyUI] [ComfyUI-GeometryPack] Health check: ping (timeout=5.0s)...
[08:56]   [ComfyUI] [ComfyUI-GeometryPack] Health check: ok
[08:56]   [ComfyUI] [SubprocessWorker] worker started/confirmed
[08:56]   [ComfyUI] [SubprocessWorker] serializing kwargs to shm...
[08:56]   [ComfyUI] [SubprocessWorker] created 0 shm blocks
[08:56]   [ComfyUI] [SubprocessWorker] sending request via socket...
[08:56]   [ComfyUI] [SubprocessWorker] call_id=179 sending call_method
[08:56]   [ComfyUI] [worker:ComfyUI-GeometryPack] INFO: Found FBX in input folder: 3d/rigged_human.fbx
[08:56]   [ComfyUI] [worker:ComfyUI-GeometryPack] INFO: Loading via bpy: /home/runner/work/comfy-gpu-ci/comfy-gpu-ci/test_workspaces/GeometryPack-0031/ComfyUI/input/3d/rigged_human.fbx
[08:56]   [ComfyUI] [worker:ComfyUI-GeometryPack] Exception in module unregister(): '_ops.py'
[08:56]   [ComfyUI] [worker:ComfyUI-GeometryPack] Traceback (most recent call last):
[08:56]   [ComfyUI] 
[08:56]   [ComfyUI] [worker:ComfyUI-GeometryPack]   File "/home/runner/.ce/.pixi/envs/geometrypack-nodes/lib/python3.10/site-packages/bpy/3.6/scripts/modules/addon_utils.py", line 421, in disable
[08:56]   [ComfyUI]     mod.unregister()
[08:56]   [ComfyUI] 
[08:56]   [ComfyUI] [worker:ComfyUI-GeometryPack] TypeError: '_OpNamespace' object is not callable
[08:56]   [ComfyUI] 
[08:56]   [ComfyUI] [worker:ComfyUI-GeometryPack] Exception in module unregister(): '_classes.py'
[08:56]   [ComfyUI] [worker:ComfyUI-GeometryPack] Traceback (most recent call last):
[08:56]   [ComfyUI] 
[08:56]   [ComfyUI] [worker:ComfyUI-GeometryPack]   File "/home/runner/.ce/.pixi/envs/geometrypack-nodes/lib/python3.10/site-packages/bpy/3.6/scripts/modules/addon_utils.py", line 421, in disable
[08:56]   [ComfyUI]     mod.unregister()
[08:56]   [ComfyUI] 
[08:56]   [ComfyUI] [worker:ComfyUI-GeometryPack] TypeError: '_ClassNamespace' object is not callable
[08:56]   [ComfyUI] 
[08:56]   [ComfyUI] [worker:ComfyUI-GeometryPack] FBX version: 7400
[08:56]   [ComfyUI] [worker:ComfyUI-GeometryPack] INFO: Loaded: 32327 vertices, 50000 faces
[08:56]   [ComfyUI] [SubprocessWorker] got response: ok
[08:56]   [ComfyUI] [comfy-env] GeomPackLoadMeshFBX done (0.69s): result: NodeOutput
[08:56]   [ComfyUI] [comfy-env] Running GeomPackLoadMeshBlend: file_path: '3d/coca_cola.blend'
[08:56]   [ComfyUI] [SubprocessWorker] call_method: nodes.blender_io.load_mesh_blend.LoadMeshBlend.EXECUTE_NORMALIZED
[08:56]   [ComfyUI] [SubprocessWorker] acquired lock, ensuring started...
[08:56]   [ComfyUI] [ComfyUI-GeometryPack] Health check: ping (timeout=5.0s)...
[08:56]   [ComfyUI] [ComfyUI-GeometryPack] Health check: ok
[08:56]   [ComfyUI] [SubprocessWorker] worker started/confirmed
[08:56]   [ComfyUI] [SubprocessWorker] serializing kwargs to shm...
[08:56]   [ComfyUI] [SubprocessWorker] created 0 shm blocks
[08:56]   [ComfyUI] [SubprocessWorker] sending request via socket...
[08:56]   [ComfyUI] [SubprocessWorker] call_id=180 sending call_method
[08:56]   [ComfyUI] [worker:ComfyUI-GeometryPack] INFO: Found .blend in input folder: 3d/coca_cola.blend
[08:56]   [ComfyUI] [worker:ComfyUI-GeometryPack] INFO: Loading via bpy: /home/runner/work/comfy-gpu-ci/comfy-gpu-ci/test_workspaces/GeometryPack-0031/ComfyUI/input/3d/coca_cola.blend
[08:57]   Node executed (1 total), capturing...
[08:57]   [ComfyUI] [worker:ComfyUI-GeometryPack] INFO: Loaded: 36696 vertices, 73216 faces
[08:57]   [ComfyUI] [SubprocessWorker] got response: ok
[08:57]   [ComfyUI] [comfy-env] GeomPackLoadMeshBlend done (0.33s): result: NodeOutput
[08:57]   [ComfyUI] [comfy-env] Running GeomPackPreviewMeshDual: layout: 'side_by_side', mode: 'fields', opacity_1: 1.0, opacity_2: 1.0, mesh_1: Trimesh, mesh_2: Trimesh
[08:57]   [ComfyUI] [SubprocessWorker] call_method: nodes.visualization.preview_mesh_dual.PreviewMeshDualNode.EXECUTE_NORMALIZED
[08:57]   [ComfyUI] [SubprocessWorker] acquired lock, ensuring started...
[08:57]   [ComfyUI] [ComfyUI-GeometryPack] Health check: ping (timeout=5.0s)...
[08:57]   [ComfyUI] [ComfyUI-GeometryPack] Health check: ok
[08:57]   [ComfyUI] [SubprocessWorker] worker started/confirmed
[08:57]   [ComfyUI] [SubprocessWorker] serializing kwargs to shm...
[08:57]   [ComfyUI] [SubprocessWorker] created 2 shm blocks
[08:57]   [ComfyUI] [SubprocessWorker] sending request via socket...
[08:57]   [ComfyUI] [SubprocessWorker] call_id=181 sending call_method
[08:57]   [ComfyUI] [worker:ComfyUI-GeometryPack] INFO: Layout: side_by_side, Mode: fields
[08:57]   [ComfyUI] [worker:ComfyUI-GeometryPack] INFO: Mesh 1: Mesh - 36696 vertices, 73216 faces
[08:57]   [ComfyUI] [worker:ComfyUI-GeometryPack] INFO: Mesh 2: Mesh - 32327 vertices, 50000 faces
[08:57]   [ComfyUI] [worker:ComfyUI-GeometryPack] INFO: Mesh 1 fields: []
[08:57]   [ComfyUI] [worker:ComfyUI-GeometryPack] INFO: Mesh 2 fields: []
[08:57]   [ComfyUI] [worker:ComfyUI-GeometryPack] INFO: Common fields: []
[08:57]   [ComfyUI] [worker:ComfyUI-GeometryPack] INFO: Mesh 1 visual: kind=None, texture=False, vertex_colors=False
[08:57]   [ComfyUI] [worker:ComfyUI-GeometryPack] INFO: Mesh 2 visual: kind=None, texture=False, vertex_colors=False
[08:57]   [ComfyUI] [worker:ComfyUI-GeometryPack] INFO: Exported STL: /home/runner/work/comfy-gpu-ci/comfy-gpu-ci/test_workspaces/GeometryPack-0031/ComfyUI/output/preview_dual_1_a183378a.stl
[08:57]   [ComfyUI] [worker:ComfyUI-GeometryPack] INFO: Exported STL: /home/runner/work/comfy-gpu-ci/comfy-gpu-ci/test_workspaces/GeometryPack-0031/ComfyUI/output/preview_dual_2_a183378a.stl
[08:57]   Frame 2 saved (frame_001.jpg, t=1.1s)
[08:57]   [capture-node] freeze=2ms shot=111ms unfreeze=4ms saved=True
[08:57]   [ComfyUI] [worker:ComfyUI-GeometryPack] INFO: Preview ready
[08:57]   [ComfyUI] [SubprocessWorker] got response: ok
[08:57]   [ComfyUI] [comfy-env] GeomPackPreviewMeshDual done (0.10s): result: NodeOutput
[08:57]   [ComfyUI] Prompt executed in 1.12 seconds
[08:57]   Node executed (3 total), capturing...
[08:58]   Frame 3 saved (frame_002.jpg, t=1.5s)
[08:58]   [capture-node] freeze=164ms shot=257ms unfreeze=0ms saved=True
[08:58]   Execution complete (t=1.5s)
[08:58]   Captured 3 unique frames over 1.94s
[08:58]   [debug] iframes: 1
[08:58]   [debug]   iframe[0]: src=http://127.0.0.1:41895/extensions/ComfyUI-GeometryPack/viewer_dual.html?v=177846, canvas=370x485, rafFrozen=True
[08:58]   [timing] trigger_3d_previews: 0.0s
[09:00]   Saved high-quality screenshot: test_loading_executed.png
[09:00]   [timing] final_screenshot: 0.2s
[09:00] Capturing execution frames: transform.json
[09:06]   Frame 1 saved (frame_000.jpg, t=0.0s)
[09:06]   Validating workflow...
[09:06]   [ComfyUI] === /validate endpoint called ===
[09:06]   [ComfyUI] Received JSON with keys: ['prompt']
[09:06]   [ComfyUI] Prompt has 3 nodes
[09:06]   [ComfyUI]   Node 2: GeomPackTransformMesh
[09:06]   [ComfyUI]     Inputs: {"operation": "translate", "operation.translate_x": 0.5, "operation.translate_y": 0.5, "operation.translate_z": 2, "report_panel": "false", "trimesh": ["5", 0]}
[09:06]   [ComfyUI]   Node 5: GeomPackCreatePrimitive
[09:06]   [ComfyUI]     Inputs: {"shape": "cube", "size": 1, "subdivisions": 2}
[09:06]   [ComfyUI]   Node 6: GeomPackPreviewMeshDual
[09:06]   Queuing workflow for execution...
[09:06]   [ComfyUI]     Inputs: {"layout": "overlay", "mode": "fields", "opacity_1": 1, "opacity_2": 1, "preview_dual": "{\"show_edges\":true,\"camera_state\":\"\",\"selected_field\":\"\",\"selected_channel\":\"magnitude\",\"selecte
[09:06]   [ComfyUI] Generated prompt_id: fe4aa6b3-ea5a-425d-930f-6f83417230fe
[09:06]   [ComfyUI] Calling execution.validate_prompt()...
[09:06]   [ComfyUI] Validation result: valid=True
[09:06]   [ComfyUI] === Validation PASSED ===
[09:06]   [ComfyUI] got prompt
[09:06]   [ComfyUI] [comfy-env] Running GeomPackCreatePrimitive: shape: 'cube', size: 1.0, subdivisions: 2
[09:06]   [ComfyUI] [SubprocessWorker] call_method: nodes.primitives.create_primitive.CreatePrimitive.EXECUTE_NORMALIZED
[09:06]   [ComfyUI] [SubprocessWorker] acquired lock, ensuring started...
[09:06]   [ComfyUI] [ComfyUI-GeometryPack] Health check: ping (timeout=5.0s)...
[09:06]   [ComfyUI] [ComfyUI-GeometryPack] Health check: ok
[09:06]   [ComfyUI] [SubprocessWorker] worker started/confirmed
[09:06]   [ComfyUI] [SubprocessWorker] serializing kwargs to shm...
[09:06]   [ComfyUI] [SubprocessWorker] created 0 shm blocks
[09:06]   [ComfyUI] [SubprocessWorker] sending request via socket...
[09:06]   [ComfyUI] [SubprocessWorker] call_id=182 sending call_method
[09:06]   [ComfyUI] [worker:ComfyUI-GeometryPack] INFO: Created cube: 8 vertices, 12 faces
[09:06]   [ComfyUI] [SubprocessWorker] got response: ok
[09:06]   [ComfyUI] [comfy-env] GeomPackCreatePrimitive done (0.01s): result: NodeOutput
[09:06]   [ComfyUI] [comfy-env] Running GeomPackTransformMesh: operation: dict, trimesh: Trimesh
[09:06]   [ComfyUI] [SubprocessWorker] call_method: nodes.transforms.transform.TransformMeshNode.EXECUTE_NORMALIZED
[09:06]   [ComfyUI] [SubprocessWorker] acquired lock, ensuring started...
[09:06]   [ComfyUI] [ComfyUI-GeometryPack] Health check: ping (timeout=5.0s)...
[09:06]   [ComfyUI] [ComfyUI-GeometryPack] Health check: ok
[09:06]   [ComfyUI] [SubprocessWorker] worker started/confirmed
[09:06]   [ComfyUI] [SubprocessWorker] serializing kwargs to shm...
[09:06]   [ComfyUI] [SubprocessWorker] created 1 shm blocks
[09:06]   [ComfyUI] [SubprocessWorker] sending request via socket...
[09:06]   [ComfyUI] [SubprocessWorker] call_id=183 sending call_method
[09:06]   [ComfyUI] [worker:ComfyUI-GeometryPack] INFO: Input: 8 vertices, 12 faces
[09:06]   [ComfyUI] [worker:ComfyUI-GeometryPack] INFO: Operation: translate
[09:06]   [ComfyUI] [worker:ComfyUI-GeometryPack] INFO: Complete
[09:06]   [ComfyUI] [SubprocessWorker] got response: ok
[09:06]   [ComfyUI] [comfy-env] GeomPackTransformMesh done (0.01s): result: NodeOutput
[09:06]   [ComfyUI] [comfy-env] Running GeomPackPreviewMeshDual: layout: 'overlay', mode: 'fields', opacity_1: 1.0, opacity_2: 1.0, mesh_1: Trimesh, mesh_2: Trimesh
[09:06]   [ComfyUI] [SubprocessWorker] call_method: nodes.visualization.preview_mesh_dual.PreviewMeshDualNode.EXECUTE_NORMALIZED
[09:06]   [ComfyUI] [SubprocessWorker] acquired lock, ensuring started...
[09:06]   [ComfyUI] [ComfyUI-GeometryPack] Health check: ping (timeout=5.0s)...
[09:06]   [ComfyUI] [ComfyUI-GeometryPack] Health check: ok
[09:06]   [ComfyUI] [SubprocessWorker] worker started/confirmed
[09:06]   [ComfyUI] [SubprocessWorker] serializing kwargs to shm...
[09:06]   [ComfyUI] [SubprocessWorker] created 2 shm blocks
[09:06]   [ComfyUI] [SubprocessWorker] sending request via socket...
[09:06]   [ComfyUI] [SubprocessWorker] call_id=184 sending call_method
[09:06]   [ComfyUI] [worker:ComfyUI-GeometryPack] INFO: Layout: overlay, Mode: fields
[09:06]   [ComfyUI] [worker:ComfyUI-GeometryPack] INFO: Mesh 1: Mesh - 8 vertices, 12 faces
[09:06]   [ComfyUI] [worker:ComfyUI-GeometryPack] INFO: Mesh 2: Mesh - 8 vertices, 12 faces
[09:06]   [ComfyUI] [worker:ComfyUI-GeometryPack] INFO: Mesh 1 fields: []
[09:06]   [ComfyUI] [worker:ComfyUI-GeometryPack] INFO: Mesh 2 fields: []
[09:06]   [ComfyUI] [worker:ComfyUI-GeometryPack] INFO: Common fields: []
[09:06]   [ComfyUI] [worker:ComfyUI-GeometryPack] INFO: Mesh 1 visual: kind=None, texture=False, vertex_colors=False
[09:06]   [ComfyUI] [worker:ComfyUI-GeometryPack] INFO: Mesh 2 visual: kind=None, texture=False, vertex_colors=False
[09:06]   [ComfyUI] [worker:ComfyUI-GeometryPack] INFO: Added mesh_id field and red/blue colors for overlay
[09:06]   [ComfyUI] [worker:ComfyUI-GeometryPack] INFO: Exporting mesh to VTP: /home/runner/work/comfy-gpu-ci/comfy-gpu-ci/test_workspaces/GeometryPack-0031/ComfyUI/output/preview_dual_overlay_b317584c.vtp
[09:06]   [ComfyUI] [worker:ComfyUI-GeometryPack] INFO: Adding normals field (16 vertices)
[09:06]   [ComfyUI] [worker:ComfyUI-GeometryPack] INFO: Adding scalar field: mesh_id (components: 1)
[09:06]   [ComfyUI] [worker:ComfyUI-GeometryPack] INFO: Export complete: 16 vertices, 24 faces
[09:06]   [ComfyUI] [worker:ComfyUI-GeometryPack] INFO: Exported combined VTP: /home/runner/work/comfy-gpu-ci/comfy-gpu-ci/test_workspaces/GeometryPack-0031/ComfyUI/output/preview_dual_overlay_b317584c.vtp
[09:06]   [ComfyUI] [worker:ComfyUI-GeometryPack] INFO: Combined Mesh: 16 vertices, 24 faces
[09:06]   [ComfyUI] [worker:ComfyUI-GeometryPack] INFO: Preview ready
[09:06]   [ComfyUI] [SubprocessWorker] got response: ok
[09:06]   [ComfyUI] [comfy-env] GeomPackPreviewMeshDual done (0.02s): result: NodeOutput
[09:06]   [ComfyUI] Prompt executed in 0.05 seconds
[09:06]   Node executed (2 total), capturing...
[09:07]   Frame 2 saved (frame_001.jpg, t=0.5s)
[09:07]   [capture-node] freeze=2ms shot=92ms unfreeze=0ms saved=True
[09:07]   Execution complete (t=0.5s)
[09:07]   Captured 2 unique frames over 0.6s
[09:07]   [debug] iframes: 1
[09:07]   [debug]   iframe[0]: src=http://127.0.0.1:41895/extensions/ComfyUI-GeometryPack/viewer_dual.html?v=177846, canvas=742x485, rafFrozen=True
[09:07]   [timing] trigger_3d_previews: 0.0s
[09:09]   Saved high-quality screenshot: transform_executed.png
[09:09]   [timing] final_screenshot: 0.2s
[09:09] Capturing execution frames: uv_unwrap.json
[09:15]   Frame 1 saved (frame_000.jpg, t=0.0s)
[09:15]   Validating workflow...
[09:15]   [ComfyUI] === /validate endpoint called ===
[09:15]   [ComfyUI] Received JSON with keys: ['prompt']
[09:15]   [ComfyUI] Prompt has 3 nodes
[09:15]   [ComfyUI]   Node 4: GeomPackLoadMesh
[09:15]   [ComfyUI]     Inputs: {"file_path": "3d/camelhead.off"}
[09:15]   [ComfyUI]   Node 8: GeomPackUVUnwrap
[09:15]   [ComfyUI]     Inputs: {"backend": "xatlas", "report_panel": "false", "trimesh": ["4", 0]}
[09:15]   [ComfyUI]   Node 9: GeomPackPreviewMeshUV
[09:15]   [ComfyUI]     Inputs: {"show_checker": false, "show_wireframe": false, "uv_preview": "", "trimesh": ["8", 0]}
[09:15]   [ComfyUI] Generated prompt_id: 6eb9ba3c-5fdf-4547-a2fd-64d67cd36873
[09:15]   [ComfyUI] Calling execution.validate_prompt()...
[09:15]   [ComfyUI] Validation result: valid=True
[09:15]   [ComfyUI] === Validation PASSED ===
[09:15]   Queuing workflow for execution...
[09:15]   [ComfyUI] got prompt
[09:15]   [ComfyUI] [comfy-env] Running GeomPackLoadMesh: file_path: '3d/camelhead.off'
[09:15]   [ComfyUI] [SubprocessWorker] call_method: nodes.io.load_mesh.LoadMesh.EXECUTE_NORMALIZED
[09:15]   [ComfyUI] [SubprocessWorker] acquired lock, ensuring started...
[09:15]   [ComfyUI] [ComfyUI-GeometryPack] Health check: ping (timeout=5.0s)...
[09:15]   [ComfyUI] [ComfyUI-GeometryPack] Health check: ok
[09:15]   [ComfyUI] [SubprocessWorker] worker started/confirmed
[09:15]   [ComfyUI] [SubprocessWorker] serializing kwargs to shm...
[09:15]   [ComfyUI] [SubprocessWorker] created 0 shm blocks
[09:15]   [ComfyUI] [SubprocessWorker] sending request via socket...
[09:15]   [ComfyUI] [SubprocessWorker] call_id=185 sending call_method
[09:15]   [ComfyUI] [worker:ComfyUI-GeometryPack] INFO: Found mesh in input folder: 3d/camelhead.off
[09:15]   [ComfyUI] [worker:ComfyUI-GeometryPack] INFO: Loading: /home/runner/work/comfy-gpu-ci/comfy-gpu-ci/test_workspaces/GeometryPack-0031/ComfyUI/input/3d/camelhead.off
[09:15]   [ComfyUI] [worker:ComfyUI-GeometryPack] INFO: Initial mesh: 11381 vertices, 22704 faces
[09:15]   [ComfyUI] [worker:ComfyUI-GeometryPack] INFO: Successfully loaded: 11381 vertices, 22704 faces
[09:15]   [ComfyUI] [worker:ComfyUI-GeometryPack] INFO: Loaded: 11381 vertices, 22704 faces
[09:15]   [ComfyUI] [SubprocessWorker] got response: ok
[09:15]   [ComfyUI] [comfy-env] GeomPackLoadMesh done (0.07s): result: NodeOutput
[09:15]   [ComfyUI] [comfy-env] Running GeomPackUVUnwrap: backend: dict, trimesh: Trimesh
[09:15]   [ComfyUI] [SubprocessWorker] call_method: nodes.uv.uv_unwrap.UVUnwrapNode.EXECUTE_NORMALIZED
[09:15]   [ComfyUI] [SubprocessWorker] acquired lock, ensuring started...
[09:15]   [ComfyUI] [ComfyUI-GeometryPack] Health check: ping (timeout=5.0s)...
[09:15]   [ComfyUI] [ComfyUI-GeometryPack] Health check: ok
[09:15]   [ComfyUI] [SubprocessWorker] worker started/confirmed
[09:15]   [ComfyUI] [SubprocessWorker] serializing kwargs to shm...
[09:15]   [ComfyUI] [SubprocessWorker] created 1 shm blocks
[09:15]   [ComfyUI] [SubprocessWorker] sending request via socket...
[09:15]   [ComfyUI] [SubprocessWorker] call_id=186 sending call_method
[09:15]   [ComfyUI] [worker:ComfyUI-GeometryPack] INFO: UV Unwrap dispatch: xatlas -> GeomPackUV_Xatlas
[09:15]   [ComfyUI] [SubprocessWorker] got response: ok
[09:15]   [ComfyUI] [comfy-env] GeomPackUVUnwrap done (0.02s): result: NodeOutput
[09:15]   [ComfyUI] [comfy-env] Running GeomPackUV_Xatlas: trimesh: Trimesh
[09:15]   [ComfyUI] [SubprocessWorker] call_method: nodes.uv.backends.xatlas.UVXatlasNode.EXECUTE_NORMALIZED
[09:15]   [ComfyUI] [SubprocessWorker] acquired lock, ensuring started...
[09:15]   [ComfyUI] [ComfyUI-GeometryPack] Health check: ping (timeout=5.0s)...
[09:15]   [ComfyUI] [ComfyUI-GeometryPack] Health check: ok
[09:15]   [ComfyUI] [SubprocessWorker] worker started/confirmed
[09:15]   [ComfyUI] [SubprocessWorker] serializing kwargs to shm...
[09:15]   [ComfyUI] [SubprocessWorker] created 1 shm blocks
[09:15]   [ComfyUI] [SubprocessWorker] sending request via socket...
[09:15]   [ComfyUI] [SubprocessWorker] call_id=187 sending call_method
[09:15]   [ComfyUI] [worker:ComfyUI-GeometryPack] INFO: Backend: xatlas
[09:15]   [ComfyUI] [worker:ComfyUI-GeometryPack] INFO: Input: 11381 vertices, 22704 faces
[09:18]   Frame 2 saved (frame_001.jpg, t=2.2s)
[09:18]   [capture-periodic] freeze=2ms shot=95ms unfreeze=3ms saved=True
[09:20]   Frame 3 saved (frame_002.jpg, t=4.4s)
[09:20]   [capture-periodic] freeze=2ms shot=92ms unfreeze=2ms saved=True
[09:20]   [ComfyUI] [worker:ComfyUI-GeometryPack] INFO: Output: 14113 vertices, 22704 faces
[09:20]   [ComfyUI] [SubprocessWorker] got response: ok
[09:20]   [ComfyUI] [comfy-env] GeomPackUV_Xatlas done (4.34s): result: NodeOutput
[09:20]   [ComfyUI] [comfy-env] Running GeomPackPreviewMeshUV: show_checker: False, show_wireframe: False, trimesh: Trimesh
[09:20]   [ComfyUI] [SubprocessWorker] call_method: nodes.visualization.preview_mesh_uv.PreviewMeshUVNode.EXECUTE_NORMALIZED
[09:20]   [ComfyUI] [SubprocessWorker] acquired lock, ensuring started...
[09:20]   [ComfyUI] [ComfyUI-GeometryPack] Health check: ping (timeout=5.0s)...
[09:20]   [ComfyUI] [ComfyUI-GeometryPack] Health check: ok
[09:20]   [ComfyUI] [SubprocessWorker] worker started/confirmed
[09:20]   [ComfyUI] [SubprocessWorker] serializing kwargs to shm...
[09:20]   [ComfyUI] [SubprocessWorker] created 1 shm blocks
[09:20]   [ComfyUI] [SubprocessWorker] sending request via socket...
[09:20]   [ComfyUI] [SubprocessWorker] call_id=188 sending call_method
[09:20]   [ComfyUI] [worker:ComfyUI-GeometryPack] INFO: Preparing preview: Mesh - 14113 vertices, 22704 faces
[09:20]   Node executed (1 total), capturing...
[09:20]   [ComfyUI] [worker:ComfyUI-GeometryPack] INFO: Found UV data: 14113 UV coordinates
[09:20]   [ComfyUI] [worker:ComfyUI-GeometryPack] INFO: UV stats: range=[0.99957985 0.99956971], in_unit_square=True, coverage=0.5727
[09:20]   [ComfyUI] [worker:ComfyUI-GeometryPack] INFO: Exported mesh to: /home/runner/work/comfy-gpu-ci/comfy-gpu-ci/test_workspaces/GeometryPack-0031/ComfyUI/output/preview_uv_91e238a5.glb
[09:20]   Frame 4 saved (frame_003.jpg, t=4.8s)
[09:20]   [capture-node] freeze=8ms shot=86ms unfreeze=3ms saved=True
[09:20]   [ComfyUI] [worker:ComfyUI-GeometryPack] INFO: Exported UV data to: /home/runner/work/comfy-gpu-ci/comfy-gpu-ci/test_workspaces/GeometryPack-0031/ComfyUI/output/preview_uv_bb47ebe0_uvdata.json
[09:20]   [ComfyUI] [worker:ComfyUI-GeometryPack] INFO: Preview ready: has_uvs=True, checker=False, wireframe=False
[09:20]   [ComfyUI] [SubprocessWorker] got response: ok
[09:20]   [ComfyUI] [comfy-env] GeomPackPreviewMeshUV done (0.40s): result: NodeOutput
[09:20]   [ComfyUI] Prompt executed in 4.83 seconds
[09:20]   Node executed (2 total), capturing...
[09:21]   Frame 5 saved (frame_004.jpg, t=5.2s)
[09:21]   [capture-node] freeze=2ms shot=80ms unfreeze=3ms saved=True
[09:21]   Execution complete (t=5.4s)
[09:21]   Captured 5 unique frames over 5.41s
[09:21]   [debug] iframes: 1
[09:21]   [debug]   iframe[0]: src=http://127.0.0.1:41895/extensions/ComfyUI-GeometryPack/viewer_uv.html?v=17784600, canvas=287x287, rafFrozen=False
[09:21]   [timing] trigger_3d_previews: 0.1s
[09:23]   Saved high-quality screenshot: uv_unwrap_executed.png
[09:23]   [timing] final_screenshot: 0.2s
[09:23]   [32/33] SKIPPED (not in cpu list) uv_unwrap_all.json
[09:23] Capturing execution frames: view_texture.json
[09:30]   Frame 1 saved (frame_000.jpg, t=0.0s)
[09:30]   Validating workflow...
[09:30]   [ComfyUI] === /validate endpoint called ===
[09:30]   [ComfyUI] Received JSON with keys: ['prompt']
[09:30]   [ComfyUI] Prompt has 2 nodes
[09:30]   [ComfyUI]   Node 3: GeomPackLoadMesh
[09:30]   [ComfyUI]     Inputs: {"file_path": "3d/mount_textured.glb"}
[09:30]   [ComfyUI]   Node 12: GeomPackPreviewMeshVTK
[09:30]   [ComfyUI]     Inputs: {"mode": "texture", "preview_vtk": "{\"show_edges\":false,\"camera_state\":\"\",\"selected_field\":\"\",\"selected_channel\":\"magnitude\",\"selected_colormap\":\"erdc_rainbow_bright\"}", "trimesh": [
[09:30]   [ComfyUI] Generated prompt_id: 81d957d2-a967-4bdc-a4c7-5b1cfb4358f5
[09:30]   [ComfyUI] Calling execution.validate_prompt()...
[09:30]   [ComfyUI] Validation result: valid=True
[09:30]   [ComfyUI] === Validation PASSED ===
[09:30]   Queuing workflow for execution...
[09:30]   [ComfyUI] got prompt
[09:30]   [ComfyUI] [comfy-env] Running GeomPackLoadMesh: file_path: '3d/mount_textured.glb'
[09:30]   [ComfyUI] [SubprocessWorker] call_method: nodes.io.load_mesh.LoadMesh.EXECUTE_NORMALIZED
[09:30]   [ComfyUI] [SubprocessWorker] acquired lock, ensuring started...
[09:30]   [ComfyUI] [ComfyUI-GeometryPack] Health check: ping (timeout=5.0s)...
[09:30]   [ComfyUI] [ComfyUI-GeometryPack] Health check: ok
[09:30]   [ComfyUI] [SubprocessWorker] worker started/confirmed
[09:30]   [ComfyUI] [SubprocessWorker] serializing kwargs to shm...
[09:30]   [ComfyUI] [SubprocessWorker] created 0 shm blocks
[09:30]   [ComfyUI] [SubprocessWorker] sending request via socket...
[09:30]   [ComfyUI] [SubprocessWorker] call_id=189 sending call_method
[09:30]   [ComfyUI] [worker:ComfyUI-GeometryPack] INFO: Found mesh in input folder: 3d/mount_textured.glb
[09:30]   [ComfyUI] [worker:ComfyUI-GeometryPack] INFO: Loading: /home/runner/work/comfy-gpu-ci/comfy-gpu-ci/test_workspaces/GeometryPack-0031/ComfyUI/input/3d/mount_textured.glb
[09:30]   [ComfyUI] [worker:ComfyUI-GeometryPack] INFO: Converting Scene to single mesh (scene has 2 geometries)
[09:30]   [ComfyUI] [worker:ComfyUI-GeometryPack] INFO: Initial mesh: 3604 vertices, 6964 faces
[09:30]   [ComfyUI] [worker:ComfyUI-GeometryPack] INFO: Successfully loaded: 3604 vertices, 6964 faces
[09:30]   [ComfyUI] [worker:ComfyUI-GeometryPack] INFO: Loaded: 3604 vertices, 6964 faces
[09:30]   [ComfyUI] [SubprocessWorker] got response: ok
[09:30]   [ComfyUI] [comfy-env] GeomPackLoadMesh done (0.15s): result: NodeOutput
[09:30]   [ComfyUI] [comfy-env] Running GeomPackPreviewMeshVTK: mode: 'texture', trimesh: Trimesh
[09:30]   [ComfyUI] [SubprocessWorker] call_method: nodes.visualization.preview_mesh_vtk.PreviewMeshVTKNode.EXECUTE_NORMALIZED
[09:30]   [ComfyUI] [SubprocessWorker] acquired lock, ensuring started...
[09:30]   [ComfyUI] [ComfyUI-GeometryPack] Health check: ping (timeout=5.0s)...
[09:30]   [ComfyUI] [ComfyUI-GeometryPack] Health check: ok
[09:30]   [ComfyUI] [SubprocessWorker] worker started/confirmed
[09:30]   [ComfyUI] [SubprocessWorker] serializing kwargs to shm...
[09:30]   [ComfyUI] [SubprocessWorker] created 1 shm blocks
[09:30]   [ComfyUI] [SubprocessWorker] sending request via socket...
[09:30]   [ComfyUI] [SubprocessWorker] call_id=190 sending call_method
[09:30]   [ComfyUI] [worker:ComfyUI-GeometryPack] INFO: Preparing preview: Mesh - 3604 vertices, 6964 faces
[09:30]   [ComfyUI] [worker:ComfyUI-GeometryPack] INFO: Mode: texture
[09:30]   [ComfyUI] [worker:ComfyUI-GeometryPack] INFO: Visual data - has_visual: True, kind: texture, texture: True, vertex_colors: False
[09:30]   [ComfyUI] [worker:ComfyUI-GeometryPack] INFO: Using texture mode - GLB export
[09:30]   [ComfyUI] [worker:ComfyUI-GeometryPack] INFO: Set alphaMode to OPAQUE for texture mode
[09:30]   [ComfyUI] [worker:ComfyUI-GeometryPack] INFO: Exported GLB to: /home/runner/work/comfy-gpu-ci/comfy-gpu-ci/test_workspaces/GeometryPack-0031/ComfyUI/output/preview_vtk_7bd9cab8.glb
[09:30]   [ComfyUI] [worker:ComfyUI-GeometryPack] INFO: Texture mode info: watertight=False, volume=None, area=720.728733148043, texture=True, vertex_colors=False
[09:30]   [ComfyUI] [SubprocessWorker] got response: ok
[09:30]   [ComfyUI] [comfy-env] GeomPackPreviewMeshVTK done (0.21s): result: NodeOutput
[09:30]   [ComfyUI] Prompt executed in 0.36 seconds
[09:30]   Node executed (1 total), capturing...
[09:30]   Frame 2 saved (frame_001.jpg, t=0.7s)
[09:30]   [capture-node] freeze=34ms shot=94ms unfreeze=0ms saved=True
[09:30]   Execution complete (t=0.7s)
[09:30]   Captured 2 unique frames over 0.92s
[09:30]   [debug] iframes: 1
[09:30]   [debug]   iframe[0]: src=http://127.0.0.1:41895/extensions/ComfyUI-GeometryPack/viewer_vtk_textured.html?, canvas=221x249, rafFrozen=True
[09:30]   [timing] trigger_3d_previews: 0.0s
[09:33]   Saved high-quality screenshot: view_texture_executed.png
[09:33]   [timing] final_screenshot: 0.2s
[09:33] Results saved to /home/runner/work/comfy-gpu-ci/comfy-gpu-ci/comfy-test-logs/GeometryPack-0031/dev/linux-cpu/results.json
[09:33] Saved: /home/runner/work/comfy-gpu-ci/comfy-gpu-ci/comfy-test-logs/GeometryPack-0031/dev/linux-cpu/index.html
[09:33] [EXECUTION] PASSED
[09:33] 
linux: PASSED
[09:33] Stopping ComfyUI server...
