setup plugin alembic.autogenerate.schemas
setup plugin alembic.autogenerate.tables
setup plugin alembic.autogenerate.types
setup plugin alembic.autogenerate.constraints
setup plugin alembic.autogenerate.defaults
setup plugin alembic.autogenerate.comments
[comfy-env] ComfyUI-GeometryPack: 1 isolation env(s):
[comfy-env]   nodes -> C:\workspaces\GeometryPack-1207\portable-comfyui\ComfyUI_windows_portable\ComfyUI\custom_nodes\ComfyUI-GeometryPack\nodes
[comfy-env] Workspace: C:\Users\ContainerUser\AppData\Local\Programs\comfy-env
[comfy-env]     env: C:\Users\ContainerUser\AppData\Local\Programs\comfy-env\.pixi\envs\geometrypack-nodes  [OK]
[comfy-env] prestartup complete

Prestartup times for custom nodes:
   0.5 seconds: C:\workspaces\GeometryPack-1207\portable-comfyui\ComfyUI_windows_portable\ComfyUI\custom_nodes\ComfyUI-GeometryPack

Found comfy_kitchen backend eager: {'available': True, 'disabled': False, 'unavailable_reason': None, 'capabilities': ['apply_rope', 'apply_rope1', 'dequantize_mxfp8', 'dequantize_nvfp4', 'dequantize_per_tensor_fp8', 'quantize_mxfp8', 'quantize_nvfp4', 'quantize_per_tensor_fp8', 'scaled_mm_mxfp8', 'scaled_mm_nvfp4']}
Found comfy_kitchen backend cuda: {'available': True, 'disabled': False, 'unavailable_reason': None, 'capabilities': ['apply_rope', 'apply_rope1', 'dequantize_nvfp4', 'dequantize_per_tensor_fp8', 'quantize_mxfp8', 'quantize_nvfp4', 'quantize_per_tensor_fp8', 'scaled_mm_nvfp4']}
Found comfy_kitchen backend triton: {'available': False, 'disabled': True, 'unavailable_reason': "ImportError: No module named 'triton'", 'capabilities': []}
Checkpoint files will always be loaded safely.
Total VRAM 24576 MB, total RAM 32684 MB
pytorch version: 2.11.0+cu130
Set vram state to: NORMAL_VRAM
Device: cuda:0 NVIDIA GeForce RTX 3090 : cudaMallocAsync
Using async weight offloading with 2 streams
Enabled pinned memory 13073.0
Using pytorch attention
aimdo: src-win/cuda-detour.c:38:INFO:aimdo_setup_hooks: installing 6 hooks
aimdo: src-win/cuda-detour.c:28:DEBUG:install_hook_entries: hooks successfully installed
aimdo: src-win/shmem-detect.c:80:INFO:comfy-aimdo WDDM adapter match: NVIDIA GeForce RTX 3090 runtime_luid=00000000:0000bc16 dxgi_luid=00000000:0000bc16
aimdo: src/control.c:152:INFO:comfy-aimdo inited for GPU: NVIDIA GeForce RTX 3090 (VRAM: 24575 MB)
DynamicVRAM support detected and enabled
Python version: 3.13.12 (tags/v3.13.12:1cbe481, Feb  3 2026, 18:22:25) [MSC v.1944 64 bit (AMD64)]
ComfyUI version: 0.21.1
comfy-aimdo version: 0.3.0
comfy-kitchen version: 0.2.8
****** User settings have been changed to be stored on the server instead of browser storage. ******
****** For multi-user setups add the --multi-user CLI argument to enable multiple user profiles. ******
ComfyUI frontend version: 1.43.18
[Prompt Server] web root: C:\workspaces\GeometryPack-1207\portable-comfyui\ComfyUI_windows_portable\python_embeded\Lib\site-packages\comfyui_frontend_package\static
Asset seeder disabled
loading...
calling register_nodes
[comfy-env] Version: 0.3.89
[comfy-env] register_nodes: ComfyUI-GeometryPack
[comfy-env] ComfyUI source dir: C:\workspaces\GeometryPack-1207\portable-comfyui\ComfyUI_windows_portable\ComfyUI
[comfy-env] Found 1 isolation env(s)
[comfy-env] Scanning nodes metadata (isolation root)...
[comfy-env] geometrypack-nodes: Library/bin has 613 DLLs
[comfy-env] Metadata scan: C:\Users\ContainerUser\.pixi\bin\pixi.exe run --as-is --manifest-path C:\Users\ContainerUser\AppData\Local\Programs\comfy-env\pixi.toml -e geometrypack-nodes python C:\Users\ContainerUser\AppData\Local\Temp\comfy_meta_71fmj6a6.py C:\workspaces\GeometryPack-1207\portable-comfyui\ComfyUI_windows_portable\ComfyUI\custom_nodes\ComfyUI-GeometryPack nodes C:\Users\ContainerUser\AppData\Local\Temp\comfy_meta_out_dsxzdf6m.pkl
[comfy-env] Scan env PATH for nodes:
[comfy-env]   [0] C:\Users\ContainerUser\AppData\Local\Programs\comfy-env\.pixi\envs\geometrypack-nodes
[comfy-env]   [1] C:\Users\ContainerUser\AppData\Local\Programs\comfy-env\.pixi\envs\geometrypack-nodes\Library\bin
[comfy-env]   [2] C:\Users\ContainerUser\AppData\Local\Programs\comfy-env\.pixi\envs\geometrypack-nodes\Scripts
[comfy-env]   [3] C:\Users\ContainerUser\AppData\Local\Programs\comfy-env\.pixi\envs\geometrypack-nodes\Lib\site-packages\bpy
[comfy-env]   [4] C:\Windows\System32
[comfy-env]   [5] C:\Windows
[comfy-env]   [6] C:\Windows\System32\Wbem
[comfy-env] Metadata scan stderr for nodes:
[comfy-env]   [meta-scan] importing nodes from C:\workspaces\GeometryPack-1207\portable-comfyui\ComfyUI_windows_portable\ComfyUI\custom_nodes\ComfyUI-GeometryPack
[comfy-env]   ERROR:root:Failed to import comfy_kitchen, Error: No module named 'comfy_kitchen', fp8 and fp4 support will not be available.
[comfy-env]   [meta-scan] import OK
[comfy-env] Scanned nodes: 125 nodes (39.0s)
[comfy-env] Scanned nodes root: 125 nodes (39.1s)
[comfy-env] Imported nodes root: 125 nodes (isolation)
[comfy-env] Registered 125 total nodes

Import times for custom nodes:
   0.0 seconds: C:\workspaces\GeometryPack-1207\portable-comfyui\ComfyUI_windows_portable\ComfyUI\custom_nodes\websocket_image_save.py
   0.0 seconds: C:\workspaces\GeometryPack-1207\portable-comfyui\ComfyUI_windows_portable\ComfyUI\custom_nodes\ComfyUI-validate-endpoint
  39.8 seconds: C:\workspaces\GeometryPack-1207\portable-comfyui\ComfyUI_windows_portable\ComfyUI\custom_nodes\ComfyUI-GeometryPack

Context impl SQLiteImpl.
Will assume non-transactional DDL.
Context impl SQLiteImpl.
Will assume non-transactional DDL.
Running upgrade  -> 0001_assets, Initial assets schema
Revision ID: 0001_assets
Revises: None
Create Date: 2025-12-10 00:00:00
Running upgrade 0001_assets -> 0002_merge_to_asset_references, Merge AssetInfo and AssetCacheState into unified asset_references table.
Running upgrade 0002_merge_to_asset_references -> 0003_add_metadata_job_id, Add system_metadata and job_id columns to asset_references.
Change preview_id FK from assets.id to asset_references.id.
Database upgraded from None to 0003_add_metadata_job_id
Starting server

To see the GUI go to: http://127.0.0.1:41885
=== /validate endpoint called ===
Received JSON with keys: ['prompt']
Prompt has 8 nodes
  Node 1: GeomPackLoadMesh
    Inputs: {"file_path": "3d/camelhead.off"}
  Node 3: GeomPackFillHoles
    Inputs: {"backend": "pymeshlab", "backend.maxholesize": 0, "report_panel": "false", "mesh": ["1", 0]}
  Node 4: GeomPackFillHoles
    Inputs: {"backend": "pymeshfix", "backend.max_edges": 0, "backend.refine": "true", "report_panel": "false", "mesh": ["1", 0]}
  Node 5: GeomPackFillHoles
    Inputs: {"backend": "igl_fan", "report_panel": "false", "mesh": ["1", 0]}
  Node 6: GeomPackFillHoles
    Inputs: {"backend": "cgal", "backend.quality": "triangulate", "report_panel": "false", "mesh": ["1", 0]}
  Node 7: GeomPackFillHoles
    Inputs: {"backend": "gpu_cumesh", "backend.perimeter": 20, "report_panel": "false", "mesh": ["1", 0]}
  Node 8: GeomPackPreviewMeshMulti
    Inputs: {"mode": "fields", "preview_multi": "{\"show_edges\":true,\"camera_state\":\"{\\\"position\\\":[0.3450675952860498,-1.1296206877012935,-0.7853370972660157],\\\"focalPoint\\\":[0.000001996755599975586,
  Node 9: GeomPackPreviewMeshMulti
    Inputs: {"mode": "fields", "preview_multi": "{\"show_edges\":true,\"camera_state\":\"{\\\"position\\\":[0.3450675952860498,-1.1296206877012935,-0.7853370972660157],\\\"focalPoint\\\":[0.000001996755599975586,
Generated prompt_id: dc4a19d2-9535-4017-b3f2-271471fb4165
Calling execution.validate_prompt()...
Validation result: valid=True
=== Validation PASSED ===
got prompt
[comfy-env] Running GeomPackLoadMesh: file_path: '3d/camelhead.off'
[VRAM] Before GeomPackLoadMesh: 1271 / 24575 MB
[comfy-env] SubprocessWorker: C:\Users\ContainerUser\AppData\Local\Programs\comfy-env\.pixi\envs\geometrypack-nodes\python.exe
[comfy-env] env_vars: {'KMP_DUPLICATE_LIB_OK': 'TRUE', 'OMP_NUM_THREADS': '1', 'COMFYUI_BASE': 'C:\\workspaces\\GeometryPack-1207\\portable-comfyui\\ComfyUI_windows_portable\\ComfyUI'}
[SubprocessWorker] call_method: nodes.io.load_mesh.LoadMesh.EXECUTE_NORMALIZED
[SubprocessWorker] acquired lock, ensuring started...
[comfy-env] geometrypack-nodes: Library/bin has 613 DLLs
[ComfyUI-GeometryPack] python: C:\Users\ContainerUser\AppData\Local\Programs\comfy-env\.pixi\envs\geometrypack-nodes\python.exe
[ComfyUI-GeometryPack] sys_path sent to worker: ['C:\\workspaces\\GeometryPack-1207\\portable-comfyui\\ComfyUI_windows_portable\\ComfyUI', 'C:\\workspaces\\GeometryPack-1207\\portable-comfyui\\ComfyUI_windows_portable\\ComfyUI\\custom_nodes\\ComfyUI-GeometryPack', 'C:\\Users\\ContainerUser\\AppData\\Local\\Programs\\comfy-env\\.pixi\\envs\\geometrypack-nodes\\Lib\\site-packages', 'C:\\workspaces\\GeometryPack-1207\\portable-comfyui\\ComfyUI_windows_portable\\ComfyUI\\custom_nodes\\ComfyUI-GeometryPack']
[SubprocessWorker] is_pixi=True, python=C:\Users\ContainerUser\AppData\Local\Programs\comfy-env\.pixi\envs\geometrypack-nodes\python.exe
[SubprocessWorker] launching cmd=['C:\\Users\\ContainerUser\\.pixi\\bin\\pixi.exe', 'run', '--as-is', '--manifest-path', 'C:\\Users\\ContainerUser\\AppData\\Local\\Programs\\comfy-env\\pixi.toml', '-e', 'geometrypack-nodes', 'python', 'C:\\Users\\ContainerUser\\AppData\\Local\\Temp\\comfyui_pvenv_ceusgkah\\persistent_worker.py', 'tcp://127.0.0.1:50951']...
[worker:ComfyUI-GeometryPack] ERROR: Failed to import comfy_kitchen, Error: No module named 'comfy_kitchen', fp8 and fp4 support will not be available.
[SubprocessWorker] worker started/confirmed
[SubprocessWorker] serializing kwargs to shm...
[SubprocessWorker] created 0 shm blocks
[SubprocessWorker] sending request via socket...
[SubprocessWorker] call_id=1 sending call_method
[worker:ComfyUI-GeometryPack] INFO: Found mesh in input folder: 3d/camelhead.off
[worker:ComfyUI-GeometryPack] INFO: Loading: C:\workspaces\GeometryPack-1207\portable-comfyui\ComfyUI_windows_portable\ComfyUI\input\3d/camelhead.off
[worker:ComfyUI-GeometryPack] INFO: Initial mesh: 11381 vertices, 22704 faces
[worker:ComfyUI-GeometryPack] INFO: Successfully loaded: 11381 vertices, 22704 faces
[worker:ComfyUI-GeometryPack] INFO: Loaded: 11381 vertices, 22704 faces
[SubprocessWorker] got response: ok
[comfy-env] GeomPackLoadMesh done (6.72s): result: NodeOutput
[VRAM] After GeomPackLoadMesh: 1271 / 24575 MB
[comfy-env] Running GeomPackFillHoles: backend: dict, mesh: Trimesh
[VRAM] Before GeomPackFillHoles: 1271 / 24575 MB
[SubprocessWorker] call_method: nodes.repair.fill_holes.FillHolesNode.EXECUTE_NORMALIZED
[SubprocessWorker] acquired lock, ensuring started...
[ComfyUI-GeometryPack] Health check: ping (timeout=5.0s)...
[ComfyUI-GeometryPack] Health check: ok
[SubprocessWorker] worker started/confirmed
[SubprocessWorker] serializing kwargs to shm...
[SubprocessWorker] created 1 shm blocks
[SubprocessWorker] sending request via socket...
[SubprocessWorker] call_id=2 sending call_method
[worker:ComfyUI-GeometryPack] INFO: Fill Holes dispatch: igl_fan -> GeomPackFillHoles_IglFan
[SubprocessWorker] got response: ok
[comfy-env] GeomPackFillHoles done (0.03s): result: NodeOutput
[VRAM] After GeomPackFillHoles: 1271 / 24575 MB
[comfy-env] Running GeomPackFillHoles: backend: dict, mesh: Trimesh
[VRAM] Before GeomPackFillHoles: 1271 / 24575 MB
[SubprocessWorker] call_method: nodes.repair.fill_holes.FillHolesNode.EXECUTE_NORMALIZED
[SubprocessWorker] acquired lock, ensuring started...
[ComfyUI-GeometryPack] Health check: ping (timeout=5.0s)...
[ComfyUI-GeometryPack] Health check: ok
[SubprocessWorker] worker started/confirmed
[SubprocessWorker] serializing kwargs to shm...
[SubprocessWorker] created 1 shm blocks
[SubprocessWorker] sending request via socket...
[SubprocessWorker] call_id=3 sending call_method
[worker:ComfyUI-GeometryPack] INFO: Fill Holes dispatch: gpu_cumesh -> GeomPackFillHoles_GPU
[SubprocessWorker] got response: ok
[comfy-env] GeomPackFillHoles done (0.04s): result: NodeOutput
[VRAM] After GeomPackFillHoles: 1271 / 24575 MB
[comfy-env] Running GeomPackFillHoles: backend: dict, mesh: Trimesh
[VRAM] Before GeomPackFillHoles: 1271 / 24575 MB
[SubprocessWorker] call_method: nodes.repair.fill_holes.FillHolesNode.EXECUTE_NORMALIZED
[SubprocessWorker] acquired lock, ensuring started...
[ComfyUI-GeometryPack] Health check: ping (timeout=5.0s)...
[ComfyUI-GeometryPack] Health check: ok
[SubprocessWorker] worker started/confirmed
[SubprocessWorker] serializing kwargs to shm...
[SubprocessWorker] created 1 shm blocks
[SubprocessWorker] sending request via socket...
[SubprocessWorker] call_id=4 sending call_method
[worker:ComfyUI-GeometryPack] INFO: Fill Holes dispatch: cgal -> GeomPackFillHoles_CGAL
[SubprocessWorker] got response: ok
[comfy-env] GeomPackFillHoles done (0.04s): result: NodeOutput
[VRAM] After GeomPackFillHoles: 1271 / 24575 MB
[comfy-env] Running GeomPackFillHoles: backend: dict, mesh: Trimesh
[VRAM] Before GeomPackFillHoles: 1271 / 24575 MB
[SubprocessWorker] call_method: nodes.repair.fill_holes.FillHolesNode.EXECUTE_NORMALIZED
[SubprocessWorker] acquired lock, ensuring started...
[ComfyUI-GeometryPack] Health check: ping (timeout=5.0s)...
[ComfyUI-GeometryPack] Health check: ok
[SubprocessWorker] worker started/confirmed
[SubprocessWorker] serializing kwargs to shm...
[SubprocessWorker] created 1 shm blocks
[SubprocessWorker] sending request via socket...
[SubprocessWorker] call_id=5 sending call_method
[worker:ComfyUI-GeometryPack] INFO: Fill Holes dispatch: pymeshfix -> GeomPackFillHoles_PyMeshFix
[SubprocessWorker] got response: ok
[comfy-env] GeomPackFillHoles done (0.04s): result: NodeOutput
[VRAM] After GeomPackFillHoles: 1271 / 24575 MB
[comfy-env] Running GeomPackFillHoles: backend: dict, mesh: Trimesh
[VRAM] Before GeomPackFillHoles: 1271 / 24575 MB
[SubprocessWorker] call_method: nodes.repair.fill_holes.FillHolesNode.EXECUTE_NORMALIZED
[SubprocessWorker] acquired lock, ensuring started...
[ComfyUI-GeometryPack] Health check: ping (timeout=5.0s)...
[ComfyUI-GeometryPack] Health check: ok
[SubprocessWorker] worker started/confirmed
[SubprocessWorker] serializing kwargs to shm...
[SubprocessWorker] created 1 shm blocks
[SubprocessWorker] sending request via socket...
[SubprocessWorker] call_id=6 sending call_method
[worker:ComfyUI-GeometryPack] INFO: Fill Holes dispatch: pymeshlab -> GeomPackFillHoles_PyMeshLab
[SubprocessWorker] got response: ok
[comfy-env] GeomPackFillHoles done (0.03s): result: NodeOutput
[VRAM] After GeomPackFillHoles: 1271 / 24575 MB
[comfy-env] Running GeomPackFillHoles_IglFan: mesh: Trimesh
[VRAM] Before GeomPackFillHoles_IglFan: 1271 / 24575 MB
[SubprocessWorker] call_method: nodes.repair.backends.igl_fan_fill.FillHolesIglFanNode.EXECUTE_NORMALIZED
[SubprocessWorker] acquired lock, ensuring started...
[ComfyUI-GeometryPack] Health check: ping (timeout=5.0s)...
[ComfyUI-GeometryPack] Health check: ok
[SubprocessWorker] worker started/confirmed
[SubprocessWorker] serializing kwargs to shm...
[SubprocessWorker] created 1 shm blocks
[SubprocessWorker] sending request via socket...
[SubprocessWorker] call_id=7 sending call_method
[worker:ComfyUI-GeometryPack] INFO: igl_fan: filled boundary loop with 54 faces
[worker:ComfyUI-GeometryPack] INFO: igl_fan: +54 faces, watertight: False -> True
[SubprocessWorker] got response: ok
[comfy-env] GeomPackFillHoles_IglFan done (0.20s): result: NodeOutput
[VRAM] After GeomPackFillHoles_IglFan: 1271 / 24575 MB
[comfy-env] Running GeomPackFillHoles_GPU: mesh: Trimesh, perimeter: 20.0
[VRAM] Before GeomPackFillHoles_GPU: 1271 / 24575 MB
[SubprocessWorker] call_method: nodes.fill_holes_gpu.fill_holes.FillHolesGPUNode.EXECUTE_NORMALIZED
[SubprocessWorker] acquired lock, ensuring started...
[ComfyUI-GeometryPack] Health check: ping (timeout=5.0s)...
[ComfyUI-GeometryPack] Health check: ok
[SubprocessWorker] worker started/confirmed
[SubprocessWorker] serializing kwargs to shm...
[SubprocessWorker] created 1 shm blocks
[SubprocessWorker] sending request via socket...
[SubprocessWorker] call_id=8 sending call_method
[worker:ComfyUI-GeometryPack] INFO: CuMesh GPU: perimeter=20.0, +56 faces, watertight: False -> True
[SubprocessWorker] got response: ok
[comfy-env] GeomPackFillHoles_GPU done (0.55s): result: NodeOutput
[VRAM] After GeomPackFillHoles_GPU: 1271 / 24575 MB
[comfy-env] Running GeomPackFillHoles_CGAL: mesh: Trimesh, quality: 'triangulate'
[VRAM] Before GeomPackFillHoles_CGAL: 1271 / 24575 MB
[SubprocessWorker] call_method: nodes.repair_cgal.fill_holes_cgal.FillHolesCGALNode.EXECUTE_NORMALIZED
[SubprocessWorker] acquired lock, ensuring started...
[ComfyUI-GeometryPack] Health check: ping (timeout=5.0s)...
[ComfyUI-GeometryPack] Health check: ok
[SubprocessWorker] worker started/confirmed
[SubprocessWorker] serializing kwargs to shm...
[SubprocessWorker] created 1 shm blocks
[SubprocessWorker] sending request via socket...
[SubprocessWorker] call_id=9 sending call_method
[worker:ComfyUI-GeometryPack] INFO: CGAL: built Polyhedron_3 (11381 vertices, 22704 facets)
[worker:ComfyUI-GeometryPack] INFO: CGAL: found 56 holes
[worker:ComfyUI-GeometryPack] INFO: CGAL triangulate: filled 56/56 holes, +109 faces, watertight: False -> False
[SubprocessWorker] got response: ok
[comfy-env] GeomPackFillHoles_CGAL done (0.56s): result: NodeOutput
[VRAM] After GeomPackFillHoles_CGAL: 1271 / 24575 MB
[comfy-env] Running GeomPackPreviewMeshMulti: mode: 'fields', mesh_1: Trimesh, mesh_2: Trimesh, mesh_3: Trimesh
[VRAM] Before GeomPackPreviewMeshMulti: 1271 / 24575 MB
[SubprocessWorker] call_method: nodes.visualization.preview_mesh_multi.PreviewMeshMultiNode.EXECUTE_NORMALIZED
[SubprocessWorker] acquired lock, ensuring started...
[ComfyUI-GeometryPack] Health check: ping (timeout=5.0s)...
[ComfyUI-GeometryPack] Health check: ok
[SubprocessWorker] worker started/confirmed
[SubprocessWorker] serializing kwargs to shm...
[SubprocessWorker] created 3 shm blocks
[SubprocessWorker] sending request via socket...
[SubprocessWorker] call_id=10 sending call_method
[worker:ComfyUI-GeometryPack] INFO: Mode: fields, Meshes: 3
[worker:ComfyUI-GeometryPack] INFO: Mesh 1: Mesh - 11381 vertices, 22758 faces
[worker:ComfyUI-GeometryPack] INFO: Exporting mesh to VTP: C:\workspaces\GeometryPack-1207\portable-comfyui\ComfyUI_windows_portable\ComfyUI\output\preview_multi_1_cbfa1975.vtp
[worker:ComfyUI-GeometryPack] INFO: Adding normals field (11381 vertices)
[worker:ComfyUI-GeometryPack] INFO: Export complete: 11381 vertices, 22758 faces
[worker:ComfyUI-GeometryPack] INFO: Exported VTP: C:\workspaces\GeometryPack-1207\portable-comfyui\ComfyUI_windows_portable\ComfyUI\output\preview_multi_1_cbfa1975.vtp
[worker:ComfyUI-GeometryPack] INFO: Mesh 2: Mesh - 11381 vertices, 22813 faces
[worker:ComfyUI-GeometryPack] INFO: Exporting mesh to VTP: C:\workspaces\GeometryPack-1207\portable-comfyui\ComfyUI_windows_portable\ComfyUI\output\preview_multi_2_cbfa1975.vtp
[worker:ComfyUI-GeometryPack] INFO: Adding normals field (11381 vertices)
[worker:ComfyUI-GeometryPack] INFO: Export complete: 11381 vertices, 22813 faces
[worker:ComfyUI-GeometryPack] INFO: Exported VTP: C:\workspaces\GeometryPack-1207\portable-comfyui\ComfyUI_windows_portable\ComfyUI\output\preview_multi_2_cbfa1975.vtp
[worker:ComfyUI-GeometryPack] INFO: Mesh 3: Mesh - 11382 vertices, 22760 faces
[worker:ComfyUI-GeometryPack] INFO: Exporting mesh to VTP: C:\workspaces\GeometryPack-1207\portable-comfyui\ComfyUI_windows_portable\ComfyUI\output\preview_multi_3_cbfa1975.vtp
[worker:ComfyUI-GeometryPack] INFO: Adding normals field (11382 vertices)
[worker:ComfyUI-GeometryPack] INFO: Export complete: 11382 vertices, 22760 faces
[worker:ComfyUI-GeometryPack] INFO: Exported VTP: C:\workspaces\GeometryPack-1207\portable-comfyui\ComfyUI_windows_portable\ComfyUI\output\preview_multi_3_cbfa1975.vtp
[worker:ComfyUI-GeometryPack] INFO: Grid: 3x1, Preview ready
[SubprocessWorker] got response: ok
[comfy-env] GeomPackPreviewMeshMulti done (0.49s): result: NodeOutput
[VRAM] After GeomPackPreviewMeshMulti: 1271 / 24575 MB
[comfy-env] Running GeomPackFillHoles_PyMeshFix: mesh: Trimesh, max_edges: 0, refine: 'true'
[VRAM] Before GeomPackFillHoles_PyMeshFix: 1271 / 24575 MB
[SubprocessWorker] call_method: nodes.repair.backends.pymeshfix_fill.FillHolesPyMeshFixNode.EXECUTE_NORMALIZED
[SubprocessWorker] acquired lock, ensuring started...
[ComfyUI-GeometryPack] Health check: ping (timeout=5.0s)...
[ComfyUI-GeometryPack] Health check: ok
[SubprocessWorker] worker started/confirmed
[SubprocessWorker] serializing kwargs to shm...
[SubprocessWorker] created 1 shm blocks
[SubprocessWorker] sending request via socket...
[SubprocessWorker] call_id=11 sending call_method
[worker:ComfyUI-GeometryPack] INFO: PyMeshFix: 1 boundary loops detected
[worker:ComfyUI-GeometryPack] INFO: PyMeshFix: filled 1 holes, +298 faces, watertight: False -> True
[SubprocessWorker] got response: ok
[comfy-env] GeomPackFillHoles_PyMeshFix done (0.24s): result: NodeOutput
[VRAM] After GeomPackFillHoles_PyMeshFix: 1271 / 24575 MB
[comfy-env] Running GeomPackFillHoles_PyMeshLab: mesh: Trimesh, maxholesize: 0
[VRAM] Before GeomPackFillHoles_PyMeshLab: 1271 / 24575 MB
[SubprocessWorker] call_method: nodes.repair.backends.pymeshlab_fill.FillHolesPyMeshLabNode.EXECUTE_NORMALIZED
[SubprocessWorker] acquired lock, ensuring started...
[ComfyUI-GeometryPack] Health check: ping (timeout=5.0s)...
[ComfyUI-GeometryPack] Health check: ok
[SubprocessWorker] worker started/confirmed
[SubprocessWorker] serializing kwargs to shm...
[SubprocessWorker] created 1 shm blocks
[SubprocessWorker] sending request via socket...
[SubprocessWorker] call_id=12 sending call_method
[worker:ComfyUI-GeometryPack] INFO: PyMeshLab: maxholesize=0, +54 faces, watertight: False -> True
[SubprocessWorker] got response: ok
[comfy-env] GeomPackFillHoles_PyMeshLab done (2.41s): result: NodeOutput
[VRAM] After GeomPackFillHoles_PyMeshLab: 1271 / 24575 MB
[comfy-env] Running GeomPackPreviewMeshMulti: mode: 'fields', mesh_1: Trimesh, mesh_2: Trimesh, mesh_3: Trimesh
[VRAM] Before GeomPackPreviewMeshMulti: 1271 / 24575 MB
[SubprocessWorker] call_method: nodes.visualization.preview_mesh_multi.PreviewMeshMultiNode.EXECUTE_NORMALIZED
[SubprocessWorker] acquired lock, ensuring started...
[ComfyUI-GeometryPack] Health check: ping (timeout=5.0s)...
[ComfyUI-GeometryPack] Health check: ok
[SubprocessWorker] worker started/confirmed
[SubprocessWorker] serializing kwargs to shm...
[SubprocessWorker] created 3 shm blocks
[SubprocessWorker] sending request via socket...
[SubprocessWorker] call_id=13 sending call_method
[worker:ComfyUI-GeometryPack] INFO: Mode: fields, Meshes: 3
[worker:ComfyUI-GeometryPack] INFO: Mesh 1: Mesh - 11381 vertices, 22704 faces
[worker:ComfyUI-GeometryPack] INFO: Exporting mesh to VTP: C:\workspaces\GeometryPack-1207\portable-comfyui\ComfyUI_windows_portable\ComfyUI\output\preview_multi_1_4f07dcdf.vtp
[worker:ComfyUI-GeometryPack] INFO: Adding normals field (11381 vertices)
[worker:ComfyUI-GeometryPack] INFO: Export complete: 11381 vertices, 22704 faces
[worker:ComfyUI-GeometryPack] INFO: Exported VTP: C:\workspaces\GeometryPack-1207\portable-comfyui\ComfyUI_windows_portable\ComfyUI\output\preview_multi_1_4f07dcdf.vtp
[worker:ComfyUI-GeometryPack] INFO: Mesh 2: Mesh - 11381 vertices, 22758 faces
[worker:ComfyUI-GeometryPack] INFO: Exporting mesh to VTP: C:\workspaces\GeometryPack-1207\portable-comfyui\ComfyUI_windows_portable\ComfyUI\output\preview_multi_2_4f07dcdf.vtp
[worker:ComfyUI-GeometryPack] INFO: Adding normals field (11381 vertices)
[worker:ComfyUI-GeometryPack] INFO: Export complete: 11381 vertices, 22758 faces
[worker:ComfyUI-GeometryPack] INFO: Exported VTP: C:\workspaces\GeometryPack-1207\portable-comfyui\ComfyUI_windows_portable\ComfyUI\output\preview_multi_2_4f07dcdf.vtp
[worker:ComfyUI-GeometryPack] INFO: Mesh 3: Mesh - 11503 vertices, 23002 faces
[worker:ComfyUI-GeometryPack] INFO: Exporting mesh to VTP: C:\workspaces\GeometryPack-1207\portable-comfyui\ComfyUI_windows_portable\ComfyUI\output\preview_multi_3_4f07dcdf.vtp
[worker:ComfyUI-GeometryPack] INFO: Adding normals field (11503 vertices)
[worker:ComfyUI-GeometryPack] INFO: Export complete: 11503 vertices, 23002 faces
[worker:ComfyUI-GeometryPack] INFO: Exported VTP: C:\workspaces\GeometryPack-1207\portable-comfyui\ComfyUI_windows_portable\ComfyUI\output\preview_multi_3_4f07dcdf.vtp
[worker:ComfyUI-GeometryPack] INFO: Grid: 3x1, Preview ready
[SubprocessWorker] got response: ok
[comfy-env] GeomPackPreviewMeshMulti done (0.41s): result: NodeOutput
[VRAM] After GeomPackPreviewMeshMulti: 1271 / 24575 MB
Prompt executed in 11.80 seconds
=== /validate endpoint called ===
Received JSON with keys: ['prompt']
Prompt has 19 nodes
  Node 1: GeomPackLoadMesh
    Inputs: {"file_path": "3d/Stanford_Bunny.stl"}
  Node 27: GeomPackRemesh
    Inputs: {"backend": "pymeshlab_isotropic", "backend.target_edge_length": 1, "backend.iterations": 3, "backend.feature_angle": 30, "backend.adaptive": "false", "report_panel": "false", "trimesh": ["1", 0]}
  Node 29: GeomPackPreviewMeshMulti
    Inputs: {"mode": "fields", "preview_multi": "{\"show_edges\":true,\"camera_state\":\"{\\\"position\\\":[-104.63702891921307,87.70613647084431,93.26266831581498],\\\"focalPoint\\\":[30.322647094726562,1.890954
  Node 30: GeomPackPreviewMeshMulti
    Inputs: {"mode": "fields", "preview_multi": "{\"show_edges\":true,\"camera_state\":\"{\\\"position\\\":[-104.63702891921307,87.70613647084431,93.26266831581498],\\\"focalPoint\\\":[30.322647094726562,1.890954
  Node 37: GeomPackRemesh
    Inputs: {"backend": "quadriflow", "backend.target_face_count": 5000, "backend.preserve_sharp": "false", "backend.preserve_boundary": "true", "report_panel": "false", "trimesh": ["1", 0]}
  Node 39: GeomPackRemesh
    Inputs: {"backend": "instant_meshes", "backend.target_vertex_count": 5000, "backend.deterministic": "true", "backend.crease_angle": 0, "report_panel": "false", "trimesh": ["1", 0]}
  Node 42: GeomPackRemesh
    Inputs: {"backend": "geogram_anisotropic", "backend.nb_points_aniso": 5000, "backend.anisotropy": 0.04, "report_panel": "false", "trimesh": ["1", 0]}
  Node 43: GeomPackRemesh
    Inputs: {"backend": "pmp_uniform", "backend.pmp_edge_length": 1, "backend.pmp_iterations": 1, "backend.pmp_use_projection": "true", "report_panel": "false", "trimesh": ["1", 0]}
  Node 44: GeomPackRemesh
    Inputs: {"backend": "mmg_adaptive", "backend.hausd": 0.1, "backend.hmin": 0, "backend.hmax": 0, "backend.hgrad": 1.3, "report_panel": "false", "trimesh": ["1", 0]}
  Node 45: GeomPackRemesh
    Inputs: {"backend": "geogram_smooth", "backend.nb_points": 5000, "backend.nb_lloyd_iter": 5, "backend.nb_newton_iter": 30, "backend.newton_m": 7, "report_panel": "false", "trimesh": ["1", 0]}
  Node 46: GeomPackPreviewMeshMulti
    Inputs: {"mode": "fields", "preview_multi": "{\"show_edges\":true,\"camera_state\":\"{\\\"position\\\":[-104.63702891921307,87.70613647084431,93.26266831581498],\\\"focalPoint\\\":[30.322647094726562,1.890954
  Node 47: GeomPackRemesh
    Inputs: {"backend": "cgal_isotropic", "backend.cgal_edge_length": 1, "backend.cgal_iterations": 3, "backend.protect_boundaries": "true", "report_panel": "false", "trimesh": ["1", 0]}
  Node 48: GeomPackRemesh
    Inputs: {"backend": "blender_voxel", "backend.voxel_size": 1, "report_panel": "false", "trimesh": ["1", 0]}
  Node 49: GeomPackRemesh
    Inputs: {"backend": "quadwild", "backend.qw_sharp_angle": 35, "backend.qw_alpha": 0.02, "backend.qw_scale_factor": 1, "backend.qw_remesh": "true", "backend.qw_smooth": "true", "report_panel": "false", "trimes
  Node 50: GeomPackRemesh
    Inputs: {"backend": "pmp_adaptive", "backend.pmp_min_edge": 0.2, "backend.pmp_max_edge": 3, "backend.pmp_approx_error": 1, "backend.pmp_adaptive_iterations": 1, "backend.pmp_adaptive_projection": "false", "re
  Node 51: GeomPackRemesh
    Inputs: {"backend": "blender_sharp", "backend.octree_depth": 6, "backend.scale": 0.9, "backend.sharpness": 0.4, "report_panel": "false", "trimesh": ["1", 0]}
  Node 52: GeomPackRemesh
    Inputs: {"backend": "gpu_cumesh", "backend.gpu_target_face_count": 500000, "backend.remesh_band": 1, "report_panel": "false", "trimesh": ["1", 0]}
  Node 53: GeomPackRemesh
    Inputs: {"backend": "blender_blocks", "backend.octree_depth": 6, "backend.scale": 0.9, "report_panel": "true", "trimesh": ["1", 0]}
  Node 55: GeomPackPreviewMeshMulti
    Inputs: {"mode": "fields", "preview_multi": "{\"show_edges\":true,\"camera_state\":\"{\\\"position\\\":[-104.63702891921307,87.70613647084431,93.26266831581498],\\\"focalPoint\\\":[30.322647094726562,1.890954
Generated prompt_id: 598f2d74-fd08-46dc-81c9-f7d357c233cf
Calling execution.validate_prompt()...
Validation result: valid=True
=== Validation PASSED ===
got prompt
[comfy-env] Running GeomPackLoadMesh: file_path: '3d/Stanford_Bunny.stl'
[VRAM] Before GeomPackLoadMesh: 1271 / 24575 MB
[SubprocessWorker] call_method: nodes.io.load_mesh.LoadMesh.EXECUTE_NORMALIZED
[SubprocessWorker] acquired lock, ensuring started...
[ComfyUI-GeometryPack] Health check: ping (timeout=5.0s)...
[ComfyUI-GeometryPack] Health check: ok
[SubprocessWorker] worker started/confirmed
[SubprocessWorker] serializing kwargs to shm...
[SubprocessWorker] created 0 shm blocks
[SubprocessWorker] sending request via socket...
[SubprocessWorker] call_id=14 sending call_method
[worker:ComfyUI-GeometryPack] INFO: Found mesh in input folder: 3d/Stanford_Bunny.stl
[worker:ComfyUI-GeometryPack] INFO: Loading: C:\workspaces\GeometryPack-1207\portable-comfyui\ComfyUI_windows_portable\ComfyUI\input\3d/Stanford_Bunny.stl
[worker:ComfyUI-GeometryPack] INFO: Initial mesh: 56203 vertices, 112402 faces
[worker:ComfyUI-GeometryPack] INFO: Successfully loaded: 56203 vertices, 112402 faces
[worker:ComfyUI-GeometryPack] INFO: Loaded: 56203 vertices, 112402 faces
[SubprocessWorker] got response: ok
[comfy-env] GeomPackLoadMesh done (0.35s): result: NodeOutput
[VRAM] After GeomPackLoadMesh: 1271 / 24575 MB
[comfy-env] Running GeomPackRemesh: backend: dict, trimesh: Trimesh
[VRAM] Before GeomPackRemesh: 1271 / 24575 MB
[SubprocessWorker] call_method: nodes.remeshing.remesh.RemeshNode.EXECUTE_NORMALIZED
[SubprocessWorker] acquired lock, ensuring started...
[ComfyUI-GeometryPack] Health check: ping (timeout=5.0s)...
[ComfyUI-GeometryPack] Health check: ok
[SubprocessWorker] worker started/confirmed
[SubprocessWorker] serializing kwargs to shm...
[SubprocessWorker] created 1 shm blocks
[SubprocessWorker] sending request via socket...
[SubprocessWorker] call_id=15 sending call_method
[worker:ComfyUI-GeometryPack] INFO: Remesh dispatch: quadriflow -> GeomPackRemesh_QuadriFlow
[SubprocessWorker] got response: ok
[comfy-env] GeomPackRemesh done (0.07s): result: NodeOutput
[VRAM] After GeomPackRemesh: 1271 / 24575 MB
[comfy-env] Running GeomPackRemesh: backend: dict, trimesh: Trimesh
[VRAM] Before GeomPackRemesh: 1271 / 24575 MB
[SubprocessWorker] call_method: nodes.remeshing.remesh.RemeshNode.EXECUTE_NORMALIZED
[SubprocessWorker] acquired lock, ensuring started...
[ComfyUI-GeometryPack] Health check: ping (timeout=5.0s)...
[ComfyUI-GeometryPack] Health check: ok
[SubprocessWorker] worker started/confirmed
[SubprocessWorker] serializing kwargs to shm...
[SubprocessWorker] created 1 shm blocks
[SubprocessWorker] sending request via socket...
[SubprocessWorker] call_id=16 sending call_method
[worker:ComfyUI-GeometryPack] INFO: Remesh dispatch: instant_meshes -> GeomPackRemesh_InstantMeshes
[SubprocessWorker] got response: ok
[comfy-env] GeomPackRemesh done (0.07s): result: NodeOutput
[VRAM] After GeomPackRemesh: 1271 / 24575 MB
[comfy-env] Running GeomPackRemesh: backend: dict, trimesh: Trimesh
[VRAM] Before GeomPackRemesh: 1271 / 24575 MB
[SubprocessWorker] call_method: nodes.remeshing.remesh.RemeshNode.EXECUTE_NORMALIZED
[SubprocessWorker] acquired lock, ensuring started...
[ComfyUI-GeometryPack] Health check: ping (timeout=5.0s)...
[ComfyUI-GeometryPack] Health check: ok
[SubprocessWorker] worker started/confirmed
[SubprocessWorker] serializing kwargs to shm...
[SubprocessWorker] created 1 shm blocks
[SubprocessWorker] sending request via socket...
[SubprocessWorker] call_id=17 sending call_method
[worker:ComfyUI-GeometryPack] INFO: Remesh dispatch: pymeshlab_isotropic -> GeomPackRemesh_PyMeshLab
[SubprocessWorker] got response: ok
[comfy-env] GeomPackRemesh done (0.07s): result: NodeOutput
[VRAM] After GeomPackRemesh: 1271 / 24575 MB
[comfy-env] Running GeomPackRemesh: backend: dict, trimesh: Trimesh
[VRAM] Before GeomPackRemesh: 1271 / 24575 MB
[SubprocessWorker] call_method: nodes.remeshing.remesh.RemeshNode.EXECUTE_NORMALIZED
[SubprocessWorker] acquired lock, ensuring started...
[ComfyUI-GeometryPack] Health check: ping (timeout=5.0s)...
[ComfyUI-GeometryPack] Health check: ok
[SubprocessWorker] worker started/confirmed
[SubprocessWorker] serializing kwargs to shm...
[SubprocessWorker] created 1 shm blocks
[SubprocessWorker] sending request via socket...
[SubprocessWorker] call_id=18 sending call_method
[worker:ComfyUI-GeometryPack] INFO: Remesh dispatch: blender_sharp -> GeomPackRemesh_BlenderSharp
[SubprocessWorker] got response: ok
[comfy-env] GeomPackRemesh done (0.07s): result: NodeOutput
[VRAM] After GeomPackRemesh: 1271 / 24575 MB
[comfy-env] Running GeomPackRemesh: backend: dict, trimesh: Trimesh
[VRAM] Before GeomPackRemesh: 1271 / 24575 MB
[SubprocessWorker] call_method: nodes.remeshing.remesh.RemeshNode.EXECUTE_NORMALIZED
[SubprocessWorker] acquired lock, ensuring started...
[ComfyUI-GeometryPack] Health check: ping (timeout=5.0s)...
[ComfyUI-GeometryPack] Health check: ok
[SubprocessWorker] worker started/confirmed
[SubprocessWorker] serializing kwargs to shm...
[SubprocessWorker] created 1 shm blocks
[SubprocessWorker] sending request via socket...
[SubprocessWorker] call_id=19 sending call_method
[worker:ComfyUI-GeometryPack] INFO: Remesh dispatch: blender_blocks -> GeomPackRemesh_BlenderBlocks
[SubprocessWorker] got response: ok
[comfy-env] GeomPackRemesh done (0.07s): result: NodeOutput
[VRAM] After GeomPackRemesh: 1271 / 24575 MB
[comfy-env] Running GeomPackRemesh: backend: dict, trimesh: Trimesh
[VRAM] Before GeomPackRemesh: 1271 / 24575 MB
[SubprocessWorker] call_method: nodes.remeshing.remesh.RemeshNode.EXECUTE_NORMALIZED
[SubprocessWorker] acquired lock, ensuring started...
[ComfyUI-GeometryPack] Health check: ping (timeout=5.0s)...
[ComfyUI-GeometryPack] Health check: ok
[SubprocessWorker] worker started/confirmed
[SubprocessWorker] serializing kwargs to shm...
[SubprocessWorker] created 1 shm blocks
[SubprocessWorker] sending request via socket...
[SubprocessWorker] call_id=20 sending call_method
[worker:ComfyUI-GeometryPack] INFO: Remesh dispatch: blender_voxel -> GeomPackRemesh_BlenderVoxel
[SubprocessWorker] got response: ok
[comfy-env] GeomPackRemesh done (0.07s): result: NodeOutput
[VRAM] After GeomPackRemesh: 1271 / 24575 MB
[comfy-env] Running GeomPackRemesh: backend: dict, trimesh: Trimesh
[VRAM] Before GeomPackRemesh: 1271 / 24575 MB
[SubprocessWorker] call_method: nodes.remeshing.remesh.RemeshNode.EXECUTE_NORMALIZED
[SubprocessWorker] acquired lock, ensuring started...
[ComfyUI-GeometryPack] Health check: ping (timeout=5.0s)...
[ComfyUI-GeometryPack] Health check: ok
[SubprocessWorker] worker started/confirmed
[SubprocessWorker] serializing kwargs to shm...
[SubprocessWorker] created 1 shm blocks
[SubprocessWorker] sending request via socket...
[SubprocessWorker] call_id=21 sending call_method
[worker:ComfyUI-GeometryPack] INFO: Remesh dispatch: cgal_isotropic -> GeomPackRemesh_CGAL
[SubprocessWorker] got response: ok
[comfy-env] GeomPackRemesh done (0.08s): result: NodeOutput
[VRAM] After GeomPackRemesh: 1271 / 24575 MB
[comfy-env] Running GeomPackRemesh: backend: dict, trimesh: Trimesh
[VRAM] Before GeomPackRemesh: 1271 / 24575 MB
[SubprocessWorker] call_method: nodes.remeshing.remesh.RemeshNode.EXECUTE_NORMALIZED
[SubprocessWorker] acquired lock, ensuring started...
[ComfyUI-GeometryPack] Health check: ping (timeout=5.0s)...
[ComfyUI-GeometryPack] Health check: ok
[SubprocessWorker] worker started/confirmed
[SubprocessWorker] serializing kwargs to shm...
[SubprocessWorker] created 1 shm blocks
[SubprocessWorker] sending request via socket...
[SubprocessWorker] call_id=22 sending call_method
[worker:ComfyUI-GeometryPack] INFO: Remesh dispatch: quadwild -> GeomPackRemesh_QuadWild
[SubprocessWorker] got response: ok
[comfy-env] GeomPackRemesh done (0.06s): result: NodeOutput
[VRAM] After GeomPackRemesh: 1271 / 24575 MB
[comfy-env] Running GeomPackRemesh: backend: dict, trimesh: Trimesh
[VRAM] Before GeomPackRemesh: 1271 / 24575 MB
[SubprocessWorker] call_method: nodes.remeshing.remesh.RemeshNode.EXECUTE_NORMALIZED
[SubprocessWorker] acquired lock, ensuring started...
[ComfyUI-GeometryPack] Health check: ping (timeout=5.0s)...
[ComfyUI-GeometryPack] Health check: ok
[SubprocessWorker] worker started/confirmed
[SubprocessWorker] serializing kwargs to shm...
[SubprocessWorker] created 1 shm blocks
[SubprocessWorker] sending request via socket...
[SubprocessWorker] call_id=23 sending call_method
[worker:ComfyUI-GeometryPack] INFO: Remesh dispatch: pmp_adaptive -> GeomPackRemesh_PMPAdaptive
[SubprocessWorker] got response: ok
[comfy-env] GeomPackRemesh done (0.07s): result: NodeOutput
[VRAM] After GeomPackRemesh: 1271 / 24575 MB
[comfy-env] Running GeomPackRemesh: backend: dict, trimesh: Trimesh
[VRAM] Before GeomPackRemesh: 1271 / 24575 MB
[SubprocessWorker] call_method: nodes.remeshing.remesh.RemeshNode.EXECUTE_NORMALIZED
[SubprocessWorker] acquired lock, ensuring started...
[ComfyUI-GeometryPack] Health check: ping (timeout=5.0s)...
[ComfyUI-GeometryPack] Health check: ok
[SubprocessWorker] worker started/confirmed
[SubprocessWorker] serializing kwargs to shm...
[SubprocessWorker] created 1 shm blocks
[SubprocessWorker] sending request via socket...
[SubprocessWorker] call_id=24 sending call_method
[worker:ComfyUI-GeometryPack] INFO: Remesh dispatch: gpu_cumesh -> GeomPackRemesh_GPU
[SubprocessWorker] got response: ok
[comfy-env] GeomPackRemesh done (0.07s): result: NodeOutput
[VRAM] After GeomPackRemesh: 1271 / 24575 MB
[comfy-env] Running GeomPackRemesh: backend: dict, trimesh: Trimesh
[VRAM] Before GeomPackRemesh: 1271 / 24575 MB
[SubprocessWorker] call_method: nodes.remeshing.remesh.RemeshNode.EXECUTE_NORMALIZED
[SubprocessWorker] acquired lock, ensuring started...
[ComfyUI-GeometryPack] Health check: ping (timeout=5.0s)...
[ComfyUI-GeometryPack] Health check: ok
[SubprocessWorker] worker started/confirmed
[SubprocessWorker] serializing kwargs to shm...
[SubprocessWorker] created 1 shm blocks
[SubprocessWorker] sending request via socket...
[SubprocessWorker] call_id=25 sending call_method
[worker:ComfyUI-GeometryPack] INFO: Remesh dispatch: mmg_adaptive -> GeomPackRemesh_MMG
[SubprocessWorker] got response: ok
[comfy-env] GeomPackRemesh done (0.08s): result: NodeOutput
[VRAM] After GeomPackRemesh: 1271 / 24575 MB
[comfy-env] Running GeomPackRemesh: backend: dict, trimesh: Trimesh
[VRAM] Before GeomPackRemesh: 1271 / 24575 MB
[SubprocessWorker] call_method: nodes.remeshing.remesh.RemeshNode.EXECUTE_NORMALIZED
[SubprocessWorker] acquired lock, ensuring started...
[ComfyUI-GeometryPack] Health check: ping (timeout=5.0s)...
[ComfyUI-GeometryPack] Health check: ok
[SubprocessWorker] worker started/confirmed
[SubprocessWorker] serializing kwargs to shm...
[SubprocessWorker] created 1 shm blocks
[SubprocessWorker] sending request via socket...
[SubprocessWorker] call_id=26 sending call_method
[worker:ComfyUI-GeometryPack] INFO: Remesh dispatch: geogram_anisotropic -> GeomPackRemesh_GeogramAniso
[SubprocessWorker] got response: ok
[comfy-env] GeomPackRemesh done (0.07s): result: NodeOutput
[VRAM] After GeomPackRemesh: 1271 / 24575 MB
[comfy-env] Running GeomPackRemesh: backend: dict, trimesh: Trimesh
[VRAM] Before GeomPackRemesh: 1271 / 24575 MB
[SubprocessWorker] call_method: nodes.remeshing.remesh.RemeshNode.EXECUTE_NORMALIZED
[SubprocessWorker] acquired lock, ensuring started...
[ComfyUI-GeometryPack] Health check: ping (timeout=5.0s)...
[ComfyUI-GeometryPack] Health check: ok
[SubprocessWorker] worker started/confirmed
[SubprocessWorker] serializing kwargs to shm...
[SubprocessWorker] created 1 shm blocks
[SubprocessWorker] sending request via socket...
[SubprocessWorker] call_id=27 sending call_method
[worker:ComfyUI-GeometryPack] INFO: Remesh dispatch: pmp_uniform -> GeomPackRemesh_PMPUniform
[SubprocessWorker] got response: ok
[comfy-env] GeomPackRemesh done (0.08s): result: NodeOutput
[VRAM] After GeomPackRemesh: 1271 / 24575 MB
[comfy-env] Running GeomPackRemesh: backend: dict, trimesh: Trimesh
[VRAM] Before GeomPackRemesh: 1271 / 24575 MB
[SubprocessWorker] call_method: nodes.remeshing.remesh.RemeshNode.EXECUTE_NORMALIZED
[SubprocessWorker] acquired lock, ensuring started...
[ComfyUI-GeometryPack] Health check: ping (timeout=5.0s)...
[ComfyUI-GeometryPack] Health check: ok
[SubprocessWorker] worker started/confirmed
[SubprocessWorker] serializing kwargs to shm...
[SubprocessWorker] created 1 shm blocks
[SubprocessWorker] sending request via socket...
[SubprocessWorker] call_id=28 sending call_method
[worker:ComfyUI-GeometryPack] INFO: Remesh dispatch: geogram_smooth -> GeomPackRemesh_GeogramSmooth
[SubprocessWorker] got response: ok
[comfy-env] GeomPackRemesh done (0.07s): result: NodeOutput
[VRAM] After GeomPackRemesh: 1271 / 24575 MB
[comfy-env] Running GeomPackRemesh_QuadriFlow: trimesh: Trimesh, target_face_count: 5000, preserve_sharp: 'false', preserve_boundary: 'true'
[VRAM] Before GeomPackRemesh_QuadriFlow: 1271 / 24575 MB
[SubprocessWorker] call_method: nodes.remeshing.backends.quadriflow.RemeshQuadriFlowNode.EXECUTE_NORMALIZED
[SubprocessWorker] acquired lock, ensuring started...
[ComfyUI-GeometryPack] Health check: ping (timeout=5.0s)...
[ComfyUI-GeometryPack] Health check: ok
[SubprocessWorker] worker started/confirmed
[SubprocessWorker] serializing kwargs to shm...
[SubprocessWorker] created 1 shm blocks
[SubprocessWorker] sending request via socket...
[SubprocessWorker] call_id=29 sending call_method
[worker:ComfyUI-GeometryPack] INFO: Backend: quadriflow
[worker:ComfyUI-GeometryPack] INFO: Input: 56203 vertices, 112402 faces
[worker:ComfyUI-GeometryPack] INFO: Parameters: target_face_count=5,000, preserve_sharp=false, preserve_boundary=true
[worker:ComfyUI-GeometryPack] INFO: Output: 4965 vertices, 9926 faces
[worker:ComfyUI-GeometryPack] 
=== WATCHDOG TICK 1 ===
[worker:ComfyUI-GeometryPack] Thread 0x00001588 (most recent call first):
  File "C:\Users\ContainerUser\AppData\Local\Temp\comfyui_pvenv_ceusgkah\persistent_worker.py", line 106 in _vram_poller
  File "C:\Users\ContainerUser\AppData\Local\Programs\comfy-env\.pixi\envs\geometrypack-nodes\Lib\threading.py", line 995 in run
  File "C:\Users\ContainerUser\AppData\Local\Programs\comfy-env\.pixi\envs\geometrypack-nodes\Lib\threading.py", line 1044 in _bootstrap_inner
  File "C:\Users\ContainerUser\AppData\Local\Programs\comfy-env\.pixi\envs\geometrypack-nodes\Lib\threading.py", line 1015 in _bootstrap

Current thread 0x00001500 (most recent call first):
  File "C:\Users\ContainerUser\AppData\Local\Temp\comfyui_pvenv_ceusgkah\persistent_worker.py", line 52 in _watchdog
  File "C:\Users\ContainerUser\AppData\Local\Programs\comfy-env\.pixi\envs\geometrypack-nodes\Lib\threading.py", line 995 in run
  File "C:\Users\ContainerUser\AppData\Local\Programs\comfy-env\.pixi\envs\geometrypack-nodes\Lib\threading.py", line 1044 in _bootstrap_inner
  File "C:\Users\ContainerUser\AppData\Local\Programs\comfy-env\.pixi\envs\geometrypack-nodes\Lib\threading.py", line 1015 in _bootstrap

Thread 0x00004b24 (most recent call first):
  File "C:\Users\ContainerUser\AppData\Local\Programs\comfy-env\.pixi\envs\geometrypack-nodes\Lib\site-packages\trimesh\base.py", line 520 in vertices
  File "C:\Users\ContainerUser\AppData\Local\Programs\comfy-env\.pixi\envs\geometrypack-nodes\Lib\site-packages\trimesh\base.py", line 189 in __init__
  File "C:\workspaces\GeometryPack-1207\portable-comfyui\ComfyUI_windows_portable\ComfyUI\custom_nodes\ComfyUI-GeometryPack\nodes\remeshing\backends\quadriflow.py", line 55 in execute
  File "C:\workspaces\GeometryPack-1207\portable-comfyui\ComfyUI_windows_portable\ComfyUI\comfy_api\latest\_io.py", line 1833 in EXECUTE_NORMALIZED
  File "C:\Users\ContainerUser\AppData\Local\Temp\comfyui_pvenv_ceusgkah\persistent_worker.py", line 1762 in main
  File "C:\Users\ContainerUser\AppData\Local\Temp\comfyui_pvenv_ceusgkah\persistent_worker.py", line 1807 in <module>

[worker:ComfyUI-GeometryPack] === END ===

[SubprocessWorker] got response: ok
[comfy-env] GeomPackRemesh_QuadriFlow done (392.08s): result: NodeOutput
[VRAM] After GeomPackRemesh_QuadriFlow: 1271 / 24575 MB
[comfy-env] Running GeomPackRemesh_InstantMeshes: trimesh: Trimesh, target_vertex_count: 5000, deterministic: 'true', crease_angle: 0.0
[VRAM] Before GeomPackRemesh_InstantMeshes: 1271 / 24575 MB
[SubprocessWorker] call_method: nodes.remeshing.backends.instant_meshes.RemeshInstantMeshesNode.EXECUTE_NORMALIZED
[SubprocessWorker] acquired lock, ensuring started...
[ComfyUI-GeometryPack] Health check: ping (timeout=5.0s)...
[ComfyUI-GeometryPack] Health check: ok
[SubprocessWorker] worker started/confirmed
[SubprocessWorker] serializing kwargs to shm...
[SubprocessWorker] created 1 shm blocks
[SubprocessWorker] sending request via socket...
[SubprocessWorker] call_id=30 sending call_method
[worker:ComfyUI-GeometryPack] INFO: Backend: instant_meshes
[worker:ComfyUI-GeometryPack] INFO: Input: 56203 vertices, 112402 faces
[worker:ComfyUI-GeometryPack] INFO: Parameters: target_vertex_count=5,000, deterministic=true, crease_angle=0.0
[worker:ComfyUI-GeometryPack] INFO: Output: 19955 vertices, 39894 faces
[SubprocessWorker] got response: ok
[comfy-env] GeomPackRemesh_InstantMeshes done (1.21s): result: NodeOutput
[VRAM] After GeomPackRemesh_InstantMeshes: 1271 / 24575 MB
[comfy-env] Running GeomPackRemesh_PyMeshLab: trimesh: Trimesh, target_edge_length: 1.0, iterations: 3, feature_angle: 30.0, adaptive: 'false'
[VRAM] Before GeomPackRemesh_PyMeshLab: 1271 / 24575 MB
[SubprocessWorker] call_method: nodes.remeshing.backends.pymeshlab_isotropic.RemeshPyMeshLabNode.EXECUTE_NORMALIZED
[SubprocessWorker] acquired lock, ensuring started...
[ComfyUI-GeometryPack] Health check: ping (timeout=5.0s)...
[ComfyUI-GeometryPack] Health check: ok
[SubprocessWorker] worker started/confirmed
[SubprocessWorker] serializing kwargs to shm...
[SubprocessWorker] created 1 shm blocks
[SubprocessWorker] sending request via socket...
[SubprocessWorker] call_id=31 sending call_method
[worker:ComfyUI-GeometryPack] INFO: Backend: pymeshlab_isotropic
[worker:ComfyUI-GeometryPack] INFO: Input: 56203 vertices, 112402 faces
[worker:ComfyUI-GeometryPack] INFO: Parameters: target_edge_length=1.0, iterations=3, feature_angle=30.0, adaptive=false
[worker:ComfyUI-GeometryPack] INFO: Output: 32264 vertices, 64524 faces
[SubprocessWorker] got response: ok
[comfy-env] GeomPackRemesh_PyMeshLab done (7.91s): result: NodeOutput
[VRAM] After GeomPackRemesh_PyMeshLab: 1271 / 24575 MB
[comfy-env] Running GeomPackPreviewMeshMulti: mode: 'fields', mesh_1: Trimesh, mesh_2: Trimesh, mesh_3: Trimesh, mesh_4: Trimesh
[VRAM] Before GeomPackPreviewMeshMulti: 1271 / 24575 MB
[SubprocessWorker] call_method: nodes.visualization.preview_mesh_multi.PreviewMeshMultiNode.EXECUTE_NORMALIZED
[SubprocessWorker] acquired lock, ensuring started...
[ComfyUI-GeometryPack] Health check: ping (timeout=5.0s)...
[ComfyUI-GeometryPack] Health check: ok
[SubprocessWorker] worker started/confirmed
[SubprocessWorker] serializing kwargs to shm...
[SubprocessWorker] created 4 shm blocks
[SubprocessWorker] sending request via socket...
[SubprocessWorker] call_id=32 sending call_method
[worker:ComfyUI-GeometryPack] INFO: Mode: fields, Meshes: 4
[worker:ComfyUI-GeometryPack] INFO: Mesh 1: Mesh - 56203 vertices, 112402 faces
[worker:ComfyUI-GeometryPack] INFO: Exporting mesh to VTP: C:\workspaces\GeometryPack-1207\portable-comfyui\ComfyUI_windows_portable\ComfyUI\output\preview_multi_1_25a28524.vtp
[worker:ComfyUI-GeometryPack] INFO: Adding normals field (56203 vertices)
[worker:ComfyUI-GeometryPack] INFO: Adding face field: stl
[worker:ComfyUI-GeometryPack] INFO: Export complete: 56203 vertices, 112402 faces
[worker:ComfyUI-GeometryPack] INFO: Exported VTP: C:\workspaces\GeometryPack-1207\portable-comfyui\ComfyUI_windows_portable\ComfyUI\output\preview_multi_1_25a28524.vtp
[worker:ComfyUI-GeometryPack] INFO: Mesh 2: Mesh - 32264 vertices, 64524 faces
[worker:ComfyUI-GeometryPack] INFO: Exporting mesh to VTP: C:\workspaces\GeometryPack-1207\portable-comfyui\ComfyUI_windows_portable\ComfyUI\output\preview_multi_2_25a28524.vtp
[worker:ComfyUI-GeometryPack] INFO: Adding normals field (32264 vertices)
[worker:ComfyUI-GeometryPack] INFO: Export complete: 32264 vertices, 64524 faces
[worker:ComfyUI-GeometryPack] INFO: Exported VTP: C:\workspaces\GeometryPack-1207\portable-comfyui\ComfyUI_windows_portable\ComfyUI\output\preview_multi_2_25a28524.vtp
[worker:ComfyUI-GeometryPack] INFO: Mesh 3: Mesh - 19955 vertices, 39894 faces
[worker:ComfyUI-GeometryPack] INFO: Exporting mesh to VTP: C:\workspaces\GeometryPack-1207\portable-comfyui\ComfyUI_windows_portable\ComfyUI\output\preview_multi_3_25a28524.vtp
[worker:ComfyUI-GeometryPack] INFO: Adding normals field (19955 vertices)
[worker:ComfyUI-GeometryPack] INFO: Export complete: 19955 vertices, 39894 faces
[worker:ComfyUI-GeometryPack] INFO: Exported VTP: C:\workspaces\GeometryPack-1207\portable-comfyui\ComfyUI_windows_portable\ComfyUI\output\preview_multi_3_25a28524.vtp
[worker:ComfyUI-GeometryPack] INFO: Mesh 4: Mesh - 4965 vertices, 9926 faces
[worker:ComfyUI-GeometryPack] INFO: Exporting mesh to VTP: C:\workspaces\GeometryPack-1207\portable-comfyui\ComfyUI_windows_portable\ComfyUI\output\preview_multi_4_25a28524.vtp
[worker:ComfyUI-GeometryPack] INFO: Adding normals field (4965 vertices)
[worker:ComfyUI-GeometryPack] INFO: Export complete: 4965 vertices, 9926 faces
[worker:ComfyUI-GeometryPack] INFO: Exported VTP: C:\workspaces\GeometryPack-1207\portable-comfyui\ComfyUI_windows_portable\ComfyUI\output\preview_multi_4_25a28524.vtp
[worker:ComfyUI-GeometryPack] INFO: Grid: 2x2, Preview ready
[SubprocessWorker] got response: ok
[comfy-env] GeomPackPreviewMeshMulti done (1.39s): result: NodeOutput
[VRAM] After GeomPackPreviewMeshMulti: 1271 / 24575 MB
[comfy-env] Running GeomPackRemesh_BlenderSharp: trimesh: Trimesh, octree_depth: 6, scale: 0.9, sharpness: 0.4
[VRAM] Before GeomPackRemesh_BlenderSharp: 1271 / 24575 MB
[SubprocessWorker] call_method: nodes.blender_remeshing.backends.sharp.RemeshBlenderSharpNode.EXECUTE_NORMALIZED
[SubprocessWorker] acquired lock, ensuring started...
[ComfyUI-GeometryPack] Health check: ping (timeout=5.0s)...
[ComfyUI-GeometryPack] Health check: ok
[SubprocessWorker] worker started/confirmed
[SubprocessWorker] serializing kwargs to shm...
[SubprocessWorker] created 1 shm blocks
[SubprocessWorker] sending request via socket...
[SubprocessWorker] call_id=33 sending call_method
[worker:ComfyUI-GeometryPack] INFO: Backend: blender_sharp
[worker:ComfyUI-GeometryPack] INFO: Input: 56203 vertices, 112402 faces
[worker:ComfyUI-GeometryPack] INFO: Parameters: octree_depth=6, scale=0.9, sharpness=0.4
[worker:ComfyUI-GeometryPack] INFO: Output: 12037 vertices, 24072 faces
[SubprocessWorker] got response: ok
[comfy-env] GeomPackRemesh_BlenderSharp done (8.97s): result: NodeOutput
[VRAM] After GeomPackRemesh_BlenderSharp: 1271 / 24575 MB
[comfy-env] Running GeomPackRemesh_BlenderBlocks: trimesh: Trimesh, octree_depth: 6, scale: 0.9
[VRAM] Before GeomPackRemesh_BlenderBlocks: 1271 / 24575 MB
[SubprocessWorker] call_method: nodes.blender_remeshing.backends.blocks.RemeshBlenderBlocksNode.EXECUTE_NORMALIZED
[SubprocessWorker] acquired lock, ensuring started...
[ComfyUI-GeometryPack] Health check: ping (timeout=5.0s)...
[ComfyUI-GeometryPack] Health check: ok
[SubprocessWorker] worker started/confirmed
[SubprocessWorker] serializing kwargs to shm...
[SubprocessWorker] created 1 shm blocks
[SubprocessWorker] sending request via socket...
[SubprocessWorker] call_id=34 sending call_method
[worker:ComfyUI-GeometryPack] INFO: Backend: blender_blocks
[worker:ComfyUI-GeometryPack] INFO: Input: 56203 vertices, 112402 faces
[worker:ComfyUI-GeometryPack] INFO: Parameters: octree_depth=6, scale=0.9
[worker:ComfyUI-GeometryPack] INFO: Output: 12037 vertices, 24072 faces
[SubprocessWorker] got response: ok
[comfy-env] GeomPackRemesh_BlenderBlocks done (1.03s): result: NodeOutput
[VRAM] After GeomPackRemesh_BlenderBlocks: 1271 / 24575 MB
[comfy-env] Running GeomPackRemesh_BlenderVoxel: trimesh: Trimesh, voxel_size: 1.0
[VRAM] Before GeomPackRemesh_BlenderVoxel: 1271 / 24575 MB
[SubprocessWorker] call_method: nodes.blender_remeshing.backends.voxel.RemeshBlenderVoxelNode.EXECUTE_NORMALIZED
[SubprocessWorker] acquired lock, ensuring started...
[ComfyUI-GeometryPack] Health check: ping (timeout=5.0s)...
[ComfyUI-GeometryPack] Health check: ok
[SubprocessWorker] worker started/confirmed
[SubprocessWorker] serializing kwargs to shm...
[SubprocessWorker] created 1 shm blocks
[SubprocessWorker] sending request via socket...
[SubprocessWorker] call_id=35 sending call_method
[worker:ComfyUI-GeometryPack] INFO: Backend: blender_voxel
[worker:ComfyUI-GeometryPack] INFO: Input: 56203 vertices, 112402 faces
[worker:ComfyUI-GeometryPack] INFO: Parameters: voxel_size=1.0
[worker:ComfyUI-GeometryPack] INFO: Output: 43474 vertices, 86944 faces
[SubprocessWorker] got response: ok
[comfy-env] GeomPackRemesh_BlenderVoxel done (0.91s): result: NodeOutput
[VRAM] After GeomPackRemesh_BlenderVoxel: 1271 / 24575 MB
[comfy-env] Running GeomPackRemesh_CGAL: trimesh: Trimesh, target_edge_length: 1.0, iterations: 3, protect_boundaries: 'true'
[VRAM] Before GeomPackRemesh_CGAL: 1271 / 24575 MB
[SubprocessWorker] call_method: nodes.remeshing_cgal.remesh.RemeshCGALNode.EXECUTE_NORMALIZED
[SubprocessWorker] acquired lock, ensuring started...
[ComfyUI-GeometryPack] Health check: ping (timeout=5.0s)...
[ComfyUI-GeometryPack] Health check: ok
[SubprocessWorker] worker started/confirmed
[SubprocessWorker] serializing kwargs to shm...
[SubprocessWorker] created 1 shm blocks
[SubprocessWorker] sending request via socket...
[SubprocessWorker] call_id=36 sending call_method
[worker:ComfyUI-GeometryPack] INFO: Backend: cgal_isotropic
[worker:ComfyUI-GeometryPack] INFO: Input: 56,203 vertices, 112,402 faces
[worker:ComfyUI-GeometryPack] INFO: Parameters: target_edge_length=1.0, iterations=3, protect_boundaries=true
[worker:ComfyUI-GeometryPack] INFO: Running CGAL isotropic remesh (target_edge_length=1.0)...
[worker:ComfyUI-GeometryPack] INFO: Output: 41466 vertices (-14737), 82928 faces (-29474)
[SubprocessWorker] got response: ok
[comfy-env] GeomPackRemesh_CGAL done (6.29s): result: NodeOutput
[VRAM] After GeomPackRemesh_CGAL: 1271 / 24575 MB
[comfy-env] Running GeomPackRemesh_QuadWild: trimesh: Trimesh, qw_sharp_angle: 35.0, qw_alpha: 0.02, qw_scale_factor: 1.0, qw_remesh: 'true', qw_smooth: 'true'
[VRAM] Before GeomPackRemesh_QuadWild: 1271 / 24575 MB
[SubprocessWorker] call_method: nodes.remeshing.backends.quadwild.RemeshQuadWildNode.EXECUTE_NORMALIZED
[SubprocessWorker] acquired lock, ensuring started...
[ComfyUI-GeometryPack] Health check: ping (timeout=5.0s)...
[ComfyUI-GeometryPack] Health check: ok
[SubprocessWorker] worker started/confirmed
[SubprocessWorker] serializing kwargs to shm...
[SubprocessWorker] created 1 shm blocks
[SubprocessWorker] sending request via socket...
[SubprocessWorker] call_id=37 sending call_method
[worker:ComfyUI-GeometryPack] INFO: Backend: quadwild
[worker:ComfyUI-GeometryPack] INFO: Input: 56203 vertices, 112402 faces
[worker:ComfyUI-GeometryPack] INFO: Parameters: sharp_angle=35.0, alpha=0.02, scale=1.0, remesh=true, smooth=true
Initital dimension: 33306 x 33306, number of constraints: 0, number of integer variables: 20058, use reordering: yes
COMISO::ConstrainedSolver::make_constraints_independent took 0.0010962999999999999 s.
Constraint integration took 0.00012940000000000003 s.
Constraint elimination took 0.0053118999999999996 s.
Reindexing took 0.00053089999999999995 s.
COMISO::ConstrainedSolver::eliminate_constraints took 0.0065744000000000002 s.
Eliminated dimension: 33306 x 33306
#nonzeros: 152166
integer variables #: 20058
continuous variables #: 13248
initial full solution
COMISO::EigenLDLTSolver::calc_system_eigen took 0.0279481 s.
final full solution
COMISO::EigenLDLTSolver::update_system_eigen took 0.0078790000000000006 s.
 *** Statistics of MiSo Solver ***
Number of LOCAL iterations  = 3043
Number of CG    iterations  = 0
Number of FULL  iterations  = 2
Number of ROUNDING          = 20058
COMISO::MISolver::solve_multiple_rounding took 0.81756569999999995 s.
COMISO::MISolver::solve took 0.81819739999999996 s.
COMISO::ConstrainedSolver::restore_eliminated_vars took 0.0002967 s.
COMISO::ConstrainedSolver::solve took 0.82803760000000004 s.
performed 202 adjustments for even rhs
performed 184 adjustments for even rhs
[worker:ComfyUI-GeometryPack] INFO: Output: 6906 vertices, 13804 faces
[worker:ComfyUI-GeometryPack] 
=== WATCHDOG TICK 2 ===
[worker:ComfyUI-GeometryPack] Thread 0x00001588 (most recent call first):
  File "C:\Users\ContainerUser\AppData\Local\Temp\comfyui_pvenv_ceusgkah\persistent_worker.py", line 106 in _vram_poller
  File "C:\Users\ContainerUser\AppData\Local\Programs\comfy-env\.pixi\envs\geometrypack-nodes\Lib\threading.py", line 995 in run
  File "C:\Users\ContainerUser\AppData\Local\Programs\comfy-env\.pixi\envs\geometrypack-nodes\Lib\threading.py", line 1044 in _bootstrap_inner
  File "C:\Users\ContainerUser\AppData\Local\Programs\comfy-env\.pixi\envs\geometrypack-nodes\Lib\threading.py", line 1015 in _bootstrap

Current thread 0x00001500 (most recent call first):
  File "C:\Users\ContainerUser\AppData\Local\Temp\comfyui_pvenv_ceusgkah\persistent_worker.py", line 52 in _watchdog
  File "C:\Users\ContainerUser\AppData\Local\Programs\comfy-env\.pixi\envs\geometrypack-nodes\Lib\threading.py", line 995 in run
  File "C:\Users\ContainerUser\AppData\Local\Programs\comfy-env\.pixi\envs\geometrypack-nodes\Lib\threading.py", line 1044 in _bootstrap_inner
  File "C:\Users\ContainerUser\AppData\Local\Programs\comfy-env\.pixi\envs\geometrypack-nodes\Lib\threading.py", line 1015 in _bootstrap

Thread 0x00004b24 (most recent call first):
  File "C:\Users\ContainerUser\AppData\Local\Programs\comfy-env\.pixi\envs\geometrypack-nodes\Lib\site-packages\trimesh\geometry.py", line 185 in triangulate_quads
  File "C:\Users\ContainerUser\AppData\Local\Programs\comfy-env\.pixi\envs\geometrypack-nodes\Lib\site-packages\trimesh\base.py", line 379 in faces
  File "C:\Users\ContainerUser\AppData\Local\Programs\comfy-env\.pixi\envs\geometrypack-nodes\Lib\site-packages\trimesh\base.py", line 192 in __init__
  File "C:\workspaces\GeometryPack-1207\portable-comfyui\ComfyUI_windows_portable\ComfyUI\custom_nodes\ComfyUI-GeometryPack\nodes\remeshing\backends\quadwild.py", line 61 in execute
  File "C:\workspaces\GeometryPack-1207\portable-comfyui\ComfyUI_windows_portable\ComfyUI\comfy_api\latest\_io.py", line 1833 in EXECUTE_NORMALIZED
  File "C:\Users\ContainerUser\AppData\Local\Temp\comfyui_pvenv_ceusgkah\persistent_worker.py", line 1762 in main
  File "C:\Users\ContainerUser\AppData\Local\Temp\comfyui_pvenv_ceusgkah\persistent_worker.py", line 1807 in <module>

[worker:ComfyUI-GeometryPack] === END ===

[SubprocessWorker] got response: ok
[comfy-env] GeomPackRemesh_QuadWild done (42.94s): result: NodeOutput
[VRAM] After GeomPackRemesh_QuadWild: 1271 / 24575 MB
[comfy-env] Running GeomPackRemesh_PMPAdaptive: trimesh: Trimesh, pmp_min_edge: 0.2, pmp_max_edge: 3.0, pmp_approx_error: 1.0, pmp_adaptive_iterations: 1, pmp_adaptive_projection: 'false'
[VRAM] Before GeomPackRemesh_PMPAdaptive: 1271 / 24575 MB
[SubprocessWorker] call_method: nodes.remeshing.backends.pmp_adaptive.RemeshPMPAdaptiveNode.EXECUTE_NORMALIZED
[SubprocessWorker] acquired lock, ensuring started...
[ComfyUI-GeometryPack] Health check: ping (timeout=5.0s)...
[ComfyUI-GeometryPack] Health check: ok
[SubprocessWorker] worker started/confirmed
[SubprocessWorker] serializing kwargs to shm...
[SubprocessWorker] created 1 shm blocks
[SubprocessWorker] sending request via socket...
[SubprocessWorker] call_id=38 sending call_method
[worker:ComfyUI-GeometryPack] INFO: Backend: pmp_adaptive
[worker:ComfyUI-GeometryPack] INFO: Input: 56203 vertices, 112402 faces
[worker:ComfyUI-GeometryPack] INFO: Parameters: min=0.2, max=3.0, error=1.0, iter=1, proj=false
[worker:ComfyUI-GeometryPack] INFO: Output: 5369 vertices, 10734 faces
[SubprocessWorker] got response: ok
[comfy-env] GeomPackRemesh_PMPAdaptive done (0.41s): result: NodeOutput
[VRAM] After GeomPackRemesh_PMPAdaptive: 1271 / 24575 MB
[comfy-env] Running GeomPackPreviewMeshMulti: mode: 'fields', mesh_1: Trimesh, mesh_2: Trimesh, mesh_3: Trimesh, mesh_4: Trimesh
[VRAM] Before GeomPackPreviewMeshMulti: 1271 / 24575 MB
[SubprocessWorker] call_method: nodes.visualization.preview_mesh_multi.PreviewMeshMultiNode.EXECUTE_NORMALIZED
[SubprocessWorker] acquired lock, ensuring started...
[ComfyUI-GeometryPack] Health check: ping (timeout=5.0s)...
[ComfyUI-GeometryPack] Health check: ok
[SubprocessWorker] worker started/confirmed
[SubprocessWorker] serializing kwargs to shm...
[SubprocessWorker] created 4 shm blocks
[SubprocessWorker] sending request via socket...
[SubprocessWorker] call_id=39 sending call_method
[worker:ComfyUI-GeometryPack] INFO: Mode: fields, Meshes: 4
[worker:ComfyUI-GeometryPack] INFO: Mesh 1: Mesh - 5369 vertices, 10734 faces
[worker:ComfyUI-GeometryPack] INFO: Exporting mesh to VTP: C:\workspaces\GeometryPack-1207\portable-comfyui\ComfyUI_windows_portable\ComfyUI\output\preview_multi_1_e0b22464.vtp
[worker:ComfyUI-GeometryPack] INFO: Adding normals field (5369 vertices)
[worker:ComfyUI-GeometryPack] INFO: Export complete: 5369 vertices, 10734 faces
[worker:ComfyUI-GeometryPack] INFO: Exported VTP: C:\workspaces\GeometryPack-1207\portable-comfyui\ComfyUI_windows_portable\ComfyUI\output\preview_multi_1_e0b22464.vtp
[worker:ComfyUI-GeometryPack] INFO: Mesh 2: Mesh - 6906 vertices, 13804 faces
[worker:ComfyUI-GeometryPack] INFO: Exporting mesh to VTP: C:\workspaces\GeometryPack-1207\portable-comfyui\ComfyUI_windows_portable\ComfyUI\output\preview_multi_2_e0b22464.vtp
[worker:ComfyUI-GeometryPack] INFO: Adding normals field (6906 vertices)
[worker:ComfyUI-GeometryPack] INFO: Export complete: 6906 vertices, 13804 faces
[worker:ComfyUI-GeometryPack] INFO: Exported VTP: C:\workspaces\GeometryPack-1207\portable-comfyui\ComfyUI_windows_portable\ComfyUI\output\preview_multi_2_e0b22464.vtp
[worker:ComfyUI-GeometryPack] INFO: Mesh 3: Mesh - 41466 vertices, 82928 faces
[worker:ComfyUI-GeometryPack] INFO: Exporting mesh to VTP: C:\workspaces\GeometryPack-1207\portable-comfyui\ComfyUI_windows_portable\ComfyUI\output\preview_multi_3_e0b22464.vtp
[worker:ComfyUI-GeometryPack] INFO: Adding normals field (41466 vertices)
[worker:ComfyUI-GeometryPack] INFO: Export complete: 41466 vertices, 82928 faces
[worker:ComfyUI-GeometryPack] INFO: Exported VTP: C:\workspaces\GeometryPack-1207\portable-comfyui\ComfyUI_windows_portable\ComfyUI\output\preview_multi_3_e0b22464.vtp
[worker:ComfyUI-GeometryPack] INFO: Mesh 4: Mesh - 43474 vertices, 86944 faces
[worker:ComfyUI-GeometryPack] INFO: Exporting mesh to VTP: C:\workspaces\GeometryPack-1207\portable-comfyui\ComfyUI_windows_portable\ComfyUI\output\preview_multi_4_e0b22464.vtp
[worker:ComfyUI-GeometryPack] INFO: Adding normals field (43474 vertices)
[worker:ComfyUI-GeometryPack] INFO: Export complete: 43474 vertices, 86944 faces
[worker:ComfyUI-GeometryPack] INFO: Exported VTP: C:\workspaces\GeometryPack-1207\portable-comfyui\ComfyUI_windows_portable\ComfyUI\output\preview_multi_4_e0b22464.vtp
[worker:ComfyUI-GeometryPack] INFO: Grid: 2x2, Preview ready
[SubprocessWorker] got response: ok
[comfy-env] GeomPackPreviewMeshMulti done (1.19s): result: NodeOutput
[VRAM] After GeomPackPreviewMeshMulti: 1271 / 24575 MB
[comfy-env] Running GeomPackRemesh_GPU: trimesh: Trimesh, target_face_count: 500000, remesh_band: 1.0
[VRAM] Before GeomPackRemesh_GPU: 1271 / 24575 MB
[SubprocessWorker] call_method: nodes.remeshing_gpu.remesh.RemeshGPUNode.EXECUTE_NORMALIZED
[SubprocessWorker] acquired lock, ensuring started...
[ComfyUI-GeometryPack] Health check: ping (timeout=5.0s)...
[ComfyUI-GeometryPack] Health check: ok
[SubprocessWorker] worker started/confirmed
[SubprocessWorker] serializing kwargs to shm...
[SubprocessWorker] created 1 shm blocks
[SubprocessWorker] sending request via socket...
[SubprocessWorker] call_id=40 sending call_method
[worker:ComfyUI-GeometryPack] INFO: Backend: cumesh (CUDA)
[worker:ComfyUI-GeometryPack] INFO: Input: 56,203 vertices, 112,402 faces
[worker:ComfyUI-GeometryPack] INFO: Parameters: target_face_count=500,000, remesh_band=1.0
[worker:ComfyUI-GeometryPack] INFO: Input: 56203 vertices, 112402 faces
[worker:ComfyUI-GeometryPack] INFO: Grid resolution: 512, band: 1.0
[worker:ComfyUI-GeometryPack] INFO: Running dual-contouring remesh...
Building Sparse Grid:   0%|          | 0/5 [00:00<?, ?it/s]Building Sparse Grid:  80%|████████  | 4/5 [00:00<00:00, 35.85it/s]Building Sparse Grid: 100%|██████████| 5/5 [00:00<00:00, 16.13it/s]
[worker:ComfyUI-GeometryPack] Running Dual Contouring...
[worker:ComfyUI-GeometryPack] [VRAM] +740MB (now 740MB) reserved=864MB peak=740MB
C:\Users\ContainerUser\AppData\Local\Programs\comfy-env\.pixi\envs\geometrypack-nodes\Lib\site-packages\cumesh\remeshing.py:220: UserWarning: Using torch.cross without specifying the dim arg is deprecated.
Please either pass the dim explicitly or simply use torch.linalg.cross.
The default value of dim will change to agree with that of linalg.cross in a future release. (Triggered internally at C:\actions-runner\_work\pytorch\pytorch\pytorch\aten\src\ATen\native\Cross.cpp:67.)
  normals0 = torch.cross(mesh_vertices[atempt_triangles_0[:, 1]] - mesh_vertices[atempt_triangles_0[:, 0]], mesh_vertices[atempt_triangles_0[:, 2]] - mesh_vertices[atempt_triangles_0[:, 0]])
[worker:ComfyUI-GeometryPack] INFO: After remesh: 1896416 vertices, 3792864 faces
[worker:ComfyUI-GeometryPack] INFO: Skipping pre-simplify unify (mesh too large: 3,792,864 faces)
Simplifying:   0%|          | 0/3292864 [00:00<?, ?it/s]Simplifying [thres=1.00e-08]:   0%|          | 0/3292864 [00:00<?, ?it/s]Simplifying [thres=1.00e-07]:   0%|          | 24/3292864 [00:00<2:12:05, 415.50it/s]Simplifying [thres=1.00e-07]:   0%|          | 176/3292864 [00:00<34:12, 1604.40it/s]Simplifying [thres=1.00e-06]:   0%|          | 176/3292864 [00:00<34:12, 1604.40it/s]Simplifying [thres=1.00e-05]:   0%|          | 1512/3292864 [00:00<34:11, 1604.40it/s]Simplifying [thres=1.00e-05]:   0%|          | 13294/3292864 [00:00<00:44, 73101.53it/s]Simplifying [thres=1.00e-04]:   0%|          | 13294/3292864 [00:00<00:44, 73101.53it/s]Simplifying [thres=1.00e-04]:   2%|▏         | 82214/3292864 [00:00<00:43, 73101.53it/s]Simplifying [thres=1.00e-04]:   4%|▍         | 134208/3292864 [00:00<00:05, 565822.37it/s]Simplifying [thres=1.00e-04]:   4%|▍         | 134208/3292864 [00:00<00:05, 565822.37it/s]Simplifying [thres=1.00e-04]:   5%|▌         | 177130/3292864 [00:00<00:05, 565822.37it/s]Simplifying [thres=1.00e-04]:   7%|▋         | 214566/3292864 [00:00<00:04, 629299.31it/s]Simplifying [thres=1.00e-04]:   7%|▋         | 214566/3292864 [00:00<00:04, 629299.31it/s]Simplifying [thres=1.00e-03]:   8%|▊         | 247402/3292864 [00:00<00:04, 629299.31it/s]Simplifying [thres=1.00e-03]:  15%|█▌        | 506770/3292864 [00:00<00:04, 629299.31it/s]Simplifying [thres=1.00e-03]:  23%|██▎       | 750554/3292864 [00:00<00:01, 1951758.09it/s]Simplifying [thres=1.00e-03]:  23%|██▎       | 750554/3292864 [00:00<00:01, 1951758.09it/s]Simplifying [thres=1.00e-03]:  30%|██▉       | 977642/3292864 [00:00<00:01, 1951758.09it/s]Simplifying [thres=1.00e-03]:  36%|███▌      | 1187748/3292864 [00:00<00:01, 1951758.09it/s]Simplifying [thres=1.00e-03]:  42%|████▏     | 1381108/3292864 [00:00<00:00, 3122796.72it/s]Simplifying [thres=1.00e-03]:  42%|████▏     | 1381108/3292864 [00:00<00:00, 3122796.72it/s]Simplifying [thres=1.00e-03]:  47%|████▋     | 1560198/3292864 [00:00<00:00, 3122796.72it/s]Simplifying [thres=1.00e-03]:  52%|█████▏    | 1724308/3292864 [00:00<00:00, 3122796.72it/s]Simplifying [thres=1.00e-03]:  57%|█████▋    | 1876630/3292864 [00:00<00:00, 3122796.72it/s][worker:ComfyUI-GeometryPack] [VRAM] -676MB (now 65MB) reserved=96MB peak=740MB
Simplifying [thres=1.00e-03]:  61%|██████▏   | 2017662/3292864 [00:00<00:00, 3994788.18it/s]Simplifying [thres=1.00e-03]:  61%|██████▏   | 2017662/3292864 [00:00<00:00, 3994788.18it/s]Simplifying [thres=1.00e-03]:  65%|██████▌   | 2148516/3292864 [00:00<00:00, 3994788.18it/s]Simplifying [thres=1.00e-03]:  69%|██████▉   | 2269588/3292864 [00:00<00:00, 3994788.18it/s]Simplifying [thres=1.00e-03]:  72%|███████▏  | 2381856/3292864 [00:00<00:00, 3994788.18it/s]Simplifying [thres=1.00e-03]:  75%|███████▌  | 2485376/3292864 [00:00<00:00, 3994788.18it/s]Simplifying [thres=1.00e-03]:  78%|███████▊  | 2580508/3292864 [00:00<00:00, 3994788.18it/s]Simplifying [thres=1.00e-03]:  81%|████████  | 2667226/3292864 [00:00<00:00, 4507722.67it/s]Simplifying [thres=1.00e-03]:  81%|████████  | 2667226/3292864 [00:00<00:00, 4507722.67it/s]Simplifying [thres=1.00e-03]:  83%|████████▎ | 2745168/3292864 [00:00<00:00, 4507722.67it/s]Simplifying [thres=1.00e-03]:  85%|████████▌ | 2814088/3292864 [00:00<00:00, 4507722.67it/s]Simplifying [thres=1.00e-03]:  87%|████████▋ | 2874878/3292864 [00:00<00:00, 4507722.67it/s]Simplifying [thres=1.00e-03]:  89%|████████▉ | 2927136/3292864 [00:00<00:00, 4507722.67it/s]Simplifying [thres=1.00e-03]:  90%|█████████ | 2972314/3292864 [00:00<00:00, 4507722.67it/s]Simplifying [thres=1.00e-03]:  91%|█████████▏| 3010580/3292864 [00:00<00:00, 4507722.67it/s]Simplifying [thres=1.00e-03]:  92%|█████████▏| 3043304/3292864 [00:01<00:00, 4507722.67it/s]Simplifying [thres=1.00e-03]:  93%|█████████▎| 3071232/3292864 [00:01<00:00, 4507722.67it/s]Simplifying [thres=1.00e-03]:  94%|█████████▍| 3095246/3292864 [00:01<00:00, 4507722.67it/s]Simplifying [thres=1.00e-03]:  95%|█████████▍| 3115980/3292864 [00:01<00:00, 4507722.67it/s]Simplifying [thres=1.00e-03]:  95%|█████████▌| 3134228/3292864 [00:01<00:00, 4032261.26it/s]Simplifying [thres=1.00e-03]:  95%|█████████▌| 3134228/3292864 [00:01<00:00, 4032261.26it/s]Simplifying [thres=1.00e-03]:  96%|█████████▌| 3149900/3292864 [00:01<00:00, 4032261.26it/s]Simplifying [thres=1.00e-03]:  96%|█████████▌| 3163676/3292864 [00:01<00:00, 4032261.26it/s]Simplifying [thres=1.00e-03]:  96%|█████████▋| 3175826/3292864 [00:01<00:00, 4032261.26it/s]Simplifying [thres=1.00e-03]:  97%|█████████▋| 3186424/3292864 [00:01<00:00, 4032261.26it/s]Simplifying [thres=1.00e-03]:  97%|█████████▋| 3195726/3292864 [00:01<00:00, 4032261.26it/s]Simplifying [thres=1.00e-03]:  97%|█████████▋| 3204072/3292864 [00:01<00:00, 4032261.26it/s]Simplifying [thres=1.00e-03]:  98%|█████████▊| 3211492/3292864 [00:01<00:00, 4032261.26it/s]Simplifying [thres=1.00e-03]:  98%|█████████▊| 3218200/3292864 [00:01<00:00, 4032261.26it/s]Simplifying [thres=1.00e-03]:  98%|█████████▊| 3224370/3292864 [00:01<00:00, 4032261.26it/s]Simplifying [thres=1.00e-02]:  98%|█████████▊| 3229932/3292864 [00:01<00:00, 4032261.26it/s]Simplifying [thres=1.00e-02]: 100%|█████████▉| 3276888/3292864 [00:01<00:00, 4032261.26it/s]Simplifying [thres=1.00e-02]: 100%|██████████| 3292864/3292864 [00:01<00:00, 2786097.39it/s]
[worker:ComfyUI-GeometryPack] INFO: After simplify: 474,954 faces
[worker:ComfyUI-GeometryPack] INFO: Unified face orientations (post-simplify)
[worker:ComfyUI-GeometryPack] INFO: Output: 237488 vertices (+181285), 474954 faces (+362552)
[SubprocessWorker] got response: ok
[comfy-env] GeomPackRemesh_GPU done (2.30s): result: NodeOutput
[VRAM] After GeomPackRemesh_GPU: 1271 / 24575 MB
[comfy-env] Running GeomPackPreviewMeshMulti: mode: 'fields', mesh_1: Trimesh, mesh_2: Trimesh, mesh_3: Trimesh
[VRAM] Before GeomPackPreviewMeshMulti: 1271 / 24575 MB
[SubprocessWorker] call_method: nodes.visualization.preview_mesh_multi.PreviewMeshMultiNode.EXECUTE_NORMALIZED
[SubprocessWorker] acquired lock, ensuring started...
[ComfyUI-GeometryPack] Health check: ping (timeout=5.0s)...
[ComfyUI-GeometryPack] Health check: ok
[SubprocessWorker] worker started/confirmed
[SubprocessWorker] serializing kwargs to shm...
[SubprocessWorker] created 3 shm blocks
[SubprocessWorker] sending request via socket...
[SubprocessWorker] call_id=41 sending call_method
[worker:ComfyUI-GeometryPack] INFO: Mode: fields, Meshes: 3
[worker:ComfyUI-GeometryPack] INFO: Mesh 1: Mesh - 12037 vertices, 24072 faces
[worker:ComfyUI-GeometryPack] INFO: Exporting mesh to VTP: C:\workspaces\GeometryPack-1207\portable-comfyui\ComfyUI_windows_portable\ComfyUI\output\preview_multi_1_67b9dd70.vtp
[worker:ComfyUI-GeometryPack] INFO: Adding normals field (12037 vertices)
[worker:ComfyUI-GeometryPack] INFO: Export complete: 12037 vertices, 24072 faces
[worker:ComfyUI-GeometryPack] INFO: Exported VTP: C:\workspaces\GeometryPack-1207\portable-comfyui\ComfyUI_windows_portable\ComfyUI\output\preview_multi_1_67b9dd70.vtp
[worker:ComfyUI-GeometryPack] INFO: Mesh 2: Mesh - 12037 vertices, 24072 faces
[worker:ComfyUI-GeometryPack] INFO: Exporting mesh to VTP: C:\workspaces\GeometryPack-1207\portable-comfyui\ComfyUI_windows_portable\ComfyUI\output\preview_multi_2_67b9dd70.vtp
[worker:ComfyUI-GeometryPack] INFO: Adding normals field (12037 vertices)
[worker:ComfyUI-GeometryPack] INFO: Export complete: 12037 vertices, 24072 faces
[worker:ComfyUI-GeometryPack] INFO: Exported VTP: C:\workspaces\GeometryPack-1207\portable-comfyui\ComfyUI_windows_portable\ComfyUI\output\preview_multi_2_67b9dd70.vtp
[worker:ComfyUI-GeometryPack] INFO: Mesh 3: Mesh - 237488 vertices, 474954 faces
[worker:ComfyUI-GeometryPack] INFO: Exporting mesh to VTP: C:\workspaces\GeometryPack-1207\portable-comfyui\ComfyUI_windows_portable\ComfyUI\output\preview_multi_3_67b9dd70.vtp
[worker:ComfyUI-GeometryPack] INFO: Adding normals field (237488 vertices)
[worker:ComfyUI-GeometryPack] INFO: Export complete: 237488 vertices, 474954 faces
[worker:ComfyUI-GeometryPack] INFO: Exported VTP: C:\workspaces\GeometryPack-1207\portable-comfyui\ComfyUI_windows_portable\ComfyUI\output\preview_multi_3_67b9dd70.vtp
[worker:ComfyUI-GeometryPack] INFO: Grid: 3x1, Preview ready
[SubprocessWorker] got response: ok
[comfy-env] GeomPackPreviewMeshMulti done (3.28s): result: NodeOutput
[VRAM] After GeomPackPreviewMeshMulti: 1271 / 24575 MB
[comfy-env] Running GeomPackRemesh_MMG: trimesh: Trimesh, hausd: 0.1, hmin: 0.0, hmax: 0.0, hgrad: 1.3
[VRAM] Before GeomPackRemesh_MMG: 1271 / 24575 MB
[SubprocessWorker] call_method: nodes.remeshing.backends.mmg.RemeshMMGNode.EXECUTE_NORMALIZED
[SubprocessWorker] acquired lock, ensuring started...
[ComfyUI-GeometryPack] Health check: ping (timeout=5.0s)...
[ComfyUI-GeometryPack] Health check: ok
[SubprocessWorker] worker started/confirmed
[SubprocessWorker] serializing kwargs to shm...
[SubprocessWorker] created 1 shm blocks
[SubprocessWorker] sending request via socket...
[SubprocessWorker] call_id=42 sending call_method
[worker:ComfyUI-GeometryPack] WARNING: mmgpy not available on Windows � returning input mesh unchanged
[SubprocessWorker] got response: ok
[comfy-env] GeomPackRemesh_MMG done (0.08s): result: NodeOutput
[VRAM] After GeomPackRemesh_MMG: 1271 / 24575 MB
[comfy-env] Running GeomPackRemesh_GeogramAniso: trimesh: Trimesh, nb_points_aniso: 5000, anisotropy: 0.04
[VRAM] Before GeomPackRemesh_GeogramAniso: 1271 / 24575 MB
[SubprocessWorker] call_method: nodes.remeshing.backends.geogram_aniso.RemeshGeogramAnisoNode.EXECUTE_NORMALIZED
[SubprocessWorker] acquired lock, ensuring started...
[ComfyUI-GeometryPack] Health check: ping (timeout=5.0s)...
[ComfyUI-GeometryPack] Health check: ok
[SubprocessWorker] worker started/confirmed
[SubprocessWorker] serializing kwargs to shm...
[SubprocessWorker] created 1 shm blocks
[SubprocessWorker] sending request via socket...
[SubprocessWorker] call_id=43 sending call_method
[worker:ComfyUI-GeometryPack] INFO: Backend: geogram_anisotropic
[worker:ComfyUI-GeometryPack] INFO: Input: 56203 vertices, 112402 faces
[worker:ComfyUI-GeometryPack] INFO: Parameters: nb_points=5,000, anisotropy=0.04
[worker:ComfyUI-GeometryPack] INFO: Output: 4999 vertices, 9994 faces
[SubprocessWorker] got response: ok
[comfy-env] GeomPackRemesh_GeogramAniso done (1.12s): result: NodeOutput
[VRAM] After GeomPackRemesh_GeogramAniso: 1271 / 24575 MB
[comfy-env] Running GeomPackRemesh_PMPUniform: trimesh: Trimesh, pmp_edge_length: 1.0, pmp_iterations: 1, pmp_use_projection: 'true'
[VRAM] Before GeomPackRemesh_PMPUniform: 1271 / 24575 MB
[SubprocessWorker] call_method: nodes.remeshing.backends.pmp_uniform.RemeshPMPUniformNode.EXECUTE_NORMALIZED
[SubprocessWorker] acquired lock, ensuring started...
[ComfyUI-GeometryPack] Health check: ping (timeout=5.0s)...
[ComfyUI-GeometryPack] Health check: ok
[SubprocessWorker] worker started/confirmed
[SubprocessWorker] serializing kwargs to shm...
[SubprocessWorker] created 1 shm blocks
[SubprocessWorker] sending request via socket...
[SubprocessWorker] call_id=44 sending call_method
[worker:ComfyUI-GeometryPack] INFO: Backend: pmp_uniform
[worker:ComfyUI-GeometryPack] INFO: Input: 56203 vertices, 112402 faces
[worker:ComfyUI-GeometryPack] INFO: Parameters: edge_length=1.0, iterations=1, use_projection=true
[worker:ComfyUI-GeometryPack] INFO: Output: 49252 vertices, 98500 faces
[worker:ComfyUI-GeometryPack] 
=== WATCHDOG TICK 3 ===
[worker:ComfyUI-GeometryPack] Thread 0x00003308 (most recent call first):
  File "C:\Users\ContainerUser\AppData\Local\Programs\comfy-env\.pixi\envs\geometrypack-nodes\Lib\threading.py", line 363 in wait
  File "C:\Users\ContainerUser\AppData\Local\Programs\comfy-env\.pixi\envs\geometrypack-nodes\Lib\threading.py", line 660 in wait
  File "C:\Users\ContainerUser\AppData\Local\Programs\comfy-env\.pixi\envs\geometrypack-nodes\Lib\site-packages\tqdm\_monitor.py", line 60 in run
  File "C:\Users\ContainerUser\AppData\Local\Programs\comfy-env\.pixi\envs\geometrypack-nodes\Lib\threading.py", line 1044 in _bootstrap_inner
  File "C:\Users\ContainerUser\AppData\Local\Programs\comfy-env\.pixi\envs\geometrypack-nodes\Lib\threading.py", line 1015 in _bootstrap

Thread 0x00001588 (most recent call first):
  File "C:\Users\ContainerUser\AppData\Local\Temp\comfyui_pvenv_ceusgkah\persistent_worker.py", line 106 in _vram_poller
  File "C:\Users\ContainerUser\AppData\Local\Programs\comfy-env\.pixi\envs\geometrypack-nodes\Lib\threading.py", line 995 in run
  File "C:\Users\ContainerUser\AppData\Local\Programs\comfy-env\.pixi\envs\geometrypack-nodes\Lib\threading.py", line 1044 in _bootstrap_inner
  File "C:\Users\ContainerUser\AppData\Local\Programs\comfy-env\.pixi\envs\geometrypack-nodes\Lib\threading.py", line 1015 in _bootstrap

Current thread 0x00001500 (most recent call first):
  File "C:\Users\ContainerUser\AppData\Local\Temp\comfyui_pvenv_ceusgkah\persistent_worker.py", line 52 in _watchdog
  File "C:\Users\ContainerUser\AppData\Local\Programs\comfy-env\.pixi\envs\geometrypack-nodes\Lib\threading.py", line 995 in run
  File "C:\Users\ContainerUser\AppData\Local\Programs\comfy-env\.pixi\envs\geometrypack-nodes\Lib\threading.py", line 1044 in _bootstrap_inner
  File "C:\Users\ContainerUser\AppData\Local\Programs\comfy-env\.pixi\envs\geometrypack-nodes\Lib\threading.py", line 1015 in _bootstrap

Thread 0x00004b24 (most recent call first):
  File "C:\Users\ContainerUser\AppData\Local\Programs\comfy-env\.pixi\envs\geometrypack-nodes\Lib\site-packages\trimesh\base.py", line 374 in faces
  File "C:\Users\ContainerUser\AppData\Local\Programs\comfy-env\.pixi\envs\geometrypack-nodes\Lib\site-packages\trimesh\base.py", line 192 in __init__
  File "C:\workspaces\GeometryPack-1207\portable-comfyui\ComfyUI_windows_portable\ComfyUI\custom_nodes\ComfyUI-GeometryPack\nodes\remeshing\backends\pmp_uniform.py", line 55 in execute
  File "C:\workspaces\GeometryPack-1207\portable-comfyui\ComfyUI_windows_portable\ComfyUI\comfy_api\latest\_io.py", line 1833 in EXECUTE_NORMALIZED
  File "C:\Users\ContainerUser\AppData\Local\Temp\comfyui_pvenv_ceusgkah\persistent_worker.py", line 1762 in main
  File "C:\Users\ContainerUser\AppData\Local\Temp\comfyui_pvenv_ceusgkah\persistent_worker.py", line 1807 in <module>

[worker:ComfyUI-GeometryPack] === END ===

[SubprocessWorker] got response: ok
[comfy-env] GeomPackRemesh_PMPUniform done (128.04s): result: NodeOutput
[VRAM] After GeomPackRemesh_PMPUniform: 1271 / 24575 MB
[comfy-env] Running GeomPackRemesh_GeogramSmooth: trimesh: Trimesh, nb_points: 5000, nb_lloyd_iter: 5, nb_newton_iter: 30, newton_m: 7
[VRAM] Before GeomPackRemesh_GeogramSmooth: 1271 / 24575 MB
[SubprocessWorker] call_method: nodes.remeshing.backends.geogram_smooth.RemeshGeogramSmoothNode.EXECUTE_NORMALIZED
[SubprocessWorker] acquired lock, ensuring started...
[ComfyUI-GeometryPack] Health check: ping (timeout=5.0s)...
[ComfyUI-GeometryPack] Health check: ok
[SubprocessWorker] worker started/confirmed
[SubprocessWorker] serializing kwargs to shm...
[SubprocessWorker] created 1 shm blocks
[SubprocessWorker] sending request via socket...
[SubprocessWorker] call_id=45 sending call_method
[worker:ComfyUI-GeometryPack] INFO: Backend: geogram_smooth
[worker:ComfyUI-GeometryPack] INFO: Input: 56203 vertices, 112402 faces
[worker:ComfyUI-GeometryPack] INFO: Parameters: nb_points=5,000, nb_lloyd_iter=5, nb_newton_iter=30, newton_m=7
[worker:ComfyUI-GeometryPack] INFO: Output: 5000 vertices, 9996 faces
[SubprocessWorker] got response: ok
[comfy-env] GeomPackRemesh_GeogramSmooth done (0.79s): result: NodeOutput
[VRAM] After GeomPackRemesh_GeogramSmooth: 1271 / 24575 MB
[comfy-env] Running GeomPackPreviewMeshMulti: mode: 'fields', mesh_1: Trimesh, mesh_2: Trimesh, mesh_3: Trimesh, mesh_4: Trimesh
[VRAM] Before GeomPackPreviewMeshMulti: 1271 / 24575 MB
[SubprocessWorker] call_method: nodes.visualization.preview_mesh_multi.PreviewMeshMultiNode.EXECUTE_NORMALIZED
[SubprocessWorker] acquired lock, ensuring started...
[ComfyUI-GeometryPack] Health check: ping (timeout=5.0s)...
[ComfyUI-GeometryPack] Health check: ok
[SubprocessWorker] worker started/confirmed
[SubprocessWorker] serializing kwargs to shm...
[SubprocessWorker] created 4 shm blocks
[SubprocessWorker] sending request via socket...
[SubprocessWorker] call_id=46 sending call_method
[worker:ComfyUI-GeometryPack] INFO: Mode: fields, Meshes: 4
[worker:ComfyUI-GeometryPack] INFO: Mesh 1: Mesh - 56203 vertices, 112402 faces
[worker:ComfyUI-GeometryPack] INFO: Exporting mesh to VTP: C:\workspaces\GeometryPack-1207\portable-comfyui\ComfyUI_windows_portable\ComfyUI\output\preview_multi_1_81f25b70.vtp
[worker:ComfyUI-GeometryPack] INFO: Adding normals field (56203 vertices)
[worker:ComfyUI-GeometryPack] INFO: Adding face field: stl
[worker:ComfyUI-GeometryPack] INFO: Export complete: 56203 vertices, 112402 faces
[worker:ComfyUI-GeometryPack] INFO: Exported VTP: C:\workspaces\GeometryPack-1207\portable-comfyui\ComfyUI_windows_portable\ComfyUI\output\preview_multi_1_81f25b70.vtp
[worker:ComfyUI-GeometryPack] INFO: Mesh 2: Mesh - 5000 vertices, 9996 faces
[worker:ComfyUI-GeometryPack] INFO: Exporting mesh to VTP: C:\workspaces\GeometryPack-1207\portable-comfyui\ComfyUI_windows_portable\ComfyUI\output\preview_multi_2_81f25b70.vtp
[worker:ComfyUI-GeometryPack] INFO: Adding normals field (5000 vertices)
[worker:ComfyUI-GeometryPack] INFO: Export complete: 5000 vertices, 9996 faces
[worker:ComfyUI-GeometryPack] INFO: Exported VTP: C:\workspaces\GeometryPack-1207\portable-comfyui\ComfyUI_windows_portable\ComfyUI\output\preview_multi_2_81f25b70.vtp
[worker:ComfyUI-GeometryPack] INFO: Mesh 3: Mesh - 4999 vertices, 9994 faces
[worker:ComfyUI-GeometryPack] INFO: Exporting mesh to VTP: C:\workspaces\GeometryPack-1207\portable-comfyui\ComfyUI_windows_portable\ComfyUI\output\preview_multi_3_81f25b70.vtp
[worker:ComfyUI-GeometryPack] INFO: Adding normals field (4999 vertices)
[worker:ComfyUI-GeometryPack] INFO: Export complete: 4999 vertices, 9994 faces
[worker:ComfyUI-GeometryPack] INFO: Exported VTP: C:\workspaces\GeometryPack-1207\portable-comfyui\ComfyUI_windows_portable\ComfyUI\output\preview_multi_3_81f25b70.vtp
[worker:ComfyUI-GeometryPack] INFO: Mesh 4: Mesh - 49252 vertices, 98500 faces
[worker:ComfyUI-GeometryPack] INFO: Exporting mesh to VTP: C:\workspaces\GeometryPack-1207\portable-comfyui\ComfyUI_windows_portable\ComfyUI\output\preview_multi_4_81f25b70.vtp
[worker:ComfyUI-GeometryPack] INFO: Adding normals field (49252 vertices)
[worker:ComfyUI-GeometryPack] INFO: Export complete: 49252 vertices, 98500 faces
[worker:ComfyUI-GeometryPack] INFO: Exported VTP: C:\workspaces\GeometryPack-1207\portable-comfyui\ComfyUI_windows_portable\ComfyUI\output\preview_multi_4_81f25b70.vtp
[worker:ComfyUI-GeometryPack] INFO: Grid: 2x2, Preview ready
[SubprocessWorker] got response: ok
[comfy-env] GeomPackPreviewMeshMulti done (1.48s): result: NodeOutput
[VRAM] After GeomPackPreviewMeshMulti: 1271 / 24575 MB
Prompt executed in 00:10:02
=== /validate endpoint called ===
Received JSON with keys: ['prompt']
Prompt has 19 nodes
  Node 1: GeomPackLoadMesh
    Inputs: {"file_path": "3d/camelhead.off"}
  Node 2: GeomPackUVUnwrap
    Inputs: {"backend": "xatlas", "report_panel": "false", "trimesh": ["1", 0]}
  Node 3: GeomPackUVUnwrap
    Inputs: {"backend": "cumesh", "backend.chart_cone_angle": 90, "backend.chart_refine_iterations": 0, "backend.chart_global_iterations": 1, "backend.chart_smooth_strength": 1, "report_panel": "false", "trimesh"
  Node 4: GeomPackUVUnwrap
    Inputs: {"backend": "libigl_lscm", "report_panel": "false", "trimesh": ["1", 0]}
  Node 5: GeomPackUVUnwrap
    Inputs: {"backend": "libigl_harmonic", "report_panel": "false", "trimesh": ["1", 0]}
  Node 6: GeomPackUVUnwrap
    Inputs: {"backend": "libigl_arap", "backend.iterations": 10, "report_panel": "false", "trimesh": ["1", 0]}
  Node 7: GeomPackUVUnwrap
    Inputs: {"backend": "blender_smart", "backend.angle_limit": 66, "backend.island_margin": 0.02, "backend.scale_to_bounds": "true", "report_panel": "false", "trimesh": ["1", 0]}
  Node 8: GeomPackUVUnwrap
    Inputs: {"backend": "blender_cube", "backend.cube_size": 1, "backend.scale_to_bounds": "true", "report_panel": "false", "trimesh": ["1", 0]}
  Node 9: GeomPackUVUnwrap
    Inputs: {"backend": "blender_cylinder", "backend.cylinder_radius": 0.9, "backend.scale_to_bounds": "true", "report_panel": "false", "trimesh": ["1", 0]}
  Node 10: GeomPackUVUnwrap
    Inputs: {"backend": "blender_sphere", "backend.scale_to_bounds": "true", "report_panel": "false", "trimesh": ["1", 0]}
  Node 15: GeomPackPreviewMeshUV
    Inputs: {"show_checker": false, "show_wireframe": true, "uv_preview": "", "trimesh": ["7", 0]}
  Node 16: GeomPackPreviewMeshUV
    Inputs: {"show_checker": false, "show_wireframe": true, "uv_preview": "", "trimesh": ["8", 0]}
  Node 17: GeomPackPreviewMeshUV
    Inputs: {"show_checker": false, "show_wireframe": true, "uv_preview": "", "trimesh": ["10", 0]}
  Node 18: GeomPackPreviewMeshUV
    Inputs: {"show_checker": false, "show_wireframe": true, "uv_preview": "", "trimesh": ["2", 0]}
  Node 19: GeomPackPreviewMeshUV
    Inputs: {"show_checker": false, "show_wireframe": true, "uv_preview": "", "trimesh": ["6", 0]}
  Node 20: GeomPackPreviewMeshUV
    Inputs: {"show_checker": false, "show_wireframe": true, "uv_preview": "", "trimesh": ["3", 0]}
  Node 21: GeomPackPreviewMeshUV
    Inputs: {"show_checker": false, "show_wireframe": true, "uv_preview": "", "trimesh": ["9", 0]}
  Node 22: GeomPackPreviewMeshUV
    Inputs: {"show_checker": false, "show_wireframe": true, "uv_preview": "", "trimesh": ["5", 0]}
  Node 23: GeomPackPreviewMeshUV
    Inputs: {"show_checker": false, "show_wireframe": true, "uv_preview": "", "trimesh": ["4", 0]}
Generated prompt_id: 477bf1ca-2151-4ea9-9bdb-91be22423435
Calling execution.validate_prompt()...
Validation result: valid=True
=== Validation PASSED ===
got prompt
[comfy-env] Running GeomPackLoadMesh: file_path: '3d/camelhead.off'
[VRAM] Before GeomPackLoadMesh: 1271 / 24575 MB
[SubprocessWorker] call_method: nodes.io.load_mesh.LoadMesh.EXECUTE_NORMALIZED
[SubprocessWorker] acquired lock, ensuring started...
[ComfyUI-GeometryPack] Health check: ping (timeout=5.0s)...
[ComfyUI-GeometryPack] Health check: ok
[SubprocessWorker] worker started/confirmed
[SubprocessWorker] serializing kwargs to shm...
[SubprocessWorker] created 0 shm blocks
[SubprocessWorker] sending request via socket...
[SubprocessWorker] call_id=47 sending call_method
[worker:ComfyUI-GeometryPack] INFO: Found mesh in input folder: 3d/camelhead.off
[worker:ComfyUI-GeometryPack] INFO: Loading: C:\workspaces\GeometryPack-1207\portable-comfyui\ComfyUI_windows_portable\ComfyUI\input\3d/camelhead.off
[worker:ComfyUI-GeometryPack] INFO: Initial mesh: 11381 vertices, 22704 faces
[worker:ComfyUI-GeometryPack] INFO: Successfully loaded: 11381 vertices, 22704 faces
[worker:ComfyUI-GeometryPack] INFO: Loaded: 11381 vertices, 22704 faces
[SubprocessWorker] got response: ok
[comfy-env] GeomPackLoadMesh done (0.15s): result: NodeOutput
[VRAM] After GeomPackLoadMesh: 1271 / 24575 MB
[comfy-env] Running GeomPackUVUnwrap: backend: dict, trimesh: Trimesh
[VRAM] Before GeomPackUVUnwrap: 1271 / 24575 MB
[SubprocessWorker] call_method: nodes.uv.uv_unwrap.UVUnwrapNode.EXECUTE_NORMALIZED
[SubprocessWorker] acquired lock, ensuring started...
[ComfyUI-GeometryPack] Health check: ping (timeout=5.0s)...
[ComfyUI-GeometryPack] Health check: ok
[SubprocessWorker] worker started/confirmed
[SubprocessWorker] serializing kwargs to shm...
[SubprocessWorker] created 1 shm blocks
[SubprocessWorker] sending request via socket...
[SubprocessWorker] call_id=48 sending call_method
[worker:ComfyUI-GeometryPack] INFO: UV Unwrap dispatch: libigl_harmonic -> GeomPackUV_LibiglHarmonic
[SubprocessWorker] got response: ok
[comfy-env] GeomPackUVUnwrap done (0.03s): result: NodeOutput
[VRAM] After GeomPackUVUnwrap: 1271 / 24575 MB
[comfy-env] Running GeomPackUVUnwrap: backend: dict, trimesh: Trimesh
[VRAM] Before GeomPackUVUnwrap: 1271 / 24575 MB
[SubprocessWorker] call_method: nodes.uv.uv_unwrap.UVUnwrapNode.EXECUTE_NORMALIZED
[SubprocessWorker] acquired lock, ensuring started...
[ComfyUI-GeometryPack] Health check: ping (timeout=5.0s)...
[ComfyUI-GeometryPack] Health check: ok
[SubprocessWorker] worker started/confirmed
[SubprocessWorker] serializing kwargs to shm...
[SubprocessWorker] created 1 shm blocks
[SubprocessWorker] sending request via socket...
[SubprocessWorker] call_id=49 sending call_method
[worker:ComfyUI-GeometryPack] INFO: UV Unwrap dispatch: blender_smart -> GeomPackUV_BlenderSmart
[SubprocessWorker] got response: ok
[comfy-env] GeomPackUVUnwrap done (0.03s): result: NodeOutput
[VRAM] After GeomPackUVUnwrap: 1271 / 24575 MB
[comfy-env] Running GeomPackUVUnwrap: backend: dict, trimesh: Trimesh
[VRAM] Before GeomPackUVUnwrap: 1271 / 24575 MB
[SubprocessWorker] call_method: nodes.uv.uv_unwrap.UVUnwrapNode.EXECUTE_NORMALIZED
[SubprocessWorker] acquired lock, ensuring started...
[ComfyUI-GeometryPack] Health check: ping (timeout=5.0s)...
[ComfyUI-GeometryPack] Health check: ok
[SubprocessWorker] worker started/confirmed
[SubprocessWorker] serializing kwargs to shm...
[SubprocessWorker] created 1 shm blocks
[SubprocessWorker] sending request via socket...
[SubprocessWorker] call_id=50 sending call_method
[worker:ComfyUI-GeometryPack] INFO: UV Unwrap dispatch: cumesh -> GeomPackUV_CuMesh
[SubprocessWorker] got response: ok
[comfy-env] GeomPackUVUnwrap done (0.04s): result: NodeOutput
[VRAM] After GeomPackUVUnwrap: 1271 / 24575 MB
[comfy-env] Running GeomPackUVUnwrap: backend: dict, trimesh: Trimesh
[VRAM] Before GeomPackUVUnwrap: 1271 / 24575 MB
[SubprocessWorker] call_method: nodes.uv.uv_unwrap.UVUnwrapNode.EXECUTE_NORMALIZED
[SubprocessWorker] acquired lock, ensuring started...
[ComfyUI-GeometryPack] Health check: ping (timeout=5.0s)...
[ComfyUI-GeometryPack] Health check: ok
[SubprocessWorker] worker started/confirmed
[SubprocessWorker] serializing kwargs to shm...
[SubprocessWorker] created 1 shm blocks
[SubprocessWorker] sending request via socket...
[SubprocessWorker] call_id=51 sending call_method
[worker:ComfyUI-GeometryPack] INFO: UV Unwrap dispatch: blender_cylinder -> GeomPackUV_BlenderCylinder
[SubprocessWorker] got response: ok
[comfy-env] GeomPackUVUnwrap done (0.04s): result: NodeOutput
[VRAM] After GeomPackUVUnwrap: 1271 / 24575 MB
[comfy-env] Running GeomPackUVUnwrap: backend: dict, trimesh: Trimesh
[VRAM] Before GeomPackUVUnwrap: 1271 / 24575 MB
[SubprocessWorker] call_method: nodes.uv.uv_unwrap.UVUnwrapNode.EXECUTE_NORMALIZED
[SubprocessWorker] acquired lock, ensuring started...
[ComfyUI-GeometryPack] Health check: ping (timeout=5.0s)...
[ComfyUI-GeometryPack] Health check: ok
[SubprocessWorker] worker started/confirmed
[SubprocessWorker] serializing kwargs to shm...
[SubprocessWorker] created 1 shm blocks
[SubprocessWorker] sending request via socket...
[SubprocessWorker] call_id=52 sending call_method
[worker:ComfyUI-GeometryPack] INFO: UV Unwrap dispatch: libigl_lscm -> GeomPackUV_LibiglLSCM
[SubprocessWorker] got response: ok
[comfy-env] GeomPackUVUnwrap done (0.03s): result: NodeOutput
[VRAM] After GeomPackUVUnwrap: 1271 / 24575 MB
[comfy-env] Running GeomPackUVUnwrap: backend: dict, trimesh: Trimesh
[VRAM] Before GeomPackUVUnwrap: 1271 / 24575 MB
[SubprocessWorker] call_method: nodes.uv.uv_unwrap.UVUnwrapNode.EXECUTE_NORMALIZED
[SubprocessWorker] acquired lock, ensuring started...
[ComfyUI-GeometryPack] Health check: ping (timeout=5.0s)...
[ComfyUI-GeometryPack] Health check: ok
[SubprocessWorker] worker started/confirmed
[SubprocessWorker] serializing kwargs to shm...
[SubprocessWorker] created 1 shm blocks
[SubprocessWorker] sending request via socket...
[SubprocessWorker] call_id=53 sending call_method
[worker:ComfyUI-GeometryPack] INFO: UV Unwrap dispatch: blender_cube -> GeomPackUV_BlenderCube
[SubprocessWorker] got response: ok
[comfy-env] GeomPackUVUnwrap done (0.04s): result: NodeOutput
[VRAM] After GeomPackUVUnwrap: 1271 / 24575 MB
[comfy-env] Running GeomPackUVUnwrap: backend: dict, trimesh: Trimesh
[VRAM] Before GeomPackUVUnwrap: 1271 / 24575 MB
[SubprocessWorker] call_method: nodes.uv.uv_unwrap.UVUnwrapNode.EXECUTE_NORMALIZED
[SubprocessWorker] acquired lock, ensuring started...
[ComfyUI-GeometryPack] Health check: ping (timeout=5.0s)...
[ComfyUI-GeometryPack] Health check: ok
[SubprocessWorker] worker started/confirmed
[SubprocessWorker] serializing kwargs to shm...
[SubprocessWorker] created 1 shm blocks
[SubprocessWorker] sending request via socket...
[SubprocessWorker] call_id=54 sending call_method
[worker:ComfyUI-GeometryPack] INFO: UV Unwrap dispatch: xatlas -> GeomPackUV_Xatlas
[SubprocessWorker] got response: ok
[comfy-env] GeomPackUVUnwrap done (0.04s): result: NodeOutput
[VRAM] After GeomPackUVUnwrap: 1271 / 24575 MB
[comfy-env] Running GeomPackUVUnwrap: backend: dict, trimesh: Trimesh
[VRAM] Before GeomPackUVUnwrap: 1271 / 24575 MB
[SubprocessWorker] call_method: nodes.uv.uv_unwrap.UVUnwrapNode.EXECUTE_NORMALIZED
[SubprocessWorker] acquired lock, ensuring started...
[ComfyUI-GeometryPack] Health check: ping (timeout=5.0s)...
[ComfyUI-GeometryPack] Health check: ok
[SubprocessWorker] worker started/confirmed
[SubprocessWorker] serializing kwargs to shm...
[SubprocessWorker] created 1 shm blocks
[SubprocessWorker] sending request via socket...
[SubprocessWorker] call_id=55 sending call_method
[worker:ComfyUI-GeometryPack] INFO: UV Unwrap dispatch: blender_sphere -> GeomPackUV_BlenderSphere
[SubprocessWorker] got response: ok
[comfy-env] GeomPackUVUnwrap done (0.04s): result: NodeOutput
[VRAM] After GeomPackUVUnwrap: 1271 / 24575 MB
[comfy-env] Running GeomPackUVUnwrap: backend: dict, trimesh: Trimesh
[VRAM] Before GeomPackUVUnwrap: 1271 / 24575 MB
[SubprocessWorker] call_method: nodes.uv.uv_unwrap.UVUnwrapNode.EXECUTE_NORMALIZED
[SubprocessWorker] acquired lock, ensuring started...
[ComfyUI-GeometryPack] Health check: ping (timeout=5.0s)...
[ComfyUI-GeometryPack] Health check: ok
[SubprocessWorker] worker started/confirmed
[SubprocessWorker] serializing kwargs to shm...
[SubprocessWorker] created 1 shm blocks
[SubprocessWorker] sending request via socket...
[SubprocessWorker] call_id=56 sending call_method
[worker:ComfyUI-GeometryPack] INFO: UV Unwrap dispatch: libigl_arap -> GeomPackUV_LibiglARAP
[SubprocessWorker] got response: ok
[comfy-env] GeomPackUVUnwrap done (0.03s): result: NodeOutput
[VRAM] After GeomPackUVUnwrap: 1271 / 24575 MB
[comfy-env] Running GeomPackUV_LibiglHarmonic: trimesh: Trimesh
[VRAM] Before GeomPackUV_LibiglHarmonic: 1271 / 24575 MB
[SubprocessWorker] call_method: nodes.uv.backends.libigl_harmonic.UVLibiglHarmonicNode.EXECUTE_NORMALIZED
[SubprocessWorker] acquired lock, ensuring started...
[ComfyUI-GeometryPack] Health check: ping (timeout=5.0s)...
[ComfyUI-GeometryPack] Health check: ok
[SubprocessWorker] worker started/confirmed
[SubprocessWorker] serializing kwargs to shm...
[SubprocessWorker] created 1 shm blocks
[SubprocessWorker] sending request via socket...
[SubprocessWorker] call_id=57 sending call_method
[worker:ComfyUI-GeometryPack] INFO: Backend: libigl_harmonic
[worker:ComfyUI-GeometryPack] INFO: Input: 11381 vertices, 22704 faces
[worker:ComfyUI-GeometryPack] INFO: Output: 11381 vertices, 22704 faces
[SubprocessWorker] got response: ok
[comfy-env] GeomPackUV_LibiglHarmonic done (0.30s): result: NodeOutput
[VRAM] After GeomPackUV_LibiglHarmonic: 1271 / 24575 MB
[comfy-env] Running GeomPackPreviewMeshUV: show_checker: False, show_wireframe: True, trimesh: Trimesh
[VRAM] Before GeomPackPreviewMeshUV: 1271 / 24575 MB
[SubprocessWorker] call_method: nodes.visualization.preview_mesh_uv.PreviewMeshUVNode.EXECUTE_NORMALIZED
[SubprocessWorker] acquired lock, ensuring started...
[ComfyUI-GeometryPack] Health check: ping (timeout=5.0s)...
[ComfyUI-GeometryPack] Health check: ok
[SubprocessWorker] worker started/confirmed
[SubprocessWorker] serializing kwargs to shm...
[SubprocessWorker] created 1 shm blocks
[SubprocessWorker] sending request via socket...
[SubprocessWorker] call_id=58 sending call_method
[worker:ComfyUI-GeometryPack] INFO: Preparing preview: Mesh - 11381 vertices, 22704 faces
[worker:ComfyUI-GeometryPack] INFO: Found UV data: 11381 UV coordinates
[worker:ComfyUI-GeometryPack] INFO: UV stats: range=[1. 1.], in_unit_square=True, coverage=0.7838
[worker:ComfyUI-GeometryPack] INFO: Exported mesh to: C:\workspaces\GeometryPack-1207\portable-comfyui\ComfyUI_windows_portable\ComfyUI\output\preview_uv_082147c2.glb
[worker:ComfyUI-GeometryPack] INFO: Exported UV data to: C:\workspaces\GeometryPack-1207\portable-comfyui\ComfyUI_windows_portable\ComfyUI\output\preview_uv_b8d9bfd0_uvdata.json
[worker:ComfyUI-GeometryPack] INFO: Preview ready: has_uvs=True, checker=False, wireframe=True
[SubprocessWorker] got response: ok
[comfy-env] GeomPackPreviewMeshUV done (0.58s): result: NodeOutput
[VRAM] After GeomPackPreviewMeshUV: 1271 / 24575 MB
[comfy-env] Running GeomPackUV_BlenderSmart: trimesh: Trimesh, angle_limit: 66.0, island_margin: 0.02, scale_to_bounds: 'true'
[VRAM] Before GeomPackUV_BlenderSmart: 1271 / 24575 MB
[SubprocessWorker] call_method: nodes.blender_uv.backends.blender_smart.UVBlenderSmartNode.EXECUTE_NORMALIZED
[SubprocessWorker] acquired lock, ensuring started...
[ComfyUI-GeometryPack] Health check: ping (timeout=5.0s)...
[ComfyUI-GeometryPack] Health check: ok
[SubprocessWorker] worker started/confirmed
[SubprocessWorker] serializing kwargs to shm...
[SubprocessWorker] created 1 shm blocks
[SubprocessWorker] sending request via socket...
[SubprocessWorker] call_id=59 sending call_method
[worker:ComfyUI-GeometryPack] INFO: Backend: blender_smart
[worker:ComfyUI-GeometryPack] INFO: Input: 11381 vertices, 22704 faces
[worker:ComfyUI-GeometryPack] INFO: Parameters: angle_limit=66.0, island_margin=0.02, scale_to_bounds=true
[worker:ComfyUI-GeometryPack] INFO: Output: 13353 vertices, 22704 faces
[SubprocessWorker] got response: ok
[comfy-env] GeomPackUV_BlenderSmart done (0.72s): result: NodeOutput
[VRAM] After GeomPackUV_BlenderSmart: 1271 / 24575 MB
[comfy-env] Running GeomPackPreviewMeshUV: show_checker: False, show_wireframe: True, trimesh: Trimesh
[VRAM] Before GeomPackPreviewMeshUV: 1271 / 24575 MB
[SubprocessWorker] call_method: nodes.visualization.preview_mesh_uv.PreviewMeshUVNode.EXECUTE_NORMALIZED
[SubprocessWorker] acquired lock, ensuring started...
[ComfyUI-GeometryPack] Health check: ping (timeout=5.0s)...
[ComfyUI-GeometryPack] Health check: ok
[SubprocessWorker] worker started/confirmed
[SubprocessWorker] serializing kwargs to shm...
[SubprocessWorker] created 1 shm blocks
[SubprocessWorker] sending request via socket...
[SubprocessWorker] call_id=60 sending call_method
[worker:ComfyUI-GeometryPack] INFO: Preparing preview: Mesh - 13353 vertices, 22704 faces
[worker:ComfyUI-GeometryPack] INFO: Found UV data: 13353 UV coordinates
[worker:ComfyUI-GeometryPack] INFO: UV stats: range=[1.         0.99999994], in_unit_square=True, coverage=0.3949
[worker:ComfyUI-GeometryPack] INFO: Exported mesh to: C:\workspaces\GeometryPack-1207\portable-comfyui\ComfyUI_windows_portable\ComfyUI\output\preview_uv_1308a588.glb
[worker:ComfyUI-GeometryPack] INFO: Exported UV data to: C:\workspaces\GeometryPack-1207\portable-comfyui\ComfyUI_windows_portable\ComfyUI\output\preview_uv_869d583c_uvdata.json
[worker:ComfyUI-GeometryPack] INFO: Preview ready: has_uvs=True, checker=False, wireframe=True
[SubprocessWorker] got response: ok
[comfy-env] GeomPackPreviewMeshUV done (0.58s): result: NodeOutput
[VRAM] After GeomPackPreviewMeshUV: 1271 / 24575 MB
[comfy-env] Running GeomPackUV_CuMesh: trimesh: Trimesh, chart_cone_angle: 90.0, chart_refine_iterations: 0, chart_global_iterations: 1, chart_smooth_strength: 1
[VRAM] Before GeomPackUV_CuMesh: 1271 / 24575 MB
[SubprocessWorker] call_method: nodes.uv_gpu.cumesh_uv.UVCuMeshNode.EXECUTE_NORMALIZED
[SubprocessWorker] acquired lock, ensuring started...
[ComfyUI-GeometryPack] Health check: ping (timeout=5.0s)...
[ComfyUI-GeometryPack] Health check: ok
[SubprocessWorker] worker started/confirmed
[SubprocessWorker] serializing kwargs to shm...
[SubprocessWorker] created 1 shm blocks
[SubprocessWorker] sending request via socket...
[SubprocessWorker] call_id=61 sending call_method
[worker:ComfyUI-GeometryPack] INFO: Backend: cumesh
[worker:ComfyUI-GeometryPack] INFO: Input: 11381 vertices, 22704 faces
[worker:ComfyUI-GeometryPack] INFO: CuMesh: chart_cone_angle=90.0, refine_iter=0, global_iter=1, smooth=1
[worker:ComfyUI-GeometryPack] INFO: Running CuMesh UV unwrap...
[worker:ComfyUI-GeometryPack] Get 22 clusters after fast clustering
Adding clusters to xatlas:   0%|          | 0/22 [00:00<?, ?it/s]Adding clusters to xatlas: 100%|██████████| 22/22 [00:00<00:00, 3034.15it/s]
xatlas: Computing charts:   0%|          | 0/100 [00:00<?, ?it/s]xatlas: Computing charts:   0%|          | 0/100 [00:00<?, ?it/s]xatlas: Computing charts:   1%|          | 1/100 [00:00<00:00, 1326.05it/s]xatlas: Computing charts:   2%|▏         | 2/100 [00:00<00:00, 140.01it/s] xatlas: Computing charts:   3%|▎         | 3/100 [00:00<00:00, 183.11it/s]xatlas: Computing charts:   4%|▍         | 4/100 [00:00<00:00, 165.39it/s]xatlas: Computing charts:   6%|▌         | 6/100 [00:00<00:00, 144.57it/s]xatlas: Computing charts:   7%|▋         | 7/100 [00:00<00:00, 153.30it/s]xatlas: Computing charts:   8%|▊         | 8/100 [00:00<00:00, 174.46it/s]xatlas: Computing charts:  10%|█         | 10/100 [00:00<00:00, 212.41it/s]xatlas: Computing charts:  12%|█▏        | 12/100 [00:00<00:00, 112.34it/s]xatlas: Computing charts:  14%|█▍        | 14/100 [00:00<00:00, 110.38it/s]xatlas: Computing charts:  17%|█▋        | 17/100 [00:00<00:01, 79.05it/s] xatlas: Computing charts:  20%|██        | 20/100 [00:00<00:00, 85.55it/s]xatlas: Computing charts:  24%|██▍       | 24/100 [00:00<00:00, 77.34it/s]xatlas: Computing charts:  27%|██▋       | 27/100 [00:00<00:00, 76.53it/s]xatlas: Computing charts:  32%|███▏      | 32/100 [00:00<00:00, 74.87it/s]xatlas: Computing charts:  35%|███▌      | 35/100 [00:00<00:01, 53.29it/s]xatlas: Computing charts:  42%|████▏     | 42/100 [00:00<00:00, 61.88it/s]xatlas: Computing charts:  50%|█████     | 50/100 [00:00<00:00, 56.02it/s]xatlas: Computing charts:  57%|█████▋    | 57/100 [00:00<00:00, 63.53it/s]xatlas: Computing charts: 100%|██████████| 100/100 [00:00<00:00, 102.59it/s]xatlas: Computing charts: 100%|██████████| 100/100 [00:00<00:00, 102.56it/s]
xatlas: Packing charts:   0%|          | 0/100 [00:00<?, ?it/s]xatlas: Packing charts:   0%|          | 0/100 [00:00<?, ?it/s]xatlas: Packing charts:   1%|          | 1/100 [00:00<00:04, 20.29it/s]xatlas: Packing charts:   2%|▏         | 2/100 [00:00<00:03, 25.22it/s]xatlas: Packing charts:   3%|▎         | 3/100 [00:00<00:02, 33.88it/s]xatlas: Packing charts:   4%|▍         | 4/100 [00:00<00:02, 35.61it/s]xatlas: Packing charts:   5%|▌         | 5/100 [00:00<00:02, 41.98it/s]xatlas: Packing charts:   6%|▌         | 6/100 [00:00<00:02, 45.27it/s]xatlas: Packing charts:   7%|▋         | 7/100 [00:00<00:01, 50.72it/s]xatlas: Packing charts:   8%|▊         | 8/100 [00:00<00:01, 55.27it/s]xatlas: Packing charts:   9%|▉         | 9/100 [00:00<00:01, 61.21it/s]xatlas: Packing charts:  10%|█         | 10/100 [00:00<00:01, 65.08it/s]xatlas: Packing charts:  11%|█         | 11/100 [00:00<00:01, 70.95it/s]xatlas: Packing charts:  12%|█▏        | 12/100 [00:00<00:01, 75.67it/s]xatlas: Packing charts:  13%|█▎        | 13/100 [00:00<00:01, 80.52it/s]xatlas: Packing charts:  14%|█▍        | 14/100 [00:00<00:01, 85.97it/s]xatlas: Packing charts:  15%|█▌        | 15/100 [00:00<00:00, 90.92it/s]xatlas: Packing charts:  16%|█▌        | 16/100 [00:00<00:00, 96.38it/s]xatlas: Packing charts:  17%|█▋        | 17/100 [00:00<00:00, 101.79it/s]xatlas: Packing charts:  18%|█▊        | 18/100 [00:00<00:00, 107.43it/s]xatlas: Packing charts:  19%|█▉        | 19/100 [00:00<00:00, 112.64it/s]xatlas: Packing charts:  20%|██        | 20/100 [00:00<00:00, 118.39it/s]xatlas: Packing charts:  21%|██        | 21/100 [00:00<00:00, 123.86it/s]xatlas: Packing charts:  22%|██▏       | 22/100 [00:00<00:00, 129.36it/s]xatlas: Packing charts:  23%|██▎       | 23/100 [00:00<00:00, 134.65it/s]xatlas: Packing charts:  24%|██▍       | 24/100 [00:00<00:00, 140.23it/s]xatlas: Packing charts:  25%|██▌       | 25/100 [00:00<00:00, 145.69it/s]xatlas: Packing charts:  26%|██▌       | 26/100 [00:00<00:00, 151.29it/s]xatlas: Packing charts:  27%|██▋       | 27/100 [00:00<00:00, 156.93it/s]xatlas: Packing charts:  28%|██▊       | 28/100 [00:00<00:00, 162.40it/s]xatlas: Packing charts:  29%|██▉       | 29/100 [00:00<00:00, 168.03it/s]xatlas: Packing charts:  30%|███       | 30/100 [00:00<00:00, 173.59it/s]xatlas: Packing charts:  31%|███       | 31/100 [00:00<00:00, 179.23it/s]xatlas: Packing charts:  32%|███▏      | 32/100 [00:00<00:00, 184.75it/s]xatlas: Packing charts:  33%|███▎      | 33/100 [00:00<00:00, 190.36it/s]xatlas: Packing charts:  34%|███▍      | 34/100 [00:00<00:00, 195.87it/s]xatlas: Packing charts:  35%|███▌      | 35/100 [00:00<00:00, 201.45it/s]xatlas: Packing charts:  36%|███▌      | 36/100 [00:00<00:00, 206.84it/s]xatlas: Packing charts:  37%|███▋      | 37/100 [00:00<00:00, 212.42it/s]xatlas: Packing charts:  38%|███▊      | 38/100 [00:00<00:00, 217.93it/s]xatlas: Packing charts:  39%|███▉      | 39/100 [00:00<00:00, 223.45it/s]xatlas: Packing charts:  40%|████      | 40/100 [00:00<00:00, 228.99it/s]xatlas: Packing charts:  41%|████      | 41/100 [00:00<00:00, 234.50it/s]xatlas: Packing charts:  42%|████▏     | 42/100 [00:00<00:00, 240.02it/s]xatlas: Packing charts:  43%|████▎     | 43/100 [00:00<00:00, 245.52it/s]xatlas: Packing charts:  44%|████▍     | 44/100 [00:00<00:00, 251.04it/s]xatlas: Packing charts:  45%|████▌     | 45/100 [00:00<00:00, 256.49it/s]xatlas: Packing charts:  46%|████▌     | 46/100 [00:00<00:00, 261.99it/s]xatlas: Packing charts:  47%|████▋     | 47/100 [00:00<00:00, 267.42it/s]xatlas: Packing charts:  48%|████▊     | 48/100 [00:00<00:00, 272.90it/s]xatlas: Packing charts:  49%|████▉     | 49/100 [00:00<00:00, 278.37it/s]xatlas: Packing charts:  50%|█████     | 50/100 [00:00<00:00, 283.83it/s]xatlas: Packing charts:  51%|█████     | 51/100 [00:00<00:00, 289.28it/s]xatlas: Packing charts:  52%|█████▏    | 52/100 [00:00<00:00, 294.68it/s]xatlas: Packing charts:  53%|█████▎    | 53/100 [00:00<00:00, 300.13it/s]xatlas: Packing charts:  54%|█████▍    | 54/100 [00:00<00:00, 305.53it/s]xatlas: Packing charts:  55%|█████▌    | 55/100 [00:00<00:00, 310.98it/s]xatlas: Packing charts:  56%|█████▌    | 56/100 [00:00<00:00, 316.41it/s]xatlas: Packing charts:  57%|█████▋    | 57/100 [00:00<00:00, 321.86it/s]xatlas: Packing charts:  58%|█████▊    | 58/100 [00:00<00:00, 327.25it/s]xatlas: Packing charts:  59%|█████▉    | 59/100 [00:00<00:00, 332.66it/s]xatlas: Packing charts:  60%|██████    | 60/100 [00:00<00:00, 338.01it/s]xatlas: Packing charts:  61%|██████    | 61/100 [00:00<00:00, 343.41it/s]xatlas: Packing charts:  62%|██████▏   | 62/100 [00:00<00:00, 348.77it/s]xatlas: Packing charts:  63%|██████▎   | 63/100 [00:00<00:00, 354.14it/s]xatlas: Packing charts:  64%|██████▍   | 64/100 [00:00<00:00, 359.54it/s]xatlas: Packing charts:  65%|██████▌   | 65/100 [00:00<00:00, 364.90it/s]xatlas: Packing charts:  66%|██████▌   | 66/100 [00:00<00:00, 370.27it/s]xatlas: Packing charts:  67%|██████▋   | 67/100 [00:00<00:00, 375.60it/s]xatlas: Packing charts:  68%|██████▊   | 68/100 [00:00<00:00, 380.96it/s]xatlas: Packing charts:  69%|██████▉   | 69/100 [00:00<00:00, 386.25it/s]xatlas: Packing charts:  70%|███████   | 70/100 [00:00<00:00, 391.60it/s]xatlas: Packing charts:  71%|███████   | 71/100 [00:00<00:00, 396.90it/s]xatlas: Packing charts:  72%|███████▏  | 72/100 [00:00<00:00, 402.23it/s]xatlas: Packing charts:  73%|███████▎  | 73/100 [00:00<00:00, 407.53it/s]xatlas: Packing charts:  74%|███████▍  | 74/100 [00:00<00:00, 412.78it/s]xatlas: Packing charts:  75%|███████▌  | 75/100 [00:00<00:00, 418.07it/s]xatlas: Packing charts:  76%|███████▌  | 76/100 [00:00<00:00, 423.35it/s]xatlas: Packing charts:  77%|███████▋  | 77/100 [00:00<00:00, 428.66it/s]xatlas: Packing charts:  78%|███████▊  | 78/100 [00:00<00:00, 433.88it/s]xatlas: Packing charts:  79%|███████▉  | 79/100 [00:00<00:00, 439.17it/s]xatlas: Packing charts:  80%|████████  | 80/100 [00:00<00:00, 444.40it/s]xatlas: Packing charts:  81%|████████  | 81/100 [00:00<00:00, 449.70it/s]xatlas: Packing charts:  82%|████████▏ | 82/100 [00:00<00:00, 454.95it/s]xatlas: Packing charts:  83%|████████▎ | 83/100 [00:00<00:00, 460.23it/s]xatlas: Packing charts:  84%|████████▍ | 84/100 [00:00<00:00, 465.47it/s]xatlas: Packing charts:  85%|████████▌ | 85/100 [00:00<00:00, 470.73it/s]xatlas: Packing charts:  86%|████████▌ | 86/100 [00:00<00:00, 475.94it/s]xatlas: Packing charts:  87%|████████▋ | 87/100 [00:00<00:00, 481.17it/s]xatlas: Packing charts:  88%|████████▊ | 88/100 [00:00<00:00, 486.40it/s]xatlas: Packing charts:  89%|████████▉ | 89/100 [00:00<00:00, 491.61it/s]xatlas: Packing charts:  90%|█████████ | 90/100 [00:00<00:00, 496.85it/s]xatlas: Packing charts:  91%|█████████ | 91/100 [00:00<00:00, 501.98it/s]xatlas: Packing charts:  92%|█████████▏| 92/100 [00:00<00:00, 507.21it/s]xatlas: Packing charts:  93%|█████████▎| 93/100 [00:00<00:00, 512.42it/s]xatlas: Packing charts:  94%|█████████▍| 94/100 [00:00<00:00, 517.66it/s]xatlas: Packing charts:  95%|█████████▌| 95/100 [00:00<00:00, 522.88it/s]xatlas: Packing charts:  96%|█████████▌| 96/100 [00:00<00:00, 528.12it/s]xatlas: Packing charts:  97%|█████████▋| 97/100 [00:00<00:00, 533.33it/s]xatlas: Packing charts:  98%|█████████▊| 98/100 [00:00<00:00, 538.56it/s]xatlas: Packing charts:  99%|█████████▉| 99/100 [00:00<00:00, 543.79it/s]xatlas: Packing charts: 100%|██████████| 100/100 [00:00<00:00, 549.01it/s]xatlas: Packing charts: 100%|██████████| 100/100 [00:00<00:00, 543.29it/s]
xatlas: Building output meshes:   0%|          | 0/100 [00:00<?, ?it/s]xatlas: Building output meshes:   0%|          | 0/100 [00:00<?, ?it/s]xatlas: Building output meshes:   4%|▍         | 4/100 [00:00<00:00, 25811.10it/s]xatlas: Building output meshes:   9%|▉         | 9/100 [00:00<00:00, 30369.06it/s]xatlas: Building output meshes:  13%|█▎        | 13/100 [00:00<00:00, 31157.69it/s]xatlas: Building output meshes:  18%|█▊        | 18/100 [00:00<00:00, 32527.99it/s]xatlas: Building output meshes:  22%|██▏       | 22/100 [00:00<00:00, 33037.84it/s]xatlas: Building output meshes:  27%|██▋       | 27/100 [00:00<00:00, 34706.16it/s]xatlas: Building output meshes:  31%|███       | 31/100 [00:00<00:00, 34553.13it/s]xatlas: Building output meshes:  36%|███▌      | 36/100 [00:00<00:00, 35074.32it/s]xatlas: Building output meshes:  40%|████      | 40/100 [00:00<00:00, 35142.89it/s]xatlas: Building output meshes:  45%|████▌     | 45/100 [00:00<00:00, 36289.88it/s]xatlas: Building output meshes:  50%|█████     | 50/100 [00:00<00:00, 37091.48it/s]xatlas: Building output meshes:  54%|█████▍    | 54/100 [00:00<00:00, 36966.28it/s]xatlas: Building output meshes:  59%|█████▉    | 59/100 [00:00<00:00, 37597.07it/s]xatlas: Building output meshes:  63%|██████▎   | 63/100 [00:00<00:00, 37673.39it/s]xatlas: Building output meshes:  68%|██████▊   | 68/100 [00:00<00:00, 38104.57it/s]xatlas: Building output meshes:  72%|███████▏  | 72/100 [00:00<00:00, 37467.73it/s]xatlas: Building output meshes:  77%|███████▋  | 77/100 [00:00<00:00, 37689.51it/s]xatlas: Building output meshes:  81%|████████  | 81/100 [00:00<00:00, 37879.21it/s]xatlas: Building output meshes:  86%|████████▌ | 86/100 [00:00<00:00, 38381.59it/s]xatlas: Building output meshes:  90%|█████████ | 90/100 [00:00<00:00, 38472.01it/s]xatlas: Building output meshes:  95%|█████████▌| 95/100 [00:00<00:00, 39007.23it/s]xatlas: Building output meshes: 100%|██████████| 100/100 [00:00<00:00, 39516.71it/s]xatlas: Building output meshes: 100%|██████████| 100/100 [00:00<00:00, 37385.72it/s]
Gathering results from xatlas:   0%|          | 0/22 [00:00<?, ?it/s]Gathering results from xatlas: 100%|██████████| 22/22 [00:00<00:00, 10072.56it/s]
[worker:ComfyUI-GeometryPack] INFO: Output: 13555 vertices, 22704 faces
[SubprocessWorker] got response: ok
[comfy-env] GeomPackUV_CuMesh done (1.41s): result: NodeOutput
[VRAM] After GeomPackUV_CuMesh: 1271 / 24575 MB
[comfy-env] Running GeomPackPreviewMeshUV: show_checker: False, show_wireframe: True, trimesh: Trimesh
[VRAM] Before GeomPackPreviewMeshUV: 1271 / 24575 MB
[SubprocessWorker] call_method: nodes.visualization.preview_mesh_uv.PreviewMeshUVNode.EXECUTE_NORMALIZED
[SubprocessWorker] acquired lock, ensuring started...
[ComfyUI-GeometryPack] Health check: ping (timeout=5.0s)...
[ComfyUI-GeometryPack] Health check: ok
[SubprocessWorker] worker started/confirmed
[SubprocessWorker] serializing kwargs to shm...
[SubprocessWorker] created 1 shm blocks
[SubprocessWorker] sending request via socket...
[SubprocessWorker] call_id=62 sending call_method
[worker:ComfyUI-GeometryPack] INFO: Preparing preview: Mesh - 13555 vertices, 22704 faces
[worker:ComfyUI-GeometryPack] INFO: Found UV data: 13555 UV coordinates
[worker:ComfyUI-GeometryPack] INFO: UV stats: range=[0.99956292 0.99956971], in_unit_square=True, coverage=0.5945
[worker:ComfyUI-GeometryPack] INFO: Exported mesh to: C:\workspaces\GeometryPack-1207\portable-comfyui\ComfyUI_windows_portable\ComfyUI\output\preview_uv_2a5c7d26.glb
[worker:ComfyUI-GeometryPack] INFO: Exported UV data to: C:\workspaces\GeometryPack-1207\portable-comfyui\ComfyUI_windows_portable\ComfyUI\output\preview_uv_c86d0387_uvdata.json
[worker:ComfyUI-GeometryPack] INFO: Preview ready: has_uvs=True, checker=False, wireframe=True
[SubprocessWorker] got response: ok
[comfy-env] GeomPackPreviewMeshUV done (0.58s): result: NodeOutput
[VRAM] After GeomPackPreviewMeshUV: 1271 / 24575 MB
[comfy-env] Running GeomPackUV_BlenderCylinder: trimesh: Trimesh, cylinder_radius: 0.9, scale_to_bounds: 'true'
[VRAM] Before GeomPackUV_BlenderCylinder: 1271 / 24575 MB
[SubprocessWorker] call_method: nodes.blender_uv.backends.blender_cylinder.UVBlenderCylinderNode.EXECUTE_NORMALIZED
[SubprocessWorker] acquired lock, ensuring started...
[ComfyUI-GeometryPack] Health check: ping (timeout=5.0s)...
[ComfyUI-GeometryPack] Health check: ok
[SubprocessWorker] worker started/confirmed
[SubprocessWorker] serializing kwargs to shm...
[SubprocessWorker] created 1 shm blocks
[SubprocessWorker] sending request via socket...
[SubprocessWorker] call_id=63 sending call_method
[worker:ComfyUI-GeometryPack] INFO: Backend: blender_cylinder
[worker:ComfyUI-GeometryPack] INFO: Input: 11381 vertices, 22704 faces
[worker:ComfyUI-GeometryPack] INFO: Parameters: cylinder_radius=0.9, scale_to_bounds=true
[worker:ComfyUI-GeometryPack] INFO: Output: 11428 vertices, 22704 faces
[SubprocessWorker] got response: ok
[comfy-env] GeomPackUV_BlenderCylinder done (0.56s): result: NodeOutput
[VRAM] After GeomPackUV_BlenderCylinder: 1271 / 24575 MB
[comfy-env] Running GeomPackPreviewMeshUV: show_checker: False, show_wireframe: True, trimesh: Trimesh
[VRAM] Before GeomPackPreviewMeshUV: 1271 / 24575 MB
[SubprocessWorker] call_method: nodes.visualization.preview_mesh_uv.PreviewMeshUVNode.EXECUTE_NORMALIZED
[SubprocessWorker] acquired lock, ensuring started...
[ComfyUI-GeometryPack] Health check: ping (timeout=5.0s)...
[ComfyUI-GeometryPack] Health check: ok
[SubprocessWorker] worker started/confirmed
[SubprocessWorker] serializing kwargs to shm...
[SubprocessWorker] created 1 shm blocks
[SubprocessWorker] sending request via socket...
[SubprocessWorker] call_id=64 sending call_method
[worker:ComfyUI-GeometryPack] INFO: Preparing preview: Mesh - 11428 vertices, 22704 faces
[worker:ComfyUI-GeometryPack] INFO: Found UV data: 11428 UV coordinates
[worker:ComfyUI-GeometryPack] INFO: UV stats: range=[1. 1.], in_unit_square=True, coverage=0.6828
[worker:ComfyUI-GeometryPack] INFO: Exported mesh to: C:\workspaces\GeometryPack-1207\portable-comfyui\ComfyUI_windows_portable\ComfyUI\output\preview_uv_0ffacb8f.glb
[worker:ComfyUI-GeometryPack] INFO: Exported UV data to: C:\workspaces\GeometryPack-1207\portable-comfyui\ComfyUI_windows_portable\ComfyUI\output\preview_uv_70209909_uvdata.json
[worker:ComfyUI-GeometryPack] INFO: Preview ready: has_uvs=True, checker=False, wireframe=True
[SubprocessWorker] got response: ok
[comfy-env] GeomPackPreviewMeshUV done (0.56s): result: NodeOutput
[VRAM] After GeomPackPreviewMeshUV: 1271 / 24575 MB
[comfy-env] Running GeomPackUV_LibiglLSCM: trimesh: Trimesh
[VRAM] Before GeomPackUV_LibiglLSCM: 1271 / 24575 MB
[SubprocessWorker] call_method: nodes.uv.backends.libigl_lscm.UVLibiglLSCMNode.EXECUTE_NORMALIZED
[SubprocessWorker] acquired lock, ensuring started...
[ComfyUI-GeometryPack] Health check: ping (timeout=5.0s)...
[ComfyUI-GeometryPack] Health check: ok
[SubprocessWorker] worker started/confirmed
[SubprocessWorker] serializing kwargs to shm...
[SubprocessWorker] created 1 shm blocks
[SubprocessWorker] sending request via socket...
[SubprocessWorker] call_id=65 sending call_method
[worker:ComfyUI-GeometryPack] INFO: Backend: libigl_lscm
[worker:ComfyUI-GeometryPack] INFO: Input: 11381 vertices, 22704 faces
[worker:ComfyUI-GeometryPack] INFO: Output: 11381 vertices, 22704 faces
[SubprocessWorker] got response: ok
[comfy-env] GeomPackUV_LibiglLSCM done (0.25s): result: NodeOutput
[VRAM] After GeomPackUV_LibiglLSCM: 1271 / 24575 MB
[comfy-env] Running GeomPackPreviewMeshUV: show_checker: False, show_wireframe: True, trimesh: Trimesh
[VRAM] Before GeomPackPreviewMeshUV: 1271 / 24575 MB
[SubprocessWorker] call_method: nodes.visualization.preview_mesh_uv.PreviewMeshUVNode.EXECUTE_NORMALIZED
[SubprocessWorker] acquired lock, ensuring started...
[ComfyUI-GeometryPack] Health check: ping (timeout=5.0s)...
[ComfyUI-GeometryPack] Health check: ok
[SubprocessWorker] worker started/confirmed
[SubprocessWorker] serializing kwargs to shm...
[SubprocessWorker] created 1 shm blocks
[SubprocessWorker] sending request via socket...
[SubprocessWorker] call_id=66 sending call_method
[worker:ComfyUI-GeometryPack] INFO: Preparing preview: Mesh - 11381 vertices, 22704 faces
[worker:ComfyUI-GeometryPack] INFO: Found UV data: 11381 UV coordinates
[worker:ComfyUI-GeometryPack] INFO: UV stats: range=[1. 1.], in_unit_square=True, coverage=0.6778
[worker:ComfyUI-GeometryPack] INFO: Exported mesh to: C:\workspaces\GeometryPack-1207\portable-comfyui\ComfyUI_windows_portable\ComfyUI\output\preview_uv_10a62bdf.glb
[worker:ComfyUI-GeometryPack] INFO: Exported UV data to: C:\workspaces\GeometryPack-1207\portable-comfyui\ComfyUI_windows_portable\ComfyUI\output\preview_uv_c8022d8e_uvdata.json
[worker:ComfyUI-GeometryPack] INFO: Preview ready: has_uvs=True, checker=False, wireframe=True
[SubprocessWorker] got response: ok
[comfy-env] GeomPackPreviewMeshUV done (0.55s): result: NodeOutput
[VRAM] After GeomPackPreviewMeshUV: 1271 / 24575 MB
[comfy-env] Running GeomPackUV_BlenderCube: trimesh: Trimesh, cube_size: 1.0, scale_to_bounds: 'true'
[VRAM] Before GeomPackUV_BlenderCube: 1271 / 24575 MB
[SubprocessWorker] call_method: nodes.blender_uv.backends.blender_cube.UVBlenderCubeNode.EXECUTE_NORMALIZED
[SubprocessWorker] acquired lock, ensuring started...
[ComfyUI-GeometryPack] Health check: ping (timeout=5.0s)...
[ComfyUI-GeometryPack] Health check: ok
[SubprocessWorker] worker started/confirmed
[SubprocessWorker] serializing kwargs to shm...
[SubprocessWorker] created 1 shm blocks
[SubprocessWorker] sending request via socket...
[SubprocessWorker] call_id=67 sending call_method
[worker:ComfyUI-GeometryPack] INFO: Backend: blender_cube
[worker:ComfyUI-GeometryPack] INFO: Input: 11381 vertices, 22704 faces
[worker:ComfyUI-GeometryPack] INFO: Parameters: cube_size=1.0, scale_to_bounds=true
[worker:ComfyUI-GeometryPack] INFO: Output: 13121 vertices, 22704 faces
[SubprocessWorker] got response: ok
[comfy-env] GeomPackUV_BlenderCube done (0.66s): result: NodeOutput
[VRAM] After GeomPackUV_BlenderCube: 1271 / 24575 MB
[comfy-env] Running GeomPackPreviewMeshUV: show_checker: False, show_wireframe: True, trimesh: Trimesh
[VRAM] Before GeomPackPreviewMeshUV: 1271 / 24575 MB
[SubprocessWorker] call_method: nodes.visualization.preview_mesh_uv.PreviewMeshUVNode.EXECUTE_NORMALIZED
[SubprocessWorker] acquired lock, ensuring started...
[ComfyUI-GeometryPack] Health check: ping (timeout=5.0s)...
[ComfyUI-GeometryPack] Health check: ok
[SubprocessWorker] worker started/confirmed
[SubprocessWorker] serializing kwargs to shm...
[SubprocessWorker] created 1 shm blocks
[SubprocessWorker] sending request via socket...
[SubprocessWorker] call_id=68 sending call_method
[worker:ComfyUI-GeometryPack] INFO: Preparing preview: Mesh - 13121 vertices, 22704 faces
[worker:ComfyUI-GeometryPack] INFO: Found UV data: 13121 UV coordinates
[worker:ComfyUI-GeometryPack] INFO: UV stats: range=[1.         0.99999994], in_unit_square=True, coverage=2.1432
[worker:ComfyUI-GeometryPack] INFO: Exported mesh to: C:\workspaces\GeometryPack-1207\portable-comfyui\ComfyUI_windows_portable\ComfyUI\output\preview_uv_a02fc09c.glb
[worker:ComfyUI-GeometryPack] INFO: Exported UV data to: C:\workspaces\GeometryPack-1207\portable-comfyui\ComfyUI_windows_portable\ComfyUI\output\preview_uv_00457441_uvdata.json
[worker:ComfyUI-GeometryPack] INFO: Preview ready: has_uvs=True, checker=False, wireframe=True
[SubprocessWorker] got response: ok
[comfy-env] GeomPackPreviewMeshUV done (0.60s): result: NodeOutput
[VRAM] After GeomPackPreviewMeshUV: 1271 / 24575 MB
[comfy-env] Running GeomPackUV_Xatlas: trimesh: Trimesh
[VRAM] Before GeomPackUV_Xatlas: 1271 / 24575 MB
[SubprocessWorker] call_method: nodes.uv.backends.xatlas.UVXatlasNode.EXECUTE_NORMALIZED
[SubprocessWorker] acquired lock, ensuring started...
[ComfyUI-GeometryPack] Health check: ping (timeout=5.0s)...
[ComfyUI-GeometryPack] Health check: ok
[SubprocessWorker] worker started/confirmed
[SubprocessWorker] serializing kwargs to shm...
[SubprocessWorker] created 1 shm blocks
[SubprocessWorker] sending request via socket...
[SubprocessWorker] call_id=69 sending call_method
[worker:ComfyUI-GeometryPack] INFO: Backend: xatlas
[worker:ComfyUI-GeometryPack] INFO: Input: 11381 vertices, 22704 faces
[worker:ComfyUI-GeometryPack] INFO: Output: 14128 vertices, 22704 faces
[SubprocessWorker] got response: ok
[comfy-env] GeomPackUV_Xatlas done (6.16s): result: NodeOutput
[VRAM] After GeomPackUV_Xatlas: 1271 / 24575 MB
[comfy-env] Running GeomPackPreviewMeshUV: show_checker: False, show_wireframe: True, trimesh: Trimesh
[VRAM] Before GeomPackPreviewMeshUV: 1271 / 24575 MB
[SubprocessWorker] call_method: nodes.visualization.preview_mesh_uv.PreviewMeshUVNode.EXECUTE_NORMALIZED
[SubprocessWorker] acquired lock, ensuring started...
[ComfyUI-GeometryPack] Health check: ping (timeout=5.0s)...
[ComfyUI-GeometryPack] Health check: ok
[SubprocessWorker] worker started/confirmed
[SubprocessWorker] serializing kwargs to shm...
[SubprocessWorker] created 1 shm blocks
[SubprocessWorker] sending request via socket...
[SubprocessWorker] call_id=70 sending call_method
[worker:ComfyUI-GeometryPack] INFO: Preparing preview: Mesh - 14128 vertices, 22704 faces
[worker:ComfyUI-GeometryPack] INFO: Found UV data: 14128 UV coordinates
[worker:ComfyUI-GeometryPack] INFO: UV stats: range=[0.99958265 0.99956256], in_unit_square=True, coverage=0.5783
[worker:ComfyUI-GeometryPack] INFO: Exported mesh to: C:\workspaces\GeometryPack-1207\portable-comfyui\ComfyUI_windows_portable\ComfyUI\output\preview_uv_5e3b3cc1.glb
[worker:ComfyUI-GeometryPack] INFO: Exported UV data to: C:\workspaces\GeometryPack-1207\portable-comfyui\ComfyUI_windows_portable\ComfyUI\output\preview_uv_fd00e823_uvdata.json
[worker:ComfyUI-GeometryPack] INFO: Preview ready: has_uvs=True, checker=False, wireframe=True
[SubprocessWorker] got response: ok
[comfy-env] GeomPackPreviewMeshUV done (0.58s): result: NodeOutput
[VRAM] After GeomPackPreviewMeshUV: 1271 / 24575 MB
[comfy-env] Running GeomPackUV_BlenderSphere: trimesh: Trimesh, scale_to_bounds: 'true'
[VRAM] Before GeomPackUV_BlenderSphere: 1271 / 24575 MB
[SubprocessWorker] call_method: nodes.blender_uv.backends.blender_sphere.UVBlenderSphereNode.EXECUTE_NORMALIZED
[SubprocessWorker] acquired lock, ensuring started...
[ComfyUI-GeometryPack] Health check: ping (timeout=5.0s)...
[ComfyUI-GeometryPack] Health check: ok
[SubprocessWorker] worker started/confirmed
[SubprocessWorker] serializing kwargs to shm...
[SubprocessWorker] created 1 shm blocks
[SubprocessWorker] sending request via socket...
[SubprocessWorker] call_id=71 sending call_method
[worker:ComfyUI-GeometryPack] INFO: Backend: blender_sphere
[worker:ComfyUI-GeometryPack] INFO: Input: 11381 vertices, 22704 faces
[worker:ComfyUI-GeometryPack] INFO: Parameters: scale_to_bounds=true
[worker:ComfyUI-GeometryPack] INFO: Output: 11428 vertices, 22704 faces
[SubprocessWorker] got response: ok
[comfy-env] GeomPackUV_BlenderSphere done (0.56s): result: NodeOutput
[VRAM] After GeomPackUV_BlenderSphere: 1271 / 24575 MB
[comfy-env] Running GeomPackPreviewMeshUV: show_checker: False, show_wireframe: True, trimesh: Trimesh
[VRAM] Before GeomPackPreviewMeshUV: 1271 / 24575 MB
[SubprocessWorker] call_method: nodes.visualization.preview_mesh_uv.PreviewMeshUVNode.EXECUTE_NORMALIZED
[SubprocessWorker] acquired lock, ensuring started...
[ComfyUI-GeometryPack] Health check: ping (timeout=5.0s)...
[ComfyUI-GeometryPack] Health check: ok
[SubprocessWorker] worker started/confirmed
[SubprocessWorker] serializing kwargs to shm...
[SubprocessWorker] created 1 shm blocks
[SubprocessWorker] sending request via socket...
[SubprocessWorker] call_id=72 sending call_method
[worker:ComfyUI-GeometryPack] INFO: Preparing preview: Mesh - 11428 vertices, 22704 faces
[worker:ComfyUI-GeometryPack] INFO: Found UV data: 11428 UV coordinates
[worker:ComfyUI-GeometryPack] INFO: UV stats: range=[1. 1.], in_unit_square=True, coverage=0.6251
[worker:ComfyUI-GeometryPack] INFO: Exported mesh to: C:\workspaces\GeometryPack-1207\portable-comfyui\ComfyUI_windows_portable\ComfyUI\output\preview_uv_4f77349e.glb
[worker:ComfyUI-GeometryPack] INFO: Exported UV data to: C:\workspaces\GeometryPack-1207\portable-comfyui\ComfyUI_windows_portable\ComfyUI\output\preview_uv_220f9b95_uvdata.json
[worker:ComfyUI-GeometryPack] INFO: Preview ready: has_uvs=True, checker=False, wireframe=True
[SubprocessWorker] got response: ok
[comfy-env] GeomPackPreviewMeshUV done (0.65s): result: NodeOutput
[VRAM] After GeomPackPreviewMeshUV: 1271 / 24575 MB
[comfy-env] Running GeomPackUV_LibiglARAP: trimesh: Trimesh, iterations: 10
[VRAM] Before GeomPackUV_LibiglARAP: 1271 / 24575 MB
[SubprocessWorker] call_method: nodes.uv.backends.libigl_arap.UVLibiglARAPNode.EXECUTE_NORMALIZED
[SubprocessWorker] acquired lock, ensuring started...
[ComfyUI-GeometryPack] Health check: ping (timeout=5.0s)...
[ComfyUI-GeometryPack] Health check: ok
[SubprocessWorker] worker started/confirmed
[SubprocessWorker] serializing kwargs to shm...
[SubprocessWorker] created 1 shm blocks
[SubprocessWorker] sending request via socket...
[SubprocessWorker] call_id=73 sending call_method
[worker:ComfyUI-GeometryPack] INFO: Backend: libigl_arap
[worker:ComfyUI-GeometryPack] INFO: Input: 11381 vertices, 22704 faces
[worker:ComfyUI-GeometryPack] INFO: Parameters: iterations=10
[worker:ComfyUI-GeometryPack] INFO: Output: 11381 vertices, 22704 faces
[SubprocessWorker] got response: ok
[comfy-env] GeomPackUV_LibiglARAP done (4.28s): result: NodeOutput
[VRAM] After GeomPackUV_LibiglARAP: 1271 / 24575 MB
[comfy-env] Running GeomPackPreviewMeshUV: show_checker: False, show_wireframe: True, trimesh: Trimesh
[VRAM] Before GeomPackPreviewMeshUV: 1271 / 24575 MB
[SubprocessWorker] call_method: nodes.visualization.preview_mesh_uv.PreviewMeshUVNode.EXECUTE_NORMALIZED
[SubprocessWorker] acquired lock, ensuring started...
[ComfyUI-GeometryPack] Health check: ping (timeout=5.0s)...
[ComfyUI-GeometryPack] Health check: ok
[SubprocessWorker] worker started/confirmed
[SubprocessWorker] serializing kwargs to shm...
[SubprocessWorker] created 1 shm blocks
[SubprocessWorker] sending request via socket...
[SubprocessWorker] call_id=74 sending call_method
[worker:ComfyUI-GeometryPack] INFO: Preparing preview: Mesh - 11381 vertices, 22704 faces
[worker:ComfyUI-GeometryPack] INFO: Found UV data: 11381 UV coordinates
[worker:ComfyUI-GeometryPack] INFO: UV stats: range=[1. 1.], in_unit_square=True, coverage=0.7572
[worker:ComfyUI-GeometryPack] INFO: Exported mesh to: C:\workspaces\GeometryPack-1207\portable-comfyui\ComfyUI_windows_portable\ComfyUI\output\preview_uv_c0cc765e.glb
[worker:ComfyUI-GeometryPack] INFO: Exported UV data to: C:\workspaces\GeometryPack-1207\portable-comfyui\ComfyUI_windows_portable\ComfyUI\output\preview_uv_ca06f692_uvdata.json
[worker:ComfyUI-GeometryPack] INFO: Preview ready: has_uvs=True, checker=False, wireframe=True
[SubprocessWorker] got response: ok
[comfy-env] GeomPackPreviewMeshUV done (0.55s): result: NodeOutput
[VRAM] After GeomPackPreviewMeshUV: 1271 / 24575 MB
Prompt executed in 20.65 seconds
