[00:00] Crash dump logging enabled: C:\logs\GeometryPack-1637\dev\windows-portable-gpu\crash_dump.log
[00:00] 
[00:00] [1/5] SYNTAX
[00:00] ----------------------------------------
[00:00] 
[DEBUG] server=None, server_url=None, api=None
[00:00] Found pyproject.toml (modern format)
[00:00] Found requirements.txt (legacy format)
[00:00] Unicode check: OK (all characters cp1252-safe)
[00:00] Forbidden patterns check: OK
[00:00] [SYNTAX] PASSED
[00:00] 
[00:00] [2/5] INSTALL
[00:00] ----------------------------------------
[00:00] 
[DEBUG] server=None, server_url=None, api=None
[00:00] 
Setting up ComfyUI...
[00:00] Fetching latest release version...
[00:01] Latest version: v0.20.1
[00:01] Downloading portable ComfyUI from https://github.com/comfyanonymous/ComfyUI/releases/download/v0.20.1/ComfyUI_windows_portable_nvidia.7z...
[00:05]   Downloaded: 10%
[00:08]   Downloaded: 20%
[00:11]   Downloaded: 30%
[00:15]   Downloaded: 40%
[00:18]   Downloaded: 50%
[00:22]   Downloaded: 60%
[00:25]   Downloaded: 70%
[00:28]   Downloaded: 80%
[00:31]   Downloaded: 90%
[00:34]   Downloaded: 100%
[00:34] Downloaded to C:\Users\ContainerAdministrator\.comfy-test\cache\portable\ComfyUI_portable_v0.20.1.7z
[00:34] Extracting to cache: C:\Users\ContainerAdministrator\.comfy-test\cache\portable\ComfyUI_portable_v0.20.1
[00:34] Extracting ComfyUI_portable_v0.20.1.7z...
[00:34] Using 7z: C:\Program Files\7-Zip\7z.exe
[02:08] Extracted to C:\Users\ContainerAdministrator\.comfy-test\cache\portable\ComfyUI_portable_v0.20.1
[02:08] Copying from cache to: C:\workspaces\GeometryPack-1637\portable-comfyui
[02:24] Installing uv into embedded Python...
[02:24] Running: C:\workspaces\GeometryPack-1637\portable-comfyui\ComfyUI_windows_portable\python_embeded\python.exe -m pip install uv
[02:29] Installing ComfyUI requirements...
[02:29] Running: C:\workspaces\GeometryPack-1637\portable-comfyui\ComfyUI_windows_portable\python_embeded\python.exe -m uv pip install -r C:\workspaces\GeometryPack-1637\portable-comfyui\ComfyUI_windows_portable\ComfyUI\requirements.txt
[02:31] 
Installing custom node...
[02:31] Copying ComfyUI-GeometryPack to custom_nodes/...
[02:31] Installing node requirements...
[02:31] Running: C:\workspaces\GeometryPack-1637\portable-comfyui\ComfyUI_windows_portable\python_embeded\python.exe -m pip install -r C:\workspaces\GeometryPack-1637\portable-comfyui\ComfyUI_windows_portable\ComfyUI\custom_nodes\ComfyUI-GeometryPack\requirements.txt
[02:41] 
Running install.py...
[02:41] Running: C:\workspaces\GeometryPack-1637\portable-comfyui\ComfyUI_windows_portable\python_embeded\python.exe C:\workspaces\GeometryPack-1637\portable-comfyui\ComfyUI_windows_portable\ComfyUI\custom_nodes\ComfyUI-GeometryPack\install.py
[02:42]   [comfy-env] Enabled Windows long path support
[02:44]   [comfy-env] Workspace: C:\workspaces\GeometryPack-1637\portable-comfyui\ComfyUI_windows_portable\ComfyUI\.ce
[02:44]   [comfy-env] ComfyUI: C:\workspaces\GeometryPack-1637\portable-comfyui\ComfyUI_windows_portable\ComfyUI
[02:44]   [comfy-env] Found 1 node config(s):
[02:44]     - geometrypack-nodes <- custom_nodes\ComfyUI-GeometryPack\nodes\comfy-env.toml (python=host)
[02:45]   [comfy-env] Bootstrap interpreter has python 3.13 + torch 2.11.0 (cu130). Looking for cuda-only wheels matching cu130/torch2.11/cp313.
[02:46]   [comfy-env] GPU: Detection: smi
[02:46]   Driver: 581.57
[02:46]   CUDA: 13.0
[02:46]   Recommended: CUDA 13.0
[02:46]   
[02:46]     GPU 0: NVIDIA GeForce RTX 3060 (sm_86) [Ampere] 12288MB
[02:46]   [comfy-env] Comfyui feature -> torch 2.11.0 from https://download.pytorch.org/whl/cu130 (CUDA 13.0 via bootstrap torch)
[02:46]   [comfy-env] cuda-wheels: 1 package(s) need a matched (cuda, torch, python) combo: ['cumesh']
[02:46]   [comfy-env] cuda-wheels tier 1 (bootstrap): probing cu13.0/torch2.11/cp313
[02:46]   [cuda-wheels] Looking up cumesh: cu130 torch2.11 cp313 win_amd64
[02:46]   [cuda-wheels]   Found: cumesh-0.0.1+cu130torch2.11-cp313-cp313-win_amd64.whl
[02:46]   [comfy-env] cuda-wheels combo: cu13.0/torch2.11 (bootstrap matches; per-node envs will pin to this)
[02:46]   [comfy-env] Root conda deps from ComfyUI-GeometryPack: ['av', 'ffmpeg']
[02:46]   [comfy-env] Comfyui feature pin: torch ==2.11.0, torchvision ==0.26.*, torchaudio ==2.11.*
[02:46]   [comfy-env] Root conda deps: ['av', 'ffmpeg']
[02:46]   [comfy-env] comfyui313: python 3.13, torch from https://download.pytorch.org/whl/cu130
[02:46]   [comfy-env] cuda-wheels combo: per-node cuda features will pin ['torch', 'torchaudio', 'torchvision'] via pypi-options.dependency-overrides (https://download.pytorch.org/whl/cu130)
[02:46]   [cuda-wheels] Looking up cumesh: cu130 torch2.11 cp313 win_amd64
[02:46]   [cuda-wheels]   Found: cumesh-0.0.1+cu130torch2.11-cp313-cp313-win_amd64.whl
[02:46]   [comfy-env] geometrypack-nodes: cuda-wheels deferred for post-pixi install (cumesh)
[02:46]   [comfy-env] geometrypack-nodes: torch override -> torch==2.11.0, torchvision==0.26.*, torchaudio==2.11.* from https://download.pytorch.org/whl/cu130
[02:46]   Generated C:\workspaces\GeometryPack-1637\portable-comfyui\ComfyUI_windows_portable\ComfyUI\.ce\pixi.toml
[02:46]   [comfy-env] Installing 1 environment(s):
[02:46]     - geometrypack-nodes (python=host, 13 pypi deps, 1 cuda wheels)
[02:46]   [comfy-env] Running `pixi install --all`...
[03:03]      WARN Skipped running the post-link scripts because `run-post-link-scripts` = `false`
[03:03]     	- Scripts/.librsvg-pre-unlink.bat
[03:03]     To enable them, run:
[03:03]     	pixi config set --local run-post-link-scripts insecure
[03:03]     More info:
[03:03]     	https://pixi.sh/latest/reference/pixi_configuration/#run-post-link-scripts
[03:54]      WARN Skipped running the post-link scripts because `run-post-link-scripts` = `false`
[03:54]     	- Scripts/.librsvg-pre-unlink.bat
[03:54]     To enable them, run:
[03:54]     	pixi config set --local run-post-link-scripts insecure
[03:54]     More info:
[03:54]     	https://pixi.sh/latest/reference/pixi_configuration/#run-post-link-scripts
[04:17]     The following environments have been installed: default, comfyui, geometrypack-nodes.
[04:17]   [comfy-env] Note: env `default` is on disk but no node declares it in this run. Leaving as-is. Remove via `pixi clean --environment default` if intended.
[04:17]   [comfy-env] geometrypack-nodes: installing cuda-wheels with --no-deps (cumesh)
[04:18]     Using Python 3.13.13 environment at: .pixi\envs\geometrypack-nodes
[04:18]     Resolved 1 package in 455ms
[04:18]     Downloading cumesh (3.8MiB)
[04:18]      Downloaded cumesh
[04:18]     Prepared 1 package in 91ms
[04:18]     Installed 1 package in 10ms
[04:18]      + cumesh==0.0.1+cu130torch2.11 (from https://github.com/PozzettiAndrea/cuda-wheels/releases/download/cumesh-latest/cumesh-0.0.1%2Bcu130torch2.11-cp313-cp313-win_amd64.whl)
[04:18]   [comfy-env] Install log: C:\workspaces\GeometryPack-1637\portable-comfyui\ComfyUI_windows_portable\ComfyUI\.ce\install.log
[04:18]   
[04:18]   Installation complete!
[04:18] Installing validation endpoint...
[04:18]   Cloning PozzettiAndrea/ComfyUI-validate-endpoint...
[04:18] Running: git clone --depth 1 https://github.com/PozzettiAndrea/ComfyUI-validate-endpoint.git C:\workspaces\GeometryPack-1637\portable-comfyui\ComfyUI_windows_portable\ComfyUI\custom_nodes\ComfyUI-validate-endpoint
[04:19] CUDA packages installed (no mock): cumesh
[04:19] [INSTALL] PASSED
[04:19] 
[04:19] [3/5] REGISTRATION
[04:19] ----------------------------------------
[04:19] 
[DEBUG] server=None, server_url=None, api=None
[04:19] 
Starting ComfyUI server...
[04:19] Starting ComfyUI server on port 41883...
[04:19] Starting ComfyUI server on port 41883...
[04:19] Waiting for server to be ready (timeout: 600s)...
[04:20]   [ComfyUI] setup plugin alembic.autogenerate.schemas
[04:20]   [ComfyUI] setup plugin alembic.autogenerate.tables
[04:20]   [ComfyUI] setup plugin alembic.autogenerate.types
[04:21]   [ComfyUI] setup plugin alembic.autogenerate.constraints
[04:21]   [ComfyUI] setup plugin alembic.autogenerate.defaults
[04:21]   [ComfyUI] setup plugin alembic.autogenerate.comments
[04:21]   [ComfyUI] [comfy-env] ComfyUI-GeometryPack: 1 isolation env(s):
[04:21]   [ComfyUI] [comfy-env]   nodes -> C:\workspaces\GeometryPack-1637\portable-comfyui\ComfyUI_windows_portable\ComfyUI\custom_nodes\ComfyUI-GeometryPack\nodes
[04:21]   [ComfyUI] [comfy-env] prestartup complete
[04:21]   [ComfyUI] 
[04:21]   [ComfyUI] Prestartup times for custom nodes:
[04:21]   [ComfyUI]    0.5 seconds: C:\workspaces\GeometryPack-1637\portable-comfyui\ComfyUI_windows_portable\ComfyUI\custom_nodes\ComfyUI-GeometryPack
[04:21]   [ComfyUI] 
[04:48]   [ComfyUI] Found comfy_kitchen backend cuda: {'available': True, 'disabled': False, 'unavailable_reason': None, 'capabilities': ['apply_rope', 'apply_rope1', 'dequantize_nvfp4', 'dequantize_per_tensor_fp8', 'quantize_mxfp8', 'quantize_nvfp4', 'quantize_per_tensor_fp8', 'scaled_mm_nvfp4']}
[04:48]   [ComfyUI] Found comfy_kitchen backend triton: {'available': False, 'disabled': True, 'unavailable_reason': "ImportError: No module named 'triton'", 'capabilities': []}
[04:48]   [ComfyUI] Found comfy_kitchen backend eager: {'available': True, 'disabled': False, 'unavailable_reason': None, 'capabilities': ['apply_rope', 'apply_rope1', 'dequantize_mxfp8', 'dequantize_nvfp4', 'dequantize_per_tensor_fp8', 'quantize_mxfp8', 'quantize_nvfp4', 'quantize_per_tensor_fp8', 'scaled_mm_mxfp8', 'scaled_mm_nvfp4']}
[04:48]   [ComfyUI] Checkpoint files will always be loaded safely.
[04:48]   [ComfyUI] Total VRAM 12287 MB, total RAM 32672 MB
[04:48]   [ComfyUI] pytorch version: 2.11.0+cu130
[04:48]   [ComfyUI] Set vram state to: NORMAL_VRAM
[04:48]   [ComfyUI] Device: cuda:0 NVIDIA GeForce RTX 3060 : cudaMallocAsync
[04:48]   [ComfyUI] Using async weight offloading with 2 streams
[04:48]   [ComfyUI] Enabled pinned memory 13068.0
[04:49]   [ComfyUI] Using pytorch attention
[04:58]   [ComfyUI] aimdo: src-win/cuda-detour.c:77:INFO:aimdo_setup_hooks: found driver at 00007FFE78840000, installing 4 hooks
[04:58]   [ComfyUI] aimdo: src-win/cuda-detour.c:61:DEBUG:install_hook_entrys: hooks successfully installed
[04:58]   [ComfyUI] aimdo: src/control.c:69:INFO:comfy-aimdo inited for GPU: NVIDIA GeForce RTX 3060 (VRAM: 12287 MB)
[04:58]   [ComfyUI] DynamicVRAM support detected and enabled
[04:58]   [ComfyUI] Python version: 3.13.12 (tags/v3.13.12:1cbe481, Feb  3 2026, 18:22:25) [MSC v.1944 64 bit (AMD64)]
[04:58]   [ComfyUI] ComfyUI version: 0.20.1
[04:58]   [ComfyUI] comfy-aimdo version: 0.2.14
[04:58]   [ComfyUI] comfy-kitchen version: 0.2.8
[04:58]   [ComfyUI] ****** User settings have been changed to be stored on the server instead of browser storage. ******
[04:58]   [ComfyUI] ****** For multi-user setups add the --multi-user CLI argument to enable multiple user profiles. ******
[04:58]   [ComfyUI] ComfyUI frontend version: 1.42.15
[04:58]   [ComfyUI] [Prompt Server] web root: C:\workspaces\GeometryPack-1637\portable-comfyui\ComfyUI_windows_portable\python_embeded\Lib\site-packages\comfyui_frontend_package\static
[04:58]   [ComfyUI] Asset seeder disabled
[05:01]   [ComfyUI] loading...
[05:01]   [ComfyUI] calling register_nodes
[05:01]   [ComfyUI] [comfy-env] Version: 0.3.78
[05:02]   [ComfyUI] [comfy-env] register_nodes: ComfyUI-GeometryPack
[05:02]   [ComfyUI] [comfy-env] ComfyUI source dir: C:\workspaces\GeometryPack-1637\portable-comfyui\ComfyUI_windows_portable\ComfyUI
[05:02]   [ComfyUI] [comfy-env] Found 1 isolation env(s)
[05:02]   [ComfyUI] [comfy-env] Scanning nodes metadata (isolation root)...
[05:02]   [ComfyUI] [comfy-env] geometrypack-nodes: Library/bin has 610 DLLs
[05:02]   [ComfyUI] [comfy-env] Metadata scan: C:\Users\ContainerAdministrator\.pixi\bin\pixi.exe run --as-is --manifest-path C:\workspaces\GeometryPack-1637\portable-comfyui\ComfyUI_windows_portable\ComfyUI\.ce\pixi.toml -e geometrypack-nodes python C:\Users\ContainerAdministrator\AppData\Local\Temp\comfy_meta_v5gn8if4.py C:\workspaces\GeometryPack-1637\portable-comfyui\ComfyUI_windows_portable\ComfyUI\custom_nodes\ComfyUI-GeometryPack nodes
[05:02]   [ComfyUI] [comfy-env] Scan env PATH for nodes:
[05:02]   [ComfyUI] [comfy-env]   [0] C:\workspaces\GeometryPack-1637\portable-comfyui\ComfyUI_windows_portable\ComfyUI\.ce\.pixi\envs\geometrypack-nodes
[05:02]   [ComfyUI] [comfy-env]   [1] C:\workspaces\GeometryPack-1637\portable-comfyui\ComfyUI_windows_portable\ComfyUI\.ce\.pixi\envs\geometrypack-nodes\Library\bin
[05:02]   [ComfyUI] [comfy-env]   [2] C:\workspaces\GeometryPack-1637\portable-comfyui\ComfyUI_windows_portable\ComfyUI\.ce\.pixi\envs\geometrypack-nodes\Scripts
[05:02]   [ComfyUI] [comfy-env]   [3] C:\workspaces\GeometryPack-1637\portable-comfyui\ComfyUI_windows_portable\ComfyUI\.ce\.pixi\envs\geometrypack-nodes\Lib\site-packages\bpy
[05:02]   [ComfyUI] [comfy-env]   [4] C:\Windows\System32
[05:02]   [ComfyUI] [comfy-env]   [5] C:\Windows
[05:02]   [ComfyUI] [comfy-env]   [6] C:\Windows\System32\Wbem
[05:52]   [ComfyUI] [comfy-env] Metadata scan stderr for nodes:
[05:52]   [ComfyUI] [comfy-env]   [meta-scan] importing nodes from C:\workspaces\GeometryPack-1637\portable-comfyui\ComfyUI_windows_portable\ComfyUI\custom_nodes\ComfyUI-GeometryPack
[05:52]   [ComfyUI] [comfy-env]   [meta-scan] import OK
[05:52]   [ComfyUI] [comfy-env] Scanned nodes: 125 nodes (50.1s)
[05:52]   [ComfyUI] [comfy-env] Scanned nodes root: 125 nodes (50.1s)
[05:52]   [ComfyUI] [comfy-env] Imported nodes root: 125 nodes (isolation)
[05:52]   [ComfyUI] [comfy-env] Registered 125 total nodes
[05:52]   [ComfyUI] 
[05:52]   [ComfyUI] Import times for custom nodes:
[05:52]   [ComfyUI]    0.0 seconds: C:\workspaces\GeometryPack-1637\portable-comfyui\ComfyUI_windows_portable\ComfyUI\custom_nodes\websocket_image_save.py
[05:52]   [ComfyUI]    0.0 seconds: C:\workspaces\GeometryPack-1637\portable-comfyui\ComfyUI_windows_portable\ComfyUI\custom_nodes\ComfyUI-validate-endpoint
[05:52]   [ComfyUI]   50.9 seconds: C:\workspaces\GeometryPack-1637\portable-comfyui\ComfyUI_windows_portable\ComfyUI\custom_nodes\ComfyUI-GeometryPack
[05:52]   [ComfyUI] 
[05:52]   [ComfyUI] Context impl SQLiteImpl.
[05:52]   [ComfyUI] Will assume non-transactional DDL.
[05:52]   [ComfyUI] Context impl SQLiteImpl.
[05:52]   [ComfyUI] Will assume non-transactional DDL.
[05:52]   [ComfyUI] Running upgrade  -> 0001_assets, Initial assets schema
[05:52]   [ComfyUI] Revision ID: 0001_assets
[05:52]   [ComfyUI] Revises: None
[05:52]   [ComfyUI] Create Date: 2025-12-10 00:00:00
[05:52]   [ComfyUI] Running upgrade 0001_assets -> 0002_merge_to_asset_references, Merge AssetInfo and AssetCacheState into unified asset_references table.
[05:52]   [ComfyUI] Running upgrade 0002_merge_to_asset_references -> 0003_add_metadata_job_id, Add system_metadata and job_id columns to asset_references.
[05:52]   [ComfyUI] Change preview_id FK from assets.id to asset_references.id.
[05:52]   [ComfyUI] Database upgraded from None to 0003_add_metadata_job_id
[05:52]   [ComfyUI] Starting server
[05:52]   [ComfyUI] 
[05:52]   [ComfyUI] To see the GUI go to: http://127.0.0.1:41883
[05:52] Server responding, waiting for nodes to load...
[06:12] Server is ready!
[06:12] Checking for import errors in server logs...
[06:12] No import errors detected
[06:13] Found 814 registered nodes
[06:13] [REGISTRATION] PASSED
[06:13] 
[06:13] [4/5] INSTANTIATION
[06:13] ----------------------------------------
[06:13] 
[DEBUG] server=<comfy_test.comfyui.server.ComfyUIServer object at 0x000001755BBD6A10>, server_url=None, api=<comfy_test.comfyui.api.ComfyUIAPI object at 0x000001755BBD49A0>
[06:13] Testing node constructors...
[06:13] All 125 node(s) instantiated successfully!
[06:13] [INSTANTIATION] PASSED
[06:13] 
[06:13] [5/5] EXECUTION
[06:13] ----------------------------------------
[06:13] 
[DEBUG] server=<comfy_test.comfyui.server.ComfyUIServer object at 0x000001755BBD6A10>, server_url=None, api=<comfy_test.comfyui.api.ComfyUIAPI object at 0x000001755BBD49A0>
[06:13] GPU runner - will execute 4 workflow(s)
[06:13] Running 33 workflow(s) (all with videos)...
[06:13] Installing screenshot dependencies (playwright, pillow)...
[06:15]   Packages installed, downloading chromium browser...
[06:32]   Screenshot dependencies installed successfully
[06:33] Starting headless browser...
[06:34]   GPU detected (no Vulkan) — using ANGLE/OpenGL rendering
[06:38]   [1/33] SKIPPED (not in gpu list) alpha_wrap.json
[06:39]   [2/33] SKIPPED (not in gpu list) batch_remesh.json
[06:39]   [3/33] SKIPPED (not in gpu list) boolean_ops.json
[06:39]   [4/33] SKIPPED (not in gpu list) decimate.json
[06:39]   [5/33] SKIPPED (not in gpu list) depth_map_to_mesh.json
[06:40]   [6/33] SKIPPED (not in gpu list) fix_self_intersection.json
[06:40]   [7/33] SKIPPED (not in gpu list) mesh_info.json
[06:40]   [8/33] SKIPPED (not in gpu list) mesh_mesh_distance.json
[06:40]   [9/33] SKIPPED (not in gpu list) normals.json
[06:41]   [10/33] SKIPPED (not in gpu list) point_mesh_distance.json
[06:41]   [11/33] SKIPPED (not in gpu list) preview_mesh_threejs.json
[06:41]   [12/33] SKIPPED (not in gpu list) refine_mesh.json
[06:41]   [13/33] SKIPPED (not in gpu list) remesh_intersections.json
[06:41]   [14/33] SKIPPED (not in gpu list) remeshing.json
[06:42]   [15/33] SKIPPED (not in gpu list) sharpen.json
[06:42]   [16/33] SKIPPED (not in gpu list) side_by_side_viewer.json
[06:42]   [17/33] SKIPPED (not in gpu list) skeleton_extraction.json
[06:42]   [18/33] SKIPPED (not in gpu list) sMOOth.json
[06:43]   [19/33] SKIPPED (not in gpu list) surface_reconstruction.json
[06:43]   [20/33] SKIPPED (not in gpu list) test_loading.json
[06:43]   [21/33] SKIPPED (not in gpu list) boolean_ops_all.json
[06:43]   [22/33] SKIPPED (not in gpu list) decimate_all.json
[06:44] Capturing execution frames: fill_holes_all.json
[06:51]   Frame 1 saved (frame_000.jpg, t=0.0s)
[06:51]   Validating workflow...
[06:51]   [ComfyUI] === /validate endpoint called ===
[06:51]   [ComfyUI] Received JSON with keys: ['prompt']
[06:51]   Queuing workflow for execution...
[06:51]   [ComfyUI] Prompt has 8 nodes
[06:51]   [ComfyUI]   Node 1: GeomPackLoadMesh
[06:51]   [ComfyUI]     Inputs: {"file_path": "3d/camelhead.off"}
[06:51]   [ComfyUI]   Node 3: GeomPackFillHoles
[06:51]   [ComfyUI]     Inputs: {"backend": "pymeshlab", "backend.maxholesize": 0, "report_panel": "false", "mesh": ["1", 0]}
[06:51]   [ComfyUI] [comfy-env] SubprocessWorker: C:\workspaces\GeometryPack-1637\portable-comfyui\ComfyUI_windows_portable\ComfyUI\.ce\.pixi\envs\geometrypack-nodes\python.exe
[06:51]   [ComfyUI]   Node 4: GeomPackFillHoles
[06:51]   [ComfyUI] [comfy-env] env_vars: {'KMP_DUPLICATE_LIB_OK': 'TRUE', 'OMP_NUM_THREADS': '1', 'COMFYUI_BASE': 'C:\\workspaces\\GeometryPack-1637\\portable-comfyui\\ComfyUI_windows_portable\\ComfyUI'}
[06:51]   [ComfyUI]     Inputs: {"backend": "pymeshfix", "backend.max_edges": 0, "backend.refine": "true", "report_panel": "false", "mesh": ["1", 0]}
[06:51]   [ComfyUI]   Node 5: GeomPackFillHoles
[06:51]   [ComfyUI]     Inputs: {"backend": "igl_fan", "report_panel": "false", "mesh": ["1", 0]}
[06:51]   [ComfyUI] [ComfyUI-GeometryPack] python: C:\workspaces\GeometryPack-1637\portable-comfyui\ComfyUI_windows_portable\ComfyUI\.ce\.pixi\envs\geometrypack-nodes\python.exe
[06:51]   [ComfyUI]   Node 6: GeomPackFillHoles
[06:51]   [ComfyUI] [ComfyUI-GeometryPack] sys_path sent to worker: ['C:\\workspaces\\GeometryPack-1637\\portable-comfyui\\ComfyUI_windows_portable\\ComfyUI', 'C:\\workspaces\\GeometryPack-1637\\portable-comfyui\\ComfyUI_windows_portable\\ComfyUI\\custom_nodes\\ComfyUI-GeometryPack', 'C:\\workspaces\\GeometryPack-1637\\portable-comfyui\\ComfyUI_windows_portable\\ComfyUI\\.ce\\.pixi\\envs\\geometrypack-nodes\\Lib\\site-packages', 'C:\\workspaces\\GeometryPack-1637\\portable-comfyui\\ComfyUI_windows_portable\\ComfyUI\\custom_nodes\\ComfyUI-GeometryPack']
[06:51]   [ComfyUI]     Inputs: {"backend": "cgal", "backend.quality": "triangulate", "report_panel": "false", "mesh": ["1", 0]}
[06:51]   [ComfyUI] [SubprocessWorker] is_pixi=True, python=C:\workspaces\GeometryPack-1637\portable-comfyui\ComfyUI_windows_portable\ComfyUI\.ce\.pixi\envs\geometrypack-nodes\python.exe
[06:51]   [ComfyUI]   Node 7: GeomPackFillHoles
[06:51]   [ComfyUI] [SubprocessWorker] launching cmd=['C:\\Users\\ContainerAdministrator\\.pixi\\bin\\pixi.exe', 'run', '--as-is', '--manifest-path', 'C:\\workspaces\\GeometryPack-1637\\portable-comfyui\\ComfyUI_windows_portable\\ComfyUI\\.ce\\pixi.toml', '-e', 'geometrypack-nodes', 'python', 'C:\\Users\\ContainerAdministrator\\AppData\\Local\\Temp\\comfyui_pvenv_qlh_0uqo\\persistent_worker.py', 'tcp://127.0.0.1:55134']...
[06:51]   [ComfyUI]     Inputs: {"backend": "gpu_cumesh", "backend.perimeter": 20, "report_panel": "false", "mesh": ["1", 0]}
[06:51]   [ComfyUI]   Node 8: GeomPackPreviewMeshMulti
[06:51]   [ComfyUI]     Inputs: {"mode": "fields", "preview_multi": "{\"show_edges\":true,\"camera_state\":\"{\\\"position\\\":[0.3450675952860498,-1.1296206877012935,-0.7853370972660157],\\\"focalPoint\\\":[0.000001996755599975586,
[06:51]   [ComfyUI]   Node 9: GeomPackPreviewMeshMulti
[06:51]   [ComfyUI]     Inputs: {"mode": "fields", "preview_multi": "{\"show_edges\":true,\"camera_state\":\"{\\\"position\\\":[0.3450675952860498,-1.1296206877012935,-0.7853370972660157],\\\"focalPoint\\\":[0.000001996755599975586,
[06:51]   [ComfyUI] Generated prompt_id: b89f3699-d7e0-4941-9685-f51d948e8142
[06:51]   [ComfyUI] Calling execution.validate_prompt()...
[06:51]   [ComfyUI] Validation result: valid=True
[06:51]   [ComfyUI] === Validation PASSED ===
[06:51]   [ComfyUI] got prompt
[06:51]   [ComfyUI] [comfy-env] Running GeomPackLoadMesh: file_path: '3d/camelhead.off'
[06:51]   [ComfyUI] [VRAM] Before GeomPackLoadMesh: 1042 / 12287 MB
[06:51]   [ComfyUI] [SubprocessWorker] call_method: nodes.io.load_mesh.LoadMesh.EXECUTE_NORMALIZED
[06:51]   [ComfyUI] [SubprocessWorker] acquired lock, ensuring started...
[06:51]   [ComfyUI] [comfy-env] geometrypack-nodes: Library/bin has 610 DLLs
[06:53]   Frame 2 saved (frame_001.jpg, t=2.4s)
[06:53]   [capture-periodic] freeze=3ms shot=100ms unfreeze=4ms saved=True
[06:56]   Frame 3 saved (frame_002.jpg, t=4.6s)
[06:56]   [capture-periodic] freeze=3ms shot=93ms unfreeze=4ms saved=True
[06:57]   [ComfyUI] [SubprocessWorker] worker started/confirmed
[06:57]   [ComfyUI] [SubprocessWorker] serializing kwargs to shm...
[06:57]   [ComfyUI] [SubprocessWorker] created 0 shm blocks
[06:57]   [ComfyUI] [SubprocessWorker] sending request via socket...
[06:57]   [ComfyUI] [SubprocessWorker] call_id=1 sending call_method
[06:57]   [capture-loop] iter=50 t=6.1s state={'complete': False, 'error': None, 'executedCount': 0, 'wsState': 1} eval_ms=4 ram=9.1/31.9GB (28%) swap=0.3/12.3GB (2%) cpu=7% browser_rss=0.63GB
[06:59]   [ComfyUI] [worker:ComfyUI-GeometryPack] INFO: Found mesh in input folder: 3d/camelhead.off
[06:59]   [ComfyUI] [worker:ComfyUI-GeometryPack] INFO: Loading: C:\workspaces\GeometryPack-1637\portable-comfyui\ComfyUI_windows_portable\ComfyUI\input\3d/camelhead.off
[06:59]   [ComfyUI] [worker:ComfyUI-GeometryPack] INFO: Initial mesh: 11381 vertices, 22704 faces
[06:59]   [ComfyUI] [worker:ComfyUI-GeometryPack] INFO: Successfully loaded: 11381 vertices, 22704 faces
[06:59]   [ComfyUI] [worker:ComfyUI-GeometryPack] INFO: Loaded: 11381 vertices, 22704 faces
[06:59]   [ComfyUI] [SubprocessWorker] got response: ok
[07:01]   [ComfyUI] [comfy-env] GeomPackLoadMesh done (9.57s): result: NodeOutput
[07:01]   [ComfyUI] [VRAM] After GeomPackLoadMesh: 1042 / 12287 MB
[07:01]   [ComfyUI] [comfy-env] Running GeomPackFillHoles: backend: dict, mesh: Trimesh
[07:01]   [ComfyUI] [VRAM] Before GeomPackFillHoles: 1042 / 12287 MB
[07:01]   [ComfyUI] [SubprocessWorker] call_method: nodes.repair.fill_holes.FillHolesNode.EXECUTE_NORMALIZED
[07:01]   [ComfyUI] [SubprocessWorker] acquired lock, ensuring started...
[07:01]   [ComfyUI] [ComfyUI-GeometryPack] Health check: ping (timeout=5.0s)...
[07:01]   [ComfyUI] [ComfyUI-GeometryPack] Health check: ok
[07:01]   [ComfyUI] [SubprocessWorker] worker started/confirmed
[07:01]   [ComfyUI] [SubprocessWorker] serializing kwargs to shm...
[07:01]   [ComfyUI] [SubprocessWorker] created 1 shm blocks
[07:01]   [ComfyUI] [SubprocessWorker] sending request via socket...
[07:01]   [ComfyUI] [SubprocessWorker] call_id=2 sending call_method
[07:01]   [ComfyUI] [worker:ComfyUI-GeometryPack] INFO: Fill Holes dispatch: cgal -> GeomPackFillHoles_CGAL
[07:01]   [ComfyUI] [SubprocessWorker] got response: ok
[07:01]   [ComfyUI] [comfy-env] GeomPackFillHoles done (0.07s): result: NodeOutput
[07:01]   [ComfyUI] [VRAM] After GeomPackFillHoles: 1042 / 12287 MB
[07:01]   [ComfyUI] [comfy-env] Running GeomPackFillHoles: backend: dict, mesh: Trimesh
[07:01]   [ComfyUI] [VRAM] Before GeomPackFillHoles: 1042 / 12287 MB
[07:01]   [ComfyUI] [SubprocessWorker] call_method: nodes.repair.fill_holes.FillHolesNode.EXECUTE_NORMALIZED
[07:01]   [ComfyUI] [SubprocessWorker] acquired lock, ensuring started...
[07:01]   [ComfyUI] [ComfyUI-GeometryPack] Health check: ping (timeout=5.0s)...
[07:01]   [ComfyUI] [ComfyUI-GeometryPack] Health check: ok
[07:01]   [ComfyUI] [SubprocessWorker] worker started/confirmed
[07:01]   [ComfyUI] [SubprocessWorker] serializing kwargs to shm...
[07:01]   [ComfyUI] [SubprocessWorker] created 1 shm blocks
[07:01]   [ComfyUI] [SubprocessWorker] sending request via socket...
[07:01]   [ComfyUI] [SubprocessWorker] call_id=3 sending call_method
[07:01]   [ComfyUI] [worker:ComfyUI-GeometryPack] INFO: Fill Holes dispatch: pymeshfix -> GeomPackFillHoles_PyMeshFix
[07:01]   [ComfyUI] [SubprocessWorker] got response: ok
[07:01]   [ComfyUI] [comfy-env] GeomPackFillHoles done (0.08s): result: NodeOutput
[07:01]   [ComfyUI] [VRAM] After GeomPackFillHoles: 1042 / 12287 MB
[07:01]   [ComfyUI] [comfy-env] Running GeomPackFillHoles: backend: dict, mesh: Trimesh
[07:01]   [ComfyUI] [VRAM] Before GeomPackFillHoles: 1042 / 12287 MB
[07:01]   [ComfyUI] [SubprocessWorker] call_method: nodes.repair.fill_holes.FillHolesNode.EXECUTE_NORMALIZED
[07:01]   [ComfyUI] [SubprocessWorker] acquired lock, ensuring started...
[07:01]   [ComfyUI] [ComfyUI-GeometryPack] Health check: ping (timeout=5.0s)...
[07:01]   [ComfyUI] [ComfyUI-GeometryPack] Health check: ok
[07:01]   [ComfyUI] [SubprocessWorker] worker started/confirmed
[07:01]   [ComfyUI] [SubprocessWorker] serializing kwargs to shm...
[07:01]   [ComfyUI] [SubprocessWorker] created 1 shm blocks
[07:01]   [ComfyUI] [SubprocessWorker] sending request via socket...
[07:01]   [ComfyUI] [SubprocessWorker] call_id=4 sending call_method
[07:01]   [ComfyUI] [worker:ComfyUI-GeometryPack] INFO: Fill Holes dispatch: pymeshlab -> GeomPackFillHoles_PyMeshLab
[07:01]   [ComfyUI] [SubprocessWorker] got response: ok
[07:01]   [ComfyUI] [comfy-env] GeomPackFillHoles done (0.08s): result: NodeOutput
[07:01]   [ComfyUI] [VRAM] After GeomPackFillHoles: 1042 / 12287 MB
[07:01]   [ComfyUI] [comfy-env] Running GeomPackFillHoles: backend: dict, mesh: Trimesh
[07:01]   [ComfyUI] [VRAM] Before GeomPackFillHoles: 1042 / 12287 MB
[07:01]   [ComfyUI] [SubprocessWorker] call_method: nodes.repair.fill_holes.FillHolesNode.EXECUTE_NORMALIZED
[07:01]   [ComfyUI] [SubprocessWorker] acquired lock, ensuring started...
[07:01]   [ComfyUI] [ComfyUI-GeometryPack] Health check: ping (timeout=5.0s)...
[07:01]   [ComfyUI] [ComfyUI-GeometryPack] Health check: ok
[07:01]   [ComfyUI] [SubprocessWorker] worker started/confirmed
[07:01]   [ComfyUI] [SubprocessWorker] serializing kwargs to shm...
[07:01]   [ComfyUI] [SubprocessWorker] created 1 shm blocks
[07:01]   [ComfyUI] [SubprocessWorker] sending request via socket...
[07:01]   [ComfyUI] [SubprocessWorker] call_id=5 sending call_method
[07:01]   [ComfyUI] [worker:ComfyUI-GeometryPack] INFO: Fill Holes dispatch: igl_fan -> GeomPackFillHoles_IglFan
[07:01]   [ComfyUI] [SubprocessWorker] got response: ok
[07:01]   [ComfyUI] [comfy-env] GeomPackFillHoles done (0.07s): result: NodeOutput
[07:01]   [ComfyUI] [VRAM] After GeomPackFillHoles: 1042 / 12287 MB
[07:01]   [ComfyUI] [comfy-env] Running GeomPackFillHoles: backend: dict, mesh: Trimesh
[07:01]   [ComfyUI] [VRAM] Before GeomPackFillHoles: 1042 / 12287 MB
[07:01]   [ComfyUI] [SubprocessWorker] call_method: nodes.repair.fill_holes.FillHolesNode.EXECUTE_NORMALIZED
[07:01]   [ComfyUI] [SubprocessWorker] acquired lock, ensuring started...
[07:01]   [ComfyUI] [ComfyUI-GeometryPack] Health check: ping (timeout=5.0s)...
[07:01]   [ComfyUI] [ComfyUI-GeometryPack] Health check: ok
[07:01]   [ComfyUI] [SubprocessWorker] worker started/confirmed
[07:01]   [ComfyUI] [SubprocessWorker] serializing kwargs to shm...
[07:01]   [ComfyUI] [SubprocessWorker] created 1 shm blocks
[07:01]   [ComfyUI] [SubprocessWorker] sending request via socket...
[07:01]   [ComfyUI] [SubprocessWorker] call_id=6 sending call_method
[07:01]   [ComfyUI] [worker:ComfyUI-GeometryPack] INFO: Fill Holes dispatch: gpu_cumesh -> GeomPackFillHoles_GPU
[07:01]   [ComfyUI] [SubprocessWorker] got response: ok
[07:01]   [ComfyUI] [comfy-env] GeomPackFillHoles done (0.07s): result: NodeOutput
[07:01]   [ComfyUI] [VRAM] After GeomPackFillHoles: 1042 / 12287 MB
[07:01]   [ComfyUI] [comfy-env] Running GeomPackFillHoles_CGAL: mesh: Trimesh, quality: 'triangulate'
[07:01]   [ComfyUI] [VRAM] Before GeomPackFillHoles_CGAL: 1042 / 12287 MB
[07:01]   [ComfyUI] [SubprocessWorker] call_method: nodes.repair_cgal.fill_holes_cgal.FillHolesCGALNode.EXECUTE_NORMALIZED
[07:01]   [ComfyUI] [SubprocessWorker] acquired lock, ensuring started...
[07:01]   [ComfyUI] [ComfyUI-GeometryPack] Health check: ping (timeout=5.0s)...
[07:01]   [ComfyUI] [ComfyUI-GeometryPack] Health check: ok
[07:01]   [ComfyUI] [SubprocessWorker] worker started/confirmed
[07:01]   [ComfyUI] [SubprocessWorker] serializing kwargs to shm...
[07:01]   [ComfyUI] [SubprocessWorker] created 1 shm blocks
[07:01]   [ComfyUI] [SubprocessWorker] sending request via socket...
[07:01]   [ComfyUI] [SubprocessWorker] call_id=7 sending call_method
[07:01]   [ComfyUI] [worker:ComfyUI-GeometryPack] INFO: CGAL: built Polyhedron_3 (11381 vertices, 22704 facets)
[07:01]   [ComfyUI] [worker:ComfyUI-GeometryPack] INFO: CGAL: found 56 holes
[07:02]   [ComfyUI] [worker:ComfyUI-GeometryPack] INFO: CGAL triangulate: filled 56/56 holes, +109 faces, watertight: False -> False
[07:02]   [ComfyUI] [SubprocessWorker] got response: ok
[07:02]   [ComfyUI] [comfy-env] GeomPackFillHoles_CGAL done (0.58s): result: NodeOutput
[07:02]   [ComfyUI] [VRAM] After GeomPackFillHoles_CGAL: 1042 / 12287 MB
[07:02]   [ComfyUI] [comfy-env] Running GeomPackFillHoles_PyMeshFix: mesh: Trimesh, max_edges: 0, refine: 'true'
[07:02]   [ComfyUI] [VRAM] Before GeomPackFillHoles_PyMeshFix: 1042 / 12287 MB
[07:02]   [ComfyUI] [SubprocessWorker] call_method: nodes.repair.backends.pymeshfix_fill.FillHolesPyMeshFixNode.EXECUTE_NORMALIZED
[07:02]   [ComfyUI] [SubprocessWorker] acquired lock, ensuring started...
[07:02]   Node executed (1 total), capturing...
[07:02]   [ComfyUI] [ComfyUI-GeometryPack] Health check: ping (timeout=5.0s)...
[07:02]   [ComfyUI] [ComfyUI-GeometryPack] Health check: ok
[07:02]   [ComfyUI] [SubprocessWorker] worker started/confirmed
[07:02]   [ComfyUI] [SubprocessWorker] serializing kwargs to shm...
[07:02]   [ComfyUI] [SubprocessWorker] created 1 shm blocks
[07:02]   [ComfyUI] [SubprocessWorker] sending request via socket...
[07:02]   [ComfyUI] [SubprocessWorker] call_id=8 sending call_method
[07:02]   [ComfyUI] [worker:ComfyUI-GeometryPack] INFO: PyMeshFix: 1 boundary loops detected
[07:02]   [ComfyUI] [worker:ComfyUI-GeometryPack] INFO: PyMeshFix: filled 1 holes, +298 faces, watertight: False -> True
[07:02]   [ComfyUI] [SubprocessWorker] got response: ok
[07:02]   [ComfyUI] [comfy-env] GeomPackFillHoles_PyMeshFix done (0.27s): result: NodeOutput
[07:02]   [ComfyUI] [VRAM] After GeomPackFillHoles_PyMeshFix: 1042 / 12287 MB
[07:02]   [ComfyUI] [comfy-env] Running GeomPackFillHoles_PyMeshLab: mesh: Trimesh, maxholesize: 0
[07:02]   [ComfyUI] [VRAM] Before GeomPackFillHoles_PyMeshLab: 1042 / 12287 MB
[07:02]   [ComfyUI] [SubprocessWorker] call_method: nodes.repair.backends.pymeshlab_fill.FillHolesPyMeshLabNode.EXECUTE_NORMALIZED
[07:02]   [ComfyUI] [SubprocessWorker] acquired lock, ensuring started...
[07:02]   [ComfyUI] [ComfyUI-GeometryPack] Health check: ping (timeout=5.0s)...
[07:02]   [ComfyUI] [ComfyUI-GeometryPack] Health check: ok
[07:02]   [ComfyUI] [SubprocessWorker] worker started/confirmed
[07:02]   [ComfyUI] [SubprocessWorker] serializing kwargs to shm...
[07:02]   [ComfyUI] [SubprocessWorker] created 1 shm blocks
[07:02]   [ComfyUI] [SubprocessWorker] sending request via socket...
[07:02]   [ComfyUI] [SubprocessWorker] call_id=9 sending call_method
[07:02]   Frame 4 saved (frame_003.jpg, t=11.0s)
[07:02]   [capture-node] freeze=4ms shot=103ms unfreeze=3ms saved=True
[07:02]   Node executed (2 total), capturing...
[07:02]   Frame 5 saved (frame_004.jpg, t=11.4s)
[07:02]   [capture-node] freeze=4ms shot=93ms unfreeze=4ms saved=True
[07:04]   [capture-loop] iter=100 t=13.0s state={'complete': False, 'error': None, 'executedCount': 2, 'wsState': 1} eval_ms=4 ram=9.2/31.9GB (29%) swap=0.3/12.3GB (2%) cpu=8% browser_rss=0.63GB
[07:04]   [ComfyUI] [worker:ComfyUI-GeometryPack] INFO: PyMeshLab: maxholesize=0, +54 faces, watertight: False -> True
[07:04]   [ComfyUI] [SubprocessWorker] got response: ok
[07:04]   [ComfyUI] [comfy-env] GeomPackFillHoles_PyMeshLab done (2.31s): result: NodeOutput
[07:04]   [ComfyUI] [VRAM] After GeomPackFillHoles_PyMeshLab: 1042 / 12287 MB
[07:04]   [ComfyUI] [comfy-env] Running GeomPackPreviewMeshMulti: mode: 'fields', mesh_1: Trimesh, mesh_2: Trimesh, mesh_3: Trimesh
[07:04]   [ComfyUI] [VRAM] Before GeomPackPreviewMeshMulti: 1042 / 12287 MB
[07:04]   [ComfyUI] [SubprocessWorker] call_method: nodes.visualization.preview_mesh_multi.PreviewMeshMultiNode.EXECUTE_NORMALIZED
[07:04]   [ComfyUI] [SubprocessWorker] acquired lock, ensuring started...
[07:04]   [ComfyUI] [ComfyUI-GeometryPack] Health check: ping (timeout=5.0s)...
[07:04]   [ComfyUI] [ComfyUI-GeometryPack] Health check: ok
[07:04]   [ComfyUI] [SubprocessWorker] worker started/confirmed
[07:04]   [ComfyUI] [SubprocessWorker] serializing kwargs to shm...
[07:04]   [ComfyUI] [SubprocessWorker] created 3 shm blocks
[07:04]   [ComfyUI] [SubprocessWorker] sending request via socket...
[07:04]   [ComfyUI] [SubprocessWorker] call_id=10 sending call_method
[07:04]   [ComfyUI] [worker:ComfyUI-GeometryPack] INFO: Mode: fields, Meshes: 3
[07:04]   [ComfyUI] [worker:ComfyUI-GeometryPack] INFO: Mesh 1: Mesh - 11381 vertices, 22704 faces
[07:04]   [ComfyUI] [worker:ComfyUI-GeometryPack] INFO: Exporting mesh to VTP: C:\workspaces\GeometryPack-1637\portable-comfyui\ComfyUI_windows_portable\ComfyUI\output\preview_multi_1_d7de2bf6.vtp
[07:04]   Node executed (3 total), capturing...
[07:04]   [ComfyUI] [worker:ComfyUI-GeometryPack] INFO: Adding normals field (11381 vertices)
[07:04]   [ComfyUI] [worker:ComfyUI-GeometryPack] INFO: Export complete: 11381 vertices, 22704 faces
[07:04]   [ComfyUI] [worker:ComfyUI-GeometryPack] INFO: Exported VTP: C:\workspaces\GeometryPack-1637\portable-comfyui\ComfyUI_windows_portable\ComfyUI\output\preview_multi_1_d7de2bf6.vtp
[07:04]   [ComfyUI] [worker:ComfyUI-GeometryPack] INFO: Mesh 2: Mesh - 11381 vertices, 22758 faces
[07:04]   [ComfyUI] [worker:ComfyUI-GeometryPack] INFO: Exporting mesh to VTP: C:\workspaces\GeometryPack-1637\portable-comfyui\ComfyUI_windows_portable\ComfyUI\output\preview_multi_2_d7de2bf6.vtp
[07:05]   [ComfyUI] [worker:ComfyUI-GeometryPack] INFO: Adding normals field (11381 vertices)
[07:05]   [ComfyUI] [worker:ComfyUI-GeometryPack] INFO: Export complete: 11381 vertices, 22758 faces
[07:05]   [ComfyUI] [worker:ComfyUI-GeometryPack] INFO: Exported VTP: C:\workspaces\GeometryPack-1637\portable-comfyui\ComfyUI_windows_portable\ComfyUI\output\preview_multi_2_d7de2bf6.vtp
[07:05]   [ComfyUI] [worker:ComfyUI-GeometryPack] INFO: Mesh 3: Mesh - 11503 vertices, 23002 faces
[07:05]   [ComfyUI] [worker:ComfyUI-GeometryPack] INFO: Exporting mesh to VTP: C:\workspaces\GeometryPack-1637\portable-comfyui\ComfyUI_windows_portable\ComfyUI\output\preview_multi_3_d7de2bf6.vtp
[07:05]   Frame 6 saved (frame_005.jpg, t=13.6s)
[07:05]   [capture-node] freeze=4ms shot=96ms unfreeze=3ms saved=True
[07:05]   [ComfyUI] [worker:ComfyUI-GeometryPack] INFO: Adding normals field (11503 vertices)
[07:05]   [ComfyUI] [worker:ComfyUI-GeometryPack] INFO: Export complete: 11503 vertices, 23002 faces
[07:05]   [ComfyUI] [worker:ComfyUI-GeometryPack] INFO: Exported VTP: C:\workspaces\GeometryPack-1637\portable-comfyui\ComfyUI_windows_portable\ComfyUI\output\preview_multi_3_d7de2bf6.vtp
[07:05]   [ComfyUI] [worker:ComfyUI-GeometryPack] INFO: Grid: 3x1, Preview ready
[07:05]   [ComfyUI] [SubprocessWorker] got response: ok
[07:05]   [ComfyUI] [comfy-env] GeomPackPreviewMeshMulti done (0.49s): result: NodeOutput
[07:05]   [ComfyUI] [VRAM] After GeomPackPreviewMeshMulti: 1042 / 12287 MB
[07:05]   [ComfyUI] [comfy-env] Running GeomPackFillHoles_IglFan: mesh: Trimesh
[07:05]   [ComfyUI] [VRAM] Before GeomPackFillHoles_IglFan: 1042 / 12287 MB
[07:05]   [ComfyUI] [SubprocessWorker] call_method: nodes.repair.backends.igl_fan_fill.FillHolesIglFanNode.EXECUTE_NORMALIZED
[07:05]   [ComfyUI] [SubprocessWorker] acquired lock, ensuring started...
[07:05]   [ComfyUI] [ComfyUI-GeometryPack] Health check: ping (timeout=5.0s)...
[07:05]   [ComfyUI] [ComfyUI-GeometryPack] Health check: ok
[07:05]   [ComfyUI] [SubprocessWorker] worker started/confirmed
[07:05]   [ComfyUI] [SubprocessWorker] serializing kwargs to shm...
[07:05]   [ComfyUI] [SubprocessWorker] created 1 shm blocks
[07:05]   [ComfyUI] [SubprocessWorker] sending request via socket...
[07:05]   [ComfyUI] [SubprocessWorker] call_id=11 sending call_method
[07:05]   Node executed (4 total), capturing...
[07:05]   [ComfyUI] [worker:ComfyUI-GeometryPack] INFO: igl_fan: filled boundary loop with 54 faces
[07:05]   [ComfyUI] [worker:ComfyUI-GeometryPack] INFO: igl_fan: +54 faces, watertight: False -> True
[07:05]   [ComfyUI] [SubprocessWorker] got response: ok
[07:05]   [ComfyUI] [comfy-env] GeomPackFillHoles_IglFan done (0.27s): result: NodeOutput
[07:05]   [ComfyUI] [VRAM] After GeomPackFillHoles_IglFan: 1042 / 12287 MB
[07:05]   [ComfyUI] [comfy-env] Running GeomPackFillHoles_GPU: mesh: Trimesh, perimeter: 20.0
[07:05]   [ComfyUI] [VRAM] Before GeomPackFillHoles_GPU: 1042 / 12287 MB
[07:05]   [ComfyUI] [SubprocessWorker] call_method: nodes.fill_holes_gpu.fill_holes.FillHolesGPUNode.EXECUTE_NORMALIZED
[07:05]   [ComfyUI] [SubprocessWorker] acquired lock, ensuring started...
[07:05]   [ComfyUI] [ComfyUI-GeometryPack] Health check: ping (timeout=5.0s)...
[07:05]   [ComfyUI] [ComfyUI-GeometryPack] Health check: ok
[07:05]   [ComfyUI] [SubprocessWorker] worker started/confirmed
[07:05]   [ComfyUI] [SubprocessWorker] serializing kwargs to shm...
[07:05]   [ComfyUI] [SubprocessWorker] created 1 shm blocks
[07:05]   [ComfyUI] [SubprocessWorker] sending request via socket...
[07:05]   [ComfyUI] [SubprocessWorker] call_id=12 sending call_method
[07:05]   Frame 7 saved (frame_006.jpg, t=14.1s)
[07:05]   [capture-node] freeze=202ms shot=155ms unfreeze=4ms saved=True
[07:06]   Node executed (5 total), capturing...
[07:06]   [ComfyUI] [worker:ComfyUI-GeometryPack] INFO: CuMesh GPU: perimeter=20.0, +56 faces, watertight: False -> True
[07:06]   [ComfyUI] [SubprocessWorker] got response: ok
[07:06]   [ComfyUI] [comfy-env] GeomPackFillHoles_GPU done (0.61s): result: NodeOutput
[07:06]   [ComfyUI] [VRAM] After GeomPackFillHoles_GPU: 1042 / 12287 MB
[07:06]   [ComfyUI] [comfy-env] Running GeomPackPreviewMeshMulti: mode: 'fields', mesh_1: Trimesh, mesh_2: Trimesh, mesh_3: Trimesh
[07:06]   [ComfyUI] [VRAM] Before GeomPackPreviewMeshMulti: 1042 / 12287 MB
[07:06]   [ComfyUI] [SubprocessWorker] call_method: nodes.visualization.preview_mesh_multi.PreviewMeshMultiNode.EXECUTE_NORMALIZED
[07:06]   [ComfyUI] [SubprocessWorker] acquired lock, ensuring started...
[07:06]   [ComfyUI] [ComfyUI-GeometryPack] Health check: ping (timeout=5.0s)...
[07:06]   [ComfyUI] [ComfyUI-GeometryPack] Health check: ok
[07:06]   [ComfyUI] [SubprocessWorker] worker started/confirmed
[07:06]   [ComfyUI] [SubprocessWorker] serializing kwargs to shm...
[07:06]   [ComfyUI] [SubprocessWorker] created 3 shm blocks
[07:06]   [ComfyUI] [SubprocessWorker] sending request via socket...
[07:06]   [ComfyUI] [SubprocessWorker] call_id=13 sending call_method
[07:06]   [ComfyUI] [worker:ComfyUI-GeometryPack] INFO: Mode: fields, Meshes: 3
[07:06]   [ComfyUI] [worker:ComfyUI-GeometryPack] INFO: Mesh 1: Mesh - 11381 vertices, 22758 faces
[07:06]   [ComfyUI] [worker:ComfyUI-GeometryPack] INFO: Exporting mesh to VTP: C:\workspaces\GeometryPack-1637\portable-comfyui\ComfyUI_windows_portable\ComfyUI\output\preview_multi_1_5b6a5d56.vtp
[07:06]   [ComfyUI] [worker:ComfyUI-GeometryPack] INFO: Adding normals field (11381 vertices)
[07:06]   [ComfyUI] [worker:ComfyUI-GeometryPack] INFO: Export complete: 11381 vertices, 22758 faces
[07:06]   [ComfyUI] [worker:ComfyUI-GeometryPack] INFO: Exported VTP: C:\workspaces\GeometryPack-1637\portable-comfyui\ComfyUI_windows_portable\ComfyUI\output\preview_multi_1_5b6a5d56.vtp
[07:06]   Frame 8 saved (frame_007.jpg, t=14.8s)
[07:06]   [capture-node] freeze=4ms shot=121ms unfreeze=3ms saved=True
[07:06]   [ComfyUI] [worker:ComfyUI-GeometryPack] INFO: Mesh 2: Mesh - 11381 vertices, 22813 faces
[07:06]   [ComfyUI] [worker:ComfyUI-GeometryPack] INFO: Exporting mesh to VTP: C:\workspaces\GeometryPack-1637\portable-comfyui\ComfyUI_windows_portable\ComfyUI\output\preview_multi_2_5b6a5d56.vtp
[07:06]   [ComfyUI] [worker:ComfyUI-GeometryPack] INFO: Adding normals field (11381 vertices)
[07:06]   [ComfyUI] [worker:ComfyUI-GeometryPack] INFO: Export complete: 11381 vertices, 22813 faces
[07:06]   [ComfyUI] [worker:ComfyUI-GeometryPack] INFO: Exported VTP: C:\workspaces\GeometryPack-1637\portable-comfyui\ComfyUI_windows_portable\ComfyUI\output\preview_multi_2_5b6a5d56.vtp
[07:06]   Node executed (6 total), capturing...
[07:06]   [ComfyUI] [worker:ComfyUI-GeometryPack] INFO: Mesh 3: Mesh - 11382 vertices, 22760 faces
[07:06]   [ComfyUI] [worker:ComfyUI-GeometryPack] INFO: Exporting mesh to VTP: C:\workspaces\GeometryPack-1637\portable-comfyui\ComfyUI_windows_portable\ComfyUI\output\preview_multi_3_5b6a5d56.vtp
[07:06]   [ComfyUI] [worker:ComfyUI-GeometryPack] INFO: Adding normals field (11382 vertices)
[07:06]   [ComfyUI] [worker:ComfyUI-GeometryPack] INFO: Export complete: 11382 vertices, 22760 faces
[07:06]   [ComfyUI] [worker:ComfyUI-GeometryPack] INFO: Exported VTP: C:\workspaces\GeometryPack-1637\portable-comfyui\ComfyUI_windows_portable\ComfyUI\output\preview_multi_3_5b6a5d56.vtp
[07:06]   [ComfyUI] [worker:ComfyUI-GeometryPack] INFO: Grid: 3x1, Preview ready
[07:06]   [ComfyUI] [SubprocessWorker] got response: ok
[07:06]   [ComfyUI] [comfy-env] GeomPackPreviewMeshMulti done (0.49s): result: NodeOutput
[07:06]   [ComfyUI] [VRAM] After GeomPackPreviewMeshMulti: 1042 / 12287 MB
[07:06]   [ComfyUI] Prompt executed in 15.01 seconds
[07:06]   Frame 9 saved (frame_008.jpg, t=15.2s)
[07:06]   [capture-node] freeze=3ms shot=205ms unfreeze=3ms saved=True
[07:07]   Node executed (7 total), capturing...
[07:07]   Frame 10 saved (frame_009.jpg, t=16.0s)
[07:07]   [capture-node] freeze=3ms shot=162ms unfreeze=0ms saved=True
[07:07]   Execution complete (t=16.0s)
[07:07]   Captured 10 unique frames over 16.21s
[07:07]   [debug] iframes: 2
[07:07]   [debug]   iframe[0]: src=http://127.0.0.1:41883/extensions/ComfyUI-GeometryPack/viewer_multi.html?v=17783, canvas=244x393, rafFrozen=True
[07:07]   [debug]   iframe[1]: src=http://127.0.0.1:41883/extensions/ComfyUI-GeometryPack/viewer_multi.html?v=17783, canvas=244x393, rafFrozen=True
[07:07]   [timing] trigger_3d_previews: 0.0s
[07:10]   Saved high-quality screenshot: fill_holes_all_executed.png
[07:10]   [timing] final_screenshot: 0.4s
[07:10]   [24/33] SKIPPED (not in gpu list) fix_normals_all.json
[07:10]   [25/33] SKIPPED (not in gpu list) reconstruct_all.json
[07:10] Capturing execution frames: remeshing_all.json
[07:17]   Frame 1 saved (frame_000.jpg, t=0.0s)
[07:17]   Validating workflow...
[07:17]   [ComfyUI] === /validate endpoint called ===
[07:17]   [ComfyUI] Received JSON with keys: ['prompt']
[07:17]   Queuing workflow for execution...
[07:17]   [ComfyUI] Prompt has 19 nodes
[07:17]   [ComfyUI]   Node 1: GeomPackLoadMesh
[07:17]   [ComfyUI]     Inputs: {"file_path": "3d/Stanford_Bunny.stl"}
[07:17]   [ComfyUI]   Node 27: GeomPackRemesh
[07:17]   [ComfyUI]     Inputs: {"backend": "pymeshlab_isotropic", "backend.target_edge_length": 1, "backend.iterations": 3, "backend.feature_angle": 30, "backend.adaptive": "false", "report_panel": "false", "trimesh": ["1", 0]}
[07:17]   [ComfyUI]   Node 29: GeomPackPreviewMeshMulti
[07:17]   [ComfyUI]     Inputs: {"mode": "fields", "preview_multi": "{\"show_edges\":true,\"camera_state\":\"{\\\"position\\\":[-104.63702891921307,87.70613647084431,93.26266831581498],\\\"focalPoint\\\":[30.322647094726562,1.890954
[07:17]   [ComfyUI]   Node 30: GeomPackPreviewMeshMulti
[07:17]   [ComfyUI]     Inputs: {"mode": "fields", "preview_multi": "{\"show_edges\":true,\"camera_state\":\"{\\\"position\\\":[-104.63702891921307,87.70613647084431,93.26266831581498],\\\"focalPoint\\\":[30.322647094726562,1.890954
[07:17]   [ComfyUI]   Node 37: GeomPackRemesh
[07:17]   [ComfyUI]     Inputs: {"backend": "quadriflow", "backend.target_face_count": 5000, "backend.preserve_sharp": "false", "backend.preserve_boundary": "true", "report_panel": "false", "trimesh": ["1", 0]}
[07:17]   [ComfyUI]   Node 39: GeomPackRemesh
[07:17]   [ComfyUI]     Inputs: {"backend": "instant_meshes", "backend.target_vertex_count": 5000, "backend.deterministic": "true", "backend.crease_angle": 0, "report_panel": "false", "trimesh": ["1", 0]}
[07:17]   [ComfyUI]   Node 42: GeomPackRemesh
[07:17]   [ComfyUI]     Inputs: {"backend": "geogram_anisotropic", "backend.nb_points_aniso": 5000, "backend.anisotropy": 0.04, "report_panel": "false", "trimesh": ["1", 0]}
[07:17]   [ComfyUI]   Node 43: GeomPackRemesh
[07:17]   [ComfyUI]     Inputs: {"backend": "pmp_uniform", "backend.pmp_edge_length": 1, "backend.pmp_iterations": 1, "backend.pmp_use_projection": "true", "report_panel": "false", "trimesh": ["1", 0]}
[07:17]   [ComfyUI]   Node 44: GeomPackRemesh
[07:17]   [ComfyUI]     Inputs: {"backend": "mmg_adaptive", "backend.hausd": 0.1, "backend.hmin": 0, "backend.hmax": 0, "backend.hgrad": 1.3, "report_panel": "false", "trimesh": ["1", 0]}
[07:17]   [ComfyUI]   Node 45: GeomPackRemesh
[07:17]   [ComfyUI]     Inputs: {"backend": "geogram_smooth", "backend.nb_points": 5000, "backend.nb_lloyd_iter": 5, "backend.nb_newton_iter": 30, "backend.newton_m": 7, "report_panel": "false", "trimesh": ["1", 0]}
[07:17]   [ComfyUI]   Node 46: GeomPackPreviewMeshMulti
[07:17]   [ComfyUI]     Inputs: {"mode": "fields", "preview_multi": "{\"show_edges\":true,\"camera_state\":\"{\\\"position\\\":[-104.63702891921307,87.70613647084431,93.26266831581498],\\\"focalPoint\\\":[30.322647094726562,1.890954
[07:17]   [ComfyUI]   Node 47: GeomPackRemesh
[07:17]   [ComfyUI]     Inputs: {"backend": "cgal_isotropic", "backend.cgal_edge_length": 1, "backend.cgal_iterations": 3, "backend.protect_boundaries": "true", "report_panel": "false", "trimesh": ["1", 0]}
[07:17]   [ComfyUI]   Node 48: GeomPackRemesh
[07:17]   [ComfyUI]     Inputs: {"backend": "blender_voxel", "backend.voxel_size": 1, "report_panel": "false", "trimesh": ["1", 0]}
[07:17]   [ComfyUI]   Node 49: GeomPackRemesh
[07:17]   [ComfyUI]     Inputs: {"backend": "quadwild", "backend.qw_sharp_angle": 35, "backend.qw_alpha": 0.02, "backend.qw_scale_factor": 1, "backend.qw_remesh": "true", "backend.qw_smooth": "true", "report_panel": "false", "trimes
[07:17]   [ComfyUI]   Node 50: GeomPackRemesh
[07:17]   [ComfyUI]     Inputs: {"backend": "pmp_adaptive", "backend.pmp_min_edge": 0.2, "backend.pmp_max_edge": 3, "backend.pmp_approx_error": 1, "backend.pmp_adaptive_iterations": 1, "backend.pmp_adaptive_projection": "false", "re
[07:17]   [ComfyUI]   Node 51: GeomPackRemesh
[07:17]   [ComfyUI]     Inputs: {"backend": "blender_sharp", "backend.octree_depth": 6, "backend.scale": 0.9, "backend.sharpness": 0.4, "report_panel": "false", "trimesh": ["1", 0]}
[07:17]   [ComfyUI]   Node 52: GeomPackRemesh
[07:17]   [ComfyUI]     Inputs: {"backend": "gpu_cumesh", "backend.gpu_target_face_count": 500000, "backend.remesh_band": 1, "report_panel": "false", "trimesh": ["1", 0]}
[07:17]   [ComfyUI]   Node 53: GeomPackRemesh
[07:17]   [ComfyUI]     Inputs: {"backend": "blender_blocks", "backend.octree_depth": 6, "backend.scale": 0.9, "report_panel": "true", "trimesh": ["1", 0]}
[07:17]   [ComfyUI]   Node 55: GeomPackPreviewMeshMulti
[07:17]   [ComfyUI]     Inputs: {"mode": "fields", "preview_multi": "{\"show_edges\":true,\"camera_state\":\"{\\\"position\\\":[-104.63702891921307,87.70613647084431,93.26266831581498],\\\"focalPoint\\\":[30.322647094726562,1.890954
[07:17]   [ComfyUI] Generated prompt_id: b015c39c-ae43-40aa-b941-332a7a0624f2
[07:17]   [ComfyUI] Calling execution.validate_prompt()...
[07:17]   [ComfyUI] Validation result: valid=True
[07:17]   [ComfyUI] === Validation PASSED ===
[07:17]   [ComfyUI] got prompt
[07:17]   [ComfyUI] [comfy-env] Running GeomPackLoadMesh: file_path: '3d/Stanford_Bunny.stl'
[07:17]   [ComfyUI] [VRAM] Before GeomPackLoadMesh: 1042 / 12287 MB
[07:17]   [ComfyUI] [SubprocessWorker] call_method: nodes.io.load_mesh.LoadMesh.EXECUTE_NORMALIZED
[07:17]   [ComfyUI] [SubprocessWorker] acquired lock, ensuring started...
[07:17]   [ComfyUI] [ComfyUI-GeometryPack] Health check: ping (timeout=5.0s)...
[07:17]   [ComfyUI] [ComfyUI-GeometryPack] Health check: ok
[07:17]   [ComfyUI] [SubprocessWorker] worker started/confirmed
[07:17]   [ComfyUI] [SubprocessWorker] serializing kwargs to shm...
[07:17]   [ComfyUI] [SubprocessWorker] created 0 shm blocks
[07:17]   [ComfyUI] [SubprocessWorker] sending request via socket...
[07:17]   [ComfyUI] [SubprocessWorker] call_id=14 sending call_method
[07:17]   [ComfyUI] [worker:ComfyUI-GeometryPack] INFO: Found mesh in input folder: 3d/Stanford_Bunny.stl
[07:17]   [ComfyUI] [worker:ComfyUI-GeometryPack] INFO: Loading: C:\workspaces\GeometryPack-1637\portable-comfyui\ComfyUI_windows_portable\ComfyUI\input\3d/Stanford_Bunny.stl
[07:17]   [ComfyUI] [worker:ComfyUI-GeometryPack] INFO: Initial mesh: 56203 vertices, 112402 faces
[07:17]   [ComfyUI] [worker:ComfyUI-GeometryPack] INFO: Successfully loaded: 56203 vertices, 112402 faces
[07:17]   [ComfyUI] [worker:ComfyUI-GeometryPack] INFO: Loaded: 56203 vertices, 112402 faces
[07:18]   [ComfyUI] [SubprocessWorker] got response: ok
[07:18]   [ComfyUI] [comfy-env] GeomPackLoadMesh done (0.44s): result: NodeOutput
[07:18]   [ComfyUI] [VRAM] After GeomPackLoadMesh: 1042 / 12287 MB
[07:18]   [ComfyUI] [comfy-env] Running GeomPackRemesh: backend: dict, trimesh: Trimesh
[07:18]   [ComfyUI] [VRAM] Before GeomPackRemesh: 1042 / 12287 MB
[07:18]   [ComfyUI] [SubprocessWorker] call_method: nodes.remeshing.remesh.RemeshNode.EXECUTE_NORMALIZED
[07:18]   [ComfyUI] [SubprocessWorker] acquired lock, ensuring started...
[07:18]   [ComfyUI] [ComfyUI-GeometryPack] Health check: ping (timeout=5.0s)...
[07:18]   [ComfyUI] [ComfyUI-GeometryPack] Health check: ok
[07:18]   [ComfyUI] [SubprocessWorker] worker started/confirmed
[07:18]   [ComfyUI] [SubprocessWorker] serializing kwargs to shm...
[07:18]   [ComfyUI] [SubprocessWorker] created 1 shm blocks
[07:18]   [ComfyUI] [SubprocessWorker] sending request via socket...
[07:18]   [ComfyUI] [SubprocessWorker] call_id=15 sending call_method
[07:18]   [ComfyUI] [worker:ComfyUI-GeometryPack] INFO: Remesh dispatch: geogram_smooth -> GeomPackRemesh_GeogramSmooth
[07:18]   [ComfyUI] [SubprocessWorker] got response: ok
[07:18]   [ComfyUI] [comfy-env] GeomPackRemesh done (0.11s): result: NodeOutput
[07:18]   [ComfyUI] [VRAM] After GeomPackRemesh: 1042 / 12287 MB
[07:18]   [ComfyUI] [comfy-env] Running GeomPackRemesh: backend: dict, trimesh: Trimesh
[07:18]   [ComfyUI] [VRAM] Before GeomPackRemesh: 1042 / 12287 MB
[07:18]   [ComfyUI] [SubprocessWorker] call_method: nodes.remeshing.remesh.RemeshNode.EXECUTE_NORMALIZED
[07:18]   [ComfyUI] [SubprocessWorker] acquired lock, ensuring started...
[07:18]   [ComfyUI] [ComfyUI-GeometryPack] Health check: ping (timeout=5.0s)...
[07:18]   [ComfyUI] [ComfyUI-GeometryPack] Health check: ok
[07:18]   [ComfyUI] [SubprocessWorker] worker started/confirmed
[07:18]   [ComfyUI] [SubprocessWorker] serializing kwargs to shm...
[07:18]   [ComfyUI] [SubprocessWorker] created 1 shm blocks
[07:18]   [ComfyUI] [SubprocessWorker] sending request via socket...
[07:18]   [ComfyUI] [SubprocessWorker] call_id=16 sending call_method
[07:18]   [ComfyUI] [worker:ComfyUI-GeometryPack] INFO: Remesh dispatch: blender_voxel -> GeomPackRemesh_BlenderVoxel
[07:18]   [ComfyUI] [SubprocessWorker] got response: ok
[07:18]   [ComfyUI] [comfy-env] GeomPackRemesh done (0.11s): result: NodeOutput
[07:18]   [ComfyUI] [VRAM] After GeomPackRemesh: 1042 / 12287 MB
[07:18]   [ComfyUI] [comfy-env] Running GeomPackRemesh: backend: dict, trimesh: Trimesh
[07:18]   [ComfyUI] [VRAM] Before GeomPackRemesh: 1042 / 12287 MB
[07:18]   [ComfyUI] [SubprocessWorker] call_method: nodes.remeshing.remesh.RemeshNode.EXECUTE_NORMALIZED
[07:18]   [ComfyUI] [SubprocessWorker] acquired lock, ensuring started...
[07:18]   [ComfyUI] [ComfyUI-GeometryPack] Health check: ping (timeout=5.0s)...
[07:18]   [ComfyUI] [ComfyUI-GeometryPack] Health check: ok
[07:18]   [ComfyUI] [SubprocessWorker] worker started/confirmed
[07:18]   [ComfyUI] [SubprocessWorker] serializing kwargs to shm...
[07:18]   [ComfyUI] [SubprocessWorker] created 1 shm blocks
[07:18]   [ComfyUI] [SubprocessWorker] sending request via socket...
[07:18]   [ComfyUI] [SubprocessWorker] call_id=17 sending call_method
[07:18]   [ComfyUI] [worker:ComfyUI-GeometryPack] INFO: Remesh dispatch: gpu_cumesh -> GeomPackRemesh_GPU
[07:18]   [ComfyUI] [SubprocessWorker] got response: ok
[07:18]   [ComfyUI] [comfy-env] GeomPackRemesh done (0.10s): result: NodeOutput
[07:18]   [ComfyUI] [VRAM] After GeomPackRemesh: 1042 / 12287 MB
[07:18]   [ComfyUI] [comfy-env] Running GeomPackRemesh: backend: dict, trimesh: Trimesh
[07:18]   [ComfyUI] [VRAM] Before GeomPackRemesh: 1042 / 12287 MB
[07:18]   [ComfyUI] [SubprocessWorker] call_method: nodes.remeshing.remesh.RemeshNode.EXECUTE_NORMALIZED
[07:18]   [ComfyUI] [SubprocessWorker] acquired lock, ensuring started...
[07:18]   [ComfyUI] [ComfyUI-GeometryPack] Health check: ping (timeout=5.0s)...
[07:18]   [ComfyUI] [ComfyUI-GeometryPack] Health check: ok
[07:18]   [ComfyUI] [SubprocessWorker] worker started/confirmed
[07:18]   [ComfyUI] [SubprocessWorker] serializing kwargs to shm...
[07:18]   [ComfyUI] [SubprocessWorker] created 1 shm blocks
[07:18]   [ComfyUI] [SubprocessWorker] sending request via socket...
[07:18]   [ComfyUI] [SubprocessWorker] call_id=18 sending call_method
[07:18]   [ComfyUI] [worker:ComfyUI-GeometryPack] INFO: Remesh dispatch: pmp_uniform -> GeomPackRemesh_PMPUniform
[07:18]   [ComfyUI] [SubprocessWorker] got response: ok
[07:18]   [ComfyUI] [comfy-env] GeomPackRemesh done (0.11s): result: NodeOutput
[07:18]   [ComfyUI] [VRAM] After GeomPackRemesh: 1042 / 12287 MB
[07:18]   [ComfyUI] [comfy-env] Running GeomPackRemesh: backend: dict, trimesh: Trimesh
[07:18]   [ComfyUI] [VRAM] Before GeomPackRemesh: 1042 / 12287 MB
[07:18]   [ComfyUI] [SubprocessWorker] call_method: nodes.remeshing.remesh.RemeshNode.EXECUTE_NORMALIZED
[07:18]   [ComfyUI] [SubprocessWorker] acquired lock, ensuring started...
[07:18]   [ComfyUI] [ComfyUI-GeometryPack] Health check: ping (timeout=5.0s)...
[07:18]   [ComfyUI] [ComfyUI-GeometryPack] Health check: ok
[07:18]   [ComfyUI] [SubprocessWorker] worker started/confirmed
[07:18]   [ComfyUI] [SubprocessWorker] serializing kwargs to shm...
[07:18]   [ComfyUI] [SubprocessWorker] created 1 shm blocks
[07:18]   [ComfyUI] [SubprocessWorker] sending request via socket...
[07:18]   [ComfyUI] [SubprocessWorker] call_id=19 sending call_method
[07:18]   [ComfyUI] [worker:ComfyUI-GeometryPack] INFO: Remesh dispatch: geogram_anisotropic -> GeomPackRemesh_GeogramAniso
[07:18]   [ComfyUI] [SubprocessWorker] got response: ok
[07:18]   [ComfyUI] [comfy-env] GeomPackRemesh done (0.11s): result: NodeOutput
[07:18]   [ComfyUI] [VRAM] After GeomPackRemesh: 1042 / 12287 MB
[07:18]   [ComfyUI] [comfy-env] Running GeomPackRemesh: backend: dict, trimesh: Trimesh
[07:18]   [ComfyUI] [VRAM] Before GeomPackRemesh: 1042 / 12287 MB
[07:18]   [ComfyUI] [SubprocessWorker] call_method: nodes.remeshing.remesh.RemeshNode.EXECUTE_NORMALIZED
[07:18]   [ComfyUI] [SubprocessWorker] acquired lock, ensuring started...
[07:18]   [ComfyUI] [ComfyUI-GeometryPack] Health check: ping (timeout=5.0s)...
[07:18]   [ComfyUI] [ComfyUI-GeometryPack] Health check: ok
[07:18]   [ComfyUI] [SubprocessWorker] worker started/confirmed
[07:18]   [ComfyUI] [SubprocessWorker] serializing kwargs to shm...
[07:18]   [ComfyUI] [SubprocessWorker] created 1 shm blocks
[07:18]   [ComfyUI] [SubprocessWorker] sending request via socket...
[07:18]   [ComfyUI] [SubprocessWorker] call_id=20 sending call_method
[07:18]   [ComfyUI] [worker:ComfyUI-GeometryPack] INFO: Remesh dispatch: mmg_adaptive -> GeomPackRemesh_MMG
[07:18]   [ComfyUI] [SubprocessWorker] got response: ok
[07:18]   [ComfyUI] [comfy-env] GeomPackRemesh done (0.10s): result: NodeOutput
[07:18]   [ComfyUI] [VRAM] After GeomPackRemesh: 1042 / 12287 MB
[07:18]   [ComfyUI] [comfy-env] Running GeomPackRemesh: backend: dict, trimesh: Trimesh
[07:18]   [ComfyUI] [VRAM] Before GeomPackRemesh: 1042 / 12287 MB
[07:18]   [ComfyUI] [SubprocessWorker] call_method: nodes.remeshing.remesh.RemeshNode.EXECUTE_NORMALIZED
[07:18]   [ComfyUI] [SubprocessWorker] acquired lock, ensuring started...
[07:18]   [ComfyUI] [ComfyUI-GeometryPack] Health check: ping (timeout=5.0s)...
[07:18]   [ComfyUI] [ComfyUI-GeometryPack] Health check: ok
[07:18]   [ComfyUI] [SubprocessWorker] worker started/confirmed
[07:18]   [ComfyUI] [SubprocessWorker] serializing kwargs to shm...
[07:18]   [ComfyUI] [SubprocessWorker] created 1 shm blocks
[07:18]   [ComfyUI] [SubprocessWorker] sending request via socket...
[07:18]   [ComfyUI] [SubprocessWorker] call_id=21 sending call_method
[07:18]   [ComfyUI] [worker:ComfyUI-GeometryPack] INFO: Remesh dispatch: quadriflow -> GeomPackRemesh_QuadriFlow
[07:18]   [ComfyUI] [SubprocessWorker] got response: ok
[07:18]   [ComfyUI] [comfy-env] GeomPackRemesh done (0.10s): result: NodeOutput
[07:18]   [ComfyUI] [VRAM] After GeomPackRemesh: 1042 / 12287 MB
[07:18]   [ComfyUI] [comfy-env] Running GeomPackRemesh: backend: dict, trimesh: Trimesh
[07:18]   [ComfyUI] [VRAM] Before GeomPackRemesh: 1042 / 12287 MB
[07:18]   [ComfyUI] [SubprocessWorker] call_method: nodes.remeshing.remesh.RemeshNode.EXECUTE_NORMALIZED
[07:18]   [ComfyUI] [SubprocessWorker] acquired lock, ensuring started...
[07:18]   [ComfyUI] [ComfyUI-GeometryPack] Health check: ping (timeout=5.0s)...
[07:18]   [ComfyUI] [ComfyUI-GeometryPack] Health check: ok
[07:18]   [ComfyUI] [SubprocessWorker] worker started/confirmed
[07:18]   [ComfyUI] [SubprocessWorker] serializing kwargs to shm...
[07:18]   [ComfyUI] [SubprocessWorker] created 1 shm blocks
[07:18]   [ComfyUI] [SubprocessWorker] sending request via socket...
[07:18]   [ComfyUI] [SubprocessWorker] call_id=22 sending call_method
[07:18]   [ComfyUI] [worker:ComfyUI-GeometryPack] INFO: Remesh dispatch: blender_sharp -> GeomPackRemesh_BlenderSharp
[07:18]   [ComfyUI] [SubprocessWorker] got response: ok
[07:18]   [ComfyUI] [comfy-env] GeomPackRemesh done (0.11s): result: NodeOutput
[07:18]   [ComfyUI] [VRAM] After GeomPackRemesh: 1042 / 12287 MB
[07:18]   [ComfyUI] [comfy-env] Running GeomPackRemesh: backend: dict, trimesh: Trimesh
[07:18]   [ComfyUI] [VRAM] Before GeomPackRemesh: 1042 / 12287 MB
[07:18]   [ComfyUI] [SubprocessWorker] call_method: nodes.remeshing.remesh.RemeshNode.EXECUTE_NORMALIZED
[07:18]   [ComfyUI] [SubprocessWorker] acquired lock, ensuring started...
[07:18]   [ComfyUI] [ComfyUI-GeometryPack] Health check: ping (timeout=5.0s)...
[07:18]   [ComfyUI] [ComfyUI-GeometryPack] Health check: ok
[07:18]   [ComfyUI] [SubprocessWorker] worker started/confirmed
[07:18]   [ComfyUI] [SubprocessWorker] serializing kwargs to shm...
[07:18]   [ComfyUI] [SubprocessWorker] created 1 shm blocks
[07:18]   [ComfyUI] [SubprocessWorker] sending request via socket...
[07:18]   [ComfyUI] [SubprocessWorker] call_id=23 sending call_method
[07:18]   [ComfyUI] [worker:ComfyUI-GeometryPack] INFO: Remesh dispatch: pymeshlab_isotropic -> GeomPackRemesh_PyMeshLab
[07:18]   [ComfyUI] [SubprocessWorker] got response: ok
[07:18]   [ComfyUI] [comfy-env] GeomPackRemesh done (0.10s): result: NodeOutput
[07:18]   [ComfyUI] [VRAM] After GeomPackRemesh: 1042 / 12287 MB
[07:19]   [ComfyUI] [comfy-env] Running GeomPackRemesh: backend: dict, trimesh: Trimesh
[07:19]   [ComfyUI] [VRAM] Before GeomPackRemesh: 1042 / 12287 MB
[07:19]   [ComfyUI] [SubprocessWorker] call_method: nodes.remeshing.remesh.RemeshNode.EXECUTE_NORMALIZED
[07:19]   [ComfyUI] [SubprocessWorker] acquired lock, ensuring started...
[07:19]   [ComfyUI] [ComfyUI-GeometryPack] Health check: ping (timeout=5.0s)...
[07:19]   [ComfyUI] [ComfyUI-GeometryPack] Health check: ok
[07:19]   [ComfyUI] [SubprocessWorker] worker started/confirmed
[07:19]   [ComfyUI] [SubprocessWorker] serializing kwargs to shm...
[07:19]   [ComfyUI] [SubprocessWorker] created 1 shm blocks
[07:19]   [ComfyUI] [SubprocessWorker] sending request via socket...
[07:19]   [ComfyUI] [SubprocessWorker] call_id=24 sending call_method
[07:19]   [ComfyUI] [worker:ComfyUI-GeometryPack] INFO: Remesh dispatch: blender_blocks -> GeomPackRemesh_BlenderBlocks
[07:19]   [ComfyUI] [SubprocessWorker] got response: ok
[07:19]   [ComfyUI] [comfy-env] GeomPackRemesh done (0.11s): result: NodeOutput
[07:19]   [ComfyUI] [VRAM] After GeomPackRemesh: 1042 / 12287 MB
[07:19]   [ComfyUI] [comfy-env] Running GeomPackRemesh: backend: dict, trimesh: Trimesh
[07:19]   [ComfyUI] [VRAM] Before GeomPackRemesh: 1042 / 12287 MB
[07:19]   [ComfyUI] [SubprocessWorker] call_method: nodes.remeshing.remesh.RemeshNode.EXECUTE_NORMALIZED
[07:19]   [ComfyUI] [SubprocessWorker] acquired lock, ensuring started...
[07:19]   [ComfyUI] [ComfyUI-GeometryPack] Health check: ping (timeout=5.0s)...
[07:19]   [ComfyUI] [ComfyUI-GeometryPack] Health check: ok
[07:19]   [ComfyUI] [SubprocessWorker] worker started/confirmed
[07:19]   [ComfyUI] [SubprocessWorker] serializing kwargs to shm...
[07:19]   [ComfyUI] [SubprocessWorker] created 1 shm blocks
[07:19]   [ComfyUI] [SubprocessWorker] sending request via socket...
[07:19]   [ComfyUI] [SubprocessWorker] call_id=25 sending call_method
[07:19]   [ComfyUI] [worker:ComfyUI-GeometryPack] INFO: Remesh dispatch: quadwild -> GeomPackRemesh_QuadWild
[07:19]   [ComfyUI] [SubprocessWorker] got response: ok
[07:19]   [ComfyUI] [comfy-env] GeomPackRemesh done (0.11s): result: NodeOutput
[07:19]   [ComfyUI] [VRAM] After GeomPackRemesh: 1042 / 12287 MB
[07:19]   [ComfyUI] [comfy-env] Running GeomPackRemesh: backend: dict, trimesh: Trimesh
[07:19]   [ComfyUI] [VRAM] Before GeomPackRemesh: 1042 / 12287 MB
[07:19]   [ComfyUI] [SubprocessWorker] call_method: nodes.remeshing.remesh.RemeshNode.EXECUTE_NORMALIZED
[07:19]   [ComfyUI] [SubprocessWorker] acquired lock, ensuring started...
[07:19]   [ComfyUI] [ComfyUI-GeometryPack] Health check: ping (timeout=5.0s)...
[07:19]   [ComfyUI] [ComfyUI-GeometryPack] Health check: ok
[07:19]   [ComfyUI] [SubprocessWorker] worker started/confirmed
[07:19]   [ComfyUI] [SubprocessWorker] serializing kwargs to shm...
[07:19]   [ComfyUI] [SubprocessWorker] created 1 shm blocks
[07:19]   [ComfyUI] [SubprocessWorker] sending request via socket...
[07:19]   [ComfyUI] [SubprocessWorker] call_id=26 sending call_method
[07:19]   [ComfyUI] [worker:ComfyUI-GeometryPack] INFO: Remesh dispatch: instant_meshes -> GeomPackRemesh_InstantMeshes
[07:19]   [ComfyUI] [SubprocessWorker] got response: ok
[07:19]   [ComfyUI] [comfy-env] GeomPackRemesh done (0.11s): result: NodeOutput
[07:19]   [ComfyUI] [VRAM] After GeomPackRemesh: 1042 / 12287 MB
[07:19]   [ComfyUI] [comfy-env] Running GeomPackRemesh: backend: dict, trimesh: Trimesh
[07:19]   [ComfyUI] [VRAM] Before GeomPackRemesh: 1042 / 12287 MB
[07:19]   [ComfyUI] [SubprocessWorker] call_method: nodes.remeshing.remesh.RemeshNode.EXECUTE_NORMALIZED
[07:19]   [ComfyUI] [SubprocessWorker] acquired lock, ensuring started...
[07:19]   [ComfyUI] [ComfyUI-GeometryPack] Health check: ping (timeout=5.0s)...
[07:19]   [ComfyUI] [ComfyUI-GeometryPack] Health check: ok
[07:19]   [ComfyUI] [SubprocessWorker] worker started/confirmed
[07:19]   [ComfyUI] [SubprocessWorker] serializing kwargs to shm...
[07:19]   [ComfyUI] [SubprocessWorker] created 1 shm blocks
[07:19]   [ComfyUI] [SubprocessWorker] sending request via socket...
[07:19]   [ComfyUI] [SubprocessWorker] call_id=27 sending call_method
[07:19]   [ComfyUI] [worker:ComfyUI-GeometryPack] INFO: Remesh dispatch: cgal_isotropic -> GeomPackRemesh_CGAL
[07:19]   [ComfyUI] [SubprocessWorker] got response: ok
[07:19]   [ComfyUI] [comfy-env] GeomPackRemesh done (0.11s): result: NodeOutput
[07:19]   [ComfyUI] [VRAM] After GeomPackRemesh: 1042 / 12287 MB
[07:19]   [ComfyUI] [comfy-env] Running GeomPackRemesh: backend: dict, trimesh: Trimesh
[07:19]   [ComfyUI] [VRAM] Before GeomPackRemesh: 1042 / 12287 MB
[07:19]   [ComfyUI] [SubprocessWorker] call_method: nodes.remeshing.remesh.RemeshNode.EXECUTE_NORMALIZED
[07:19]   [ComfyUI] [SubprocessWorker] acquired lock, ensuring started...
[07:19]   [ComfyUI] [ComfyUI-GeometryPack] Health check: ping (timeout=5.0s)...
[07:19]   [ComfyUI] [ComfyUI-GeometryPack] Health check: ok
[07:19]   [ComfyUI] [SubprocessWorker] worker started/confirmed
[07:19]   [ComfyUI] [SubprocessWorker] serializing kwargs to shm...
[07:19]   [ComfyUI] [SubprocessWorker] created 1 shm blocks
[07:19]   [ComfyUI] [SubprocessWorker] sending request via socket...
[07:19]   [ComfyUI] [SubprocessWorker] call_id=28 sending call_method
[07:19]   [ComfyUI] [worker:ComfyUI-GeometryPack] INFO: Remesh dispatch: pmp_adaptive -> GeomPackRemesh_PMPAdaptive
[07:19]   [ComfyUI] [SubprocessWorker] got response: ok
[07:19]   [ComfyUI] [comfy-env] GeomPackRemesh done (0.10s): result: NodeOutput
[07:19]   [ComfyUI] [VRAM] After GeomPackRemesh: 1042 / 12287 MB
[07:19]   [ComfyUI] [comfy-env] Running GeomPackRemesh_GeogramSmooth: trimesh: Trimesh, nb_points: 5000, nb_lloyd_iter: 5, nb_newton_iter: 30, newton_m: 7
[07:19]   [ComfyUI] [VRAM] Before GeomPackRemesh_GeogramSmooth: 1042 / 12287 MB
[07:19]   [ComfyUI] [SubprocessWorker] call_method: nodes.remeshing.backends.geogram_smooth.RemeshGeogramSmoothNode.EXECUTE_NORMALIZED
[07:19]   [ComfyUI] [SubprocessWorker] acquired lock, ensuring started...
[07:19]   [ComfyUI] [ComfyUI-GeometryPack] Health check: ping (timeout=5.0s)...
[07:19]   [ComfyUI] [ComfyUI-GeometryPack] Health check: ok
[07:19]   [ComfyUI] [SubprocessWorker] worker started/confirmed
[07:19]   [ComfyUI] [SubprocessWorker] serializing kwargs to shm...
[07:19]   [ComfyUI] [SubprocessWorker] created 1 shm blocks
[07:19]   [ComfyUI] [SubprocessWorker] sending request via socket...
[07:19]   [ComfyUI] [SubprocessWorker] call_id=29 sending call_method
[07:19]   [ComfyUI] [worker:ComfyUI-GeometryPack] INFO: Backend: geogram_smooth
[07:19]   [ComfyUI] [worker:ComfyUI-GeometryPack] INFO: Input: 56203 vertices, 112402 faces
[07:19]   [ComfyUI] [worker:ComfyUI-GeometryPack] INFO: Parameters: nb_points=5,000, nb_lloyd_iter=5, nb_newton_iter=30, newton_m=7
[07:19]   Frame 2 saved (frame_001.jpg, t=2.4s)
[07:19]   [capture-periodic] freeze=3ms shot=131ms unfreeze=5ms saved=True
[07:20]   [ComfyUI] [worker:ComfyUI-GeometryPack] INFO: Output: 5000 vertices, 9996 faces
[07:20]   [ComfyUI] [SubprocessWorker] got response: ok
[07:20]   [ComfyUI] [comfy-env] GeomPackRemesh_GeogramSmooth done (0.97s): result: NodeOutput
[07:20]   [ComfyUI] [VRAM] After GeomPackRemesh_GeogramSmooth: 1042 / 12287 MB
[07:20]   [ComfyUI] [comfy-env] Running GeomPackRemesh_BlenderVoxel: trimesh: Trimesh, voxel_size: 1.0
[07:20]   [ComfyUI] [VRAM] Before GeomPackRemesh_BlenderVoxel: 1042 / 12287 MB
[07:20]   [ComfyUI] [SubprocessWorker] call_method: nodes.blender_remeshing.backends.voxel.RemeshBlenderVoxelNode.EXECUTE_NORMALIZED
[07:20]   [ComfyUI] [SubprocessWorker] acquired lock, ensuring started...
[07:20]   [ComfyUI] [ComfyUI-GeometryPack] Health check: ping (timeout=5.0s)...
[07:20]   [ComfyUI] [ComfyUI-GeometryPack] Health check: ok
[07:20]   [ComfyUI] [SubprocessWorker] worker started/confirmed
[07:20]   [ComfyUI] [SubprocessWorker] serializing kwargs to shm...
[07:20]   [ComfyUI] [SubprocessWorker] created 1 shm blocks
[07:20]   [ComfyUI] [SubprocessWorker] sending request via socket...
[07:20]   [ComfyUI] [SubprocessWorker] call_id=30 sending call_method
[07:20]   Node executed (1 total), capturing...
[07:20]   [ComfyUI] [worker:ComfyUI-GeometryPack] INFO: Backend: blender_voxel
[07:20]   [ComfyUI] [worker:ComfyUI-GeometryPack] INFO: Input: 56203 vertices, 112402 faces
[07:20]   [ComfyUI] [worker:ComfyUI-GeometryPack] INFO: Parameters: voxel_size=1.0
[07:20]   Frame 3 saved (frame_002.jpg, t=3.4s)
[07:20]   [capture-node] freeze=4ms shot=134ms unfreeze=7ms saved=True
[07:21]   [ComfyUI] [worker:ComfyUI-GeometryPack] INFO: Output: 43474 vertices, 86944 faces
[07:21]   [ComfyUI] [SubprocessWorker] got response: ok
[07:21]   [ComfyUI] [comfy-env] GeomPackRemesh_BlenderVoxel done (1.04s): result: NodeOutput
[07:21]   [ComfyUI] [VRAM] After GeomPackRemesh_BlenderVoxel: 1042 / 12287 MB
[07:21]   [ComfyUI] [comfy-env] Running GeomPackRemesh_GPU: trimesh: Trimesh, target_face_count: 500000, remesh_band: 1.0
[07:21]   [ComfyUI] [VRAM] Before GeomPackRemesh_GPU: 1042 / 12287 MB
[07:21]   [ComfyUI] [SubprocessWorker] call_method: nodes.remeshing_gpu.remesh.RemeshGPUNode.EXECUTE_NORMALIZED
[07:21]   [ComfyUI] [SubprocessWorker] acquired lock, ensuring started...
[07:21]   [ComfyUI] [ComfyUI-GeometryPack] Health check: ping (timeout=5.0s)...
[07:21]   [ComfyUI] [ComfyUI-GeometryPack] Health check: ok
[07:21]   [ComfyUI] [SubprocessWorker] worker started/confirmed
[07:21]   Node executed (2 total), capturing...
[07:21]   [ComfyUI] [SubprocessWorker] serializing kwargs to shm...
[07:21]   [ComfyUI] [SubprocessWorker] created 1 shm blocks
[07:21]   [ComfyUI] [SubprocessWorker] sending request via socket...
[07:21]   [ComfyUI] [SubprocessWorker] call_id=31 sending call_method
[07:21]   [ComfyUI] [worker:ComfyUI-GeometryPack] INFO: Backend: cumesh (CUDA)
[07:21]   [ComfyUI] [worker:ComfyUI-GeometryPack] INFO: Input: 56,203 vertices, 112,402 faces
[07:21]   [ComfyUI] [worker:ComfyUI-GeometryPack] INFO: Parameters: target_face_count=500,000, remesh_band=1.0
[07:21]   [ComfyUI] [worker:ComfyUI-GeometryPack] INFO: Input: 56203 vertices, 112402 faces
[07:21]   [ComfyUI] [worker:ComfyUI-GeometryPack] INFO: Grid resolution: 512, band: 1.0
[07:21]   [ComfyUI] [worker:ComfyUI-GeometryPack] INFO: Running dual-contouring remesh...
[07:21]   [ComfyUI] 
[07:21]   Frame 4 saved (frame_003.jpg, t=4.4s)
[07:21]   [capture-node] freeze=4ms shot=118ms unfreeze=5ms saved=True
[07:21]   [ComfyUI] Building Sparse Grid:   0%|          | 0/5 [00:00<?, ?it/s]
[07:22]   [ComfyUI] Building Sparse Grid:  20%|██        | 1/5 [00:00<00:00,  9.53it/s]
[07:22]   [ComfyUI] Building Sparse Grid: 100%|██████████| 5/5 [00:00<00:00, 14.76it/s]
[07:22]   [ComfyUI] Building Sparse Grid: 100%|██████████| 5/5 [00:00<00:00, 14.27it/s]
[07:22]   [ComfyUI] [worker:ComfyUI-GeometryPack] Running Dual Contouring...
[07:22]   [ComfyUI] [worker:ComfyUI-GeometryPack] [VRAM] +432MB (now 432MB) reserved=608MB peak=432MB
[07:22]   [ComfyUI] C:\workspaces\GeometryPack-1637\portable-comfyui\ComfyUI_windows_portable\ComfyUI\.ce\.pixi\envs\geometrypack-nodes\Lib\site-packages\cumesh\remeshing.py:220: UserWarning: Using torch.cross without specifying the dim arg is deprecated.
[07:22]   [ComfyUI] Please either pass the dim explicitly or simply use torch.linalg.cross.
[07:22]   [ComfyUI] The default value of dim will change to agree with that of linalg.cross in a future release. (Triggered internally at C:\actions-runner\_work\pytorch\pytorch\pytorch\aten\src\ATen\native\Cross.cpp:67.)
[07:22]   [ComfyUI]   normals0 = torch.cross(mesh_vertices[atempt_triangles_0[:, 1]] - mesh_vertices[atempt_triangles_0[:, 0]], mesh_vertices[atempt_triangles_0[:, 2]] - mesh_vertices[atempt_triangles_0[:, 0]])
[07:22]   [ComfyUI] [worker:ComfyUI-GeometryPack] INFO: After remesh: 1896416 vertices, 3792864 faces
[07:22]   [ComfyUI] [worker:ComfyUI-GeometryPack] INFO: Skipping pre-simplify unify (mesh too large: 3,792,864 faces)
[07:22]   [ComfyUI] 
[07:22]   [ComfyUI] Simplifying:   0%|          | 0/3292864 [00:00<?, ?it/s]
[07:22]   [ComfyUI] Simplifying [thres=1.00e-08]:   0%|          | 0/3292864 [00:00<?, ?it/s]
[07:22]   [ComfyUI] Simplifying [thres=1.00e-07]:   0%|          | 18/3292864 [00:00<2:25:54, 376.11it/s]
[07:22]   [ComfyUI] Simplifying [thres=1.00e-06]:   0%|          | 196/3292864 [00:00<25:50, 2124.08it/s]
[07:22]   [ComfyUI] Simplifying [thres=1.00e-06]:   0%|          | 1556/3292864 [00:00<04:48, 11399.85it/s]
[07:22]   [ComfyUI] Simplifying [thres=1.00e-05]:   0%|          | 1556/3292864 [00:00<04:48, 11399.85it/s]
[07:22]   [ComfyUI] Simplifying [thres=1.00e-04]:   0%|          | 13208/3292864 [00:00<04:47, 11399.85it/s]
[07:22]   [ComfyUI] Simplifying [thres=1.00e-04]:   2%|▏         | 81544/3292864 [00:00<04:41, 11399.85it/s]
[07:22]   [ComfyUI] Simplifying [thres=1.00e-04]:   4%|▍         | 132674/3292864 [00:00<00:05, 561706.41it/s]
[07:22]   [ComfyUI] Simplifying [thres=1.00e-04]:   4%|▍         | 132674/3292864 [00:00<00:05, 561706.41it/s]
[07:22]   [ComfyUI] Simplifying [thres=1.00e-04]:   5%|▌         | 175416/3292864 [00:00<00:05, 561706.41it/s]
[07:22]   [ComfyUI] Simplifying [thres=1.00e-04]:   6%|▋         | 211904/3292864 [00:00<00:05, 561706.41it/s]
[07:22]   [ComfyUI] Simplifying [thres=1.00e-04]:   7%|▋         | 243500/3292864 [00:00<00:04, 689444.57it/s]
[07:23]   [ComfyUI] Simplifying [thres=1.00e-03]:   7%|▋         | 243500/3292864 [00:00<00:04, 689444.57it/s]
[07:23]   [ComfyUI] Simplifying [thres=1.00e-03]:  15%|█▌        | 502932/3292864 [00:00<00:04, 689444.57it/s]
[07:23]   [ComfyUI] Simplifying [thres=1.00e-03]:  23%|██▎       | 745118/3292864 [00:00<00:03, 689444.57it/s]
[07:23]   [ComfyUI] Simplifying [thres=1.00e-03]:  29%|██▉       | 971372/3292864 [00:00<00:00, 2665532.72it/s]
[07:23]   [ComfyUI] Simplifying [thres=1.00e-03]:  29%|██▉       | 971372/3292864 [00:00<00:00, 2665532.72it/s]
[07:23]   [ComfyUI] Simplifying [thres=1.00e-03]:  36%|███▌      | 1180700/3292864 [00:00<00:00, 2665532.72it/s]
[07:23]   [ComfyUI] Simplifying [thres=1.00e-03]:  42%|████▏     | 1373646/3292864 [00:00<00:00, 2665532.72it/s]
[07:23]   [ComfyUI] Simplifying [thres=1.00e-03]:  47%|████▋     | 1551664/3292864 [00:00<00:00, 2665532.72it/s]
[07:23]   [ComfyUI] Simplifying [thres=1.00e-03]:  52%|█████▏    | 1715966/3292864 [00:00<00:00, 3814304.65it/s]
[07:23]   [ComfyUI] Simplifying [thres=1.00e-03]:  52%|█████▏    | 1715966/3292864 [00:00<00:00, 3814304.65it/s]
[07:23]   [ComfyUI] Simplifying [thres=1.00e-03]:  57%|█████▋    | 1867466/3292864 [00:00<00:00, 3814304.65it/s]
[07:23]   [ComfyUI] Simplifying [thres=1.00e-03]:  61%|██████    | 2008544/3292864 [00:00<00:00, 3814304.65it/s]
[07:23]   [ComfyUI] Simplifying [thres=1.00e-03]:  65%|██████▍   | 2139518/3292864 [00:00<00:00, 3814304.65it/s]
[07:23]   [ComfyUI] Simplifying [thres=1.00e-03]:  69%|██████▊   | 2260970/3292864 [00:00<00:00, 3814304.65it/s]
[07:23]   [ComfyUI] Simplifying [thres=1.00e-03]:  72%|███████▏  | 2373710/3292864 [00:00<00:00, 4423921.32it/s]
[07:23]   [ComfyUI] Simplifying [thres=1.00e-03]:  72%|███████▏  | 2373710/3292864 [00:00<00:00, 4423921.32it/s]
[07:23]   [ComfyUI] Simplifying [thres=1.00e-03]:  75%|███████▌  | 2478212/3292864 [00:00<00:00, 4423921.32it/s]
[07:23]   [ComfyUI] Simplifying [thres=1.00e-03]:  78%|███████▊  | 2573202/3292864 [00:00<00:00, 4423921.32it/s][worker:ComfyUI-GeometryPack] [VRAM] -368MB (now 65MB) reserved=96MB peak=1157MB
[07:23]   [ComfyUI] 
[07:23]   [ComfyUI] Simplifying [thres=1.00e-03]:  81%|████████  | 2659838/3292864 [00:00<00:00, 4423921.32it/s]
[07:23]   [ComfyUI] Simplifying [thres=1.00e-03]:  83%|████████▎ | 2738058/3292864 [00:00<00:00, 4423921.32it/s]
[07:23]   [ComfyUI] Simplifying [thres=1.00e-03]:  85%|████████▌ | 2807356/3292864 [00:00<00:00, 4423921.32it/s]
[07:23]   [ComfyUI] Simplifying [thres=1.00e-03]:  87%|████████▋ | 2868752/3292864 [00:00<00:00, 4423921.32it/s]
[07:23]   [ComfyUI] Simplifying [thres=1.00e-03]:  89%|████████▊ | 2921344/3292864 [00:00<00:00, 4562083.73it/s]
[07:23]   [ComfyUI] Simplifying [thres=1.00e-03]:  89%|████████▊ | 2921344/3292864 [00:00<00:00, 4562083.73it/s]
[07:23]   [ComfyUI] Simplifying [thres=1.00e-03]:  90%|█████████ | 2966728/3292864 [00:00<00:00, 4562083.73it/s]
[07:23]   [ComfyUI] Simplifying [thres=1.00e-03]:  91%|█████████▏| 3005552/3292864 [00:00<00:00, 4562083.73it/s]
[07:23]   [ComfyUI] Simplifying [thres=1.00e-03]:  92%|█████████▏| 3038508/3292864 [00:00<00:00, 4562083.73it/s]
[07:23]   [ComfyUI] Simplifying [thres=1.00e-03]:  93%|█████████▎| 3066676/3292864 [00:00<00:00, 4562083.73it/s]
[07:23]   [ComfyUI] Simplifying [thres=1.00e-03]:  94%|█████████▍| 3090698/3292864 [00:00<00:00, 4562083.73it/s]
[07:23]   [ComfyUI] Simplifying [thres=1.00e-03]:  94%|█████████▍| 3111304/3292864 [00:00<00:00, 4562083.73it/s]
[07:23]   [ComfyUI] Simplifying [thres=1.00e-03]:  95%|█████████▌| 3129218/3292864 [00:00<00:00, 4562083.73it/s]
[07:23]   [ComfyUI] Simplifying [thres=1.00e-03]:  96%|█████████▌| 3145126/3292864 [00:00<00:00, 4562083.73it/s]
[07:23]   [ComfyUI] Simplifying [thres=1.00e-03]:  96%|█████████▌| 3159132/3292864 [00:00<00:00, 4562083.73it/s]
[07:23]   [ComfyUI] Simplifying [thres=1.00e-03]:  96%|█████████▋| 3171444/3292864 [00:00<00:00, 4562083.73it/s]
[07:23]   [ComfyUI] Simplifying [thres=1.00e-03]:  97%|█████████▋| 3182312/3292864 [00:01<00:00, 4562083.73it/s]
[07:23]   [ComfyUI] Simplifying [thres=1.00e-03]:  97%|█████████▋| 3192164/3292864 [00:01<00:00, 4562083.73it/s]
[07:23]   [ComfyUI] Simplifying [thres=1.00e-03]:  97%|█████████▋| 3200620/3292864 [00:01<00:00, 4562083.73it/s]
[07:23]   [ComfyUI] Simplifying [thres=1.00e-03]:  97%|█████████▋| 3208132/3292864 [00:01<00:00, 4562083.73it/s]
[07:23]   [ComfyUI] Simplifying [thres=1.00e-03]:  98%|█████████▊| 3214986/3292864 [00:01<00:00, 4562083.73it/s]
[07:23]   [ComfyUI] Simplifying [thres=1.00e-03]:  98%|█████████▊| 3221058/3292864 [00:01<00:00, 4562083.73it/s]
[07:23]   [ComfyUI] Simplifying [thres=1.00e-02]:  98%|█████████▊| 3226566/3292864 [00:01<00:00, 4562083.73it/s]
[07:23]   [ComfyUI] Simplifying [thres=1.00e-02]:  99%|█████████▉| 3273538/3292864 [00:01<00:00, 4562083.73it/s]
[07:23]   [ComfyUI] Simplifying [thres=1.00e-02]: 100%|██████████| 3292864/3292864 [00:01<00:00, 3016787.53it/s]
[07:23]   [ComfyUI] [worker:ComfyUI-GeometryPack] INFO: After simplify: 478,210 faces
[07:23]   [ComfyUI] [worker:ComfyUI-GeometryPack] INFO: Unified face orientations (post-simplify)
[07:23]   [ComfyUI] [worker:ComfyUI-GeometryPack] INFO: Output: 239112 vertices (+182909), 478210 faces (+365808)
[07:23]   [ComfyUI] [SubprocessWorker] got response: ok
[07:23]   [ComfyUI] [comfy-env] GeomPackRemesh_GPU done (2.25s): result: NodeOutput
[07:23]   [ComfyUI] [VRAM] After GeomPackRemesh_GPU: 1042 / 12287 MB
[07:23]   [ComfyUI] [comfy-env] Running GeomPackRemesh_PMPUniform: trimesh: Trimesh, pmp_edge_length: 1.0, pmp_iterations: 1, pmp_use_projection: 'true'
[07:23]   [ComfyUI] [VRAM] Before GeomPackRemesh_PMPUniform: 1042 / 12287 MB
[07:23]   [ComfyUI] [SubprocessWorker] call_method: nodes.remeshing.backends.pmp_uniform.RemeshPMPUniformNode.EXECUTE_NORMALIZED
[07:23]   [ComfyUI] [SubprocessWorker] acquired lock, ensuring started...
[07:23]   [ComfyUI] [ComfyUI-GeometryPack] Health check: ping (timeout=5.0s)...
[07:23]   [ComfyUI] [ComfyUI-GeometryPack] Health check: ok
[07:23]   [ComfyUI] [SubprocessWorker] worker started/confirmed
[07:23]   Node executed (3 total), capturing...
[07:23]   [ComfyUI] [SubprocessWorker] serializing kwargs to shm...
[07:23]   [ComfyUI] [SubprocessWorker] created 1 shm blocks
[07:23]   [ComfyUI] [SubprocessWorker] sending request via socket...
[07:23]   [ComfyUI] [SubprocessWorker] call_id=32 sending call_method
[07:23]   [ComfyUI] [worker:ComfyUI-GeometryPack] INFO: Backend: pmp_uniform
[07:23]   [ComfyUI] [worker:ComfyUI-GeometryPack] INFO: Input: 56203 vertices, 112402 faces
[07:23]   [ComfyUI] [worker:ComfyUI-GeometryPack] INFO: Parameters: edge_length=1.0, iterations=1, use_projection=true
[07:24]   Frame 5 saved (frame_004.jpg, t=6.6s)
[07:24]   [capture-node] freeze=4ms shot=121ms unfreeze=3ms saved=True
[07:24]   [capture-loop] iter=50 t=7.4s state={'complete': False, 'error': None, 'executedCount': 3, 'wsState': 1} eval_ms=3 ram=10.1/31.9GB (32%) swap=0.3/12.3GB (2%) cpu=9% browser_rss=0.75GB
[07:30]   [capture-loop] iter=100 t=13.4s state={'complete': False, 'error': None, 'executedCount': 3, 'wsState': 1} eval_ms=3 ram=10.1/31.9GB (32%) swap=0.3/12.3GB (2%) cpu=7% browser_rss=0.75GB
[07:36]   [capture-loop] iter=150 t=19.3s state={'complete': False, 'error': None, 'executedCount': 3, 'wsState': 1} eval_ms=3 ram=10.1/31.9GB (32%) swap=0.3/12.3GB (2%) cpu=7% browser_rss=0.71GB
[07:42]   [capture-loop] iter=200 t=25.3s state={'complete': False, 'error': None, 'executedCount': 3, 'wsState': 1} eval_ms=3 ram=10.0/31.9GB (32%) swap=0.3/12.3GB (2%) cpu=7% browser_rss=0.70GB
[07:48]   [capture-loop] iter=250 t=31.3s state={'complete': False, 'error': None, 'executedCount': 3, 'wsState': 1} eval_ms=4 ram=10.0/31.9GB (32%) swap=0.3/12.3GB (2%) cpu=7% browser_rss=0.69GB
[07:54]   [capture-loop] iter=300 t=37.4s state={'complete': False, 'error': None, 'executedCount': 3, 'wsState': 1} eval_ms=4 ram=10.1/31.9GB (32%) swap=0.3/12.3GB (2%) cpu=7% browser_rss=0.69GB
[08:00]   [capture-loop] iter=350 t=43.3s state={'complete': False, 'error': None, 'executedCount': 3, 'wsState': 1} eval_ms=3 ram=10.0/31.9GB (32%) swap=0.3/12.3GB (2%) cpu=6% browser_rss=0.69GB
[08:06]   [capture-loop] iter=400 t=49.3s state={'complete': False, 'error': None, 'executedCount': 3, 'wsState': 1} eval_ms=4 ram=10.1/31.9GB (32%) swap=0.3/12.3GB (2%) cpu=7% browser_rss=0.69GB
[08:12]   [capture-loop] iter=450 t=55.3s state={'complete': False, 'error': None, 'executedCount': 3, 'wsState': 1} eval_ms=3 ram=10.0/31.9GB (32%) swap=0.3/12.3GB (2%) cpu=6% browser_rss=0.69GB
[08:18]   [capture-loop] iter=500 t=61.1s state={'complete': False, 'error': None, 'executedCount': 3, 'wsState': 1} eval_ms=4 ram=10.1/31.9GB (32%) swap=0.3/12.3GB (2%) cpu=7% browser_rss=0.69GB
[08:24]   [capture-loop] iter=550 t=67.2s state={'complete': False, 'error': None, 'executedCount': 3, 'wsState': 1} eval_ms=3 ram=10.1/31.9GB (32%) swap=0.3/12.3GB (2%) cpu=6% browser_rss=0.70GB
[08:30]   [capture-loop] iter=600 t=73.2s state={'complete': False, 'error': None, 'executedCount': 3, 'wsState': 1} eval_ms=3 ram=10.1/31.9GB (32%) swap=0.3/12.3GB (2%) cpu=7% browser_rss=0.70GB
[08:36]   [capture-loop] iter=650 t=79.2s state={'complete': False, 'error': None, 'executedCount': 3, 'wsState': 1} eval_ms=3 ram=10.0/31.9GB (32%) swap=0.3/12.3GB (2%) cpu=7% browser_rss=0.69GB
[08:42]   [capture-loop] iter=700 t=85.2s state={'complete': False, 'error': None, 'executedCount': 3, 'wsState': 1} eval_ms=3 ram=10.0/31.9GB (31%) swap=0.3/12.3GB (2%) cpu=6% browser_rss=0.69GB
[08:48]   [capture-loop] iter=750 t=91.2s state={'complete': False, 'error': None, 'executedCount': 3, 'wsState': 1} eval_ms=3 ram=10.0/31.9GB (31%) swap=0.3/12.3GB (2%) cpu=7% browser_rss=0.69GB
[08:54]   [capture-loop] iter=800 t=97.2s state={'complete': False, 'error': None, 'executedCount': 3, 'wsState': 1} eval_ms=3 ram=10.0/31.9GB (31%) swap=0.3/12.3GB (2%) cpu=6% browser_rss=0.69GB
[09:00]   [capture-loop] iter=850 t=103.3s state={'complete': False, 'error': None, 'executedCount': 3, 'wsState': 1} eval_ms=3 ram=10.0/31.9GB (32%) swap=0.3/12.3GB (2%) cpu=6% browser_rss=0.69GB
[09:06]   [capture-loop] iter=900 t=109.2s state={'complete': False, 'error': None, 'executedCount': 3, 'wsState': 1} eval_ms=3 ram=10.0/31.9GB (31%) swap=0.3/12.3GB (2%) cpu=6% browser_rss=0.69GB
[09:12]   [capture-loop] iter=950 t=115.1s state={'complete': False, 'error': None, 'executedCount': 3, 'wsState': 1} eval_ms=3 ram=10.0/31.9GB (31%) swap=0.3/12.3GB (2%) cpu=6% browser_rss=0.69GB
[09:18]   [capture-loop] iter=1000 t=121.0s state={'complete': False, 'error': None, 'executedCount': 3, 'wsState': 1} eval_ms=3 ram=10.0/31.9GB (31%) swap=0.3/12.3GB (2%) cpu=5% browser_rss=0.69GB
[09:24]   [capture-loop] iter=1050 t=126.8s state={'complete': False, 'error': None, 'executedCount': 3, 'wsState': 1} eval_ms=4 ram=10.0/31.9GB (31%) swap=0.3/12.3GB (2%) cpu=4% browser_rss=0.69GB
[09:29]   [capture-loop] iter=1100 t=132.5s state={'complete': False, 'error': None, 'executedCount': 3, 'wsState': 1} eval_ms=4 ram=10.0/31.9GB (31%) swap=0.3/12.3GB (2%) cpu=4% browser_rss=0.69GB
[09:32]   [ComfyUI] [worker:ComfyUI-GeometryPack] INFO: Output: 49252 vertices, 98500 faces
[09:32]   [ComfyUI] [worker:ComfyUI-GeometryPack]
[09:32]   [ComfyUI] === WATCHDOG TICK 1 ===
[09:32]   [ComfyUI] [worker:ComfyUI-GeometryPack] Thread 0x00000b7c (most recent call first):
[09:32]   [ComfyUI]   File "C:\workspaces\GeometryPack-1637\portable-comfyui\ComfyUI_windows_portable\ComfyUI\.ce\.pixi\envs\geometrypack-nodes\Lib\threading.py", line 363 in wait
[09:32]   [ComfyUI]   File "C:\workspaces\GeometryPack-1637\portable-comfyui\ComfyUI_windows_portable\ComfyUI\.ce\.pixi\envs\geometrypack-nodes\Lib\threading.py", line 660 in wait
[09:32]   [ComfyUI]   File "C:\workspaces\GeometryPack-1637\portable-comfyui\ComfyUI_windows_portable\ComfyUI\.ce\.pixi\envs\geometrypack-nodes\Lib\site-packages\tqdm\_monitor.py", line 60 in run
[09:32]   [ComfyUI]   File "C:\workspaces\GeometryPack-1637\portable-comfyui\ComfyUI_windows_portable\ComfyUI\.ce\.pixi\envs\geometrypack-nodes\Lib\threading.py", line 1044 in _bootstrap_inner
[09:32]   [ComfyUI]   File "C:\workspaces\GeometryPack-1637\portable-comfyui\ComfyUI_windows_portable\ComfyUI\.ce\.pixi\envs\geometrypack-nodes\Lib\threading.py", line 1015 in _bootstrap
[09:32]   [ComfyUI] 
[09:32]   [ComfyUI] Thread 0x00004774 (most recent call first):
[09:32]   [ComfyUI]   File "C:\Users\ContainerAdministrator\AppData\Local\Temp\comfyui_pvenv_qlh_0uqo\persistent_worker.py", line 106 in _vram_poller
[09:32]   [ComfyUI]   File "C:\workspaces\GeometryPack-1637\portable-comfyui\ComfyUI_windows_portable\ComfyUI\.ce\.pixi\envs\geometrypack-nodes\Lib\threading.py", line 995 in run
[09:32]   [ComfyUI]   File "C:\workspaces\GeometryPack-1637\portable-comfyui\ComfyUI_windows_portable\ComfyUI\.ce\.pixi\envs\geometrypack-nodes\Lib\threading.py", line 1044 in _bootstrap_inner
[09:32]   [ComfyUI]   File "C:\workspaces\GeometryPack-1637\portable-comfyui\ComfyUI_windows_portable\ComfyUI\.ce\.pixi\envs\geometrypack-nodes\Lib\threading.py", line 1015 in _bootstrap
[09:32]   [ComfyUI] 
[09:32]   [ComfyUI] Current thread 0x00003334 (most recent call first):
[09:32]   [ComfyUI]   File "C:\Users\ContainerAdministrator\AppData\Local\Temp\comfyui_pvenv_qlh_0uqo\persistent_worker.py", line 52 in _watchdog
[09:32]   [ComfyUI]   File "C:\workspaces\GeometryPack-1637\portable-comfyui\ComfyUI_windows_portable\ComfyUI\.ce\.pixi\envs\geometrypack-nodes\Lib\threading.py", line 995 in run
[09:32]   [ComfyUI]   File "C:\workspaces\GeometryPack-1637\portable-comfyui\ComfyUI_windows_portable\ComfyUI\.ce\.pixi\envs\geometrypack-nodes\Lib\threading.py", line 1044 in _bootstrap_inner
[09:32]   [ComfyUI]   File "C:\workspaces\GeometryPack-1637\portable-comfyui\ComfyUI_windows_portable\ComfyUI\.ce\.pixi\envs\geometrypack-nodes\Lib\threading.py", line 1015 in _bootstrap
[09:32]   [ComfyUI] 
[09:32]   [ComfyUI] Thread 0x00004218 (most recent call first):
[09:32]   [ComfyUI]   File "C:\workspaces\GeometryPack-1637\portable-comfyui\ComfyUI_windows_portable\ComfyUI\.ce\.pixi\envs\geometrypack-nodes\Lib\site-packages\trimesh\base.py", line 374 in faces
[09:32]   [ComfyUI]   File "C:\workspaces\GeometryPack-1637\portable-comfyui\ComfyUI_windows_portable\ComfyUI\.ce\.pixi\envs\geometrypack-nodes\Lib\site-packages\trimesh\base.py", line 192 in __init__
[09:32]   [ComfyUI]   File "C:\workspaces\GeometryPack-1637\portable-comfyui\ComfyUI_windows_portable\ComfyUI\custom_nodes\ComfyUI-GeometryPack\nodes\remeshing\backends\pmp_uniform.py", line 55 in execute
[09:32]   [ComfyUI]   File "C:\workspaces\GeometryPack-1637\portable-comfyui\ComfyUI_windows_portable\ComfyUI\comfy_api\latest\_io.py", line 1826 in EXECUTE_NORMALIZED
[09:32]   [ComfyUI]   File "C:\Users\ContainerAdministrator\AppData\Local\Temp\comfyui_pvenv_qlh_0uqo\persistent_worker.py", line 1762 in main
[09:32]   [ComfyUI]   File "C:\Users\ContainerAdministrator\AppData\Local\Temp\comfyui_pvenv_qlh_0uqo\persistent_worker.py", line 1807 in <module>
[09:32]   [ComfyUI] 
[09:32]   Node executed (4 total), capturing...
[09:32]   [ComfyUI] [worker:ComfyUI-GeometryPack] === END ===
[09:32]   [ComfyUI] 
[09:32]   [ComfyUI] [SubprocessWorker] got response: ok
[09:32]   [ComfyUI] [comfy-env] GeomPackRemesh_PMPUniform done (128.47s): result: NodeOutput
[09:32]   [ComfyUI] [VRAM] After GeomPackRemesh_PMPUniform: 1042 / 12287 MB
[09:32]   [ComfyUI] [comfy-env] Running GeomPackRemesh_GeogramAniso: trimesh: Trimesh, nb_points_aniso: 5000, anisotropy: 0.04
[09:32]   [ComfyUI] [VRAM] Before GeomPackRemesh_GeogramAniso: 1042 / 12287 MB
[09:32]   [ComfyUI] [SubprocessWorker] call_method: nodes.remeshing.backends.geogram_aniso.RemeshGeogramAnisoNode.EXECUTE_NORMALIZED
[09:32]   [ComfyUI] [SubprocessWorker] acquired lock, ensuring started...
[09:32]   [ComfyUI] [ComfyUI-GeometryPack] Health check: ping (timeout=5.0s)...
[09:32]   [ComfyUI] [ComfyUI-GeometryPack] Health check: ok
[09:32]   [ComfyUI] [SubprocessWorker] worker started/confirmed
[09:32]   [ComfyUI] [SubprocessWorker] serializing kwargs to shm...
[09:32]   [ComfyUI] [SubprocessWorker] created 1 shm blocks
[09:32]   [ComfyUI] [SubprocessWorker] sending request via socket...
[09:32]   [ComfyUI] [SubprocessWorker] call_id=33 sending call_method
[09:32]   [ComfyUI] [worker:ComfyUI-GeometryPack] INFO: Backend: geogram_anisotropic
[09:32]   [ComfyUI] [worker:ComfyUI-GeometryPack] INFO: Input: 56203 vertices, 112402 faces
[09:32]   [ComfyUI] [worker:ComfyUI-GeometryPack] INFO: Parameters: nb_points=5,000, anisotropy=0.04
[09:32]   Frame 6 saved (frame_005.jpg, t=135.1s)
[09:32]   [capture-node] freeze=5ms shot=148ms unfreeze=9ms saved=True
[09:33]   [ComfyUI] [worker:ComfyUI-GeometryPack] INFO: Output: 4999 vertices, 9994 faces
[09:33]   [ComfyUI] [SubprocessWorker] got response: ok
[09:33]   [ComfyUI] [comfy-env] GeomPackRemesh_GeogramAniso done (0.96s): result: NodeOutput
[09:33]   [ComfyUI] [VRAM] After GeomPackRemesh_GeogramAniso: 1042 / 12287 MB
[09:33]   [ComfyUI] [comfy-env] Running GeomPackRemesh_MMG: trimesh: Trimesh, hausd: 0.1, hmin: 0.0, hmax: 0.0, hgrad: 1.3
[09:33]   [ComfyUI] [VRAM] Before GeomPackRemesh_MMG: 1042 / 12287 MB
[09:33]   [ComfyUI] [SubprocessWorker] call_method: nodes.remeshing.backends.mmg.RemeshMMGNode.EXECUTE_NORMALIZED
[09:33]   [ComfyUI] [SubprocessWorker] acquired lock, ensuring started...
[09:33]   [ComfyUI] [ComfyUI-GeometryPack] Health check: ping (timeout=5.0s)...
[09:33]   [ComfyUI] [ComfyUI-GeometryPack] Health check: ok
[09:33]   [ComfyUI] [SubprocessWorker] worker started/confirmed
[09:33]   [ComfyUI] [SubprocessWorker] serializing kwargs to shm...
[09:33]   [ComfyUI] [SubprocessWorker] created 1 shm blocks
[09:33]   [ComfyUI] [SubprocessWorker] sending request via socket...
[09:33]   [ComfyUI] [SubprocessWorker] call_id=34 sending call_method
[09:33]   Node executed (5 total), capturing...
[09:33]   [ComfyUI] [worker:ComfyUI-GeometryPack] WARNING: mmgpy not available on Windows � returning input mesh unchanged
[09:33]   [ComfyUI] [SubprocessWorker] got response: ok
[09:33]   [ComfyUI] [comfy-env] GeomPackRemesh_MMG done (0.10s): result: NodeOutput
[09:33]   [ComfyUI] [VRAM] After GeomPackRemesh_MMG: 1042 / 12287 MB
[09:33]   [ComfyUI] [comfy-env] Running GeomPackPreviewMeshMulti: mode: 'fields', mesh_1: Trimesh, mesh_2: Trimesh, mesh_3: Trimesh, mesh_4: Trimesh
[09:33]   [ComfyUI] [VRAM] Before GeomPackPreviewMeshMulti: 1042 / 12287 MB
[09:33]   [ComfyUI] [SubprocessWorker] call_method: nodes.visualization.preview_mesh_multi.PreviewMeshMultiNode.EXECUTE_NORMALIZED
[09:33]   [ComfyUI] [SubprocessWorker] acquired lock, ensuring started...
[09:33]   [ComfyUI] [ComfyUI-GeometryPack] Health check: ping (timeout=5.0s)...
[09:33]   [ComfyUI] [ComfyUI-GeometryPack] Health check: ok
[09:33]   [ComfyUI] [SubprocessWorker] worker started/confirmed
[09:33]   [ComfyUI] [SubprocessWorker] serializing kwargs to shm...
[09:33]   [ComfyUI] [SubprocessWorker] created 4 shm blocks
[09:33]   [ComfyUI] [SubprocessWorker] sending request via socket...
[09:33]   [ComfyUI] [SubprocessWorker] call_id=35 sending call_method
[09:33]   [ComfyUI] [worker:ComfyUI-GeometryPack] INFO: Mode: fields, Meshes: 4
[09:33]   [ComfyUI] [worker:ComfyUI-GeometryPack] INFO: Mesh 1: Mesh - 56203 vertices, 112402 faces
[09:33]   [ComfyUI] [worker:ComfyUI-GeometryPack] INFO: Exporting mesh to VTP: C:\workspaces\GeometryPack-1637\portable-comfyui\ComfyUI_windows_portable\ComfyUI\output\preview_multi_1_79452fff.vtp
[09:33]   Frame 7 saved (frame_006.jpg, t=136.1s)
[09:33]   [capture-node] freeze=3ms shot=126ms unfreeze=3ms saved=True
[09:33]   [ComfyUI] [worker:ComfyUI-GeometryPack] INFO: Adding normals field (56203 vertices)
[09:33]   Node executed (6 total), capturing...
[09:33]   [ComfyUI] [worker:ComfyUI-GeometryPack] INFO: Adding face field: stl
[09:34]   [capture-node] freeze=4ms shot=110ms unfreeze=10ms saved=False
[09:34]   [ComfyUI] [worker:ComfyUI-GeometryPack] INFO: Export complete: 56203 vertices, 112402 faces
[09:34]   [ComfyUI] [worker:ComfyUI-GeometryPack] INFO: Exported VTP: C:\workspaces\GeometryPack-1637\portable-comfyui\ComfyUI_windows_portable\ComfyUI\output\preview_multi_1_79452fff.vtp
[09:34]   [ComfyUI] [worker:ComfyUI-GeometryPack] INFO: Mesh 2: Mesh - 5000 vertices, 9996 faces
[09:34]   [ComfyUI] [worker:ComfyUI-GeometryPack] INFO: Exporting mesh to VTP: C:\workspaces\GeometryPack-1637\portable-comfyui\ComfyUI_windows_portable\ComfyUI\output\preview_multi_2_79452fff.vtp
[09:34]   [ComfyUI] [worker:ComfyUI-GeometryPack] INFO: Adding normals field (5000 vertices)
[09:34]   [ComfyUI] [worker:ComfyUI-GeometryPack] INFO: Export complete: 5000 vertices, 9996 faces
[09:34]   [ComfyUI] [worker:ComfyUI-GeometryPack] INFO: Exported VTP: C:\workspaces\GeometryPack-1637\portable-comfyui\ComfyUI_windows_portable\ComfyUI\output\preview_multi_2_79452fff.vtp
[09:34]   [ComfyUI] [worker:ComfyUI-GeometryPack] INFO: Mesh 3: Mesh - 4999 vertices, 9994 faces
[09:34]   [ComfyUI] [worker:ComfyUI-GeometryPack] INFO: Exporting mesh to VTP: C:\workspaces\GeometryPack-1637\portable-comfyui\ComfyUI_windows_portable\ComfyUI\output\preview_multi_3_79452fff.vtp
[09:34]   [ComfyUI] [worker:ComfyUI-GeometryPack] INFO: Adding normals field (4999 vertices)
[09:34]   [ComfyUI] [worker:ComfyUI-GeometryPack] INFO: Export complete: 4999 vertices, 9994 faces
[09:34]   [ComfyUI] [worker:ComfyUI-GeometryPack] INFO: Exported VTP: C:\workspaces\GeometryPack-1637\portable-comfyui\ComfyUI_windows_portable\ComfyUI\output\preview_multi_3_79452fff.vtp
[09:34]   [ComfyUI] [worker:ComfyUI-GeometryPack] INFO: Mesh 4: Mesh - 49252 vertices, 98500 faces
[09:34]   [ComfyUI] [worker:ComfyUI-GeometryPack] INFO: Exporting mesh to VTP: C:\workspaces\GeometryPack-1637\portable-comfyui\ComfyUI_windows_portable\ComfyUI\output\preview_multi_4_79452fff.vtp
[09:34]   [ComfyUI] [worker:ComfyUI-GeometryPack] INFO: Adding normals field (49252 vertices)
[09:34]   [ComfyUI] [worker:ComfyUI-GeometryPack] INFO: Export complete: 49252 vertices, 98500 faces
[09:34]   [ComfyUI] [worker:ComfyUI-GeometryPack] INFO: Exported VTP: C:\workspaces\GeometryPack-1637\portable-comfyui\ComfyUI_windows_portable\ComfyUI\output\preview_multi_4_79452fff.vtp
[09:34]   [ComfyUI] [worker:ComfyUI-GeometryPack] INFO: Grid: 2x2, Preview ready
[09:34]   [ComfyUI] [SubprocessWorker] got response: ok
[09:34]   [ComfyUI] [comfy-env] GeomPackPreviewMeshMulti done (1.52s): result: NodeOutput
[09:34]   [ComfyUI] [VRAM] After GeomPackPreviewMeshMulti: 1042 / 12287 MB
[09:34]   [ComfyUI] [comfy-env] Running GeomPackRemesh_QuadriFlow: trimesh: Trimesh, target_face_count: 5000, preserve_sharp: 'false', preserve_boundary: 'true'
[09:34]   [ComfyUI] [VRAM] Before GeomPackRemesh_QuadriFlow: 1042 / 12287 MB
[09:34]   [ComfyUI] [SubprocessWorker] call_method: nodes.remeshing.backends.quadriflow.RemeshQuadriFlowNode.EXECUTE_NORMALIZED
[09:34]   [ComfyUI] [SubprocessWorker] acquired lock, ensuring started...
[09:34]   [ComfyUI] [ComfyUI-GeometryPack] Health check: ping (timeout=5.0s)...
[09:34]   [ComfyUI] [ComfyUI-GeometryPack] Health check: ok
[09:34]   [ComfyUI] [SubprocessWorker] worker started/confirmed
[09:34]   [ComfyUI] [SubprocessWorker] serializing kwargs to shm...
[09:34]   [ComfyUI] [SubprocessWorker] created 1 shm blocks
[09:34]   [ComfyUI] [SubprocessWorker] sending request via socket...
[09:34]   [ComfyUI] [SubprocessWorker] call_id=36 sending call_method
[09:34]   Node executed (7 total), capturing...
[09:34]   [ComfyUI] [worker:ComfyUI-GeometryPack] INFO: Backend: quadriflow
[09:34]   [ComfyUI] [worker:ComfyUI-GeometryPack] INFO: Input: 56203 vertices, 112402 faces
[09:34]   [ComfyUI] [worker:ComfyUI-GeometryPack] INFO: Parameters: target_face_count=5,000, preserve_sharp=false, preserve_boundary=true
[09:36]   Frame 8 saved (frame_007.jpg, t=137.8s)
[09:36]   [capture-node] freeze=805ms shot=146ms unfreeze=4ms saved=True
[09:37]   [capture-loop] iter=1150 t=140.4s state={'complete': False, 'error': None, 'executedCount': 7, 'wsState': 1} eval_ms=3 ram=10.2/31.9GB (32%) swap=0.3/12.3GB (2%) cpu=9% browser_rss=0.94GB
[09:43]   [capture-loop] iter=1200 t=146.4s state={'complete': False, 'error': None, 'executedCount': 7, 'wsState': 1} eval_ms=3 ram=10.3/31.9GB (32%) swap=0.3/12.3GB (2%) cpu=4% browser_rss=0.93GB
[09:49]   [capture-loop] iter=1250 t=152.3s state={'complete': False, 'error': None, 'executedCount': 7, 'wsState': 1} eval_ms=3 ram=10.3/31.9GB (32%) swap=0.3/12.3GB (2%) cpu=4% browser_rss=0.93GB
[09:55]   [capture-loop] iter=1300 t=158.1s state={'complete': False, 'error': None, 'executedCount': 7, 'wsState': 1} eval_ms=3 ram=10.2/31.9GB (32%) swap=0.3/12.3GB (2%) cpu=4% browser_rss=0.85GB
[10:01]   [capture-loop] iter=1350 t=164.0s state={'complete': False, 'error': None, 'executedCount': 7, 'wsState': 1} eval_ms=3 ram=10.2/31.9GB (32%) swap=0.3/12.3GB (2%) cpu=4% browser_rss=0.85GB
[10:07]   [capture-loop] iter=1400 t=169.9s state={'complete': False, 'error': None, 'executedCount': 7, 'wsState': 1} eval_ms=3 ram=10.2/31.9GB (32%) swap=0.3/12.3GB (2%) cpu=4% browser_rss=0.85GB
[10:13]   [capture-loop] iter=1450 t=175.7s state={'complete': False, 'error': None, 'executedCount': 7, 'wsState': 1} eval_ms=3 ram=10.2/31.9GB (32%) swap=0.3/12.3GB (2%) cpu=4% browser_rss=0.85GB
[10:18]   [capture-loop] iter=1500 t=181.6s state={'complete': False, 'error': None, 'executedCount': 7, 'wsState': 1} eval_ms=3 ram=10.2/31.9GB (32%) swap=0.3/12.3GB (2%) cpu=4% browser_rss=0.85GB
[10:24]   [capture-loop] iter=1550 t=187.4s state={'complete': False, 'error': None, 'executedCount': 7, 'wsState': 1} eval_ms=3 ram=10.2/31.9GB (32%) swap=0.3/12.3GB (2%) cpu=4% browser_rss=0.85GB
[10:30]   [capture-loop] iter=1600 t=193.3s state={'complete': False, 'error': None, 'executedCount': 7, 'wsState': 1} eval_ms=3 ram=10.2/31.9GB (32%) swap=0.3/12.3GB (2%) cpu=4% browser_rss=0.85GB
[10:36]   [capture-loop] iter=1650 t=199.2s state={'complete': False, 'error': None, 'executedCount': 7, 'wsState': 1} eval_ms=3 ram=10.2/31.9GB (32%) swap=0.3/12.3GB (2%) cpu=4% browser_rss=0.85GB
[10:42]   [capture-loop] iter=1700 t=204.9s state={'complete': False, 'error': None, 'executedCount': 7, 'wsState': 1} eval_ms=3 ram=10.2/31.9GB (32%) swap=0.3/12.3GB (2%) cpu=4% browser_rss=0.85GB
[10:48]   [capture-loop] iter=1750 t=210.8s state={'complete': False, 'error': None, 'executedCount': 7, 'wsState': 1} eval_ms=3 ram=10.2/31.9GB (32%) swap=0.3/12.3GB (2%) cpu=4% browser_rss=0.85GB
[10:54]   [capture-loop] iter=1800 t=216.7s state={'complete': False, 'error': None, 'executedCount': 7, 'wsState': 1} eval_ms=3 ram=10.2/31.9GB (32%) swap=0.3/12.3GB (2%) cpu=4% browser_rss=0.85GB
[10:59]   [capture-loop] iter=1850 t=222.5s state={'complete': False, 'error': None, 'executedCount': 7, 'wsState': 1} eval_ms=4 ram=10.2/31.9GB (32%) swap=0.3/12.3GB (2%) cpu=4% browser_rss=0.85GB
[11:05]   [capture-loop] iter=1900 t=228.4s state={'complete': False, 'error': None, 'executedCount': 7, 'wsState': 1} eval_ms=3 ram=10.2/31.9GB (32%) swap=0.3/12.3GB (2%) cpu=4% browser_rss=0.85GB
[11:11]   [capture-loop] iter=1950 t=234.2s state={'complete': False, 'error': None, 'executedCount': 7, 'wsState': 1} eval_ms=3 ram=10.2/31.9GB (32%) swap=0.3/12.3GB (2%) cpu=4% browser_rss=0.85GB
[11:17]   [capture-loop] iter=2000 t=240.1s state={'complete': False, 'error': None, 'executedCount': 7, 'wsState': 1} eval_ms=3 ram=10.1/31.9GB (32%) swap=0.3/12.3GB (2%) cpu=4% browser_rss=0.85GB
[11:23]   [capture-loop] iter=2050 t=246.0s state={'complete': False, 'error': None, 'executedCount': 7, 'wsState': 1} eval_ms=3 ram=10.1/31.9GB (32%) swap=0.3/12.3GB (2%) cpu=4% browser_rss=0.85GB
[11:29]   [capture-loop] iter=2100 t=251.8s state={'complete': False, 'error': None, 'executedCount': 7, 'wsState': 1} eval_ms=3 ram=10.1/31.9GB (32%) swap=0.3/12.3GB (2%) cpu=4% browser_rss=0.85GB
[11:35]   [capture-loop] iter=2150 t=257.7s state={'complete': False, 'error': None, 'executedCount': 7, 'wsState': 1} eval_ms=3 ram=10.1/31.9GB (32%) swap=0.3/12.3GB (2%) cpu=4% browser_rss=0.85GB
[11:40]   [capture-loop] iter=2200 t=263.6s state={'complete': False, 'error': None, 'executedCount': 7, 'wsState': 1} eval_ms=4 ram=10.1/31.9GB (32%) swap=0.3/12.3GB (2%) cpu=4% browser_rss=0.85GB
[11:46]   [capture-loop] iter=2250 t=269.3s state={'complete': False, 'error': None, 'executedCount': 7, 'wsState': 1} eval_ms=3 ram=10.1/31.9GB (32%) swap=0.3/12.3GB (2%) cpu=4% browser_rss=0.85GB
[11:52]   [capture-loop] iter=2300 t=275.2s state={'complete': False, 'error': None, 'executedCount': 7, 'wsState': 1} eval_ms=3 ram=10.1/31.9GB (32%) swap=0.3/12.3GB (2%) cpu=4% browser_rss=0.85GB
[11:58]   [capture-loop] iter=2350 t=281.1s state={'complete': False, 'error': None, 'executedCount': 7, 'wsState': 1} eval_ms=3 ram=10.1/31.9GB (32%) swap=0.3/12.3GB (2%) cpu=5% browser_rss=0.85GB
[12:04]   [capture-loop] iter=2400 t=286.9s state={'complete': False, 'error': None, 'executedCount': 7, 'wsState': 1} eval_ms=3 ram=10.1/31.9GB (32%) swap=0.3/12.3GB (2%) cpu=4% browser_rss=0.85GB
[12:10]   [capture-loop] iter=2450 t=292.8s state={'complete': False, 'error': None, 'executedCount': 7, 'wsState': 1} eval_ms=3 ram=10.1/31.9GB (32%) swap=0.3/12.3GB (2%) cpu=4% browser_rss=0.85GB
[12:16]   [capture-loop] iter=2500 t=298.7s state={'complete': False, 'error': None, 'executedCount': 7, 'wsState': 1} eval_ms=3 ram=10.1/31.9GB (32%) swap=0.3/12.3GB (2%) cpu=4% browser_rss=0.85GB
[12:21]   [capture-loop] iter=2550 t=304.5s state={'complete': False, 'error': None, 'executedCount': 7, 'wsState': 1} eval_ms=4 ram=10.1/31.9GB (32%) swap=0.3/12.3GB (2%) cpu=4% browser_rss=0.85GB
[12:27]   [capture-loop] iter=2600 t=310.4s state={'complete': False, 'error': None, 'executedCount': 7, 'wsState': 1} eval_ms=3 ram=10.1/31.9GB (32%) swap=0.3/12.3GB (2%) cpu=4% browser_rss=0.85GB
[12:33]   [capture-loop] iter=2650 t=316.1s state={'complete': False, 'error': None, 'executedCount': 7, 'wsState': 1} eval_ms=3 ram=10.1/31.9GB (32%) swap=0.3/12.3GB (2%) cpu=4% browser_rss=0.85GB
[12:39]   [capture-loop] iter=2700 t=322.0s state={'complete': False, 'error': None, 'executedCount': 7, 'wsState': 1} eval_ms=3 ram=10.1/31.9GB (32%) swap=0.3/12.3GB (2%) cpu=4% browser_rss=0.85GB
[12:45]   [capture-loop] iter=2750 t=327.9s state={'complete': False, 'error': None, 'executedCount': 7, 'wsState': 1} eval_ms=3 ram=10.1/31.9GB (32%) swap=0.3/12.3GB (2%) cpu=4% browser_rss=0.85GB
[12:51]   [capture-loop] iter=2800 t=333.7s state={'complete': False, 'error': None, 'executedCount': 7, 'wsState': 1} eval_ms=3 ram=10.1/31.9GB (32%) swap=0.3/12.3GB (2%) cpu=4% browser_rss=0.85GB
[12:56]   [capture-loop] iter=2850 t=339.6s state={'complete': False, 'error': None, 'executedCount': 7, 'wsState': 1} eval_ms=3 ram=10.1/31.9GB (32%) swap=0.3/12.3GB (2%) cpu=4% browser_rss=0.85GB
[13:02]   [capture-loop] iter=2900 t=345.5s state={'complete': False, 'error': None, 'executedCount': 7, 'wsState': 1} eval_ms=3 ram=10.1/31.9GB (32%) swap=0.3/12.3GB (2%) cpu=4% browser_rss=0.85GB
[13:08]   [capture-loop] iter=2950 t=351.3s state={'complete': False, 'error': None, 'executedCount': 7, 'wsState': 1} eval_ms=3 ram=10.1/31.9GB (32%) swap=0.3/12.3GB (2%) cpu=4% browser_rss=0.85GB
[13:14]   [capture-loop] iter=3000 t=357.2s state={'complete': False, 'error': None, 'executedCount': 7, 'wsState': 1} eval_ms=3 ram=10.1/31.9GB (32%) swap=0.3/12.3GB (2%) cpu=4% browser_rss=0.85GB
[13:20]   [capture-loop] iter=3050 t=363.0s state={'complete': False, 'error': None, 'executedCount': 7, 'wsState': 1} eval_ms=3 ram=10.1/31.9GB (32%) swap=0.3/12.3GB (2%) cpu=4% browser_rss=0.85GB
[13:26]   [capture-loop] iter=3100 t=368.8s state={'complete': False, 'error': None, 'executedCount': 7, 'wsState': 1} eval_ms=3 ram=10.1/31.9GB (32%) swap=0.3/12.3GB (2%) cpu=4% browser_rss=0.85GB
[13:32]   [capture-loop] iter=3150 t=374.6s state={'complete': False, 'error': None, 'executedCount': 7, 'wsState': 1} eval_ms=3 ram=10.1/31.9GB (32%) swap=0.3/12.3GB (2%) cpu=4% browser_rss=0.85GB
[13:37]   [capture-loop] iter=3200 t=380.4s state={'complete': False, 'error': None, 'executedCount': 7, 'wsState': 1} eval_ms=3 ram=10.1/31.9GB (32%) swap=0.3/12.3GB (2%) cpu=4% browser_rss=0.85GB
[13:43]   [capture-loop] iter=3250 t=386.3s state={'complete': False, 'error': None, 'executedCount': 7, 'wsState': 1} eval_ms=3 ram=10.1/31.9GB (32%) swap=0.3/12.3GB (2%) cpu=4% browser_rss=0.85GB
[13:49]   [capture-loop] iter=3300 t=392.1s state={'complete': False, 'error': None, 'executedCount': 7, 'wsState': 1} eval_ms=3 ram=10.1/31.9GB (32%) swap=0.3/12.3GB (2%) cpu=4% browser_rss=0.85GB
[13:55]   [capture-loop] iter=3350 t=397.9s state={'complete': False, 'error': None, 'executedCount': 7, 'wsState': 1} eval_ms=4 ram=10.1/31.9GB (32%) swap=0.3/12.3GB (2%) cpu=4% browser_rss=0.85GB
[14:01]   [capture-loop] iter=3400 t=403.8s state={'complete': False, 'error': None, 'executedCount': 7, 'wsState': 1} eval_ms=3 ram=10.1/31.9GB (32%) swap=0.3/12.3GB (2%) cpu=4% browser_rss=0.85GB
[14:07]   [capture-loop] iter=3450 t=409.7s state={'complete': False, 'error': None, 'executedCount': 7, 'wsState': 1} eval_ms=3 ram=10.1/31.9GB (32%) swap=0.3/12.3GB (2%) cpu=4% browser_rss=0.85GB
[14:12]   [capture-loop] iter=3500 t=415.5s state={'complete': False, 'error': None, 'executedCount': 7, 'wsState': 1} eval_ms=3 ram=10.1/31.9GB (32%) swap=0.3/12.3GB (2%) cpu=4% browser_rss=0.85GB
[14:18]   [capture-loop] iter=3550 t=421.4s state={'complete': False, 'error': None, 'executedCount': 7, 'wsState': 1} eval_ms=3 ram=10.1/31.9GB (32%) swap=0.3/12.3GB (2%) cpu=4% browser_rss=0.85GB
[14:24]   [capture-loop] iter=3600 t=427.4s state={'complete': False, 'error': None, 'executedCount': 7, 'wsState': 1} eval_ms=3 ram=9.8/31.9GB (31%) swap=0.3/12.3GB (2%) cpu=5% browser_rss=0.85GB
[14:30]   [capture-loop] iter=3650 t=433.1s state={'complete': False, 'error': None, 'executedCount': 7, 'wsState': 1} eval_ms=3 ram=9.8/31.9GB (31%) swap=0.3/12.3GB (2%) cpu=4% browser_rss=0.85GB
[14:36]   [capture-loop] iter=3700 t=439.1s state={'complete': False, 'error': None, 'executedCount': 7, 'wsState': 1} eval_ms=3 ram=9.9/31.9GB (31%) swap=0.3/12.3GB (2%) cpu=5% browser_rss=0.85GB
[14:42]   [capture-loop] iter=3750 t=444.8s state={'complete': False, 'error': None, 'executedCount': 7, 'wsState': 1} eval_ms=3 ram=9.9/31.9GB (31%) swap=0.3/12.3GB (2%) cpu=4% browser_rss=0.85GB
[14:48]   [capture-loop] iter=3800 t=450.7s state={'complete': False, 'error': None, 'executedCount': 7, 'wsState': 1} eval_ms=3 ram=9.9/31.9GB (31%) swap=0.3/12.3GB (2%) cpu=4% browser_rss=0.85GB
[14:54]   [capture-loop] iter=3850 t=456.7s state={'complete': False, 'error': None, 'executedCount': 7, 'wsState': 1} eval_ms=3 ram=10.1/31.9GB (32%) swap=0.3/12.3GB (2%) cpu=4% browser_rss=0.85GB
[14:59]   [capture-loop] iter=3900 t=462.5s state={'complete': False, 'error': None, 'executedCount': 7, 'wsState': 1} eval_ms=3 ram=9.9/31.9GB (31%) swap=0.3/12.3GB (2%) cpu=4% browser_rss=0.85GB
[15:05]   [capture-loop] iter=3950 t=468.4s state={'complete': False, 'error': None, 'executedCount': 7, 'wsState': 1} eval_ms=3 ram=10.0/31.9GB (31%) swap=0.3/12.3GB (2%) cpu=5% browser_rss=0.85GB
[15:11]   [capture-loop] iter=4000 t=474.3s state={'complete': False, 'error': None, 'executedCount': 7, 'wsState': 1} eval_ms=3 ram=10.0/31.9GB (31%) swap=0.3/12.3GB (2%) cpu=5% browser_rss=0.85GB
[15:17]   [capture-loop] iter=4050 t=480.5s state={'complete': False, 'error': None, 'executedCount': 7, 'wsState': 1} eval_ms=4 ram=10.1/31.9GB (32%) swap=0.3/12.3GB (2%) cpu=5% browser_rss=0.85GB
[15:23]   [capture-loop] iter=4100 t=486.4s state={'complete': False, 'error': None, 'executedCount': 7, 'wsState': 1} eval_ms=3 ram=10.1/31.9GB (32%) swap=0.3/12.3GB (2%) cpu=4% browser_rss=0.85GB
[15:29]   [capture-loop] iter=4150 t=492.3s state={'complete': False, 'error': None, 'executedCount': 7, 'wsState': 1} eval_ms=3 ram=10.1/31.9GB (32%) swap=0.3/12.3GB (2%) cpu=4% browser_rss=0.85GB
[15:35]   [capture-loop] iter=4200 t=498.2s state={'complete': False, 'error': None, 'executedCount': 7, 'wsState': 1} eval_ms=3 ram=10.0/31.9GB (32%) swap=0.3/12.3GB (2%) cpu=4% browser_rss=0.85GB
[15:41]   [capture-loop] iter=4250 t=504.0s state={'complete': False, 'error': None, 'executedCount': 7, 'wsState': 1} eval_ms=3 ram=10.0/31.9GB (31%) swap=0.3/12.3GB (2%) cpu=4% browser_rss=0.85GB
[15:47]   [capture-loop] iter=4300 t=509.9s state={'complete': False, 'error': None, 'executedCount': 7, 'wsState': 1} eval_ms=3 ram=10.0/31.9GB (32%) swap=0.3/12.3GB (2%) cpu=4% browser_rss=0.85GB
[15:52]   [capture-loop] iter=4350 t=515.6s state={'complete': False, 'error': None, 'executedCount': 7, 'wsState': 1} eval_ms=3 ram=10.0/31.9GB (31%) swap=0.3/12.3GB (2%) cpu=4% browser_rss=0.85GB
[15:56]   [ComfyUI] [worker:ComfyUI-GeometryPack] INFO: Output: 4965 vertices, 9926 faces
[15:56]   [ComfyUI] [worker:ComfyUI-GeometryPack]
[15:56]   [ComfyUI] === WATCHDOG TICK 2 ===
[15:56]   [ComfyUI] [worker:ComfyUI-GeometryPack] Thread 0x00000b7c (most recent call first):
[15:57]   [ComfyUI]   File "C:\workspaces\GeometryPack-1637\portable-comfyui\ComfyUI_windows_portable\ComfyUI\.ce\.pixi\envs\geometrypack-nodes\Lib\threading.py", line 363 in wait
[15:57]   [ComfyUI]   File "C:\workspaces\GeometryPack-1637\portable-comfyui\ComfyUI_windows_portable\ComfyUI\.ce\.pixi\envs\geometrypack-nodes\Lib\threading.py", line 660 in wait
[15:57]   [ComfyUI]   File "C:\workspaces\GeometryPack-1637\portable-comfyui\ComfyUI_windows_portable\ComfyUI\.ce\.pixi\envs\geometrypack-nodes\Lib\site-packages\tqdm\_monitor.py", line 60 in run
[15:57]   [ComfyUI]   File "C:\workspaces\GeometryPack-1637\portable-comfyui\ComfyUI_windows_portable\ComfyUI\.ce\.pixi\envs\geometrypack-nodes\Lib\threading.py", line 1044 in _bootstrap_inner
[15:57]   Node executed (8 total), capturing...
[15:57]   [ComfyUI]   File "C:\workspaces\GeometryPack-1637\portable-comfyui\ComfyUI_windows_portable\ComfyUI\.ce\.pixi\envs\geometrypack-nodes\Lib\threading.py", line 1015 in _bootstrap
[15:57]   [ComfyUI] 
[15:57]   [ComfyUI] Thread 0x00004774 (most recent call first):
[15:57]   [ComfyUI]   File "C:\Users\ContainerAdministrator\AppData\Local\Temp\comfyui_pvenv_qlh_0uqo\persistent_worker.py", line 106 in _vram_poller
[15:57]   [ComfyUI]   File "C:\workspaces\GeometryPack-1637\portable-comfyui\ComfyUI_windows_portable\ComfyUI\.ce\.pixi\envs\geometrypack-nodes\Lib\threading.py", line 995 in run
[15:57]   [ComfyUI]   File "C:\workspaces\GeometryPack-1637\portable-comfyui\ComfyUI_windows_portable\ComfyUI\.ce\.pixi\envs\geometrypack-nodes\Lib\threading.py", line 1044 in _bootstrap_inner
[15:57]   [ComfyUI]   File "C:\workspaces\GeometryPack-1637\portable-comfyui\ComfyUI_windows_portable\ComfyUI\.ce\.pixi\envs\geometrypack-nodes\Lib\threading.py", line 1015 in _bootstrap
[15:57]   [ComfyUI] 
[15:57]   [ComfyUI] Current thread 0x00003334 (most recent call first):
[15:57]   [ComfyUI]   File "C:\Users\ContainerAdministrator\AppData\Local\Temp\comfyui_pvenv_qlh_0uqo\persistent_worker.py", line 52 in _watchdog
[15:57]   [ComfyUI]   File "C:\workspaces\GeometryPack-1637\portable-comfyui\ComfyUI_windows_portable\ComfyUI\.ce\.pixi\envs\geometrypack-nodes\Lib\threading.py", line 995 in run
[15:57]   [ComfyUI]   File "C:\workspaces\GeometryPack-1637\portable-comfyui\ComfyUI_windows_portable\ComfyUI\.ce\.pixi\envs\geometrypack-nodes\Lib\threading.py", line 1044 in _bootstrap_inner
[15:57]   [ComfyUI]   File "C:\workspaces\GeometryPack-1637\portable-comfyui\ComfyUI_windows_portable\ComfyUI\.ce\.pixi\envs\geometrypack-nodes\Lib\threading.py", line 1015 in _bootstrap
[15:57]   [ComfyUI] 
[15:57]   [ComfyUI] Thread 0x00004218 (most recent call first):
[15:57]   [ComfyUI]   File "C:\workspaces\GeometryPack-1637\portable-comfyui\ComfyUI_windows_portable\ComfyUI\.ce\.pixi\envs\geometrypack-nodes\Lib\site-packages\trimesh\base.py", line 374 in faces
[15:57]   [ComfyUI]   File "C:\workspaces\GeometryPack-1637\portable-comfyui\ComfyUI_windows_portable\ComfyUI\.ce\.pixi\envs\geometrypack-nodes\Lib\site-packages\trimesh\base.py", line 192 in __init__
[15:57]   [ComfyUI]   File "C:\workspaces\GeometryPack-1637\portable-comfyui\ComfyUI_windows_portable\ComfyUI\custom_nodes\ComfyUI-GeometryPack\nodes\remeshing\backends\quadriflow.py", line 55 in execute
[15:57]   [ComfyUI]   File "C:\workspaces\GeometryPack-1637\portable-comfyui\ComfyUI_windows_portable\ComfyUI\comfy_api\latest\_io.py", line 1826 in EXECUTE_NORMALIZED
[15:57]   [ComfyUI]   File "C:\Users\ContainerAdministrator\AppData\Local\Temp\comfyui_pvenv_qlh_0uqo\persistent_worker.py", line 1762 in main
[15:57]   [ComfyUI]   File "C:\Users\ContainerAdministrator\AppData\Local\Temp\comfyui_pvenv_qlh_0uqo\persistent_worker.py", line 1807 in <module>
[15:57]   [ComfyUI] 
[15:57]   [ComfyUI] [worker:ComfyUI-GeometryPack] === END ===
[15:57]   [ComfyUI] 
[15:57]   [ComfyUI] [SubprocessWorker] got response: ok
[15:57]   [ComfyUI] [comfy-env] GeomPackRemesh_QuadriFlow done (382.14s): result: NodeOutput
[15:57]   [ComfyUI] [VRAM] After GeomPackRemesh_QuadriFlow: 1042 / 12287 MB
[15:57]   [ComfyUI] [comfy-env] Running GeomPackRemesh_BlenderSharp: trimesh: Trimesh, octree_depth: 6, scale: 0.9, sharpness: 0.4
[15:57]   [ComfyUI] [VRAM] Before GeomPackRemesh_BlenderSharp: 1042 / 12287 MB
[15:57]   [ComfyUI] [SubprocessWorker] call_method: nodes.blender_remeshing.backends.sharp.RemeshBlenderSharpNode.EXECUTE_NORMALIZED
[15:57]   [ComfyUI] [SubprocessWorker] acquired lock, ensuring started...
[15:57]   [ComfyUI] [ComfyUI-GeometryPack] Health check: ping (timeout=5.0s)...
[15:57]   [ComfyUI] [ComfyUI-GeometryPack] Health check: ok
[15:57]   [ComfyUI] [SubprocessWorker] worker started/confirmed
[15:57]   [ComfyUI] [SubprocessWorker] serializing kwargs to shm...
[15:57]   [ComfyUI] [SubprocessWorker] created 1 shm blocks
[15:57]   [ComfyUI] [SubprocessWorker] sending request via socket...
[15:57]   [ComfyUI] [SubprocessWorker] call_id=37 sending call_method
[15:57]   [ComfyUI] [worker:ComfyUI-GeometryPack] INFO: Backend: blender_sharp
[15:57]   [ComfyUI] [worker:ComfyUI-GeometryPack] INFO: Input: 56203 vertices, 112402 faces
[15:57]   [ComfyUI] [worker:ComfyUI-GeometryPack] INFO: Parameters: octree_depth=6, scale=0.9, sharpness=0.4
[15:57]   Frame 9 saved (frame_008.jpg, t=519.8s)
[15:57]   [capture-node] freeze=5ms shot=135ms unfreeze=5ms saved=True
[15:58]   [ComfyUI] [worker:ComfyUI-GeometryPack] INFO: Output: 12037 vertices, 24072 faces
[15:58]   [ComfyUI] [SubprocessWorker] got response: ok
[15:58]   [ComfyUI] [comfy-env] GeomPackRemesh_BlenderSharp done (1.10s): result: NodeOutput
[15:58]   [ComfyUI] [VRAM] After GeomPackRemesh_BlenderSharp: 1042 / 12287 MB
[15:58]   [ComfyUI] [comfy-env] Running GeomPackRemesh_PyMeshLab: trimesh: Trimesh, target_edge_length: 1.0, iterations: 3, feature_angle: 30.0, adaptive: 'false'
[15:58]   [ComfyUI] [VRAM] Before GeomPackRemesh_PyMeshLab: 1042 / 12287 MB
[15:58]   [ComfyUI] [SubprocessWorker] call_method: nodes.remeshing.backends.pymeshlab_isotropic.RemeshPyMeshLabNode.EXECUTE_NORMALIZED
[15:58]   [ComfyUI] [SubprocessWorker] acquired lock, ensuring started...
[15:58]   [ComfyUI] [ComfyUI-GeometryPack] Health check: ping (timeout=5.0s)...
[15:58]   [ComfyUI] [ComfyUI-GeometryPack] Health check: ok
[15:58]   Node executed (9 total), capturing...
[15:58]   [ComfyUI] [SubprocessWorker] worker started/confirmed
[15:58]   [ComfyUI] [SubprocessWorker] serializing kwargs to shm...
[15:58]   [ComfyUI] [SubprocessWorker] created 1 shm blocks
[15:58]   [ComfyUI] [SubprocessWorker] sending request via socket...
[15:58]   [ComfyUI] [SubprocessWorker] call_id=38 sending call_method
[15:58]   [ComfyUI] [worker:ComfyUI-GeometryPack] INFO: Backend: pymeshlab_isotropic
[15:58]   [ComfyUI] [worker:ComfyUI-GeometryPack] INFO: Input: 56203 vertices, 112402 faces
[15:58]   [ComfyUI] [worker:ComfyUI-GeometryPack] INFO: Parameters: target_edge_length=1.0, iterations=3, feature_angle=30.0, adaptive=false
[15:58]   Frame 10 saved (frame_009.jpg, t=520.9s)
[15:58]   [capture-node] freeze=4ms shot=131ms unfreeze=4ms saved=True
[15:59]   [capture-loop] iter=4400 t=522.1s state={'complete': False, 'error': None, 'executedCount': 9, 'wsState': 1} eval_ms=3 ram=9.7/31.9GB (30%) swap=0.3/12.3GB (2%) cpu=5% browser_rss=0.85GB
[16:05]   [capture-loop] iter=4450 t=528.0s state={'complete': False, 'error': None, 'executedCount': 9, 'wsState': 1} eval_ms=3 ram=9.7/31.9GB (30%) swap=0.3/12.3GB (2%) cpu=4% browser_rss=0.85GB
[16:05]   [ComfyUI] [worker:ComfyUI-GeometryPack] INFO: Output: 32264 vertices, 64524 faces
[16:05]   [ComfyUI] [SubprocessWorker] got response: ok
[16:05]   [ComfyUI] [comfy-env] GeomPackRemesh_PyMeshLab done (7.81s): result: NodeOutput
[16:05]   [ComfyUI] [VRAM] After GeomPackRemesh_PyMeshLab: 1042 / 12287 MB
[16:05]   [ComfyUI] [comfy-env] Running GeomPackRemesh_BlenderBlocks: trimesh: Trimesh, octree_depth: 6, scale: 0.9
[16:05]   [ComfyUI] [VRAM] Before GeomPackRemesh_BlenderBlocks: 1042 / 12287 MB
[16:05]   [ComfyUI] [SubprocessWorker] call_method: nodes.blender_remeshing.backends.blocks.RemeshBlenderBlocksNode.EXECUTE_NORMALIZED
[16:05]   [ComfyUI] [SubprocessWorker] acquired lock, ensuring started...
[16:05]   [ComfyUI] [ComfyUI-GeometryPack] Health check: ping (timeout=5.0s)...
[16:05]   [ComfyUI] [ComfyUI-GeometryPack] Health check: ok
[16:05]   [ComfyUI] [SubprocessWorker] worker started/confirmed
[16:05]   [ComfyUI] [SubprocessWorker] serializing kwargs to shm...
[16:05]   [ComfyUI] [SubprocessWorker] created 1 shm blocks
[16:05]   [ComfyUI] [SubprocessWorker] sending request via socket...
[16:05]   [ComfyUI] [SubprocessWorker] call_id=39 sending call_method
[16:05]   [ComfyUI] [worker:ComfyUI-GeometryPack] INFO: Backend: blender_blocks
[16:05]   [ComfyUI] [worker:ComfyUI-GeometryPack] INFO: Input: 56203 vertices, 112402 faces
[16:05]   [ComfyUI] [worker:ComfyUI-GeometryPack] INFO: Parameters: octree_depth=6, scale=0.9
[16:06]   Node executed (10 total), capturing...
[16:06]   Frame 11 saved (frame_010.jpg, t=528.8s)
[16:06]   [capture-node] freeze=5ms shot=141ms unfreeze=3ms saved=True
[16:06]   [ComfyUI] [worker:ComfyUI-GeometryPack] INFO: Output: 12037 vertices, 24072 faces
[16:06]   [ComfyUI] [SubprocessWorker] got response: ok
[16:06]   [ComfyUI] [comfy-env] GeomPackRemesh_BlenderBlocks done (1.05s): result: NodeOutput
[16:06]   [ComfyUI] [VRAM] After GeomPackRemesh_BlenderBlocks: 1042 / 12287 MB
[16:06]   [ComfyUI] [comfy-env] Running GeomPackPreviewMeshMulti: mode: 'fields', mesh_1: Trimesh, mesh_2: Trimesh, mesh_3: Trimesh
[16:06]   [ComfyUI] [VRAM] Before GeomPackPreviewMeshMulti: 1042 / 12287 MB
[16:06]   [ComfyUI] [SubprocessWorker] call_method: nodes.visualization.preview_mesh_multi.PreviewMeshMultiNode.EXECUTE_NORMALIZED
[16:06]   [ComfyUI] [SubprocessWorker] acquired lock, ensuring started...
[16:06]   [ComfyUI] [ComfyUI-GeometryPack] Health check: ping (timeout=5.0s)...
[16:06]   [ComfyUI] [ComfyUI-GeometryPack] Health check: ok
[16:07]   [ComfyUI] [SubprocessWorker] worker started/confirmed
[16:07]   [ComfyUI] [SubprocessWorker] serializing kwargs to shm...
[16:07]   Node executed (11 total), capturing...
[16:07]   [ComfyUI] [SubprocessWorker] created 3 shm blocks
[16:07]   [ComfyUI] [SubprocessWorker] sending request via socket...
[16:07]   [ComfyUI] [SubprocessWorker] call_id=40 sending call_method
[16:07]   [ComfyUI] [worker:ComfyUI-GeometryPack] INFO: Mode: fields, Meshes: 3
[16:07]   [ComfyUI] [worker:ComfyUI-GeometryPack] INFO: Mesh 1: Mesh - 12037 vertices, 24072 faces
[16:07]   [ComfyUI] [worker:ComfyUI-GeometryPack] INFO: Exporting mesh to VTP: C:\workspaces\GeometryPack-1637\portable-comfyui\ComfyUI_windows_portable\ComfyUI\output\preview_multi_1_6429425c.vtp
[16:07]   [ComfyUI] [worker:ComfyUI-GeometryPack] INFO: Adding normals field (12037 vertices)
[16:07]   [ComfyUI] [worker:ComfyUI-GeometryPack] INFO: Export complete: 12037 vertices, 24072 faces
[16:07]   [ComfyUI] [worker:ComfyUI-GeometryPack] INFO: Exported VTP: C:\workspaces\GeometryPack-1637\portable-comfyui\ComfyUI_windows_portable\ComfyUI\output\preview_multi_1_6429425c.vtp
[16:07]   [ComfyUI] [worker:ComfyUI-GeometryPack] INFO: Mesh 2: Mesh - 12037 vertices, 24072 faces
[16:07]   [ComfyUI] [worker:ComfyUI-GeometryPack] INFO: Exporting mesh to VTP: C:\workspaces\GeometryPack-1637\portable-comfyui\ComfyUI_windows_portable\ComfyUI\output\preview_multi_2_6429425c.vtp
[16:07]   [ComfyUI] [worker:ComfyUI-GeometryPack] INFO: Adding normals field (12037 vertices)
[16:07]   [ComfyUI] [worker:ComfyUI-GeometryPack] INFO: Export complete: 12037 vertices, 24072 faces
[16:07]   [ComfyUI] [worker:ComfyUI-GeometryPack] INFO: Exported VTP: C:\workspaces\GeometryPack-1637\portable-comfyui\ComfyUI_windows_portable\ComfyUI\output\preview_multi_2_6429425c.vtp
[16:07]   Frame 12 saved (frame_011.jpg, t=529.8s)
[16:07]   [capture-node] freeze=4ms shot=147ms unfreeze=4ms saved=True
[16:07]   [ComfyUI] [worker:ComfyUI-GeometryPack] INFO: Mesh 3: Mesh - 239112 vertices, 478210 faces
[16:07]   [ComfyUI] [worker:ComfyUI-GeometryPack] INFO: Exporting mesh to VTP: C:\workspaces\GeometryPack-1637\portable-comfyui\ComfyUI_windows_portable\ComfyUI\output\preview_multi_3_6429425c.vtp
[16:08]   [ComfyUI] [worker:ComfyUI-GeometryPack] INFO: Adding normals field (239112 vertices)
[16:09]   [ComfyUI] [worker:ComfyUI-GeometryPack] INFO: Export complete: 239112 vertices, 478210 faces
[16:09]   [ComfyUI] [worker:ComfyUI-GeometryPack] INFO: Exported VTP: C:\workspaces\GeometryPack-1637\portable-comfyui\ComfyUI_windows_portable\ComfyUI\output\preview_multi_3_6429425c.vtp
[16:10]   [ComfyUI] [worker:ComfyUI-GeometryPack] INFO: Grid: 3x1, Preview ready
[16:10]   [ComfyUI] [SubprocessWorker] got response: ok
[16:10]   [ComfyUI] [comfy-env] GeomPackPreviewMeshMulti done (3.18s): result: NodeOutput
[16:10]   [ComfyUI] [VRAM] After GeomPackPreviewMeshMulti: 1042 / 12287 MB
[16:10]   [ComfyUI] [comfy-env] Running GeomPackRemesh_QuadWild: trimesh: Trimesh, qw_sharp_angle: 35.0, qw_alpha: 0.02, qw_scale_factor: 1.0, qw_remesh: 'true', qw_smooth: 'true'
[16:10]   [ComfyUI] [VRAM] Before GeomPackRemesh_QuadWild: 1042 / 12287 MB
[16:10]   [ComfyUI] [SubprocessWorker] call_method: nodes.remeshing.backends.quadwild.RemeshQuadWildNode.EXECUTE_NORMALIZED
[16:10]   [ComfyUI] [SubprocessWorker] acquired lock, ensuring started...
[16:10]   [ComfyUI] [ComfyUI-GeometryPack] Health check: ping (timeout=5.0s)...
[16:10]   [ComfyUI] [ComfyUI-GeometryPack] Health check: ok
[16:10]   [ComfyUI] [SubprocessWorker] worker started/confirmed
[16:10]   [ComfyUI] [SubprocessWorker] serializing kwargs to shm...
[16:10]   [ComfyUI] [SubprocessWorker] created 1 shm blocks
[16:10]   [ComfyUI] [SubprocessWorker] sending request via socket...
[16:10]   [ComfyUI] [SubprocessWorker] call_id=41 sending call_method
[16:10]   Node executed (12 total), capturing...
[16:10]   [ComfyUI] [worker:ComfyUI-GeometryPack] INFO: Backend: quadwild
[16:10]   [ComfyUI] [worker:ComfyUI-GeometryPack] INFO: Input: 56203 vertices, 112402 faces
[16:10]   [ComfyUI] [worker:ComfyUI-GeometryPack] INFO: Parameters: sharp_angle=35.0, alpha=0.02, scale=1.0, remesh=true, smooth=true
[16:12]   Frame 13 saved (frame_012.jpg, t=533.0s)
[16:12]   [capture-node] freeze=18ms shot=1817ms unfreeze=13ms saved=True
[16:13]   [capture-loop] iter=4500 t=536.6s state={'complete': False, 'error': None, 'executedCount': 12, 'wsState': 1} eval_ms=3 ram=10.5/31.9GB (33%) swap=0.3/12.3GB (2%) cpu=6% browser_rss=1.37GB
[16:14]   Frame 14 saved (frame_013.jpg, t=537.0s)
[16:14]   [capture-periodic] freeze=3ms shot=172ms unfreeze=9ms saved=True
[16:20]   [capture-loop] iter=4550 t=542.7s state={'complete': False, 'error': None, 'executedCount': 12, 'wsState': 1} eval_ms=3 ram=10.4/31.9GB (33%) swap=0.3/12.3GB (2%) cpu=4% browser_rss=1.36GB
[16:26]   [capture-loop] iter=4600 t=548.8s state={'complete': False, 'error': None, 'executedCount': 12, 'wsState': 1} eval_ms=4 ram=10.4/31.9GB (33%) swap=0.3/12.3GB (2%) cpu=4% browser_rss=1.36GB
[16:32]   [capture-loop] iter=4650 t=554.8s state={'complete': False, 'error': None, 'executedCount': 12, 'wsState': 1} eval_ms=3 ram=10.2/31.9GB (32%) swap=0.3/12.3GB (2%) cpu=4% browser_rss=1.14GB
[16:38]   [capture-loop] iter=4700 t=560.8s state={'complete': False, 'error': None, 'executedCount': 12, 'wsState': 1} eval_ms=4 ram=10.2/31.9GB (32%) swap=0.3/12.3GB (2%) cpu=4% browser_rss=1.14GB
[16:44]   [capture-loop] iter=4750 t=566.9s state={'complete': False, 'error': None, 'executedCount': 12, 'wsState': 1} eval_ms=3 ram=10.2/31.9GB (32%) swap=0.3/12.3GB (2%) cpu=4% browser_rss=1.14GB
[16:45]   [ComfyUI] Initital dimension: 33306 x 33306, number of constraints: 0, number of integer variables: 20058, use reordering: yes
[16:45]   [ComfyUI] COMISO::ConstrainedSolver::make_constraints_independent took 0.0012021 s.
[16:45]   [ComfyUI] Constraint integration took 7.4200000000000001e-05 s.
[16:45]   [ComfyUI] Constraint elimination took 0.005391 s.
[16:45]   [ComfyUI] Reindexing took 0.00038840000000000001 s.
[16:45]   [ComfyUI] COMISO::ConstrainedSolver::eliminate_constraints took 0.0061019000000000004 s.
[16:45]   [ComfyUI] Eliminated dimension: 33306 x 33306
[16:45]   [ComfyUI] #nonzeros: 152166
[16:45]   [ComfyUI] integer variables #: 20058
[16:45]   [ComfyUI] continuous variables #: 13248
[16:45]   [ComfyUI] initial full solution
[16:45]   [ComfyUI] COMISO::EigenLDLTSolver::calc_system_eigen took 0.028601100000000001 s.
[16:45]   [ComfyUI] final full solution
[16:45]   [ComfyUI] COMISO::EigenLDLTSolver::update_system_eigen took 0.0073784000000000002 s.
[16:45]   [ComfyUI]  *** Statistics of MiSo Solver ***
[16:45]   [ComfyUI] Number of LOCAL iterations  = 3043
[16:45]   [ComfyUI] Number of CG    iterations  = 0
[16:45]   [ComfyUI] Number of FULL  iterations  = 2
[16:45]   [ComfyUI] Number of ROUNDING          = 20058
[16:45]   [ComfyUI] COMISO::MISolver::solve_multiple_rounding took 0.81638750000000004 s.
[16:45]   [ComfyUI] COMISO::MISolver::solve took 0.81662729999999994 s.
[16:45]   [ComfyUI] COMISO::ConstrainedSolver::restore_eliminated_vars took 0.00011739999999999999 s.
[16:45]   [ComfyUI] COMISO::ConstrainedSolver::solve took 0.82516820000000002 s.
[16:48]   [ComfyUI] performed 202 adjustments for even rhs
[16:48]   [ComfyUI] performed 184 adjustments for even rhs
[16:50]   [capture-loop] iter=4800 t=572.8s state={'complete': False, 'error': None, 'executedCount': 12, 'wsState': 1} eval_ms=4 ram=10.2/31.9GB (32%) swap=0.3/12.3GB (2%) cpu=5% browser_rss=1.14GB
[16:53]   [ComfyUI] [worker:ComfyUI-GeometryPack] INFO: Output: 6906 vertices, 13804 faces
[16:53]   [ComfyUI] [SubprocessWorker] got response: ok
[16:53]   [ComfyUI] [comfy-env] GeomPackRemesh_QuadWild done (43.20s): result: NodeOutput
[16:53]   [ComfyUI] [VRAM] After GeomPackRemesh_QuadWild: 1042 / 12287 MB
[16:53]   [ComfyUI] [comfy-env] Running GeomPackRemesh_InstantMeshes: trimesh: Trimesh, target_vertex_count: 5000, deterministic: 'true', crease_angle: 0.0
[16:53]   [ComfyUI] [VRAM] Before GeomPackRemesh_InstantMeshes: 1042 / 12287 MB
[16:53]   [ComfyUI] [SubprocessWorker] call_method: nodes.remeshing.backends.instant_meshes.RemeshInstantMeshesNode.EXECUTE_NORMALIZED
[16:53]   [ComfyUI] [SubprocessWorker] acquired lock, ensuring started...
[16:53]   [ComfyUI] [ComfyUI-GeometryPack] Health check: ping (timeout=5.0s)...
[16:53]   [ComfyUI] [ComfyUI-GeometryPack] Health check: ok
[16:53]   [ComfyUI] [SubprocessWorker] worker started/confirmed
[16:53]   [ComfyUI] [SubprocessWorker] serializing kwargs to shm...
[16:53]   [ComfyUI] [SubprocessWorker] created 1 shm blocks
[16:53]   [ComfyUI] [SubprocessWorker] sending request via socket...
[16:53]   [ComfyUI] [SubprocessWorker] call_id=42 sending call_method
[16:53]   Node executed (13 total), capturing...
[16:53]   [ComfyUI] [worker:ComfyUI-GeometryPack] INFO: Backend: instant_meshes
[16:53]   [ComfyUI] [worker:ComfyUI-GeometryPack] INFO: Input: 56203 vertices, 112402 faces
[16:53]   [ComfyUI] [worker:ComfyUI-GeometryPack] INFO: Parameters: target_vertex_count=5,000, deterministic=true, crease_angle=0.0
[16:53]   Frame 15 saved (frame_014.jpg, t=576.2s)
[16:53]   [capture-node] freeze=7ms shot=237ms unfreeze=14ms saved=True
[16:54]   [ComfyUI] [worker:ComfyUI-GeometryPack] INFO: Output: 19955 vertices, 39894 faces
[16:54]   [ComfyUI] [SubprocessWorker] got response: ok
[16:54]   [ComfyUI] [comfy-env] GeomPackRemesh_InstantMeshes done (1.23s): result: NodeOutput
[16:54]   [ComfyUI] [VRAM] After GeomPackRemesh_InstantMeshes: 1042 / 12287 MB
[16:54]   [ComfyUI] [comfy-env] Running GeomPackPreviewMeshMulti: mode: 'fields', mesh_1: Trimesh, mesh_2: Trimesh, mesh_3: Trimesh, mesh_4: Trimesh
[16:54]   [ComfyUI] [VRAM] Before GeomPackPreviewMeshMulti: 1042 / 12287 MB
[16:54]   [ComfyUI] [SubprocessWorker] call_method: nodes.visualization.preview_mesh_multi.PreviewMeshMultiNode.EXECUTE_NORMALIZED
[16:54]   [ComfyUI] [SubprocessWorker] acquired lock, ensuring started...
[16:54]   [ComfyUI] [ComfyUI-GeometryPack] Health check: ping (timeout=5.0s)...
[16:54]   [ComfyUI] [ComfyUI-GeometryPack] Health check: ok
[16:54]   [ComfyUI] [SubprocessWorker] worker started/confirmed
[16:54]   [ComfyUI] [SubprocessWorker] serializing kwargs to shm...
[16:54]   [ComfyUI] [SubprocessWorker] created 4 shm blocks
[16:54]   [ComfyUI] [SubprocessWorker] sending request via socket...
[16:54]   [ComfyUI] [SubprocessWorker] call_id=43 sending call_method
[16:54]   [ComfyUI] [worker:ComfyUI-GeometryPack] INFO: Mode: fields, Meshes: 4
[16:54]   [ComfyUI] [worker:ComfyUI-GeometryPack] INFO: Mesh 1: Mesh - 56203 vertices, 112402 faces
[16:54]   [ComfyUI] [worker:ComfyUI-GeometryPack] INFO: Exporting mesh to VTP: C:\workspaces\GeometryPack-1637\portable-comfyui\ComfyUI_windows_portable\ComfyUI\output\preview_multi_1_ad2e648e.vtp
[16:54]   Node executed (14 total), capturing...
[16:54]   [ComfyUI] [worker:ComfyUI-GeometryPack] INFO: Adding normals field (56203 vertices)
[16:55]   [ComfyUI] [worker:ComfyUI-GeometryPack] INFO: Adding face field: stl
[16:55]   Frame 16 saved (frame_015.jpg, t=577.5s)
[16:55]   [capture-node] freeze=5ms shot=184ms unfreeze=5ms saved=True
[16:55]   [ComfyUI] [worker:ComfyUI-GeometryPack] INFO: Export complete: 56203 vertices, 112402 faces
[16:55]   [ComfyUI] [worker:ComfyUI-GeometryPack] INFO: Exported VTP: C:\workspaces\GeometryPack-1637\portable-comfyui\ComfyUI_windows_portable\ComfyUI\output\preview_multi_1_ad2e648e.vtp
[16:55]   [ComfyUI] [worker:ComfyUI-GeometryPack] INFO: Mesh 2: Mesh - 32264 vertices, 64524 faces
[16:55]   [ComfyUI] [worker:ComfyUI-GeometryPack] INFO: Exporting mesh to VTP: C:\workspaces\GeometryPack-1637\portable-comfyui\ComfyUI_windows_portable\ComfyUI\output\preview_multi_2_ad2e648e.vtp
[16:55]   [ComfyUI] [worker:ComfyUI-GeometryPack] INFO: Adding normals field (32264 vertices)
[16:55]   [ComfyUI] [worker:ComfyUI-GeometryPack] INFO: Export complete: 32264 vertices, 64524 faces
[16:55]   [ComfyUI] [worker:ComfyUI-GeometryPack] INFO: Exported VTP: C:\workspaces\GeometryPack-1637\portable-comfyui\ComfyUI_windows_portable\ComfyUI\output\preview_multi_2_ad2e648e.vtp
[16:55]   [ComfyUI] [worker:ComfyUI-GeometryPack] INFO: Mesh 3: Mesh - 19955 vertices, 39894 faces
[16:55]   [ComfyUI] [worker:ComfyUI-GeometryPack] INFO: Exporting mesh to VTP: C:\workspaces\GeometryPack-1637\portable-comfyui\ComfyUI_windows_portable\ComfyUI\output\preview_multi_3_ad2e648e.vtp
[16:55]   [ComfyUI] [worker:ComfyUI-GeometryPack] INFO: Adding normals field (19955 vertices)
[16:55]   [ComfyUI] [worker:ComfyUI-GeometryPack] INFO: Export complete: 19955 vertices, 39894 faces
[16:55]   [ComfyUI] [worker:ComfyUI-GeometryPack] INFO: Exported VTP: C:\workspaces\GeometryPack-1637\portable-comfyui\ComfyUI_windows_portable\ComfyUI\output\preview_multi_3_ad2e648e.vtp
[16:55]   [ComfyUI] [worker:ComfyUI-GeometryPack] INFO: Mesh 4: Mesh - 4965 vertices, 9926 faces
[16:55]   [ComfyUI] [worker:ComfyUI-GeometryPack] INFO: Exporting mesh to VTP: C:\workspaces\GeometryPack-1637\portable-comfyui\ComfyUI_windows_portable\ComfyUI\output\preview_multi_4_ad2e648e.vtp
[16:55]   [ComfyUI] [worker:ComfyUI-GeometryPack] INFO: Adding normals field (4965 vertices)
[16:56]   [ComfyUI] [worker:ComfyUI-GeometryPack] INFO: Export complete: 4965 vertices, 9926 faces
[16:56]   [ComfyUI] [worker:ComfyUI-GeometryPack] INFO: Exported VTP: C:\workspaces\GeometryPack-1637\portable-comfyui\ComfyUI_windows_portable\ComfyUI\output\preview_multi_4_ad2e648e.vtp
[16:56]   [ComfyUI] [worker:ComfyUI-GeometryPack] INFO: Grid: 2x2, Preview ready
[16:56]   [ComfyUI] [SubprocessWorker] got response: ok
[16:56]   [ComfyUI] [comfy-env] GeomPackPreviewMeshMulti done (1.45s): result: NodeOutput
[16:56]   [ComfyUI] [VRAM] After GeomPackPreviewMeshMulti: 1042 / 12287 MB
[16:56]   [ComfyUI] [comfy-env] Running GeomPackRemesh_CGAL: trimesh: Trimesh, target_edge_length: 1.0, iterations: 3, protect_boundaries: 'true'
[16:56]   [ComfyUI] [VRAM] Before GeomPackRemesh_CGAL: 1042 / 12287 MB
[16:56]   [ComfyUI] [SubprocessWorker] call_method: nodes.remeshing_cgal.remesh.RemeshCGALNode.EXECUTE_NORMALIZED
[16:56]   [ComfyUI] [SubprocessWorker] acquired lock, ensuring started...
[16:56]   [ComfyUI] [ComfyUI-GeometryPack] Health check: ping (timeout=5.0s)...
[16:56]   [ComfyUI] [ComfyUI-GeometryPack] Health check: ok
[16:56]   [ComfyUI] [SubprocessWorker] worker started/confirmed
[16:56]   [ComfyUI] [SubprocessWorker] serializing kwargs to shm...
[16:56]   [ComfyUI] [SubprocessWorker] created 1 shm blocks
[16:56]   [ComfyUI] [SubprocessWorker] sending request via socket...
[16:56]   [ComfyUI] [SubprocessWorker] call_id=44 sending call_method
[16:56]   [ComfyUI] [worker:ComfyUI-GeometryPack] INFO: Backend: cgal_isotropic
[16:56]   [ComfyUI] [worker:ComfyUI-GeometryPack] INFO: Input: 56,203 vertices, 112,402 faces
[16:56]   [ComfyUI] [worker:ComfyUI-GeometryPack] INFO: Parameters: target_edge_length=1.0, iterations=3, protect_boundaries=true
[16:56]   [ComfyUI] [worker:ComfyUI-GeometryPack] INFO: Running CGAL isotropic remesh (target_edge_length=1.0)...
[16:56]   Node executed (15 total), capturing...
[16:57]   [ComfyUI] [worker:ComfyUI-GeometryPack]
[16:57]   [ComfyUI] === WATCHDOG TICK 3 ===
[16:57]   Frame 17 saved (frame_016.jpg, t=578.9s)
[16:57]   [capture-node] freeze=143ms shot=903ms unfreeze=6ms saved=True
[16:57]   [ComfyUI] [worker:ComfyUI-GeometryPack] Thread 0x00000b7c (most recent call first):
[16:57]   [ComfyUI]   File "C:\workspaces\GeometryPack-1637\portable-comfyui\ComfyUI_windows_portable\ComfyUI\.ce\.pixi\envs\geometrypack-nodes\Lib\threading.py", line 363 in wait
[16:57]   [ComfyUI]   File "C:\workspaces\GeometryPack-1637\portable-comfyui\ComfyUI_windows_portable\ComfyUI\.ce\.pixi\envs\geometrypack-nodes\Lib\threading.py", line 660 in wait
[16:57]   [ComfyUI]   File "C:\workspaces\GeometryPack-1637\portable-comfyui\ComfyUI_windows_portable\ComfyUI\.ce\.pixi\envs\geometrypack-nodes\Lib\site-packages\tqdm\_monitor.py", line 60 in run
[16:57]   [ComfyUI]   File "C:\workspaces\GeometryPack-1637\portable-comfyui\ComfyUI_windows_portable\ComfyUI\.ce\.pixi\envs\geometrypack-nodes\Lib\threading.py", line 1044 in _bootstrap_inner
[16:57]   [ComfyUI]   File "C:\workspaces\GeometryPack-1637\portable-comfyui\ComfyUI_windows_portable\ComfyUI\.ce\.pixi\envs\geometrypack-nodes\Lib\threading.py", line 1015 in _bootstrap
[16:57]   [ComfyUI] 
[16:57]   [ComfyUI] Thread 0x00004774 (most recent call first):
[16:57]   [ComfyUI]   File "C:\Users\ContainerAdministrator\AppData\Local\Temp\comfyui_pvenv_qlh_0uqo\persistent_worker.py", line 106 in _vram_poller
[16:57]   [ComfyUI]   File "C:\workspaces\GeometryPack-1637\portable-comfyui\ComfyUI_windows_portable\ComfyUI\.ce\.pixi\envs\geometrypack-nodes\Lib\threading.py", line 995 in run
[16:57]   [ComfyUI]   File "C:\workspaces\GeometryPack-1637\portable-comfyui\ComfyUI_windows_portable\ComfyUI\.ce\.pixi\envs\geometrypack-nodes\Lib\threading.py", line 1044 in _bootstrap_inner
[16:57]   [ComfyUI]   File "C:\workspaces\GeometryPack-1637\portable-comfyui\ComfyUI_windows_portable\ComfyUI\.ce\.pixi\envs\geometrypack-nodes\Lib\threading.py", line 1015 in _bootstrap
[16:57]   [ComfyUI] 
[16:57]   [ComfyUI] Current thread 0x00003334 (most recent call first):
[16:57]   [ComfyUI]   File "C:\Users\ContainerAdministrator\AppData\Local\Temp\comfyui_pvenv_qlh_0uqo\persistent_worker.py", line 52 in _watchdog
[16:57]   [ComfyUI]   File "C:\workspaces\GeometryPack-1637\portable-comfyui\ComfyUI_windows_portable\ComfyUI\.ce\.pixi\envs\geometrypack-nodes\Lib\threading.py", line 995 in run
[16:57]   [ComfyUI]   File "C:\workspaces\GeometryPack-1637\portable-comfyui\ComfyUI_windows_portable\ComfyUI\.ce\.pixi\envs\geometrypack-nodes\Lib\threading.py", line 1044 in _bootstrap_inner
[16:57]   [ComfyUI]   File "C:\workspaces\GeometryPack-1637\portable-comfyui\ComfyUI_windows_portable\ComfyUI\.ce\.pixi\envs\geometrypack-nodes\Lib\threading.py", line 1015 in _bootstrap
[16:57]   [ComfyUI] 
[16:57]   [ComfyUI] Thread 0x00004218 (most recent call first):
[16:57]   [ComfyUI]   File "C:\workspaces\GeometryPack-1637\portable-comfyui\ComfyUI_windows_portable\ComfyUI\.ce\.pixi\envs\geometrypack-nodes\Lib\site-packages\CGAL\CGAL_Polyhedron_3.py", line 116 in opposite
[16:57]   [ComfyUI]   File "C:\workspaces\GeometryPack-1637\portable-comfyui\ComfyUI_windows_portable\ComfyUI\custom_nodes\ComfyUI-GeometryPack\nodes\remeshing_cgal\remesh.py", line 46 in _cgal_isotropic_remesh
[16:57]   [ComfyUI]   File "C:\workspaces\GeometryPack-1637\portable-comfyui\ComfyUI_windows_portable\ComfyUI\custom_nodes\ComfyUI-GeometryPack\nodes\remeshing_cgal\remesh.py", line 130 in execute
[16:57]   [ComfyUI]   File "C:\workspaces\GeometryPack-1637\portable-comfyui\ComfyUI_windows_portable\ComfyUI\comfy_api\latest\_io.py", line 1826 in EXECUTE_NORMALIZED
[16:57]   [ComfyUI]   File "C:\Users\ContainerAdministrator\AppData\Local\Temp\comfyui_pvenv_qlh_0uqo\persistent_worker.py", line 1762 in main
[16:57]   [ComfyUI]   File "C:\Users\ContainerAdministrator\AppData\Local\Temp\comfyui_pvenv_qlh_0uqo\persistent_worker.py", line 1807 in <module>
[16:57]   [ComfyUI] 
[16:58]   [capture-loop] iter=4850 t=581.0s state={'complete': False, 'error': None, 'executedCount': 15, 'wsState': 1} eval_ms=3 ram=10.2/31.9GB (32%) swap=0.3/12.3GB (2%) cpu=8% browser_rss=1.35GB
[17:01]   [ComfyUI] [worker:ComfyUI-GeometryPack] === END ===
[17:01]   [ComfyUI] 
[17:02]   [ComfyUI] [worker:ComfyUI-GeometryPack] INFO: Output: 41466 vertices (-14737), 82928 faces (-29474)
[17:02]   [ComfyUI] [SubprocessWorker] got response: ok
[17:02]   [ComfyUI] [comfy-env] GeomPackRemesh_CGAL done (6.52s): result: NodeOutput
[17:02]   [ComfyUI] [VRAM] After GeomPackRemesh_CGAL: 1042 / 12287 MB
[17:02]   [ComfyUI] [comfy-env] Running GeomPackRemesh_PMPAdaptive: trimesh: Trimesh, pmp_min_edge: 0.2, pmp_max_edge: 3.0, pmp_approx_error: 1.0, pmp_adaptive_iterations: 1, pmp_adaptive_projection: 'false'
[17:02]   [ComfyUI] [VRAM] Before GeomPackRemesh_PMPAdaptive: 1042 / 12287 MB
[17:02]   [ComfyUI] [SubprocessWorker] call_method: nodes.remeshing.backends.pmp_adaptive.RemeshPMPAdaptiveNode.EXECUTE_NORMALIZED
[17:02]   [ComfyUI] [SubprocessWorker] acquired lock, ensuring started...
[17:02]   [ComfyUI] [ComfyUI-GeometryPack] Health check: ping (timeout=5.0s)...
[17:02]   [ComfyUI] [ComfyUI-GeometryPack] Health check: ok
[17:02]   [ComfyUI] [SubprocessWorker] worker started/confirmed
[17:02]   [ComfyUI] [SubprocessWorker] serializing kwargs to shm...
[17:02]   [ComfyUI] [SubprocessWorker] created 1 shm blocks
[17:02]   [ComfyUI] [SubprocessWorker] sending request via socket...
[17:02]   [ComfyUI] [SubprocessWorker] call_id=45 sending call_method
[17:02]   Node executed (16 total), capturing...
[17:02]   [ComfyUI] [worker:ComfyUI-GeometryPack] INFO: Backend: pmp_adaptive
[17:02]   [ComfyUI] [worker:ComfyUI-GeometryPack] INFO: Input: 56203 vertices, 112402 faces
[17:02]   [ComfyUI] [worker:ComfyUI-GeometryPack] INFO: Parameters: min=0.2, max=3.0, error=1.0, iter=1, proj=false
[17:03]   [ComfyUI] [worker:ComfyUI-GeometryPack] INFO: Output: 5369 vertices, 10734 faces
[17:03]   [ComfyUI] [SubprocessWorker] got response: ok
[17:03]   [ComfyUI] [comfy-env] GeomPackRemesh_PMPAdaptive done (0.46s): result: NodeOutput
[17:03]   [ComfyUI] [VRAM] After GeomPackRemesh_PMPAdaptive: 1042 / 12287 MB
[17:03]   [ComfyUI] [comfy-env] Running GeomPackPreviewMeshMulti: mode: 'fields', mesh_1: Trimesh, mesh_2: Trimesh, mesh_3: Trimesh, mesh_4: Trimesh
[17:03]   [ComfyUI] [VRAM] Before GeomPackPreviewMeshMulti: 1042 / 12287 MB
[17:03]   [ComfyUI] [SubprocessWorker] call_method: nodes.visualization.preview_mesh_multi.PreviewMeshMultiNode.EXECUTE_NORMALIZED
[17:03]   Frame 18 saved (frame_017.jpg, t=585.4s)
[17:03]   [ComfyUI] [SubprocessWorker] acquired lock, ensuring started...
[17:03]   [capture-node] freeze=4ms shot=204ms unfreeze=5ms saved=True
[17:03]   [ComfyUI] [ComfyUI-GeometryPack] Health check: ping (timeout=5.0s)...
[17:03]   [ComfyUI] [ComfyUI-GeometryPack] Health check: ok
[17:03]   [ComfyUI] [SubprocessWorker] worker started/confirmed
[17:03]   [ComfyUI] [SubprocessWorker] serializing kwargs to shm...
[17:03]   [ComfyUI] [SubprocessWorker] created 4 shm blocks
[17:03]   [ComfyUI] [SubprocessWorker] sending request via socket...
[17:03]   [ComfyUI] [SubprocessWorker] call_id=46 sending call_method
[17:03]   [ComfyUI] [worker:ComfyUI-GeometryPack] INFO: Mode: fields, Meshes: 4
[17:03]   [ComfyUI] [worker:ComfyUI-GeometryPack] INFO: Mesh 1: Mesh - 5369 vertices, 10734 faces
[17:03]   [ComfyUI] [worker:ComfyUI-GeometryPack] INFO: Exporting mesh to VTP: C:\workspaces\GeometryPack-1637\portable-comfyui\ComfyUI_windows_portable\ComfyUI\output\preview_multi_1_2b8c6b0f.vtp
[17:03]   [ComfyUI] [worker:ComfyUI-GeometryPack] INFO: Adding normals field (5369 vertices)
[17:03]   Node executed (17 total), capturing...
[17:03]   [ComfyUI] [worker:ComfyUI-GeometryPack] INFO: Export complete: 5369 vertices, 10734 faces
[17:03]   [ComfyUI] [worker:ComfyUI-GeometryPack] INFO: Exported VTP: C:\workspaces\GeometryPack-1637\portable-comfyui\ComfyUI_windows_portable\ComfyUI\output\preview_multi_1_2b8c6b0f.vtp
[17:03]   [ComfyUI] [worker:ComfyUI-GeometryPack] INFO: Mesh 2: Mesh - 6906 vertices, 13804 faces
[17:03]   [ComfyUI] [worker:ComfyUI-GeometryPack] INFO: Exporting mesh to VTP: C:\workspaces\GeometryPack-1637\portable-comfyui\ComfyUI_windows_portable\ComfyUI\output\preview_multi_2_2b8c6b0f.vtp
[17:03]   [ComfyUI] [worker:ComfyUI-GeometryPack] INFO: Adding normals field (6906 vertices)
[17:03]   [ComfyUI] [worker:ComfyUI-GeometryPack] INFO: Export complete: 6906 vertices, 13804 faces
[17:03]   [ComfyUI] [worker:ComfyUI-GeometryPack] INFO: Exported VTP: C:\workspaces\GeometryPack-1637\portable-comfyui\ComfyUI_windows_portable\ComfyUI\output\preview_multi_2_2b8c6b0f.vtp
[17:03]   [ComfyUI] [worker:ComfyUI-GeometryPack] INFO: Mesh 3: Mesh - 41466 vertices, 82928 faces
[17:03]   [ComfyUI] [worker:ComfyUI-GeometryPack] INFO: Exporting mesh to VTP: C:\workspaces\GeometryPack-1637\portable-comfyui\ComfyUI_windows_portable\ComfyUI\output\preview_multi_3_2b8c6b0f.vtp
[17:03]   [ComfyUI] [worker:ComfyUI-GeometryPack] INFO: Adding normals field (41466 vertices)
[17:03]   Frame 19 saved (frame_018.jpg, t=586.0s)
[17:03]   [capture-node] freeze=4ms shot=193ms unfreeze=3ms saved=True
[17:03]   [ComfyUI] [worker:ComfyUI-GeometryPack] INFO: Export complete: 41466 vertices, 82928 faces
[17:03]   [ComfyUI] [worker:ComfyUI-GeometryPack] INFO: Exported VTP: C:\workspaces\GeometryPack-1637\portable-comfyui\ComfyUI_windows_portable\ComfyUI\output\preview_multi_3_2b8c6b0f.vtp
[17:03]   [ComfyUI] [worker:ComfyUI-GeometryPack] INFO: Mesh 4: Mesh - 43474 vertices, 86944 faces
[17:03]   [ComfyUI] [worker:ComfyUI-GeometryPack] INFO: Exporting mesh to VTP: C:\workspaces\GeometryPack-1637\portable-comfyui\ComfyUI_windows_portable\ComfyUI\output\preview_multi_4_2b8c6b0f.vtp
[17:03]   [ComfyUI] [worker:ComfyUI-GeometryPack] INFO: Adding normals field (43474 vertices)
[17:04]   [ComfyUI] [worker:ComfyUI-GeometryPack] INFO: Export complete: 43474 vertices, 86944 faces
[17:04]   [ComfyUI] [worker:ComfyUI-GeometryPack] INFO: Exported VTP: C:\workspaces\GeometryPack-1637\portable-comfyui\ComfyUI_windows_portable\ComfyUI\output\preview_multi_4_2b8c6b0f.vtp
[17:04]   [ComfyUI] [worker:ComfyUI-GeometryPack] INFO: Grid: 2x2, Preview ready
[17:04]   [ComfyUI] [SubprocessWorker] got response: ok
[17:04]   [ComfyUI] [comfy-env] GeomPackPreviewMeshMulti done (1.23s): result: NodeOutput
[17:04]   [ComfyUI] [VRAM] After GeomPackPreviewMeshMulti: 1042 / 12287 MB
[17:04]   [ComfyUI] Prompt executed in 586.71 seconds
[17:04]   Node executed (18 total), capturing...
[17:05]   Frame 20 saved (frame_019.jpg, t=587.1s)
[17:05]   [capture-node] freeze=4ms shot=809ms unfreeze=0ms saved=True
[17:05]   Execution complete (t=587.1s)
[17:05]   Captured 20 unique frames over 588.01s
[17:05]   [debug] iframes: 4
[17:05]   [debug]   iframe[0]: src=http://127.0.0.1:41883/extensions/ComfyUI-GeometryPack/viewer_multi.html?v=17783, canvas=368x195, rafFrozen=True
[17:05]   [debug]   iframe[1]: src=http://127.0.0.1:41883/extensions/ComfyUI-GeometryPack/viewer_multi.html?v=17783, canvas=368x195, rafFrozen=True
[17:05]   [debug]   iframe[2]: src=http://127.0.0.1:41883/extensions/ComfyUI-GeometryPack/viewer_multi.html?v=17783, canvas=368x195, rafFrozen=True
[17:05]   [debug]   iframe[3]: src=http://127.0.0.1:41883/extensions/ComfyUI-GeometryPack/viewer_multi.html?v=17783, canvas=244x393, rafFrozen=True
[17:05]   [timing] trigger_3d_previews: 0.0s
[17:07]   Saved high-quality screenshot: remeshing_all_executed.png
[17:07]   [timing] final_screenshot: 0.3s
[17:08]   [27/33] SKIPPED (not in gpu list) sharpen_all.json
[17:08]   [28/33] SKIPPED (not in gpu list) skeleton_all.json
[17:08]   [29/33] SKIPPED (not in gpu list) smooth_all.json
[17:08] Capturing execution frames: uv_unwrap_all.json
[17:17]   Frame 1 saved (frame_000.jpg, t=0.0s)
[17:17]   Validating workflow...
[17:17]   [ComfyUI] === /validate endpoint called ===
[17:17]   [ComfyUI] Received JSON with keys: ['prompt']
[17:17]   Queuing workflow for execution...
[17:17]   [ComfyUI] Prompt has 19 nodes
[17:17]   [ComfyUI]   Node 1: GeomPackLoadMesh
[17:17]   [ComfyUI]     Inputs: {"file_path": "3d/camelhead.off"}
[17:17]   [ComfyUI]   Node 2: GeomPackUVUnwrap
[17:17]   [ComfyUI]     Inputs: {"backend": "xatlas", "report_panel": "false", "trimesh": ["1", 0]}
[17:17]   [ComfyUI]   Node 3: GeomPackUVUnwrap
[17:17]   [ComfyUI]     Inputs: {"backend": "cumesh", "backend.chart_cone_angle": 90, "backend.chart_refine_iterations": 0, "backend.chart_global_iterations": 1, "backend.chart_smooth_strength": 1, "report_panel": "false", "trimesh"
[17:17]   [ComfyUI]   Node 4: GeomPackUVUnwrap
[17:17]   [ComfyUI]     Inputs: {"backend": "libigl_lscm", "report_panel": "false", "trimesh": ["1", 0]}
[17:17]   [ComfyUI]   Node 5: GeomPackUVUnwrap
[17:17]   [ComfyUI]     Inputs: {"backend": "libigl_harmonic", "report_panel": "false", "trimesh": ["1", 0]}
[17:17]   [ComfyUI]   Node 6: GeomPackUVUnwrap
[17:17]   [ComfyUI]     Inputs: {"backend": "libigl_arap", "backend.iterations": 10, "report_panel": "false", "trimesh": ["1", 0]}
[17:17]   [ComfyUI]   Node 7: GeomPackUVUnwrap
[17:17]   [ComfyUI]     Inputs: {"backend": "blender_smart", "backend.angle_limit": 66, "backend.island_margin": 0.02, "backend.scale_to_bounds": "true", "report_panel": "false", "trimesh": ["1", 0]}
[17:17]   [ComfyUI]   Node 8: GeomPackUVUnwrap
[17:17]   [ComfyUI]     Inputs: {"backend": "blender_cube", "backend.cube_size": 1, "backend.scale_to_bounds": "true", "report_panel": "false", "trimesh": ["1", 0]}
[17:17]   [ComfyUI]   Node 9: GeomPackUVUnwrap
[17:17]   [ComfyUI]     Inputs: {"backend": "blender_cylinder", "backend.cylinder_radius": 0.9, "backend.scale_to_bounds": "true", "report_panel": "false", "trimesh": ["1", 0]}
[17:17]   [ComfyUI]   Node 10: GeomPackUVUnwrap
[17:17]   [ComfyUI]     Inputs: {"backend": "blender_sphere", "backend.scale_to_bounds": "true", "report_panel": "false", "trimesh": ["1", 0]}
[17:17]   [ComfyUI]   Node 15: GeomPackPreviewMeshUV
[17:17]   [ComfyUI]     Inputs: {"show_checker": false, "show_wireframe": true, "uv_preview": "", "trimesh": ["7", 0]}
[17:17]   [ComfyUI]   Node 16: GeomPackPreviewMeshUV
[17:17]   [ComfyUI]     Inputs: {"show_checker": false, "show_wireframe": true, "uv_preview": "", "trimesh": ["8", 0]}
[17:17]   [ComfyUI]   Node 17: GeomPackPreviewMeshUV
[17:17]   [ComfyUI]     Inputs: {"show_checker": false, "show_wireframe": true, "uv_preview": "", "trimesh": ["10", 0]}
[17:17]   [ComfyUI]   Node 18: GeomPackPreviewMeshUV
[17:17]   [ComfyUI]     Inputs: {"show_checker": false, "show_wireframe": true, "uv_preview": "", "trimesh": ["2", 0]}
[17:17]   [ComfyUI]   Node 19: GeomPackPreviewMeshUV
[17:17]   [ComfyUI]     Inputs: {"show_checker": false, "show_wireframe": true, "uv_preview": "", "trimesh": ["6", 0]}
[17:17]   [ComfyUI]   Node 20: GeomPackPreviewMeshUV
[17:17]   [ComfyUI]     Inputs: {"show_checker": false, "show_wireframe": true, "uv_preview": "", "trimesh": ["3", 0]}
[17:17]   [ComfyUI]   Node 21: GeomPackPreviewMeshUV
[17:17]   [ComfyUI]     Inputs: {"show_checker": false, "show_wireframe": true, "uv_preview": "", "trimesh": ["9", 0]}
[17:17]   [ComfyUI]   Node 22: GeomPackPreviewMeshUV
[17:17]   [ComfyUI]     Inputs: {"show_checker": false, "show_wireframe": true, "uv_preview": "", "trimesh": ["5", 0]}
[17:17]   [ComfyUI]   Node 23: GeomPackPreviewMeshUV
[17:17]   [ComfyUI]     Inputs: {"show_checker": false, "show_wireframe": true, "uv_preview": "", "trimesh": ["4", 0]}
[17:17]   [ComfyUI] Generated prompt_id: 261ae71d-adc6-4082-834b-94b4bb8111c0
[17:17]   [ComfyUI] Calling execution.validate_prompt()...
[17:17]   [ComfyUI] Validation result: valid=True
[17:17]   [ComfyUI] === Validation PASSED ===
[17:17]   [ComfyUI] got prompt
[17:17]   [ComfyUI] [comfy-env] Running GeomPackLoadMesh: file_path: '3d/camelhead.off'
[17:17]   [ComfyUI] [VRAM] Before GeomPackLoadMesh: 1042 / 12287 MB
[17:17]   [ComfyUI] [SubprocessWorker] call_method: nodes.io.load_mesh.LoadMesh.EXECUTE_NORMALIZED
[17:17]   [ComfyUI] [SubprocessWorker] acquired lock, ensuring started...
[17:17]   [ComfyUI] [ComfyUI-GeometryPack] Health check: ping (timeout=5.0s)...
[17:17]   [ComfyUI] [ComfyUI-GeometryPack] Health check: ok
[17:17]   [ComfyUI] [SubprocessWorker] worker started/confirmed
[17:17]   [ComfyUI] [SubprocessWorker] serializing kwargs to shm...
[17:17]   [ComfyUI] [SubprocessWorker] created 0 shm blocks
[17:17]   [ComfyUI] [SubprocessWorker] sending request via socket...
[17:17]   [ComfyUI] [SubprocessWorker] call_id=47 sending call_method
[17:17]   [ComfyUI] [worker:ComfyUI-GeometryPack] INFO: Found mesh in input folder: 3d/camelhead.off
[17:17]   [ComfyUI] [worker:ComfyUI-GeometryPack] INFO: Loading: C:\workspaces\GeometryPack-1637\portable-comfyui\ComfyUI_windows_portable\ComfyUI\input\3d/camelhead.off
[17:17]   [ComfyUI] [worker:ComfyUI-GeometryPack] INFO: Initial mesh: 11381 vertices, 22704 faces
[17:17]   [ComfyUI] [worker:ComfyUI-GeometryPack] INFO: Successfully loaded: 11381 vertices, 22704 faces
[17:17]   [ComfyUI] [worker:ComfyUI-GeometryPack] INFO: Loaded: 11381 vertices, 22704 faces
[17:17]   [ComfyUI] [SubprocessWorker] got response: ok
[17:17]   [ComfyUI] [comfy-env] GeomPackLoadMesh done (0.18s): result: NodeOutput
[17:17]   [ComfyUI] [VRAM] After GeomPackLoadMesh: 1042 / 12287 MB
[17:17]   [ComfyUI] [comfy-env] Running GeomPackUVUnwrap: backend: dict, trimesh: Trimesh
[17:17]   [ComfyUI] [VRAM] Before GeomPackUVUnwrap: 1042 / 12287 MB
[17:17]   [ComfyUI] [SubprocessWorker] call_method: nodes.uv.uv_unwrap.UVUnwrapNode.EXECUTE_NORMALIZED
[17:17]   [ComfyUI] [SubprocessWorker] acquired lock, ensuring started...
[17:17]   [ComfyUI] [ComfyUI-GeometryPack] Health check: ping (timeout=5.0s)...
[17:17]   [ComfyUI] [ComfyUI-GeometryPack] Health check: ok
[17:17]   [ComfyUI] [SubprocessWorker] worker started/confirmed
[17:17]   [ComfyUI] [SubprocessWorker] serializing kwargs to shm...
[17:17]   [ComfyUI] [SubprocessWorker] created 1 shm blocks
[17:17]   [ComfyUI] [SubprocessWorker] sending request via socket...
[17:17]   [ComfyUI] [SubprocessWorker] call_id=48 sending call_method
[17:17]   [ComfyUI] [worker:ComfyUI-GeometryPack] INFO: UV Unwrap dispatch: blender_smart -> GeomPackUV_BlenderSmart
[17:17]   [ComfyUI] [SubprocessWorker] got response: ok
[17:17]   [ComfyUI] [comfy-env] GeomPackUVUnwrap done (0.07s): result: NodeOutput
[17:17]   [ComfyUI] [VRAM] After GeomPackUVUnwrap: 1042 / 12287 MB
[17:17]   [ComfyUI] [comfy-env] Running GeomPackUVUnwrap: backend: dict, trimesh: Trimesh
[17:17]   [ComfyUI] [VRAM] Before GeomPackUVUnwrap: 1042 / 12287 MB
[17:17]   [ComfyUI] [SubprocessWorker] call_method: nodes.uv.uv_unwrap.UVUnwrapNode.EXECUTE_NORMALIZED
[17:17]   [ComfyUI] [SubprocessWorker] acquired lock, ensuring started...
[17:17]   [ComfyUI] [ComfyUI-GeometryPack] Health check: ping (timeout=5.0s)...
[17:17]   [ComfyUI] [ComfyUI-GeometryPack] Health check: ok
[17:17]   [ComfyUI] [SubprocessWorker] worker started/confirmed
[17:17]   [ComfyUI] [SubprocessWorker] serializing kwargs to shm...
[17:17]   [ComfyUI] [SubprocessWorker] created 1 shm blocks
[17:17]   [ComfyUI] [SubprocessWorker] sending request via socket...
[17:17]   [ComfyUI] [SubprocessWorker] call_id=49 sending call_method
[17:17]   [ComfyUI] [worker:ComfyUI-GeometryPack] INFO: UV Unwrap dispatch: blender_sphere -> GeomPackUV_BlenderSphere
[17:17]   [ComfyUI] [SubprocessWorker] got response: ok
[17:17]   [ComfyUI] [comfy-env] GeomPackUVUnwrap done (0.08s): result: NodeOutput
[17:17]   [ComfyUI] [VRAM] After GeomPackUVUnwrap: 1042 / 12287 MB
[17:17]   [ComfyUI] [comfy-env] Running GeomPackUVUnwrap: backend: dict, trimesh: Trimesh
[17:17]   [ComfyUI] [VRAM] Before GeomPackUVUnwrap: 1042 / 12287 MB
[17:17]   [ComfyUI] [SubprocessWorker] call_method: nodes.uv.uv_unwrap.UVUnwrapNode.EXECUTE_NORMALIZED
[17:17]   [ComfyUI] [SubprocessWorker] acquired lock, ensuring started...
[17:17]   [ComfyUI] [ComfyUI-GeometryPack] Health check: ping (timeout=5.0s)...
[17:17]   [ComfyUI] [ComfyUI-GeometryPack] Health check: ok
[17:17]   [ComfyUI] [SubprocessWorker] worker started/confirmed
[17:17]   [ComfyUI] [SubprocessWorker] serializing kwargs to shm...
[17:17]   [ComfyUI] [SubprocessWorker] created 1 shm blocks
[17:17]   [ComfyUI] [SubprocessWorker] sending request via socket...
[17:17]   [ComfyUI] [SubprocessWorker] call_id=50 sending call_method
[17:17]   [ComfyUI] [worker:ComfyUI-GeometryPack] INFO: UV Unwrap dispatch: libigl_harmonic -> GeomPackUV_LibiglHarmonic
[17:17]   [ComfyUI] [SubprocessWorker] got response: ok
[17:17]   [ComfyUI] [comfy-env] GeomPackUVUnwrap done (0.08s): result: NodeOutput
[17:17]   [ComfyUI] [VRAM] After GeomPackUVUnwrap: 1042 / 12287 MB
[17:17]   [ComfyUI] [comfy-env] Running GeomPackUVUnwrap: backend: dict, trimesh: Trimesh
[17:17]   [ComfyUI] [VRAM] Before GeomPackUVUnwrap: 1042 / 12287 MB
[17:17]   [ComfyUI] [SubprocessWorker] call_method: nodes.uv.uv_unwrap.UVUnwrapNode.EXECUTE_NORMALIZED
[17:17]   [ComfyUI] [SubprocessWorker] acquired lock, ensuring started...
[17:17]   [ComfyUI] [ComfyUI-GeometryPack] Health check: ping (timeout=5.0s)...
[17:17]   [ComfyUI] [ComfyUI-GeometryPack] Health check: ok
[17:17]   [ComfyUI] [SubprocessWorker] worker started/confirmed
[17:17]   [ComfyUI] [SubprocessWorker] serializing kwargs to shm...
[17:17]   [ComfyUI] [SubprocessWorker] created 1 shm blocks
[17:17]   [ComfyUI] [SubprocessWorker] sending request via socket...
[17:17]   [ComfyUI] [SubprocessWorker] call_id=51 sending call_method
[17:17]   [ComfyUI] [worker:ComfyUI-GeometryPack] INFO: UV Unwrap dispatch: libigl_arap -> GeomPackUV_LibiglARAP
[17:17]   [ComfyUI] [SubprocessWorker] got response: ok
[17:17]   [ComfyUI] [comfy-env] GeomPackUVUnwrap done (0.08s): result: NodeOutput
[17:17]   [ComfyUI] [VRAM] After GeomPackUVUnwrap: 1042 / 12287 MB
[17:17]   [ComfyUI] [comfy-env] Running GeomPackUVUnwrap: backend: dict, trimesh: Trimesh
[17:17]   [ComfyUI] [VRAM] Before GeomPackUVUnwrap: 1042 / 12287 MB
[17:17]   [ComfyUI] [SubprocessWorker] call_method: nodes.uv.uv_unwrap.UVUnwrapNode.EXECUTE_NORMALIZED
[17:17]   [ComfyUI] [SubprocessWorker] acquired lock, ensuring started...
[17:17]   [ComfyUI] [ComfyUI-GeometryPack] Health check: ping (timeout=5.0s)...
[17:17]   [ComfyUI] [ComfyUI-GeometryPack] Health check: ok
[17:17]   [ComfyUI] [SubprocessWorker] worker started/confirmed
[17:17]   [ComfyUI] [SubprocessWorker] serializing kwargs to shm...
[17:17]   [ComfyUI] [SubprocessWorker] created 1 shm blocks
[17:17]   [ComfyUI] [SubprocessWorker] sending request via socket...
[17:17]   [ComfyUI] [SubprocessWorker] call_id=52 sending call_method
[17:17]   [ComfyUI] [worker:ComfyUI-GeometryPack] INFO: UV Unwrap dispatch: blender_cube -> GeomPackUV_BlenderCube
[17:17]   [ComfyUI] [SubprocessWorker] got response: ok
[17:17]   [ComfyUI] [comfy-env] GeomPackUVUnwrap done (0.07s): result: NodeOutput
[17:17]   [ComfyUI] [VRAM] After GeomPackUVUnwrap: 1042 / 12287 MB
[17:17]   [ComfyUI] [comfy-env] Running GeomPackUVUnwrap: backend: dict, trimesh: Trimesh
[17:17]   [ComfyUI] [VRAM] Before GeomPackUVUnwrap: 1042 / 12287 MB
[17:17]   [ComfyUI] [SubprocessWorker] call_method: nodes.uv.uv_unwrap.UVUnwrapNode.EXECUTE_NORMALIZED
[17:17]   [ComfyUI] [SubprocessWorker] acquired lock, ensuring started...
[17:17]   [ComfyUI] [ComfyUI-GeometryPack] Health check: ping (timeout=5.0s)...
[17:17]   [ComfyUI] [ComfyUI-GeometryPack] Health check: ok
[17:17]   [ComfyUI] [SubprocessWorker] worker started/confirmed
[17:17]   [ComfyUI] [SubprocessWorker] serializing kwargs to shm...
[17:17]   [ComfyUI] [SubprocessWorker] created 1 shm blocks
[17:17]   [ComfyUI] [SubprocessWorker] sending request via socket...
[17:17]   [ComfyUI] [SubprocessWorker] call_id=53 sending call_method
[17:17]   [ComfyUI] [worker:ComfyUI-GeometryPack] INFO: UV Unwrap dispatch: libigl_lscm -> GeomPackUV_LibiglLSCM
[17:17]   [ComfyUI] [SubprocessWorker] got response: ok
[17:17]   [ComfyUI] [comfy-env] GeomPackUVUnwrap done (0.08s): result: NodeOutput
[17:17]   [ComfyUI] [VRAM] After GeomPackUVUnwrap: 1042 / 12287 MB
[17:17]   [ComfyUI] [comfy-env] Running GeomPackUVUnwrap: backend: dict, trimesh: Trimesh
[17:17]   [ComfyUI] [VRAM] Before GeomPackUVUnwrap: 1042 / 12287 MB
[17:17]   [ComfyUI] [SubprocessWorker] call_method: nodes.uv.uv_unwrap.UVUnwrapNode.EXECUTE_NORMALIZED
[17:17]   [ComfyUI] [SubprocessWorker] acquired lock, ensuring started...
[17:17]   [ComfyUI] [ComfyUI-GeometryPack] Health check: ping (timeout=5.0s)...
[17:17]   [ComfyUI] [ComfyUI-GeometryPack] Health check: ok
[17:17]   [ComfyUI] [SubprocessWorker] worker started/confirmed
[17:17]   [ComfyUI] [SubprocessWorker] serializing kwargs to shm...
[17:17]   [ComfyUI] [SubprocessWorker] created 1 shm blocks
[17:17]   [ComfyUI] [SubprocessWorker] sending request via socket...
[17:17]   [ComfyUI] [SubprocessWorker] call_id=54 sending call_method
[17:17]   [ComfyUI] [worker:ComfyUI-GeometryPack] INFO: UV Unwrap dispatch: xatlas -> GeomPackUV_Xatlas
[17:17]   [ComfyUI] [SubprocessWorker] got response: ok
[17:17]   [ComfyUI] [comfy-env] GeomPackUVUnwrap done (0.08s): result: NodeOutput
[17:17]   [ComfyUI] [VRAM] After GeomPackUVUnwrap: 1042 / 12287 MB
[17:17]   [ComfyUI] [comfy-env] Running GeomPackUVUnwrap: backend: dict, trimesh: Trimesh
[17:17]   [ComfyUI] [VRAM] Before GeomPackUVUnwrap: 1042 / 12287 MB
[17:18]   [ComfyUI] [SubprocessWorker] call_method: nodes.uv.uv_unwrap.UVUnwrapNode.EXECUTE_NORMALIZED
[17:18]   [ComfyUI] [SubprocessWorker] acquired lock, ensuring started...
[17:18]   [ComfyUI] [ComfyUI-GeometryPack] Health check: ping (timeout=5.0s)...
[17:18]   [ComfyUI] [ComfyUI-GeometryPack] Health check: ok
[17:18]   [ComfyUI] [SubprocessWorker] worker started/confirmed
[17:18]   [ComfyUI] [SubprocessWorker] serializing kwargs to shm...
[17:18]   [ComfyUI] [SubprocessWorker] created 1 shm blocks
[17:18]   [ComfyUI] [SubprocessWorker] sending request via socket...
[17:18]   [ComfyUI] [SubprocessWorker] call_id=55 sending call_method
[17:18]   [ComfyUI] [worker:ComfyUI-GeometryPack] INFO: UV Unwrap dispatch: cumesh -> GeomPackUV_CuMesh
[17:18]   [ComfyUI] [SubprocessWorker] got response: ok
[17:18]   [ComfyUI] [comfy-env] GeomPackUVUnwrap done (0.07s): result: NodeOutput
[17:18]   [ComfyUI] [VRAM] After GeomPackUVUnwrap: 1042 / 12287 MB
[17:18]   [ComfyUI] [comfy-env] Running GeomPackUVUnwrap: backend: dict, trimesh: Trimesh
[17:18]   [ComfyUI] [VRAM] Before GeomPackUVUnwrap: 1042 / 12287 MB
[17:18]   [ComfyUI] [SubprocessWorker] call_method: nodes.uv.uv_unwrap.UVUnwrapNode.EXECUTE_NORMALIZED
[17:18]   [ComfyUI] [SubprocessWorker] acquired lock, ensuring started...
[17:18]   [ComfyUI] [ComfyUI-GeometryPack] Health check: ping (timeout=5.0s)...
[17:18]   [ComfyUI] [ComfyUI-GeometryPack] Health check: ok
[17:18]   [ComfyUI] [SubprocessWorker] worker started/confirmed
[17:18]   [ComfyUI] [SubprocessWorker] serializing kwargs to shm...
[17:18]   [ComfyUI] [SubprocessWorker] created 1 shm blocks
[17:18]   [ComfyUI] [SubprocessWorker] sending request via socket...
[17:18]   [ComfyUI] [SubprocessWorker] call_id=56 sending call_method
[17:18]   [ComfyUI] [worker:ComfyUI-GeometryPack] INFO: UV Unwrap dispatch: blender_cylinder -> GeomPackUV_BlenderCylinder
[17:18]   [ComfyUI] [SubprocessWorker] got response: ok
[17:18]   [ComfyUI] [comfy-env] GeomPackUVUnwrap done (0.07s): result: NodeOutput
[17:18]   [ComfyUI] [VRAM] After GeomPackUVUnwrap: 1042 / 12287 MB
[17:18]   [ComfyUI] [comfy-env] Running GeomPackUV_BlenderSmart: trimesh: Trimesh, angle_limit: 66.0, island_margin: 0.02, scale_to_bounds: 'true'
[17:18]   [ComfyUI] [VRAM] Before GeomPackUV_BlenderSmart: 1042 / 12287 MB
[17:18]   [ComfyUI] [SubprocessWorker] call_method: nodes.blender_uv.backends.blender_smart.UVBlenderSmartNode.EXECUTE_NORMALIZED
[17:18]   [ComfyUI] [SubprocessWorker] acquired lock, ensuring started...
[17:18]   [ComfyUI] [ComfyUI-GeometryPack] Health check: ping (timeout=5.0s)...
[17:18]   [ComfyUI] [ComfyUI-GeometryPack] Health check: ok
[17:18]   [ComfyUI] [SubprocessWorker] worker started/confirmed
[17:18]   [ComfyUI] [SubprocessWorker] serializing kwargs to shm...
[17:18]   [ComfyUI] [SubprocessWorker] created 1 shm blocks
[17:18]   [ComfyUI] [SubprocessWorker] sending request via socket...
[17:18]   [ComfyUI] [SubprocessWorker] call_id=57 sending call_method
[17:18]   [ComfyUI] [worker:ComfyUI-GeometryPack] INFO: Backend: blender_smart
[17:18]   [ComfyUI] [worker:ComfyUI-GeometryPack] INFO: Input: 11381 vertices, 22704 faces
[17:18]   [ComfyUI] [worker:ComfyUI-GeometryPack] INFO: Parameters: angle_limit=66.0, island_margin=0.02, scale_to_bounds=true
[17:18]   [ComfyUI] [worker:ComfyUI-GeometryPack] INFO: Output: 13353 vertices, 22704 faces
[17:18]   [ComfyUI] [SubprocessWorker] got response: ok
[17:18]   [ComfyUI] [comfy-env] GeomPackUV_BlenderSmart done (0.58s): result: NodeOutput
[17:18]   [ComfyUI] [VRAM] After GeomPackUV_BlenderSmart: 1042 / 12287 MB
[17:18]   [ComfyUI] [comfy-env] Running GeomPackPreviewMeshUV: show_checker: False, show_wireframe: True, trimesh: Trimesh
[17:18]   [ComfyUI] [VRAM] Before GeomPackPreviewMeshUV: 1042 / 12287 MB
[17:18]   [ComfyUI] [SubprocessWorker] call_method: nodes.visualization.preview_mesh_uv.PreviewMeshUVNode.EXECUTE_NORMALIZED
[17:18]   [ComfyUI] [SubprocessWorker] acquired lock, ensuring started...
[17:18]   [ComfyUI] [ComfyUI-GeometryPack] Health check: ping (timeout=5.0s)...
[17:18]   [ComfyUI] [ComfyUI-GeometryPack] Health check: ok
[17:18]   [ComfyUI] [SubprocessWorker] worker started/confirmed
[17:18]   [ComfyUI] [SubprocessWorker] serializing kwargs to shm...
[17:18]   [ComfyUI] [SubprocessWorker] created 1 shm blocks
[17:18]   [ComfyUI] [SubprocessWorker] sending request via socket...
[17:18]   [ComfyUI] [SubprocessWorker] call_id=58 sending call_method
[17:18]   [ComfyUI] [worker:ComfyUI-GeometryPack] INFO: Preparing preview: Mesh - 13353 vertices, 22704 faces
[17:18]   Node executed (1 total), capturing...
[17:18]   [ComfyUI] [worker:ComfyUI-GeometryPack] INFO: Found UV data: 13353 UV coordinates
[17:19]   [ComfyUI] [worker:ComfyUI-GeometryPack] INFO: UV stats: range=[1.         0.99999994], in_unit_square=True, coverage=0.3949
[17:19]   [ComfyUI] [worker:ComfyUI-GeometryPack] INFO: Exported mesh to: C:\workspaces\GeometryPack-1637\portable-comfyui\ComfyUI_windows_portable\ComfyUI\output\preview_uv_59196260.glb
[17:19]   Frame 2 saved (frame_001.jpg, t=1.9s)
[17:19]   [capture-node] freeze=4ms shot=111ms unfreeze=8ms saved=True
[17:19]   [ComfyUI] [worker:ComfyUI-GeometryPack] INFO: Exported UV data to: C:\workspaces\GeometryPack-1637\portable-comfyui\ComfyUI_windows_portable\ComfyUI\output\preview_uv_ca549892_uvdata.json
[17:19]   [ComfyUI] [worker:ComfyUI-GeometryPack] INFO: Preview ready: has_uvs=True, checker=False, wireframe=True
[17:19]   [ComfyUI] [SubprocessWorker] got response: ok
[17:19]   [ComfyUI] [comfy-env] GeomPackPreviewMeshUV done (0.60s): result: NodeOutput
[17:19]   [ComfyUI] [VRAM] After GeomPackPreviewMeshUV: 1042 / 12287 MB
[17:19]   [ComfyUI] [comfy-env] Running GeomPackUV_BlenderSphere: trimesh: Trimesh, scale_to_bounds: 'true'
[17:19]   [ComfyUI] [VRAM] Before GeomPackUV_BlenderSphere: 1042 / 12287 MB
[17:19]   [ComfyUI] [SubprocessWorker] call_method: nodes.blender_uv.backends.blender_sphere.UVBlenderSphereNode.EXECUTE_NORMALIZED
[17:19]   [ComfyUI] [SubprocessWorker] acquired lock, ensuring started...
[17:19]   [ComfyUI] [ComfyUI-GeometryPack] Health check: ping (timeout=5.0s)...
[17:19]   [ComfyUI] [ComfyUI-GeometryPack] Health check: ok
[17:19]   [ComfyUI] [SubprocessWorker] worker started/confirmed
[17:19]   [ComfyUI] [SubprocessWorker] serializing kwargs to shm...
[17:19]   [ComfyUI] [SubprocessWorker] created 1 shm blocks
[17:19]   [ComfyUI] [SubprocessWorker] sending request via socket...
[17:19]   [ComfyUI] [SubprocessWorker] call_id=59 sending call_method
[17:19]   [ComfyUI] [worker:ComfyUI-GeometryPack] INFO: Backend: blender_sphere
[17:19]   [ComfyUI] [worker:ComfyUI-GeometryPack] INFO: Input: 11381 vertices, 22704 faces
[17:19]   [ComfyUI] [worker:ComfyUI-GeometryPack] INFO: Parameters: scale_to_bounds=true
[17:19]   Node executed (2 total), capturing...
[17:19]   Frame 3 saved (frame_002.jpg, t=2.5s)
[17:19]   [capture-node] freeze=15ms shot=110ms unfreeze=7ms saved=True
[17:19]   [ComfyUI] [worker:ComfyUI-GeometryPack] INFO: Output: 11428 vertices, 22704 faces
[17:19]   [ComfyUI] [SubprocessWorker] got response: ok
[17:19]   [ComfyUI] [comfy-env] GeomPackUV_BlenderSphere done (0.57s): result: NodeOutput
[17:19]   [ComfyUI] [VRAM] After GeomPackUV_BlenderSphere: 1042 / 12287 MB
[17:19]   [ComfyUI] [comfy-env] Running GeomPackPreviewMeshUV: show_checker: False, show_wireframe: True, trimesh: Trimesh
[17:19]   [ComfyUI] [VRAM] Before GeomPackPreviewMeshUV: 1042 / 12287 MB
[17:19]   [ComfyUI] [SubprocessWorker] call_method: nodes.visualization.preview_mesh_uv.PreviewMeshUVNode.EXECUTE_NORMALIZED
[17:19]   [ComfyUI] [SubprocessWorker] acquired lock, ensuring started...
[17:19]   [ComfyUI] [ComfyUI-GeometryPack] Health check: ping (timeout=5.0s)...
[17:19]   [ComfyUI] [ComfyUI-GeometryPack] Health check: ok
[17:19]   [ComfyUI] [SubprocessWorker] worker started/confirmed
[17:19]   [ComfyUI] [SubprocessWorker] serializing kwargs to shm...
[17:19]   [ComfyUI] [SubprocessWorker] created 1 shm blocks
[17:19]   [ComfyUI] [SubprocessWorker] sending request via socket...
[17:19]   [ComfyUI] [SubprocessWorker] call_id=60 sending call_method
[17:19]   [ComfyUI] [worker:ComfyUI-GeometryPack] INFO: Preparing preview: Mesh - 11428 vertices, 22704 faces
[17:19]   [ComfyUI] [worker:ComfyUI-GeometryPack] INFO: Found UV data: 11428 UV coordinates
[17:19]   Node executed (3 total), capturing...
[17:20]   [ComfyUI] [worker:ComfyUI-GeometryPack] INFO: UV stats: range=[1. 1.], in_unit_square=True, coverage=0.6251
[17:20]   [ComfyUI] [worker:ComfyUI-GeometryPack] INFO: Exported mesh to: C:\workspaces\GeometryPack-1637\portable-comfyui\ComfyUI_windows_portable\ComfyUI\output\preview_uv_7178bb7d.glb
[17:20]   Frame 4 saved (frame_003.jpg, t=3.1s)
[17:20]   [capture-node] freeze=3ms shot=120ms unfreeze=4ms saved=True
[17:20]   [ComfyUI] [worker:ComfyUI-GeometryPack] INFO: Exported UV data to: C:\workspaces\GeometryPack-1637\portable-comfyui\ComfyUI_windows_portable\ComfyUI\output\preview_uv_2a91c681_uvdata.json
[17:20]   [ComfyUI] [worker:ComfyUI-GeometryPack] INFO: Preview ready: has_uvs=True, checker=False, wireframe=True
[17:20]   [ComfyUI] [SubprocessWorker] got response: ok
[17:20]   [ComfyUI] [comfy-env] GeomPackPreviewMeshUV done (0.57s): result: NodeOutput
[17:20]   [ComfyUI] [VRAM] After GeomPackPreviewMeshUV: 1042 / 12287 MB
[17:20]   [ComfyUI] [comfy-env] Running GeomPackUV_LibiglHarmonic: trimesh: Trimesh
[17:20]   [ComfyUI] [VRAM] Before GeomPackUV_LibiglHarmonic: 1042 / 12287 MB
[17:20]   [ComfyUI] [SubprocessWorker] call_method: nodes.uv.backends.libigl_harmonic.UVLibiglHarmonicNode.EXECUTE_NORMALIZED
[17:20]   [ComfyUI] [SubprocessWorker] acquired lock, ensuring started...
[17:20]   [ComfyUI] [ComfyUI-GeometryPack] Health check: ping (timeout=5.0s)...
[17:20]   [ComfyUI] [ComfyUI-GeometryPack] Health check: ok
[17:20]   [ComfyUI] [SubprocessWorker] worker started/confirmed
[17:20]   [ComfyUI] [SubprocessWorker] serializing kwargs to shm...
[17:20]   [ComfyUI] [SubprocessWorker] created 1 shm blocks
[17:20]   [ComfyUI] [SubprocessWorker] sending request via socket...
[17:20]   [ComfyUI] [SubprocessWorker] call_id=61 sending call_method
[17:20]   [ComfyUI] [worker:ComfyUI-GeometryPack] INFO: Backend: libigl_harmonic
[17:20]   [ComfyUI] [worker:ComfyUI-GeometryPack] INFO: Input: 11381 vertices, 22704 faces
[17:20]   Node executed (4 total), capturing...
[17:20]   [ComfyUI] [worker:ComfyUI-GeometryPack] INFO: Output: 11381 vertices, 22704 faces
[17:20]   [ComfyUI] [SubprocessWorker] got response: ok
[17:20]   [ComfyUI] [comfy-env] GeomPackUV_LibiglHarmonic done (0.31s): result: NodeOutput
[17:20]   [ComfyUI] [VRAM] After GeomPackUV_LibiglHarmonic: 1042 / 12287 MB
[17:20]   [ComfyUI] [comfy-env] Running GeomPackPreviewMeshUV: show_checker: False, show_wireframe: True, trimesh: Trimesh
[17:20]   [ComfyUI] [VRAM] Before GeomPackPreviewMeshUV: 1042 / 12287 MB
[17:20]   [ComfyUI] [SubprocessWorker] call_method: nodes.visualization.preview_mesh_uv.PreviewMeshUVNode.EXECUTE_NORMALIZED
[17:20]   [ComfyUI] [SubprocessWorker] acquired lock, ensuring started...
[17:20]   [ComfyUI] [ComfyUI-GeometryPack] Health check: ping (timeout=5.0s)...
[17:20]   [ComfyUI] [ComfyUI-GeometryPack] Health check: ok
[17:20]   [ComfyUI] [SubprocessWorker] worker started/confirmed
[17:20]   [ComfyUI] [SubprocessWorker] serializing kwargs to shm...
[17:20]   [ComfyUI] [SubprocessWorker] created 1 shm blocks
[17:20]   [ComfyUI] [SubprocessWorker] sending request via socket...
[17:20]   [ComfyUI] [SubprocessWorker] call_id=62 sending call_method
[17:20]   [ComfyUI] [worker:ComfyUI-GeometryPack] INFO: Preparing preview: Mesh - 11381 vertices, 22704 faces
[17:20]   [ComfyUI] [worker:ComfyUI-GeometryPack] INFO: Found UV data: 11381 UV coordinates
[17:20]   Frame 5 saved (frame_004.jpg, t=3.6s)
[17:20]   [capture-node] freeze=41ms shot=184ms unfreeze=3ms saved=True
[17:21]   Node executed (5 total), capturing...
[17:21]   [ComfyUI] [worker:ComfyUI-GeometryPack] INFO: UV stats: range=[1. 1.], in_unit_square=True, coverage=0.7838
[17:21]   [ComfyUI] [worker:ComfyUI-GeometryPack] INFO: Exported mesh to: C:\workspaces\GeometryPack-1637\portable-comfyui\ComfyUI_windows_portable\ComfyUI\output\preview_uv_c63cfdf8.glb
[17:21]   [ComfyUI] [worker:ComfyUI-GeometryPack] INFO: Exported UV data to: C:\workspaces\GeometryPack-1637\portable-comfyui\ComfyUI_windows_portable\ComfyUI\output\preview_uv_b37c69e7_uvdata.json
[17:21]   [ComfyUI] [worker:ComfyUI-GeometryPack] INFO: Preview ready: has_uvs=True, checker=False, wireframe=True
[17:21]   [ComfyUI] [SubprocessWorker] got response: ok
[17:21]   [ComfyUI] [comfy-env] GeomPackPreviewMeshUV done (0.57s): result: NodeOutput
[17:21]   [ComfyUI] [VRAM] After GeomPackPreviewMeshUV: 1042 / 12287 MB
[17:21]   [ComfyUI] [comfy-env] Running GeomPackUV_LibiglARAP: trimesh: Trimesh, iterations: 10
[17:21]   [ComfyUI] [VRAM] Before GeomPackUV_LibiglARAP: 1042 / 12287 MB
[17:21]   [ComfyUI] [SubprocessWorker] call_method: nodes.uv.backends.libigl_arap.UVLibiglARAPNode.EXECUTE_NORMALIZED
[17:21]   [ComfyUI] [SubprocessWorker] acquired lock, ensuring started...
[17:21]   [ComfyUI] [ComfyUI-GeometryPack] Health check: ping (timeout=5.0s)...
[17:21]   [ComfyUI] [ComfyUI-GeometryPack] Health check: ok
[17:21]   [ComfyUI] [SubprocessWorker] worker started/confirmed
[17:21]   [ComfyUI] [SubprocessWorker] serializing kwargs to shm...
[17:21]   [ComfyUI] [SubprocessWorker] created 1 shm blocks
[17:21]   [ComfyUI] [SubprocessWorker] sending request via socket...
[17:21]   [ComfyUI] [SubprocessWorker] call_id=63 sending call_method
[17:21]   [ComfyUI] [worker:ComfyUI-GeometryPack] INFO: Backend: libigl_arap
[17:21]   [ComfyUI] [worker:ComfyUI-GeometryPack] INFO: Input: 11381 vertices, 22704 faces
[17:21]   Frame 6 saved (frame_005.jpg, t=4.2s)
[17:21]   [ComfyUI] [worker:ComfyUI-GeometryPack] INFO: Parameters: iterations=10
[17:21]   [capture-node] freeze=4ms shot=124ms unfreeze=4ms saved=True
[17:21]   Node executed (6 total), capturing...
[17:21]   Frame 7 saved (frame_006.jpg, t=4.7s)
[17:21]   [capture-node] freeze=4ms shot=132ms unfreeze=4ms saved=True
[17:25]   [capture-loop] iter=50 t=8.1s state={'complete': False, 'error': None, 'executedCount': 6, 'wsState': 1} eval_ms=4 ram=9.8/31.9GB (31%) swap=0.3/12.3GB (2%) cpu=5% browser_rss=0.94GB
[17:25]   [ComfyUI] [worker:ComfyUI-GeometryPack] INFO: Output: 11381 vertices, 22704 faces
[17:25]   [ComfyUI] [SubprocessWorker] got response: ok
[17:25]   [ComfyUI] [comfy-env] GeomPackUV_LibiglARAP done (4.16s): result: NodeOutput
[17:25]   [ComfyUI] [VRAM] After GeomPackUV_LibiglARAP: 1042 / 12287 MB
[17:25]   [ComfyUI] [comfy-env] Running GeomPackPreviewMeshUV: show_checker: False, show_wireframe: True, trimesh: Trimesh
[17:25]   [ComfyUI] [VRAM] Before GeomPackPreviewMeshUV: 1042 / 12287 MB
[17:25]   [ComfyUI] [SubprocessWorker] call_method: nodes.visualization.preview_mesh_uv.PreviewMeshUVNode.EXECUTE_NORMALIZED
[17:25]   [ComfyUI] [SubprocessWorker] acquired lock, ensuring started...
[17:25]   [ComfyUI] [ComfyUI-GeometryPack] Health check: ping (timeout=5.0s)...
[17:25]   [ComfyUI] [ComfyUI-GeometryPack] Health check: ok
[17:25]   [ComfyUI] [SubprocessWorker] worker started/confirmed
[17:25]   [ComfyUI] [SubprocessWorker] serializing kwargs to shm...
[17:25]   [ComfyUI] [SubprocessWorker] created 1 shm blocks
[17:25]   [ComfyUI] [SubprocessWorker] sending request via socket...
[17:25]   [ComfyUI] [SubprocessWorker] call_id=64 sending call_method
[17:25]   [ComfyUI] [worker:ComfyUI-GeometryPack] INFO: Preparing preview: Mesh - 11381 vertices, 22704 faces
[17:25]   [ComfyUI] [worker:ComfyUI-GeometryPack] INFO: Found UV data: 11381 UV coordinates
[17:25]   Node executed (7 total), capturing...
[17:25]   [ComfyUI] [worker:ComfyUI-GeometryPack] INFO: UV stats: range=[1. 1.], in_unit_square=True, coverage=0.7572
[17:25]   [ComfyUI] [worker:ComfyUI-GeometryPack] INFO: Exported mesh to: C:\workspaces\GeometryPack-1637\portable-comfyui\ComfyUI_windows_portable\ComfyUI\output\preview_uv_71a14b25.glb
[17:25]   Frame 8 saved (frame_007.jpg, t=8.7s)
[17:25]   [capture-node] freeze=4ms shot=127ms unfreeze=3ms saved=True
[17:26]   [ComfyUI] [worker:ComfyUI-GeometryPack] INFO: Exported UV data to: C:\workspaces\GeometryPack-1637\portable-comfyui\ComfyUI_windows_portable\ComfyUI\output\preview_uv_af73d43f_uvdata.json
[17:26]   [ComfyUI] [worker:ComfyUI-GeometryPack] INFO: Preview ready: has_uvs=True, checker=False, wireframe=True
[17:26]   [ComfyUI] [SubprocessWorker] got response: ok
[17:26]   [ComfyUI] [comfy-env] GeomPackPreviewMeshUV done (0.57s): result: NodeOutput
[17:26]   [ComfyUI] [VRAM] After GeomPackPreviewMeshUV: 1042 / 12287 MB
[17:26]   [ComfyUI] [comfy-env] Running GeomPackUV_BlenderCube: trimesh: Trimesh, cube_size: 1.0, scale_to_bounds: 'true'
[17:26]   [ComfyUI] [VRAM] Before GeomPackUV_BlenderCube: 1042 / 12287 MB
[17:26]   [ComfyUI] [SubprocessWorker] call_method: nodes.blender_uv.backends.blender_cube.UVBlenderCubeNode.EXECUTE_NORMALIZED
[17:26]   [ComfyUI] [SubprocessWorker] acquired lock, ensuring started...
[17:26]   [ComfyUI] [ComfyUI-GeometryPack] Health check: ping (timeout=5.0s)...
[17:26]   [ComfyUI] [ComfyUI-GeometryPack] Health check: ok
[17:26]   [ComfyUI] [SubprocessWorker] worker started/confirmed
[17:26]   [ComfyUI] [SubprocessWorker] serializing kwargs to shm...
[17:26]   [ComfyUI] [SubprocessWorker] created 1 shm blocks
[17:26]   [ComfyUI] [SubprocessWorker] sending request via socket...
[17:26]   [ComfyUI] [SubprocessWorker] call_id=65 sending call_method
[17:26]   [ComfyUI] [worker:ComfyUI-GeometryPack] INFO: Backend: blender_cube
[17:26]   [ComfyUI] [worker:ComfyUI-GeometryPack] INFO: Input: 11381 vertices, 22704 faces
[17:26]   [ComfyUI] [worker:ComfyUI-GeometryPack] INFO: Parameters: cube_size=1.0, scale_to_bounds=true
[17:26]   Node executed (8 total), capturing...
[17:26]   Frame 9 saved (frame_008.jpg, t=9.2s)
[17:26]   [capture-node] freeze=9ms shot=147ms unfreeze=5ms saved=True
[17:26]   [ComfyUI] [worker:ComfyUI-GeometryPack] INFO: Output: 13121 vertices, 22704 faces
[17:26]   [ComfyUI] [SubprocessWorker] got response: ok
[17:26]   [ComfyUI] [comfy-env] GeomPackUV_BlenderCube done (0.72s): result: NodeOutput
[17:26]   [ComfyUI] [VRAM] After GeomPackUV_BlenderCube: 1042 / 12287 MB
[17:26]   [ComfyUI] [comfy-env] Running GeomPackPreviewMeshUV: show_checker: False, show_wireframe: True, trimesh: Trimesh
[17:26]   [ComfyUI] [VRAM] Before GeomPackPreviewMeshUV: 1042 / 12287 MB
[17:26]   [ComfyUI] [SubprocessWorker] call_method: nodes.visualization.preview_mesh_uv.PreviewMeshUVNode.EXECUTE_NORMALIZED
[17:26]   [ComfyUI] [SubprocessWorker] acquired lock, ensuring started...
[17:26]   [ComfyUI] [ComfyUI-GeometryPack] Health check: ping (timeout=5.0s)...
[17:26]   [ComfyUI] [ComfyUI-GeometryPack] Health check: ok
[17:26]   [ComfyUI] [SubprocessWorker] worker started/confirmed
[17:26]   [ComfyUI] [SubprocessWorker] serializing kwargs to shm...
[17:26]   [ComfyUI] [SubprocessWorker] created 1 shm blocks
[17:26]   [ComfyUI] [SubprocessWorker] sending request via socket...
[17:26]   [ComfyUI] [SubprocessWorker] call_id=66 sending call_method
[17:26]   [ComfyUI] [worker:ComfyUI-GeometryPack] INFO: Preparing preview: Mesh - 13121 vertices, 22704 faces
[17:26]   Node executed (9 total), capturing...
[17:26]   [ComfyUI] [worker:ComfyUI-GeometryPack] INFO: Found UV data: 13121 UV coordinates
[17:27]   [ComfyUI] [worker:ComfyUI-GeometryPack] INFO: UV stats: range=[1.         0.99999994], in_unit_square=True, coverage=2.1432
[17:27]   [ComfyUI] [worker:ComfyUI-GeometryPack] INFO: Exported mesh to: C:\workspaces\GeometryPack-1637\portable-comfyui\ComfyUI_windows_portable\ComfyUI\output\preview_uv_78d57f74.glb
[17:27]   Frame 10 saved (frame_009.jpg, t=10.0s)
[17:27]   [capture-node] freeze=3ms shot=117ms unfreeze=3ms saved=True
[17:27]   [ComfyUI] [worker:ComfyUI-GeometryPack] INFO: Exported UV data to: C:\workspaces\GeometryPack-1637\portable-comfyui\ComfyUI_windows_portable\ComfyUI\output\preview_uv_34027831_uvdata.json
[17:27]   [ComfyUI] [worker:ComfyUI-GeometryPack] INFO: Preview ready: has_uvs=True, checker=False, wireframe=True
[17:27]   [ComfyUI] [SubprocessWorker] got response: ok
[17:27]   [ComfyUI] [comfy-env] GeomPackPreviewMeshUV done (0.59s): result: NodeOutput
[17:27]   [ComfyUI] [VRAM] After GeomPackPreviewMeshUV: 1042 / 12287 MB
[17:27]   [ComfyUI] [comfy-env] Running GeomPackUV_LibiglLSCM: trimesh: Trimesh
[17:27]   [ComfyUI] [VRAM] Before GeomPackUV_LibiglLSCM: 1042 / 12287 MB
[17:27]   [ComfyUI] [SubprocessWorker] call_method: nodes.uv.backends.libigl_lscm.UVLibiglLSCMNode.EXECUTE_NORMALIZED
[17:27]   [ComfyUI] [SubprocessWorker] acquired lock, ensuring started...
[17:27]   [ComfyUI] [ComfyUI-GeometryPack] Health check: ping (timeout=5.0s)...
[17:27]   Node executed (10 total), capturing...
[17:27]   [ComfyUI] [ComfyUI-GeometryPack] Health check: ok
[17:27]   [ComfyUI] [SubprocessWorker] worker started/confirmed
[17:27]   [ComfyUI] [SubprocessWorker] serializing kwargs to shm...
[17:27]   [ComfyUI] [SubprocessWorker] created 1 shm blocks
[17:27]   [ComfyUI] [SubprocessWorker] sending request via socket...
[17:27]   [ComfyUI] [SubprocessWorker] call_id=67 sending call_method
[17:27]   [ComfyUI] [worker:ComfyUI-GeometryPack] INFO: Backend: libigl_lscm
[17:27]   [ComfyUI] [worker:ComfyUI-GeometryPack] INFO: Input: 11381 vertices, 22704 faces
[17:27]   [ComfyUI] [worker:ComfyUI-GeometryPack] INFO: Output: 11381 vertices, 22704 faces
[17:27]   [ComfyUI] [SubprocessWorker] got response: ok
[17:27]   [ComfyUI] [comfy-env] GeomPackUV_LibiglLSCM done (0.29s): result: NodeOutput
[17:27]   [ComfyUI] [VRAM] After GeomPackUV_LibiglLSCM: 1042 / 12287 MB
[17:27]   [ComfyUI] [comfy-env] Running GeomPackPreviewMeshUV: show_checker: False, show_wireframe: True, trimesh: Trimesh
[17:27]   [ComfyUI] [VRAM] Before GeomPackPreviewMeshUV: 1042 / 12287 MB
[17:27]   [ComfyUI] [SubprocessWorker] call_method: nodes.visualization.preview_mesh_uv.PreviewMeshUVNode.EXECUTE_NORMALIZED
[17:27]   [ComfyUI] [SubprocessWorker] acquired lock, ensuring started...
[17:27]   [ComfyUI] [ComfyUI-GeometryPack] Health check: ping (timeout=5.0s)...
[17:27]   [ComfyUI] [ComfyUI-GeometryPack] Health check: ok
[17:27]   [ComfyUI] [SubprocessWorker] worker started/confirmed
[17:27]   [ComfyUI] [SubprocessWorker] serializing kwargs to shm...
[17:27]   [ComfyUI] [SubprocessWorker] created 1 shm blocks
[17:27]   [ComfyUI] [SubprocessWorker] sending request via socket...
[17:27]   [ComfyUI] [SubprocessWorker] call_id=68 sending call_method
[17:27]   [ComfyUI] [worker:ComfyUI-GeometryPack] INFO: Preparing preview: Mesh - 11381 vertices, 22704 faces
[17:27]   [ComfyUI] [worker:ComfyUI-GeometryPack] INFO: Found UV data: 11381 UV coordinates
[17:27]   Frame 11 saved (frame_010.jpg, t=10.5s)
[17:27]   [capture-node] freeze=50ms shot=183ms unfreeze=4ms saved=True
[17:27]   Node executed (11 total), capturing...
[17:28]   [ComfyUI] [worker:ComfyUI-GeometryPack] INFO: UV stats: range=[1. 1.], in_unit_square=True, coverage=0.6778
[17:28]   [ComfyUI] [worker:ComfyUI-GeometryPack] INFO: Exported mesh to: C:\workspaces\GeometryPack-1637\portable-comfyui\ComfyUI_windows_portable\ComfyUI\output\preview_uv_0a70b57e.glb
[17:28]   [ComfyUI] [worker:ComfyUI-GeometryPack] INFO: Exported UV data to: C:\workspaces\GeometryPack-1637\portable-comfyui\ComfyUI_windows_portable\ComfyUI\output\preview_uv_88ce838f_uvdata.json
[17:28]   [ComfyUI] [worker:ComfyUI-GeometryPack] INFO: Preview ready: has_uvs=True, checker=False, wireframe=True
[17:28]   [ComfyUI] [SubprocessWorker] got response: ok
[17:28]   [ComfyUI] [comfy-env] GeomPackPreviewMeshUV done (0.57s): result: NodeOutput
[17:28]   [ComfyUI] [VRAM] After GeomPackPreviewMeshUV: 1042 / 12287 MB
[17:28]   [ComfyUI] [comfy-env] Running GeomPackUV_Xatlas: trimesh: Trimesh
[17:28]   [ComfyUI] [VRAM] Before GeomPackUV_Xatlas: 1042 / 12287 MB
[17:28]   [ComfyUI] [SubprocessWorker] call_method: nodes.uv.backends.xatlas.UVXatlasNode.EXECUTE_NORMALIZED
[17:28]   [ComfyUI] [SubprocessWorker] acquired lock, ensuring started...
[17:28]   [ComfyUI] [ComfyUI-GeometryPack] Health check: ping (timeout=5.0s)...
[17:28]   [ComfyUI] [ComfyUI-GeometryPack] Health check: ok
[17:28]   [ComfyUI] [SubprocessWorker] worker started/confirmed
[17:28]   Frame 12 saved (frame_011.jpg, t=11.1s)
[17:28]   [ComfyUI] [SubprocessWorker] serializing kwargs to shm...
[17:28]   [capture-node] freeze=4ms shot=127ms unfreeze=4ms saved=True
[17:28]   [ComfyUI] [SubprocessWorker] created 1 shm blocks
[17:28]   [ComfyUI] [SubprocessWorker] sending request via socket...
[17:28]   [ComfyUI] [SubprocessWorker] call_id=69 sending call_method
[17:28]   [ComfyUI] [worker:ComfyUI-GeometryPack] INFO: Backend: xatlas
[17:28]   [ComfyUI] [worker:ComfyUI-GeometryPack] INFO: Input: 11381 vertices, 22704 faces
[17:28]   Node executed (12 total), capturing...
[17:28]   Frame 13 saved (frame_012.jpg, t=11.6s)
[17:28]   [capture-node] freeze=4ms shot=118ms unfreeze=4ms saved=True
[17:33]   [capture-loop] iter=100 t=15.9s state={'complete': False, 'error': None, 'executedCount': 12, 'wsState': 1} eval_ms=4 ram=9.9/31.9GB (31%) swap=0.3/12.3GB (2%) cpu=9% browser_rss=1.04GB
[17:34]   [ComfyUI] [worker:ComfyUI-GeometryPack] INFO: Output: 14128 vertices, 22704 faces
[17:34]   [ComfyUI] [SubprocessWorker] got response: ok
[17:34]   [ComfyUI] [comfy-env] GeomPackUV_Xatlas done (5.92s): result: NodeOutput
[17:34]   [ComfyUI] [VRAM] After GeomPackUV_Xatlas: 1042 / 12287 MB
[17:34]   [ComfyUI] [comfy-env] Running GeomPackPreviewMeshUV: show_checker: False, show_wireframe: True, trimesh: Trimesh
[17:34]   [ComfyUI] [VRAM] Before GeomPackPreviewMeshUV: 1042 / 12287 MB
[17:34]   [ComfyUI] [SubprocessWorker] call_method: nodes.visualization.preview_mesh_uv.PreviewMeshUVNode.EXECUTE_NORMALIZED
[17:34]   [ComfyUI] [SubprocessWorker] acquired lock, ensuring started...
[17:34]   [ComfyUI] [ComfyUI-GeometryPack] Health check: ping (timeout=5.0s)...
[17:34]   [ComfyUI] [ComfyUI-GeometryPack] Health check: ok
[17:34]   [ComfyUI] [SubprocessWorker] worker started/confirmed
[17:34]   [ComfyUI] [SubprocessWorker] serializing kwargs to shm...
[17:34]   [ComfyUI] [SubprocessWorker] created 1 shm blocks
[17:34]   [ComfyUI] [SubprocessWorker] sending request via socket...
[17:34]   [ComfyUI] [SubprocessWorker] call_id=70 sending call_method
[17:34]   [ComfyUI] [worker:ComfyUI-GeometryPack] INFO: Preparing preview: Mesh - 14128 vertices, 22704 faces
[17:34]   [ComfyUI] [worker:ComfyUI-GeometryPack] INFO: Found UV data: 14128 UV coordinates
[17:34]   Node executed (13 total), capturing...
[17:34]   [ComfyUI] [worker:ComfyUI-GeometryPack] INFO: UV stats: range=[0.99958265 0.99956256], in_unit_square=True, coverage=0.5783
[17:34]   [ComfyUI] [worker:ComfyUI-GeometryPack] INFO: Exported mesh to: C:\workspaces\GeometryPack-1637\portable-comfyui\ComfyUI_windows_portable\ComfyUI\output\preview_uv_ed1f2386.glb
[17:34]   Frame 14 saved (frame_013.jpg, t=17.4s)
[17:34]   [capture-node] freeze=3ms shot=126ms unfreeze=6ms saved=True
[17:34]   [ComfyUI] [worker:ComfyUI-GeometryPack] INFO: Exported UV data to: C:\workspaces\GeometryPack-1637\portable-comfyui\ComfyUI_windows_portable\ComfyUI\output\preview_uv_126db5ff_uvdata.json
[17:34]   [ComfyUI] [worker:ComfyUI-GeometryPack] INFO: Preview ready: has_uvs=True, checker=False, wireframe=True
[17:34]   [ComfyUI] [SubprocessWorker] got response: ok
[17:34]   [ComfyUI] [comfy-env] GeomPackPreviewMeshUV done (0.60s): result: NodeOutput
[17:34]   [ComfyUI] [VRAM] After GeomPackPreviewMeshUV: 1042 / 12287 MB
[17:34]   [ComfyUI] [comfy-env] Running GeomPackUV_CuMesh: trimesh: Trimesh, chart_cone_angle: 90.0, chart_refine_iterations: 0, chart_global_iterations: 1, chart_smooth_strength: 1
[17:34]   [ComfyUI] [VRAM] Before GeomPackUV_CuMesh: 1042 / 12287 MB
[17:34]   [ComfyUI] [SubprocessWorker] call_method: nodes.uv_gpu.cumesh_uv.UVCuMeshNode.EXECUTE_NORMALIZED
[17:34]   [ComfyUI] [SubprocessWorker] acquired lock, ensuring started...
[17:34]   [ComfyUI] [ComfyUI-GeometryPack] Health check: ping (timeout=5.0s)...
[17:34]   Node executed (14 total), capturing...
[17:34]   [ComfyUI] [ComfyUI-GeometryPack] Health check: ok
[17:34]   [ComfyUI] [SubprocessWorker] worker started/confirmed
[17:34]   [ComfyUI] [SubprocessWorker] serializing kwargs to shm...
[17:34]   [ComfyUI] [SubprocessWorker] created 1 shm blocks
[17:34]   [ComfyUI] [SubprocessWorker] sending request via socket...
[17:34]   [ComfyUI] [SubprocessWorker] call_id=71 sending call_method
[17:34]   [ComfyUI] [worker:ComfyUI-GeometryPack] INFO: Backend: cumesh
[17:34]   [ComfyUI] [worker:ComfyUI-GeometryPack] INFO: Input: 11381 vertices, 22704 faces
[17:34]   [ComfyUI] [worker:ComfyUI-GeometryPack] INFO: CuMesh: chart_cone_angle=90.0, refine_iter=0, global_iter=1, smooth=1
[17:34]   [ComfyUI] [worker:ComfyUI-GeometryPack] INFO: Running CuMesh UV unwrap...
[17:35]   [ComfyUI] [worker:ComfyUI-GeometryPack] Get 22 clusters after fast clustering
[17:35]   [ComfyUI] 
[17:35]   [ComfyUI] Adding clusters to xatlas:   0%|          | 0/22 [00:00<?, ?it/s]
[17:35]   [ComfyUI] Adding clusters to xatlas: 100%|██████████| 22/22 [00:00<00:00, 4217.31it/s]
[17:35]   [ComfyUI] 
[17:35]   [ComfyUI] xatlas: Computing charts:   0%|          | 0/100 [00:00<?, ?it/s]
[17:35]   [ComfyUI] xatlas: Computing charts:   0%|          | 0/100 [00:00<?, ?it/s]
[17:35]   [ComfyUI] xatlas: Computing charts:   1%|          | 1/100 [00:00<00:00, 2289.47it/s]
[17:35]   [ComfyUI] xatlas: Computing charts:   2%|▏         | 2/100 [00:00<00:00, 221.93it/s]
[17:35]   [ComfyUI] xatlas: Computing charts:   3%|▎         | 3/100 [00:00<00:00, 301.59it/s]
[17:35]   [ComfyUI] xatlas: Computing charts:   4%|▍         | 4/100 [00:00<00:00, 276.31it/s]
[17:35]   [ComfyUI] xatlas: Computing charts:   6%|▌         | 6/100 [00:00<00:00, 216.52it/s]
[17:35]   [ComfyUI] xatlas: Computing charts:   7%|▋         | 7/100 [00:00<00:00, 211.44it/s]
[17:35]   [ComfyUI] xatlas: Computing charts:   8%|▊         | 8/100 [00:00<00:00, 232.92it/s]
[17:35]   [ComfyUI] xatlas: Computing charts:  10%|█         | 10/100 [00:00<00:00, 258.56it/s]
[17:35]   [ComfyUI] xatlas: Computing charts:  12%|█▏        | 12/100 [00:00<00:00, 162.58it/s]
[17:35]   [ComfyUI] xatlas: Computing charts:  14%|█▍        | 14/100 [00:00<00:00, 150.55it/s]
[17:35]   [ComfyUI] xatlas: Computing charts:  17%|█▋        | 17/100 [00:00<00:00, 106.71it/s]
[17:35]   Frame 15 saved (frame_014.jpg, t=17.9s)
[17:35]   [capture-node] freeze=67ms shot=204ms unfreeze=3ms saved=True
[17:35]   [ComfyUI] xatlas: Computing charts:  20%|██        | 20/100 [00:00<00:00, 108.46it/s]
[17:35]   [ComfyUI] xatlas: Computing charts:  24%|██▍       | 24/100 [00:00<00:00, 88.72it/s]
[17:35]   [ComfyUI] xatlas: Computing charts:  27%|██▋       | 27/100 [00:00<00:00, 94.70it/s]
[17:35]   [ComfyUI] xatlas: Computing charts:  32%|███▏      | 32/100 [00:00<00:00, 86.49it/s]
[17:35]   [ComfyUI] xatlas: Computing charts:  35%|███▌      | 35/100 [00:00<00:01, 60.99it/s]
[17:35]   [ComfyUI] xatlas: Computing charts:  42%|████▏     | 42/100 [00:00<00:00, 67.08it/s]
[17:35]   [ComfyUI] xatlas: Computing charts:  49%|████▉     | 49/100 [00:00<00:00, 60.11it/s]
[17:35]   [ComfyUI] xatlas: Computing charts:  57%|█████▋    | 57/100 [00:00<00:00, 69.29it/s]
[17:35]   [ComfyUI] xatlas: Computing charts: 100%|██████████| 100/100 [00:00<00:00, 112.36it/s]
[17:35]   [ComfyUI] xatlas: Computing charts: 100%|██████████| 100/100 [00:00<00:00, 112.34it/s]
[17:35]   [ComfyUI] 
[17:35]   [ComfyUI] xatlas: Packing charts:   0%|          | 0/100 [00:00<?, ?it/s]
[17:36]   [ComfyUI] xatlas: Packing charts:   0%|          | 0/100 [00:00<?, ?it/s]
[17:36]   [ComfyUI] xatlas: Packing charts:   1%|          | 1/100 [00:00<00:04, 20.31it/s]
[17:36]   [ComfyUI] xatlas: Packing charts:   2%|▏         | 2/100 [00:00<00:03, 25.99it/s]
[17:36]   [ComfyUI] xatlas: Packing charts:   3%|▎         | 3/100 [00:00<00:02, 35.04it/s]
[17:36]   [ComfyUI] xatlas: Packing charts:   4%|▍         | 4/100 [00:00<00:02, 36.88it/s]
[17:36]   [ComfyUI] xatlas: Packing charts:   5%|▌         | 5/100 [00:00<00:02, 43.45it/s]
[17:36]   [ComfyUI] xatlas: Packing charts:   6%|▌         | 6/100 [00:00<00:02, 46.77it/s]
[17:36]   [ComfyUI] xatlas: Packing charts:   7%|▋         | 7/100 [00:00<00:01, 52.48it/s]
[17:36]   [ComfyUI] xatlas: Packing charts:   8%|▊         | 8/100 [00:00<00:01, 57.31it/s]
[17:36]   [ComfyUI] xatlas: Packing charts:   9%|▉         | 9/100 [00:00<00:01, 63.26it/s]
[17:36]   [ComfyUI] xatlas: Packing charts:  10%|█         | 10/100 [00:00<00:01, 67.02it/s]
[17:36]   [ComfyUI] xatlas: Packing charts:  11%|█         | 11/100 [00:00<00:01, 73.02it/s]
[17:36]   [ComfyUI] xatlas: Packing charts:  12%|█▏        | 12/100 [00:00<00:01, 77.88it/s]
[17:36]   [ComfyUI] xatlas: Packing charts:  13%|█▎        | 13/100 [00:00<00:01, 82.83it/s]
[17:36]   [ComfyUI] xatlas: Packing charts:  14%|█▍        | 14/100 [00:00<00:00, 88.38it/s]
[17:36]   [ComfyUI] xatlas: Packing charts:  15%|█▌        | 15/100 [00:00<00:00, 93.44it/s]
[17:36]   [ComfyUI] xatlas: Packing charts:  16%|█▌        | 16/100 [00:00<00:00, 99.04it/s]
[17:36]   [ComfyUI] xatlas: Packing charts:  17%|█▋        | 17/100 [00:00<00:00, 104.58it/s]
[17:36]   [ComfyUI] xatlas: Packing charts:  18%|█▊        | 18/100 [00:00<00:00, 110.41it/s]
[17:36]   [ComfyUI] xatlas: Packing charts:  19%|█▉        | 19/100 [00:00<00:00, 115.75it/s]
[17:36]   [ComfyUI] xatlas: Packing charts:  20%|██        | 20/100 [00:00<00:00, 121.67it/s]
[17:36]   [ComfyUI] xatlas: Packing charts:  21%|██        | 21/100 [00:00<00:00, 127.29it/s]
[17:36]   [ComfyUI] xatlas: Packing charts:  22%|██▏       | 22/100 [00:00<00:00, 132.90it/s]
[17:36]   [ComfyUI] xatlas: Packing charts:  23%|██▎       | 23/100 [00:00<00:00, 138.33it/s]
[17:36]   [ComfyUI] xatlas: Packing charts:  24%|██▍       | 24/100 [00:00<00:00, 144.08it/s]
[17:36]   [ComfyUI] xatlas: Packing charts:  25%|██▌       | 25/100 [00:00<00:00, 149.71it/s]
[17:36]   [ComfyUI] xatlas: Packing charts:  26%|██▌       | 26/100 [00:00<00:00, 155.48it/s]
[17:36]   [ComfyUI] xatlas: Packing charts:  27%|██▋       | 27/100 [00:00<00:00, 161.29it/s]
[17:36]   [ComfyUI] xatlas: Packing charts:  28%|██▊       | 28/100 [00:00<00:00, 166.92it/s]
[17:36]   [ComfyUI] xatlas: Packing charts:  29%|██▉       | 29/100 [00:00<00:00, 172.71it/s]
[17:36]   [ComfyUI] xatlas: Packing charts:  30%|███       | 30/100 [00:00<00:00, 178.42it/s]
[17:36]   [ComfyUI] xatlas: Packing charts:  31%|███       | 31/100 [00:00<00:00, 184.23it/s]
[17:36]   [ComfyUI] xatlas: Packing charts:  32%|███▏      | 32/100 [00:00<00:00, 189.93it/s]
[17:36]   [ComfyUI] xatlas: Packing charts:  33%|███▎      | 33/100 [00:00<00:00, 195.71it/s]
[17:36]   [ComfyUI] xatlas: Packing charts:  34%|███▍      | 34/100 [00:00<00:00, 201.41it/s]
[17:36]   [ComfyUI] xatlas: Packing charts:  35%|███▌      | 35/100 [00:00<00:00, 207.17it/s]
[17:36]   [ComfyUI] xatlas: Packing charts:  36%|███▌      | 36/100 [00:00<00:00, 212.73it/s]
[17:36]   [ComfyUI] xatlas: Packing charts:  37%|███▋      | 37/100 [00:00<00:00, 218.49it/s]
[17:36]   [ComfyUI] xatlas: Packing charts:  38%|███▊      | 38/100 [00:00<00:00, 224.18it/s]
[17:36]   [ComfyUI] xatlas: Packing charts:  39%|███▉      | 39/100 [00:00<00:00, 229.88it/s]
[17:36]   [ComfyUI] xatlas: Packing charts:  40%|████      | 40/100 [00:00<00:00, 235.63it/s]
[17:36]   [ComfyUI] xatlas: Packing charts:  41%|████      | 41/100 [00:00<00:00, 241.34it/s]
[17:36]   [ComfyUI] xatlas: Packing charts:  42%|████▏     | 42/100 [00:00<00:00, 247.05it/s]
[17:36]   [ComfyUI] xatlas: Packing charts:  43%|████▎     | 43/100 [00:00<00:00, 252.73it/s]
[17:36]   [ComfyUI] xatlas: Packing charts:  44%|████▍     | 44/100 [00:00<00:00, 258.46it/s]
[17:36]   [ComfyUI] xatlas: Packing charts:  45%|████▌     | 45/100 [00:00<00:00, 264.10it/s]
[17:36]   [ComfyUI] xatlas: Packing charts:  46%|████▌     | 46/100 [00:00<00:00, 269.81it/s]
[17:36]   [ComfyUI] xatlas: Packing charts:  47%|████▋     | 47/100 [00:00<00:00, 275.45it/s]
[17:36]   [ComfyUI] xatlas: Packing charts:  48%|████▊     | 48/100 [00:00<00:00, 281.14it/s]
[17:36]   [ComfyUI] xatlas: Packing charts:  49%|████▉     | 49/100 [00:00<00:00, 286.76it/s]
[17:36]   [ComfyUI] xatlas: Packing charts:  50%|█████     | 50/100 [00:00<00:00, 292.39it/s]
[17:36]   [ComfyUI] xatlas: Packing charts:  51%|█████     | 51/100 [00:00<00:00, 298.02it/s]
[17:36]   [ComfyUI] xatlas: Packing charts:  52%|█████▏    | 52/100 [00:00<00:00, 303.60it/s]
[17:36]   [ComfyUI] xatlas: Packing charts:  53%|█████▎    | 53/100 [00:00<00:00, 309.26it/s]
[17:36]   [ComfyUI] xatlas: Packing charts:  54%|█████▍    | 54/100 [00:00<00:00, 314.86it/s]
[17:36]   [ComfyUI] xatlas: Packing charts:  55%|█████▌    | 55/100 [00:00<00:00, 320.52it/s]
[17:36]   [ComfyUI] xatlas: Packing charts:  56%|█████▌    | 56/100 [00:00<00:00, 326.17it/s]
[17:36]   [ComfyUI] xatlas: Packing charts:  57%|█████▋    | 57/100 [00:00<00:00, 331.83it/s]
[17:36]   [ComfyUI] xatlas: Packing charts:  58%|█████▊    | 58/100 [00:00<00:00, 337.45it/s]
[17:36]   [ComfyUI] xatlas: Packing charts:  59%|█████▉    | 59/100 [00:00<00:00, 343.06it/s]
[17:36]   [ComfyUI] xatlas: Packing charts:  60%|██████    | 60/100 [00:00<00:00, 348.61it/s]
[17:36]   [ComfyUI] xatlas: Packing charts:  61%|██████    | 61/100 [00:00<00:00, 354.24it/s]
[17:36]   [ComfyUI] xatlas: Packing charts:  62%|██████▏   | 62/100 [00:00<00:00, 359.83it/s]
[17:36]   [ComfyUI] xatlas: Packing charts:  63%|██████▎   | 63/100 [00:00<00:00, 365.43it/s]
[17:36]   [ComfyUI] xatlas: Packing charts:  64%|██████▍   | 64/100 [00:00<00:00, 371.06it/s]
[17:36]   [ComfyUI] xatlas: Packing charts:  65%|██████▌   | 65/100 [00:00<00:00, 376.65it/s]
[17:36]   [ComfyUI] xatlas: Packing charts:  66%|██████▌   | 66/100 [00:00<00:00, 382.26it/s]
[17:36]   [ComfyUI] xatlas: Packing charts:  67%|██████▋   | 67/100 [00:00<00:00, 387.83it/s]
[17:36]   [ComfyUI] xatlas: Packing charts:  68%|██████▊   | 68/100 [00:00<00:00, 393.41it/s]
[17:36]   [ComfyUI] xatlas: Packing charts:  69%|██████▉   | 69/100 [00:00<00:00, 398.93it/s]
[17:36]   [ComfyUI] xatlas: Packing charts:  70%|███████   | 70/100 [00:00<00:00, 382.96it/s]
[17:36]   [ComfyUI] xatlas: Packing charts:  71%|███████   | 71/100 [00:00<00:00, 388.07it/s]
[17:36]   [ComfyUI] xatlas: Packing charts:  72%|███████▏  | 72/100 [00:00<00:00, 393.28it/s]
[17:36]   [ComfyUI] xatlas: Packing charts:  73%|███████▎  | 73/100 [00:00<00:00, 398.41it/s]
[17:36]   [ComfyUI] xatlas: Packing charts:  74%|███████▍  | 74/100 [00:00<00:00, 403.54it/s]
[17:36]   [ComfyUI] xatlas: Packing charts:  75%|███████▌  | 75/100 [00:00<00:00, 408.72it/s]
[17:36]   [ComfyUI] xatlas: Packing charts:  76%|███████▌  | 76/100 [00:00<00:00, 413.95it/s]
[17:36]   [ComfyUI] xatlas: Packing charts:  77%|███████▋  | 77/100 [00:00<00:00, 419.21it/s]
[17:36]   [ComfyUI] xatlas: Packing charts:  78%|███████▊  | 78/100 [00:00<00:00, 424.40it/s]
[17:36]   [ComfyUI] xatlas: Packing charts:  79%|███████▉  | 79/100 [00:00<00:00, 429.65it/s]
[17:36]   [ComfyUI] xatlas: Packing charts:  80%|████████  | 80/100 [00:00<00:00, 434.86it/s]
[17:36]   [ComfyUI] xatlas: Packing charts:  81%|████████  | 81/100 [00:00<00:00, 440.11it/s]
[17:36]   [ComfyUI] xatlas: Packing charts:  82%|████████▏ | 82/100 [00:00<00:00, 445.33it/s]
[17:36]   [ComfyUI] xatlas: Packing charts:  83%|████████▎ | 83/100 [00:00<00:00, 450.57it/s]
[17:36]   [ComfyUI] xatlas: Packing charts:  84%|████████▍ | 84/100 [00:00<00:00, 455.79it/s]
[17:36]   [ComfyUI] xatlas: Packing charts:  85%|████████▌ | 85/100 [00:00<00:00, 461.02it/s]
[17:36]   [ComfyUI] xatlas: Packing charts:  86%|████████▌ | 86/100 [00:00<00:00, 466.23it/s]
[17:36]   [ComfyUI] xatlas: Packing charts:  87%|████████▋ | 87/100 [00:00<00:00, 471.43it/s]
[17:36]   [ComfyUI] xatlas: Packing charts:  88%|████████▊ | 88/100 [00:00<00:00, 476.63it/s]
[17:36]   [ComfyUI] xatlas: Packing charts:  89%|████████▉ | 89/100 [00:00<00:00, 481.83it/s]
[17:36]   [ComfyUI] xatlas: Packing charts:  90%|█████████ | 90/100 [00:00<00:00, 487.04it/s]
[17:36]   [ComfyUI] xatlas: Packing charts:  91%|█████████ | 91/100 [00:00<00:00, 492.22it/s]
[17:36]   [ComfyUI] xatlas: Packing charts:  92%|█████████▏| 92/100 [00:00<00:00, 497.42it/s]
[17:36]   [ComfyUI] xatlas: Packing charts:  93%|█████████▎| 93/100 [00:00<00:00, 502.60it/s]
[17:36]   [ComfyUI] xatlas: Packing charts:  94%|█████████▍| 94/100 [00:00<00:00, 507.81it/s]
[17:36]   [ComfyUI] xatlas: Packing charts:  95%|█████████▌| 95/100 [00:00<00:00, 513.00it/s]
[17:36]   [ComfyUI] xatlas: Packing charts:  96%|█████████▌| 96/100 [00:00<00:00, 518.20it/s]
[17:36]   [ComfyUI] xatlas: Packing charts:  97%|█████████▋| 97/100 [00:00<00:00, 523.37it/s]
[17:36]   [ComfyUI] xatlas: Packing charts:  98%|█████████▊| 98/100 [00:00<00:00, 528.57it/s]
[17:36]   [ComfyUI] xatlas: Packing charts:  99%|█████████▉| 99/100 [00:00<00:00, 533.76it/s]
[17:36]   [ComfyUI] xatlas: Packing charts: 100%|██████████| 100/100 [00:00<00:00, 538.92it/s]
[17:36]   [ComfyUI] xatlas: Packing charts: 100%|██████████| 100/100 [00:00<00:00, 533.50it/s]
[17:36]   [ComfyUI] 
[17:36]   [ComfyUI] xatlas: Building output meshes:   0%|          | 0/100 [00:00<?, ?it/s]
[17:36]   [ComfyUI] xatlas: Building output meshes:   0%|          | 0/100 [00:00<?, ?it/s]
[17:36]   [ComfyUI] xatlas: Building output meshes:   4%|▍         | 4/100 [00:00<00:00, 32326.04it/s]
[17:36]   [ComfyUI] xatlas: Building output meshes:   9%|▉         | 9/100 [00:00<00:00, 38245.93it/s]
[17:36]   [ComfyUI] xatlas: Building output meshes:  13%|█▎        | 13/100 [00:00<00:00, 38534.24it/s]
[17:36]   [ComfyUI] xatlas: Building output meshes:  18%|█▊        | 18/100 [00:00<00:00, 40286.80it/s]
[17:36]   [ComfyUI] xatlas: Building output meshes:  22%|██▏       | 22/100 [00:00<00:00, 41659.00it/s]
[17:36]   [ComfyUI] xatlas: Building output meshes:  27%|██▋       | 27/100 [00:00<00:00, 43489.33it/s]
[17:36]   [ComfyUI] xatlas: Building output meshes:  31%|███       | 31/100 [00:00<00:00, 43808.43it/s]
[17:36]   [ComfyUI] xatlas: Building output meshes:  36%|███▌      | 36/100 [00:00<00:00, 44358.09it/s]
[17:36]   [ComfyUI] xatlas: Building output meshes:  40%|████      | 40/100 [00:00<00:00, 44513.71it/s]
[17:36]   [ComfyUI] xatlas: Building output meshes:  45%|████▌     | 45/100 [00:00<00:00, 46158.88it/s]
[17:36]   [ComfyUI] xatlas: Building output meshes:  50%|█████     | 50/100 [00:00<00:00, 47382.56it/s]
[17:36]   Node executed (15 total), capturing...
[17:36]   [ComfyUI] xatlas: Building output meshes:  54%|█████▍    | 54/100 [00:00<00:00, 45325.68it/s]
[17:36]   [ComfyUI] xatlas: Building output meshes:  59%|█████▉    | 59/100 [00:00<00:00, 409.27it/s]
[17:36]   [ComfyUI] xatlas: Building output meshes:  63%|██████▎   | 63/100 [00:00<00:00, 436.53it/s]
[17:36]   [ComfyUI] xatlas: Building output meshes:  68%|██████▊   | 68/100 [00:00<00:00, 470.79it/s]
[17:36]   [ComfyUI] xatlas: Building output meshes:  72%|███████▏  | 72/100 [00:00<00:00, 498.12it/s]
[17:36]   [ComfyUI] xatlas: Building output meshes:  77%|███████▋  | 77/100 [00:00<00:00, 532.27it/s]
[17:36]   [ComfyUI] xatlas: Building output meshes:  81%|████████  | 81/100 [00:00<00:00, 559.56it/s]
[17:36]   [ComfyUI] xatlas: Building output meshes:  86%|████████▌ | 86/100 [00:00<00:00, 593.68it/s]
[17:36]   [ComfyUI] xatlas: Building output meshes:  90%|█████████ | 90/100 [00:00<00:00, 620.87it/s]
[17:36]   [ComfyUI] xatlas: Building output meshes:  95%|█████████▌| 95/100 [00:00<00:00, 655.00it/s]
[17:36]   [ComfyUI] xatlas: Building output meshes: 100%|██████████| 100/100 [00:00<00:00, 689.10it/s]
[17:36]   [ComfyUI] xatlas: Building output meshes: 100%|██████████| 100/100 [00:00<00:00, 688.42it/s]
[17:36]   [ComfyUI] 
[17:36]   [ComfyUI] Gathering results from xatlas:   0%|          | 0/22 [00:00<?, ?it/s]
[17:36]   [ComfyUI] Gathering results from xatlas: 100%|██████████| 22/22 [00:00<00:00, 11106.73it/s]
[17:36]   [ComfyUI] [worker:ComfyUI-GeometryPack] INFO: Output: 13555 vertices, 22704 faces
[17:36]   [ComfyUI] [SubprocessWorker] got response: ok
[17:36]   [ComfyUI] [comfy-env] GeomPackUV_CuMesh done (1.56s): result: NodeOutput
[17:36]   [ComfyUI] [VRAM] After GeomPackUV_CuMesh: 1042 / 12287 MB
[17:36]   [ComfyUI] [comfy-env] Running GeomPackPreviewMeshUV: show_checker: False, show_wireframe: True, trimesh: Trimesh
[17:36]   [ComfyUI] [VRAM] Before GeomPackPreviewMeshUV: 1042 / 12287 MB
[17:36]   [ComfyUI] [SubprocessWorker] call_method: nodes.visualization.preview_mesh_uv.PreviewMeshUVNode.EXECUTE_NORMALIZED
[17:36]   [ComfyUI] [SubprocessWorker] acquired lock, ensuring started...
[17:36]   [ComfyUI] [ComfyUI-GeometryPack] Health check: ping (timeout=5.0s)...
[17:36]   [ComfyUI] [ComfyUI-GeometryPack] Health check: ok
[17:36]   [ComfyUI] [SubprocessWorker] worker started/confirmed
[17:36]   [ComfyUI] [SubprocessWorker] serializing kwargs to shm...
[17:36]   [ComfyUI] [SubprocessWorker] created 1 shm blocks
[17:36]   [ComfyUI] [SubprocessWorker] sending request via socket...
[17:36]   [ComfyUI] [SubprocessWorker] call_id=72 sending call_method
[17:36]   [ComfyUI] [worker:ComfyUI-GeometryPack] INFO: Preparing preview: Mesh - 13555 vertices, 22704 faces
[17:36]   [ComfyUI] [worker:ComfyUI-GeometryPack] INFO: Found UV data: 13555 UV coordinates
[17:36]   [ComfyUI] [worker:ComfyUI-GeometryPack] INFO: UV stats: range=[0.99956292 0.99956971], in_unit_square=True, coverage=0.5945
[17:36]   [ComfyUI] [worker:ComfyUI-GeometryPack] INFO: Exported mesh to: C:\workspaces\GeometryPack-1637\portable-comfyui\ComfyUI_windows_portable\ComfyUI\output\preview_uv_acd78bbc.glb
[17:36]   Frame 16 saved (frame_015.jpg, t=19.6s)
[17:36]   [capture-node] freeze=3ms shot=122ms unfreeze=4ms saved=True
[17:36]   [ComfyUI] [worker:ComfyUI-GeometryPack] INFO: Exported UV data to: C:\workspaces\GeometryPack-1637\portable-comfyui\ComfyUI_windows_portable\ComfyUI\output\preview_uv_0330c38a_uvdata.json
[17:36]   [ComfyUI] [worker:ComfyUI-GeometryPack] INFO: Preview ready: has_uvs=True, checker=False, wireframe=True
[17:36]   [ComfyUI] [SubprocessWorker] got response: ok
[17:36]   [ComfyUI] [comfy-env] GeomPackPreviewMeshUV done (0.61s): result: NodeOutput
[17:36]   [ComfyUI] [VRAM] After GeomPackPreviewMeshUV: 1042 / 12287 MB
[17:36]   [ComfyUI] [comfy-env] Running GeomPackUV_BlenderCylinder: trimesh: Trimesh, cylinder_radius: 0.9, scale_to_bounds: 'true'
[17:36]   [ComfyUI] [VRAM] Before GeomPackUV_BlenderCylinder: 1042 / 12287 MB
[17:36]   [ComfyUI] [SubprocessWorker] call_method: nodes.blender_uv.backends.blender_cylinder.UVBlenderCylinderNode.EXECUTE_NORMALIZED
[17:36]   [ComfyUI] [SubprocessWorker] acquired lock, ensuring started...
[17:36]   [ComfyUI] [ComfyUI-GeometryPack] Health check: ping (timeout=5.0s)...
[17:36]   [ComfyUI] [ComfyUI-GeometryPack] Health check: ok
[17:37]   [ComfyUI] [SubprocessWorker] worker started/confirmed
[17:37]   [ComfyUI] [SubprocessWorker] serializing kwargs to shm...
[17:37]   [ComfyUI] [SubprocessWorker] created 1 shm blocks
[17:37]   [ComfyUI] [SubprocessWorker] sending request via socket...
[17:37]   [ComfyUI] [SubprocessWorker] call_id=73 sending call_method
[17:37]   [ComfyUI] [worker:ComfyUI-GeometryPack] INFO: Backend: blender_cylinder
[17:37]   [ComfyUI] [worker:ComfyUI-GeometryPack] INFO: Input: 11381 vertices, 22704 faces
[17:37]   [ComfyUI] [worker:ComfyUI-GeometryPack] INFO: Parameters: cylinder_radius=0.9, scale_to_bounds=true
[17:37]   Node executed (16 total), capturing...
[17:37]   Frame 17 saved (frame_016.jpg, t=20.1s)
[17:37]   [capture-node] freeze=26ms shot=151ms unfreeze=8ms saved=True
[17:37]   [ComfyUI] [worker:ComfyUI-GeometryPack] INFO: Output: 11428 vertices, 22704 faces
[17:37]   [ComfyUI] [SubprocessWorker] got response: ok
[17:37]   [ComfyUI] [comfy-env] GeomPackUV_BlenderCylinder done (0.58s): result: NodeOutput
[17:37]   [ComfyUI] [VRAM] After GeomPackUV_BlenderCylinder: 1042 / 12287 MB
[17:37]   [ComfyUI] [comfy-env] Running GeomPackPreviewMeshUV: show_checker: False, show_wireframe: True, trimesh: Trimesh
[17:37]   [ComfyUI] [VRAM] Before GeomPackPreviewMeshUV: 1042 / 12287 MB
[17:37]   [ComfyUI] [SubprocessWorker] call_method: nodes.visualization.preview_mesh_uv.PreviewMeshUVNode.EXECUTE_NORMALIZED
[17:37]   [ComfyUI] [SubprocessWorker] acquired lock, ensuring started...
[17:37]   [ComfyUI] [ComfyUI-GeometryPack] Health check: ping (timeout=5.0s)...
[17:37]   [ComfyUI] [ComfyUI-GeometryPack] Health check: ok
[17:37]   [ComfyUI] [SubprocessWorker] worker started/confirmed
[17:37]   [ComfyUI] [SubprocessWorker] serializing kwargs to shm...
[17:37]   [ComfyUI] [SubprocessWorker] created 1 shm blocks
[17:37]   [ComfyUI] [SubprocessWorker] sending request via socket...
[17:37]   [ComfyUI] [SubprocessWorker] call_id=74 sending call_method
[17:37]   [ComfyUI] [worker:ComfyUI-GeometryPack] INFO: Preparing preview: Mesh - 11428 vertices, 22704 faces
[17:37]   [ComfyUI] [worker:ComfyUI-GeometryPack] INFO: Found UV data: 11428 UV coordinates
[17:37]   Node executed (17 total), capturing...
[17:37]   [ComfyUI] [worker:ComfyUI-GeometryPack] INFO: UV stats: range=[1. 1.], in_unit_square=True, coverage=0.6828
[17:37]   [ComfyUI] [worker:ComfyUI-GeometryPack] INFO: Exported mesh to: C:\workspaces\GeometryPack-1637\portable-comfyui\ComfyUI_windows_portable\ComfyUI\output\preview_uv_cb784c57.glb
[17:37]   Frame 18 saved (frame_017.jpg, t=20.8s)
[17:37]   [capture-node] freeze=3ms shot=126ms unfreeze=5ms saved=True
[17:38]   [ComfyUI] [worker:ComfyUI-GeometryPack] INFO: Exported UV data to: C:\workspaces\GeometryPack-1637\portable-comfyui\ComfyUI_windows_portable\ComfyUI\output\preview_uv_7b5851cb_uvdata.json
[17:38]   [ComfyUI] [worker:ComfyUI-GeometryPack] INFO: Preview ready: has_uvs=True, checker=False, wireframe=True
[17:38]   [ComfyUI] [SubprocessWorker] got response: ok
[17:38]   [ComfyUI] [comfy-env] GeomPackPreviewMeshUV done (0.58s): result: NodeOutput
[17:38]   [ComfyUI] [VRAM] After GeomPackPreviewMeshUV: 1042 / 12287 MB
[17:38]   [ComfyUI] Prompt executed in 20.88 seconds
[17:38]   Node executed (18 total), capturing...
[17:38]   Frame 19 saved (frame_018.jpg, t=21.3s)
[17:38]   [capture-node] freeze=4ms shot=148ms unfreeze=9ms saved=True
[17:38]   Execution complete (t=21.6s)
[17:38]   Captured 19 unique frames over 21.64s
[17:38]   [debug] iframes: 9
[17:38]   [debug]   iframe[0]: src=http://127.0.0.1:41883/extensions/ComfyUI-GeometryPack/viewer_uv.html?v=17783384, canvas=287x287, rafFrozen=False
[17:38]   [debug]   iframe[1]: src=http://127.0.0.1:41883/extensions/ComfyUI-GeometryPack/viewer_uv.html?v=17783384, canvas=287x287, rafFrozen=False
[17:38]   [debug]   iframe[2]: src=http://127.0.0.1:41883/extensions/ComfyUI-GeometryPack/viewer_uv.html?v=17783384, canvas=287x287, rafFrozen=False
[17:38]   [debug]   iframe[3]: src=http://127.0.0.1:41883/extensions/ComfyUI-GeometryPack/viewer_uv.html?v=17783384, canvas=287x287, rafFrozen=False
[17:38]   [debug]   iframe[4]: src=http://127.0.0.1:41883/extensions/ComfyUI-GeometryPack/viewer_uv.html?v=17783384, canvas=287x287, rafFrozen=False
[17:38]   [debug]   iframe[5]: src=http://127.0.0.1:41883/extensions/ComfyUI-GeometryPack/viewer_uv.html?v=17783384, canvas=287x287, rafFrozen=False
[17:38]   [debug]   iframe[6]: src=http://127.0.0.1:41883/extensions/ComfyUI-GeometryPack/viewer_uv.html?v=17783384, canvas=287x287, rafFrozen=False
[17:38]   [debug]   iframe[7]: src=http://127.0.0.1:41883/extensions/ComfyUI-GeometryPack/viewer_uv.html?v=17783384, canvas=287x287, rafFrozen=False
[17:38]   [debug]   iframe[8]: src=http://127.0.0.1:41883/extensions/ComfyUI-GeometryPack/viewer_uv.html?v=17783384, canvas=287x287, rafFrozen=False
[17:38]   [timing] trigger_3d_previews: 0.0s
[17:40]   Saved high-quality screenshot: uv_unwrap_all_executed.png
[17:40]   [timing] final_screenshot: 0.2s
[17:41]   [31/33] SKIPPED (not in gpu list) transform.json
[17:41]   [32/33] SKIPPED (not in gpu list) uv_unwrap.json
[17:41]   [33/33] SKIPPED (not in gpu list) view_texture.json
[17:42] Results saved to C:\logs\GeometryPack-1637\dev\windows-portable-gpu\results.json
[17:42] Model report: 8 files, 18.7 MB -> C:\logs\GeometryPack-1637\dev\windows-portable-gpu\models.json
[17:42] Saved: C:\logs\GeometryPack-1637\dev\windows-portable-gpu\index.html
[17:42] [EXECUTION] PASSED
[17:42] 
windows_portable: PASSED
[17:42] Stopping ComfyUI server...
