[00:00] Crash dump logging enabled: C:\logs\GeometryPack-0746\dev\windows-gpu\crash_dump.log
[00:00] 
[00:00] [1/5] SYNTAX
[00:00] ----------------------------------------
[00:00] 
[DEBUG] server=None, server_url=None, api=None
[00:00] Found pyproject.toml (modern format)
[00:00] Found requirements.txt (legacy format)
[00:00] Unicode check: OK (all characters cp1252-safe)
[00:00] Forbidden patterns check: OK
[00:00] [SYNTAX] PASSED
[00:00] 
[00:00] [2/5] INSTALL
[00:00] ----------------------------------------
[00:00] 
[DEBUG] server=None, server_url=None, api=None
[00:00] 
Setting up ComfyUI...
[00:00] Creating virtual environment at C:\workspaces\GeometryPack-0746\.venv...
[00:00] Running: uv venv C:\workspaces\GeometryPack-0746\.venv --python 3.13
[00:03] Cloning ComfyUI (latest) to C:\workspaces\GeometryPack-0746\ComfyUI...
[00:03] Running: git clone --depth 1 https://github.com/comfyanonymous/ComfyUI.git C:\workspaces\GeometryPack-0746\ComfyUI
[00:05] Installing ComfyUI requirements into C:\workspaces\GeometryPack-0746\.venv...
[00:05]     comfyui-frontend-package==1.43.17
[00:05]     comfyui-workflow-templates==0.9.72
[00:05]     comfyui-embedded-docs==0.4.4
[00:05]     torch
[00:05]     torchsde
[00:05]     torchvision
[00:05]     torchaudio
[00:05]     numpy>=1.25.0
[00:05]     einops
[00:05]     transformers>=4.50.3
[00:05]     tokenizers>=0.13.3
[00:05]     sentencepiece
[00:05]     safetensors>=0.4.2
[00:05]     aiohttp>=3.11.8
[00:05]     yarl>=1.18.0
[00:05]     pyyaml
[00:05]     Pillow
[00:05]     scipy
[00:05]     tqdm
[00:05]     psutil
[00:05]     alembic
[00:05]     SQLAlchemy>=2.0.0
[00:05]     filelock
[00:05]     av>=14.2.0
[00:05]     comfy-kitchen>=0.2.8
[00:05]     comfy-aimdo==0.3.0
[00:05]     requests
[00:05]     simpleeval>=1.0.0
[00:05]     blake3
[00:05]     
[00:05]     #non essential dependencies:
[00:05]     kornia>=0.7.1
[00:05]     spandrel
[00:05]     pydantic~=2.0
[00:05]     pydantic-settings~=2.0
[00:05]     PyOpenGL
[00:05]     glfw
[00:05] Running: uv pip install --python C:\workspaces\GeometryPack-0746\.venv\Scripts\python.exe --index-url https://download.pytorch.org/whl/cu128 --extra-index-url https://pypi.org/simple --index-strategy unsafe-best-match -r C:\workspaces\GeometryPack-0746\ComfyUI\requirements.txt
[00:57] 
Installing custom node...
[00:57] Copying ComfyUI-GeometryPack to C:\workspaces\GeometryPack-0746\ComfyUI\custom_nodes\ComfyUI-GeometryPack...
[00:57] Installing node requirements...
[00:57]     comfy-env==0.3.69
[00:57]     comfy-3d-viewers==0.2.44
[00:57]     trimesh[easy]>=4.0.0
[00:57] Running: uv pip install --python C:\workspaces\GeometryPack-0746\.venv\Scripts\python.exe --index-url https://download.pytorch.org/whl/cu128 --extra-index-url https://pypi.org/simple --index-strategy unsafe-best-match -r C:\workspaces\GeometryPack-0746\ComfyUI\custom_nodes\ComfyUI-GeometryPack\requirements.txt
[01:00] 
Running install.py...
[01:00] Running: C:\workspaces\GeometryPack-0746\.venv\Scripts\python.exe C:\workspaces\GeometryPack-0746\ComfyUI\custom_nodes\ComfyUI-GeometryPack\install.py
[01:03]   [comfy-env] Enabled Windows long path support
[01:05]   [comfy-env] Workspace: C:\workspaces\GeometryPack-0746\ComfyUI\.ce
[01:05]   [comfy-env] ComfyUI: C:\workspaces\GeometryPack-0746\ComfyUI
[01:05]   [comfy-env] Found 3 node config(s):
[01:05]     - geometrypack-blender <- custom_nodes\ComfyUI-GeometryPack\nodes\blender\comfy-env.toml (python=3.11)
[01:05]     - geometrypack-gpu <- custom_nodes\ComfyUI-GeometryPack\nodes\gpu\comfy-env.toml (python=host)
[01:05]     - geometrypack-main <- custom_nodes\ComfyUI-GeometryPack\nodes\main\comfy-env.toml (python=host)
[01:05]   [comfy-env] Bootstrap interpreter has python 3.13 + torch 2.11.0 (cu128). Looking for cuda-only wheels matching cu128/torch2.11/cp313.
[01:06]   [comfy-env] GPU: Detection: smi
[01:06]   Driver: 581.57
[01:06]   CUDA: 13.0
[01:06]   Recommended: CUDA 13.0
[01:06]   
[01:06]     GPU 0: NVIDIA GeForce RTX 3060 (sm_86) [Ampere] 12288MB
[01:06]   [comfy-env] Comfyui feature -> torch 2.11.0 from https://download.pytorch.org/whl/cu128 (CUDA 12.8 via bootstrap torch)
[01:06]   [comfy-env] cuda-wheels: 1 package(s) need a matched (cuda, torch, python) combo: ['cumesh']
[01:06]   [comfy-env] cuda-wheels tier 1 (bootstrap): probing cu12.8/torch2.11/cp313
[01:06]   [cuda-wheels] Looking up cumesh: cu128 torch2.11 cp313 win_amd64
[01:06]   [cuda-wheels]   Found: cumesh-0.0.1+cu128torch2.11-cp313-cp313-win_amd64.whl
[01:06]   [comfy-env] cuda-wheels combo: cu12.8/torch2.11 (bootstrap matches; per-node envs will pin to this)
[01:06]   [comfy-env] Root conda deps from ComfyUI-GeometryPack: ['av', 'ffmpeg']
[01:06]   [comfy-env] Comfyui feature pin: torch ==2.11.0, torchvision ==0.26.*, torchaudio ==2.11.*
[01:06]   [comfy-env] Root conda deps injected into comfyui feature: ['av', 'ffmpeg']
[01:06]   [comfy-env] cuda-wheels combo: per-node cuda features will pin ['torch', 'torchaudio', 'torchvision'] via pypi-options.dependency-overrides (https://download.pytorch.org/whl/cu128)
[01:06]   [cuda-wheels] Looking up cumesh: cu128 torch2.11 cp313 win_amd64
[01:06]   [cuda-wheels]   Found: cumesh-0.0.1+cu128torch2.11-cp313-cp313-win_amd64.whl
[01:06]   [comfy-env] geometrypack-gpu: cuda-wheels deferred for post-pixi install (cumesh)
[01:06]   [comfy-env] geometrypack-gpu: torch override -> torch==2.11.0, torchvision==0.26.*, torchaudio==2.11.* from https://download.pytorch.org/whl/cu128
[01:06]   Generated C:\workspaces\GeometryPack-0746\ComfyUI\.ce\pixi.toml
[01:06]   [comfy-env] Patched C:\Users\ContainerAdministrator\AppData\Roaming\uv\python\cpython-3.13-windows-x86_64-none\Lib\platform.py for conda-forge compat
[01:06]   [comfy-env] Patched C:\Users\ContainerAdministrator\AppData\Roaming\uv\python\cpython-3.13.13-windows-x86_64-none\Lib\platform.py for conda-forge compat
[01:06]   [comfy-env] Installing 3 environment(s):
[01:06]     - geometrypack-blender (python=3.11, 2 pypi deps)
[01:06]     - geometrypack-gpu (python=host, 2 pypi deps, 1 cuda wheels)
[01:06]     - geometrypack-main (python=host, 12 pypi deps)
[01:06]   [comfy-env] Running `pixi install --all`...
[01:19]      WARN Skipped running the post-link scripts because `run-post-link-scripts` = `false`
[01:19]     	- Scripts/.librsvg-pre-unlink.bat
[01:19]     To enable them, run:
[01:19]     	pixi config set --local run-post-link-scripts insecure
[01:19]     More info:
[01:19]     	https://pixi.sh/latest/reference/pixi_configuration/#run-post-link-scripts
[01:27]      WARN Skipped running the post-link scripts because `run-post-link-scripts` = `false`
[01:27]     	- Scripts/.librsvg-pre-unlink.bat
[01:27]     To enable them, run:
[01:27]     	pixi config set --local run-post-link-scripts insecure
[01:27]     More info:
[01:27]     	https://pixi.sh/latest/reference/pixi_configuration/#run-post-link-scripts
[01:30]      WARN Skipped running the post-link scripts because `run-post-link-scripts` = `false`
[01:30]     	- Scripts/.librsvg-pre-unlink.bat
[01:30]     To enable them, run:
[01:30]     	pixi config set --local run-post-link-scripts insecure
[01:30]     More info:
[01:30]     	https://pixi.sh/latest/reference/pixi_configuration/#run-post-link-scripts
[02:27]      WARN Skipped running the post-link scripts because `run-post-link-scripts` = `false`
[02:27]     	- Scripts/.librsvg-pre-unlink.bat
[02:27]     To enable them, run:
[02:27]     	pixi config set --local run-post-link-scripts insecure
[02:27]     More info:
[02:27]     	https://pixi.sh/latest/reference/pixi_configuration/#run-post-link-scripts
[03:41]     The following environments have been installed: default, comfyui, geometrypack-blender, geometrypack-gpu, geometrypack-main.
[03:41]   [comfy-env] Note: env `default` is on disk but no node declares it in this run. Leaving as-is. Remove via `pixi clean --environment default` if intended.
[03:41]   [comfy-env] geometrypack-gpu: installing cuda-wheels with --no-deps (cumesh)
[03:42]     Using Python 3.13.13 environment at: .pixi\envs\geometrypack-gpu
[03:43]     Resolved 1 package in 536ms
[03:43]     Downloading cumesh (6.9MiB)
[03:43]      Downloaded cumesh
[03:43]     Prepared 1 package in 135ms
[03:43]     Installed 1 package in 11ms
[03:43]      + cumesh==0.0.1+cu128torch2.11 (from https://github.com/PozzettiAndrea/cuda-wheels/releases/download/cumesh-latest/cumesh-0.0.1%2Bcu128torch2.11-cp313-cp313-win_amd64.whl)
[03:43]   [comfy-env] Install log: C:\workspaces\GeometryPack-0746\ComfyUI\.ce\install.log
[03:43]   
[03:43]   Installation complete!
[03:43] Installing validation endpoint...
[03:43]   Cloning PozzettiAndrea/ComfyUI-validate-endpoint...
[03:43] Running: git clone --depth 1 https://github.com/PozzettiAndrea/ComfyUI-validate-endpoint.git C:\workspaces\GeometryPack-0746\ComfyUI\custom_nodes\ComfyUI-validate-endpoint
[03:44] CUDA packages installed (no mock): cumesh
[03:44] [INSTALL] PASSED
[03:44] 
[03:44] [3/5] REGISTRATION
[03:44] ----------------------------------------
[03:44] 
[DEBUG] server=None, server_url=None, api=None
[03:44] 
Starting ComfyUI server...
[03:44] Starting ComfyUI server on port 41883...
[03:44] Starting ComfyUI server on port 41883...
[03:44] Waiting for server to be ready (timeout: 600s)...
[03:47]   [ComfyUI] setup plugin alembic.autogenerate.schemas
[03:47]   [ComfyUI] setup plugin alembic.autogenerate.tables
[03:47]   [ComfyUI] setup plugin alembic.autogenerate.types
[03:47]   [ComfyUI] setup plugin alembic.autogenerate.constraints
[03:47]   [ComfyUI] setup plugin alembic.autogenerate.defaults
[03:47]   [ComfyUI] setup plugin alembic.autogenerate.comments
[03:48]   [ComfyUI] [comfy-env] ComfyUI-GeometryPack: 3 isolation env(s):
[03:48]   [ComfyUI] [comfy-env]   blender -> C:\workspaces\GeometryPack-0746\ComfyUI\custom_nodes\ComfyUI-GeometryPack\nodes\blender
[03:48]   [ComfyUI] [comfy-env]   gpu -> C:\workspaces\GeometryPack-0746\ComfyUI\custom_nodes\ComfyUI-GeometryPack\nodes\gpu
[03:48]   [ComfyUI] [comfy-env]   main -> C:\workspaces\GeometryPack-0746\ComfyUI\custom_nodes\ComfyUI-GeometryPack\nodes\main
[03:48]   [ComfyUI] [comfy-env] prestartup complete
[03:48]   [ComfyUI] 
[03:48]   [ComfyUI] Prestartup times for custom nodes:
[03:48]   [ComfyUI]    0.5 seconds: C:\workspaces\GeometryPack-0746\ComfyUI\custom_nodes\ComfyUI-GeometryPack
[03:48]   [ComfyUI] 
[04:57]   [ComfyUI] WARNING: You need pytorch with cu130 or higher to use optimized CUDA operations.
[04:57]   [ComfyUI] Found comfy_kitchen backend triton: {'available': False, 'disabled': True, 'unavailable_reason': "ImportError: No module named 'triton'", 'capabilities': []}
[04:57]   [ComfyUI] Found comfy_kitchen backend eager: {'available': True, 'disabled': False, 'unavailable_reason': None, 'capabilities': ['apply_rope', 'apply_rope1', 'dequantize_mxfp8', 'dequantize_nvfp4', 'dequantize_per_tensor_fp8', 'quantize_mxfp8', 'quantize_nvfp4', 'quantize_per_tensor_fp8', 'scaled_mm_mxfp8', 'scaled_mm_nvfp4']}
[04:57]   [ComfyUI] Found comfy_kitchen backend cuda: {'available': True, 'disabled': True, 'unavailable_reason': None, 'capabilities': ['apply_rope', 'apply_rope1', 'dequantize_nvfp4', 'dequantize_per_tensor_fp8', 'quantize_mxfp8', 'quantize_nvfp4', 'quantize_per_tensor_fp8']}
[04:57]   [ComfyUI] Checkpoint files will always be loaded safely.
[04:58]   [ComfyUI] Total VRAM 12287 MB, total RAM 32672 MB
[04:58]   [ComfyUI] pytorch version: 2.11.0+cu128
[04:58]   [ComfyUI] Set vram state to: NORMAL_VRAM
[04:58]   [ComfyUI] Device: cuda:0 NVIDIA GeForce RTX 3060 : cudaMallocAsync
[04:58]   [ComfyUI] Using async weight offloading with 2 streams
[04:58]   [ComfyUI] Enabled pinned memory 13068.0
[04:59]   [ComfyUI] Using pytorch attention
[05:13]   [ComfyUI] aimdo: src-win/cuda-detour.c:38:INFO:aimdo_setup_hooks: installing 6 hooks
[05:13]   [ComfyUI] aimdo: src-win/cuda-detour.c:28:DEBUG:install_hook_entries: hooks successfully installed
[05:13]   [ComfyUI] aimdo: src-win/shmem-detect.c:80:INFO:comfy-aimdo WDDM adapter match: NVIDIA GeForce RTX 3060 runtime_luid=00000000:00a98f85 dxgi_luid=00000000:00a98f85
[05:13]   [ComfyUI] aimdo: src/control.c:152:INFO:comfy-aimdo inited for GPU: NVIDIA GeForce RTX 3060 (VRAM: 12287 MB)
[05:13]   [ComfyUI] DynamicVRAM support detected and enabled
[05:13]   [ComfyUI] Python version: 3.13.13 (main, Apr 14 2026, 14:30:19) [MSC v.1944 64 bit (AMD64)]
[05:13]   [ComfyUI] ComfyUI version: 0.20.1
[05:13]   [ComfyUI] comfy-aimdo version: 0.3.0
[05:13]   [ComfyUI] comfy-kitchen version: 0.2.8
[05:13]   [ComfyUI] ****** User settings have been changed to be stored on the server instead of browser storage. ******
[05:13]   [ComfyUI] ****** For multi-user setups add the --multi-user CLI argument to enable multiple user profiles. ******
[05:13]   [ComfyUI] ComfyUI frontend version: 1.43.17
[05:13]   [ComfyUI] [Prompt Server] web root: C:\workspaces\GeometryPack-0746\.venv\Lib\site-packages\comfyui_frontend_package\static
[05:13]   [ComfyUI] Asset seeder disabled
[05:17]   [ComfyUI] loading...
[05:17]   [ComfyUI] calling register_nodes
[05:17]   [ComfyUI] [comfy-env] Version: 0.3.69
[05:17]   [ComfyUI] [comfy-env] register_nodes: ComfyUI-GeometryPack
[05:17]   [ComfyUI] [comfy-env] Found 3 isolation env(s)
[05:17]   [ComfyUI] [comfy-env] Importing nodes (root)...
[05:17]   [ComfyUI] [comfy-env] Imported nodes root: 0 nodes
[05:17]   [ComfyUI] [comfy-env] Scanning blender metadata...
[05:17]   [ComfyUI] [comfy-env] Scanning gpu metadata...
[05:17]   [ComfyUI] [comfy-env] Scanning main metadata...
[05:17]   [ComfyUI] [comfy-env] geometrypack-gpu: Library/bin has 235 DLLs
[05:17]   [ComfyUI] [comfy-env] Metadata scan: C:\Users\ContainerAdministrator\.pixi\bin\pixi.exe run --as-is --manifest-path C:\workspaces\GeometryPack-0746\ComfyUI\.ce\pixi.toml -e geometrypack-gpu python C:\Users\ContainerAdministrator\AppData\Local\Temp\comfy_meta_po1fcl4e.py C:\workspaces\GeometryPack-0746\ComfyUI\custom_nodes\ComfyUI-GeometryPack nodes.gpu
[05:17]   [ComfyUI] [comfy-env] Scan env PATH for nodes.gpu:
[05:17]   [ComfyUI] [comfy-env]   [0] C:\workspaces\GeometryPack-0746\ComfyUI\.ce\.pixi\envs\geometrypack-gpu
[05:17]   [ComfyUI] [comfy-env]   [1] C:\workspaces\GeometryPack-0746\ComfyUI\.ce\.pixi\envs\geometrypack-gpu\Library\bin
[05:17]   [ComfyUI] [comfy-env]   [2] C:\workspaces\GeometryPack-0746\ComfyUI\.ce\.pixi\envs\geometrypack-gpu\Scripts
[05:17]   [ComfyUI] [comfy-env]   [3] C:\workspaces\GeometryPack-0746\ComfyUI\.ce\.pixi\envs\geometrypack-gpu\Lib\site-packages\bpy
[05:17]   [ComfyUI] [comfy-env]   [4] C:\Windows\System32
[05:17]   [ComfyUI] [comfy-env]   [5] C:\Windows
[05:17]   [ComfyUI] [comfy-env]   [6] C:\Windows\System32\Wbem
[05:17]   [ComfyUI] [comfy-env] geometrypack-blender: Library/bin has 234 DLLs
[05:17]   [ComfyUI] [comfy-env] Metadata scan: C:\Users\ContainerAdministrator\.pixi\bin\pixi.exe run --as-is --manifest-path C:\workspaces\GeometryPack-0746\ComfyUI\.ce\pixi.toml -e geometrypack-blender python C:\Users\ContainerAdministrator\AppData\Local\Temp\comfy_meta_ep70rdb9.py C:\workspaces\GeometryPack-0746\ComfyUI\custom_nodes\ComfyUI-GeometryPack nodes.blender
[05:17]   [ComfyUI] [comfy-env] Scan env PATH for nodes.blender:
[05:17]   [ComfyUI] [comfy-env]   [0] C:\workspaces\GeometryPack-0746\ComfyUI\.ce\.pixi\envs\geometrypack-blender
[05:17]   [ComfyUI] [comfy-env]   [1] C:\workspaces\GeometryPack-0746\ComfyUI\.ce\.pixi\envs\geometrypack-blender\Library\bin
[05:17]   [ComfyUI] [comfy-env]   [2] C:\workspaces\GeometryPack-0746\ComfyUI\.ce\.pixi\envs\geometrypack-blender\Scripts
[05:17]   [ComfyUI] [comfy-env]   [3] C:\workspaces\GeometryPack-0746\ComfyUI\.ce\.pixi\envs\geometrypack-blender\Lib\site-packages\bpy
[05:17]   [ComfyUI] [comfy-env]   [4] C:\Windows\System32
[05:17]   [ComfyUI] [comfy-env]   [5] C:\Windows
[05:17]   [ComfyUI] [comfy-env]   [6] C:\Windows\System32\Wbem
[05:17]   [ComfyUI] [comfy-env] geometrypack-main: Library/bin has 610 DLLs
[05:17]   [ComfyUI] [comfy-env] Metadata scan: C:\Users\ContainerAdministrator\.pixi\bin\pixi.exe run --as-is --manifest-path C:\workspaces\GeometryPack-0746\ComfyUI\.ce\pixi.toml -e geometrypack-main python C:\Users\ContainerAdministrator\AppData\Local\Temp\comfy_meta_e05d24xm.py C:\workspaces\GeometryPack-0746\ComfyUI\custom_nodes\ComfyUI-GeometryPack nodes.main
[05:17]   [ComfyUI] [comfy-env] Scan env PATH for nodes.main:
[05:17]   [ComfyUI] [comfy-env]   [0] C:\workspaces\GeometryPack-0746\ComfyUI\.ce\.pixi\envs\geometrypack-main
[05:17]   [ComfyUI] [comfy-env]   [1] C:\workspaces\GeometryPack-0746\ComfyUI\.ce\.pixi\envs\geometrypack-main\Library\bin
[05:17]   [ComfyUI] [comfy-env]   [2] C:\workspaces\GeometryPack-0746\ComfyUI\.ce\.pixi\envs\geometrypack-main\Scripts
[05:17]   [ComfyUI] [comfy-env]   [3] C:\workspaces\GeometryPack-0746\ComfyUI\.ce\.pixi\envs\geometrypack-main\Lib\site-packages\bpy
[05:17]   [ComfyUI] [comfy-env]   [4] C:\Windows\System32
[05:17]   [ComfyUI] [comfy-env]   [5] C:\Windows
[05:17]   [ComfyUI] [comfy-env]   [6] C:\Windows\System32\Wbem
[06:38]   [ComfyUI] [comfy-env] Metadata scan stderr for nodes.gpu:
[06:38]   [ComfyUI] [comfy-env]   [meta-scan] importing nodes.gpu from C:\workspaces\GeometryPack-0746\ComfyUI\custom_nodes\ComfyUI-GeometryPack
[06:38]   [ComfyUI] [comfy-env]   [meta-scan] import OK
[06:38]   [ComfyUI] [comfy-env] Scanned nodes.gpu: 3 nodes (80.6s)
[06:38]   [ComfyUI] [comfy-env] Scanned gpu: 3 nodes (80.6s)
[06:38]   [ComfyUI] [comfy-env] Registered 3 isolation nodes from gpu
[06:41]   [ComfyUI] [comfy-env] Metadata scan stderr for nodes.blender:
[06:41]   [ComfyUI] [comfy-env]   [meta-scan] importing nodes.blender from C:\workspaces\GeometryPack-0746\ComfyUI\custom_nodes\ComfyUI-GeometryPack
[06:41]   [ComfyUI] [comfy-env]   [meta-scan] import OK
[06:41]   [ComfyUI] [comfy-env] Scanned nodes.blender: 12 nodes (84.1s)
[06:41]   [ComfyUI] [comfy-env] Scanned blender: 12 nodes (84.1s)
[06:41]   [ComfyUI] [comfy-env] Registered 12 isolation nodes from blender
[06:46]   [ComfyUI] [comfy-env] Metadata scan stderr for nodes.main:
[06:46]   [ComfyUI] [comfy-env]   [meta-scan] importing nodes.main from C:\workspaces\GeometryPack-0746\ComfyUI\custom_nodes\ComfyUI-GeometryPack
[06:46]   [ComfyUI] [comfy-env]   WARNING:root:WARNING: You need pytorch with cu130 or higher to use optimized CUDA operations.
[06:46]   [ComfyUI] [comfy-env]   [meta-scan] import OK
[06:46]   [ComfyUI] [comfy-env] Scanned nodes.main: 110 nodes (88.3s)
[06:46]   [ComfyUI] [comfy-env] Scanned main: 110 nodes (88.3s)
[06:46]   [ComfyUI] [comfy-env] Registered 110 isolation nodes from main
[06:46]   [ComfyUI] [comfy-env] Registered 125 total nodes
[06:46]   [ComfyUI] 
[06:46]   [ComfyUI] Import times for custom nodes:
[06:46]   [ComfyUI]    0.0 seconds: C:\workspaces\GeometryPack-0746\ComfyUI\custom_nodes\websocket_image_save.py
[06:46]   [ComfyUI]    0.0 seconds: C:\workspaces\GeometryPack-0746\ComfyUI\custom_nodes\ComfyUI-validate-endpoint
[06:46]   [ComfyUI]   89.1 seconds: C:\workspaces\GeometryPack-0746\ComfyUI\custom_nodes\ComfyUI-GeometryPack
[06:46]   [ComfyUI] 
[06:46]   [ComfyUI] Context impl SQLiteImpl.
[06:46]   [ComfyUI] Will assume non-transactional DDL.
[06:46]   [ComfyUI] Context impl SQLiteImpl.
[06:46]   [ComfyUI] Will assume non-transactional DDL.
[06:46]   [ComfyUI] Running upgrade  -> 0001_assets, Initial assets schema
[06:46]   [ComfyUI] Revision ID: 0001_assets
[06:46]   [ComfyUI] Revises: None
[06:46]   [ComfyUI] Create Date: 2025-12-10 00:00:00
[06:46]   [ComfyUI] Running upgrade 0001_assets -> 0002_merge_to_asset_references, Merge AssetInfo and AssetCacheState into unified asset_references table.
[06:46]   [ComfyUI] Running upgrade 0002_merge_to_asset_references -> 0003_add_metadata_job_id, Add system_metadata and job_id columns to asset_references.
[06:46]   [ComfyUI] Change preview_id FK from assets.id to asset_references.id.
[06:46]   [ComfyUI] Database upgraded from None to 0003_add_metadata_job_id
[06:46]   [ComfyUI] Starting server
[06:46]   [ComfyUI] 
[06:46]   [ComfyUI] To see the GUI go to: http://127.0.0.1:41883
[06:47] Server responding, waiting for nodes to load...
[07:07] Server is ready!
[07:07] Checking for import errors in server logs...
[07:07] No import errors detected
[07:07] Found 824 registered nodes
[07:07] [REGISTRATION] PASSED
[07:07] 
[07:07] [4/5] INSTANTIATION
[07:07] ----------------------------------------
[07:07] 
[DEBUG] server=<comfy_test.comfyui.server.ComfyUIServer object at 0x0000019006287EB0>, server_url=None, api=<comfy_test.comfyui.api.ComfyUIAPI object at 0x0000019006287E20>
[07:07] Testing node constructors...
[07:07] All 125 node(s) instantiated successfully!
[07:07] [INSTANTIATION] PASSED
[07:07] 
[07:07] [5/5] EXECUTION
[07:07] ----------------------------------------
[07:07] 
[DEBUG] server=<comfy_test.comfyui.server.ComfyUIServer object at 0x0000019006287EB0>, server_url=None, api=<comfy_test.comfyui.api.ComfyUIAPI object at 0x0000019006287E20>
[07:07] GPU runner - will execute 4 workflow(s)
[07:07] Running 33 workflow(s) (all with videos)...
[07:08] Installing screenshot dependencies (playwright, pillow)...
[07:09]   Packages installed, downloading chromium browser...
[07:26]   Screenshot dependencies installed successfully
[07:27] Starting headless browser...
[07:28]   GPU detected (no Vulkan) — using ANGLE/OpenGL rendering
[07:32]   [1/33] SKIPPED (not in gpu list) alpha_wrap.json
[07:33]   [2/33] SKIPPED (not in gpu list) batch_remesh.json
[07:33]   [3/33] SKIPPED (not in gpu list) boolean_ops.json
[07:33]   [4/33] SKIPPED (not in gpu list) decimate.json
[07:33]   [5/33] SKIPPED (not in gpu list) depth_map_to_mesh.json
[07:34]   [6/33] SKIPPED (not in gpu list) fix_self_intersection.json
[07:34]   [7/33] SKIPPED (not in gpu list) mesh_info.json
[07:34]   [8/33] SKIPPED (not in gpu list) mesh_mesh_distance.json
[07:34]   [9/33] SKIPPED (not in gpu list) normals.json
[07:35]   [10/33] SKIPPED (not in gpu list) point_mesh_distance.json
[07:35]   [11/33] SKIPPED (not in gpu list) preview_mesh_threejs.json
[07:35]   [12/33] SKIPPED (not in gpu list) refine_mesh.json
[07:35]   [13/33] SKIPPED (not in gpu list) remesh_intersections.json
[07:36]   [14/33] SKIPPED (not in gpu list) remeshing.json
[07:36]   [15/33] SKIPPED (not in gpu list) sharpen.json
[07:36]   [16/33] SKIPPED (not in gpu list) side_by_side_viewer.json
[07:36]   [17/33] SKIPPED (not in gpu list) skeleton_extraction.json
[07:37]   [18/33] SKIPPED (not in gpu list) sMOOth.json
[07:37]   [19/33] SKIPPED (not in gpu list) surface_reconstruction.json
[07:37]   [20/33] SKIPPED (not in gpu list) test_loading.json
[07:37]   [21/33] SKIPPED (not in gpu list) boolean_ops_all.json
[07:38]   [22/33] SKIPPED (not in gpu list) decimate_all.json
[07:38] Capturing execution frames: fill_holes_all.json
[07:46]   Frame 1 saved (frame_000.jpg, t=0.0s)
[07:46]   Validating workflow...
[07:46]   [ComfyUI] === /validate endpoint called ===
[07:46]   [ComfyUI] Received JSON with keys: ['prompt']
[07:46]   Queuing workflow for execution...
[07:46]   [ComfyUI] Prompt has 8 nodes
[07:46]   [ComfyUI]   Node 1: GeomPackLoadMesh
[07:46]   [ComfyUI]     Inputs: {"file_path": "3d/camelhead.off"}
[07:46]   [ComfyUI]   Node 3: GeomPackFillHoles
[07:46]   [ComfyUI]     Inputs: {"backend": "pymeshlab", "backend.maxholesize": 0, "report_panel": "false", "mesh": ["1", 0]}
[07:46]   [ComfyUI] [comfy-env] SubprocessWorker: C:\workspaces\GeometryPack-0746\ComfyUI\.ce\.pixi\envs\geometrypack-main\python.exe
[07:46]   [ComfyUI]   Node 4: GeomPackFillHoles
[07:46]   [ComfyUI] [comfy-env] env_vars: {'KMP_DUPLICATE_LIB_OK': 'TRUE', 'COMFYUI_BASE': 'C:\\workspaces\\GeometryPack-0746\\ComfyUI'}
[07:46]   [ComfyUI]     Inputs: {"backend": "pymeshfix", "backend.max_edges": 0, "backend.refine": "true", "report_panel": "false", "mesh": ["1", 0]}
[07:46]   [ComfyUI]   Node 5: GeomPackFillHoles
[07:46]   [ComfyUI]     Inputs: {"backend": "igl_fan", "report_panel": "false", "mesh": ["1", 0]}
[07:46]   [ComfyUI] [ComfyUI-GeometryPack] python: C:\workspaces\GeometryPack-0746\ComfyUI\.ce\.pixi\envs\geometrypack-main\python.exe
[07:46]   [ComfyUI]   Node 6: GeomPackFillHoles
[07:46]   [ComfyUI] [ComfyUI-GeometryPack] sys_path sent to worker: ['C:\\workspaces\\GeometryPack-0746\\ComfyUI', 'C:\\workspaces\\GeometryPack-0746\\ComfyUI\\custom_nodes\\ComfyUI-GeometryPack', 'C:\\workspaces\\GeometryPack-0746\\ComfyUI\\.ce\\.pixi\\envs\\geometrypack-main\\Lib\\site-packages', 'C:\\workspaces\\GeometryPack-0746\\ComfyUI\\custom_nodes\\ComfyUI-GeometryPack']
[07:46]   [ComfyUI]     Inputs: {"backend": "cgal", "backend.quality": "triangulate", "report_panel": "false", "mesh": ["1", 0]}
[07:46]   [ComfyUI] [SubprocessWorker] is_pixi=True, python=C:\workspaces\GeometryPack-0746\ComfyUI\.ce\.pixi\envs\geometrypack-main\python.exe
[07:46]   [ComfyUI]   Node 7: GeomPackFillHoles
[07:46]   [ComfyUI] [SubprocessWorker] launching cmd=['C:\\Users\\ContainerAdministrator\\.pixi\\bin\\pixi.exe', 'run', '--as-is', '--manifest-path', 'C:\\workspaces\\GeometryPack-0746\\ComfyUI\\.ce\\pixi.toml', '-e', 'geometrypack-main', 'python', 'C:\\Users\\ContainerAdministrator\\AppData\\Local\\Temp\\comfyui_pvenv_c67gjbf_\\persistent_worker.py', 'tcp://127.0.0.1:54208']...
[07:46]   [ComfyUI]     Inputs: {"backend": "gpu_cumesh", "backend.perimeter": 20, "report_panel": "false", "mesh": ["1", 0]}
[07:46]   [ComfyUI]   Node 8: GeomPackPreviewMeshMulti
[07:46]   [ComfyUI]     Inputs: {"mode": "fields", "preview_multi": "{\"show_edges\":true,\"camera_state\":\"{\\\"position\\\":[0.3450675952860498,-1.1296206877012935,-0.7853370972660157],\\\"focalPoint\\\":[0.000001996755599975586,
[07:46]   [ComfyUI]   Node 9: GeomPackPreviewMeshMulti
[07:46]   [ComfyUI]     Inputs: {"mode": "fields", "preview_multi": "{\"show_edges\":true,\"camera_state\":\"{\\\"position\\\":[0.3450675952860498,-1.1296206877012935,-0.7853370972660157],\\\"focalPoint\\\":[0.000001996755599975586,
[07:46]   [ComfyUI] Generated prompt_id: 2e8a79ef-3ea9-4dc8-b5b0-f4e6d97bdc58
[07:46]   [ComfyUI] Calling execution.validate_prompt()...
[07:46]   [ComfyUI] Validation result: valid=True
[07:46]   [ComfyUI] === Validation PASSED ===
[07:46]   [ComfyUI] got prompt
[07:46]   [ComfyUI] [comfy-env] Running GeomPackLoadMesh: file_path: '3d/camelhead.off'
[07:46]   [ComfyUI] [VRAM] Before GeomPackLoadMesh: 1042 / 12287 MB
[07:46]   [ComfyUI] [SubprocessWorker] call_method: nodes.main.io.load_mesh.LoadMesh.EXECUTE_NORMALIZED
[07:46]   [ComfyUI] [SubprocessWorker] acquired lock, ensuring started...
[07:46]   [ComfyUI] [comfy-env] geometrypack-main: Library/bin has 610 DLLs
[07:48]   Frame 2 saved (frame_001.jpg, t=2.3s)
[07:48]   [capture-periodic] freeze=3ms shot=105ms unfreeze=5ms saved=True
[07:50]   Frame 3 saved (frame_002.jpg, t=4.5s)
[07:50]   [capture-periodic] freeze=3ms shot=93ms unfreeze=5ms saved=True
[07:51]   [ComfyUI] [worker:ComfyUI-GeometryPack] WARNING: WARNING: You need pytorch with cu130 or higher to use optimized CUDA operations.
[07:51]   [ComfyUI] [SubprocessWorker] worker started/confirmed
[07:51]   [ComfyUI] [SubprocessWorker] serializing kwargs to shm...
[07:51]   [ComfyUI] [SubprocessWorker] created 0 shm blocks
[07:51]   [ComfyUI] [SubprocessWorker] sending request via socket...
[07:51]   [ComfyUI] [SubprocessWorker] call_id=1 sending call_method
[07:52]   [capture-loop] iter=50 t=6.0s state={'complete': False, 'error': None, 'executedCount': 0, 'wsState': 1} eval_ms=3 ram=8.6/31.9GB (27%) swap=0.3/12.3GB (2%) cpu=7% browser_rss=0.62GB
[07:53]   [ComfyUI] [worker:ComfyUI-GeometryPack] INFO: Found mesh in input folder: 3d/camelhead.off
[07:53]   [ComfyUI] [worker:ComfyUI-GeometryPack] INFO: Loading: C:\workspaces\GeometryPack-0746\ComfyUI\input\3d/camelhead.off
[07:53]   [ComfyUI] [worker:ComfyUI-GeometryPack] INFO: Initial mesh: 11381 vertices, 22704 faces
[07:53]   [ComfyUI] [worker:ComfyUI-GeometryPack] INFO: Successfully loaded: 11381 vertices, 22704 faces
[07:53]   [ComfyUI] [worker:ComfyUI-GeometryPack] INFO: Loaded: 11381 vertices, 22704 faces
[07:53]   [ComfyUI] [SubprocessWorker] got response: ok
[07:56]   [ComfyUI] [comfy-env] GeomPackLoadMesh done (10.26s): result: NodeOutput
[07:56]   [ComfyUI] [VRAM] After GeomPackLoadMesh: 1042 / 12287 MB
[07:56]   [ComfyUI] [comfy-env] Running GeomPackFillHoles: backend: dict, mesh: Trimesh
[07:56]   [ComfyUI] [VRAM] Before GeomPackFillHoles: 1042 / 12287 MB
[07:56]   [ComfyUI] [SubprocessWorker] call_method: nodes.main.repair.fill_holes.FillHolesNode.EXECUTE_NORMALIZED
[07:56]   [ComfyUI] [SubprocessWorker] acquired lock, ensuring started...
[07:56]   [ComfyUI] [ComfyUI-GeometryPack] Health check: ping (timeout=5.0s)...
[07:56]   [ComfyUI] [ComfyUI-GeometryPack] Health check: ok
[07:56]   [ComfyUI] [SubprocessWorker] worker started/confirmed
[07:56]   [ComfyUI] [SubprocessWorker] serializing kwargs to shm...
[07:56]   [ComfyUI] [SubprocessWorker] created 1 shm blocks
[07:56]   [ComfyUI] [SubprocessWorker] sending request via socket...
[07:56]   [ComfyUI] [SubprocessWorker] call_id=2 sending call_method
[07:56]   [ComfyUI] [worker:ComfyUI-GeometryPack] INFO: Fill Holes dispatch: gpu_cumesh -> GeomPackFillHoles_GPU
[07:56]   [ComfyUI] [SubprocessWorker] got response: ok
[07:56]   [ComfyUI] [comfy-env] GeomPackFillHoles done (0.07s): result: NodeOutput
[07:56]   [ComfyUI] [VRAM] After GeomPackFillHoles: 1042 / 12287 MB
[07:56]   [ComfyUI] [comfy-env] Running GeomPackFillHoles: backend: dict, mesh: Trimesh
[07:56]   [ComfyUI] [VRAM] Before GeomPackFillHoles: 1042 / 12287 MB
[07:56]   [ComfyUI] [SubprocessWorker] call_method: nodes.main.repair.fill_holes.FillHolesNode.EXECUTE_NORMALIZED
[07:56]   [ComfyUI] [SubprocessWorker] acquired lock, ensuring started...
[07:56]   [ComfyUI] [ComfyUI-GeometryPack] Health check: ping (timeout=5.0s)...
[07:56]   [ComfyUI] [ComfyUI-GeometryPack] Health check: ok
[07:56]   [ComfyUI] [SubprocessWorker] worker started/confirmed
[07:56]   [ComfyUI] [SubprocessWorker] serializing kwargs to shm...
[07:56]   [ComfyUI] [SubprocessWorker] created 1 shm blocks
[07:56]   [ComfyUI] [SubprocessWorker] sending request via socket...
[07:56]   [ComfyUI] [SubprocessWorker] call_id=3 sending call_method
[07:56]   [ComfyUI] [worker:ComfyUI-GeometryPack] INFO: Fill Holes dispatch: cgal -> GeomPackFillHoles_CGAL
[07:56]   [ComfyUI] [SubprocessWorker] got response: ok
[07:56]   [ComfyUI] [comfy-env] GeomPackFillHoles done (0.07s): result: NodeOutput
[07:56]   [ComfyUI] [VRAM] After GeomPackFillHoles: 1042 / 12287 MB
[07:56]   [ComfyUI] [comfy-env] Running GeomPackFillHoles: backend: dict, mesh: Trimesh
[07:56]   [ComfyUI] [VRAM] Before GeomPackFillHoles: 1042 / 12287 MB
[07:56]   [ComfyUI] [SubprocessWorker] call_method: nodes.main.repair.fill_holes.FillHolesNode.EXECUTE_NORMALIZED
[07:56]   [ComfyUI] [SubprocessWorker] acquired lock, ensuring started...
[07:56]   [ComfyUI] [ComfyUI-GeometryPack] Health check: ping (timeout=5.0s)...
[07:56]   [ComfyUI] [ComfyUI-GeometryPack] Health check: ok
[07:56]   [ComfyUI] [SubprocessWorker] worker started/confirmed
[07:56]   [ComfyUI] [SubprocessWorker] serializing kwargs to shm...
[07:56]   [ComfyUI] [SubprocessWorker] created 1 shm blocks
[07:56]   [ComfyUI] [SubprocessWorker] sending request via socket...
[07:56]   [ComfyUI] [SubprocessWorker] call_id=4 sending call_method
[07:56]   [ComfyUI] [worker:ComfyUI-GeometryPack] INFO: Fill Holes dispatch: igl_fan -> GeomPackFillHoles_IglFan
[07:56]   [ComfyUI] [SubprocessWorker] got response: ok
[07:56]   [ComfyUI] [comfy-env] GeomPackFillHoles done (0.07s): result: NodeOutput
[07:56]   [ComfyUI] [VRAM] After GeomPackFillHoles: 1042 / 12287 MB
[07:56]   [ComfyUI] [comfy-env] Running GeomPackFillHoles: backend: dict, mesh: Trimesh
[07:56]   [ComfyUI] [VRAM] Before GeomPackFillHoles: 1042 / 12287 MB
[07:56]   [ComfyUI] [SubprocessWorker] call_method: nodes.main.repair.fill_holes.FillHolesNode.EXECUTE_NORMALIZED
[07:56]   [ComfyUI] [SubprocessWorker] acquired lock, ensuring started...
[07:56]   [ComfyUI] [ComfyUI-GeometryPack] Health check: ping (timeout=5.0s)...
[07:56]   [ComfyUI] [ComfyUI-GeometryPack] Health check: ok
[07:56]   [ComfyUI] [SubprocessWorker] worker started/confirmed
[07:56]   [ComfyUI] [SubprocessWorker] serializing kwargs to shm...
[07:56]   [ComfyUI] [SubprocessWorker] created 1 shm blocks
[07:56]   [ComfyUI] [SubprocessWorker] sending request via socket...
[07:56]   [ComfyUI] [SubprocessWorker] call_id=5 sending call_method
[07:56]   [ComfyUI] [worker:ComfyUI-GeometryPack] INFO: Fill Holes dispatch: pymeshfix -> GeomPackFillHoles_PyMeshFix
[07:56]   [ComfyUI] [SubprocessWorker] got response: ok
[07:56]   [ComfyUI] [comfy-env] GeomPackFillHoles done (0.07s): result: NodeOutput
[07:56]   [ComfyUI] [VRAM] After GeomPackFillHoles: 1042 / 12287 MB
[07:56]   [ComfyUI] [comfy-env] Running GeomPackFillHoles: backend: dict, mesh: Trimesh
[07:56]   [ComfyUI] [VRAM] Before GeomPackFillHoles: 1042 / 12287 MB
[07:56]   [ComfyUI] [SubprocessWorker] call_method: nodes.main.repair.fill_holes.FillHolesNode.EXECUTE_NORMALIZED
[07:56]   [ComfyUI] [SubprocessWorker] acquired lock, ensuring started...
[07:56]   [ComfyUI] [ComfyUI-GeometryPack] Health check: ping (timeout=5.0s)...
[07:56]   [ComfyUI] [ComfyUI-GeometryPack] Health check: ok
[07:56]   [ComfyUI] [SubprocessWorker] worker started/confirmed
[07:56]   [ComfyUI] [SubprocessWorker] serializing kwargs to shm...
[07:56]   [ComfyUI] [SubprocessWorker] created 1 shm blocks
[07:56]   [ComfyUI] [SubprocessWorker] sending request via socket...
[07:56]   [ComfyUI] [SubprocessWorker] call_id=6 sending call_method
[07:56]   [ComfyUI] [worker:ComfyUI-GeometryPack] INFO: Fill Holes dispatch: pymeshlab -> GeomPackFillHoles_PyMeshLab
[07:56]   [ComfyUI] [SubprocessWorker] got response: ok
[07:56]   [ComfyUI] [comfy-env] SubprocessWorker: C:\workspaces\GeometryPack-0746\ComfyUI\.ce\.pixi\envs\geometrypack-gpu\python.exe
[07:56]   [ComfyUI] [comfy-env] GeomPackFillHoles done (0.07s): result: NodeOutput
[07:56]   [ComfyUI] [comfy-env] env_vars: {'KMP_DUPLICATE_LIB_OK': 'TRUE', 'COMFYUI_BASE': 'C:\\workspaces\\GeometryPack-0746\\ComfyUI'}
[07:56]   [ComfyUI] [VRAM] After GeomPackFillHoles: 1042 / 12287 MB
[07:56]   [ComfyUI] [ComfyUI-GeometryPack] python: C:\workspaces\GeometryPack-0746\ComfyUI\.ce\.pixi\envs\geometrypack-gpu\python.exe
[07:56]   [ComfyUI] [comfy-env] Running GeomPackFillHoles_GPU: mesh: Trimesh, perimeter: 20.0
[07:56]   [ComfyUI] [ComfyUI-GeometryPack] sys_path sent to worker: ['C:\\workspaces\\GeometryPack-0746\\ComfyUI', 'C:\\workspaces\\GeometryPack-0746\\ComfyUI\\custom_nodes\\ComfyUI-GeometryPack', 'C:\\workspaces\\GeometryPack-0746\\ComfyUI\\.ce\\.pixi\\envs\\geometrypack-gpu\\Lib\\site-packages', 'C:\\workspaces\\GeometryPack-0746\\ComfyUI\\custom_nodes\\ComfyUI-GeometryPack']
[07:56]   [ComfyUI] [VRAM] Before GeomPackFillHoles_GPU: 1042 / 12287 MB
[07:56]   [ComfyUI] [SubprocessWorker] is_pixi=True, python=C:\workspaces\GeometryPack-0746\ComfyUI\.ce\.pixi\envs\geometrypack-gpu\python.exe
[07:56]   [ComfyUI] [SubprocessWorker] call_method: nodes.gpu.fill_holes_gpu.fill_holes.FillHolesGPUNode.EXECUTE_NORMALIZED
[07:56]   [ComfyUI] [SubprocessWorker] launching cmd=['C:\\Users\\ContainerAdministrator\\.pixi\\bin\\pixi.exe', 'run', '--as-is', '--manifest-path', 'C:\\workspaces\\GeometryPack-0746\\ComfyUI\\.ce\\pixi.toml', '-e', 'geometrypack-gpu', 'python', 'C:\\Users\\ContainerAdministrator\\AppData\\Local\\Temp\\comfyui_pvenv_qew9zsio\\persistent_worker.py', 'tcp://127.0.0.1:54210']...
[07:56]   [ComfyUI] [SubprocessWorker] acquired lock, ensuring started...
[07:56]   [ComfyUI] [comfy-env] geometrypack-gpu: Library/bin has 235 DLLs
[07:57]   Frame 4 saved (frame_003.jpg, t=11.1s)
[07:57]   [capture-periodic] freeze=3ms shot=112ms unfreeze=4ms saved=True
[07:58]   [capture-loop] iter=100 t=12.4s state={'complete': False, 'error': None, 'executedCount': 0, 'wsState': 1} eval_ms=4 ram=9.0/31.9GB (28%) swap=0.3/12.3GB (2%) cpu=10% browser_rss=0.63GB
[08:04]   [capture-loop] iter=150 t=18.2s state={'complete': False, 'error': None, 'executedCount': 0, 'wsState': 1} eval_ms=4 ram=9.1/31.9GB (29%) swap=0.3/12.3GB (2%) cpu=7% browser_rss=0.63GB
[08:06]   [ComfyUI] [worker:ComfyUI-GeometryPack] WARNING: WARNING: You need pytorch with cu130 or higher to use optimized CUDA operations.
[08:06]   [ComfyUI] [SubprocessWorker] worker started/confirmed
[08:06]   [ComfyUI] [SubprocessWorker] serializing kwargs to shm...
[08:06]   [ComfyUI] [SubprocessWorker] created 1 shm blocks
[08:06]   [ComfyUI] [SubprocessWorker] sending request via socket...
[08:06]   [ComfyUI] [SubprocessWorker] call_id=1 sending call_method
[08:09]   [ComfyUI] [SubprocessWorker] got response: ok
[08:09]   [ComfyUI] [comfy-env] GeomPackFillHoles_GPU done (12.16s): result: NodeOutput
[08:09]   [ComfyUI] [VRAM] After GeomPackFillHoles_GPU: 1042 / 12287 MB
[08:09]   [ComfyUI] [comfy-env] Running GeomPackFillHoles_CGAL: mesh: Trimesh, quality: 'triangulate'
[08:09]   [ComfyUI] [VRAM] Before GeomPackFillHoles_CGAL: 1042 / 12287 MB
[08:09]   [ComfyUI] [SubprocessWorker] call_method: nodes.main.repair_cgal.fill_holes_cgal.FillHolesCGALNode.EXECUTE_NORMALIZED
[08:09]   [ComfyUI] [SubprocessWorker] acquired lock, ensuring started...
[08:09]   [ComfyUI] [ComfyUI-GeometryPack] Health check: ping (timeout=5.0s)...
[08:09]   [ComfyUI] [ComfyUI-GeometryPack] Health check: ok
[08:09]   [ComfyUI] [SubprocessWorker] worker started/confirmed
[08:09]   Node executed (1 total), capturing...
[08:09]   [ComfyUI] [SubprocessWorker] serializing kwargs to shm...
[08:09]   [ComfyUI] [SubprocessWorker] created 1 shm blocks
[08:09]   [ComfyUI] [SubprocessWorker] sending request via socket...
[08:09]   [ComfyUI] [SubprocessWorker] call_id=7 sending call_method
[08:09]   [ComfyUI] [worker:ComfyUI-GeometryPack] INFO: CGAL: built Polyhedron_3 (11381 vertices, 22704 facets)
[08:09]   Frame 5 saved (frame_004.jpg, t=23.2s)
[08:09]   [capture-node] freeze=4ms shot=88ms unfreeze=4ms saved=True
[08:09]   [ComfyUI] [worker:ComfyUI-GeometryPack] INFO: CGAL: found 56 holes
[08:09]   [ComfyUI] [worker:ComfyUI-GeometryPack] INFO: CGAL triangulate: filled 56/56 holes, +109 faces, watertight: False -> False
[08:09]   [ComfyUI] [SubprocessWorker] got response: ok
[08:09]   [ComfyUI] [comfy-env] GeomPackFillHoles_CGAL done (0.65s): result: NodeOutput
[08:09]   Node executed (2 total), capturing...
[08:09]   [ComfyUI] [VRAM] After GeomPackFillHoles_CGAL: 1042 / 12287 MB
[08:09]   [ComfyUI] [comfy-env] Running GeomPackFillHoles_IglFan: mesh: Trimesh
[08:09]   [ComfyUI] [VRAM] Before GeomPackFillHoles_IglFan: 1042 / 12287 MB
[08:09]   [ComfyUI] [SubprocessWorker] call_method: nodes.main.repair.backends.igl_fan_fill.FillHolesIglFanNode.EXECUTE_NORMALIZED
[08:09]   [ComfyUI] [SubprocessWorker] acquired lock, ensuring started...
[08:09]   [ComfyUI] [ComfyUI-GeometryPack] Health check: ping (timeout=5.0s)...
[08:09]   [ComfyUI] [ComfyUI-GeometryPack] Health check: ok
[08:09]   [ComfyUI] [SubprocessWorker] worker started/confirmed
[08:09]   [ComfyUI] [SubprocessWorker] serializing kwargs to shm...
[08:09]   [ComfyUI] [SubprocessWorker] created 1 shm blocks
[08:09]   [ComfyUI] [SubprocessWorker] sending request via socket...
[08:09]   [ComfyUI] [SubprocessWorker] call_id=8 sending call_method
[08:09]   [ComfyUI] [worker:ComfyUI-GeometryPack] INFO: igl_fan: filled boundary loop with 54 faces
[08:09]   [ComfyUI] [worker:ComfyUI-GeometryPack] INFO: igl_fan: +54 faces, watertight: False -> True
[08:09]   [ComfyUI] [SubprocessWorker] got response: ok
[08:09]   [ComfyUI] [comfy-env] GeomPackFillHoles_IglFan done (0.24s): result: NodeOutput
[08:09]   [ComfyUI] [VRAM] After GeomPackFillHoles_IglFan: 1042 / 12287 MB
[08:09]   [ComfyUI] [comfy-env] Running GeomPackPreviewMeshMulti: mode: 'fields', mesh_1: Trimesh, mesh_2: Trimesh, mesh_3: Trimesh
[08:09]   [ComfyUI] [VRAM] Before GeomPackPreviewMeshMulti: 1042 / 12287 MB
[08:09]   [ComfyUI] [SubprocessWorker] call_method: nodes.main.visualization.preview_mesh_multi.PreviewMeshMultiNode.EXECUTE_NORMALIZED
[08:10]   [ComfyUI] [SubprocessWorker] acquired lock, ensuring started...
[08:10]   [ComfyUI] [ComfyUI-GeometryPack] Health check: ping (timeout=5.0s)...
[08:10]   [ComfyUI] [ComfyUI-GeometryPack] Health check: ok
[08:10]   [ComfyUI] [SubprocessWorker] worker started/confirmed
[08:10]   [ComfyUI] [SubprocessWorker] serializing kwargs to shm...
[08:10]   [ComfyUI] [SubprocessWorker] created 3 shm blocks
[08:10]   [ComfyUI] [SubprocessWorker] sending request via socket...
[08:10]   [ComfyUI] [SubprocessWorker] call_id=9 sending call_method
[08:10]   [ComfyUI] [worker:ComfyUI-GeometryPack] INFO: Mode: fields, Meshes: 3
[08:10]   Frame 6 saved (frame_005.jpg, t=23.9s)
[08:10]   [ComfyUI] [worker:ComfyUI-GeometryPack] INFO: Mesh 1: Mesh - 11381 vertices, 22758 faces
[08:10]   [capture-node] freeze=4ms shot=100ms unfreeze=3ms saved=True
[08:10]   [ComfyUI] [worker:ComfyUI-GeometryPack] INFO: Exporting mesh to VTP: C:\workspaces\GeometryPack-0746\ComfyUI\output\preview_multi_1_975d24b9.vtp
[08:10]   [ComfyUI] [worker:ComfyUI-GeometryPack] INFO: Adding normals field (11381 vertices)
[08:10]   Node executed (3 total), capturing...
[08:10]   [ComfyUI] [worker:ComfyUI-GeometryPack] INFO: Export complete: 11381 vertices, 22758 faces
[08:10]   [ComfyUI] [worker:ComfyUI-GeometryPack] INFO: Exported VTP: C:\workspaces\GeometryPack-0746\ComfyUI\output\preview_multi_1_975d24b9.vtp
[08:10]   [ComfyUI] [worker:ComfyUI-GeometryPack] INFO: Mesh 2: Mesh - 11381 vertices, 22813 faces
[08:10]   [ComfyUI] [worker:ComfyUI-GeometryPack] INFO: Exporting mesh to VTP: C:\workspaces\GeometryPack-0746\ComfyUI\output\preview_multi_2_975d24b9.vtp
[08:10]   [ComfyUI] [worker:ComfyUI-GeometryPack] INFO: Adding normals field (11381 vertices)
[08:10]   [ComfyUI] [worker:ComfyUI-GeometryPack] INFO: Export complete: 11381 vertices, 22813 faces
[08:10]   [ComfyUI] [worker:ComfyUI-GeometryPack] INFO: Exported VTP: C:\workspaces\GeometryPack-0746\ComfyUI\output\preview_multi_2_975d24b9.vtp
[08:10]   [ComfyUI] [worker:ComfyUI-GeometryPack] INFO: Mesh 3: Mesh - 11382 vertices, 22760 faces
[08:10]   [ComfyUI] [worker:ComfyUI-GeometryPack] INFO: Exporting mesh to VTP: C:\workspaces\GeometryPack-0746\ComfyUI\output\preview_multi_3_975d24b9.vtp
[08:10]   Frame 7 saved (frame_006.jpg, t=24.3s)
[08:10]   [capture-node] freeze=5ms shot=143ms unfreeze=3ms saved=True
[08:10]   [ComfyUI] [worker:ComfyUI-GeometryPack] INFO: Adding normals field (11382 vertices)
[08:10]   [ComfyUI] [worker:ComfyUI-GeometryPack] INFO: Export complete: 11382 vertices, 22760 faces
[08:10]   [ComfyUI] [worker:ComfyUI-GeometryPack] INFO: Exported VTP: C:\workspaces\GeometryPack-0746\ComfyUI\output\preview_multi_3_975d24b9.vtp
[08:10]   [ComfyUI] [worker:ComfyUI-GeometryPack] INFO: Grid: 3x1, Preview ready
[08:10]   [ComfyUI] [SubprocessWorker] got response: ok
[08:10]   [ComfyUI] [comfy-env] GeomPackPreviewMeshMulti done (0.71s): result: NodeOutput
[08:10]   [ComfyUI] [VRAM] After GeomPackPreviewMeshMulti: 1042 / 12287 MB
[08:10]   [ComfyUI] [comfy-env] Running GeomPackFillHoles_PyMeshFix: mesh: Trimesh, max_edges: 0, refine: 'true'
[08:10]   [ComfyUI] [VRAM] Before GeomPackFillHoles_PyMeshFix: 1042 / 12287 MB
[08:10]   [ComfyUI] [SubprocessWorker] call_method: nodes.main.repair.backends.pymeshfix_fill.FillHolesPyMeshFixNode.EXECUTE_NORMALIZED
[08:10]   [ComfyUI] [SubprocessWorker] acquired lock, ensuring started...
[08:10]   [ComfyUI] [ComfyUI-GeometryPack] Health check: ping (timeout=5.0s)...
[08:10]   [ComfyUI] [ComfyUI-GeometryPack] Health check: ok
[08:10]   [ComfyUI] [SubprocessWorker] worker started/confirmed
[08:10]   [ComfyUI] [SubprocessWorker] serializing kwargs to shm...
[08:10]   [ComfyUI] [SubprocessWorker] created 1 shm blocks
[08:10]   [ComfyUI] [SubprocessWorker] sending request via socket...
[08:10]   [ComfyUI] [SubprocessWorker] call_id=10 sending call_method
[08:10]   Node executed (4 total), capturing...
[08:10]   [ComfyUI] [worker:ComfyUI-GeometryPack] INFO: PyMeshFix: 1 boundary loops detected
[08:10]   [ComfyUI] [worker:ComfyUI-GeometryPack] INFO: PyMeshFix: filled 1 holes, +298 faces, watertight: False -> True
[08:10]   [ComfyUI] [SubprocessWorker] got response: ok
[08:10]   [ComfyUI] [comfy-env] GeomPackFillHoles_PyMeshFix done (0.28s): result: NodeOutput
[08:10]   [ComfyUI] [VRAM] After GeomPackFillHoles_PyMeshFix: 1042 / 12287 MB
[08:10]   [ComfyUI] [comfy-env] Running GeomPackFillHoles_PyMeshLab: mesh: Trimesh, maxholesize: 0
[08:10]   [ComfyUI] [VRAM] Before GeomPackFillHoles_PyMeshLab: 1042 / 12287 MB
[08:10]   [ComfyUI] [SubprocessWorker] call_method: nodes.main.repair.backends.pymeshlab_fill.FillHolesPyMeshLabNode.EXECUTE_NORMALIZED
[08:11]   [ComfyUI] [SubprocessWorker] acquired lock, ensuring started...
[08:11]   [ComfyUI] [ComfyUI-GeometryPack] Health check: ping (timeout=5.0s)...
[08:11]   [ComfyUI] [ComfyUI-GeometryPack] Health check: ok
[08:11]   [ComfyUI] [SubprocessWorker] worker started/confirmed
[08:11]   [ComfyUI] [SubprocessWorker] serializing kwargs to shm...
[08:11]   [ComfyUI] [SubprocessWorker] created 1 shm blocks
[08:11]   [ComfyUI] [SubprocessWorker] sending request via socket...
[08:11]   [ComfyUI] [SubprocessWorker] call_id=11 sending call_method
[08:11]   Frame 8 saved (frame_007.jpg, t=24.9s)
[08:11]   [capture-node] freeze=233ms shot=129ms unfreeze=3ms saved=True
[08:11]   Node executed (5 total), capturing...
[08:11]   [capture-node] freeze=4ms shot=124ms unfreeze=4ms saved=False
[08:11]   [capture-loop] iter=200 t=25.8s state={'complete': False, 'error': None, 'executedCount': 5, 'wsState': 1} eval_ms=4 ram=9.5/31.9GB (30%) swap=0.3/12.3GB (2%) cpu=14% browser_rss=0.65GB
[08:13]   [ComfyUI] [worker:ComfyUI-GeometryPack] INFO: PyMeshLab: maxholesize=0, +54 faces, watertight: False -> True
[08:13]   [ComfyUI] [SubprocessWorker] got response: ok
[08:13]   [ComfyUI] [comfy-env] GeomPackFillHoles_PyMeshLab done (2.34s): result: NodeOutput
[08:13]   [ComfyUI] [VRAM] After GeomPackFillHoles_PyMeshLab: 1042 / 12287 MB
[08:13]   [ComfyUI] [comfy-env] Running GeomPackPreviewMeshMulti: mode: 'fields', mesh_1: Trimesh, mesh_2: Trimesh, mesh_3: Trimesh
[08:13]   [ComfyUI] [VRAM] Before GeomPackPreviewMeshMulti: 1042 / 12287 MB
[08:13]   [ComfyUI] [SubprocessWorker] call_method: nodes.main.visualization.preview_mesh_multi.PreviewMeshMultiNode.EXECUTE_NORMALIZED
[08:13]   Node executed (6 total), capturing...
[08:13]   [ComfyUI] [SubprocessWorker] acquired lock, ensuring started...
[08:13]   [ComfyUI] [ComfyUI-GeometryPack] Health check: ping (timeout=5.0s)...
[08:13]   [ComfyUI] [ComfyUI-GeometryPack] Health check: ok
[08:13]   [ComfyUI] [SubprocessWorker] worker started/confirmed
[08:13]   [ComfyUI] [SubprocessWorker] serializing kwargs to shm...
[08:13]   [ComfyUI] [SubprocessWorker] created 3 shm blocks
[08:13]   [ComfyUI] [SubprocessWorker] sending request via socket...
[08:13]   [ComfyUI] [SubprocessWorker] call_id=12 sending call_method
[08:13]   [ComfyUI] [worker:ComfyUI-GeometryPack] INFO: Mode: fields, Meshes: 3
[08:13]   [ComfyUI] [worker:ComfyUI-GeometryPack] INFO: Mesh 1: Mesh - 11381 vertices, 22704 faces
[08:13]   [ComfyUI] [worker:ComfyUI-GeometryPack] INFO: Exporting mesh to VTP: C:\workspaces\GeometryPack-0746\ComfyUI\output\preview_multi_1_48059987.vtp
[08:13]   [ComfyUI] [worker:ComfyUI-GeometryPack] INFO: Adding normals field (11381 vertices)
[08:13]   [ComfyUI] [worker:ComfyUI-GeometryPack] INFO: Export complete: 11381 vertices, 22704 faces
[08:13]   [ComfyUI] [worker:ComfyUI-GeometryPack] INFO: Exported VTP: C:\workspaces\GeometryPack-0746\ComfyUI\output\preview_multi_1_48059987.vtp
[08:13]   [ComfyUI] [worker:ComfyUI-GeometryPack] INFO: Mesh 2: Mesh - 11381 vertices, 22758 faces
[08:13]   [ComfyUI] [worker:ComfyUI-GeometryPack] INFO: Exporting mesh to VTP: C:\workspaces\GeometryPack-0746\ComfyUI\output\preview_multi_2_48059987.vtp
[08:13]   [ComfyUI] [worker:ComfyUI-GeometryPack] INFO: Adding normals field (11381 vertices)
[08:13]   Frame 9 saved (frame_008.jpg, t=27.5s)
[08:13]   [capture-node] freeze=5ms shot=143ms unfreeze=5ms saved=True
[08:13]   [ComfyUI] [worker:ComfyUI-GeometryPack] INFO: Export complete: 11381 vertices, 22758 faces
[08:13]   [ComfyUI] [worker:ComfyUI-GeometryPack] INFO: Exported VTP: C:\workspaces\GeometryPack-0746\ComfyUI\output\preview_multi_2_48059987.vtp
[08:13]   [ComfyUI] [worker:ComfyUI-GeometryPack] INFO: Mesh 3: Mesh - 11503 vertices, 23002 faces
[08:13]   [ComfyUI] [worker:ComfyUI-GeometryPack] INFO: Exporting mesh to VTP: C:\workspaces\GeometryPack-0746\ComfyUI\output\preview_multi_3_48059987.vtp
[08:13]   [ComfyUI] [worker:ComfyUI-GeometryPack] INFO: Adding normals field (11503 vertices)
[08:13]   [ComfyUI] [worker:ComfyUI-GeometryPack] INFO: Export complete: 11503 vertices, 23002 faces
[08:13]   [ComfyUI] [worker:ComfyUI-GeometryPack] INFO: Exported VTP: C:\workspaces\GeometryPack-0746\ComfyUI\output\preview_multi_3_48059987.vtp
[08:13]   [ComfyUI] [worker:ComfyUI-GeometryPack] INFO: Grid: 3x1, Preview ready
[08:13]   [ComfyUI] [SubprocessWorker] got response: ok
[08:13]   [ComfyUI] [comfy-env] GeomPackPreviewMeshMulti done (0.66s): result: NodeOutput
[08:13]   [ComfyUI] [VRAM] After GeomPackPreviewMeshMulti: 1042 / 12287 MB
[08:13]   [ComfyUI] Prompt executed in 27.72 seconds
[08:14]   Node executed (7 total), capturing...
[08:14]   Frame 10 saved (frame_009.jpg, t=28.2s)
[08:14]   [capture-node] freeze=4ms shot=383ms unfreeze=9ms saved=True
[08:14]   Execution complete (t=28.7s)
[08:14]   Captured 10 unique frames over 28.73s
[08:14]   [debug] iframes: 2
[08:14]   [debug]   iframe[0]: src=http://127.0.0.1:41883/extensions/ComfyUI-GeometryPack/viewer_multi.html?v=17782, canvas=244x393, rafFrozen=False
[08:14]   [debug]   iframe[1]: src=http://127.0.0.1:41883/extensions/ComfyUI-GeometryPack/viewer_multi.html?v=17782, canvas=244x393, rafFrozen=False
[08:14]   [timing] trigger_3d_previews: 0.0s
[08:17]   Saved high-quality screenshot: fill_holes_all_executed.png
[08:17]   [timing] final_screenshot: 0.4s
[08:17]   [24/33] SKIPPED (not in gpu list) fix_normals_all.json
[08:17]   [25/33] SKIPPED (not in gpu list) reconstruct_all.json
[08:18] Capturing execution frames: remeshing_all.json
[08:18]   [ComfyUI] Exception in callback _ProactorBasePipeTransport._call_connection_lost()
[08:18]   [ComfyUI] handle: <Handle _ProactorBasePipeTransport._call_connection_lost()>
[08:18]   [ComfyUI] Traceback (most recent call last):
[08:18]   [ComfyUI]   File "C:\Users\ContainerAdministrator\AppData\Roaming\uv\python\cpython-3.13-windows-x86_64-none\Lib\asyncio\events.py", line 89, in _run
[08:18]   [ComfyUI]     self._context.run(self._callback, *self._args)
[08:18]   [ComfyUI]     ~~~~~~~~~~~~~~~~~^^^^^^^^^^^^^^^^^^^^^^^^^^^^^
[08:18]   [ComfyUI]   File "C:\Users\ContainerAdministrator\AppData\Roaming\uv\python\cpython-3.13-windows-x86_64-none\Lib\asyncio\proactor_events.py", line 165, in _call_connection_lost
[08:18]   [ComfyUI]     self._sock.shutdown(socket.SHUT_RDWR)
[08:18]   [ComfyUI]     ~~~~~~~~~~~~~~~~~~~^^^^^^^^^^^^^^^^^^
[08:18]   [ComfyUI] ConnectionResetError: [WinError 10054] An existing connection was forcibly closed by the remote host
[08:25]   Frame 1 saved (frame_000.jpg, t=0.0s)
[08:25]   Validating workflow...
[08:25]   [ComfyUI] === /validate endpoint called ===
[08:25]   [ComfyUI] Received JSON with keys: ['prompt']
[08:25]   Queuing workflow for execution...
[08:25]   [ComfyUI] Prompt has 19 nodes
[08:25]   [ComfyUI]   Node 1: GeomPackLoadMesh
[08:25]   [ComfyUI]     Inputs: {"file_path": "3d/Stanford_Bunny.stl"}
[08:25]   [ComfyUI]   Node 27: GeomPackRemesh
[08:25]   [ComfyUI]     Inputs: {"backend": "pymeshlab_isotropic", "backend.target_edge_length": 1, "backend.iterations": 3, "backend.feature_angle": 30, "backend.adaptive": "false", "report_panel": "false", "trimesh": ["1", 0]}
[08:25]   [ComfyUI]   Node 29: GeomPackPreviewMeshMulti
[08:25]   [ComfyUI]     Inputs: {"mode": "fields", "preview_multi": "{\"show_edges\":true,\"camera_state\":\"{\\\"position\\\":[-104.63702891921307,87.70613647084431,93.26266831581498],\\\"focalPoint\\\":[30.322647094726562,1.890954
[08:25]   [ComfyUI]   Node 30: GeomPackPreviewMeshMulti
[08:25]   [ComfyUI]     Inputs: {"mode": "fields", "preview_multi": "{\"show_edges\":true,\"camera_state\":\"{\\\"position\\\":[-104.63702891921307,87.70613647084431,93.26266831581498],\\\"focalPoint\\\":[30.322647094726562,1.890954
[08:25]   [ComfyUI]   Node 37: GeomPackRemesh
[08:25]   [ComfyUI]     Inputs: {"backend": "quadriflow", "backend.target_face_count": 5000, "backend.preserve_sharp": "false", "backend.preserve_boundary": "true", "report_panel": "false", "trimesh": ["1", 0]}
[08:25]   [ComfyUI]   Node 39: GeomPackRemesh
[08:25]   [ComfyUI]     Inputs: {"backend": "instant_meshes", "backend.target_vertex_count": 5000, "backend.deterministic": "true", "backend.crease_angle": 0, "report_panel": "false", "trimesh": ["1", 0]}
[08:25]   [ComfyUI]   Node 42: GeomPackRemesh
[08:25]   [ComfyUI]     Inputs: {"backend": "geogram_anisotropic", "backend.nb_points_aniso": 5000, "backend.anisotropy": 0.04, "report_panel": "false", "trimesh": ["1", 0]}
[08:25]   [ComfyUI]   Node 43: GeomPackRemesh
[08:25]   [ComfyUI]     Inputs: {"backend": "pmp_uniform", "backend.pmp_edge_length": 1, "backend.pmp_iterations": 1, "backend.pmp_use_projection": "true", "report_panel": "false", "trimesh": ["1", 0]}
[08:25]   [ComfyUI]   Node 44: GeomPackRemesh
[08:25]   [ComfyUI]     Inputs: {"backend": "mmg_adaptive", "backend.hausd": 0.1, "backend.hmin": 0, "backend.hmax": 0, "backend.hgrad": 1.3, "report_panel": "false", "trimesh": ["1", 0]}
[08:25]   [ComfyUI]   Node 45: GeomPackRemesh
[08:25]   [ComfyUI]     Inputs: {"backend": "geogram_smooth", "backend.nb_points": 5000, "backend.nb_lloyd_iter": 5, "backend.nb_newton_iter": 30, "backend.newton_m": 7, "report_panel": "false", "trimesh": ["1", 0]}
[08:25]   [ComfyUI]   Node 46: GeomPackPreviewMeshMulti
[08:25]   [ComfyUI]     Inputs: {"mode": "fields", "preview_multi": "{\"show_edges\":true,\"camera_state\":\"{\\\"position\\\":[-104.63702891921307,87.70613647084431,93.26266831581498],\\\"focalPoint\\\":[30.322647094726562,1.890954
[08:25]   [ComfyUI]   Node 47: GeomPackRemesh
[08:25]   [ComfyUI]     Inputs: {"backend": "cgal_isotropic", "backend.cgal_edge_length": 1, "backend.cgal_iterations": 3, "backend.protect_boundaries": "true", "report_panel": "false", "trimesh": ["1", 0]}
[08:25]   [ComfyUI]   Node 48: GeomPackRemesh
[08:25]   [ComfyUI]     Inputs: {"backend": "blender_voxel", "backend.voxel_size": 1, "report_panel": "false", "trimesh": ["1", 0]}
[08:25]   [ComfyUI]   Node 49: GeomPackRemesh
[08:25]   [ComfyUI]     Inputs: {"backend": "quadwild", "backend.qw_sharp_angle": 35, "backend.qw_alpha": 0.02, "backend.qw_scale_factor": 1, "backend.qw_remesh": "true", "backend.qw_smooth": "true", "report_panel": "false", "trimes
[08:25]   [ComfyUI]   Node 50: GeomPackRemesh
[08:25]   [ComfyUI]     Inputs: {"backend": "pmp_adaptive", "backend.pmp_min_edge": 0.2, "backend.pmp_max_edge": 3, "backend.pmp_approx_error": 1, "backend.pmp_adaptive_iterations": 1, "backend.pmp_adaptive_projection": "false", "re
[08:25]   [ComfyUI]   Node 51: GeomPackRemesh
[08:25]   [ComfyUI]     Inputs: {"backend": "blender_sharp", "backend.octree_depth": 6, "backend.scale": 0.9, "backend.sharpness": 0.4, "report_panel": "false", "trimesh": ["1", 0]}
[08:25]   [ComfyUI]   Node 52: GeomPackRemesh
[08:25]   [ComfyUI]     Inputs: {"backend": "gpu_cumesh", "backend.gpu_target_face_count": 500000, "backend.remesh_band": 1, "report_panel": "false", "trimesh": ["1", 0]}
[08:25]   [ComfyUI]   Node 53: GeomPackRemesh
[08:25]   [ComfyUI]     Inputs: {"backend": "blender_blocks", "backend.octree_depth": 6, "backend.scale": 0.9, "report_panel": "true", "trimesh": ["1", 0]}
[08:25]   [ComfyUI]   Node 55: GeomPackPreviewMeshMulti
[08:25]   [ComfyUI]     Inputs: {"mode": "fields", "preview_multi": "{\"show_edges\":true,\"camera_state\":\"{\\\"position\\\":[-104.63702891921307,87.70613647084431,93.26266831581498],\\\"focalPoint\\\":[30.322647094726562,1.890954
[08:25]   [ComfyUI] Generated prompt_id: 9e912d3b-fe66-4655-bd4f-3f9f7491f9b1
[08:25]   [ComfyUI] Calling execution.validate_prompt()...
[08:25]   [ComfyUI] Validation result: valid=True
[08:25]   [ComfyUI] === Validation PASSED ===
[08:25]   [ComfyUI] got prompt
[08:25]   [ComfyUI] [comfy-env] Running GeomPackLoadMesh: file_path: '3d/Stanford_Bunny.stl'
[08:25]   [ComfyUI] [VRAM] Before GeomPackLoadMesh: 1042 / 12287 MB
[08:25]   [ComfyUI] [SubprocessWorker] call_method: nodes.main.io.load_mesh.LoadMesh.EXECUTE_NORMALIZED
[08:25]   [ComfyUI] [SubprocessWorker] acquired lock, ensuring started...
[08:25]   [ComfyUI] [ComfyUI-GeometryPack] Health check: ping (timeout=5.0s)...
[08:25]   [ComfyUI] [ComfyUI-GeometryPack] Health check: ok
[08:25]   [ComfyUI] [SubprocessWorker] worker started/confirmed
[08:25]   [ComfyUI] [SubprocessWorker] serializing kwargs to shm...
[08:25]   [ComfyUI] [SubprocessWorker] created 0 shm blocks
[08:25]   [ComfyUI] [SubprocessWorker] sending request via socket...
[08:25]   [ComfyUI] [SubprocessWorker] call_id=13 sending call_method
[08:25]   [ComfyUI] [worker:ComfyUI-GeometryPack] INFO: Found mesh in input folder: 3d/Stanford_Bunny.stl
[08:25]   [ComfyUI] [worker:ComfyUI-GeometryPack] INFO: Loading: C:\workspaces\GeometryPack-0746\ComfyUI\input\3d/Stanford_Bunny.stl
[08:25]   [ComfyUI] [worker:ComfyUI-GeometryPack] INFO: Initial mesh: 56203 vertices, 112402 faces
[08:25]   [ComfyUI] [worker:ComfyUI-GeometryPack] INFO: Successfully loaded: 56203 vertices, 112402 faces
[08:25]   [ComfyUI] [worker:ComfyUI-GeometryPack] INFO: Loaded: 56203 vertices, 112402 faces
[08:25]   [ComfyUI] [SubprocessWorker] got response: ok
[08:25]   [ComfyUI] [comfy-env] GeomPackLoadMesh done (0.44s): result: NodeOutput
[08:25]   [ComfyUI] [VRAM] After GeomPackLoadMesh: 1042 / 12287 MB
[08:25]   [ComfyUI] [comfy-env] Running GeomPackRemesh: backend: dict, trimesh: Trimesh
[08:25]   [ComfyUI] [VRAM] Before GeomPackRemesh: 1042 / 12287 MB
[08:25]   [ComfyUI] [SubprocessWorker] call_method: nodes.main.remeshing.remesh.RemeshNode.EXECUTE_NORMALIZED
[08:25]   [ComfyUI] [SubprocessWorker] acquired lock, ensuring started...
[08:25]   [ComfyUI] [ComfyUI-GeometryPack] Health check: ping (timeout=5.0s)...
[08:25]   [ComfyUI] [ComfyUI-GeometryPack] Health check: ok
[08:25]   [ComfyUI] [SubprocessWorker] worker started/confirmed
[08:25]   [ComfyUI] [SubprocessWorker] serializing kwargs to shm...
[08:25]   [ComfyUI] [SubprocessWorker] created 1 shm blocks
[08:25]   [ComfyUI] [SubprocessWorker] sending request via socket...
[08:25]   [ComfyUI] [SubprocessWorker] call_id=14 sending call_method
[08:25]   [ComfyUI] [worker:ComfyUI-GeometryPack] INFO: Remesh dispatch: geogram_anisotropic -> GeomPackRemesh_GeogramAniso
[08:25]   [ComfyUI] [SubprocessWorker] got response: ok
[08:25]   [ComfyUI] [comfy-env] GeomPackRemesh done (0.13s): result: NodeOutput
[08:25]   [ComfyUI] [VRAM] After GeomPackRemesh: 1042 / 12287 MB
[08:25]   [ComfyUI] [comfy-env] Running GeomPackRemesh: backend: dict, trimesh: Trimesh
[08:25]   [ComfyUI] [VRAM] Before GeomPackRemesh: 1042 / 12287 MB
[08:25]   [ComfyUI] [SubprocessWorker] call_method: nodes.main.remeshing.remesh.RemeshNode.EXECUTE_NORMALIZED
[08:25]   [ComfyUI] [SubprocessWorker] acquired lock, ensuring started...
[08:25]   [ComfyUI] [ComfyUI-GeometryPack] Health check: ping (timeout=5.0s)...
[08:25]   [ComfyUI] [ComfyUI-GeometryPack] Health check: ok
[08:25]   [ComfyUI] [SubprocessWorker] worker started/confirmed
[08:25]   [ComfyUI] [SubprocessWorker] serializing kwargs to shm...
[08:25]   [ComfyUI] [SubprocessWorker] created 1 shm blocks
[08:25]   [ComfyUI] [SubprocessWorker] sending request via socket...
[08:25]   [ComfyUI] [SubprocessWorker] call_id=15 sending call_method
[08:25]   [ComfyUI] [worker:ComfyUI-GeometryPack] INFO: Remesh dispatch: instant_meshes -> GeomPackRemesh_InstantMeshes
[08:25]   [ComfyUI] [SubprocessWorker] got response: ok
[08:25]   [ComfyUI] [comfy-env] GeomPackRemesh done (0.11s): result: NodeOutput
[08:25]   [ComfyUI] [VRAM] After GeomPackRemesh: 1042 / 12287 MB
[08:25]   [ComfyUI] [comfy-env] Running GeomPackRemesh: backend: dict, trimesh: Trimesh
[08:25]   [ComfyUI] [VRAM] Before GeomPackRemesh: 1042 / 12287 MB
[08:25]   [ComfyUI] [SubprocessWorker] call_method: nodes.main.remeshing.remesh.RemeshNode.EXECUTE_NORMALIZED
[08:25]   [ComfyUI] [SubprocessWorker] acquired lock, ensuring started...
[08:25]   [ComfyUI] [ComfyUI-GeometryPack] Health check: ping (timeout=5.0s)...
[08:25]   [ComfyUI] [ComfyUI-GeometryPack] Health check: ok
[08:25]   [ComfyUI] [SubprocessWorker] worker started/confirmed
[08:25]   [ComfyUI] [SubprocessWorker] serializing kwargs to shm...
[08:25]   [ComfyUI] [SubprocessWorker] created 1 shm blocks
[08:25]   [ComfyUI] [SubprocessWorker] sending request via socket...
[08:25]   [ComfyUI] [SubprocessWorker] call_id=16 sending call_method
[08:25]   [ComfyUI] [worker:ComfyUI-GeometryPack] INFO: Remesh dispatch: geogram_smooth -> GeomPackRemesh_GeogramSmooth
[08:25]   [ComfyUI] [SubprocessWorker] got response: ok
[08:25]   [ComfyUI] [comfy-env] GeomPackRemesh done (0.10s): result: NodeOutput
[08:25]   [ComfyUI] [VRAM] After GeomPackRemesh: 1042 / 12287 MB
[08:25]   [ComfyUI] [comfy-env] Running GeomPackRemesh: backend: dict, trimesh: Trimesh
[08:25]   [ComfyUI] [VRAM] Before GeomPackRemesh: 1042 / 12287 MB
[08:25]   [ComfyUI] [SubprocessWorker] call_method: nodes.main.remeshing.remesh.RemeshNode.EXECUTE_NORMALIZED
[08:25]   [ComfyUI] [SubprocessWorker] acquired lock, ensuring started...
[08:25]   [ComfyUI] [ComfyUI-GeometryPack] Health check: ping (timeout=5.0s)...
[08:25]   [ComfyUI] [ComfyUI-GeometryPack] Health check: ok
[08:26]   [ComfyUI] [SubprocessWorker] worker started/confirmed
[08:26]   [ComfyUI] [SubprocessWorker] serializing kwargs to shm...
[08:26]   [ComfyUI] [SubprocessWorker] created 1 shm blocks
[08:26]   [ComfyUI] [SubprocessWorker] sending request via socket...
[08:26]   [ComfyUI] [SubprocessWorker] call_id=17 sending call_method
[08:26]   [ComfyUI] [worker:ComfyUI-GeometryPack] INFO: Remesh dispatch: gpu_cumesh -> GeomPackRemesh_GPU
[08:26]   [ComfyUI] [SubprocessWorker] got response: ok
[08:26]   [ComfyUI] [comfy-env] GeomPackRemesh done (0.10s): result: NodeOutput
[08:26]   [ComfyUI] [VRAM] After GeomPackRemesh: 1042 / 12287 MB
[08:26]   [ComfyUI] [comfy-env] Running GeomPackRemesh: backend: dict, trimesh: Trimesh
[08:26]   [ComfyUI] [VRAM] Before GeomPackRemesh: 1042 / 12287 MB
[08:26]   [ComfyUI] [SubprocessWorker] call_method: nodes.main.remeshing.remesh.RemeshNode.EXECUTE_NORMALIZED
[08:26]   [ComfyUI] [SubprocessWorker] acquired lock, ensuring started...
[08:26]   [ComfyUI] [ComfyUI-GeometryPack] Health check: ping (timeout=5.0s)...
[08:26]   [ComfyUI] [ComfyUI-GeometryPack] Health check: ok
[08:26]   [ComfyUI] [SubprocessWorker] worker started/confirmed
[08:26]   [ComfyUI] [SubprocessWorker] serializing kwargs to shm...
[08:26]   [ComfyUI] [SubprocessWorker] created 1 shm blocks
[08:26]   [ComfyUI] [SubprocessWorker] sending request via socket...
[08:26]   [ComfyUI] [SubprocessWorker] call_id=18 sending call_method
[08:26]   [ComfyUI] [worker:ComfyUI-GeometryPack] INFO: Remesh dispatch: pmp_uniform -> GeomPackRemesh_PMPUniform
[08:26]   [ComfyUI] [SubprocessWorker] got response: ok
[08:26]   [ComfyUI] [comfy-env] GeomPackRemesh done (0.10s): result: NodeOutput
[08:26]   [ComfyUI] [VRAM] After GeomPackRemesh: 1042 / 12287 MB
[08:26]   [ComfyUI] [comfy-env] Running GeomPackRemesh: backend: dict, trimesh: Trimesh
[08:26]   [ComfyUI] [VRAM] Before GeomPackRemesh: 1042 / 12287 MB
[08:26]   [ComfyUI] [SubprocessWorker] call_method: nodes.main.remeshing.remesh.RemeshNode.EXECUTE_NORMALIZED
[08:26]   [ComfyUI] [SubprocessWorker] acquired lock, ensuring started...
[08:26]   [ComfyUI] [ComfyUI-GeometryPack] Health check: ping (timeout=5.0s)...
[08:26]   [ComfyUI] [ComfyUI-GeometryPack] Health check: ok
[08:26]   [ComfyUI] [SubprocessWorker] worker started/confirmed
[08:26]   [ComfyUI] [SubprocessWorker] serializing kwargs to shm...
[08:26]   [ComfyUI] [SubprocessWorker] created 1 shm blocks
[08:26]   [ComfyUI] [SubprocessWorker] sending request via socket...
[08:26]   [ComfyUI] [SubprocessWorker] call_id=19 sending call_method
[08:26]   [ComfyUI] [worker:ComfyUI-GeometryPack] INFO: Remesh dispatch: mmg_adaptive -> GeomPackRemesh_MMG
[08:26]   [ComfyUI] [SubprocessWorker] got response: ok
[08:26]   [ComfyUI] [comfy-env] GeomPackRemesh done (0.10s): result: NodeOutput
[08:26]   [ComfyUI] [VRAM] After GeomPackRemesh: 1042 / 12287 MB
[08:26]   [ComfyUI] [comfy-env] Running GeomPackRemesh: backend: dict, trimesh: Trimesh
[08:26]   [ComfyUI] [VRAM] Before GeomPackRemesh: 1042 / 12287 MB
[08:26]   [ComfyUI] [SubprocessWorker] call_method: nodes.main.remeshing.remesh.RemeshNode.EXECUTE_NORMALIZED
[08:26]   [ComfyUI] [SubprocessWorker] acquired lock, ensuring started...
[08:26]   [ComfyUI] [ComfyUI-GeometryPack] Health check: ping (timeout=5.0s)...
[08:26]   [ComfyUI] [ComfyUI-GeometryPack] Health check: ok
[08:26]   [ComfyUI] [SubprocessWorker] worker started/confirmed
[08:26]   [ComfyUI] [SubprocessWorker] serializing kwargs to shm...
[08:26]   [ComfyUI] [SubprocessWorker] created 1 shm blocks
[08:26]   [ComfyUI] [SubprocessWorker] sending request via socket...
[08:26]   [ComfyUI] [SubprocessWorker] call_id=20 sending call_method
[08:26]   [ComfyUI] [worker:ComfyUI-GeometryPack] INFO: Remesh dispatch: pymeshlab_isotropic -> GeomPackRemesh_PyMeshLab
[08:26]   [ComfyUI] [SubprocessWorker] got response: ok
[08:26]   [ComfyUI] [comfy-env] GeomPackRemesh done (0.11s): result: NodeOutput
[08:26]   [ComfyUI] [VRAM] After GeomPackRemesh: 1042 / 12287 MB
[08:26]   [ComfyUI] [comfy-env] Running GeomPackRemesh: backend: dict, trimesh: Trimesh
[08:26]   [ComfyUI] [VRAM] Before GeomPackRemesh: 1042 / 12287 MB
[08:26]   [ComfyUI] [SubprocessWorker] call_method: nodes.main.remeshing.remesh.RemeshNode.EXECUTE_NORMALIZED
[08:26]   [ComfyUI] [SubprocessWorker] acquired lock, ensuring started...
[08:26]   [ComfyUI] [ComfyUI-GeometryPack] Health check: ping (timeout=5.0s)...
[08:26]   [ComfyUI] [ComfyUI-GeometryPack] Health check: ok
[08:26]   [ComfyUI] [SubprocessWorker] worker started/confirmed
[08:26]   [ComfyUI] [SubprocessWorker] serializing kwargs to shm...
[08:26]   [ComfyUI] [SubprocessWorker] created 1 shm blocks
[08:26]   [ComfyUI] [SubprocessWorker] sending request via socket...
[08:26]   [ComfyUI] [SubprocessWorker] call_id=21 sending call_method
[08:26]   [ComfyUI] [worker:ComfyUI-GeometryPack] INFO: Remesh dispatch: blender_blocks -> GeomPackRemesh_BlenderBlocks
[08:26]   [ComfyUI] [SubprocessWorker] got response: ok
[08:26]   [ComfyUI] [comfy-env] GeomPackRemesh done (0.11s): result: NodeOutput
[08:26]   [ComfyUI] [VRAM] After GeomPackRemesh: 1042 / 12287 MB
[08:26]   [ComfyUI] [comfy-env] Running GeomPackRemesh: backend: dict, trimesh: Trimesh
[08:26]   [ComfyUI] [VRAM] Before GeomPackRemesh: 1042 / 12287 MB
[08:26]   [ComfyUI] [SubprocessWorker] call_method: nodes.main.remeshing.remesh.RemeshNode.EXECUTE_NORMALIZED
[08:26]   [ComfyUI] [SubprocessWorker] acquired lock, ensuring started...
[08:26]   [ComfyUI] [ComfyUI-GeometryPack] Health check: ping (timeout=5.0s)...
[08:26]   [ComfyUI] [ComfyUI-GeometryPack] Health check: ok
[08:26]   [ComfyUI] [SubprocessWorker] worker started/confirmed
[08:26]   [ComfyUI] [SubprocessWorker] serializing kwargs to shm...
[08:26]   [ComfyUI] [SubprocessWorker] created 1 shm blocks
[08:26]   [ComfyUI] [SubprocessWorker] sending request via socket...
[08:26]   [ComfyUI] [SubprocessWorker] call_id=22 sending call_method
[08:26]   [ComfyUI] [worker:ComfyUI-GeometryPack] INFO: Remesh dispatch: cgal_isotropic -> GeomPackRemesh_CGAL
[08:26]   [ComfyUI] [SubprocessWorker] got response: ok
[08:26]   [ComfyUI] [comfy-env] GeomPackRemesh done (0.10s): result: NodeOutput
[08:26]   [ComfyUI] [VRAM] After GeomPackRemesh: 1042 / 12287 MB
[08:26]   [ComfyUI] [comfy-env] Running GeomPackRemesh: backend: dict, trimesh: Trimesh
[08:26]   [ComfyUI] [VRAM] Before GeomPackRemesh: 1042 / 12287 MB
[08:26]   [ComfyUI] [SubprocessWorker] call_method: nodes.main.remeshing.remesh.RemeshNode.EXECUTE_NORMALIZED
[08:26]   [ComfyUI] [SubprocessWorker] acquired lock, ensuring started...
[08:26]   [ComfyUI] [ComfyUI-GeometryPack] Health check: ping (timeout=5.0s)...
[08:26]   [ComfyUI] [ComfyUI-GeometryPack] Health check: ok
[08:26]   [ComfyUI] [SubprocessWorker] worker started/confirmed
[08:26]   [ComfyUI] [SubprocessWorker] serializing kwargs to shm...
[08:26]   [ComfyUI] [SubprocessWorker] created 1 shm blocks
[08:26]   [ComfyUI] [SubprocessWorker] sending request via socket...
[08:26]   [ComfyUI] [SubprocessWorker] call_id=23 sending call_method
[08:26]   [ComfyUI] [worker:ComfyUI-GeometryPack] INFO: Remesh dispatch: blender_sharp -> GeomPackRemesh_BlenderSharp
[08:26]   [ComfyUI] [SubprocessWorker] got response: ok
[08:26]   [ComfyUI] [comfy-env] GeomPackRemesh done (0.11s): result: NodeOutput
[08:26]   [ComfyUI] [VRAM] After GeomPackRemesh: 1042 / 12287 MB
[08:26]   [ComfyUI] [comfy-env] Running GeomPackRemesh: backend: dict, trimesh: Trimesh
[08:26]   [ComfyUI] [VRAM] Before GeomPackRemesh: 1042 / 12287 MB
[08:26]   [ComfyUI] [SubprocessWorker] call_method: nodes.main.remeshing.remesh.RemeshNode.EXECUTE_NORMALIZED
[08:26]   [ComfyUI] [SubprocessWorker] acquired lock, ensuring started...
[08:26]   [ComfyUI] [ComfyUI-GeometryPack] Health check: ping (timeout=5.0s)...
[08:26]   [ComfyUI] [ComfyUI-GeometryPack] Health check: ok
[08:26]   [ComfyUI] [SubprocessWorker] worker started/confirmed
[08:26]   [ComfyUI] [SubprocessWorker] serializing kwargs to shm...
[08:26]   [ComfyUI] [SubprocessWorker] created 1 shm blocks
[08:26]   [ComfyUI] [SubprocessWorker] sending request via socket...
[08:26]   [ComfyUI] [SubprocessWorker] call_id=24 sending call_method
[08:26]   [ComfyUI] [worker:ComfyUI-GeometryPack] INFO: Remesh dispatch: quadwild -> GeomPackRemesh_QuadWild
[08:26]   [ComfyUI] [SubprocessWorker] got response: ok
[08:26]   [ComfyUI] [comfy-env] GeomPackRemesh done (0.11s): result: NodeOutput
[08:26]   [ComfyUI] [VRAM] After GeomPackRemesh: 1042 / 12287 MB
[08:26]   [ComfyUI] [comfy-env] Running GeomPackRemesh: backend: dict, trimesh: Trimesh
[08:26]   [ComfyUI] [VRAM] Before GeomPackRemesh: 1042 / 12287 MB
[08:26]   [ComfyUI] [SubprocessWorker] call_method: nodes.main.remeshing.remesh.RemeshNode.EXECUTE_NORMALIZED
[08:26]   [ComfyUI] [SubprocessWorker] acquired lock, ensuring started...
[08:26]   [ComfyUI] [ComfyUI-GeometryPack] Health check: ping (timeout=5.0s)...
[08:26]   [ComfyUI] [ComfyUI-GeometryPack] Health check: ok
[08:26]   [ComfyUI] [SubprocessWorker] worker started/confirmed
[08:26]   [ComfyUI] [SubprocessWorker] serializing kwargs to shm...
[08:26]   [ComfyUI] [SubprocessWorker] created 1 shm blocks
[08:26]   [ComfyUI] [SubprocessWorker] sending request via socket...
[08:26]   [ComfyUI] [SubprocessWorker] call_id=25 sending call_method
[08:26]   [ComfyUI] [worker:ComfyUI-GeometryPack] INFO: Remesh dispatch: quadriflow -> GeomPackRemesh_QuadriFlow
[08:26]   [ComfyUI] [SubprocessWorker] got response: ok
[08:26]   [ComfyUI] [comfy-env] GeomPackRemesh done (0.12s): result: NodeOutput
[08:26]   [ComfyUI] [VRAM] After GeomPackRemesh: 1042 / 12287 MB
[08:26]   [ComfyUI] [comfy-env] Running GeomPackRemesh: backend: dict, trimesh: Trimesh
[08:26]   [ComfyUI] [VRAM] Before GeomPackRemesh: 1042 / 12287 MB
[08:26]   [ComfyUI] [SubprocessWorker] call_method: nodes.main.remeshing.remesh.RemeshNode.EXECUTE_NORMALIZED
[08:26]   [ComfyUI] [SubprocessWorker] acquired lock, ensuring started...
[08:26]   [ComfyUI] [ComfyUI-GeometryPack] Health check: ping (timeout=5.0s)...
[08:26]   [ComfyUI] [ComfyUI-GeometryPack] Health check: ok
[08:26]   [ComfyUI] [SubprocessWorker] worker started/confirmed
[08:26]   [ComfyUI] [SubprocessWorker] serializing kwargs to shm...
[08:26]   [ComfyUI] [SubprocessWorker] created 1 shm blocks
[08:27]   [ComfyUI] [SubprocessWorker] sending request via socket...
[08:27]   [ComfyUI] [SubprocessWorker] call_id=26 sending call_method
[08:27]   [ComfyUI] [worker:ComfyUI-GeometryPack] INFO: Remesh dispatch: blender_voxel -> GeomPackRemesh_BlenderVoxel
[08:27]   [ComfyUI] [SubprocessWorker] got response: ok
[08:27]   [ComfyUI] [comfy-env] GeomPackRemesh done (0.10s): result: NodeOutput
[08:27]   [ComfyUI] [VRAM] After GeomPackRemesh: 1042 / 12287 MB
[08:27]   [ComfyUI] [comfy-env] Running GeomPackRemesh: backend: dict, trimesh: Trimesh
[08:27]   [ComfyUI] [VRAM] Before GeomPackRemesh: 1042 / 12287 MB
[08:27]   [ComfyUI] [SubprocessWorker] call_method: nodes.main.remeshing.remesh.RemeshNode.EXECUTE_NORMALIZED
[08:27]   [ComfyUI] [SubprocessWorker] acquired lock, ensuring started...
[08:27]   [ComfyUI] [ComfyUI-GeometryPack] Health check: ping (timeout=5.0s)...
[08:27]   [ComfyUI] [ComfyUI-GeometryPack] Health check: ok
[08:27]   [ComfyUI] [SubprocessWorker] worker started/confirmed
[08:27]   [ComfyUI] [SubprocessWorker] serializing kwargs to shm...
[08:27]   [ComfyUI] [SubprocessWorker] created 1 shm blocks
[08:27]   [ComfyUI] [SubprocessWorker] sending request via socket...
[08:27]   [ComfyUI] [SubprocessWorker] call_id=27 sending call_method
[08:27]   [ComfyUI] [worker:ComfyUI-GeometryPack] INFO: Remesh dispatch: pmp_adaptive -> GeomPackRemesh_PMPAdaptive
[08:27]   [ComfyUI] [SubprocessWorker] got response: ok
[08:27]   [ComfyUI] [comfy-env] GeomPackRemesh done (0.09s): result: NodeOutput
[08:27]   [ComfyUI] [VRAM] After GeomPackRemesh: 1042 / 12287 MB
[08:27]   [ComfyUI] [comfy-env] Running GeomPackRemesh_GeogramAniso: trimesh: Trimesh, nb_points_aniso: 5000, anisotropy: 0.04
[08:27]   [ComfyUI] [VRAM] Before GeomPackRemesh_GeogramAniso: 1042 / 12287 MB
[08:27]   [ComfyUI] [SubprocessWorker] call_method: nodes.main.remeshing.backends.geogram_aniso.RemeshGeogramAnisoNode.EXECUTE_NORMALIZED
[08:27]   [ComfyUI] [SubprocessWorker] acquired lock, ensuring started...
[08:27]   [ComfyUI] [ComfyUI-GeometryPack] Health check: ping (timeout=5.0s)...
[08:27]   [ComfyUI] [ComfyUI-GeometryPack] Health check: ok
[08:27]   [ComfyUI] [SubprocessWorker] worker started/confirmed
[08:27]   [ComfyUI] [SubprocessWorker] serializing kwargs to shm...
[08:27]   [ComfyUI] [SubprocessWorker] created 1 shm blocks
[08:27]   [ComfyUI] [SubprocessWorker] sending request via socket...
[08:27]   [ComfyUI] [SubprocessWorker] call_id=28 sending call_method
[08:27]   [ComfyUI] [worker:ComfyUI-GeometryPack] INFO: Backend: geogram_anisotropic
[08:27]   [ComfyUI] [worker:ComfyUI-GeometryPack] INFO: Input: 56203 vertices, 112402 faces
[08:27]   [ComfyUI] [worker:ComfyUI-GeometryPack] INFO: Parameters: nb_points=5,000, anisotropy=0.04
[08:27]   Frame 2 saved (frame_001.jpg, t=2.5s)
[08:27]   [capture-periodic] freeze=3ms shot=143ms unfreeze=4ms saved=True
[08:28]   [ComfyUI] [worker:ComfyUI-GeometryPack] INFO: Output: 4999 vertices, 9994 faces
[08:28]   [ComfyUI] [SubprocessWorker] got response: ok
[08:28]   [ComfyUI] [comfy-env] GeomPackRemesh_GeogramAniso done (1.11s): result: NodeOutput
[08:28]   [ComfyUI] [VRAM] After GeomPackRemesh_GeogramAniso: 1042 / 12287 MB
[08:28]   [ComfyUI] [comfy-env] Running GeomPackRemesh_InstantMeshes: trimesh: Trimesh, target_vertex_count: 5000, deterministic: 'true', crease_angle: 0.0
[08:28]   [ComfyUI] [VRAM] Before GeomPackRemesh_InstantMeshes: 1042 / 12287 MB
[08:28]   [ComfyUI] [SubprocessWorker] call_method: nodes.main.remeshing.backends.instant_meshes.RemeshInstantMeshesNode.EXECUTE_NORMALIZED
[08:28]   [ComfyUI] [SubprocessWorker] acquired lock, ensuring started...
[08:28]   [ComfyUI] [ComfyUI-GeometryPack] Health check: ping (timeout=5.0s)...
[08:28]   [ComfyUI] [ComfyUI-GeometryPack] Health check: ok
[08:28]   [ComfyUI] [SubprocessWorker] worker started/confirmed
[08:28]   [ComfyUI] [SubprocessWorker] serializing kwargs to shm...
[08:28]   [ComfyUI] [SubprocessWorker] created 1 shm blocks
[08:28]   [ComfyUI] [SubprocessWorker] sending request via socket...
[08:28]   Node executed (1 total), capturing...
[08:28]   [ComfyUI] [SubprocessWorker] call_id=29 sending call_method
[08:28]   [ComfyUI] [worker:ComfyUI-GeometryPack] INFO: Backend: instant_meshes
[08:28]   [ComfyUI] [worker:ComfyUI-GeometryPack] INFO: Input: 56203 vertices, 112402 faces
[08:28]   [ComfyUI] [worker:ComfyUI-GeometryPack] INFO: Parameters: target_vertex_count=5,000, deterministic=true, crease_angle=0.0
[08:28]   Frame 3 saved (frame_002.jpg, t=3.5s)
[08:28]   [capture-node] freeze=6ms shot=170ms unfreeze=4ms saved=True
[08:29]   [ComfyUI] [worker:ComfyUI-GeometryPack] INFO: Output: 19955 vertices, 39894 faces
[08:29]   [ComfyUI] [SubprocessWorker] got response: ok
[08:29]   [ComfyUI] [comfy-env] GeomPackRemesh_InstantMeshes done (1.24s): result: NodeOutput
[08:29]   [ComfyUI] [VRAM] After GeomPackRemesh_InstantMeshes: 1042 / 12287 MB
[08:29]   [ComfyUI] [comfy-env] Running GeomPackRemesh_GeogramSmooth: trimesh: Trimesh, nb_points: 5000, nb_lloyd_iter: 5, nb_newton_iter: 30, newton_m: 7
[08:29]   [ComfyUI] [VRAM] Before GeomPackRemesh_GeogramSmooth: 1042 / 12287 MB
[08:29]   [ComfyUI] [SubprocessWorker] call_method: nodes.main.remeshing.backends.geogram_smooth.RemeshGeogramSmoothNode.EXECUTE_NORMALIZED
[08:29]   [ComfyUI] [SubprocessWorker] acquired lock, ensuring started...
[08:29]   [ComfyUI] [ComfyUI-GeometryPack] Health check: ping (timeout=5.0s)...
[08:29]   [ComfyUI] [ComfyUI-GeometryPack] Health check: ok
[08:29]   [ComfyUI] [SubprocessWorker] worker started/confirmed
[08:29]   [ComfyUI] [SubprocessWorker] serializing kwargs to shm...
[08:29]   [ComfyUI] [SubprocessWorker] created 1 shm blocks
[08:29]   [ComfyUI] [SubprocessWorker] sending request via socket...
[08:29]   [ComfyUI] [SubprocessWorker] call_id=30 sending call_method
[08:29]   [ComfyUI] [worker:ComfyUI-GeometryPack] INFO: Backend: geogram_smooth
[08:29]   [ComfyUI] [worker:ComfyUI-GeometryPack] INFO: Input: 56203 vertices, 112402 faces
[08:29]   Node executed (2 total), capturing...
[08:29]   [ComfyUI] [worker:ComfyUI-GeometryPack] INFO: Parameters: nb_points=5,000, nb_lloyd_iter=5, nb_newton_iter=30, newton_m=7
[08:29]   Frame 4 saved (frame_003.jpg, t=4.8s)
[08:29]   [capture-node] freeze=4ms shot=162ms unfreeze=4ms saved=True
[08:30]   [ComfyUI] [worker:ComfyUI-GeometryPack] INFO: Output: 5000 vertices, 9996 faces
[08:30]   [ComfyUI] [SubprocessWorker] got response: ok
[08:30]   [ComfyUI] [comfy-env] GeomPackRemesh_GeogramSmooth done (0.81s): result: NodeOutput
[08:30]   [ComfyUI] [VRAM] After GeomPackRemesh_GeogramSmooth: 1042 / 12287 MB
[08:30]   [ComfyUI] [comfy-env] Running GeomPackRemesh_GPU: trimesh: Trimesh, target_face_count: 500000, remesh_band: 1.0
[08:30]   [ComfyUI] [VRAM] Before GeomPackRemesh_GPU: 1042 / 12287 MB
[08:30]   [ComfyUI] [SubprocessWorker] call_method: nodes.gpu.remeshing_gpu.remesh.RemeshGPUNode.EXECUTE_NORMALIZED
[08:30]   [ComfyUI] [SubprocessWorker] acquired lock, ensuring started...
[08:30]   [ComfyUI] [ComfyUI-GeometryPack] Health check: ping (timeout=5.0s)...
[08:30]   [ComfyUI] [ComfyUI-GeometryPack] Health check: ok
[08:30]   [ComfyUI] [SubprocessWorker] worker started/confirmed
[08:30]   [ComfyUI] [SubprocessWorker] serializing kwargs to shm...
[08:30]   [ComfyUI] [SubprocessWorker] created 1 shm blocks
[08:30]   [ComfyUI] [SubprocessWorker] sending request via socket...
[08:30]   [ComfyUI] [SubprocessWorker] call_id=2 sending call_method
[08:30]   Node executed (3 total), capturing...
[08:30]   [ComfyUI] 
[08:30]   [ComfyUI] Building Sparse Grid:   0%|          | 0/5 [00:00<?, ?it/s]
[08:30]   Frame 5 saved (frame_004.jpg, t=5.6s)
[08:30]   [capture-node] freeze=4ms shot=144ms unfreeze=6ms saved=True
[08:31]   [ComfyUI] Building Sparse Grid:  20%|██        | 1/5 [00:00<00:00,  7.78it/s]
[08:31]   [ComfyUI] Building Sparse Grid: 100%|██████████| 5/5 [00:00<00:00, 12.96it/s]
[08:31]   [ComfyUI] Building Sparse Grid: 100%|██████████| 5/5 [00:00<00:00, 12.45it/s]
[08:31]   [ComfyUI] [worker:ComfyUI-GeometryPack] Running Dual Contouring...
[08:31]   [ComfyUI] [worker:ComfyUI-GeometryPack] [VRAM] +1044MB (now 1044MB) reserved=1152MB peak=1044MB
[08:31]   [ComfyUI] C:\workspaces\GeometryPack-0746\ComfyUI\.ce\.pixi\envs\geometrypack-gpu\Lib\site-packages\cumesh\remeshing.py:220: UserWarning: Using torch.cross without specifying the dim arg is deprecated.
[08:31]   [ComfyUI] Please either pass the dim explicitly or simply use torch.linalg.cross.
[08:31]   [ComfyUI] The default value of dim will change to agree with that of linalg.cross in a future release. (Triggered internally at C:\actions-runner\_work\pytorch\pytorch\pytorch\aten\src\ATen\native\Cross.cpp:67.)
[08:31]   [ComfyUI]   normals0 = torch.cross(mesh_vertices[atempt_triangles_0[:, 1]] - mesh_vertices[atempt_triangles_0[:, 0]], mesh_vertices[atempt_triangles_0[:, 2]] - mesh_vertices[atempt_triangles_0[:, 0]])
[08:31]   [ComfyUI] 
[08:31]   [ComfyUI] Simplifying:   0%|          | 0/3292864 [00:00<?, ?it/s]
[08:31]   [ComfyUI] Simplifying [thres=1.00e-08]:   0%|          | 0/3292864 [00:00<?, ?it/s]
[08:31]   [ComfyUI] Simplifying [thres=1.00e-07]:   0%|          | 18/3292864 [00:00<3:26:36, 265.62it/s]
[08:31]   [ComfyUI] Simplifying [thres=1.00e-07]:   0%|          | 200/3292864 [00:00<35:18, 1554.55it/s]
[08:31]   [ComfyUI] Simplifying [thres=1.00e-06]:   0%|          | 200/3292864 [00:00<35:18, 1554.55it/s]
[08:31]   [ComfyUI] Simplifying [thres=1.00e-05]:   0%|          | 1572/3292864 [00:00<35:17, 1554.55it/s]
[08:31]   [ComfyUI] Simplifying [thres=1.00e-05]:   0%|          | 13238/3292864 [00:00<00:50, 65303.10it/s]
[08:31]   [ComfyUI] Simplifying [thres=1.00e-04]:   0%|          | 13238/3292864 [00:00<00:50, 65303.10it/s]
[08:31]   [ComfyUI] Simplifying [thres=1.00e-04]:   2%|▏         | 81732/3292864 [00:00<00:49, 65303.10it/s]
[08:31]   [ComfyUI] Simplifying [thres=1.00e-04]:   4%|▍         | 133006/3292864 [00:00<00:06, 526619.07it/s]
[08:31]   [ComfyUI] Simplifying [thres=1.00e-04]:   4%|▍         | 133006/3292864 [00:00<00:06, 526619.07it/s]
[08:31]   [ComfyUI] Simplifying [thres=1.00e-04]:   5%|▌         | 175314/3292864 [00:00<00:05, 526619.07it/s]
[08:31]   [ComfyUI] Simplifying [thres=1.00e-04]:   6%|▋         | 211292/3292864 [00:00<00:04, 620726.77it/s]
[08:31]   [ComfyUI] Simplifying [thres=1.00e-03]:   6%|▋         | 211292/3292864 [00:00<00:04, 620726.77it/s]
[08:31]   [ComfyUI] Simplifying [thres=1.00e-03]:  14%|█▍        | 472876/3292864 [00:00<00:04, 620726.77it/s]
[08:31]   [ComfyUI] Simplifying [thres=1.00e-03]:  22%|██▏       | 718356/3292864 [00:00<00:01, 2138393.73it/s]
[08:31]   [ComfyUI] Simplifying [thres=1.00e-03]:  22%|██▏       | 718356/3292864 [00:00<00:01, 2138393.73it/s]
[08:31]   [ComfyUI] Simplifying [thres=1.00e-03]:  29%|██▉       | 946794/3292864 [00:00<00:01, 2138393.73it/s]
[08:32]   [ComfyUI] Simplifying [thres=1.00e-03]:  35%|███▌      | 1157402/3292864 [00:00<00:00, 2138393.73it/s]
[08:32]   [ComfyUI] Simplifying [thres=1.00e-03]:  41%|████      | 1352092/3292864 [00:00<00:00, 3240099.48it/s]
[08:32]   [ComfyUI] Simplifying [thres=1.00e-03]:  41%|████      | 1352092/3292864 [00:00<00:00, 3240099.48it/s]
[08:32]   [ComfyUI] Simplifying [thres=1.00e-03]:  47%|████▋     | 1532044/3292864 [00:00<00:00, 3240099.48it/s]
[08:32]   [ComfyUI] Simplifying [thres=1.00e-03]:  52%|█████▏    | 1697800/3292864 [00:00<00:00, 3240099.48it/s]
[08:32]   [ComfyUI] Simplifying [thres=1.00e-03]:  56%|█████▌    | 1851458/3292864 [00:00<00:00, 3240099.48it/s]
[08:32]   [ComfyUI] Simplifying [thres=1.00e-03]:  61%|██████    | 1993922/3292864 [00:00<00:00, 4067632.33it/s]
[08:32]   [ComfyUI] Simplifying [thres=1.00e-03]:  61%|██████    | 1993922/3292864 [00:00<00:00, 4067632.33it/s]
[08:32]   [ComfyUI] Simplifying [thres=1.00e-03]:  65%|██████▍   | 2126006/3292864 [00:00<00:00, 4067632.33it/s]
[08:32]   [ComfyUI] Simplifying [thres=1.00e-03]:  68%|██████▊   | 2248716/3292864 [00:00<00:00, 4067632.33it/s]
[08:32]   [ComfyUI] Simplifying [thres=1.00e-03]:  72%|███████▏  | 2362156/3292864 [00:00<00:00, 4067632.33it/s]
[08:32]   [ComfyUI] Simplifying [thres=1.00e-03]:  75%|███████▍  | 2466782/3292864 [00:00<00:00, 4067632.33it/s][worker:ComfyUI-GeometryPack] [VRAM] -980MB (now 65MB) reserved=96MB peak=1044MB
[08:32]   [ComfyUI] 
[08:32]   [ComfyUI] Simplifying [thres=1.00e-03]:  78%|███████▊  | 2563114/3292864 [00:00<00:00, 4533165.05it/s]
[08:32]   [ComfyUI] Simplifying [thres=1.00e-03]:  78%|███████▊  | 2563114/3292864 [00:00<00:00, 4533165.05it/s]
[08:32]   [capture-loop] iter=50 t=7.3s state={'complete': False, 'error': None, 'executedCount': 3, 'wsState': 1} eval_ms=4 ram=10.3/31.9GB (32%) swap=0.3/12.3GB (2%) cpu=13% browser_rss=0.78GB
[08:32]   [ComfyUI] Simplifying [thres=1.00e-03]:  81%|████████  | 2651162/3292864 [00:00<00:00, 4533165.05it/s]
[08:32]   [ComfyUI] Simplifying [thres=1.00e-03]:  83%|████████▎ | 2730314/3292864 [00:00<00:00, 4533165.05it/s]
[08:32]   [ComfyUI] Simplifying [thres=1.00e-03]:  85%|████████▌ | 2801032/3292864 [00:00<00:00, 4533165.05it/s]
[08:32]   [ComfyUI] Simplifying [thres=1.00e-03]:  87%|████████▋ | 2863620/3292864 [00:00<00:00, 4533165.05it/s]
[08:32]   [ComfyUI] Simplifying [thres=1.00e-03]:  89%|████████▊ | 2917616/3292864 [00:00<00:00, 4533165.05it/s]
[08:32]   [ComfyUI] Simplifying [thres=1.00e-03]:  90%|█████████ | 2963670/3292864 [00:00<00:00, 4533165.05it/s]
[08:32]   [ComfyUI] Simplifying [thres=1.00e-03]:  91%|█████████ | 3003156/3292864 [00:00<00:00, 4533165.05it/s]
[08:32]   [ComfyUI] Simplifying [thres=1.00e-03]:  92%|█████████▏| 3036910/3292864 [00:00<00:00, 4392752.89it/s]
[08:32]   [ComfyUI] Simplifying [thres=1.00e-03]:  92%|█████████▏| 3036910/3292864 [00:00<00:00, 4392752.89it/s]
[08:32]   [ComfyUI] Simplifying [thres=1.00e-03]:  93%|█████████▎| 3065398/3292864 [00:01<00:00, 4392752.89it/s]
[08:32]   [ComfyUI] Simplifying [thres=1.00e-03]:  94%|█████████▍| 3089960/3292864 [00:01<00:00, 4392752.89it/s]
[08:32]   [ComfyUI] Simplifying [thres=1.00e-03]:  94%|█████████▍| 3111228/3292864 [00:01<00:00, 4392752.89it/s]
[08:32]   [ComfyUI] Simplifying [thres=1.00e-03]:  95%|█████████▌| 3129414/3292864 [00:01<00:00, 4392752.89it/s]
[08:32]   [ComfyUI] Simplifying [thres=1.00e-03]:  96%|█████████▌| 3145250/3292864 [00:01<00:00, 4392752.89it/s]
[08:32]   [ComfyUI] Simplifying [thres=1.00e-03]:  96%|█████████▌| 3159222/3292864 [00:01<00:00, 4392752.89it/s]
[08:32]   [ComfyUI] Simplifying [thres=1.00e-03]:  96%|█████████▋| 3171356/3292864 [00:01<00:00, 4392752.89it/s]
[08:32]   [ComfyUI] Simplifying [thres=1.00e-03]:  97%|█████████▋| 3182536/3292864 [00:01<00:00, 4392752.89it/s]
[08:32]   [ComfyUI] Simplifying [thres=1.00e-03]:  97%|█████████▋| 3192226/3292864 [00:01<00:00, 4392752.89it/s]
[08:32]   [ComfyUI] Simplifying [thres=1.00e-03]:  97%|█████████▋| 3201088/3292864 [00:01<00:00, 4392752.89it/s]
[08:32]   [ComfyUI] Simplifying [thres=1.00e-03]:  97%|█████████▋| 3208850/3292864 [00:01<00:00, 4392752.89it/s]
[08:32]   [ComfyUI] Simplifying [thres=1.00e-03]:  98%|█████████▊| 3215672/3292864 [00:01<00:00, 4392752.89it/s]
[08:32]   [ComfyUI] Simplifying [thres=1.00e-03]:  98%|█████████▊| 3221862/3292864 [00:01<00:00, 4392752.89it/s]
[08:32]   [ComfyUI] Simplifying [thres=1.00e-02]:  98%|█████████▊| 3227414/3292864 [00:01<00:00, 4392752.89it/s]
[08:32]   [ComfyUI] Simplifying [thres=1.00e-02]:  99%|█████████▉| 3274208/3292864 [00:01<00:00, 4392752.89it/s]
[08:32]   [ComfyUI] Simplifying [thres=1.00e-02]: 100%|██████████| 3292864/3292864 [00:01<00:00, 2811642.72it/s]
[08:32]   [ComfyUI] [SubprocessWorker] got response: ok
[08:32]   [ComfyUI] [comfy-env] GeomPackRemesh_GPU done (2.29s): result: NodeOutput
[08:32]   [ComfyUI] [VRAM] After GeomPackRemesh_GPU: 1042 / 12287 MB
[08:32]   [ComfyUI] [comfy-env] Running GeomPackRemesh_PMPUniform: trimesh: Trimesh, pmp_edge_length: 1.0, pmp_iterations: 1, pmp_use_projection: 'true'
[08:32]   [ComfyUI] [VRAM] Before GeomPackRemesh_PMPUniform: 1042 / 12287 MB
[08:32]   [ComfyUI] [SubprocessWorker] call_method: nodes.main.remeshing.backends.pmp_uniform.RemeshPMPUniformNode.EXECUTE_NORMALIZED
[08:32]   [ComfyUI] [SubprocessWorker] acquired lock, ensuring started...
[08:32]   [ComfyUI] [ComfyUI-GeometryPack] Health check: ping (timeout=5.0s)...
[08:32]   [ComfyUI] [ComfyUI-GeometryPack] Health check: ok
[08:32]   [ComfyUI] [SubprocessWorker] worker started/confirmed
[08:32]   [ComfyUI] [SubprocessWorker] serializing kwargs to shm...
[08:32]   [ComfyUI] [SubprocessWorker] created 1 shm blocks
[08:32]   [ComfyUI] [SubprocessWorker] sending request via socket...
[08:32]   [ComfyUI] [SubprocessWorker] call_id=31 sending call_method
[08:32]   [ComfyUI] [worker:ComfyUI-GeometryPack] INFO: Backend: pmp_uniform
[08:32]   [ComfyUI] [worker:ComfyUI-GeometryPack] INFO: Input: 56203 vertices, 112402 faces
[08:32]   [ComfyUI] [worker:ComfyUI-GeometryPack] INFO: Parameters: edge_length=1.0, iterations=1, use_projection=true
[08:32]   Node executed (4 total), capturing...
[08:33]   Frame 6 saved (frame_005.jpg, t=7.9s)
[08:33]   [capture-node] freeze=4ms shot=112ms unfreeze=10ms saved=True
[08:38]   [capture-loop] iter=100 t=13.4s state={'complete': False, 'error': None, 'executedCount': 4, 'wsState': 1} eval_ms=4 ram=10.1/31.9GB (32%) swap=0.3/12.3GB (2%) cpu=7% browser_rss=0.67GB
[08:44]   [capture-loop] iter=150 t=19.3s state={'complete': False, 'error': None, 'executedCount': 4, 'wsState': 1} eval_ms=3 ram=10.1/31.9GB (32%) swap=0.3/12.3GB (2%) cpu=7% browser_rss=0.67GB
[08:50]   [capture-loop] iter=200 t=25.1s state={'complete': False, 'error': None, 'executedCount': 4, 'wsState': 1} eval_ms=3 ram=10.1/31.9GB (32%) swap=0.3/12.3GB (2%) cpu=7% browser_rss=0.67GB
[08:55]   [capture-loop] iter=250 t=31.0s state={'complete': False, 'error': None, 'executedCount': 4, 'wsState': 1} eval_ms=4 ram=10.1/31.9GB (32%) swap=0.3/12.3GB (2%) cpu=7% browser_rss=0.67GB
[09:01]   [capture-loop] iter=300 t=36.9s state={'complete': False, 'error': None, 'executedCount': 4, 'wsState': 1} eval_ms=3 ram=10.1/31.9GB (32%) swap=0.3/12.3GB (2%) cpu=6% browser_rss=0.67GB
[09:07]   [capture-loop] iter=350 t=42.7s state={'complete': False, 'error': None, 'executedCount': 4, 'wsState': 1} eval_ms=3 ram=10.1/31.9GB (32%) swap=0.3/12.3GB (2%) cpu=7% browser_rss=0.67GB
[09:13]   [capture-loop] iter=400 t=48.7s state={'complete': False, 'error': None, 'executedCount': 4, 'wsState': 1} eval_ms=3 ram=10.1/31.9GB (32%) swap=0.3/12.3GB (2%) cpu=7% browser_rss=0.67GB
[09:19]   [capture-loop] iter=450 t=54.4s state={'complete': False, 'error': None, 'executedCount': 4, 'wsState': 1} eval_ms=4 ram=10.1/31.9GB (32%) swap=0.3/12.3GB (2%) cpu=6% browser_rss=0.67GB
[09:25]   [capture-loop] iter=500 t=60.4s state={'complete': False, 'error': None, 'executedCount': 4, 'wsState': 1} eval_ms=4 ram=10.1/31.9GB (32%) swap=0.3/12.3GB (2%) cpu=7% browser_rss=0.67GB
[09:31]   [capture-loop] iter=550 t=66.2s state={'complete': False, 'error': None, 'executedCount': 4, 'wsState': 1} eval_ms=4 ram=10.1/31.9GB (32%) swap=0.3/12.3GB (2%) cpu=7% browser_rss=0.67GB
[09:36]   [capture-loop] iter=600 t=72.0s state={'complete': False, 'error': None, 'executedCount': 4, 'wsState': 1} eval_ms=3 ram=10.1/31.9GB (32%) swap=0.3/12.3GB (2%) cpu=4% browser_rss=0.67GB
[09:42]   [capture-loop] iter=650 t=77.9s state={'complete': False, 'error': None, 'executedCount': 4, 'wsState': 1} eval_ms=4 ram=10.1/31.9GB (32%) swap=0.3/12.3GB (2%) cpu=4% browser_rss=0.67GB
[09:48]   [capture-loop] iter=700 t=83.8s state={'complete': False, 'error': None, 'executedCount': 4, 'wsState': 1} eval_ms=3 ram=10.1/31.9GB (32%) swap=0.3/12.3GB (2%) cpu=4% browser_rss=0.67GB
[09:54]   [capture-loop] iter=750 t=89.5s state={'complete': False, 'error': None, 'executedCount': 4, 'wsState': 1} eval_ms=3 ram=10.1/31.9GB (32%) swap=0.3/12.3GB (2%) cpu=4% browser_rss=0.67GB
[10:00]   [capture-loop] iter=800 t=95.4s state={'complete': False, 'error': None, 'executedCount': 4, 'wsState': 1} eval_ms=3 ram=10.1/31.9GB (32%) swap=0.3/12.3GB (2%) cpu=5% browser_rss=0.67GB
[10:06]   [capture-loop] iter=850 t=101.3s state={'complete': False, 'error': None, 'executedCount': 4, 'wsState': 1} eval_ms=3 ram=10.1/31.9GB (32%) swap=0.3/12.3GB (2%) cpu=4% browser_rss=0.67GB
[10:11]   [capture-loop] iter=900 t=107.0s state={'complete': False, 'error': None, 'executedCount': 4, 'wsState': 1} eval_ms=3 ram=10.1/31.9GB (32%) swap=0.3/12.3GB (2%) cpu=4% browser_rss=0.67GB
[10:17]   [capture-loop] iter=950 t=112.9s state={'complete': False, 'error': None, 'executedCount': 4, 'wsState': 1} eval_ms=3 ram=10.1/31.9GB (32%) swap=0.3/12.3GB (2%) cpu=4% browser_rss=0.67GB
[10:23]   [capture-loop] iter=1000 t=118.6s state={'complete': False, 'error': None, 'executedCount': 4, 'wsState': 1} eval_ms=4 ram=10.1/31.9GB (32%) swap=0.3/12.3GB (2%) cpu=4% browser_rss=0.67GB
[10:29]   [capture-loop] iter=1050 t=124.5s state={'complete': False, 'error': None, 'executedCount': 4, 'wsState': 1} eval_ms=3 ram=10.1/31.9GB (32%) swap=0.3/12.3GB (2%) cpu=4% browser_rss=0.67GB
[10:35]   [capture-loop] iter=1100 t=130.3s state={'complete': False, 'error': None, 'executedCount': 4, 'wsState': 1} eval_ms=3 ram=10.1/31.9GB (32%) swap=0.3/12.3GB (2%) cpu=4% browser_rss=0.67GB
[10:39]   [ComfyUI] [worker:ComfyUI-GeometryPack] INFO: Output: 49252 vertices, 98500 faces
[10:39]   [ComfyUI] [worker:ComfyUI-GeometryPack]
[10:39]   [ComfyUI] === WATCHDOG TICK 1 ===
[10:39]   [ComfyUI] [worker:ComfyUI-GeometryPack] Thread 0x0000397c (most recent call first):
[10:39]   [ComfyUI]   File "C:\Users\ContainerAdministrator\AppData\Local\Temp\comfyui_pvenv_c67gjbf_\persistent_worker.py", line 106 in _vram_poller
[10:39]   [ComfyUI]   File "C:\workspaces\GeometryPack-0746\ComfyUI\.ce\.pixi\envs\geometrypack-main\Lib\threading.py", line 995 in run
[10:39]   [ComfyUI]   File "C:\workspaces\GeometryPack-0746\ComfyUI\.ce\.pixi\envs\geometrypack-main\Lib\threading.py", line 1044 in _bootstrap_inner
[10:39]   [ComfyUI]   File "C:\workspaces\GeometryPack-0746\ComfyUI\.ce\.pixi\envs\geometrypack-main\Lib\threading.py", line 1015 in _bootstrap
[10:39]   [ComfyUI] 
[10:39]   [ComfyUI] Current thread 0x00003384 (most recent call first):
[10:39]   [ComfyUI]   File "C:\Users\ContainerAdministrator\AppData\Local\Temp\comfyui_pvenv_c67gjbf_\persistent_worker.py", line 52 in _watchdog
[10:39]   [ComfyUI]   File "C:\workspaces\GeometryPack-0746\ComfyUI\.ce\.pixi\envs\geometrypack-main\Lib\threading.py", line 995 in run
[10:39]   [ComfyUI]   File "C:\workspaces\GeometryPack-0746\ComfyUI\.ce\.pixi\envs\geometrypack-main\Lib\threading.py", line 1044 in _bootstrap_inner
[10:39]   [ComfyUI]   File "C:\workspaces\GeometryPack-0746\ComfyUI\.ce\.pixi\envs\geometrypack-main\Lib\threading.py", line 1015 in _bootstrap
[10:39]   [ComfyUI] 
[10:39]   [ComfyUI] Thread 0x00002e2c (most recent call first):
[10:39]   [ComfyUI]   File "C:\workspaces\GeometryPack-0746\ComfyUI\.ce\.pixi\envs\geometrypack-main\Lib\site-packages\trimesh\base.py", line 374 in faces
[10:39]   [ComfyUI]   File "C:\workspaces\GeometryPack-0746\ComfyUI\.ce\.pixi\envs\geometrypack-main\Lib\site-packages\trimesh\base.py", line 192 in __init__
[10:39]   [ComfyUI]   File "C:\workspaces\GeometryPack-0746\ComfyUI\custom_nodes\ComfyUI-GeometryPack\nodes\main\remeshing\backends\pmp_uniform.py", line 55 in execute
[10:39]   [ComfyUI]   File "C:\workspaces\GeometryPack-0746\ComfyUI\comfy_api\latest\_io.py", line 1827 in EXECUTE_NORMALIZED
[10:39]   [ComfyUI]   File "C:\Users\ContainerAdministrator\AppData\Local\Temp\comfyui_pvenv_c67gjbf_\persistent_worker.py", line 1749 in main
[10:39]   [ComfyUI]   File "C:\Users\ContainerAdministrator\AppData\Local\Temp\comfyui_pvenv_c67gjbf_\persistent_worker.py", line 1794 in <module>
[10:39]   [ComfyUI] 
[10:39]   [ComfyUI] [worker:ComfyUI-GeometryPack] === END ===
[10:39]   Node executed (5 total), capturing...
[10:39]   [ComfyUI] 
[10:39]   [ComfyUI] [SubprocessWorker] got response: ok
[10:39]   [ComfyUI] [comfy-env] GeomPackRemesh_PMPUniform done (127.20s): result: NodeOutput
[10:39]   [ComfyUI] [VRAM] After GeomPackRemesh_PMPUniform: 1042 / 12287 MB
[10:39]   [ComfyUI] [comfy-env] Running GeomPackRemesh_MMG: trimesh: Trimesh, hausd: 0.1, hmin: 0.0, hmax: 0.0, hgrad: 1.3
[10:39]   [ComfyUI] [VRAM] Before GeomPackRemesh_MMG: 1042 / 12287 MB
[10:39]   [ComfyUI] [SubprocessWorker] call_method: nodes.main.remeshing.backends.mmg.RemeshMMGNode.EXECUTE_NORMALIZED
[10:39]   [ComfyUI] [SubprocessWorker] acquired lock, ensuring started...
[10:39]   [ComfyUI] [ComfyUI-GeometryPack] Health check: ping (timeout=5.0s)...
[10:39]   [ComfyUI] [ComfyUI-GeometryPack] Health check: ok
[10:39]   [ComfyUI] [SubprocessWorker] worker started/confirmed
[10:39]   [ComfyUI] [SubprocessWorker] serializing kwargs to shm...
[10:39]   [ComfyUI] [SubprocessWorker] created 1 shm blocks
[10:39]   [ComfyUI] [SubprocessWorker] sending request via socket...
[10:39]   [ComfyUI] [SubprocessWorker] call_id=32 sending call_method
[10:39]   [ComfyUI] [worker:ComfyUI-GeometryPack] WARNING: mmgpy not available on Windows � returning input mesh unchanged
[10:39]   [ComfyUI] [SubprocessWorker] got response: ok
[10:39]   [ComfyUI] [comfy-env] GeomPackRemesh_MMG done (0.12s): result: NodeOutput
[10:39]   [ComfyUI] [VRAM] After GeomPackRemesh_MMG: 1042 / 12287 MB
[10:39]   [ComfyUI] [comfy-env] Running GeomPackPreviewMeshMulti: mode: 'fields', mesh_1: Trimesh, mesh_2: Trimesh, mesh_3: Trimesh, mesh_4: Trimesh
[10:39]   [ComfyUI] [VRAM] Before GeomPackPreviewMeshMulti: 1042 / 12287 MB
[10:39]   [ComfyUI] [SubprocessWorker] call_method: nodes.main.visualization.preview_mesh_multi.PreviewMeshMultiNode.EXECUTE_NORMALIZED
[10:39]   [ComfyUI] [SubprocessWorker] acquired lock, ensuring started...
[10:39]   [ComfyUI] [ComfyUI-GeometryPack] Health check: ping (timeout=5.0s)...
[10:39]   [ComfyUI] [ComfyUI-GeometryPack] Health check: ok
[10:39]   [ComfyUI] [SubprocessWorker] worker started/confirmed
[10:39]   [ComfyUI] [SubprocessWorker] serializing kwargs to shm...
[10:39]   [ComfyUI] [SubprocessWorker] created 4 shm blocks
[10:39]   [ComfyUI] [SubprocessWorker] sending request via socket...
[10:39]   [ComfyUI] [SubprocessWorker] call_id=33 sending call_method
[10:40]   [ComfyUI] [worker:ComfyUI-GeometryPack] INFO: Mode: fields, Meshes: 4
[10:40]   [ComfyUI] [worker:ComfyUI-GeometryPack] INFO: Mesh 1: Mesh - 56203 vertices, 112402 faces
[10:40]   [ComfyUI] [worker:ComfyUI-GeometryPack] INFO: Exporting mesh to VTP: C:\workspaces\GeometryPack-0746\ComfyUI\output\preview_multi_1_a29dbcaf.vtp
[10:40]   Frame 7 saved (frame_006.jpg, t=135.1s)
[10:40]   [capture-node] freeze=4ms shot=126ms unfreeze=7ms saved=True
[10:40]   Node executed (6 total), capturing...
[10:40]   [ComfyUI] [worker:ComfyUI-GeometryPack] INFO: Adding normals field (56203 vertices)
[10:40]   [ComfyUI] [worker:ComfyUI-GeometryPack] INFO: Adding face field: stl
[10:40]   [capture-node] freeze=4ms shot=140ms unfreeze=5ms saved=False
[10:40]   [ComfyUI] [worker:ComfyUI-GeometryPack] INFO: Export complete: 56203 vertices, 112402 faces
[10:40]   [ComfyUI] [worker:ComfyUI-GeometryPack] INFO: Exported VTP: C:\workspaces\GeometryPack-0746\ComfyUI\output\preview_multi_1_a29dbcaf.vtp
[10:40]   [ComfyUI] [worker:ComfyUI-GeometryPack] INFO: Mesh 2: Mesh - 5000 vertices, 9996 faces
[10:40]   [ComfyUI] [worker:ComfyUI-GeometryPack] INFO: Exporting mesh to VTP: C:\workspaces\GeometryPack-0746\ComfyUI\output\preview_multi_2_a29dbcaf.vtp
[10:40]   [ComfyUI] [worker:ComfyUI-GeometryPack] INFO: Adding normals field (5000 vertices)
[10:40]   [ComfyUI] [worker:ComfyUI-GeometryPack] INFO: Export complete: 5000 vertices, 9996 faces
[10:40]   [ComfyUI] [worker:ComfyUI-GeometryPack] INFO: Exported VTP: C:\workspaces\GeometryPack-0746\ComfyUI\output\preview_multi_2_a29dbcaf.vtp
[10:40]   [ComfyUI] [worker:ComfyUI-GeometryPack] INFO: Mesh 3: Mesh - 4999 vertices, 9994 faces
[10:40]   [ComfyUI] [worker:ComfyUI-GeometryPack] INFO: Exporting mesh to VTP: C:\workspaces\GeometryPack-0746\ComfyUI\output\preview_multi_3_a29dbcaf.vtp
[10:40]   [ComfyUI] [worker:ComfyUI-GeometryPack] INFO: Adding normals field (4999 vertices)
[10:40]   [ComfyUI] [worker:ComfyUI-GeometryPack] INFO: Export complete: 4999 vertices, 9994 faces
[10:40]   [ComfyUI] [worker:ComfyUI-GeometryPack] INFO: Exported VTP: C:\workspaces\GeometryPack-0746\ComfyUI\output\preview_multi_3_a29dbcaf.vtp
[10:40]   [ComfyUI] [worker:ComfyUI-GeometryPack] INFO: Mesh 4: Mesh - 49252 vertices, 98500 faces
[10:40]   [ComfyUI] [worker:ComfyUI-GeometryPack] INFO: Exporting mesh to VTP: C:\workspaces\GeometryPack-0746\ComfyUI\output\preview_multi_4_a29dbcaf.vtp
[10:41]   [ComfyUI] [worker:ComfyUI-GeometryPack] INFO: Adding normals field (49252 vertices)
[10:41]   [ComfyUI] [worker:ComfyUI-GeometryPack] INFO: Export complete: 49252 vertices, 98500 faces
[10:41]   [ComfyUI] [worker:ComfyUI-GeometryPack] INFO: Exported VTP: C:\workspaces\GeometryPack-0746\ComfyUI\output\preview_multi_4_a29dbcaf.vtp
[10:41]   [ComfyUI] [worker:ComfyUI-GeometryPack] INFO: Grid: 2x2, Preview ready
[10:41]   [ComfyUI] [SubprocessWorker] got response: ok
[10:41]   [ComfyUI] [comfy-env] GeomPackPreviewMeshMulti done (1.64s): result: NodeOutput
[10:41]   [ComfyUI] [VRAM] After GeomPackPreviewMeshMulti: 1042 / 12287 MB
[10:41]   [ComfyUI] [comfy-env] Running GeomPackRemesh_PyMeshLab: trimesh: Trimesh, target_edge_length: 1.0, iterations: 3, feature_angle: 30.0, adaptive: 'false'
[10:41]   [ComfyUI] [VRAM] Before GeomPackRemesh_PyMeshLab: 1042 / 12287 MB
[10:41]   [ComfyUI] [SubprocessWorker] call_method: nodes.main.remeshing.backends.pymeshlab_isotropic.RemeshPyMeshLabNode.EXECUTE_NORMALIZED
[10:41]   [ComfyUI] [SubprocessWorker] acquired lock, ensuring started...
[10:41]   [ComfyUI] [ComfyUI-GeometryPack] Health check: ping (timeout=5.0s)...
[10:41]   [ComfyUI] [ComfyUI-GeometryPack] Health check: ok
[10:41]   [ComfyUI] [SubprocessWorker] worker started/confirmed
[10:41]   [ComfyUI] [SubprocessWorker] serializing kwargs to shm...
[10:41]   [ComfyUI] [SubprocessWorker] created 1 shm blocks
[10:41]   [ComfyUI] [SubprocessWorker] sending request via socket...
[10:41]   [ComfyUI] [SubprocessWorker] call_id=34 sending call_method
[10:41]   [ComfyUI] [worker:ComfyUI-GeometryPack] INFO: Backend: pymeshlab_isotropic
[10:41]   [ComfyUI] [worker:ComfyUI-GeometryPack] INFO: Input: 56203 vertices, 112402 faces
[10:41]   [ComfyUI] [worker:ComfyUI-GeometryPack] INFO: Parameters: target_edge_length=1.0, iterations=3, feature_angle=30.0, adaptive=false
[10:41]   Node executed (7 total), capturing...
[10:42]   Frame 8 saved (frame_007.jpg, t=136.9s)
[10:42]   [capture-node] freeze=800ms shot=156ms unfreeze=4ms saved=True
[10:42]   [capture-loop] iter=1150 t=138.0s state={'complete': False, 'error': None, 'executedCount': 7, 'wsState': 1} eval_ms=4 ram=10.3/31.9GB (32%) swap=0.3/12.3GB (2%) cpu=9% browser_rss=0.94GB
[10:48]   [capture-loop] iter=1200 t=143.7s state={'complete': False, 'error': None, 'executedCount': 7, 'wsState': 1} eval_ms=3 ram=10.3/31.9GB (32%) swap=0.3/12.3GB (2%) cpu=4% browser_rss=0.94GB
[10:49]   [ComfyUI] [worker:ComfyUI-GeometryPack] INFO: Output: 32264 vertices, 64524 faces
[10:49]   [ComfyUI] [SubprocessWorker] got response: ok
[10:49]   [ComfyUI] [comfy-env] GeomPackRemesh_PyMeshLab done (7.80s): result: NodeOutput
[10:49]   [ComfyUI] [comfy-env] SubprocessWorker: C:\workspaces\GeometryPack-0746\ComfyUI\.ce\.pixi\envs\geometrypack-blender\python.exe
[10:49]   [ComfyUI] [VRAM] After GeomPackRemesh_PyMeshLab: 1042 / 12287 MB
[10:49]   [ComfyUI] [comfy-env] env_vars: {'COMFYUI_BASE': 'C:\\workspaces\\GeometryPack-0746\\ComfyUI'}
[10:49]   [ComfyUI] [comfy-env] Running GeomPackRemesh_BlenderBlocks: trimesh: Trimesh, octree_depth: 6, scale: 0.9
[10:49]   [ComfyUI] [ComfyUI-GeometryPack] python: C:\workspaces\GeometryPack-0746\ComfyUI\.ce\.pixi\envs\geometrypack-blender\python.exe
[10:49]   [ComfyUI] [VRAM] Before GeomPackRemesh_BlenderBlocks: 1042 / 12287 MB
[10:49]   [ComfyUI] [ComfyUI-GeometryPack] sys_path sent to worker: ['C:\\workspaces\\GeometryPack-0746\\ComfyUI', 'C:\\workspaces\\GeometryPack-0746\\ComfyUI\\custom_nodes\\ComfyUI-GeometryPack', 'C:\\workspaces\\GeometryPack-0746\\ComfyUI\\.ce\\.pixi\\envs\\geometrypack-blender\\Lib\\site-packages', 'C:\\workspaces\\GeometryPack-0746\\ComfyUI\\custom_nodes\\ComfyUI-GeometryPack']
[10:49]   [ComfyUI] [SubprocessWorker] call_method: nodes.blender.remeshing.backends.blocks.RemeshBlenderBlocksNode.EXECUTE_NORMALIZED
[10:49]   [ComfyUI] [SubprocessWorker] is_pixi=True, python=C:\workspaces\GeometryPack-0746\ComfyUI\.ce\.pixi\envs\geometrypack-blender\python.exe
[10:49]   [ComfyUI] [SubprocessWorker] acquired lock, ensuring started...
[10:49]   [ComfyUI] [SubprocessWorker] launching cmd=['C:\\Users\\ContainerAdministrator\\.pixi\\bin\\pixi.exe', 'run', '--as-is', '--manifest-path', 'C:\\workspaces\\GeometryPack-0746\\ComfyUI\\.ce\\pixi.toml', '-e', 'geometrypack-blender', 'python', 'C:\\Users\\ContainerAdministrator\\AppData\\Local\\Temp\\comfyui_pvenv_b_f9x1os\\persistent_worker.py', 'tcp://127.0.0.1:54252']...
[10:49]   [ComfyUI] [comfy-env] geometrypack-blender: Library/bin has 234 DLLs
[10:49]   Frame 9 saved (frame_008.jpg, t=144.4s)
[10:49]   [capture-periodic] freeze=3ms shot=178ms unfreeze=3ms saved=True
[10:49]   Node executed (8 total), capturing...
[10:50]   [capture-node] freeze=5ms shot=134ms unfreeze=3ms saved=False
[10:55]   [capture-loop] iter=1250 t=150.1s state={'complete': False, 'error': None, 'executedCount': 8, 'wsState': 1} eval_ms=4 ram=10.8/31.9GB (34%) swap=0.3/12.3GB (2%) cpu=4% browser_rss=0.94GB
[10:58]   [ComfyUI] [worker:ComfyUI-GeometryPack] WARNING: WARNING: You need pytorch with cu130 or higher to use optimized CUDA operations.
[10:58]   [ComfyUI] [SubprocessWorker] worker started/confirmed
[10:58]   [ComfyUI] [SubprocessWorker] serializing kwargs to shm...
[10:58]   [ComfyUI] [SubprocessWorker] created 1 shm blocks
[10:58]   [ComfyUI] [SubprocessWorker] sending request via socket...
[10:58]   [ComfyUI] [SubprocessWorker] call_id=1 sending call_method
[11:00]   [capture-loop] iter=1300 t=155.9s state={'complete': False, 'error': None, 'executedCount': 8, 'wsState': 1} eval_ms=5 ram=11.1/31.9GB (35%) swap=0.3/12.3GB (2%) cpu=5% browser_rss=0.84GB
[11:02]   [ComfyUI] [SubprocessWorker] got response: ok
[11:02]   [ComfyUI] [comfy-env] GeomPackRemesh_BlenderBlocks done (12.72s): result: NodeOutput
[11:02]   [ComfyUI] [VRAM] After GeomPackRemesh_BlenderBlocks: 1042 / 12287 MB
[11:02]   [ComfyUI] [comfy-env] Running GeomPackRemesh_CGAL: trimesh: Trimesh, target_edge_length: 1.0, iterations: 3, protect_boundaries: 'true'
[11:02]   [ComfyUI] [VRAM] Before GeomPackRemesh_CGAL: 1042 / 12287 MB
[11:02]   [ComfyUI] [SubprocessWorker] call_method: nodes.main.remeshing_cgal.remesh.RemeshCGALNode.EXECUTE_NORMALIZED
[11:02]   [ComfyUI] [SubprocessWorker] acquired lock, ensuring started...
[11:02]   [ComfyUI] [ComfyUI-GeometryPack] Health check: ping (timeout=5.0s)...
[11:02]   [ComfyUI] [ComfyUI-GeometryPack] Health check: ok
[11:02]   [ComfyUI] [SubprocessWorker] worker started/confirmed
[11:02]   [ComfyUI] [SubprocessWorker] serializing kwargs to shm...
[11:02]   [ComfyUI] [SubprocessWorker] created 1 shm blocks
[11:02]   [ComfyUI] [SubprocessWorker] sending request via socket...
[11:02]   [ComfyUI] [SubprocessWorker] call_id=35 sending call_method
[11:02]   [ComfyUI] [worker:ComfyUI-GeometryPack] INFO: Backend: cgal_isotropic
[11:02]   [ComfyUI] [worker:ComfyUI-GeometryPack] INFO: Input: 56,203 vertices, 112,402 faces
[11:02]   Node executed (9 total), capturing...
[11:02]   [ComfyUI] [worker:ComfyUI-GeometryPack] INFO: Parameters: target_edge_length=1.0, iterations=3, protect_boundaries=true
[11:02]   [ComfyUI] [worker:ComfyUI-GeometryPack] INFO: Running CGAL isotropic remesh (target_edge_length=1.0)...
[11:02]   Frame 10 saved (frame_009.jpg, t=157.4s)
[11:02]   [capture-node] freeze=4ms shot=135ms unfreeze=9ms saved=True
[11:07]   [capture-loop] iter=1350 t=162.3s state={'complete': False, 'error': None, 'executedCount': 9, 'wsState': 1} eval_ms=3 ram=11.2/31.9GB (35%) swap=0.3/12.3GB (2%) cpu=5% browser_rss=0.83GB
[11:08]   [ComfyUI] [worker:ComfyUI-GeometryPack] INFO: Output: 41466 vertices (-14737), 82928 faces (-29474)
[11:08]   [ComfyUI] [SubprocessWorker] got response: ok
[11:08]   [ComfyUI] [comfy-env] GeomPackRemesh_CGAL done (6.39s): result: NodeOutput
[11:08]   [ComfyUI] [VRAM] After GeomPackRemesh_CGAL: 1042 / 12287 MB
[11:08]   [ComfyUI] [comfy-env] Running GeomPackRemesh_BlenderSharp: trimesh: Trimesh, octree_depth: 6, scale: 0.9, sharpness: 0.4
[11:08]   [ComfyUI] [VRAM] Before GeomPackRemesh_BlenderSharp: 1042 / 12287 MB
[11:08]   [ComfyUI] [SubprocessWorker] call_method: nodes.blender.remeshing.backends.sharp.RemeshBlenderSharpNode.EXECUTE_NORMALIZED
[11:08]   [ComfyUI] [SubprocessWorker] acquired lock, ensuring started...
[11:08]   Node executed (10 total), capturing...
[11:08]   [ComfyUI] [ComfyUI-GeometryPack] Health check: ping (timeout=5.0s)...
[11:08]   [ComfyUI] [ComfyUI-GeometryPack] Health check: ok
[11:08]   [ComfyUI] [SubprocessWorker] worker started/confirmed
[11:08]   [ComfyUI] [SubprocessWorker] serializing kwargs to shm...
[11:08]   [ComfyUI] [SubprocessWorker] created 1 shm blocks
[11:08]   [ComfyUI] [SubprocessWorker] sending request via socket...
[11:08]   [ComfyUI] [SubprocessWorker] call_id=2 sending call_method
[11:08]   Frame 11 saved (frame_010.jpg, t=163.7s)
[11:08]   [capture-node] freeze=4ms shot=145ms unfreeze=9ms saved=True
[11:09]   [ComfyUI] [SubprocessWorker] got response: ok
[11:09]   [ComfyUI] [comfy-env] GeomPackRemesh_BlenderSharp done (1.17s): result: NodeOutput
[11:09]   [ComfyUI] [VRAM] After GeomPackRemesh_BlenderSharp: 1042 / 12287 MB
[11:09]   [ComfyUI] [comfy-env] Running GeomPackPreviewMeshMulti: mode: 'fields', mesh_1: Trimesh, mesh_2: Trimesh, mesh_3: Trimesh
[11:09]   [ComfyUI] [VRAM] Before GeomPackPreviewMeshMulti: 1042 / 12287 MB
[11:09]   [ComfyUI] [SubprocessWorker] call_method: nodes.main.visualization.preview_mesh_multi.PreviewMeshMultiNode.EXECUTE_NORMALIZED
[11:09]   [ComfyUI] [SubprocessWorker] acquired lock, ensuring started...
[11:09]   [ComfyUI] [ComfyUI-GeometryPack] Health check: ping (timeout=5.0s)...
[11:09]   [ComfyUI] [ComfyUI-GeometryPack] Health check: ok
[11:09]   [ComfyUI] [SubprocessWorker] worker started/confirmed
[11:09]   [ComfyUI] [SubprocessWorker] serializing kwargs to shm...
[11:09]   [ComfyUI] [SubprocessWorker] created 3 shm blocks
[11:09]   [ComfyUI] [SubprocessWorker] sending request via socket...
[11:09]   [ComfyUI] [SubprocessWorker] call_id=36 sending call_method
[11:09]   Node executed (11 total), capturing...
[11:09]   [ComfyUI] [worker:ComfyUI-GeometryPack] INFO: Mode: fields, Meshes: 3
[11:09]   [ComfyUI] [worker:ComfyUI-GeometryPack] INFO: Mesh 1: Mesh - 12037 vertices, 24072 faces
[11:09]   [ComfyUI] [worker:ComfyUI-GeometryPack] INFO: Exporting mesh to VTP: C:\workspaces\GeometryPack-0746\ComfyUI\output\preview_multi_1_40753374.vtp
[11:09]   [ComfyUI] [worker:ComfyUI-GeometryPack] INFO: Adding normals field (12037 vertices)
[11:09]   [ComfyUI] [worker:ComfyUI-GeometryPack] INFO: Export complete: 12037 vertices, 24072 faces
[11:09]   [ComfyUI] [worker:ComfyUI-GeometryPack] INFO: Exported VTP: C:\workspaces\GeometryPack-0746\ComfyUI\output\preview_multi_1_40753374.vtp
[11:09]   [ComfyUI] [worker:ComfyUI-GeometryPack] INFO: Mesh 2: Mesh - 12037 vertices, 24072 faces
[11:09]   [ComfyUI] [worker:ComfyUI-GeometryPack] INFO: Exporting mesh to VTP: C:\workspaces\GeometryPack-0746\ComfyUI\output\preview_multi_2_40753374.vtp
[11:10]   [ComfyUI] [worker:ComfyUI-GeometryPack] INFO: Adding normals field (12037 vertices)
[11:10]   [ComfyUI] [worker:ComfyUI-GeometryPack] INFO: Export complete: 12037 vertices, 24072 faces
[11:10]   [ComfyUI] [worker:ComfyUI-GeometryPack] INFO: Exported VTP: C:\workspaces\GeometryPack-0746\ComfyUI\output\preview_multi_2_40753374.vtp
[11:10]   [ComfyUI] [worker:ComfyUI-GeometryPack] INFO: Mesh 3: Mesh - 238800 vertices, 477582 faces
[11:10]   [ComfyUI] [worker:ComfyUI-GeometryPack] INFO: Exporting mesh to VTP: C:\workspaces\GeometryPack-0746\ComfyUI\output\preview_multi_3_40753374.vtp
[11:10]   Frame 12 saved (frame_011.jpg, t=165.0s)
[11:10]   [capture-node] freeze=4ms shot=191ms unfreeze=4ms saved=True
[11:11]   [ComfyUI] [worker:ComfyUI-GeometryPack] INFO: Adding normals field (238800 vertices)
[11:12]   [ComfyUI] [worker:ComfyUI-GeometryPack] INFO: Export complete: 238800 vertices, 477582 faces
[11:12]   [ComfyUI] [worker:ComfyUI-GeometryPack] INFO: Exported VTP: C:\workspaces\GeometryPack-0746\ComfyUI\output\preview_multi_3_40753374.vtp
[11:13]   [ComfyUI] [worker:ComfyUI-GeometryPack] INFO: Grid: 3x1, Preview ready
[11:13]   [ComfyUI] [SubprocessWorker] got response: ok
[11:13]   [ComfyUI] [comfy-env] GeomPackPreviewMeshMulti done (3.35s): result: NodeOutput
[11:13]   [ComfyUI] [VRAM] After GeomPackPreviewMeshMulti: 1042 / 12287 MB
[11:13]   [ComfyUI] [comfy-env] Running GeomPackRemesh_QuadWild: trimesh: Trimesh, qw_sharp_angle: 35.0, qw_alpha: 0.02, qw_scale_factor: 1.0, qw_remesh: 'true', qw_smooth: 'true'
[11:13]   [ComfyUI] [VRAM] Before GeomPackRemesh_QuadWild: 1042 / 12287 MB
[11:13]   [ComfyUI] [SubprocessWorker] call_method: nodes.main.remeshing.backends.quadwild.RemeshQuadWildNode.EXECUTE_NORMALIZED
[11:13]   [ComfyUI] [SubprocessWorker] acquired lock, ensuring started...
[11:13]   [ComfyUI] [ComfyUI-GeometryPack] Health check: ping (timeout=5.0s)...
[11:13]   [ComfyUI] [ComfyUI-GeometryPack] Health check: ok
[11:13]   [ComfyUI] [SubprocessWorker] worker started/confirmed
[11:13]   [ComfyUI] [SubprocessWorker] serializing kwargs to shm...
[11:13]   [ComfyUI] [SubprocessWorker] created 1 shm blocks
[11:13]   [ComfyUI] [SubprocessWorker] sending request via socket...
[11:13]   [ComfyUI] [SubprocessWorker] call_id=37 sending call_method
[11:13]   [ComfyUI] [worker:ComfyUI-GeometryPack] INFO: Backend: quadwild
[11:13]   [ComfyUI] [worker:ComfyUI-GeometryPack] INFO: Input: 56203 vertices, 112402 faces
[11:13]   [ComfyUI] [worker:ComfyUI-GeometryPack] INFO: Parameters: sharp_angle=35.0, alpha=0.02, scale=1.0, remesh=true, smooth=true
[11:13]   Node executed (12 total), capturing...
[11:15]   Frame 13 saved (frame_012.jpg, t=168.5s)
[11:15]   [capture-node] freeze=1671ms shot=229ms unfreeze=4ms saved=True
[11:16]   [capture-loop] iter=1400 t=171.1s state={'complete': False, 'error': None, 'executedCount': 12, 'wsState': 1} eval_ms=4 ram=11.9/31.9GB (37%) swap=0.3/12.3GB (2%) cpu=11% browser_rss=1.35GB
[11:21]   [capture-loop] iter=1450 t=177.0s state={'complete': False, 'error': None, 'executedCount': 12, 'wsState': 1} eval_ms=4 ram=11.9/31.9GB (37%) swap=0.3/12.3GB (2%) cpu=4% browser_rss=1.34GB
[11:28]   [capture-loop] iter=1500 t=183.0s state={'complete': False, 'error': None, 'executedCount': 12, 'wsState': 1} eval_ms=3 ram=11.8/31.9GB (37%) swap=0.3/12.3GB (2%) cpu=4% browser_rss=1.34GB
[11:34]   [capture-loop] iter=1550 t=189.1s state={'complete': False, 'error': None, 'executedCount': 12, 'wsState': 1} eval_ms=3 ram=11.6/31.9GB (36%) swap=0.3/12.3GB (2%) cpu=6% browser_rss=1.12GB
[11:40]   [capture-loop] iter=1600 t=195.0s state={'complete': False, 'error': None, 'executedCount': 12, 'wsState': 1} eval_ms=4 ram=11.5/31.9GB (36%) swap=0.3/12.3GB (2%) cpu=4% browser_rss=1.12GB
[11:46]   [capture-loop] iter=1650 t=201.1s state={'complete': False, 'error': None, 'executedCount': 12, 'wsState': 1} eval_ms=3 ram=11.5/31.9GB (36%) swap=0.3/12.3GB (2%) cpu=4% browser_rss=1.12GB
[11:47]   [ComfyUI] Initital dimension: 33306 x 33306, number of constraints: 0, number of integer variables: 20058, use reordering: yes
[11:47]   [ComfyUI] COMISO::ConstrainedSolver::make_constraints_independent took 0.0011747000000000001 s.
[11:48]   [ComfyUI] Constraint integration took 0.00011739999999999999 s.
[11:48]   [ComfyUI] Constraint elimination took 0.0059064 s.
[11:48]   [ComfyUI] Reindexing took 0.00037310000000000002 s.
[11:48]   [ComfyUI] COMISO::ConstrainedSolver::eliminate_constraints took 0.0066452999999999998 s.
[11:48]   [ComfyUI] Eliminated dimension: 33306 x 33306
[11:48]   [ComfyUI] #nonzeros: 152166
[11:48]   [ComfyUI] integer variables #: 20058
[11:48]   [ComfyUI] continuous variables #: 13248
[11:48]   [ComfyUI] initial full solution
[11:48]   [ComfyUI] COMISO::EigenLDLTSolver::calc_system_eigen took 0.0281643 s.
[11:48]   [ComfyUI] final full solution
[11:48]   [ComfyUI] COMISO::EigenLDLTSolver::update_system_eigen took 0.0082444000000000007 s.
[11:48]   [ComfyUI]  *** Statistics of MiSo Solver ***
[11:48]   [ComfyUI] Number of LOCAL iterations  = 3043
[11:48]   [ComfyUI] Number of CG    iterations  = 0
[11:48]   [ComfyUI] Number of FULL  iterations  = 2
[11:48]   [ComfyUI] Number of ROUNDING          = 20058
[11:48]   [ComfyUI] COMISO::MISolver::solve_multiple_rounding took 0.79404830000000004 s.
[11:48]   [ComfyUI] COMISO::MISolver::solve took 0.79424549999999994 s.
[11:48]   [ComfyUI] COMISO::ConstrainedSolver::restore_eliminated_vars took 0.00020660000000000001 s.
[11:48]   [ComfyUI] COMISO::ConstrainedSolver::solve took 0.80338969999999998 s.
[11:51]   [ComfyUI] performed 202 adjustments for even rhs
[11:51]   [ComfyUI] performed 184 adjustments for even rhs
[11:52]   [capture-loop] iter=1700 t=207.1s state={'complete': False, 'error': None, 'executedCount': 12, 'wsState': 1} eval_ms=3 ram=11.5/31.9GB (36%) swap=0.3/12.3GB (2%) cpu=8% browser_rss=1.12GB
[11:56]   [ComfyUI] [worker:ComfyUI-GeometryPack] INFO: Output: 6906 vertices, 13804 faces
[11:56]   [ComfyUI] [worker:ComfyUI-GeometryPack]
[11:56]   [ComfyUI] === WATCHDOG TICK 2 ===
[11:56]   [ComfyUI] [worker:ComfyUI-GeometryPack] Thread 0x0000397c (most recent call first):
[11:56]   [ComfyUI]   File "C:\Users\ContainerAdministrator\AppData\Local\Temp\comfyui_pvenv_c67gjbf_\persistent_worker.py", line 106 in _vram_poller
[11:56]   [ComfyUI]   File "C:\workspaces\GeometryPack-0746\ComfyUI\.ce\.pixi\envs\geometrypack-main\Lib\threading.py", line 995 in run
[11:56]   [ComfyUI]   File "C:\workspaces\GeometryPack-0746\ComfyUI\.ce\.pixi\envs\geometrypack-main\Lib\threading.py", line 1044 in _bootstrap_inner
[11:56]   [ComfyUI]   File "C:\workspaces\GeometryPack-0746\ComfyUI\.ce\.pixi\envs\geometrypack-main\Lib\threading.py", line 1015 in _bootstrap
[11:56]   [ComfyUI] 
[11:56]   [ComfyUI] Current thread 0x00003384 (most recent call first):
[11:56]   [ComfyUI]   File "C:\Users\ContainerAdministrator\AppData\Local\Temp\comfyui_pvenv_c67gjbf_\persistent_worker.py", line 52 in _watchdog
[11:56]   [ComfyUI]   File "C:\workspaces\GeometryPack-0746\ComfyUI\.ce\.pixi\envs\geometrypack-main\Lib\threading.py", line 995 in run
[11:56]   [ComfyUI]   File "C:\workspaces\GeometryPack-0746\ComfyUI\.ce\.pixi\envs\geometrypack-main\Lib\threading.py", line 1044 in _bootstrap_inner
[11:56]   [ComfyUI]   File "C:\workspaces\GeometryPack-0746\ComfyUI\.ce\.pixi\envs\geometrypack-main\Lib\threading.py", line 1015 in _bootstrap
[11:56]   [ComfyUI] 
[11:56]   [ComfyUI] Thread 0x00002e2c (most recent call first):
[11:56]   [ComfyUI]   File "C:\workspaces\GeometryPack-0746\ComfyUI\.ce\.pixi\envs\geometrypack-main\Lib\site-packages\trimesh\geometry.py", line 185 in triangulate_quads
[11:56]   [ComfyUI]   File "C:\workspaces\GeometryPack-0746\ComfyUI\.ce\.pixi\envs\geometrypack-main\Lib\site-packages\trimesh\base.py", line 379 in faces
[11:56]   [ComfyUI]   File "C:\workspaces\GeometryPack-0746\ComfyUI\.ce\.pixi\envs\geometrypack-main\Lib\site-packages\trimesh\base.py", line 192 in __init__
[11:56]   [ComfyUI]   File "C:\workspaces\GeometryPack-0746\ComfyUI\custom_nodes\ComfyUI-GeometryPack\nodes\main\remeshing\backends\quadwild.py", line 61 in execute
[11:56]   [ComfyUI]   File "C:\workspaces\GeometryPack-0746\ComfyUI\comfy_api\latest\_io.py", line 1827 in EXECUTE_NORMALIZED
[11:56]   [ComfyUI]   File "C:\Users\ContainerAdministrator\AppData\Local\Temp\comfyui_pvenv_c67gjbf_\persistent_worker.py", line 1749 in main
[11:56]   [ComfyUI]   File "C:\Users\ContainerAdministrator\AppData\Local\Temp\comfyui_pvenv_c67gjbf_\persistent_worker.py", line 1794 in <module>
[11:56]   [ComfyUI] 
[11:56]   [ComfyUI] [worker:ComfyUI-GeometryPack] === END ===
[11:56]   [ComfyUI] 
[11:56]   [ComfyUI] [SubprocessWorker] got response: ok
[11:56]   [ComfyUI] [comfy-env] GeomPackRemesh_QuadWild done (43.17s): result: NodeOutput
[11:56]   [ComfyUI] [VRAM] After GeomPackRemesh_QuadWild: 1042 / 12287 MB
[11:56]   [ComfyUI] [comfy-env] Running GeomPackRemesh_QuadriFlow: trimesh: Trimesh, target_face_count: 5000, preserve_sharp: 'false', preserve_boundary: 'true'
[11:56]   [ComfyUI] [VRAM] Before GeomPackRemesh_QuadriFlow: 1042 / 12287 MB
[11:56]   [ComfyUI] [SubprocessWorker] call_method: nodes.main.remeshing.backends.quadriflow.RemeshQuadriFlowNode.EXECUTE_NORMALIZED
[11:56]   [ComfyUI] [SubprocessWorker] acquired lock, ensuring started...
[11:56]   [ComfyUI] [ComfyUI-GeometryPack] Health check: ping (timeout=5.0s)...
[11:56]   [ComfyUI] [ComfyUI-GeometryPack] Health check: ok
[11:56]   [ComfyUI] [SubprocessWorker] worker started/confirmed
[11:56]   [ComfyUI] [SubprocessWorker] serializing kwargs to shm...
[11:56]   [ComfyUI] [SubprocessWorker] created 1 shm blocks
[11:56]   [ComfyUI] [SubprocessWorker] sending request via socket...
[11:56]   [ComfyUI] [SubprocessWorker] call_id=38 sending call_method
[11:56]   [ComfyUI] [worker:ComfyUI-GeometryPack] INFO: Backend: quadriflow
[11:56]   [ComfyUI] [worker:ComfyUI-GeometryPack] INFO: Input: 56203 vertices, 112402 faces
[11:56]   [ComfyUI] [worker:ComfyUI-GeometryPack] INFO: Parameters: target_face_count=5,000, preserve_sharp=false, preserve_boundary=true
[11:56]   Node executed (13 total), capturing...
[11:56]   Frame 14 saved (frame_013.jpg, t=211.6s)
[11:56]   [capture-node] freeze=3ms shot=193ms unfreeze=6ms saved=True
[11:58]   [capture-loop] iter=1750 t=213.4s state={'complete': False, 'error': None, 'executedCount': 13, 'wsState': 1} eval_ms=3 ram=11.5/31.9GB (36%) swap=0.3/12.3GB (2%) cpu=5% browser_rss=1.12GB
[12:04]   [capture-loop] iter=1800 t=219.5s state={'complete': False, 'error': None, 'executedCount': 13, 'wsState': 1} eval_ms=4 ram=11.6/31.9GB (36%) swap=0.3/12.3GB (2%) cpu=4% browser_rss=1.12GB
[12:10]   [capture-loop] iter=1850 t=225.4s state={'complete': False, 'error': None, 'executedCount': 13, 'wsState': 1} eval_ms=3 ram=11.6/31.9GB (36%) swap=0.3/12.3GB (2%) cpu=4% browser_rss=1.12GB
[12:16]   [capture-loop] iter=1900 t=231.4s state={'complete': False, 'error': None, 'executedCount': 13, 'wsState': 1} eval_ms=3 ram=11.6/31.9GB (36%) swap=0.3/12.3GB (2%) cpu=4% browser_rss=1.12GB
[12:22]   [capture-loop] iter=1950 t=237.5s state={'complete': False, 'error': None, 'executedCount': 13, 'wsState': 1} eval_ms=4 ram=11.6/31.9GB (36%) swap=0.3/12.3GB (2%) cpu=4% browser_rss=1.12GB
[12:28]   [capture-loop] iter=2000 t=243.4s state={'complete': False, 'error': None, 'executedCount': 13, 'wsState': 1} eval_ms=4 ram=11.6/31.9GB (36%) swap=0.3/12.3GB (2%) cpu=5% browser_rss=1.12GB
[12:34]   [capture-loop] iter=2050 t=249.5s state={'complete': False, 'error': None, 'executedCount': 13, 'wsState': 1} eval_ms=4 ram=11.2/31.9GB (35%) swap=0.3/12.3GB (2%) cpu=5% browser_rss=1.12GB
[12:40]   [capture-loop] iter=2100 t=255.5s state={'complete': False, 'error': None, 'executedCount': 13, 'wsState': 1} eval_ms=3 ram=11.2/31.9GB (35%) swap=0.3/12.3GB (2%) cpu=5% browser_rss=1.12GB
[12:46]   [capture-loop] iter=2150 t=261.4s state={'complete': False, 'error': None, 'executedCount': 13, 'wsState': 1} eval_ms=3 ram=11.2/31.9GB (35%) swap=0.3/12.3GB (2%) cpu=4% browser_rss=1.12GB
[12:52]   [capture-loop] iter=2200 t=267.4s state={'complete': False, 'error': None, 'executedCount': 13, 'wsState': 1} eval_ms=3 ram=11.2/31.9GB (35%) swap=0.3/12.3GB (2%) cpu=4% browser_rss=1.12GB
[12:58]   [capture-loop] iter=2250 t=273.5s state={'complete': False, 'error': None, 'executedCount': 13, 'wsState': 1} eval_ms=3 ram=11.2/31.9GB (35%) swap=0.3/12.3GB (2%) cpu=4% browser_rss=1.12GB
[13:04]   [capture-loop] iter=2300 t=279.4s state={'complete': False, 'error': None, 'executedCount': 13, 'wsState': 1} eval_ms=3 ram=11.2/31.9GB (35%) swap=0.3/12.3GB (2%) cpu=4% browser_rss=1.12GB
[13:10]   [capture-loop] iter=2350 t=285.5s state={'complete': False, 'error': None, 'executedCount': 13, 'wsState': 1} eval_ms=4 ram=11.2/31.9GB (35%) swap=0.3/12.3GB (2%) cpu=4% browser_rss=1.12GB
[13:16]   [capture-loop] iter=2400 t=291.4s state={'complete': False, 'error': None, 'executedCount': 13, 'wsState': 1} eval_ms=3 ram=11.2/31.9GB (35%) swap=0.3/12.3GB (2%) cpu=4% browser_rss=1.12GB
[13:22]   [capture-loop] iter=2450 t=297.5s state={'complete': False, 'error': None, 'executedCount': 13, 'wsState': 1} eval_ms=3 ram=11.2/31.9GB (35%) swap=0.3/12.3GB (2%) cpu=4% browser_rss=1.12GB
[13:28]   [capture-loop] iter=2500 t=303.5s state={'complete': False, 'error': None, 'executedCount': 13, 'wsState': 1} eval_ms=3 ram=11.2/31.9GB (35%) swap=0.3/12.3GB (2%) cpu=4% browser_rss=1.12GB
[13:34]   [capture-loop] iter=2550 t=309.4s state={'complete': False, 'error': None, 'executedCount': 13, 'wsState': 1} eval_ms=3 ram=11.2/31.9GB (35%) swap=0.3/12.3GB (2%) cpu=4% browser_rss=1.12GB
[13:40]   [capture-loop] iter=2600 t=315.5s state={'complete': False, 'error': None, 'executedCount': 13, 'wsState': 1} eval_ms=3 ram=11.2/31.9GB (35%) swap=0.3/12.3GB (2%) cpu=4% browser_rss=1.12GB
[13:46]   [capture-loop] iter=2650 t=321.6s state={'complete': False, 'error': None, 'executedCount': 13, 'wsState': 1} eval_ms=3 ram=11.2/31.9GB (35%) swap=0.3/12.3GB (2%) cpu=4% browser_rss=1.12GB
[13:52]   [capture-loop] iter=2700 t=327.4s state={'complete': False, 'error': None, 'executedCount': 13, 'wsState': 1} eval_ms=3 ram=11.2/31.9GB (35%) swap=0.3/12.3GB (2%) cpu=4% browser_rss=1.12GB
[13:58]   [capture-loop] iter=2750 t=333.5s state={'complete': False, 'error': None, 'executedCount': 13, 'wsState': 1} eval_ms=4 ram=11.2/31.9GB (35%) swap=0.3/12.3GB (2%) cpu=4% browser_rss=1.12GB
[14:04]   [capture-loop] iter=2800 t=339.6s state={'complete': False, 'error': None, 'executedCount': 13, 'wsState': 1} eval_ms=3 ram=11.2/31.9GB (35%) swap=0.3/12.3GB (2%) cpu=4% browser_rss=1.12GB
[14:10]   [capture-loop] iter=2850 t=345.5s state={'complete': False, 'error': None, 'executedCount': 13, 'wsState': 1} eval_ms=3 ram=11.2/31.9GB (35%) swap=0.3/12.3GB (2%) cpu=4% browser_rss=1.12GB
[14:16]   [capture-loop] iter=2900 t=351.5s state={'complete': False, 'error': None, 'executedCount': 13, 'wsState': 1} eval_ms=3 ram=11.2/31.9GB (35%) swap=0.3/12.3GB (2%) cpu=4% browser_rss=1.12GB
[14:22]   [capture-loop] iter=2950 t=357.4s state={'complete': False, 'error': None, 'executedCount': 13, 'wsState': 1} eval_ms=3 ram=11.2/31.9GB (35%) swap=0.3/12.3GB (2%) cpu=4% browser_rss=1.12GB
[14:28]   [capture-loop] iter=3000 t=363.4s state={'complete': False, 'error': None, 'executedCount': 13, 'wsState': 1} eval_ms=3 ram=11.2/31.9GB (35%) swap=0.3/12.3GB (2%) cpu=4% browser_rss=1.12GB
[14:34]   [capture-loop] iter=3050 t=369.5s state={'complete': False, 'error': None, 'executedCount': 13, 'wsState': 1} eval_ms=3 ram=11.2/31.9GB (35%) swap=0.3/12.3GB (2%) cpu=4% browser_rss=1.12GB
[14:40]   [capture-loop] iter=3100 t=375.4s state={'complete': False, 'error': None, 'executedCount': 13, 'wsState': 1} eval_ms=3 ram=11.2/31.9GB (35%) swap=0.3/12.3GB (2%) cpu=4% browser_rss=1.12GB
[14:46]   [capture-loop] iter=3150 t=381.5s state={'complete': False, 'error': None, 'executedCount': 13, 'wsState': 1} eval_ms=3 ram=11.2/31.9GB (35%) swap=0.3/12.3GB (2%) cpu=4% browser_rss=1.12GB
[14:52]   [capture-loop] iter=3200 t=387.5s state={'complete': False, 'error': None, 'executedCount': 13, 'wsState': 1} eval_ms=3 ram=11.2/31.9GB (35%) swap=0.3/12.3GB (2%) cpu=5% browser_rss=1.12GB
[14:58]   [capture-loop] iter=3250 t=393.4s state={'complete': False, 'error': None, 'executedCount': 13, 'wsState': 1} eval_ms=3 ram=11.2/31.9GB (35%) swap=0.3/12.3GB (2%) cpu=4% browser_rss=1.12GB
[15:04]   [capture-loop] iter=3300 t=399.5s state={'complete': False, 'error': None, 'executedCount': 13, 'wsState': 1} eval_ms=2 ram=11.2/31.9GB (35%) swap=0.3/12.3GB (2%) cpu=4% browser_rss=1.12GB
[15:10]   [capture-loop] iter=3350 t=405.5s state={'complete': False, 'error': None, 'executedCount': 13, 'wsState': 1} eval_ms=3 ram=11.3/31.9GB (35%) swap=0.3/12.3GB (2%) cpu=4% browser_rss=1.12GB
[15:16]   [capture-loop] iter=3400 t=411.4s state={'complete': False, 'error': None, 'executedCount': 13, 'wsState': 1} eval_ms=4 ram=11.2/31.9GB (35%) swap=0.3/12.3GB (2%) cpu=4% browser_rss=1.12GB
[15:22]   [capture-loop] iter=3450 t=417.5s state={'complete': False, 'error': None, 'executedCount': 13, 'wsState': 1} eval_ms=4 ram=11.2/31.9GB (35%) swap=0.3/12.3GB (2%) cpu=5% browser_rss=1.12GB
[15:28]   [capture-loop] iter=3500 t=423.5s state={'complete': False, 'error': None, 'executedCount': 13, 'wsState': 1} eval_ms=3 ram=11.2/31.9GB (35%) swap=0.3/12.3GB (2%) cpu=4% browser_rss=1.12GB
[15:34]   [capture-loop] iter=3550 t=429.4s state={'complete': False, 'error': None, 'executedCount': 13, 'wsState': 1} eval_ms=3 ram=11.2/31.9GB (35%) swap=0.3/12.3GB (2%) cpu=4% browser_rss=1.12GB
[15:40]   [capture-loop] iter=3600 t=435.4s state={'complete': False, 'error': None, 'executedCount': 13, 'wsState': 1} eval_ms=3 ram=11.2/31.9GB (35%) swap=0.3/12.3GB (2%) cpu=4% browser_rss=1.12GB
[15:46]   [capture-loop] iter=3650 t=441.2s state={'complete': False, 'error': None, 'executedCount': 13, 'wsState': 1} eval_ms=4 ram=11.2/31.9GB (35%) swap=0.3/12.3GB (2%) cpu=4% browser_rss=1.12GB
[15:52]   [capture-loop] iter=3700 t=447.2s state={'complete': False, 'error': None, 'executedCount': 13, 'wsState': 1} eval_ms=3 ram=11.2/31.9GB (35%) swap=0.3/12.3GB (2%) cpu=4% browser_rss=1.12GB
[15:58]   [capture-loop] iter=3750 t=453.3s state={'complete': False, 'error': None, 'executedCount': 13, 'wsState': 1} eval_ms=3 ram=11.2/31.9GB (35%) swap=0.3/12.3GB (2%) cpu=4% browser_rss=1.12GB
[16:04]   [capture-loop] iter=3800 t=459.1s state={'complete': False, 'error': None, 'executedCount': 13, 'wsState': 1} eval_ms=3 ram=11.2/31.9GB (35%) swap=0.3/12.3GB (2%) cpu=4% browser_rss=1.12GB
[16:10]   [capture-loop] iter=3850 t=465.2s state={'complete': False, 'error': None, 'executedCount': 13, 'wsState': 1} eval_ms=3 ram=11.2/31.9GB (35%) swap=0.3/12.3GB (2%) cpu=4% browser_rss=1.12GB
[16:16]   [capture-loop] iter=3900 t=471.2s state={'complete': False, 'error': None, 'executedCount': 13, 'wsState': 1} eval_ms=3 ram=11.2/31.9GB (35%) swap=0.3/12.3GB (2%) cpu=4% browser_rss=1.12GB
[16:22]   [capture-loop] iter=3950 t=477.1s state={'complete': False, 'error': None, 'executedCount': 13, 'wsState': 1} eval_ms=3 ram=11.2/31.9GB (35%) swap=0.3/12.3GB (2%) cpu=4% browser_rss=1.12GB
[16:28]   [capture-loop] iter=4000 t=483.1s state={'complete': False, 'error': None, 'executedCount': 13, 'wsState': 1} eval_ms=3 ram=11.2/31.9GB (35%) swap=0.3/12.3GB (2%) cpu=4% browser_rss=1.12GB
[16:34]   [capture-loop] iter=4050 t=489.2s state={'complete': False, 'error': None, 'executedCount': 13, 'wsState': 1} eval_ms=3 ram=11.2/31.9GB (35%) swap=0.3/12.3GB (2%) cpu=4% browser_rss=1.12GB
[16:40]   [capture-loop] iter=4100 t=495.1s state={'complete': False, 'error': None, 'executedCount': 13, 'wsState': 1} eval_ms=3 ram=11.2/31.9GB (35%) swap=0.3/12.3GB (2%) cpu=4% browser_rss=1.12GB
[16:46]   [capture-loop] iter=4150 t=501.2s state={'complete': False, 'error': None, 'executedCount': 13, 'wsState': 1} eval_ms=3 ram=11.2/31.9GB (35%) swap=0.3/12.3GB (2%) cpu=4% browser_rss=1.12GB
[16:52]   [capture-loop] iter=4200 t=507.0s state={'complete': False, 'error': None, 'executedCount': 13, 'wsState': 1} eval_ms=3 ram=11.2/31.9GB (35%) swap=0.3/12.3GB (2%) cpu=4% browser_rss=1.12GB
[16:58]   [capture-loop] iter=4250 t=513.1s state={'complete': False, 'error': None, 'executedCount': 13, 'wsState': 1} eval_ms=3 ram=11.2/31.9GB (35%) swap=0.3/12.3GB (2%) cpu=4% browser_rss=1.12GB
[17:04]   [capture-loop] iter=4300 t=519.2s state={'complete': False, 'error': None, 'executedCount': 13, 'wsState': 1} eval_ms=3 ram=11.2/31.9GB (35%) swap=0.3/12.3GB (2%) cpu=4% browser_rss=1.12GB
[17:10]   [capture-loop] iter=4350 t=525.1s state={'complete': False, 'error': None, 'executedCount': 13, 'wsState': 1} eval_ms=4 ram=11.3/31.9GB (35%) swap=0.3/12.3GB (2%) cpu=4% browser_rss=1.12GB
[17:16]   [capture-loop] iter=4400 t=531.2s state={'complete': False, 'error': None, 'executedCount': 13, 'wsState': 1} eval_ms=3 ram=11.5/31.9GB (36%) swap=0.3/12.3GB (2%) cpu=4% browser_rss=1.12GB
[17:22]   [capture-loop] iter=4450 t=537.3s state={'complete': False, 'error': None, 'executedCount': 13, 'wsState': 1} eval_ms=4 ram=11.3/31.9GB (36%) swap=0.3/12.3GB (2%) cpu=6% browser_rss=1.12GB
[17:28]   [capture-loop] iter=4500 t=543.1s state={'complete': False, 'error': None, 'executedCount': 13, 'wsState': 1} eval_ms=3 ram=11.2/31.9GB (35%) swap=0.3/12.3GB (2%) cpu=4% browser_rss=1.12GB
[17:34]   [capture-loop] iter=4550 t=549.1s state={'complete': False, 'error': None, 'executedCount': 13, 'wsState': 1} eval_ms=3 ram=11.3/31.9GB (36%) swap=0.3/12.3GB (2%) cpu=4% browser_rss=1.12GB
[17:40]   [capture-loop] iter=4600 t=555.2s state={'complete': False, 'error': None, 'executedCount': 13, 'wsState': 1} eval_ms=3 ram=11.3/31.9GB (36%) swap=0.3/12.3GB (2%) cpu=4% browser_rss=1.12GB
[17:46]   [capture-loop] iter=4650 t=561.1s state={'complete': False, 'error': None, 'executedCount': 13, 'wsState': 1} eval_ms=3 ram=11.3/31.9GB (35%) swap=0.3/12.3GB (2%) cpu=4% browser_rss=1.12GB
[17:52]   [capture-loop] iter=4700 t=567.2s state={'complete': False, 'error': None, 'executedCount': 13, 'wsState': 1} eval_ms=3 ram=11.3/31.9GB (36%) swap=0.3/12.3GB (2%) cpu=4% browser_rss=1.12GB
[17:58]   [capture-loop] iter=4750 t=573.4s state={'complete': False, 'error': None, 'executedCount': 13, 'wsState': 1} eval_ms=3 ram=11.3/31.9GB (35%) swap=0.3/12.3GB (2%) cpu=4% browser_rss=1.12GB
[18:04]   [capture-loop] iter=4800 t=579.2s state={'complete': False, 'error': None, 'executedCount': 13, 'wsState': 1} eval_ms=3 ram=11.3/31.9GB (35%) swap=0.3/12.3GB (2%) cpu=4% browser_rss=1.12GB
[18:10]   [capture-loop] iter=4850 t=585.3s state={'complete': False, 'error': None, 'executedCount': 13, 'wsState': 1} eval_ms=3 ram=11.3/31.9GB (35%) swap=0.3/12.3GB (2%) cpu=4% browser_rss=1.12GB
[18:16]   [capture-loop] iter=4900 t=591.4s state={'complete': False, 'error': None, 'executedCount': 13, 'wsState': 1} eval_ms=3 ram=11.3/31.9GB (35%) swap=0.3/12.3GB (2%) cpu=4% browser_rss=1.12GB
[18:17]   [ComfyUI] [worker:ComfyUI-GeometryPack]
[18:17]   [ComfyUI] === WATCHDOG TICK 3 ===
[18:17]   [ComfyUI] [worker:ComfyUI-GeometryPack] INFO: Output: 4965 vertices, 9926 faces
[18:17]   [ComfyUI] [worker:ComfyUI-GeometryPack] Thread 0x0000397c (most recent call first):
[18:17]   [ComfyUI]   File "C:\Users\ContainerAdministrator\AppData\Local\Temp\comfyui_pvenv_c67gjbf_\persistent_worker.py", line 106 in _vram_poller
[18:17]   [ComfyUI]   File "C:\workspaces\GeometryPack-0746\ComfyUI\.ce\.pixi\envs\geometrypack-main\Lib\threading.py", line 995 in run
[18:17]   [ComfyUI]   File "C:\workspaces\GeometryPack-0746\ComfyUI\.ce\.pixi\envs\geometrypack-main\Lib\threading.py", line 1044 in _bootstrap_inner
[18:17]   [ComfyUI]   File "C:\workspaces\GeometryPack-0746\ComfyUI\.ce\.pixi\envs\geometrypack-main\Lib\threading.py", line 1015 in _bootstrap
[18:17]   [ComfyUI] 
[18:17]   [ComfyUI] Current thread 0x00003384 (most recent call first):
[18:17]   [ComfyUI]   File "C:\Users\ContainerAdministrator\AppData\Local\Temp\comfyui_pvenv_c67gjbf_\persistent_worker.py", line 52 in _watchdog
[18:17]   [ComfyUI]   File "C:\workspaces\GeometryPack-0746\ComfyUI\.ce\.pixi\envs\geometrypack-main\Lib\threading.py", line 995 in run
[18:17]   [ComfyUI]   File "C:\workspaces\GeometryPack-0746\ComfyUI\.ce\.pixi\envs\geometrypack-main\Lib\threading.py", line 1044 in _bootstrap_inner
[18:17]   [ComfyUI]   File "C:\workspaces\GeometryPack-0746\ComfyUI\.ce\.pixi\envs\geometrypack-main\Lib\threading.py", line 1015 in _bootstrap
[18:17]   [ComfyUI] 
[18:17]   [ComfyUI] Thread 0x00002e2c (most recent call first):
[18:17]   [ComfyUI]   File "C:\workspaces\GeometryPack-0746\ComfyUI\.ce\.pixi\envs\geometrypack-main\Lib\site-packages\trimesh\base.py", line 374 in faces
[18:17]   [ComfyUI]   File "C:\workspaces\GeometryPack-0746\ComfyUI\.ce\.pixi\envs\geometrypack-main\Lib\site-packages\trimesh\base.py", line 192 in __init__
[18:17]   [ComfyUI]   File "C:\workspaces\GeometryPack-0746\ComfyUI\custom_nodes\ComfyUI-GeometryPack\nodes\main\remeshing\backends\quadriflow.py", line 55 in execute
[18:17]   [ComfyUI]   File "C:\workspaces\GeometryPack-0746\ComfyUI\comfy_api\latest\_io.py", line 1827 in EXECUTE_NORMALIZED
[18:17]   [ComfyUI]   File "C:\Users\ContainerAdministrator\AppData\Local\Temp\comfyui_pvenv_c67gjbf_\persistent_worker.py", line 1749 in main
[18:17]   [ComfyUI]   File "C:\Users\ContainerAdministrator\AppData\Local\Temp\comfyui_pvenv_c67gjbf_\persistent_worker.py", line 1794 in <module>
[18:17]   [ComfyUI] 
[18:17]   [ComfyUI] [worker:ComfyUI-GeometryPack] === END ===
[18:17]   [ComfyUI] 
[18:17]   [ComfyUI] [SubprocessWorker] got response: ok
[18:17]   [ComfyUI] [comfy-env] GeomPackRemesh_QuadriFlow done (381.60s): result: NodeOutput
[18:17]   [ComfyUI] [VRAM] After GeomPackRemesh_QuadriFlow: 1042 / 12287 MB
[18:17]   [ComfyUI] [comfy-env] Running GeomPackPreviewMeshMulti: mode: 'fields', mesh_1: Trimesh, mesh_2: Trimesh, mesh_3: Trimesh, mesh_4: Trimesh
[18:17]   [ComfyUI] [VRAM] Before GeomPackPreviewMeshMulti: 1042 / 12287 MB
[18:17]   [ComfyUI] [SubprocessWorker] call_method: nodes.main.visualization.preview_mesh_multi.PreviewMeshMultiNode.EXECUTE_NORMALIZED
[18:17]   [ComfyUI] [SubprocessWorker] acquired lock, ensuring started...
[18:17]   [ComfyUI] [ComfyUI-GeometryPack] Health check: ping (timeout=5.0s)...
[18:17]   Node executed (14 total), capturing...
[18:17]   [ComfyUI] [ComfyUI-GeometryPack] Health check: ok
[18:17]   [ComfyUI] [SubprocessWorker] worker started/confirmed
[18:17]   [ComfyUI] [SubprocessWorker] serializing kwargs to shm...
[18:17]   [ComfyUI] [SubprocessWorker] created 4 shm blocks
[18:17]   [ComfyUI] [SubprocessWorker] sending request via socket...
[18:17]   [ComfyUI] [SubprocessWorker] call_id=39 sending call_method
[18:17]   [ComfyUI] [worker:ComfyUI-GeometryPack] INFO: Mode: fields, Meshes: 4
[18:17]   [ComfyUI] [worker:ComfyUI-GeometryPack] INFO: Mesh 1: Mesh - 56203 vertices, 112402 faces
[18:17]   [ComfyUI] [worker:ComfyUI-GeometryPack] INFO: Exporting mesh to VTP: C:\workspaces\GeometryPack-0746\ComfyUI\output\preview_multi_1_ecf86244.vtp
[18:18]   [ComfyUI] [worker:ComfyUI-GeometryPack] INFO: Adding normals field (56203 vertices)
[18:18]   Frame 15 saved (frame_014.jpg, t=593.1s)
[18:18]   [capture-node] freeze=4ms shot=186ms unfreeze=14ms saved=True
[18:18]   [ComfyUI] [worker:ComfyUI-GeometryPack] INFO: Adding face field: stl
[18:18]   [ComfyUI] [worker:ComfyUI-GeometryPack] INFO: Export complete: 56203 vertices, 112402 faces
[18:18]   [ComfyUI] [worker:ComfyUI-GeometryPack] INFO: Exported VTP: C:\workspaces\GeometryPack-0746\ComfyUI\output\preview_multi_1_ecf86244.vtp
[18:18]   [ComfyUI] [worker:ComfyUI-GeometryPack] INFO: Mesh 2: Mesh - 32264 vertices, 64524 faces
[18:18]   [ComfyUI] [worker:ComfyUI-GeometryPack] INFO: Exporting mesh to VTP: C:\workspaces\GeometryPack-0746\ComfyUI\output\preview_multi_2_ecf86244.vtp
[18:18]   [ComfyUI] [worker:ComfyUI-GeometryPack] INFO: Adding normals field (32264 vertices)
[18:19]   [ComfyUI] [worker:ComfyUI-GeometryPack] INFO: Export complete: 32264 vertices, 64524 faces
[18:19]   [ComfyUI] [worker:ComfyUI-GeometryPack] INFO: Exported VTP: C:\workspaces\GeometryPack-0746\ComfyUI\output\preview_multi_2_ecf86244.vtp
[18:19]   [ComfyUI] [worker:ComfyUI-GeometryPack] INFO: Mesh 3: Mesh - 19955 vertices, 39894 faces
[18:19]   [ComfyUI] [worker:ComfyUI-GeometryPack] INFO: Exporting mesh to VTP: C:\workspaces\GeometryPack-0746\ComfyUI\output\preview_multi_3_ecf86244.vtp
[18:19]   [ComfyUI] [worker:ComfyUI-GeometryPack] INFO: Adding normals field (19955 vertices)
[18:19]   [ComfyUI] [worker:ComfyUI-GeometryPack] INFO: Export complete: 19955 vertices, 39894 faces
[18:19]   [ComfyUI] [worker:ComfyUI-GeometryPack] INFO: Exported VTP: C:\workspaces\GeometryPack-0746\ComfyUI\output\preview_multi_3_ecf86244.vtp
[18:19]   [ComfyUI] [worker:ComfyUI-GeometryPack] INFO: Mesh 4: Mesh - 4965 vertices, 9926 faces
[18:19]   [ComfyUI] [worker:ComfyUI-GeometryPack] INFO: Exporting mesh to VTP: C:\workspaces\GeometryPack-0746\ComfyUI\output\preview_multi_4_ecf86244.vtp
[18:19]   [ComfyUI] [worker:ComfyUI-GeometryPack] INFO: Adding normals field (4965 vertices)
[18:19]   [ComfyUI] [worker:ComfyUI-GeometryPack] INFO: Export complete: 4965 vertices, 9926 faces
[18:19]   [ComfyUI] [worker:ComfyUI-GeometryPack] INFO: Exported VTP: C:\workspaces\GeometryPack-0746\ComfyUI\output\preview_multi_4_ecf86244.vtp
[18:19]   [ComfyUI] [worker:ComfyUI-GeometryPack] INFO: Grid: 2x2, Preview ready
[18:19]   [ComfyUI] [SubprocessWorker] got response: ok
[18:19]   [ComfyUI] [comfy-env] GeomPackPreviewMeshMulti done (1.62s): result: NodeOutput
[18:19]   [ComfyUI] [VRAM] After GeomPackPreviewMeshMulti: 1042 / 12287 MB
[18:19]   [ComfyUI] [comfy-env] Running GeomPackRemesh_BlenderVoxel: trimesh: Trimesh, voxel_size: 1.0
[18:19]   [ComfyUI] [VRAM] Before GeomPackRemesh_BlenderVoxel: 1042 / 12287 MB
[18:19]   [ComfyUI] [SubprocessWorker] call_method: nodes.blender.remeshing.backends.voxel.RemeshBlenderVoxelNode.EXECUTE_NORMALIZED
[18:19]   [ComfyUI] [SubprocessWorker] acquired lock, ensuring started...
[18:19]   [ComfyUI] [ComfyUI-GeometryPack] python: C:\workspaces\GeometryPack-0746\ComfyUI\.ce\.pixi\envs\geometrypack-blender\python.exe
[18:19]   [ComfyUI] [ComfyUI-GeometryPack] Health check: ping (timeout=5.0s)...
[18:19]   [ComfyUI] [ComfyUI-GeometryPack] sys_path sent to worker: ['C:\\workspaces\\GeometryPack-0746\\ComfyUI', 'C:\\workspaces\\GeometryPack-0746\\ComfyUI\\custom_nodes\\ComfyUI-GeometryPack', 'C:\\workspaces\\GeometryPack-0746\\ComfyUI\\.ce\\.pixi\\envs\\geometrypack-blender\\Lib\\site-packages', 'C:\\workspaces\\GeometryPack-0746\\ComfyUI\\custom_nodes\\ComfyUI-GeometryPack']
[18:19]   [ComfyUI] [ComfyUI-GeometryPack] Health check: failed
[18:19]   [ComfyUI] [SubprocessWorker] is_pixi=True, python=C:\workspaces\GeometryPack-0746\ComfyUI\.ce\.pixi\envs\geometrypack-blender\python.exe
[18:19]   [ComfyUI] [ComfyUI-GeometryPack] Socket unhealthy, restarting worker...
[18:19]   [ComfyUI] [SubprocessWorker] launching cmd=['C:\\Users\\ContainerAdministrator\\.pixi\\bin\\pixi.exe', 'run', '--as-is', '--manifest-path', 'C:\\workspaces\\GeometryPack-0746\\ComfyUI\\.ce\\pixi.toml', '-e', 'geometrypack-blender', 'python', 'C:\\Users\\ContainerAdministrator\\AppData\\Local\\Temp\\comfyui_pvenv_b_f9x1os\\persistent_worker.py', 'tcp://127.0.0.1:54257']...
[18:19]   [ComfyUI] [comfy-env] geometrypack-blender: Library/bin has 234 DLLs
[18:19]   Node executed (15 total), capturing...
[18:20]   Frame 16 saved (frame_015.jpg, t=594.8s)
[18:20]   [capture-node] freeze=420ms shot=651ms unfreeze=4ms saved=True
[18:23]   [capture-loop] iter=4950 t=599.0s state={'complete': False, 'error': None, 'executedCount': 15, 'wsState': 1} eval_ms=3 ram=11.0/31.9GB (35%) swap=0.3/12.3GB (2%) cpu=10% browser_rss=1.32GB
[18:24]   [ComfyUI] [worker:ComfyUI-GeometryPack] WARNING: WARNING: You need pytorch with cu130 or higher to use optimized CUDA operations.
[18:24]   [ComfyUI] [SubprocessWorker] worker started/confirmed
[18:24]   [ComfyUI] [SubprocessWorker] serializing kwargs to shm...
[18:24]   [ComfyUI] [SubprocessWorker] created 1 shm blocks
[18:24]   [ComfyUI] [SubprocessWorker] sending request via socket...
[18:24]   [ComfyUI] [SubprocessWorker] call_id=3 sending call_method
[18:27]   [ComfyUI] [SubprocessWorker] got response: ok
[18:27]   [ComfyUI] [comfy-env] GeomPackRemesh_BlenderVoxel done (7.97s): result: NodeOutput
[18:27]   [ComfyUI] [VRAM] After GeomPackRemesh_BlenderVoxel: 1042 / 12287 MB
[18:27]   [ComfyUI] [comfy-env] Running GeomPackRemesh_PMPAdaptive: trimesh: Trimesh, pmp_min_edge: 0.2, pmp_max_edge: 3.0, pmp_approx_error: 1.0, pmp_adaptive_iterations: 1, pmp_adaptive_projection: 'false'
[18:27]   [ComfyUI] [VRAM] Before GeomPackRemesh_PMPAdaptive: 1042 / 12287 MB
[18:27]   [ComfyUI] [SubprocessWorker] call_method: nodes.main.remeshing.backends.pmp_adaptive.RemeshPMPAdaptiveNode.EXECUTE_NORMALIZED
[18:27]   [ComfyUI] [SubprocessWorker] acquired lock, ensuring started...
[18:27]   [ComfyUI] [ComfyUI-GeometryPack] Health check: ping (timeout=5.0s)...
[18:27]   [ComfyUI] [ComfyUI-GeometryPack] Health check: ok
[18:27]   [ComfyUI] [SubprocessWorker] worker started/confirmed
[18:27]   [ComfyUI] [SubprocessWorker] serializing kwargs to shm...
[18:27]   [ComfyUI] [SubprocessWorker] created 1 shm blocks
[18:27]   [ComfyUI] [SubprocessWorker] sending request via socket...
[18:27]   [ComfyUI] [SubprocessWorker] call_id=40 sending call_method
[18:27]   [ComfyUI] [worker:ComfyUI-GeometryPack] INFO: Backend: pmp_adaptive
[18:27]   [ComfyUI] [worker:ComfyUI-GeometryPack] INFO: Input: 56203 vertices, 112402 faces
[18:27]   [ComfyUI] [worker:ComfyUI-GeometryPack] INFO: Parameters: min=0.2, max=3.0, error=1.0, iter=1, proj=false
[18:27]   Frame 17 saved (frame_016.jpg, t=602.4s)
[18:27]   [capture-periodic] freeze=5ms shot=225ms unfreeze=6ms saved=True
[18:27]   Node executed (16 total), capturing...
[18:27]   [ComfyUI] [worker:ComfyUI-GeometryPack] INFO: Output: 5369 vertices, 10734 faces
[18:27]   [ComfyUI] [SubprocessWorker] got response: ok
[18:27]   [ComfyUI] [comfy-env] GeomPackRemesh_PMPAdaptive done (0.44s): result: NodeOutput
[18:27]   [ComfyUI] [VRAM] After GeomPackRemesh_PMPAdaptive: 1042 / 12287 MB
[18:27]   [ComfyUI] [comfy-env] Running GeomPackPreviewMeshMulti: mode: 'fields', mesh_1: Trimesh, mesh_2: Trimesh, mesh_3: Trimesh, mesh_4: Trimesh
[18:27]   [ComfyUI] [VRAM] Before GeomPackPreviewMeshMulti: 1042 / 12287 MB
[18:27]   [ComfyUI] [SubprocessWorker] call_method: nodes.main.visualization.preview_mesh_multi.PreviewMeshMultiNode.EXECUTE_NORMALIZED
[18:27]   [ComfyUI] [SubprocessWorker] acquired lock, ensuring started...
[18:27]   [ComfyUI] [ComfyUI-GeometryPack] Health check: ping (timeout=5.0s)...
[18:27]   [ComfyUI] [ComfyUI-GeometryPack] Health check: ok
[18:27]   [ComfyUI] [SubprocessWorker] worker started/confirmed
[18:27]   [ComfyUI] [SubprocessWorker] serializing kwargs to shm...
[18:27]   [ComfyUI] [SubprocessWorker] created 4 shm blocks
[18:27]   [ComfyUI] [SubprocessWorker] sending request via socket...
[18:27]   [ComfyUI] [SubprocessWorker] call_id=41 sending call_method
[18:27]   [ComfyUI] [worker:ComfyUI-GeometryPack] INFO: Mode: fields, Meshes: 4
[18:27]   [ComfyUI] [worker:ComfyUI-GeometryPack] INFO: Mesh 1: Mesh - 5369 vertices, 10734 faces
[18:27]   [ComfyUI] [worker:ComfyUI-GeometryPack] INFO: Exporting mesh to VTP: C:\workspaces\GeometryPack-0746\ComfyUI\output\preview_multi_1_4139732e.vtp
[18:27]   [ComfyUI] [worker:ComfyUI-GeometryPack] INFO: Adding normals field (5369 vertices)
[18:28]   [ComfyUI] [worker:ComfyUI-GeometryPack] INFO: Export complete: 5369 vertices, 10734 faces
[18:28]   [ComfyUI] [worker:ComfyUI-GeometryPack] INFO: Exported VTP: C:\workspaces\GeometryPack-0746\ComfyUI\output\preview_multi_1_4139732e.vtp
[18:28]   [ComfyUI] [worker:ComfyUI-GeometryPack] INFO: Mesh 2: Mesh - 6906 vertices, 13804 faces
[18:28]   [ComfyUI] [worker:ComfyUI-GeometryPack] INFO: Exporting mesh to VTP: C:\workspaces\GeometryPack-0746\ComfyUI\output\preview_multi_2_4139732e.vtp
[18:28]   [ComfyUI] [worker:ComfyUI-GeometryPack] INFO: Adding normals field (6906 vertices)
[18:28]   [ComfyUI] [worker:ComfyUI-GeometryPack] INFO: Export complete: 6906 vertices, 13804 faces
[18:28]   [ComfyUI] [worker:ComfyUI-GeometryPack] INFO: Exported VTP: C:\workspaces\GeometryPack-0746\ComfyUI\output\preview_multi_2_4139732e.vtp
[18:28]   [ComfyUI] [worker:ComfyUI-GeometryPack] INFO: Mesh 3: Mesh - 41466 vertices, 82928 faces
[18:28]   [ComfyUI] [worker:ComfyUI-GeometryPack] INFO: Exporting mesh to VTP: C:\workspaces\GeometryPack-0746\ComfyUI\output\preview_multi_3_4139732e.vtp
[18:28]   Frame 18 saved (frame_017.jpg, t=603.0s)
[18:28]   [capture-node] freeze=3ms shot=205ms unfreeze=6ms saved=True
[18:28]   [ComfyUI] [worker:ComfyUI-GeometryPack] INFO: Adding normals field (41466 vertices)
[18:28]   Node executed (17 total), capturing...
[18:28]   [ComfyUI] [worker:ComfyUI-GeometryPack] INFO: Export complete: 41466 vertices, 82928 faces
[18:28]   [ComfyUI] [worker:ComfyUI-GeometryPack] INFO: Exported VTP: C:\workspaces\GeometryPack-0746\ComfyUI\output\preview_multi_3_4139732e.vtp
[18:28]   [ComfyUI] [worker:ComfyUI-GeometryPack] INFO: Mesh 4: Mesh - 43474 vertices, 86944 faces
[18:28]   [ComfyUI] [worker:ComfyUI-GeometryPack] INFO: Exporting mesh to VTP: C:\workspaces\GeometryPack-0746\ComfyUI\output\preview_multi_4_4139732e.vtp
[18:28]   Frame 19 saved (frame_018.jpg, t=603.5s)
[18:28]   [capture-node] freeze=4ms shot=194ms unfreeze=4ms saved=True
[18:28]   [ComfyUI] [worker:ComfyUI-GeometryPack] INFO: Adding normals field (43474 vertices)
[18:29]   [ComfyUI] [worker:ComfyUI-GeometryPack] INFO: Export complete: 43474 vertices, 86944 faces
[18:29]   [ComfyUI] [worker:ComfyUI-GeometryPack] INFO: Exported VTP: C:\workspaces\GeometryPack-0746\ComfyUI\output\preview_multi_4_4139732e.vtp
[18:29]   [ComfyUI] [worker:ComfyUI-GeometryPack] INFO: Grid: 2x2, Preview ready
[18:29]   [ComfyUI] [SubprocessWorker] got response: ok
[18:29]   [ComfyUI] [comfy-env] GeomPackPreviewMeshMulti done (1.33s): result: NodeOutput
[18:29]   [ComfyUI] [VRAM] After GeomPackPreviewMeshMulti: 1042 / 12287 MB
[18:29]   [ComfyUI] Prompt executed in 00:10:04
[18:29]   Node executed (18 total), capturing...
[18:30]   Frame 20 saved (frame_019.jpg, t=604.5s)
[18:30]   [capture-node] freeze=4ms shot=812ms unfreeze=0ms saved=True
[18:30]   Execution complete (t=604.5s)
[18:30]   Captured 20 unique frames over 605.33s
[18:30]   [debug] iframes: 4
[18:30]   [debug]   iframe[0]: src=http://127.0.0.1:41883/extensions/ComfyUI-GeometryPack/viewer_multi.html?v=17782, canvas=368x195, rafFrozen=True
[18:30]   [debug]   iframe[1]: src=http://127.0.0.1:41883/extensions/ComfyUI-GeometryPack/viewer_multi.html?v=17782, canvas=368x195, rafFrozen=True
[18:30]   [debug]   iframe[2]: src=http://127.0.0.1:41883/extensions/ComfyUI-GeometryPack/viewer_multi.html?v=17782, canvas=368x195, rafFrozen=True
[18:30]   [debug]   iframe[3]: src=http://127.0.0.1:41883/extensions/ComfyUI-GeometryPack/viewer_multi.html?v=17782, canvas=244x393, rafFrozen=True
[18:30]   [timing] trigger_3d_previews: 0.0s
[18:32]   Saved high-quality screenshot: remeshing_all_executed.png
[18:32]   [timing] final_screenshot: 0.4s
[18:33]   [27/33] SKIPPED (not in gpu list) sharpen_all.json
[18:33]   [28/33] SKIPPED (not in gpu list) skeleton_all.json
[18:33]   [29/33] SKIPPED (not in gpu list) smooth_all.json
[18:34] Capturing execution frames: uv_unwrap_all.json
[18:42]   Frame 1 saved (frame_000.jpg, t=0.0s)
[18:42]   Validating workflow...
[18:42]   [ComfyUI] === /validate endpoint called ===
[18:42]   [ComfyUI] Received JSON with keys: ['prompt']
[18:42]   Queuing workflow for execution...
[18:42]   [ComfyUI] Prompt has 19 nodes
[18:42]   [ComfyUI]   Node 1: GeomPackLoadMesh
[18:42]   [ComfyUI]     Inputs: {"file_path": "3d/camelhead.off"}
[18:42]   [ComfyUI]   Node 2: GeomPackUVUnwrap
[18:42]   [ComfyUI]     Inputs: {"backend": "xatlas", "report_panel": "false", "trimesh": ["1", 0]}
[18:42]   [ComfyUI]   Node 3: GeomPackUVUnwrap
[18:42]   [ComfyUI]     Inputs: {"backend": "cumesh", "backend.chart_cone_angle": 90, "backend.chart_refine_iterations": 0, "backend.chart_global_iterations": 1, "backend.chart_smooth_strength": 1, "report_panel": "false", "trimesh"
[18:42]   [ComfyUI]   Node 4: GeomPackUVUnwrap
[18:42]   [ComfyUI]     Inputs: {"backend": "libigl_lscm", "report_panel": "false", "trimesh": ["1", 0]}
[18:42]   [ComfyUI]   Node 5: GeomPackUVUnwrap
[18:42]   [ComfyUI]     Inputs: {"backend": "libigl_harmonic", "report_panel": "false", "trimesh": ["1", 0]}
[18:42]   [ComfyUI]   Node 6: GeomPackUVUnwrap
[18:42]   [ComfyUI]     Inputs: {"backend": "libigl_arap", "backend.iterations": 10, "report_panel": "false", "trimesh": ["1", 0]}
[18:42]   [ComfyUI]   Node 7: GeomPackUVUnwrap
[18:42]   [ComfyUI]     Inputs: {"backend": "blender_smart", "backend.angle_limit": 66, "backend.island_margin": 0.02, "backend.scale_to_bounds": "true", "report_panel": "false", "trimesh": ["1", 0]}
[18:42]   [ComfyUI]   Node 8: GeomPackUVUnwrap
[18:42]   [ComfyUI]     Inputs: {"backend": "blender_cube", "backend.cube_size": 1, "backend.scale_to_bounds": "true", "report_panel": "false", "trimesh": ["1", 0]}
[18:42]   [ComfyUI]   Node 9: GeomPackUVUnwrap
[18:42]   [ComfyUI]     Inputs: {"backend": "blender_cylinder", "backend.cylinder_radius": 0.9, "backend.scale_to_bounds": "true", "report_panel": "false", "trimesh": ["1", 0]}
[18:42]   [ComfyUI]   Node 10: GeomPackUVUnwrap
[18:42]   [ComfyUI]     Inputs: {"backend": "blender_sphere", "backend.scale_to_bounds": "true", "report_panel": "false", "trimesh": ["1", 0]}
[18:42]   [ComfyUI]   Node 15: GeomPackPreviewMeshUV
[18:42]   [ComfyUI]     Inputs: {"show_checker": false, "show_wireframe": true, "uv_preview": "", "trimesh": ["7", 0]}
[18:42]   [ComfyUI]   Node 16: GeomPackPreviewMeshUV
[18:42]   [ComfyUI]     Inputs: {"show_checker": false, "show_wireframe": true, "uv_preview": "", "trimesh": ["8", 0]}
[18:42]   [ComfyUI]   Node 17: GeomPackPreviewMeshUV
[18:42]   [ComfyUI]     Inputs: {"show_checker": false, "show_wireframe": true, "uv_preview": "", "trimesh": ["10", 0]}
[18:42]   [ComfyUI]   Node 18: GeomPackPreviewMeshUV
[18:42]   [ComfyUI]     Inputs: {"show_checker": false, "show_wireframe": true, "uv_preview": "", "trimesh": ["2", 0]}
[18:42]   [ComfyUI]   Node 19: GeomPackPreviewMeshUV
[18:42]   [ComfyUI]     Inputs: {"show_checker": false, "show_wireframe": true, "uv_preview": "", "trimesh": ["6", 0]}
[18:42]   [ComfyUI]   Node 20: GeomPackPreviewMeshUV
[18:42]   [ComfyUI]     Inputs: {"show_checker": false, "show_wireframe": true, "uv_preview": "", "trimesh": ["3", 0]}
[18:42]   [ComfyUI]   Node 21: GeomPackPreviewMeshUV
[18:42]   [ComfyUI]     Inputs: {"show_checker": false, "show_wireframe": true, "uv_preview": "", "trimesh": ["9", 0]}
[18:42]   [ComfyUI]   Node 22: GeomPackPreviewMeshUV
[18:42]   [ComfyUI]     Inputs: {"show_checker": false, "show_wireframe": true, "uv_preview": "", "trimesh": ["5", 0]}
[18:42]   [ComfyUI]   Node 23: GeomPackPreviewMeshUV
[18:42]   [ComfyUI]     Inputs: {"show_checker": false, "show_wireframe": true, "uv_preview": "", "trimesh": ["4", 0]}
[18:42]   [ComfyUI] Generated prompt_id: f4f96227-4e24-454e-82c3-1e36c2110ee9
[18:42]   [ComfyUI] Calling execution.validate_prompt()...
[18:42]   [ComfyUI] Validation result: valid=True
[18:42]   [ComfyUI] === Validation PASSED ===
[18:42]   [ComfyUI] got prompt
[18:42]   [ComfyUI] [comfy-env] Running GeomPackLoadMesh: file_path: '3d/camelhead.off'
[18:42]   [ComfyUI] [VRAM] Before GeomPackLoadMesh: 1042 / 12287 MB
[18:42]   [ComfyUI] [SubprocessWorker] call_method: nodes.main.io.load_mesh.LoadMesh.EXECUTE_NORMALIZED
[18:42]   [ComfyUI] [SubprocessWorker] acquired lock, ensuring started...
[18:42]   [ComfyUI] [ComfyUI-GeometryPack] Health check: ping (timeout=5.0s)...
[18:42]   [ComfyUI] [ComfyUI-GeometryPack] Health check: ok
[18:42]   [ComfyUI] [SubprocessWorker] worker started/confirmed
[18:42]   [ComfyUI] [SubprocessWorker] serializing kwargs to shm...
[18:42]   [ComfyUI] [SubprocessWorker] created 0 shm blocks
[18:42]   [ComfyUI] [SubprocessWorker] sending request via socket...
[18:42]   [ComfyUI] [SubprocessWorker] call_id=42 sending call_method
[18:42]   [ComfyUI] [worker:ComfyUI-GeometryPack] INFO: Found mesh in input folder: 3d/camelhead.off
[18:42]   [ComfyUI] [worker:ComfyUI-GeometryPack] INFO: Loading: C:\workspaces\GeometryPack-0746\ComfyUI\input\3d/camelhead.off
[18:42]   [ComfyUI] [worker:ComfyUI-GeometryPack] INFO: Initial mesh: 11381 vertices, 22704 faces
[18:42]   [ComfyUI] [worker:ComfyUI-GeometryPack] INFO: Successfully loaded: 11381 vertices, 22704 faces
[18:42]   [ComfyUI] [worker:ComfyUI-GeometryPack] INFO: Loaded: 11381 vertices, 22704 faces
[18:42]   [ComfyUI] [SubprocessWorker] got response: ok
[18:42]   [ComfyUI] [comfy-env] GeomPackLoadMesh done (0.19s): result: NodeOutput
[18:42]   [ComfyUI] [VRAM] After GeomPackLoadMesh: 1042 / 12287 MB
[18:42]   [ComfyUI] [comfy-env] Running GeomPackUVUnwrap: backend: dict, trimesh: Trimesh
[18:42]   [ComfyUI] [VRAM] Before GeomPackUVUnwrap: 1042 / 12287 MB
[18:42]   [ComfyUI] [SubprocessWorker] call_method: nodes.main.uv.uv_unwrap.UVUnwrapNode.EXECUTE_NORMALIZED
[18:42]   [ComfyUI] [SubprocessWorker] acquired lock, ensuring started...
[18:42]   [ComfyUI] [ComfyUI-GeometryPack] Health check: ping (timeout=5.0s)...
[18:42]   [ComfyUI] [ComfyUI-GeometryPack] Health check: ok
[18:42]   [ComfyUI] [SubprocessWorker] worker started/confirmed
[18:42]   [ComfyUI] [SubprocessWorker] serializing kwargs to shm...
[18:42]   [ComfyUI] [SubprocessWorker] created 1 shm blocks
[18:42]   [ComfyUI] [SubprocessWorker] sending request via socket...
[18:42]   [ComfyUI] [SubprocessWorker] call_id=43 sending call_method
[18:42]   [ComfyUI] [worker:ComfyUI-GeometryPack] INFO: UV Unwrap dispatch: blender_smart -> GeomPackUV_BlenderSmart
[18:42]   [ComfyUI] [SubprocessWorker] got response: ok
[18:42]   [ComfyUI] [comfy-env] GeomPackUVUnwrap done (0.08s): result: NodeOutput
[18:42]   [ComfyUI] [VRAM] After GeomPackUVUnwrap: 1042 / 12287 MB
[18:42]   [ComfyUI] [comfy-env] Running GeomPackUVUnwrap: backend: dict, trimesh: Trimesh
[18:42]   [ComfyUI] [VRAM] Before GeomPackUVUnwrap: 1042 / 12287 MB
[18:42]   [ComfyUI] [SubprocessWorker] call_method: nodes.main.uv.uv_unwrap.UVUnwrapNode.EXECUTE_NORMALIZED
[18:42]   [ComfyUI] [SubprocessWorker] acquired lock, ensuring started...
[18:42]   [ComfyUI] [ComfyUI-GeometryPack] Health check: ping (timeout=5.0s)...
[18:42]   [ComfyUI] [ComfyUI-GeometryPack] Health check: ok
[18:42]   [ComfyUI] [SubprocessWorker] worker started/confirmed
[18:42]   [ComfyUI] [SubprocessWorker] serializing kwargs to shm...
[18:42]   [ComfyUI] [SubprocessWorker] created 1 shm blocks
[18:42]   [ComfyUI] [SubprocessWorker] sending request via socket...
[18:42]   [ComfyUI] [SubprocessWorker] call_id=44 sending call_method
[18:42]   [ComfyUI] [worker:ComfyUI-GeometryPack] INFO: UV Unwrap dispatch: cumesh -> GeomPackUV_CuMesh
[18:42]   [ComfyUI] [SubprocessWorker] got response: ok
[18:42]   [ComfyUI] [comfy-env] GeomPackUVUnwrap done (0.08s): result: NodeOutput
[18:42]   [ComfyUI] [VRAM] After GeomPackUVUnwrap: 1042 / 12287 MB
[18:42]   [ComfyUI] [comfy-env] Running GeomPackUVUnwrap: backend: dict, trimesh: Trimesh
[18:42]   [ComfyUI] [VRAM] Before GeomPackUVUnwrap: 1042 / 12287 MB
[18:42]   [ComfyUI] [SubprocessWorker] call_method: nodes.main.uv.uv_unwrap.UVUnwrapNode.EXECUTE_NORMALIZED
[18:42]   [ComfyUI] [SubprocessWorker] acquired lock, ensuring started...
[18:42]   [ComfyUI] [ComfyUI-GeometryPack] Health check: ping (timeout=5.0s)...
[18:42]   [ComfyUI] [ComfyUI-GeometryPack] Health check: ok
[18:42]   [ComfyUI] [SubprocessWorker] worker started/confirmed
[18:42]   [ComfyUI] [SubprocessWorker] serializing kwargs to shm...
[18:42]   [ComfyUI] [SubprocessWorker] created 1 shm blocks
[18:42]   [ComfyUI] [SubprocessWorker] sending request via socket...
[18:42]   [ComfyUI] [SubprocessWorker] call_id=45 sending call_method
[18:42]   [ComfyUI] [worker:ComfyUI-GeometryPack] INFO: UV Unwrap dispatch: xatlas -> GeomPackUV_Xatlas
[18:42]   [ComfyUI] [SubprocessWorker] got response: ok
[18:42]   [ComfyUI] [comfy-env] GeomPackUVUnwrap done (0.07s): result: NodeOutput
[18:42]   [ComfyUI] [VRAM] After GeomPackUVUnwrap: 1042 / 12287 MB
[18:42]   [ComfyUI] [comfy-env] Running GeomPackUVUnwrap: backend: dict, trimesh: Trimesh
[18:42]   [ComfyUI] [VRAM] Before GeomPackUVUnwrap: 1042 / 12287 MB
[18:42]   [ComfyUI] [SubprocessWorker] call_method: nodes.main.uv.uv_unwrap.UVUnwrapNode.EXECUTE_NORMALIZED
[18:42]   [ComfyUI] [SubprocessWorker] acquired lock, ensuring started...
[18:42]   [ComfyUI] [ComfyUI-GeometryPack] Health check: ping (timeout=5.0s)...
[18:42]   [ComfyUI] [ComfyUI-GeometryPack] Health check: ok
[18:42]   [ComfyUI] [SubprocessWorker] worker started/confirmed
[18:42]   [ComfyUI] [SubprocessWorker] serializing kwargs to shm...
[18:42]   [ComfyUI] [SubprocessWorker] created 1 shm blocks
[18:42]   [ComfyUI] [SubprocessWorker] sending request via socket...
[18:42]   [ComfyUI] [SubprocessWorker] call_id=46 sending call_method
[18:42]   [ComfyUI] [worker:ComfyUI-GeometryPack] INFO: UV Unwrap dispatch: libigl_arap -> GeomPackUV_LibiglARAP
[18:42]   [ComfyUI] [SubprocessWorker] got response: ok
[18:42]   [ComfyUI] [comfy-env] GeomPackUVUnwrap done (0.08s): result: NodeOutput
[18:42]   [ComfyUI] [VRAM] After GeomPackUVUnwrap: 1042 / 12287 MB
[18:42]   [ComfyUI] [comfy-env] Running GeomPackUVUnwrap: backend: dict, trimesh: Trimesh
[18:42]   [ComfyUI] [VRAM] Before GeomPackUVUnwrap: 1042 / 12287 MB
[18:42]   [ComfyUI] [SubprocessWorker] call_method: nodes.main.uv.uv_unwrap.UVUnwrapNode.EXECUTE_NORMALIZED
[18:42]   [ComfyUI] [SubprocessWorker] acquired lock, ensuring started...
[18:42]   [ComfyUI] [ComfyUI-GeometryPack] Health check: ping (timeout=5.0s)...
[18:42]   [ComfyUI] [ComfyUI-GeometryPack] Health check: ok
[18:42]   [ComfyUI] [SubprocessWorker] worker started/confirmed
[18:42]   [ComfyUI] [SubprocessWorker] serializing kwargs to shm...
[18:42]   [ComfyUI] [SubprocessWorker] created 1 shm blocks
[18:42]   [ComfyUI] [SubprocessWorker] sending request via socket...
[18:42]   [ComfyUI] [SubprocessWorker] call_id=47 sending call_method
[18:42]   [ComfyUI] [worker:ComfyUI-GeometryPack] INFO: UV Unwrap dispatch: blender_cylinder -> GeomPackUV_BlenderCylinder
[18:42]   [ComfyUI] [SubprocessWorker] got response: ok
[18:42]   [ComfyUI] [comfy-env] GeomPackUVUnwrap done (0.07s): result: NodeOutput
[18:42]   [ComfyUI] [VRAM] After GeomPackUVUnwrap: 1042 / 12287 MB
[18:42]   [ComfyUI] [comfy-env] Running GeomPackUVUnwrap: backend: dict, trimesh: Trimesh
[18:42]   [ComfyUI] [VRAM] Before GeomPackUVUnwrap: 1042 / 12287 MB
[18:42]   [ComfyUI] [SubprocessWorker] call_method: nodes.main.uv.uv_unwrap.UVUnwrapNode.EXECUTE_NORMALIZED
[18:42]   [ComfyUI] [SubprocessWorker] acquired lock, ensuring started...
[18:42]   [ComfyUI] [ComfyUI-GeometryPack] Health check: ping (timeout=5.0s)...
[18:42]   [ComfyUI] [ComfyUI-GeometryPack] Health check: ok
[18:42]   [ComfyUI] [SubprocessWorker] worker started/confirmed
[18:42]   [ComfyUI] [SubprocessWorker] serializing kwargs to shm...
[18:42]   [ComfyUI] [SubprocessWorker] created 1 shm blocks
[18:42]   [ComfyUI] [SubprocessWorker] sending request via socket...
[18:42]   [ComfyUI] [SubprocessWorker] call_id=48 sending call_method
[18:42]   [ComfyUI] [worker:ComfyUI-GeometryPack] INFO: UV Unwrap dispatch: blender_cube -> GeomPackUV_BlenderCube
[18:42]   [ComfyUI] [SubprocessWorker] got response: ok
[18:42]   [ComfyUI] [comfy-env] GeomPackUVUnwrap done (0.07s): result: NodeOutput
[18:42]   [ComfyUI] [VRAM] After GeomPackUVUnwrap: 1042 / 12287 MB
[18:42]   [ComfyUI] [comfy-env] Running GeomPackUVUnwrap: backend: dict, trimesh: Trimesh
[18:42]   [ComfyUI] [VRAM] Before GeomPackUVUnwrap: 1042 / 12287 MB
[18:42]   [ComfyUI] [SubprocessWorker] call_method: nodes.main.uv.uv_unwrap.UVUnwrapNode.EXECUTE_NORMALIZED
[18:42]   [ComfyUI] [SubprocessWorker] acquired lock, ensuring started...
[18:42]   [ComfyUI] [ComfyUI-GeometryPack] Health check: ping (timeout=5.0s)...
[18:42]   [ComfyUI] [ComfyUI-GeometryPack] Health check: ok
[18:42]   [ComfyUI] [SubprocessWorker] worker started/confirmed
[18:42]   [ComfyUI] [SubprocessWorker] serializing kwargs to shm...
[18:42]   [ComfyUI] [SubprocessWorker] created 1 shm blocks
[18:42]   [ComfyUI] [SubprocessWorker] sending request via socket...
[18:42]   [ComfyUI] [SubprocessWorker] call_id=49 sending call_method
[18:42]   [ComfyUI] [worker:ComfyUI-GeometryPack] INFO: UV Unwrap dispatch: blender_sphere -> GeomPackUV_BlenderSphere
[18:42]   [ComfyUI] [SubprocessWorker] got response: ok
[18:42]   [ComfyUI] [comfy-env] GeomPackUVUnwrap done (0.08s): result: NodeOutput
[18:43]   [ComfyUI] [VRAM] After GeomPackUVUnwrap: 1042 / 12287 MB
[18:43]   [ComfyUI] [comfy-env] Running GeomPackUVUnwrap: backend: dict, trimesh: Trimesh
[18:43]   [ComfyUI] [VRAM] Before GeomPackUVUnwrap: 1042 / 12287 MB
[18:43]   [ComfyUI] [SubprocessWorker] call_method: nodes.main.uv.uv_unwrap.UVUnwrapNode.EXECUTE_NORMALIZED
[18:43]   [ComfyUI] [SubprocessWorker] acquired lock, ensuring started...
[18:43]   [ComfyUI] [ComfyUI-GeometryPack] Health check: ping (timeout=5.0s)...
[18:43]   [ComfyUI] [ComfyUI-GeometryPack] Health check: ok
[18:43]   [ComfyUI] [SubprocessWorker] worker started/confirmed
[18:43]   [ComfyUI] [SubprocessWorker] serializing kwargs to shm...
[18:43]   [ComfyUI] [SubprocessWorker] created 1 shm blocks
[18:43]   [ComfyUI] [SubprocessWorker] sending request via socket...
[18:43]   [ComfyUI] [SubprocessWorker] call_id=50 sending call_method
[18:43]   [ComfyUI] [worker:ComfyUI-GeometryPack] INFO: UV Unwrap dispatch: libigl_lscm -> GeomPackUV_LibiglLSCM
[18:43]   [ComfyUI] [SubprocessWorker] got response: ok
[18:43]   [ComfyUI] [comfy-env] GeomPackUVUnwrap done (0.08s): result: NodeOutput
[18:43]   [ComfyUI] [VRAM] After GeomPackUVUnwrap: 1042 / 12287 MB
[18:43]   [ComfyUI] [comfy-env] Running GeomPackUVUnwrap: backend: dict, trimesh: Trimesh
[18:43]   [ComfyUI] [VRAM] Before GeomPackUVUnwrap: 1042 / 12287 MB
[18:43]   [ComfyUI] [SubprocessWorker] call_method: nodes.main.uv.uv_unwrap.UVUnwrapNode.EXECUTE_NORMALIZED
[18:43]   [ComfyUI] [SubprocessWorker] acquired lock, ensuring started...
[18:43]   [ComfyUI] [ComfyUI-GeometryPack] Health check: ping (timeout=5.0s)...
[18:43]   [ComfyUI] [ComfyUI-GeometryPack] Health check: ok
[18:43]   [ComfyUI] [SubprocessWorker] worker started/confirmed
[18:43]   [ComfyUI] [SubprocessWorker] serializing kwargs to shm...
[18:43]   [ComfyUI] [SubprocessWorker] created 1 shm blocks
[18:43]   [ComfyUI] [SubprocessWorker] sending request via socket...
[18:43]   [ComfyUI] [SubprocessWorker] call_id=51 sending call_method
[18:43]   [ComfyUI] [worker:ComfyUI-GeometryPack] INFO: UV Unwrap dispatch: libigl_harmonic -> GeomPackUV_LibiglHarmonic
[18:43]   [ComfyUI] [SubprocessWorker] got response: ok
[18:43]   [ComfyUI] [comfy-env] GeomPackUVUnwrap done (0.08s): result: NodeOutput
[18:43]   [ComfyUI] [VRAM] After GeomPackUVUnwrap: 1042 / 12287 MB
[18:43]   [ComfyUI] [comfy-env] Running GeomPackUV_BlenderSmart: trimesh: Trimesh, angle_limit: 66.0, island_margin: 0.02, scale_to_bounds: 'true'
[18:43]   [ComfyUI] [VRAM] Before GeomPackUV_BlenderSmart: 1042 / 12287 MB
[18:43]   [ComfyUI] [SubprocessWorker] call_method: nodes.blender.uv.backends.blender_smart.UVBlenderSmartNode.EXECUTE_NORMALIZED
[18:43]   [ComfyUI] [SubprocessWorker] acquired lock, ensuring started...
[18:43]   [ComfyUI] [ComfyUI-GeometryPack] Health check: ping (timeout=5.0s)...
[18:43]   [ComfyUI] [ComfyUI-GeometryPack] Health check: ok
[18:43]   [ComfyUI] [SubprocessWorker] worker started/confirmed
[18:43]   [ComfyUI] [SubprocessWorker] serializing kwargs to shm...
[18:43]   [ComfyUI] [SubprocessWorker] created 1 shm blocks
[18:43]   [ComfyUI] [SubprocessWorker] sending request via socket...
[18:43]   [ComfyUI] [SubprocessWorker] call_id=4 sending call_method
[18:43]   [ComfyUI] [SubprocessWorker] got response: ok
[18:43]   [ComfyUI] [comfy-env] GeomPackUV_BlenderSmart done (0.52s): result: NodeOutput
[18:43]   [ComfyUI] [VRAM] After GeomPackUV_BlenderSmart: 1042 / 12287 MB
[18:43]   [ComfyUI] [comfy-env] Running GeomPackPreviewMeshUV: show_checker: False, show_wireframe: True, trimesh: Trimesh
[18:43]   [ComfyUI] [VRAM] Before GeomPackPreviewMeshUV: 1042 / 12287 MB
[18:43]   [ComfyUI] [SubprocessWorker] call_method: nodes.main.visualization.preview_mesh_uv.PreviewMeshUVNode.EXECUTE_NORMALIZED
[18:43]   [ComfyUI] [SubprocessWorker] acquired lock, ensuring started...
[18:43]   [ComfyUI] [ComfyUI-GeometryPack] Health check: ping (timeout=5.0s)...
[18:43]   [ComfyUI] [ComfyUI-GeometryPack] Health check: ok
[18:43]   [ComfyUI] [SubprocessWorker] worker started/confirmed
[18:43]   [ComfyUI] [SubprocessWorker] serializing kwargs to shm...
[18:43]   [ComfyUI] [SubprocessWorker] created 1 shm blocks
[18:43]   [ComfyUI] [SubprocessWorker] sending request via socket...
[18:43]   [ComfyUI] [SubprocessWorker] call_id=52 sending call_method
[18:43]   [ComfyUI] [worker:ComfyUI-GeometryPack] INFO: Preparing preview: Mesh - 13353 vertices, 22704 faces
[18:43]   [ComfyUI] [worker:ComfyUI-GeometryPack] INFO: Found UV data: 13353 UV coordinates
[18:43]   Node executed (1 total), capturing...
[18:43]   [ComfyUI] [worker:ComfyUI-GeometryPack] INFO: UV stats: range=[1.         0.99999994], in_unit_square=True, coverage=0.3949
[18:44]   [ComfyUI] [worker:ComfyUI-GeometryPack] INFO: Exported mesh to: C:\workspaces\GeometryPack-0746\ComfyUI\output\preview_uv_0be96692.glb
[18:44]   Frame 2 saved (frame_001.jpg, t=1.9s)
[18:44]   [capture-node] freeze=3ms shot=112ms unfreeze=6ms saved=True
[18:44]   [ComfyUI] [worker:ComfyUI-GeometryPack] INFO: Exported UV data to: C:\workspaces\GeometryPack-0746\ComfyUI\output\preview_uv_6fa439d1_uvdata.json
[18:44]   [ComfyUI] [worker:ComfyUI-GeometryPack] INFO: Preview ready: has_uvs=True, checker=False, wireframe=True
[18:44]   [ComfyUI] [SubprocessWorker] got response: ok
[18:44]   [ComfyUI] [comfy-env] GeomPackPreviewMeshUV done (0.56s): result: NodeOutput
[18:44]   [ComfyUI] [VRAM] After GeomPackPreviewMeshUV: 1042 / 12287 MB
[18:44]   [ComfyUI] [comfy-env] Running GeomPackUV_CuMesh: trimesh: Trimesh, chart_cone_angle: 90.0, chart_refine_iterations: 0, chart_global_iterations: 1, chart_smooth_strength: 1
[18:44]   [ComfyUI] [VRAM] Before GeomPackUV_CuMesh: 1042 / 12287 MB
[18:44]   [ComfyUI] [SubprocessWorker] call_method: nodes.gpu.uv_gpu.cumesh_uv.UVCuMeshNode.EXECUTE_NORMALIZED
[18:44]   [ComfyUI] [ComfyUI-GeometryPack] python: C:\workspaces\GeometryPack-0746\ComfyUI\.ce\.pixi\envs\geometrypack-gpu\python.exe
[18:44]   [ComfyUI] [SubprocessWorker] acquired lock, ensuring started...
[18:44]   [ComfyUI] [ComfyUI-GeometryPack] sys_path sent to worker: ['C:\\workspaces\\GeometryPack-0746\\ComfyUI', 'C:\\workspaces\\GeometryPack-0746\\ComfyUI\\custom_nodes\\ComfyUI-GeometryPack', 'C:\\workspaces\\GeometryPack-0746\\ComfyUI\\.ce\\.pixi\\envs\\geometrypack-gpu\\Lib\\site-packages', 'C:\\workspaces\\GeometryPack-0746\\ComfyUI\\custom_nodes\\ComfyUI-GeometryPack']
[18:44]   [ComfyUI] [ComfyUI-GeometryPack] Health check: ping (timeout=5.0s)...
[18:44]   [ComfyUI] [SubprocessWorker] is_pixi=True, python=C:\workspaces\GeometryPack-0746\ComfyUI\.ce\.pixi\envs\geometrypack-gpu\python.exe
[18:44]   [ComfyUI] [ComfyUI-GeometryPack] Health check: failed
[18:44]   [ComfyUI] [SubprocessWorker] launching cmd=['C:\\Users\\ContainerAdministrator\\.pixi\\bin\\pixi.exe', 'run', '--as-is', '--manifest-path', 'C:\\workspaces\\GeometryPack-0746\\ComfyUI\\.ce\\pixi.toml', '-e', 'geometrypack-gpu', 'python', 'C:\\Users\\ContainerAdministrator\\AppData\\Local\\Temp\\comfyui_pvenv_qew9zsio\\persistent_worker.py', 'tcp://127.0.0.1:63982']...
[18:44]   [ComfyUI] [ComfyUI-GeometryPack] Socket unhealthy, restarting worker...
[18:44]   [ComfyUI] [comfy-env] geometrypack-gpu: Library/bin has 235 DLLs
[18:44]   Node executed (2 total), capturing...
[18:44]   Frame 3 saved (frame_002.jpg, t=2.4s)
[18:44]   [capture-node] freeze=7ms shot=159ms unfreeze=4ms saved=True
[18:46]   Frame 4 saved (frame_003.jpg, t=4.7s)
[18:46]   [capture-periodic] freeze=3ms shot=99ms unfreeze=3ms saved=True
[18:48]   [capture-loop] iter=50 t=6.6s state={'complete': False, 'error': None, 'executedCount': 2, 'wsState': 1} eval_ms=3 ram=10.4/31.9GB (33%) swap=0.3/12.3GB (2%) cpu=7% browser_rss=0.89GB
[18:49]   [ComfyUI] [worker:ComfyUI-GeometryPack] WARNING: WARNING: You need pytorch with cu130 or higher to use optimized CUDA operations.
[18:49]   [ComfyUI] [SubprocessWorker] worker started/confirmed
[18:49]   [ComfyUI] [SubprocessWorker] serializing kwargs to shm...
[18:49]   [ComfyUI] [SubprocessWorker] created 1 shm blocks
[18:49]   [ComfyUI] [SubprocessWorker] sending request via socket...
[18:49]   [ComfyUI] [SubprocessWorker] call_id=3 sending call_method
[18:50]   [ComfyUI] [worker:ComfyUI-GeometryPack] Get 22 clusters after fast clustering
[18:50]   [ComfyUI] 
[18:50]   [ComfyUI] Adding clusters to xatlas:   0%|          | 0/22 [00:00<?, ?it/s]
[18:50]   [ComfyUI] Adding clusters to xatlas: 100%|██████████| 22/22 [00:00<00:00, 2532.72it/s]
[18:50]   [ComfyUI] 
[18:50]   [ComfyUI] xatlas: Computing charts:   0%|          | 0/100 [00:00<?, ?it/s]
[18:50]   [ComfyUI] xatlas: Computing charts:   0%|          | 0/100 [00:00<?, ?it/s]
[18:50]   [ComfyUI] xatlas: Computing charts:   1%|          | 1/100 [00:00<00:00, 1072.16it/s]
[18:50]   [ComfyUI] xatlas: Computing charts:   2%|▏         | 2/100 [00:00<00:00, 141.95it/s]
[18:50]   [ComfyUI] xatlas: Computing charts:   3%|▎         | 3/100 [00:00<00:00, 189.84it/s]
[18:50]   [ComfyUI] xatlas: Computing charts:   4%|▍         | 4/100 [00:00<00:00, 169.22it/s]
[18:50]   [ComfyUI] xatlas: Computing charts:   6%|▌         | 6/100 [00:00<00:00, 127.78it/s]
[18:50]   [ComfyUI] xatlas: Computing charts:   7%|▋         | 7/100 [00:00<00:00, 134.54it/s]
[18:50]   [ComfyUI] xatlas: Computing charts:   8%|▊         | 8/100 [00:00<00:00, 151.15it/s]
[18:50]   [ComfyUI] xatlas: Computing charts:  10%|█         | 10/100 [00:00<00:00, 165.09it/s]
[18:50]   [ComfyUI] xatlas: Computing charts:  12%|█▏        | 12/100 [00:00<00:00, 120.67it/s]
[18:51]   [ComfyUI] xatlas: Computing charts:  14%|█▍        | 14/100 [00:00<00:00, 124.48it/s]
[18:51]   [ComfyUI] xatlas: Computing charts:  17%|█▋        | 17/100 [00:00<00:00, 94.52it/s]
[18:51]   [ComfyUI] xatlas: Computing charts:  20%|██        | 20/100 [00:00<00:00, 93.26it/s]
[18:51]   [ComfyUI] xatlas: Computing charts:  24%|██▍       | 24/100 [00:00<00:00, 81.87it/s]
[18:51]   [ComfyUI] xatlas: Computing charts:  27%|██▋       | 27/100 [00:00<00:00, 88.95it/s]
[18:51]   [ComfyUI] xatlas: Computing charts:  32%|███▏      | 32/100 [00:00<00:00, 78.98it/s]
[18:51]   [ComfyUI] xatlas: Computing charts:  35%|███▌      | 35/100 [00:00<00:01, 55.68it/s]
[18:51]   [ComfyUI] xatlas: Computing charts:  42%|████▏     | 42/100 [00:00<00:00, 64.15it/s]
[18:51]   [ComfyUI] xatlas: Computing charts:  50%|█████     | 50/100 [00:00<00:00, 57.86it/s]
[18:51]   [ComfyUI] xatlas: Computing charts:  57%|█████▋    | 57/100 [00:00<00:00, 65.42it/s]
[18:51]   [ComfyUI] xatlas: Computing charts: 100%|██████████| 100/100 [00:00<00:00, 106.43it/s]
[18:51]   [ComfyUI] xatlas: Computing charts: 100%|██████████| 100/100 [00:00<00:00, 106.41it/s]
[18:51]   [ComfyUI] 
[18:51]   [ComfyUI] xatlas: Packing charts:   0%|          | 0/100 [00:00<?, ?it/s]
[18:51]   [ComfyUI] xatlas: Packing charts:   0%|          | 0/100 [00:00<?, ?it/s]
[18:51]   [ComfyUI] xatlas: Packing charts:   1%|          | 1/100 [00:00<00:04, 20.51it/s]
[18:51]   [ComfyUI] xatlas: Packing charts:   2%|▏         | 2/100 [00:00<00:03, 26.09it/s]
[18:51]   [ComfyUI] xatlas: Packing charts:   3%|▎         | 3/100 [00:00<00:02, 35.23it/s]
[18:51]   [ComfyUI] xatlas: Packing charts:   4%|▍         | 4/100 [00:00<00:02, 37.27it/s]
[18:51]   [ComfyUI] xatlas: Packing charts:   5%|▌         | 5/100 [00:00<00:02, 43.78it/s]
[18:51]   [ComfyUI] xatlas: Packing charts:   6%|▌         | 6/100 [00:00<00:01, 47.16it/s]
[18:51]   [ComfyUI] xatlas: Packing charts:   7%|▋         | 7/100 [00:00<00:01, 52.92it/s]
[18:51]   [ComfyUI] xatlas: Packing charts:   8%|▊         | 8/100 [00:00<00:01, 57.73it/s]
[18:51]   [ComfyUI] xatlas: Packing charts:   9%|▉         | 9/100 [00:00<00:01, 63.86it/s]
[18:51]   [ComfyUI] xatlas: Packing charts:  10%|█         | 10/100 [00:00<00:01, 67.73it/s]
[18:51]   [ComfyUI] xatlas: Packing charts:  11%|█         | 11/100 [00:00<00:01, 73.72it/s]
[18:51]   [ComfyUI] xatlas: Packing charts:  12%|█▏        | 12/100 [00:00<00:01, 78.56it/s]
[18:51]   [ComfyUI] xatlas: Packing charts:  13%|█▎        | 13/100 [00:00<00:01, 83.65it/s]
[18:51]   [ComfyUI] xatlas: Packing charts:  14%|█▍        | 14/100 [00:00<00:00, 89.41it/s]
[18:51]   [ComfyUI] xatlas: Packing charts:  15%|█▌        | 15/100 [00:00<00:00, 94.28it/s]
[18:51]   [ComfyUI] xatlas: Packing charts:  16%|█▌        | 16/100 [00:00<00:00, 99.84it/s]
[18:52]   [ComfyUI] xatlas: Packing charts:  17%|█▋        | 17/100 [00:00<00:00, 105.31it/s]
[18:52]   [ComfyUI] xatlas: Packing charts:  18%|█▊        | 18/100 [00:00<00:00, 111.16it/s]
[18:52]   [ComfyUI] xatlas: Packing charts:  19%|█▉        | 19/100 [00:00<00:00, 116.49it/s]
[18:52]   [ComfyUI] xatlas: Packing charts:  20%|██        | 20/100 [00:00<00:00, 122.41it/s]
[18:52]   [ComfyUI] xatlas: Packing charts:  21%|██        | 21/100 [00:00<00:00, 128.11it/s]
[18:52]   [ComfyUI] xatlas: Packing charts:  22%|██▏       | 22/100 [00:00<00:00, 133.79it/s]
[18:52]   [ComfyUI] xatlas: Packing charts:  23%|██▎       | 23/100 [00:00<00:00, 139.25it/s]
[18:52]   [ComfyUI] xatlas: Packing charts:  24%|██▍       | 24/100 [00:00<00:00, 145.01it/s]
[18:52]   [ComfyUI] xatlas: Packing charts:  25%|██▌       | 25/100 [00:00<00:00, 150.61it/s]
[18:52]   [ComfyUI] xatlas: Packing charts:  26%|██▌       | 26/100 [00:00<00:00, 156.38it/s]
[18:52]   [ComfyUI] xatlas: Packing charts:  27%|██▋       | 27/100 [00:00<00:00, 162.20it/s]
[18:52]   [ComfyUI] xatlas: Packing charts:  28%|██▊       | 28/100 [00:00<00:00, 167.84it/s]
[18:52]   [ComfyUI] xatlas: Packing charts:  29%|██▉       | 29/100 [00:00<00:00, 173.69it/s]
[18:52]   [ComfyUI] xatlas: Packing charts:  30%|███       | 30/100 [00:00<00:00, 179.47it/s]
[18:52]   [ComfyUI] xatlas: Packing charts:  31%|███       | 31/100 [00:00<00:00, 185.32it/s]
[18:52]   [ComfyUI] xatlas: Packing charts:  32%|███▏      | 32/100 [00:00<00:00, 191.02it/s]
[18:52]   [ComfyUI] xatlas: Packing charts:  33%|███▎      | 33/100 [00:00<00:00, 196.83it/s]
[18:52]   [ComfyUI] xatlas: Packing charts:  34%|███▍      | 34/100 [00:00<00:00, 202.54it/s]
[18:52]   [ComfyUI] xatlas: Packing charts:  35%|███▌      | 35/100 [00:00<00:00, 208.33it/s]
[18:52]   [ComfyUI] xatlas: Packing charts:  36%|███▌      | 36/100 [00:00<00:00, 213.93it/s]
[18:52]   [ComfyUI] xatlas: Packing charts:  37%|███▋      | 37/100 [00:00<00:00, 219.72it/s]
[18:52]   [ComfyUI] xatlas: Packing charts:  38%|███▊      | 38/100 [00:00<00:00, 225.43it/s]
[18:52]   [ComfyUI] xatlas: Packing charts:  39%|███▉      | 39/100 [00:00<00:00, 231.10it/s]
[18:52]   [ComfyUI] xatlas: Packing charts:  40%|████      | 40/100 [00:00<00:00, 236.87it/s]
[18:52]   [ComfyUI] xatlas: Packing charts:  41%|████      | 41/100 [00:00<00:00, 242.59it/s]
[18:52]   [ComfyUI] xatlas: Packing charts:  42%|████▏     | 42/100 [00:00<00:00, 248.22it/s]
[18:52]   [ComfyUI] xatlas: Packing charts:  43%|████▎     | 43/100 [00:00<00:00, 253.93it/s]
[18:52]   [ComfyUI] xatlas: Packing charts:  44%|████▍     | 44/100 [00:00<00:00, 259.61it/s]
[18:52]   [ComfyUI] xatlas: Packing charts:  45%|████▌     | 45/100 [00:00<00:00, 265.28it/s]
[18:52]   [ComfyUI] xatlas: Packing charts:  46%|████▌     | 46/100 [00:00<00:00, 271.01it/s]
[18:52]   [ComfyUI] xatlas: Packing charts:  47%|████▋     | 47/100 [00:00<00:00, 276.68it/s]
[18:52]   [ComfyUI] xatlas: Packing charts:  48%|████▊     | 48/100 [00:00<00:00, 282.36it/s]
[18:52]   [ComfyUI] xatlas: Packing charts:  49%|████▉     | 49/100 [00:00<00:00, 288.06it/s]
[18:52]   [ComfyUI] xatlas: Packing charts:  50%|█████     | 50/100 [00:00<00:00, 293.76it/s]
[18:52]   [ComfyUI] xatlas: Packing charts:  51%|█████     | 51/100 [00:00<00:00, 299.45it/s]
[18:52]   [ComfyUI] xatlas: Packing charts:  52%|█████▏    | 52/100 [00:00<00:00, 305.09it/s]
[18:52]   [ComfyUI] xatlas: Packing charts:  53%|█████▎    | 53/100 [00:00<00:00, 310.76it/s]
[18:52]   [ComfyUI] xatlas: Packing charts:  54%|█████▍    | 54/100 [00:00<00:00, 316.38it/s]
[18:52]   [ComfyUI] xatlas: Packing charts:  55%|█████▌    | 55/100 [00:00<00:00, 322.05it/s]
[18:52]   [ComfyUI] xatlas: Packing charts:  56%|█████▌    | 56/100 [00:00<00:00, 327.70it/s]
[18:52]   [ComfyUI] xatlas: Packing charts:  57%|█████▋    | 57/100 [00:00<00:00, 333.36it/s]
[18:52]   [ComfyUI] xatlas: Packing charts:  58%|█████▊    | 58/100 [00:00<00:00, 338.95it/s]
[18:52]   [ComfyUI] xatlas: Packing charts:  59%|█████▉    | 59/100 [00:00<00:00, 344.59it/s]
[18:52]   [ComfyUI] xatlas: Packing charts:  60%|██████    | 60/100 [00:00<00:00, 350.18it/s]
[18:52]   [ComfyUI] xatlas: Packing charts:  61%|██████    | 61/100 [00:00<00:00, 355.83it/s]
[18:52]   [ComfyUI] xatlas: Packing charts:  62%|██████▏   | 62/100 [00:00<00:00, 361.44it/s]
[18:52]   [ComfyUI] xatlas: Packing charts:  63%|██████▎   | 63/100 [00:00<00:00, 366.91it/s]
[18:52]   [ComfyUI] xatlas: Packing charts:  64%|██████▍   | 64/100 [00:00<00:00, 372.42it/s]
[18:52]   [ComfyUI] xatlas: Packing charts:  65%|██████▌   | 65/100 [00:00<00:00, 378.02it/s]
[18:52]   [ComfyUI] xatlas: Packing charts:  66%|██████▌   | 66/100 [00:00<00:00, 383.61it/s]
[18:52]   [ComfyUI] xatlas: Packing charts:  67%|██████▋   | 67/100 [00:00<00:00, 389.15it/s]
[18:52]   [ComfyUI] xatlas: Packing charts:  68%|██████▊   | 68/100 [00:00<00:00, 394.66it/s]
[18:52]   [ComfyUI] xatlas: Packing charts:  69%|██████▉   | 69/100 [00:00<00:00, 400.21it/s]
[18:52]   [ComfyUI] xatlas: Packing charts:  70%|███████   | 70/100 [00:00<00:00, 405.73it/s]
[18:52]   [ComfyUI] xatlas: Packing charts:  71%|███████   | 71/100 [00:00<00:00, 411.25it/s]
[18:52]   [ComfyUI] xatlas: Packing charts:  72%|███████▏  | 72/100 [00:00<00:00, 416.81it/s]
[18:52]   [ComfyUI] xatlas: Packing charts:  73%|███████▎  | 73/100 [00:00<00:00, 385.08it/s]
[18:52]   [ComfyUI] xatlas: Packing charts:  74%|███████▍  | 74/100 [00:00<00:00, 389.95it/s]
[18:52]   [ComfyUI] xatlas: Packing charts:  75%|███████▌  | 75/100 [00:00<00:00, 394.96it/s]
[18:52]   [ComfyUI] xatlas: Packing charts:  76%|███████▌  | 76/100 [00:00<00:00, 399.94it/s]
[18:52]   [ComfyUI] xatlas: Packing charts:  77%|███████▋  | 77/100 [00:00<00:00, 404.95it/s]
[18:52]   [ComfyUI] xatlas: Packing charts:  78%|███████▊  | 78/100 [00:00<00:00, 409.92it/s]
[18:52]   [ComfyUI] xatlas: Packing charts:  79%|███████▉  | 79/100 [00:00<00:00, 414.96it/s]
[18:52]   [ComfyUI] xatlas: Packing charts:  80%|████████  | 80/100 [00:00<00:00, 419.96it/s]
[18:52]   [ComfyUI] xatlas: Packing charts:  81%|████████  | 81/100 [00:00<00:00, 425.00it/s]
[18:52]   [ComfyUI] xatlas: Packing charts:  82%|████████▏ | 82/100 [00:00<00:00, 430.01it/s]
[18:52]   [ComfyUI] xatlas: Packing charts:  83%|████████▎ | 83/100 [00:00<00:00, 435.04it/s]
[18:52]   [ComfyUI] xatlas: Packing charts:  84%|████████▍ | 84/100 [00:00<00:00, 440.05it/s]
[18:52]   [ComfyUI] xatlas: Packing charts:  85%|████████▌ | 85/100 [00:00<00:00, 445.08it/s]
[18:52]   [ComfyUI] xatlas: Packing charts:  86%|████████▌ | 86/100 [00:00<00:00, 450.05it/s]
[18:52]   Node executed (3 total), capturing...
[18:52]   [ComfyUI] xatlas: Packing charts:  87%|████████▋ | 87/100 [00:00<00:00, 455.07it/s]
[18:52]   [ComfyUI] xatlas: Packing charts:  88%|████████▊ | 88/100 [00:00<00:00, 460.06it/s]
[18:52]   [ComfyUI] xatlas: Packing charts:  89%|████████▉ | 89/100 [00:00<00:00, 465.05it/s]
[18:52]   [ComfyUI] xatlas: Packing charts:  90%|█████████ | 90/100 [00:00<00:00, 469.97it/s]
[18:52]   [ComfyUI] xatlas: Packing charts:  91%|█████████ | 91/100 [00:00<00:00, 474.95it/s]
[18:52]   [ComfyUI] xatlas: Packing charts:  92%|█████████▏| 92/100 [00:00<00:00, 479.92it/s]
[18:52]   [ComfyUI] xatlas: Packing charts:  93%|█████████▎| 93/100 [00:00<00:00, 484.92it/s]
[18:52]   [ComfyUI] xatlas: Packing charts:  94%|█████████▍| 94/100 [00:00<00:00, 489.95it/s]
[18:52]   [ComfyUI] xatlas: Packing charts:  95%|█████████▌| 95/100 [00:00<00:00, 494.90it/s]
[18:52]   [ComfyUI] xatlas: Packing charts:  96%|█████████▌| 96/100 [00:00<00:00, 499.90it/s]
[18:52]   [ComfyUI] xatlas: Packing charts:  97%|█████████▋| 97/100 [00:00<00:00, 504.87it/s]
[18:52]   [ComfyUI] xatlas: Packing charts:  98%|█████████▊| 98/100 [00:00<00:00, 509.82it/s]
[18:52]   [ComfyUI] xatlas: Packing charts:  99%|█████████▉| 99/100 [00:00<00:00, 514.77it/s]
[18:52]   [ComfyUI] xatlas: Packing charts: 100%|██████████| 100/100 [00:00<00:00, 519.75it/s]
[18:52]   [ComfyUI] xatlas: Packing charts: 100%|██████████| 100/100 [00:00<00:00, 513.90it/s]
[18:52]   [ComfyUI] 
[18:52]   [ComfyUI] xatlas: Building output meshes:   0%|          | 0/100 [00:00<?, ?it/s]
[18:52]   [ComfyUI] xatlas: Building output meshes:   0%|          | 0/100 [00:00<?, ?it/s]
[18:52]   [ComfyUI] xatlas: Building output meshes:   4%|▍         | 4/100 [00:00<00:00, 31895.85it/s]
[18:52]   [ComfyUI] xatlas: Building output meshes:   9%|▉         | 9/100 [00:00<00:00, 37786.52it/s]
[18:52]   [ComfyUI] xatlas: Building output meshes:  13%|█▎        | 13/100 [00:00<00:00, 36496.62it/s]
[18:52]   [ComfyUI] xatlas: Building output meshes:  18%|█▊        | 18/100 [00:00<00:00, 37995.71it/s]
[18:52]   [ComfyUI] xatlas: Building output meshes:  22%|██▏       | 22/100 [00:00<00:00, 39433.63it/s]
[18:52]   [ComfyUI] xatlas: Building output meshes:  27%|██▋       | 27/100 [00:00<00:00, 39903.53it/s]
[18:52]   [ComfyUI] xatlas: Building output meshes:  31%|███       | 31/100 [00:00<00:00, 39508.79it/s]
[18:52]   [ComfyUI] xatlas: Building output meshes:  36%|███▌      | 36/100 [00:00<00:00, 40211.70it/s]
[18:52]   [ComfyUI] xatlas: Building output meshes:  40%|████      | 40/100 [00:00<00:00, 40495.33it/s]
[18:52]   [ComfyUI] xatlas: Building output meshes:  45%|████▌     | 45/100 [00:00<00:00, 40304.01it/s]
[18:52]   [ComfyUI] xatlas: Building output meshes:  50%|█████     | 50/100 [00:00<00:00, 41527.76it/s]
[18:52]   [ComfyUI] xatlas: Building output meshes:  54%|█████▍    | 54/100 [00:00<00:00, 41966.35it/s]
[18:52]   [ComfyUI] xatlas: Building output meshes:  59%|█████▉    | 59/100 [00:00<00:00, 43194.96it/s]
[18:52]   [ComfyUI] xatlas: Building output meshes:  63%|██████▎   | 63/100 [00:00<00:00, 43661.79it/s]
[18:52]   [ComfyUI] xatlas: Building output meshes:  68%|██████▊   | 68/100 [00:00<00:00, 43966.81it/s]
[18:52]   [ComfyUI] xatlas: Building output meshes:  72%|███████▏  | 72/100 [00:00<00:00, 508.05it/s]
[18:52]   [ComfyUI] xatlas: Building output meshes:  77%|███████▋  | 77/100 [00:00<00:00, 542.74it/s]
[18:52]   [ComfyUI] xatlas: Building output meshes:  81%|████████  | 81/100 [00:00<00:00, 570.55it/s]
[18:52]   [ComfyUI] xatlas: Building output meshes:  86%|████████▌ | 86/100 [00:00<00:00, 605.40it/s]
[18:52]   [ComfyUI] xatlas: Building output meshes:  90%|█████████ | 90/100 [00:00<00:00, 633.14it/s]
[18:52]   [ComfyUI] xatlas: Building output meshes:  95%|█████████▌| 95/100 [00:00<00:00, 667.94it/s]
[18:52]   [ComfyUI] xatlas: Building output meshes: 100%|██████████| 100/100 [00:00<00:00, 702.71it/s]
[18:52]   [ComfyUI] xatlas: Building output meshes: 100%|██████████| 100/100 [00:00<00:00, 701.89it/s]
[18:52]   [ComfyUI] 
[18:52]   [ComfyUI] Gathering results from xatlas:   0%|          | 0/22 [00:00<?, ?it/s]
[18:52]   [ComfyUI] Gathering results from xatlas: 100%|██████████| 22/22 [00:00<00:00, 9819.59it/s]
[18:52]   [ComfyUI] [SubprocessWorker] got response: ok
[18:52]   [ComfyUI] [comfy-env] GeomPackUV_CuMesh done (7.96s): result: NodeOutput
[18:52]   [ComfyUI] [VRAM] After GeomPackUV_CuMesh: 1042 / 12287 MB
[18:52]   [ComfyUI] [comfy-env] Running GeomPackPreviewMeshUV: show_checker: False, show_wireframe: True, trimesh: Trimesh
[18:52]   [ComfyUI] [VRAM] Before GeomPackPreviewMeshUV: 1042 / 12287 MB
[18:52]   [ComfyUI] [SubprocessWorker] call_method: nodes.main.visualization.preview_mesh_uv.PreviewMeshUVNode.EXECUTE_NORMALIZED
[18:52]   [ComfyUI] [SubprocessWorker] acquired lock, ensuring started...
[18:52]   [ComfyUI] [ComfyUI-GeometryPack] Health check: ping (timeout=5.0s)...
[18:52]   [ComfyUI] [ComfyUI-GeometryPack] Health check: ok
[18:52]   [ComfyUI] [SubprocessWorker] worker started/confirmed
[18:52]   [ComfyUI] [SubprocessWorker] serializing kwargs to shm...
[18:52]   [ComfyUI] [SubprocessWorker] created 1 shm blocks
[18:52]   [ComfyUI] [SubprocessWorker] sending request via socket...
[18:52]   [ComfyUI] [SubprocessWorker] call_id=53 sending call_method
[18:52]   [ComfyUI] [worker:ComfyUI-GeometryPack] INFO: Preparing preview: Mesh - 13555 vertices, 22704 faces
[18:52]   [ComfyUI] [worker:ComfyUI-GeometryPack] INFO: Found UV data: 13555 UV coordinates
[18:52]   Frame 5 saved (frame_004.jpg, t=10.3s)
[18:52]   [capture-node] freeze=4ms shot=117ms unfreeze=3ms saved=True
[18:52]   [ComfyUI] [worker:ComfyUI-GeometryPack] INFO: UV stats: range=[0.99956292 0.99956971], in_unit_square=True, coverage=0.5945
[18:52]   [ComfyUI] [worker:ComfyUI-GeometryPack] INFO: Exported mesh to: C:\workspaces\GeometryPack-0746\ComfyUI\output\preview_uv_1e59f680.glb
[18:52]   [ComfyUI] [worker:ComfyUI-GeometryPack] INFO: Exported UV data to: C:\workspaces\GeometryPack-0746\ComfyUI\output\preview_uv_3213d897_uvdata.json
[18:52]   [ComfyUI] [worker:ComfyUI-GeometryPack] INFO: Preview ready: has_uvs=True, checker=False, wireframe=True
[18:52]   [ComfyUI] [SubprocessWorker] got response: ok
[18:52]   [ComfyUI] [comfy-env] GeomPackPreviewMeshUV done (0.59s): result: NodeOutput
[18:52]   [ComfyUI] [VRAM] After GeomPackPreviewMeshUV: 1042 / 12287 MB
[18:52]   [ComfyUI] [comfy-env] Running GeomPackUV_Xatlas: trimesh: Trimesh
[18:52]   [ComfyUI] [VRAM] Before GeomPackUV_Xatlas: 1042 / 12287 MB
[18:52]   [ComfyUI] [SubprocessWorker] call_method: nodes.main.uv.backends.xatlas.UVXatlasNode.EXECUTE_NORMALIZED
[18:52]   [ComfyUI] [SubprocessWorker] acquired lock, ensuring started...
[18:52]   [ComfyUI] [ComfyUI-GeometryPack] Health check: ping (timeout=5.0s)...
[18:52]   [ComfyUI] [ComfyUI-GeometryPack] Health check: ok
[18:52]   [ComfyUI] [SubprocessWorker] worker started/confirmed
[18:52]   [ComfyUI] [SubprocessWorker] serializing kwargs to shm...
[18:52]   [ComfyUI] [SubprocessWorker] created 1 shm blocks
[18:52]   [ComfyUI] [SubprocessWorker] sending request via socket...
[18:52]   [ComfyUI] [SubprocessWorker] call_id=54 sending call_method
[18:52]   Node executed (4 total), capturing...
[18:52]   [ComfyUI] [worker:ComfyUI-GeometryPack] INFO: Backend: xatlas
[18:52]   [ComfyUI] [worker:ComfyUI-GeometryPack] INFO: Input: 11381 vertices, 22704 faces
[18:53]   Frame 6 saved (frame_005.jpg, t=11.0s)
[18:53]   [capture-node] freeze=92ms shot=157ms unfreeze=4ms saved=True
[18:55]   [capture-loop] iter=100 t=13.1s state={'complete': False, 'error': None, 'executedCount': 4, 'wsState': 1} eval_ms=3 ram=10.8/31.9GB (34%) swap=0.3/12.3GB (2%) cpu=14% browser_rss=0.92GB
[18:55]   Frame 7 saved (frame_006.jpg, t=13.2s)
[18:55]   [capture-periodic] freeze=3ms shot=105ms unfreeze=3ms saved=True
[18:58]   [ComfyUI] [worker:ComfyUI-GeometryPack] INFO: Output: 14128 vertices, 22704 faces
[18:58]   [ComfyUI] [SubprocessWorker] got response: ok
[18:58]   [ComfyUI] [comfy-env] GeomPackUV_Xatlas done (5.89s): result: NodeOutput
[18:58]   [ComfyUI] [VRAM] After GeomPackUV_Xatlas: 1042 / 12287 MB
[18:58]   [ComfyUI] [comfy-env] Running GeomPackPreviewMeshUV: show_checker: False, show_wireframe: True, trimesh: Trimesh
[18:58]   [ComfyUI] [VRAM] Before GeomPackPreviewMeshUV: 1042 / 12287 MB
[18:58]   [ComfyUI] [SubprocessWorker] call_method: nodes.main.visualization.preview_mesh_uv.PreviewMeshUVNode.EXECUTE_NORMALIZED
[18:58]   [ComfyUI] [SubprocessWorker] acquired lock, ensuring started...
[18:58]   [ComfyUI] [ComfyUI-GeometryPack] Health check: ping (timeout=5.0s)...
[18:58]   [ComfyUI] [ComfyUI-GeometryPack] Health check: ok
[18:58]   [ComfyUI] [SubprocessWorker] worker started/confirmed
[18:58]   [ComfyUI] [SubprocessWorker] serializing kwargs to shm...
[18:58]   [ComfyUI] [SubprocessWorker] created 1 shm blocks
[18:58]   [ComfyUI] [SubprocessWorker] sending request via socket...
[18:58]   [ComfyUI] [SubprocessWorker] call_id=55 sending call_method
[18:58]   [ComfyUI] [worker:ComfyUI-GeometryPack] INFO: Preparing preview: Mesh - 14128 vertices, 22704 faces
[18:58]   [ComfyUI] [worker:ComfyUI-GeometryPack] INFO: Found UV data: 14128 UV coordinates
[18:58]   Node executed (5 total), capturing...
[18:59]   [ComfyUI] [worker:ComfyUI-GeometryPack] INFO: UV stats: range=[0.99958265 0.99956256], in_unit_square=True, coverage=0.5783
[18:59]   [ComfyUI] [worker:ComfyUI-GeometryPack] INFO: Exported mesh to: C:\workspaces\GeometryPack-0746\ComfyUI\output\preview_uv_af694b1b.glb
[18:59]   Frame 8 saved (frame_007.jpg, t=16.9s)
[18:59]   [capture-node] freeze=4ms shot=105ms unfreeze=4ms saved=True
[18:59]   [ComfyUI] [worker:ComfyUI-GeometryPack] INFO: Exported UV data to: C:\workspaces\GeometryPack-0746\ComfyUI\output\preview_uv_a0f24cd9_uvdata.json
[18:59]   [ComfyUI] [worker:ComfyUI-GeometryPack] INFO: Preview ready: has_uvs=True, checker=False, wireframe=True
[18:59]   [ComfyUI] [SubprocessWorker] got response: ok
[18:59]   [ComfyUI] [comfy-env] GeomPackPreviewMeshUV done (0.59s): result: NodeOutput
[18:59]   [ComfyUI] [VRAM] After GeomPackPreviewMeshUV: 1042 / 12287 MB
[18:59]   [ComfyUI] [comfy-env] Running GeomPackUV_LibiglARAP: trimesh: Trimesh, iterations: 10
[18:59]   [ComfyUI] [VRAM] Before GeomPackUV_LibiglARAP: 1042 / 12287 MB
[18:59]   [ComfyUI] [SubprocessWorker] call_method: nodes.main.uv.backends.libigl_arap.UVLibiglARAPNode.EXECUTE_NORMALIZED
[18:59]   [ComfyUI] [SubprocessWorker] acquired lock, ensuring started...
[18:59]   [ComfyUI] [ComfyUI-GeometryPack] Health check: ping (timeout=5.0s)...
[18:59]   [ComfyUI] [ComfyUI-GeometryPack] Health check: ok
[18:59]   [ComfyUI] [SubprocessWorker] worker started/confirmed
[18:59]   Node executed (6 total), capturing...
[18:59]   [ComfyUI] [SubprocessWorker] serializing kwargs to shm...
[18:59]   [ComfyUI] [SubprocessWorker] created 1 shm blocks
[18:59]   [ComfyUI] [SubprocessWorker] sending request via socket...
[18:59]   [ComfyUI] [SubprocessWorker] call_id=56 sending call_method
[18:59]   [ComfyUI] [worker:ComfyUI-GeometryPack] INFO: Backend: libigl_arap
[18:59]   [ComfyUI] [worker:ComfyUI-GeometryPack] INFO: Input: 11381 vertices, 22704 faces
[18:59]   [ComfyUI] [worker:ComfyUI-GeometryPack] INFO: Parameters: iterations=10
[18:59]   Frame 9 saved (frame_008.jpg, t=17.4s)
[18:59]   [capture-node] freeze=46ms shot=177ms unfreeze=4ms saved=True
[19:01]   [capture-loop] iter=150 t=19.7s state={'complete': False, 'error': None, 'executedCount': 6, 'wsState': 1} eval_ms=4 ram=10.8/31.9GB (34%) swap=0.3/12.3GB (2%) cpu=8% browser_rss=0.92GB
[19:02]   Frame 10 saved (frame_009.jpg, t=19.8s)
[19:02]   [capture-periodic] freeze=3ms shot=123ms unfreeze=3ms saved=True
[19:03]   [ComfyUI] [worker:ComfyUI-GeometryPack] INFO: Output: 11381 vertices, 22704 faces
[19:03]   [ComfyUI] [SubprocessWorker] got response: ok
[19:03]   [ComfyUI] [comfy-env] GeomPackUV_LibiglARAP done (4.01s): result: NodeOutput
[19:03]   [ComfyUI] [VRAM] After GeomPackUV_LibiglARAP: 1042 / 12287 MB
[19:03]   [ComfyUI] [comfy-env] Running GeomPackPreviewMeshUV: show_checker: False, show_wireframe: True, trimesh: Trimesh
[19:03]   [ComfyUI] [VRAM] Before GeomPackPreviewMeshUV: 1042 / 12287 MB
[19:03]   [ComfyUI] [SubprocessWorker] call_method: nodes.main.visualization.preview_mesh_uv.PreviewMeshUVNode.EXECUTE_NORMALIZED
[19:03]   [ComfyUI] [SubprocessWorker] acquired lock, ensuring started...
[19:03]   [ComfyUI] [ComfyUI-GeometryPack] Health check: ping (timeout=5.0s)...
[19:03]   [ComfyUI] [ComfyUI-GeometryPack] Health check: ok
[19:03]   [ComfyUI] [SubprocessWorker] worker started/confirmed
[19:03]   [ComfyUI] [SubprocessWorker] serializing kwargs to shm...
[19:03]   [ComfyUI] [SubprocessWorker] created 1 shm blocks
[19:03]   [ComfyUI] [SubprocessWorker] sending request via socket...
[19:03]   Node executed (7 total), capturing...
[19:03]   [ComfyUI] [SubprocessWorker] call_id=57 sending call_method
[19:03]   [ComfyUI] [worker:ComfyUI-GeometryPack] INFO: Preparing preview: Mesh - 11381 vertices, 22704 faces
[19:03]   [ComfyUI] [worker:ComfyUI-GeometryPack] INFO: Found UV data: 11381 UV coordinates
[19:03]   [ComfyUI] [worker:ComfyUI-GeometryPack] INFO: UV stats: range=[1. 1.], in_unit_square=True, coverage=0.7572
[19:03]   [ComfyUI] [worker:ComfyUI-GeometryPack] INFO: Exported mesh to: C:\workspaces\GeometryPack-0746\ComfyUI\output\preview_uv_588c3648.glb
[19:03]   Frame 11 saved (frame_010.jpg, t=21.4s)
[19:03]   [capture-node] freeze=4ms shot=114ms unfreeze=4ms saved=True
[19:03]   [ComfyUI] [worker:ComfyUI-GeometryPack] INFO: Exported UV data to: C:\workspaces\GeometryPack-0746\ComfyUI\output\preview_uv_70d3e3c9_uvdata.json
[19:03]   [ComfyUI] [worker:ComfyUI-GeometryPack] INFO: Preview ready: has_uvs=True, checker=False, wireframe=True
[19:03]   [ComfyUI] [SubprocessWorker] got response: ok
[19:03]   [ComfyUI] [comfy-env] GeomPackPreviewMeshUV done (0.56s): result: NodeOutput
[19:03]   [ComfyUI] [VRAM] After GeomPackPreviewMeshUV: 1042 / 12287 MB
[19:03]   [ComfyUI] [comfy-env] Running GeomPackUV_BlenderCylinder: trimesh: Trimesh, cylinder_radius: 0.9, scale_to_bounds: 'true'
[19:03]   [ComfyUI] [VRAM] Before GeomPackUV_BlenderCylinder: 1042 / 12287 MB
[19:03]   [ComfyUI] [SubprocessWorker] call_method: nodes.blender.uv.backends.blender_cylinder.UVBlenderCylinderNode.EXECUTE_NORMALIZED
[19:03]   [ComfyUI] [SubprocessWorker] acquired lock, ensuring started...
[19:03]   [ComfyUI] [ComfyUI-GeometryPack] Health check: ping (timeout=5.0s)...
[19:03]   [ComfyUI] [ComfyUI-GeometryPack] Health check: ok
[19:03]   [ComfyUI] [SubprocessWorker] worker started/confirmed
[19:03]   [ComfyUI] [SubprocessWorker] serializing kwargs to shm...
[19:03]   Node executed (8 total), capturing...
[19:03]   [ComfyUI] [SubprocessWorker] created 1 shm blocks
[19:03]   [ComfyUI] [SubprocessWorker] sending request via socket...
[19:03]   [ComfyUI] [SubprocessWorker] call_id=5 sending call_method
[19:04]   Frame 12 saved (frame_011.jpg, t=22.0s)
[19:04]   [capture-node] freeze=49ms shot=152ms unfreeze=7ms saved=True
[19:04]   [ComfyUI] [SubprocessWorker] got response: ok
[19:04]   [ComfyUI] [comfy-env] GeomPackUV_BlenderCylinder done (0.63s): result: NodeOutput
[19:04]   [ComfyUI] [VRAM] After GeomPackUV_BlenderCylinder: 1042 / 12287 MB
[19:04]   [ComfyUI] [comfy-env] Running GeomPackPreviewMeshUV: show_checker: False, show_wireframe: True, trimesh: Trimesh
[19:04]   [ComfyUI] [VRAM] Before GeomPackPreviewMeshUV: 1042 / 12287 MB
[19:04]   [ComfyUI] [SubprocessWorker] call_method: nodes.main.visualization.preview_mesh_uv.PreviewMeshUVNode.EXECUTE_NORMALIZED
[19:04]   [ComfyUI] [SubprocessWorker] acquired lock, ensuring started...
[19:04]   [ComfyUI] [ComfyUI-GeometryPack] Health check: ping (timeout=5.0s)...
[19:04]   [ComfyUI] [ComfyUI-GeometryPack] Health check: ok
[19:04]   [ComfyUI] [SubprocessWorker] worker started/confirmed
[19:04]   [ComfyUI] [SubprocessWorker] serializing kwargs to shm...
[19:04]   [ComfyUI] [SubprocessWorker] created 1 shm blocks
[19:04]   [ComfyUI] [SubprocessWorker] sending request via socket...
[19:04]   Node executed (9 total), capturing...
[19:04]   [ComfyUI] [SubprocessWorker] call_id=58 sending call_method
[19:04]   [ComfyUI] [worker:ComfyUI-GeometryPack] INFO: Preparing preview: Mesh - 11428 vertices, 22704 faces
[19:04]   [ComfyUI] [worker:ComfyUI-GeometryPack] INFO: Found UV data: 11428 UV coordinates
[19:04]   [ComfyUI] [worker:ComfyUI-GeometryPack] INFO: UV stats: range=[1. 1.], in_unit_square=True, coverage=0.6828
[19:04]   [ComfyUI] [worker:ComfyUI-GeometryPack] INFO: Exported mesh to: C:\workspaces\GeometryPack-0746\ComfyUI\output\preview_uv_6c10e1b2.glb
[19:04]   Frame 13 saved (frame_012.jpg, t=22.6s)
[19:04]   [capture-node] freeze=3ms shot=123ms unfreeze=4ms saved=True
[19:05]   [ComfyUI] [worker:ComfyUI-GeometryPack] INFO: Exported UV data to: C:\workspaces\GeometryPack-0746\ComfyUI\output\preview_uv_f5bfff61_uvdata.json
[19:05]   [ComfyUI] [worker:ComfyUI-GeometryPack] INFO: Preview ready: has_uvs=True, checker=False, wireframe=True
[19:05]   [ComfyUI] [SubprocessWorker] got response: ok
[19:05]   [ComfyUI] [comfy-env] GeomPackPreviewMeshUV done (0.55s): result: NodeOutput
[19:05]   [ComfyUI] [VRAM] After GeomPackPreviewMeshUV: 1042 / 12287 MB
[19:05]   [ComfyUI] [comfy-env] Running GeomPackUV_BlenderCube: trimesh: Trimesh, cube_size: 1.0, scale_to_bounds: 'true'
[19:05]   [ComfyUI] [VRAM] Before GeomPackUV_BlenderCube: 1042 / 12287 MB
[19:05]   [ComfyUI] [SubprocessWorker] call_method: nodes.blender.uv.backends.blender_cube.UVBlenderCubeNode.EXECUTE_NORMALIZED
[19:05]   [ComfyUI] [SubprocessWorker] acquired lock, ensuring started...
[19:05]   [ComfyUI] [ComfyUI-GeometryPack] Health check: ping (timeout=5.0s)...
[19:05]   [ComfyUI] [ComfyUI-GeometryPack] Health check: ok
[19:05]   [ComfyUI] [SubprocessWorker] worker started/confirmed
[19:05]   [ComfyUI] [SubprocessWorker] serializing kwargs to shm...
[19:05]   [ComfyUI] [SubprocessWorker] created 1 shm blocks
[19:05]   [ComfyUI] [SubprocessWorker] sending request via socket...
[19:05]   [ComfyUI] [SubprocessWorker] call_id=6 sending call_method
[19:05]   Node executed (10 total), capturing...
[19:05]   Frame 14 saved (frame_013.jpg, t=23.2s)
[19:05]   [capture-node] freeze=11ms shot=152ms unfreeze=5ms saved=True
[19:05]   [ComfyUI] [SubprocessWorker] got response: ok
[19:05]   [ComfyUI] [comfy-env] GeomPackUV_BlenderCube done (0.62s): result: NodeOutput
[19:05]   [ComfyUI] [VRAM] After GeomPackUV_BlenderCube: 1042 / 12287 MB
[19:05]   [ComfyUI] [comfy-env] Running GeomPackPreviewMeshUV: show_checker: False, show_wireframe: True, trimesh: Trimesh
[19:05]   [ComfyUI] [VRAM] Before GeomPackPreviewMeshUV: 1042 / 12287 MB
[19:05]   [ComfyUI] [SubprocessWorker] call_method: nodes.main.visualization.preview_mesh_uv.PreviewMeshUVNode.EXECUTE_NORMALIZED
[19:05]   [ComfyUI] [SubprocessWorker] acquired lock, ensuring started...
[19:05]   [ComfyUI] [ComfyUI-GeometryPack] Health check: ping (timeout=5.0s)...
[19:05]   [ComfyUI] [ComfyUI-GeometryPack] Health check: ok
[19:05]   [ComfyUI] [SubprocessWorker] worker started/confirmed
[19:05]   [ComfyUI] [SubprocessWorker] serializing kwargs to shm...
[19:05]   Node executed (11 total), capturing...
[19:05]   [ComfyUI] [SubprocessWorker] created 1 shm blocks
[19:05]   [ComfyUI] [SubprocessWorker] sending request via socket...
[19:05]   [ComfyUI] [SubprocessWorker] call_id=59 sending call_method
[19:05]   [ComfyUI] [worker:ComfyUI-GeometryPack] INFO: Preparing preview: Mesh - 13121 vertices, 22704 faces
[19:05]   [ComfyUI] [worker:ComfyUI-GeometryPack] INFO: Found UV data: 13121 UV coordinates
[19:05]   [ComfyUI] [worker:ComfyUI-GeometryPack] INFO: UV stats: range=[1.         0.99999994], in_unit_square=True, coverage=2.1432
[19:05]   [ComfyUI] [worker:ComfyUI-GeometryPack] INFO: Exported mesh to: C:\workspaces\GeometryPack-0746\ComfyUI\output\preview_uv_d16f6b28.glb
[19:06]   Frame 15 saved (frame_014.jpg, t=23.8s)
[19:06]   [capture-node] freeze=4ms shot=132ms unfreeze=8ms saved=True
[19:06]   [ComfyUI] [worker:ComfyUI-GeometryPack] INFO: Exported UV data to: C:\workspaces\GeometryPack-0746\ComfyUI\output\preview_uv_dfb9e2a4_uvdata.json
[19:06]   [ComfyUI] [worker:ComfyUI-GeometryPack] INFO: Preview ready: has_uvs=True, checker=False, wireframe=True
[19:06]   [ComfyUI] [SubprocessWorker] got response: ok
[19:06]   [ComfyUI] [comfy-env] GeomPackPreviewMeshUV done (0.57s): result: NodeOutput
[19:06]   [ComfyUI] [VRAM] After GeomPackPreviewMeshUV: 1042 / 12287 MB
[19:06]   [ComfyUI] [comfy-env] Running GeomPackUV_BlenderSphere: trimesh: Trimesh, scale_to_bounds: 'true'
[19:06]   [ComfyUI] [VRAM] Before GeomPackUV_BlenderSphere: 1042 / 12287 MB
[19:06]   [ComfyUI] [SubprocessWorker] call_method: nodes.blender.uv.backends.blender_sphere.UVBlenderSphereNode.EXECUTE_NORMALIZED
[19:06]   [ComfyUI] [SubprocessWorker] acquired lock, ensuring started...
[19:06]   [ComfyUI] [ComfyUI-GeometryPack] Health check: ping (timeout=5.0s)...
[19:06]   [ComfyUI] [ComfyUI-GeometryPack] Health check: ok
[19:06]   [ComfyUI] [SubprocessWorker] worker started/confirmed
[19:06]   [ComfyUI] [SubprocessWorker] serializing kwargs to shm...
[19:06]   [ComfyUI] [SubprocessWorker] created 1 shm blocks
[19:06]   Node executed (12 total), capturing...
[19:06]   [ComfyUI] [SubprocessWorker] sending request via socket...
[19:06]   [ComfyUI] [SubprocessWorker] call_id=7 sending call_method
[19:06]   Frame 16 saved (frame_015.jpg, t=24.4s)
[19:06]   [capture-node] freeze=30ms shot=157ms unfreeze=4ms saved=True
[19:06]   [ComfyUI] [SubprocessWorker] got response: ok
[19:06]   [ComfyUI] [comfy-env] GeomPackUV_BlenderSphere done (0.63s): result: NodeOutput
[19:06]   [ComfyUI] [VRAM] After GeomPackUV_BlenderSphere: 1042 / 12287 MB
[19:06]   [ComfyUI] [comfy-env] Running GeomPackPreviewMeshUV: show_checker: False, show_wireframe: True, trimesh: Trimesh
[19:06]   [ComfyUI] [VRAM] Before GeomPackPreviewMeshUV: 1042 / 12287 MB
[19:06]   [ComfyUI] [SubprocessWorker] call_method: nodes.main.visualization.preview_mesh_uv.PreviewMeshUVNode.EXECUTE_NORMALIZED
[19:06]   [ComfyUI] [SubprocessWorker] acquired lock, ensuring started...
[19:06]   [ComfyUI] [ComfyUI-GeometryPack] Health check: ping (timeout=5.0s)...
[19:06]   Node executed (13 total), capturing...
[19:06]   [ComfyUI] [ComfyUI-GeometryPack] Health check: ok
[19:06]   [ComfyUI] [SubprocessWorker] worker started/confirmed
[19:06]   [ComfyUI] [SubprocessWorker] serializing kwargs to shm...
[19:06]   [ComfyUI] [SubprocessWorker] created 1 shm blocks
[19:06]   [ComfyUI] [SubprocessWorker] sending request via socket...
[19:06]   [ComfyUI] [SubprocessWorker] call_id=60 sending call_method
[19:06]   [ComfyUI] [worker:ComfyUI-GeometryPack] INFO: Preparing preview: Mesh - 11428 vertices, 22704 faces
[19:06]   [ComfyUI] [worker:ComfyUI-GeometryPack] INFO: Found UV data: 11428 UV coordinates
[19:07]   [ComfyUI] [worker:ComfyUI-GeometryPack] INFO: UV stats: range=[1. 1.], in_unit_square=True, coverage=0.6251
[19:07]   [ComfyUI] [worker:ComfyUI-GeometryPack] INFO: Exported mesh to: C:\workspaces\GeometryPack-0746\ComfyUI\output\preview_uv_38a468a2.glb
[19:07]   Frame 17 saved (frame_016.jpg, t=25.0s)
[19:07]   [capture-node] freeze=4ms shot=122ms unfreeze=4ms saved=True
[19:07]   [ComfyUI] [worker:ComfyUI-GeometryPack] INFO: Exported UV data to: C:\workspaces\GeometryPack-0746\ComfyUI\output\preview_uv_2c6a0324_uvdata.json
[19:07]   [ComfyUI] [worker:ComfyUI-GeometryPack] INFO: Preview ready: has_uvs=True, checker=False, wireframe=True
[19:07]   [ComfyUI] [SubprocessWorker] got response: ok
[19:07]   [ComfyUI] [comfy-env] GeomPackPreviewMeshUV done (0.57s): result: NodeOutput
[19:07]   [ComfyUI] [VRAM] After GeomPackPreviewMeshUV: 1042 / 12287 MB
[19:07]   [ComfyUI] [comfy-env] Running GeomPackUV_LibiglLSCM: trimesh: Trimesh
[19:07]   Node executed (14 total), capturing...
[19:07]   [ComfyUI] [VRAM] Before GeomPackUV_LibiglLSCM: 1042 / 12287 MB
[19:07]   [ComfyUI] [SubprocessWorker] call_method: nodes.main.uv.backends.libigl_lscm.UVLibiglLSCMNode.EXECUTE_NORMALIZED
[19:07]   [ComfyUI] [SubprocessWorker] acquired lock, ensuring started...
[19:07]   [ComfyUI] [ComfyUI-GeometryPack] Health check: ping (timeout=5.0s)...
[19:07]   [ComfyUI] [ComfyUI-GeometryPack] Health check: ok
[19:07]   [ComfyUI] [SubprocessWorker] worker started/confirmed
[19:07]   [ComfyUI] [SubprocessWorker] serializing kwargs to shm...
[19:07]   [ComfyUI] [SubprocessWorker] created 1 shm blocks
[19:07]   [ComfyUI] [SubprocessWorker] sending request via socket...
[19:07]   [ComfyUI] [SubprocessWorker] call_id=61 sending call_method
[19:07]   [ComfyUI] [worker:ComfyUI-GeometryPack] INFO: Backend: libigl_lscm
[19:07]   [ComfyUI] [worker:ComfyUI-GeometryPack] INFO: Input: 11381 vertices, 22704 faces
[19:07]   [ComfyUI] [worker:ComfyUI-GeometryPack] INFO: Output: 11381 vertices, 22704 faces
[19:07]   [ComfyUI] [SubprocessWorker] got response: ok
[19:07]   [ComfyUI] [comfy-env] GeomPackUV_LibiglLSCM done (0.29s): result: NodeOutput
[19:07]   [ComfyUI] [VRAM] After GeomPackUV_LibiglLSCM: 1042 / 12287 MB
[19:07]   [ComfyUI] [comfy-env] Running GeomPackPreviewMeshUV: show_checker: False, show_wireframe: True, trimesh: Trimesh
[19:07]   [ComfyUI] [VRAM] Before GeomPackPreviewMeshUV: 1042 / 12287 MB
[19:07]   [ComfyUI] [SubprocessWorker] call_method: nodes.main.visualization.preview_mesh_uv.PreviewMeshUVNode.EXECUTE_NORMALIZED
[19:07]   [ComfyUI] [SubprocessWorker] acquired lock, ensuring started...
[19:07]   [ComfyUI] [ComfyUI-GeometryPack] Health check: ping (timeout=5.0s)...
[19:07]   [ComfyUI] [ComfyUI-GeometryPack] Health check: ok
[19:07]   [ComfyUI] [SubprocessWorker] worker started/confirmed
[19:07]   [ComfyUI] [SubprocessWorker] serializing kwargs to shm...
[19:07]   [ComfyUI] [SubprocessWorker] created 1 shm blocks
[19:07]   [ComfyUI] [SubprocessWorker] sending request via socket...
[19:07]   [ComfyUI] [SubprocessWorker] call_id=62 sending call_method
[19:07]   [ComfyUI] [worker:ComfyUI-GeometryPack] INFO: Preparing preview: Mesh - 11381 vertices, 22704 faces
[19:07]   [ComfyUI] [worker:ComfyUI-GeometryPack] INFO: Found UV data: 11381 UV coordinates
[19:07]   Frame 18 saved (frame_017.jpg, t=25.6s)
[19:07]   [capture-node] freeze=47ms shot=187ms unfreeze=7ms saved=True
[19:08]   Node executed (15 total), capturing...
[19:08]   [ComfyUI] [worker:ComfyUI-GeometryPack] INFO: UV stats: range=[1. 1.], in_unit_square=True, coverage=0.6778
[19:08]   [ComfyUI] [worker:ComfyUI-GeometryPack] INFO: Exported mesh to: C:\workspaces\GeometryPack-0746\ComfyUI\output\preview_uv_5a1bc6a0.glb
[19:08]   [ComfyUI] [worker:ComfyUI-GeometryPack] INFO: Exported UV data to: C:\workspaces\GeometryPack-0746\ComfyUI\output\preview_uv_241aa9e9_uvdata.json
[19:08]   [ComfyUI] [worker:ComfyUI-GeometryPack] INFO: Preview ready: has_uvs=True, checker=False, wireframe=True
[19:08]   [ComfyUI] [SubprocessWorker] got response: ok
[19:08]   [ComfyUI] [comfy-env] GeomPackPreviewMeshUV done (0.54s): result: NodeOutput
[19:08]   [ComfyUI] [VRAM] After GeomPackPreviewMeshUV: 1042 / 12287 MB
[19:08]   [ComfyUI] [comfy-env] Running GeomPackUV_LibiglHarmonic: trimesh: Trimesh
[19:08]   [ComfyUI] [VRAM] Before GeomPackUV_LibiglHarmonic: 1042 / 12287 MB
[19:08]   [ComfyUI] [SubprocessWorker] call_method: nodes.main.uv.backends.libigl_harmonic.UVLibiglHarmonicNode.EXECUTE_NORMALIZED
[19:08]   [ComfyUI] [SubprocessWorker] acquired lock, ensuring started...
[19:08]   [ComfyUI] [ComfyUI-GeometryPack] Health check: ping (timeout=5.0s)...
[19:08]   [ComfyUI] [ComfyUI-GeometryPack] Health check: ok
[19:08]   [ComfyUI] [SubprocessWorker] worker started/confirmed
[19:08]   [ComfyUI] [SubprocessWorker] serializing kwargs to shm...
[19:08]   [ComfyUI] [SubprocessWorker] created 1 shm blocks
[19:08]   [ComfyUI] [SubprocessWorker] sending request via socket...
[19:08]   [ComfyUI] [SubprocessWorker] call_id=63 sending call_method
[19:08]   Frame 19 saved (frame_018.jpg, t=26.1s)
[19:08]   [ComfyUI] [worker:ComfyUI-GeometryPack] INFO: Backend: libigl_harmonic
[19:08]   [capture-node] freeze=3ms shot=110ms unfreeze=4ms saved=True
[19:08]   [ComfyUI] [worker:ComfyUI-GeometryPack] INFO: Input: 11381 vertices, 22704 faces
[19:08]   Node executed (16 total), capturing...
[19:08]   [ComfyUI] [worker:ComfyUI-GeometryPack] INFO: Output: 11381 vertices, 22704 faces
[19:08]   [ComfyUI] [SubprocessWorker] got response: ok
[19:08]   [ComfyUI] [comfy-env] GeomPackUV_LibiglHarmonic done (0.30s): result: NodeOutput
[19:08]   [ComfyUI] [VRAM] After GeomPackUV_LibiglHarmonic: 1042 / 12287 MB
[19:08]   [ComfyUI] [comfy-env] Running GeomPackPreviewMeshUV: show_checker: False, show_wireframe: True, trimesh: Trimesh
[19:08]   [ComfyUI] [VRAM] Before GeomPackPreviewMeshUV: 1042 / 12287 MB
[19:08]   [ComfyUI] [SubprocessWorker] call_method: nodes.main.visualization.preview_mesh_uv.PreviewMeshUVNode.EXECUTE_NORMALIZED
[19:08]   [ComfyUI] [SubprocessWorker] acquired lock, ensuring started...
[19:08]   [ComfyUI] [ComfyUI-GeometryPack] Health check: ping (timeout=5.0s)...
[19:08]   [ComfyUI] [ComfyUI-GeometryPack] Health check: ok
[19:08]   [ComfyUI] [SubprocessWorker] worker started/confirmed
[19:08]   [ComfyUI] [SubprocessWorker] serializing kwargs to shm...
[19:08]   [ComfyUI] [SubprocessWorker] created 1 shm blocks
[19:08]   [ComfyUI] [SubprocessWorker] sending request via socket...
[19:08]   [ComfyUI] [SubprocessWorker] call_id=64 sending call_method
[19:08]   [ComfyUI] [worker:ComfyUI-GeometryPack] INFO: Preparing preview: Mesh - 11381 vertices, 22704 faces
[19:08]   [ComfyUI] [worker:ComfyUI-GeometryPack] INFO: Found UV data: 11381 UV coordinates
[19:08]   Frame 20 saved (frame_019.jpg, t=26.6s)
[19:08]   [capture-node] freeze=3ms shot=122ms unfreeze=5ms saved=True
[19:08]   [ComfyUI] [worker:ComfyUI-GeometryPack] INFO: UV stats: range=[1. 1.], in_unit_square=True, coverage=0.7838
[19:08]   [ComfyUI] [worker:ComfyUI-GeometryPack] INFO: Exported mesh to: C:\workspaces\GeometryPack-0746\ComfyUI\output\preview_uv_ffd6f2e6.glb
[19:08]   Node executed (17 total), capturing...
[19:09]   [ComfyUI] [worker:ComfyUI-GeometryPack] INFO: Exported UV data to: C:\workspaces\GeometryPack-0746\ComfyUI\output\preview_uv_05165893_uvdata.json
[19:09]   [ComfyUI] [worker:ComfyUI-GeometryPack] INFO: Preview ready: has_uvs=True, checker=False, wireframe=True
[19:09]   [ComfyUI] [SubprocessWorker] got response: ok
[19:09]   [ComfyUI] [comfy-env] GeomPackPreviewMeshUV done (0.55s): result: NodeOutput
[19:09]   [ComfyUI] [VRAM] After GeomPackPreviewMeshUV: 1042 / 12287 MB
[19:09]   [ComfyUI] Prompt executed in 26.88 seconds
[19:09]   Frame 21 saved (frame_020.jpg, t=27.1s)
[19:09]   [capture-node] freeze=9ms shot=116ms unfreeze=6ms saved=True
[19:09]   Node executed (18 total), capturing...
[19:09]   Frame 22 saved (frame_021.jpg, t=27.5s)
[19:09]   [capture-node] freeze=9ms shot=145ms unfreeze=0ms saved=True
[19:09]   Execution complete (t=27.5s)
[19:09]   Captured 22 unique frames over 27.71s
[19:09]   [debug] iframes: 9
[19:09]   [debug]   iframe[0]: src=http://127.0.0.1:41883/extensions/ComfyUI-GeometryPack/viewer_uv.html?v=17782202, canvas=287x287, rafFrozen=True
[19:09]   [debug]   iframe[1]: src=http://127.0.0.1:41883/extensions/ComfyUI-GeometryPack/viewer_uv.html?v=17782202, canvas=287x287, rafFrozen=True
[19:09]   [debug]   iframe[2]: src=http://127.0.0.1:41883/extensions/ComfyUI-GeometryPack/viewer_uv.html?v=17782202, canvas=287x287, rafFrozen=True
[19:09]   [debug]   iframe[3]: src=http://127.0.0.1:41883/extensions/ComfyUI-GeometryPack/viewer_uv.html?v=17782202, canvas=287x287, rafFrozen=True
[19:09]   [debug]   iframe[4]: src=http://127.0.0.1:41883/extensions/ComfyUI-GeometryPack/viewer_uv.html?v=17782202, canvas=287x287, rafFrozen=True
[19:09]   [debug]   iframe[5]: src=http://127.0.0.1:41883/extensions/ComfyUI-GeometryPack/viewer_uv.html?v=17782202, canvas=287x287, rafFrozen=True
[19:09]   [debug]   iframe[6]: src=http://127.0.0.1:41883/extensions/ComfyUI-GeometryPack/viewer_uv.html?v=17782202, canvas=287x287, rafFrozen=True
[19:09]   [debug]   iframe[7]: src=http://127.0.0.1:41883/extensions/ComfyUI-GeometryPack/viewer_uv.html?v=17782202, canvas=287x287, rafFrozen=True
[19:09]   [debug]   iframe[8]: src=http://127.0.0.1:41883/extensions/ComfyUI-GeometryPack/viewer_uv.html?v=17782202, canvas=287x287, rafFrozen=True
[19:09]   [timing] trigger_3d_previews: 0.0s
[19:12]   Saved high-quality screenshot: uv_unwrap_all_executed.png
[19:12]   [timing] final_screenshot: 0.2s
[19:12]   [31/33] SKIPPED (not in gpu list) transform.json
[19:12]   [32/33] SKIPPED (not in gpu list) uv_unwrap.json
[19:13]   [33/33] SKIPPED (not in gpu list) view_texture.json
[19:13] Results saved to C:\logs\GeometryPack-0746\dev\windows-gpu\results.json
[19:14] Saved: C:\logs\GeometryPack-0746\dev\windows-gpu\index.html
[19:14] [EXECUTION] PASSED
[19:14] 
windows: PASSED
[19:14] Stopping ComfyUI server...
