Capturing execution frames: fill_holes_all.json
  Frame 1 saved (frame_000.jpg, t=0.0s)
  Validating workflow...
  [ComfyUI] === /validate endpoint called ===
  [ComfyUI] === /validate endpoint called ===
  [ComfyUI] === /validate endpoint called ===
  [ComfyUI] === /validate endpoint called ===
  [ComfyUI] === /validate endpoint called ===
  [ComfyUI] === /validate endpoint called ===
  [ComfyUI] === /validate endpoint called ===
  [ComfyUI] === /validate endpoint called ===
  [ComfyUI] === /validate endpoint called ===
  [ComfyUI] === /validate endpoint called ===
  [ComfyUI] === /validate endpoint called ===
  [ComfyUI] === /validate endpoint called ===
  [ComfyUI] === /validate endpoint called ===
  [ComfyUI] === /validate endpoint called ===
  [ComfyUI] === /validate endpoint called ===
  [ComfyUI] === /validate endpoint called ===
  [ComfyUI] === /validate endpoint called ===
  [ComfyUI] === /validate endpoint called ===
  [ComfyUI] === /validate endpoint called ===
  [ComfyUI] === /validate endpoint called ===
  [ComfyUI] === /validate endpoint called ===
  [ComfyUI] === /validate endpoint called ===
  [ComfyUI] === /validate endpoint called ===
  [ComfyUI] Received JSON with keys: ['prompt']
  [ComfyUI] Received JSON with keys: ['prompt']
  [ComfyUI] Received JSON with keys: ['prompt']
  [ComfyUI] Received JSON with keys: ['prompt']
  [ComfyUI] Received JSON with keys: ['prompt']
  [ComfyUI] Received JSON with keys: ['prompt']
  [ComfyUI] Received JSON with keys: ['prompt']
  [ComfyUI] Received JSON with keys: ['prompt']
  [ComfyUI] Received JSON with keys: ['prompt']
  [ComfyUI] Received JSON with keys: ['prompt']
  [ComfyUI] Received JSON with keys: ['prompt']
  [ComfyUI] Received JSON with keys: ['prompt']
  [ComfyUI] Received JSON with keys: ['prompt']
  [ComfyUI] Received JSON with keys: ['prompt']
  [ComfyUI] Received JSON with keys: ['prompt']
  [ComfyUI] Received JSON with keys: ['prompt']
  [ComfyUI] Received JSON with keys: ['prompt']
  [ComfyUI] Received JSON with keys: ['prompt']
  [ComfyUI] Received JSON with keys: ['prompt']
  [ComfyUI] Received JSON with keys: ['prompt']
  [ComfyUI] Received JSON with keys: ['prompt']
  [ComfyUI] Received JSON with keys: ['prompt']
  [ComfyUI] Received JSON with keys: ['prompt']
  Queuing workflow for execution...
  [ComfyUI] Prompt has 8 nodes
  [ComfyUI] Prompt has 8 nodes
  [ComfyUI] Prompt has 8 nodes
  [ComfyUI] Prompt has 8 nodes
  [ComfyUI] Prompt has 8 nodes
  [ComfyUI] Prompt has 8 nodes
  [ComfyUI] Prompt has 8 nodes
  [ComfyUI] Prompt has 8 nodes
  [ComfyUI] Prompt has 8 nodes
  [ComfyUI] Prompt has 8 nodes
  [ComfyUI] Prompt has 8 nodes
  [ComfyUI] Prompt has 8 nodes
  [ComfyUI] Prompt has 8 nodes
  [ComfyUI] Prompt has 8 nodes
  [ComfyUI] Prompt has 8 nodes
  [ComfyUI] Prompt has 8 nodes
  [ComfyUI] Prompt has 8 nodes
  [ComfyUI] Prompt has 8 nodes
  [ComfyUI] Prompt has 8 nodes
  [ComfyUI] Prompt has 8 nodes
  [ComfyUI] Prompt has 8 nodes
  [ComfyUI] Prompt has 8 nodes
  [ComfyUI] Prompt has 8 nodes
  [ComfyUI]   Node 1: GeomPackLoadMesh
  [ComfyUI]   Node 1: GeomPackLoadMesh
  [ComfyUI]   Node 1: GeomPackLoadMesh
  [ComfyUI]   Node 1: GeomPackLoadMesh
  [ComfyUI]   Node 1: GeomPackLoadMesh
  [ComfyUI]   Node 1: GeomPackLoadMesh
  [ComfyUI]   Node 1: GeomPackLoadMesh
  [ComfyUI]   Node 1: GeomPackLoadMesh
  [ComfyUI]   Node 1: GeomPackLoadMesh
  [ComfyUI]   Node 1: GeomPackLoadMesh
  [ComfyUI]   Node 1: GeomPackLoadMesh
  [ComfyUI]   Node 1: GeomPackLoadMesh
  [ComfyUI]   Node 1: GeomPackLoadMesh
  [ComfyUI]   Node 1: GeomPackLoadMesh
  [ComfyUI]   Node 1: GeomPackLoadMesh
  [ComfyUI]   Node 1: GeomPackLoadMesh
  [ComfyUI]   Node 1: GeomPackLoadMesh
  [ComfyUI]   Node 1: GeomPackLoadMesh
  [ComfyUI]   Node 1: GeomPackLoadMesh
  [ComfyUI]   Node 1: GeomPackLoadMesh
  [ComfyUI]   Node 1: GeomPackLoadMesh
  [ComfyUI]   Node 1: GeomPackLoadMesh
  [ComfyUI]   Node 1: GeomPackLoadMesh
  [ComfyUI]     Inputs: {"file_path": "3d/camelhead.off"}
  [ComfyUI]     Inputs: {"file_path": "3d/camelhead.off"}
  [ComfyUI]     Inputs: {"file_path": "3d/camelhead.off"}
  [ComfyUI]     Inputs: {"file_path": "3d/camelhead.off"}
  [ComfyUI]     Inputs: {"file_path": "3d/camelhead.off"}
  [ComfyUI]     Inputs: {"file_path": "3d/camelhead.off"}
  [ComfyUI]     Inputs: {"file_path": "3d/camelhead.off"}
  [ComfyUI]     Inputs: {"file_path": "3d/camelhead.off"}
  [ComfyUI]     Inputs: {"file_path": "3d/camelhead.off"}
  [ComfyUI]     Inputs: {"file_path": "3d/camelhead.off"}
  [ComfyUI]     Inputs: {"file_path": "3d/camelhead.off"}
  [ComfyUI]     Inputs: {"file_path": "3d/camelhead.off"}
  [ComfyUI]     Inputs: {"file_path": "3d/camelhead.off"}
  [ComfyUI]     Inputs: {"file_path": "3d/camelhead.off"}
  [ComfyUI]     Inputs: {"file_path": "3d/camelhead.off"}
  [ComfyUI]     Inputs: {"file_path": "3d/camelhead.off"}
  [ComfyUI]     Inputs: {"file_path": "3d/camelhead.off"}
  [ComfyUI]     Inputs: {"file_path": "3d/camelhead.off"}
  [ComfyUI]     Inputs: {"file_path": "3d/camelhead.off"}
  [ComfyUI]     Inputs: {"file_path": "3d/camelhead.off"}
  [ComfyUI]     Inputs: {"file_path": "3d/camelhead.off"}
  [ComfyUI]     Inputs: {"file_path": "3d/camelhead.off"}
  [ComfyUI]     Inputs: {"file_path": "3d/camelhead.off"}
  [ComfyUI]   Node 3: GeomPackFillHoles
  [ComfyUI]   Node 3: GeomPackFillHoles
  [ComfyUI]   Node 3: GeomPackFillHoles
  [ComfyUI]   Node 3: GeomPackFillHoles
  [ComfyUI]   Node 3: GeomPackFillHoles
  [ComfyUI]   Node 3: GeomPackFillHoles
  [ComfyUI]   Node 3: GeomPackFillHoles
  [ComfyUI]   Node 3: GeomPackFillHoles
  [ComfyUI]   Node 3: GeomPackFillHoles
  [ComfyUI]   Node 3: GeomPackFillHoles
  [ComfyUI]   Node 3: GeomPackFillHoles
  [ComfyUI]   Node 3: GeomPackFillHoles
  [ComfyUI]   Node 3: GeomPackFillHoles
  [ComfyUI]   Node 3: GeomPackFillHoles
  [ComfyUI]   Node 3: GeomPackFillHoles
  [ComfyUI]   Node 3: GeomPackFillHoles
  [ComfyUI]   Node 3: GeomPackFillHoles
  [ComfyUI]   Node 3: GeomPackFillHoles
  [ComfyUI]   Node 3: GeomPackFillHoles
  [ComfyUI]   Node 3: GeomPackFillHoles
  [ComfyUI]   Node 3: GeomPackFillHoles
  [ComfyUI]   Node 3: GeomPackFillHoles
  [ComfyUI]   Node 3: GeomPackFillHoles
  [ComfyUI]     Inputs: {"backend": "pymeshlab", "backend.maxholesize": 0, "report_panel": "false", "mesh": ["1", 0]}
  [ComfyUI]     Inputs: {"backend": "pymeshlab", "backend.maxholesize": 0, "report_panel": "false", "mesh": ["1", 0]}
  [ComfyUI]     Inputs: {"backend": "pymeshlab", "backend.maxholesize": 0, "report_panel": "false", "mesh": ["1", 0]}
  [ComfyUI]     Inputs: {"backend": "pymeshlab", "backend.maxholesize": 0, "report_panel": "false", "mesh": ["1", 0]}
  [ComfyUI]     Inputs: {"backend": "pymeshlab", "backend.maxholesize": 0, "report_panel": "false", "mesh": ["1", 0]}
  [ComfyUI]     Inputs: {"backend": "pymeshlab", "backend.maxholesize": 0, "report_panel": "false", "mesh": ["1", 0]}
  [ComfyUI]     Inputs: {"backend": "pymeshlab", "backend.maxholesize": 0, "report_panel": "false", "mesh": ["1", 0]}
  [ComfyUI]     Inputs: {"backend": "pymeshlab", "backend.maxholesize": 0, "report_panel": "false", "mesh": ["1", 0]}
  [ComfyUI]     Inputs: {"backend": "pymeshlab", "backend.maxholesize": 0, "report_panel": "false", "mesh": ["1", 0]}
  [ComfyUI]     Inputs: {"backend": "pymeshlab", "backend.maxholesize": 0, "report_panel": "false", "mesh": ["1", 0]}
  [ComfyUI]     Inputs: {"backend": "pymeshlab", "backend.maxholesize": 0, "report_panel": "false", "mesh": ["1", 0]}
  [ComfyUI]     Inputs: {"backend": "pymeshlab", "backend.maxholesize": 0, "report_panel": "false", "mesh": ["1", 0]}
  [ComfyUI]     Inputs: {"backend": "pymeshlab", "backend.maxholesize": 0, "report_panel": "false", "mesh": ["1", 0]}
  [ComfyUI]     Inputs: {"backend": "pymeshlab", "backend.maxholesize": 0, "report_panel": "false", "mesh": ["1", 0]}
  [ComfyUI]     Inputs: {"backend": "pymeshlab", "backend.maxholesize": 0, "report_panel": "false", "mesh": ["1", 0]}
  [ComfyUI]     Inputs: {"backend": "pymeshlab", "backend.maxholesize": 0, "report_panel": "false", "mesh": ["1", 0]}
  [ComfyUI]     Inputs: {"backend": "pymeshlab", "backend.maxholesize": 0, "report_panel": "false", "mesh": ["1", 0]}
  [ComfyUI]     Inputs: {"backend": "pymeshlab", "backend.maxholesize": 0, "report_panel": "false", "mesh": ["1", 0]}
  [ComfyUI]     Inputs: {"backend": "pymeshlab", "backend.maxholesize": 0, "report_panel": "false", "mesh": ["1", 0]}
  [ComfyUI]     Inputs: {"backend": "pymeshlab", "backend.maxholesize": 0, "report_panel": "false", "mesh": ["1", 0]}
  [ComfyUI]     Inputs: {"backend": "pymeshlab", "backend.maxholesize": 0, "report_panel": "false", "mesh": ["1", 0]}
  [ComfyUI]     Inputs: {"backend": "pymeshlab", "backend.maxholesize": 0, "report_panel": "false", "mesh": ["1", 0]}
  [ComfyUI]     Inputs: {"backend": "pymeshlab", "backend.maxholesize": 0, "report_panel": "false", "mesh": ["1", 0]}
  [ComfyUI]   Node 4: GeomPackFillHoles
  [ComfyUI]   Node 4: GeomPackFillHoles
  [ComfyUI]   Node 4: GeomPackFillHoles
  [ComfyUI]   Node 4: GeomPackFillHoles
  [ComfyUI]   Node 4: GeomPackFillHoles
  [ComfyUI]   Node 4: GeomPackFillHoles
  [ComfyUI]   Node 4: GeomPackFillHoles
  [ComfyUI]   Node 4: GeomPackFillHoles
  [ComfyUI]   Node 4: GeomPackFillHoles
  [ComfyUI]   Node 4: GeomPackFillHoles
  [ComfyUI]   Node 4: GeomPackFillHoles
  [ComfyUI]   Node 4: GeomPackFillHoles
  [ComfyUI]   Node 4: GeomPackFillHoles
  [ComfyUI]   Node 4: GeomPackFillHoles
  [ComfyUI]   Node 4: GeomPackFillHoles
  [ComfyUI]   Node 4: GeomPackFillHoles
  [ComfyUI]   Node 4: GeomPackFillHoles
  [ComfyUI]   Node 4: GeomPackFillHoles
  [ComfyUI]   Node 4: GeomPackFillHoles
  [ComfyUI]   Node 4: GeomPackFillHoles
  [ComfyUI]   Node 4: GeomPackFillHoles
  [ComfyUI]   Node 4: GeomPackFillHoles
  [ComfyUI]   Node 4: GeomPackFillHoles
  [ComfyUI]     Inputs: {"backend": "pymeshfix", "backend.max_edges": 0, "backend.refine": "true", "report_panel": "false", "mesh": ["1", 0]}
  [ComfyUI]     Inputs: {"backend": "pymeshfix", "backend.max_edges": 0, "backend.refine": "true", "report_panel": "false", "mesh": ["1", 0]}
  [ComfyUI]     Inputs: {"backend": "pymeshfix", "backend.max_edges": 0, "backend.refine": "true", "report_panel": "false", "mesh": ["1", 0]}
  [ComfyUI]     Inputs: {"backend": "pymeshfix", "backend.max_edges": 0, "backend.refine": "true", "report_panel": "false", "mesh": ["1", 0]}
  [ComfyUI]     Inputs: {"backend": "pymeshfix", "backend.max_edges": 0, "backend.refine": "true", "report_panel": "false", "mesh": ["1", 0]}
  [ComfyUI]     Inputs: {"backend": "pymeshfix", "backend.max_edges": 0, "backend.refine": "true", "report_panel": "false", "mesh": ["1", 0]}
  [ComfyUI]     Inputs: {"backend": "pymeshfix", "backend.max_edges": 0, "backend.refine": "true", "report_panel": "false", "mesh": ["1", 0]}
  [ComfyUI]     Inputs: {"backend": "pymeshfix", "backend.max_edges": 0, "backend.refine": "true", "report_panel": "false", "mesh": ["1", 0]}
  [ComfyUI]     Inputs: {"backend": "pymeshfix", "backend.max_edges": 0, "backend.refine": "true", "report_panel": "false", "mesh": ["1", 0]}
  [ComfyUI]     Inputs: {"backend": "pymeshfix", "backend.max_edges": 0, "backend.refine": "true", "report_panel": "false", "mesh": ["1", 0]}
  [ComfyUI]     Inputs: {"backend": "pymeshfix", "backend.max_edges": 0, "backend.refine": "true", "report_panel": "false", "mesh": ["1", 0]}
  [ComfyUI]     Inputs: {"backend": "pymeshfix", "backend.max_edges": 0, "backend.refine": "true", "report_panel": "false", "mesh": ["1", 0]}
  [ComfyUI]     Inputs: {"backend": "pymeshfix", "backend.max_edges": 0, "backend.refine": "true", "report_panel": "false", "mesh": ["1", 0]}
  [ComfyUI]     Inputs: {"backend": "pymeshfix", "backend.max_edges": 0, "backend.refine": "true", "report_panel": "false", "mesh": ["1", 0]}
  [ComfyUI]     Inputs: {"backend": "pymeshfix", "backend.max_edges": 0, "backend.refine": "true", "report_panel": "false", "mesh": ["1", 0]}
  [ComfyUI]     Inputs: {"backend": "pymeshfix", "backend.max_edges": 0, "backend.refine": "true", "report_panel": "false", "mesh": ["1", 0]}
  [ComfyUI]     Inputs: {"backend": "pymeshfix", "backend.max_edges": 0, "backend.refine": "true", "report_panel": "false", "mesh": ["1", 0]}
  [ComfyUI]     Inputs: {"backend": "pymeshfix", "backend.max_edges": 0, "backend.refine": "true", "report_panel": "false", "mesh": ["1", 0]}
  [ComfyUI]     Inputs: {"backend": "pymeshfix", "backend.max_edges": 0, "backend.refine": "true", "report_panel": "false", "mesh": ["1", 0]}
  [ComfyUI]     Inputs: {"backend": "pymeshfix", "backend.max_edges": 0, "backend.refine": "true", "report_panel": "false", "mesh": ["1", 0]}
  [ComfyUI]     Inputs: {"backend": "pymeshfix", "backend.max_edges": 0, "backend.refine": "true", "report_panel": "false", "mesh": ["1", 0]}
  [ComfyUI]     Inputs: {"backend": "pymeshfix", "backend.max_edges": 0, "backend.refine": "true", "report_panel": "false", "mesh": ["1", 0]}
  [ComfyUI]     Inputs: {"backend": "pymeshfix", "backend.max_edges": 0, "backend.refine": "true", "report_panel": "false", "mesh": ["1", 0]}
  [ComfyUI]   Node 5: GeomPackFillHoles
  [ComfyUI]   Node 5: GeomPackFillHoles
  [ComfyUI]   Node 5: GeomPackFillHoles
  [ComfyUI]   Node 5: GeomPackFillHoles
  [ComfyUI]   Node 5: GeomPackFillHoles
  [ComfyUI]   Node 5: GeomPackFillHoles
  [ComfyUI]   Node 5: GeomPackFillHoles
  [ComfyUI]   Node 5: GeomPackFillHoles
  [ComfyUI]   Node 5: GeomPackFillHoles
  [ComfyUI]   Node 5: GeomPackFillHoles
  [ComfyUI]   Node 5: GeomPackFillHoles
  [ComfyUI]   Node 5: GeomPackFillHoles
  [ComfyUI]   Node 5: GeomPackFillHoles
  [ComfyUI]   Node 5: GeomPackFillHoles
  [ComfyUI]   Node 5: GeomPackFillHoles
  [ComfyUI]   Node 5: GeomPackFillHoles
  [ComfyUI]   Node 5: GeomPackFillHoles
  [ComfyUI]   Node 5: GeomPackFillHoles
  [ComfyUI]   Node 5: GeomPackFillHoles
  [ComfyUI]   Node 5: GeomPackFillHoles
  [ComfyUI]   Node 5: GeomPackFillHoles
  [ComfyUI]   Node 5: GeomPackFillHoles
  [ComfyUI]   Node 5: GeomPackFillHoles
  [ComfyUI]     Inputs: {"backend": "igl_fan", "report_panel": "false", "mesh": ["1", 0]}
  [ComfyUI]     Inputs: {"backend": "igl_fan", "report_panel": "false", "mesh": ["1", 0]}
  [ComfyUI]     Inputs: {"backend": "igl_fan", "report_panel": "false", "mesh": ["1", 0]}
  [ComfyUI]     Inputs: {"backend": "igl_fan", "report_panel": "false", "mesh": ["1", 0]}
  [ComfyUI]     Inputs: {"backend": "igl_fan", "report_panel": "false", "mesh": ["1", 0]}
  [ComfyUI]     Inputs: {"backend": "igl_fan", "report_panel": "false", "mesh": ["1", 0]}
  [ComfyUI]     Inputs: {"backend": "igl_fan", "report_panel": "false", "mesh": ["1", 0]}
  [ComfyUI]     Inputs: {"backend": "igl_fan", "report_panel": "false", "mesh": ["1", 0]}
  [ComfyUI]     Inputs: {"backend": "igl_fan", "report_panel": "false", "mesh": ["1", 0]}
  [ComfyUI]     Inputs: {"backend": "igl_fan", "report_panel": "false", "mesh": ["1", 0]}
  [ComfyUI]     Inputs: {"backend": "igl_fan", "report_panel": "false", "mesh": ["1", 0]}
  [ComfyUI]     Inputs: {"backend": "igl_fan", "report_panel": "false", "mesh": ["1", 0]}
  [ComfyUI]     Inputs: {"backend": "igl_fan", "report_panel": "false", "mesh": ["1", 0]}
  [ComfyUI]     Inputs: {"backend": "igl_fan", "report_panel": "false", "mesh": ["1", 0]}
  [ComfyUI]     Inputs: {"backend": "igl_fan", "report_panel": "false", "mesh": ["1", 0]}
  [ComfyUI]     Inputs: {"backend": "igl_fan", "report_panel": "false", "mesh": ["1", 0]}
  [ComfyUI]     Inputs: {"backend": "igl_fan", "report_panel": "false", "mesh": ["1", 0]}
  [ComfyUI]     Inputs: {"backend": "igl_fan", "report_panel": "false", "mesh": ["1", 0]}
  [ComfyUI]     Inputs: {"backend": "igl_fan", "report_panel": "false", "mesh": ["1", 0]}
  [ComfyUI]     Inputs: {"backend": "igl_fan", "report_panel": "false", "mesh": ["1", 0]}
  [ComfyUI]     Inputs: {"backend": "igl_fan", "report_panel": "false", "mesh": ["1", 0]}
  [ComfyUI]     Inputs: {"backend": "igl_fan", "report_panel": "false", "mesh": ["1", 0]}
  [ComfyUI]     Inputs: {"backend": "igl_fan", "report_panel": "false", "mesh": ["1", 0]}
  [ComfyUI]   Node 6: GeomPackFillHoles
  [ComfyUI]   Node 6: GeomPackFillHoles
  [ComfyUI]   Node 6: GeomPackFillHoles
  [ComfyUI]   Node 6: GeomPackFillHoles
  [ComfyUI]   Node 6: GeomPackFillHoles
  [ComfyUI]   Node 6: GeomPackFillHoles
  [ComfyUI]   Node 6: GeomPackFillHoles
  [ComfyUI]   Node 6: GeomPackFillHoles
  [ComfyUI]   Node 6: GeomPackFillHoles
  [ComfyUI]   Node 6: GeomPackFillHoles
  [ComfyUI]   Node 6: GeomPackFillHoles
  [ComfyUI]   Node 6: GeomPackFillHoles
  [ComfyUI]   Node 6: GeomPackFillHoles
  [ComfyUI]   Node 6: GeomPackFillHoles
  [ComfyUI]   Node 6: GeomPackFillHoles
  [ComfyUI]   Node 6: GeomPackFillHoles
  [ComfyUI]   Node 6: GeomPackFillHoles
  [ComfyUI]   Node 6: GeomPackFillHoles
  [ComfyUI]   Node 6: GeomPackFillHoles
  [ComfyUI]   Node 6: GeomPackFillHoles
  [ComfyUI]   Node 6: GeomPackFillHoles
  [ComfyUI]   Node 6: GeomPackFillHoles
  [ComfyUI]   Node 6: GeomPackFillHoles
  [ComfyUI] [comfy-env] SubprocessWorker: C:\workspaces\GeometryPack-0758\portable-comfyui\ComfyUI_windows_portable\ComfyUI\.ce\.pixi\envs\geometrypack-main\python.exe
  [ComfyUI] [comfy-env] SubprocessWorker: C:\workspaces\GeometryPack-0758\portable-comfyui\ComfyUI_windows_portable\ComfyUI\.ce\.pixi\envs\geometrypack-main\python.exe
  [ComfyUI] [comfy-env] SubprocessWorker: C:\workspaces\GeometryPack-0758\portable-comfyui\ComfyUI_windows_portable\ComfyUI\.ce\.pixi\envs\geometrypack-main\python.exe
  [ComfyUI] [comfy-env] SubprocessWorker: C:\workspaces\GeometryPack-0758\portable-comfyui\ComfyUI_windows_portable\ComfyUI\.ce\.pixi\envs\geometrypack-main\python.exe
  [ComfyUI] [comfy-env] SubprocessWorker: C:\workspaces\GeometryPack-0758\portable-comfyui\ComfyUI_windows_portable\ComfyUI\.ce\.pixi\envs\geometrypack-main\python.exe
  [ComfyUI] [comfy-env] SubprocessWorker: C:\workspaces\GeometryPack-0758\portable-comfyui\ComfyUI_windows_portable\ComfyUI\.ce\.pixi\envs\geometrypack-main\python.exe
  [ComfyUI] [comfy-env] SubprocessWorker: C:\workspaces\GeometryPack-0758\portable-comfyui\ComfyUI_windows_portable\ComfyUI\.ce\.pixi\envs\geometrypack-main\python.exe
  [ComfyUI] [comfy-env] SubprocessWorker: C:\workspaces\GeometryPack-0758\portable-comfyui\ComfyUI_windows_portable\ComfyUI\.ce\.pixi\envs\geometrypack-main\python.exe
  [ComfyUI] [comfy-env] SubprocessWorker: C:\workspaces\GeometryPack-0758\portable-comfyui\ComfyUI_windows_portable\ComfyUI\.ce\.pixi\envs\geometrypack-main\python.exe
  [ComfyUI] [comfy-env] SubprocessWorker: C:\workspaces\GeometryPack-0758\portable-comfyui\ComfyUI_windows_portable\ComfyUI\.ce\.pixi\envs\geometrypack-main\python.exe
  [ComfyUI] [comfy-env] SubprocessWorker: C:\workspaces\GeometryPack-0758\portable-comfyui\ComfyUI_windows_portable\ComfyUI\.ce\.pixi\envs\geometrypack-main\python.exe
  [ComfyUI] [comfy-env] SubprocessWorker: C:\workspaces\GeometryPack-0758\portable-comfyui\ComfyUI_windows_portable\ComfyUI\.ce\.pixi\envs\geometrypack-main\python.exe
  [ComfyUI] [comfy-env] SubprocessWorker: C:\workspaces\GeometryPack-0758\portable-comfyui\ComfyUI_windows_portable\ComfyUI\.ce\.pixi\envs\geometrypack-main\python.exe
  [ComfyUI] [comfy-env] SubprocessWorker: C:\workspaces\GeometryPack-0758\portable-comfyui\ComfyUI_windows_portable\ComfyUI\.ce\.pixi\envs\geometrypack-main\python.exe
  [ComfyUI] [comfy-env] SubprocessWorker: C:\workspaces\GeometryPack-0758\portable-comfyui\ComfyUI_windows_portable\ComfyUI\.ce\.pixi\envs\geometrypack-main\python.exe
  [ComfyUI] [comfy-env] SubprocessWorker: C:\workspaces\GeometryPack-0758\portable-comfyui\ComfyUI_windows_portable\ComfyUI\.ce\.pixi\envs\geometrypack-main\python.exe
  [ComfyUI] [comfy-env] SubprocessWorker: C:\workspaces\GeometryPack-0758\portable-comfyui\ComfyUI_windows_portable\ComfyUI\.ce\.pixi\envs\geometrypack-main\python.exe
  [ComfyUI] [comfy-env] SubprocessWorker: C:\workspaces\GeometryPack-0758\portable-comfyui\ComfyUI_windows_portable\ComfyUI\.ce\.pixi\envs\geometrypack-main\python.exe
  [ComfyUI] [comfy-env] SubprocessWorker: C:\workspaces\GeometryPack-0758\portable-comfyui\ComfyUI_windows_portable\ComfyUI\.ce\.pixi\envs\geometrypack-main\python.exe
  [ComfyUI] [comfy-env] SubprocessWorker: C:\workspaces\GeometryPack-0758\portable-comfyui\ComfyUI_windows_portable\ComfyUI\.ce\.pixi\envs\geometrypack-main\python.exe
  [ComfyUI] [comfy-env] SubprocessWorker: C:\workspaces\GeometryPack-0758\portable-comfyui\ComfyUI_windows_portable\ComfyUI\.ce\.pixi\envs\geometrypack-main\python.exe
  [ComfyUI] [comfy-env] SubprocessWorker: C:\workspaces\GeometryPack-0758\portable-comfyui\ComfyUI_windows_portable\ComfyUI\.ce\.pixi\envs\geometrypack-main\python.exe
  [ComfyUI] [comfy-env] SubprocessWorker: C:\workspaces\GeometryPack-0758\portable-comfyui\ComfyUI_windows_portable\ComfyUI\.ce\.pixi\envs\geometrypack-main\python.exe
  [ComfyUI]     Inputs: {"backend": "cgal", "backend.quality": "triangulate", "report_panel": "false", "mesh": ["1", 0]}
  [ComfyUI]     Inputs: {"backend": "cgal", "backend.quality": "triangulate", "report_panel": "false", "mesh": ["1", 0]}
  [ComfyUI]     Inputs: {"backend": "cgal", "backend.quality": "triangulate", "report_panel": "false", "mesh": ["1", 0]}
  [ComfyUI]     Inputs: {"backend": "cgal", "backend.quality": "triangulate", "report_panel": "false", "mesh": ["1", 0]}
  [ComfyUI]     Inputs: {"backend": "cgal", "backend.quality": "triangulate", "report_panel": "false", "mesh": ["1", 0]}
  [ComfyUI]     Inputs: {"backend": "cgal", "backend.quality": "triangulate", "report_panel": "false", "mesh": ["1", 0]}
  [ComfyUI]     Inputs: {"backend": "cgal", "backend.quality": "triangulate", "report_panel": "false", "mesh": ["1", 0]}
  [ComfyUI]     Inputs: {"backend": "cgal", "backend.quality": "triangulate", "report_panel": "false", "mesh": ["1", 0]}
  [ComfyUI]     Inputs: {"backend": "cgal", "backend.quality": "triangulate", "report_panel": "false", "mesh": ["1", 0]}
  [ComfyUI]     Inputs: {"backend": "cgal", "backend.quality": "triangulate", "report_panel": "false", "mesh": ["1", 0]}
  [ComfyUI]     Inputs: {"backend": "cgal", "backend.quality": "triangulate", "report_panel": "false", "mesh": ["1", 0]}
  [ComfyUI]     Inputs: {"backend": "cgal", "backend.quality": "triangulate", "report_panel": "false", "mesh": ["1", 0]}
  [ComfyUI]     Inputs: {"backend": "cgal", "backend.quality": "triangulate", "report_panel": "false", "mesh": ["1", 0]}
  [ComfyUI]     Inputs: {"backend": "cgal", "backend.quality": "triangulate", "report_panel": "false", "mesh": ["1", 0]}
  [ComfyUI]     Inputs: {"backend": "cgal", "backend.quality": "triangulate", "report_panel": "false", "mesh": ["1", 0]}
  [ComfyUI]     Inputs: {"backend": "cgal", "backend.quality": "triangulate", "report_panel": "false", "mesh": ["1", 0]}
  [ComfyUI]     Inputs: {"backend": "cgal", "backend.quality": "triangulate", "report_panel": "false", "mesh": ["1", 0]}
  [ComfyUI]     Inputs: {"backend": "cgal", "backend.quality": "triangulate", "report_panel": "false", "mesh": ["1", 0]}
  [ComfyUI]     Inputs: {"backend": "cgal", "backend.quality": "triangulate", "report_panel": "false", "mesh": ["1", 0]}
  [ComfyUI]     Inputs: {"backend": "cgal", "backend.quality": "triangulate", "report_panel": "false", "mesh": ["1", 0]}
  [ComfyUI]     Inputs: {"backend": "cgal", "backend.quality": "triangulate", "report_panel": "false", "mesh": ["1", 0]}
  [ComfyUI]     Inputs: {"backend": "cgal", "backend.quality": "triangulate", "report_panel": "false", "mesh": ["1", 0]}
  [ComfyUI]     Inputs: {"backend": "cgal", "backend.quality": "triangulate", "report_panel": "false", "mesh": ["1", 0]}
  [ComfyUI] [comfy-env] env_vars: {'KMP_DUPLICATE_LIB_OK': 'TRUE', 'COMFYUI_BASE': 'C:\\workspaces\\GeometryPack-0758\\portable-comfyui\\ComfyUI_windows_portable\\ComfyUI'}
  [ComfyUI] [comfy-env] env_vars: {'KMP_DUPLICATE_LIB_OK': 'TRUE', 'COMFYUI_BASE': 'C:\\workspaces\\GeometryPack-0758\\portable-comfyui\\ComfyUI_windows_portable\\ComfyUI'}
  [ComfyUI] [comfy-env] env_vars: {'KMP_DUPLICATE_LIB_OK': 'TRUE', 'COMFYUI_BASE': 'C:\\workspaces\\GeometryPack-0758\\portable-comfyui\\ComfyUI_windows_portable\\ComfyUI'}
  [ComfyUI] [comfy-env] env_vars: {'KMP_DUPLICATE_LIB_OK': 'TRUE', 'COMFYUI_BASE': 'C:\\workspaces\\GeometryPack-0758\\portable-comfyui\\ComfyUI_windows_portable\\ComfyUI'}
  [ComfyUI] [comfy-env] env_vars: {'KMP_DUPLICATE_LIB_OK': 'TRUE', 'COMFYUI_BASE': 'C:\\workspaces\\GeometryPack-0758\\portable-comfyui\\ComfyUI_windows_portable\\ComfyUI'}
  [ComfyUI] [comfy-env] env_vars: {'KMP_DUPLICATE_LIB_OK': 'TRUE', 'COMFYUI_BASE': 'C:\\workspaces\\GeometryPack-0758\\portable-comfyui\\ComfyUI_windows_portable\\ComfyUI'}
  [ComfyUI] [comfy-env] env_vars: {'KMP_DUPLICATE_LIB_OK': 'TRUE', 'COMFYUI_BASE': 'C:\\workspaces\\GeometryPack-0758\\portable-comfyui\\ComfyUI_windows_portable\\ComfyUI'}
  [ComfyUI] [comfy-env] env_vars: {'KMP_DUPLICATE_LIB_OK': 'TRUE', 'COMFYUI_BASE': 'C:\\workspaces\\GeometryPack-0758\\portable-comfyui\\ComfyUI_windows_portable\\ComfyUI'}
  [ComfyUI] [comfy-env] env_vars: {'KMP_DUPLICATE_LIB_OK': 'TRUE', 'COMFYUI_BASE': 'C:\\workspaces\\GeometryPack-0758\\portable-comfyui\\ComfyUI_windows_portable\\ComfyUI'}
  [ComfyUI] [comfy-env] env_vars: {'KMP_DUPLICATE_LIB_OK': 'TRUE', 'COMFYUI_BASE': 'C:\\workspaces\\GeometryPack-0758\\portable-comfyui\\ComfyUI_windows_portable\\ComfyUI'}
  [ComfyUI] [comfy-env] env_vars: {'KMP_DUPLICATE_LIB_OK': 'TRUE', 'COMFYUI_BASE': 'C:\\workspaces\\GeometryPack-0758\\portable-comfyui\\ComfyUI_windows_portable\\ComfyUI'}
  [ComfyUI] [comfy-env] env_vars: {'KMP_DUPLICATE_LIB_OK': 'TRUE', 'COMFYUI_BASE': 'C:\\workspaces\\GeometryPack-0758\\portable-comfyui\\ComfyUI_windows_portable\\ComfyUI'}
  [ComfyUI] [comfy-env] env_vars: {'KMP_DUPLICATE_LIB_OK': 'TRUE', 'COMFYUI_BASE': 'C:\\workspaces\\GeometryPack-0758\\portable-comfyui\\ComfyUI_windows_portable\\ComfyUI'}
  [ComfyUI] [comfy-env] env_vars: {'KMP_DUPLICATE_LIB_OK': 'TRUE', 'COMFYUI_BASE': 'C:\\workspaces\\GeometryPack-0758\\portable-comfyui\\ComfyUI_windows_portable\\ComfyUI'}
  [ComfyUI] [comfy-env] env_vars: {'KMP_DUPLICATE_LIB_OK': 'TRUE', 'COMFYUI_BASE': 'C:\\workspaces\\GeometryPack-0758\\portable-comfyui\\ComfyUI_windows_portable\\ComfyUI'}
  [ComfyUI] [comfy-env] env_vars: {'KMP_DUPLICATE_LIB_OK': 'TRUE', 'COMFYUI_BASE': 'C:\\workspaces\\GeometryPack-0758\\portable-comfyui\\ComfyUI_windows_portable\\ComfyUI'}
  [ComfyUI] [comfy-env] env_vars: {'KMP_DUPLICATE_LIB_OK': 'TRUE', 'COMFYUI_BASE': 'C:\\workspaces\\GeometryPack-0758\\portable-comfyui\\ComfyUI_windows_portable\\ComfyUI'}
  [ComfyUI] [comfy-env] env_vars: {'KMP_DUPLICATE_LIB_OK': 'TRUE', 'COMFYUI_BASE': 'C:\\workspaces\\GeometryPack-0758\\portable-comfyui\\ComfyUI_windows_portable\\ComfyUI'}
  [ComfyUI] [comfy-env] env_vars: {'KMP_DUPLICATE_LIB_OK': 'TRUE', 'COMFYUI_BASE': 'C:\\workspaces\\GeometryPack-0758\\portable-comfyui\\ComfyUI_windows_portable\\ComfyUI'}
  [ComfyUI] [comfy-env] env_vars: {'KMP_DUPLICATE_LIB_OK': 'TRUE', 'COMFYUI_BASE': 'C:\\workspaces\\GeometryPack-0758\\portable-comfyui\\ComfyUI_windows_portable\\ComfyUI'}
  [ComfyUI] [comfy-env] env_vars: {'KMP_DUPLICATE_LIB_OK': 'TRUE', 'COMFYUI_BASE': 'C:\\workspaces\\GeometryPack-0758\\portable-comfyui\\ComfyUI_windows_portable\\ComfyUI'}
  [ComfyUI] [comfy-env] env_vars: {'KMP_DUPLICATE_LIB_OK': 'TRUE', 'COMFYUI_BASE': 'C:\\workspaces\\GeometryPack-0758\\portable-comfyui\\ComfyUI_windows_portable\\ComfyUI'}
  [ComfyUI] [comfy-env] env_vars: {'KMP_DUPLICATE_LIB_OK': 'TRUE', 'COMFYUI_BASE': 'C:\\workspaces\\GeometryPack-0758\\portable-comfyui\\ComfyUI_windows_portable\\ComfyUI'}
  [ComfyUI]   Node 7: GeomPackFillHoles
  [ComfyUI]   Node 7: GeomPackFillHoles
  [ComfyUI]   Node 7: GeomPackFillHoles
  [ComfyUI]   Node 7: GeomPackFillHoles
  [ComfyUI]   Node 7: GeomPackFillHoles
  [ComfyUI]   Node 7: GeomPackFillHoles
  [ComfyUI]   Node 7: GeomPackFillHoles
  [ComfyUI]   Node 7: GeomPackFillHoles
  [ComfyUI]   Node 7: GeomPackFillHoles
  [ComfyUI]   Node 7: GeomPackFillHoles
  [ComfyUI]   Node 7: GeomPackFillHoles
  [ComfyUI]   Node 7: GeomPackFillHoles
  [ComfyUI]   Node 7: GeomPackFillHoles
  [ComfyUI]   Node 7: GeomPackFillHoles
  [ComfyUI]   Node 7: GeomPackFillHoles
  [ComfyUI]   Node 7: GeomPackFillHoles
  [ComfyUI]   Node 7: GeomPackFillHoles
  [ComfyUI]   Node 7: GeomPackFillHoles
  [ComfyUI]   Node 7: GeomPackFillHoles
  [ComfyUI]   Node 7: GeomPackFillHoles
  [ComfyUI]   Node 7: GeomPackFillHoles
  [ComfyUI]   Node 7: GeomPackFillHoles
  [ComfyUI]   Node 7: GeomPackFillHoles
  [ComfyUI]     Inputs: {"backend": "gpu_cumesh", "backend.perimeter": 20, "report_panel": "false", "mesh": ["1", 0]}
  [ComfyUI]     Inputs: {"backend": "gpu_cumesh", "backend.perimeter": 20, "report_panel": "false", "mesh": ["1", 0]}
  [ComfyUI]     Inputs: {"backend": "gpu_cumesh", "backend.perimeter": 20, "report_panel": "false", "mesh": ["1", 0]}
  [ComfyUI]     Inputs: {"backend": "gpu_cumesh", "backend.perimeter": 20, "report_panel": "false", "mesh": ["1", 0]}
  [ComfyUI]     Inputs: {"backend": "gpu_cumesh", "backend.perimeter": 20, "report_panel": "false", "mesh": ["1", 0]}
  [ComfyUI]     Inputs: {"backend": "gpu_cumesh", "backend.perimeter": 20, "report_panel": "false", "mesh": ["1", 0]}
  [ComfyUI]     Inputs: {"backend": "gpu_cumesh", "backend.perimeter": 20, "report_panel": "false", "mesh": ["1", 0]}
  [ComfyUI]     Inputs: {"backend": "gpu_cumesh", "backend.perimeter": 20, "report_panel": "false", "mesh": ["1", 0]}
  [ComfyUI]     Inputs: {"backend": "gpu_cumesh", "backend.perimeter": 20, "report_panel": "false", "mesh": ["1", 0]}
  [ComfyUI]     Inputs: {"backend": "gpu_cumesh", "backend.perimeter": 20, "report_panel": "false", "mesh": ["1", 0]}
  [ComfyUI]     Inputs: {"backend": "gpu_cumesh", "backend.perimeter": 20, "report_panel": "false", "mesh": ["1", 0]}
  [ComfyUI]     Inputs: {"backend": "gpu_cumesh", "backend.perimeter": 20, "report_panel": "false", "mesh": ["1", 0]}
  [ComfyUI]     Inputs: {"backend": "gpu_cumesh", "backend.perimeter": 20, "report_panel": "false", "mesh": ["1", 0]}
  [ComfyUI]     Inputs: {"backend": "gpu_cumesh", "backend.perimeter": 20, "report_panel": "false", "mesh": ["1", 0]}
  [ComfyUI]     Inputs: {"backend": "gpu_cumesh", "backend.perimeter": 20, "report_panel": "false", "mesh": ["1", 0]}
  [ComfyUI]     Inputs: {"backend": "gpu_cumesh", "backend.perimeter": 20, "report_panel": "false", "mesh": ["1", 0]}
  [ComfyUI]     Inputs: {"backend": "gpu_cumesh", "backend.perimeter": 20, "report_panel": "false", "mesh": ["1", 0]}
  [ComfyUI]     Inputs: {"backend": "gpu_cumesh", "backend.perimeter": 20, "report_panel": "false", "mesh": ["1", 0]}
  [ComfyUI]     Inputs: {"backend": "gpu_cumesh", "backend.perimeter": 20, "report_panel": "false", "mesh": ["1", 0]}
  [ComfyUI]     Inputs: {"backend": "gpu_cumesh", "backend.perimeter": 20, "report_panel": "false", "mesh": ["1", 0]}
  [ComfyUI]     Inputs: {"backend": "gpu_cumesh", "backend.perimeter": 20, "report_panel": "false", "mesh": ["1", 0]}
  [ComfyUI]     Inputs: {"backend": "gpu_cumesh", "backend.perimeter": 20, "report_panel": "false", "mesh": ["1", 0]}
  [ComfyUI]     Inputs: {"backend": "gpu_cumesh", "backend.perimeter": 20, "report_panel": "false", "mesh": ["1", 0]}
  [ComfyUI]   Node 8: GeomPackPreviewMeshMulti
  [ComfyUI]   Node 8: GeomPackPreviewMeshMulti
  [ComfyUI]   Node 8: GeomPackPreviewMeshMulti
  [ComfyUI]   Node 8: GeomPackPreviewMeshMulti
  [ComfyUI]   Node 8: GeomPackPreviewMeshMulti
  [ComfyUI]   Node 8: GeomPackPreviewMeshMulti
  [ComfyUI]   Node 8: GeomPackPreviewMeshMulti
  [ComfyUI]   Node 8: GeomPackPreviewMeshMulti
  [ComfyUI]   Node 8: GeomPackPreviewMeshMulti
  [ComfyUI]   Node 8: GeomPackPreviewMeshMulti
  [ComfyUI]   Node 8: GeomPackPreviewMeshMulti
  [ComfyUI]   Node 8: GeomPackPreviewMeshMulti
  [ComfyUI]   Node 8: GeomPackPreviewMeshMulti
  [ComfyUI]   Node 8: GeomPackPreviewMeshMulti
  [ComfyUI]   Node 8: GeomPackPreviewMeshMulti
  [ComfyUI]   Node 8: GeomPackPreviewMeshMulti
  [ComfyUI]   Node 8: GeomPackPreviewMeshMulti
  [ComfyUI]   Node 8: GeomPackPreviewMeshMulti
  [ComfyUI]   Node 8: GeomPackPreviewMeshMulti
  [ComfyUI]   Node 8: GeomPackPreviewMeshMulti
  [ComfyUI]   Node 8: GeomPackPreviewMeshMulti
  [ComfyUI]   Node 8: GeomPackPreviewMeshMulti
  [ComfyUI]   Node 8: GeomPackPreviewMeshMulti
  [ComfyUI]     Inputs: {"mode": "fields", "preview_multi": "{\"show_edges\":true,\"camera_state\":\"{\\\"position\\\":[0.3450675952860498,-1.1296206877012935,-0.7853370972660157],\\\"focalPoint\\\":[0.000001996755599975586,
  [ComfyUI]     Inputs: {"mode": "fields", "preview_multi": "{\"show_edges\":true,\"camera_state\":\"{\\\"position\\\":[0.3450675952860498,-1.1296206877012935,-0.7853370972660157],\\\"focalPoint\\\":[0.000001996755599975586,
  [ComfyUI]     Inputs: {"mode": "fields", "preview_multi": "{\"show_edges\":true,\"camera_state\":\"{\\\"position\\\":[0.3450675952860498,-1.1296206877012935,-0.7853370972660157],\\\"focalPoint\\\":[0.000001996755599975586,
  [ComfyUI]     Inputs: {"mode": "fields", "preview_multi": "{\"show_edges\":true,\"camera_state\":\"{\\\"position\\\":[0.3450675952860498,-1.1296206877012935,-0.7853370972660157],\\\"focalPoint\\\":[0.000001996755599975586,
  [ComfyUI]     Inputs: {"mode": "fields", "preview_multi": "{\"show_edges\":true,\"camera_state\":\"{\\\"position\\\":[0.3450675952860498,-1.1296206877012935,-0.7853370972660157],\\\"focalPoint\\\":[0.000001996755599975586,
  [ComfyUI]     Inputs: {"mode": "fields", "preview_multi": "{\"show_edges\":true,\"camera_state\":\"{\\\"position\\\":[0.3450675952860498,-1.1296206877012935,-0.7853370972660157],\\\"focalPoint\\\":[0.000001996755599975586,
  [ComfyUI]     Inputs: {"mode": "fields", "preview_multi": "{\"show_edges\":true,\"camera_state\":\"{\\\"position\\\":[0.3450675952860498,-1.1296206877012935,-0.7853370972660157],\\\"focalPoint\\\":[0.000001996755599975586,
  [ComfyUI]     Inputs: {"mode": "fields", "preview_multi": "{\"show_edges\":true,\"camera_state\":\"{\\\"position\\\":[0.3450675952860498,-1.1296206877012935,-0.7853370972660157],\\\"focalPoint\\\":[0.000001996755599975586,
  [ComfyUI]     Inputs: {"mode": "fields", "preview_multi": "{\"show_edges\":true,\"camera_state\":\"{\\\"position\\\":[0.3450675952860498,-1.1296206877012935,-0.7853370972660157],\\\"focalPoint\\\":[0.000001996755599975586,
  [ComfyUI]     Inputs: {"mode": "fields", "preview_multi": "{\"show_edges\":true,\"camera_state\":\"{\\\"position\\\":[0.3450675952860498,-1.1296206877012935,-0.7853370972660157],\\\"focalPoint\\\":[0.000001996755599975586,
  [ComfyUI]     Inputs: {"mode": "fields", "preview_multi": "{\"show_edges\":true,\"camera_state\":\"{\\\"position\\\":[0.3450675952860498,-1.1296206877012935,-0.7853370972660157],\\\"focalPoint\\\":[0.000001996755599975586,
  [ComfyUI]     Inputs: {"mode": "fields", "preview_multi": "{\"show_edges\":true,\"camera_state\":\"{\\\"position\\\":[0.3450675952860498,-1.1296206877012935,-0.7853370972660157],\\\"focalPoint\\\":[0.000001996755599975586,
  [ComfyUI]     Inputs: {"mode": "fields", "preview_multi": "{\"show_edges\":true,\"camera_state\":\"{\\\"position\\\":[0.3450675952860498,-1.1296206877012935,-0.7853370972660157],\\\"focalPoint\\\":[0.000001996755599975586,
  [ComfyUI]     Inputs: {"mode": "fields", "preview_multi": "{\"show_edges\":true,\"camera_state\":\"{\\\"position\\\":[0.3450675952860498,-1.1296206877012935,-0.7853370972660157],\\\"focalPoint\\\":[0.000001996755599975586,
  [ComfyUI]     Inputs: {"mode": "fields", "preview_multi": "{\"show_edges\":true,\"camera_state\":\"{\\\"position\\\":[0.3450675952860498,-1.1296206877012935,-0.7853370972660157],\\\"focalPoint\\\":[0.000001996755599975586,
  [ComfyUI]     Inputs: {"mode": "fields", "preview_multi": "{\"show_edges\":true,\"camera_state\":\"{\\\"position\\\":[0.3450675952860498,-1.1296206877012935,-0.7853370972660157],\\\"focalPoint\\\":[0.000001996755599975586,
  [ComfyUI]     Inputs: {"mode": "fields", "preview_multi": "{\"show_edges\":true,\"camera_state\":\"{\\\"position\\\":[0.3450675952860498,-1.1296206877012935,-0.7853370972660157],\\\"focalPoint\\\":[0.000001996755599975586,
  [ComfyUI]     Inputs: {"mode": "fields", "preview_multi": "{\"show_edges\":true,\"camera_state\":\"{\\\"position\\\":[0.3450675952860498,-1.1296206877012935,-0.7853370972660157],\\\"focalPoint\\\":[0.000001996755599975586,
  [ComfyUI]     Inputs: {"mode": "fields", "preview_multi": "{\"show_edges\":true,\"camera_state\":\"{\\\"position\\\":[0.3450675952860498,-1.1296206877012935,-0.7853370972660157],\\\"focalPoint\\\":[0.000001996755599975586,
  [ComfyUI]     Inputs: {"mode": "fields", "preview_multi": "{\"show_edges\":true,\"camera_state\":\"{\\\"position\\\":[0.3450675952860498,-1.1296206877012935,-0.7853370972660157],\\\"focalPoint\\\":[0.000001996755599975586,
  [ComfyUI]     Inputs: {"mode": "fields", "preview_multi": "{\"show_edges\":true,\"camera_state\":\"{\\\"position\\\":[0.3450675952860498,-1.1296206877012935,-0.7853370972660157],\\\"focalPoint\\\":[0.000001996755599975586,
  [ComfyUI]     Inputs: {"mode": "fields", "preview_multi": "{\"show_edges\":true,\"camera_state\":\"{\\\"position\\\":[0.3450675952860498,-1.1296206877012935,-0.7853370972660157],\\\"focalPoint\\\":[0.000001996755599975586,
  [ComfyUI]     Inputs: {"mode": "fields", "preview_multi": "{\"show_edges\":true,\"camera_state\":\"{\\\"position\\\":[0.3450675952860498,-1.1296206877012935,-0.7853370972660157],\\\"focalPoint\\\":[0.000001996755599975586,
  [ComfyUI]   Node 9: GeomPackPreviewMeshMulti
  [ComfyUI]   Node 9: GeomPackPreviewMeshMulti
  [ComfyUI]   Node 9: GeomPackPreviewMeshMulti
  [ComfyUI]   Node 9: GeomPackPreviewMeshMulti
  [ComfyUI]   Node 9: GeomPackPreviewMeshMulti
  [ComfyUI]   Node 9: GeomPackPreviewMeshMulti
  [ComfyUI]   Node 9: GeomPackPreviewMeshMulti
  [ComfyUI]   Node 9: GeomPackPreviewMeshMulti
  [ComfyUI]   Node 9: GeomPackPreviewMeshMulti
  [ComfyUI]   Node 9: GeomPackPreviewMeshMulti
  [ComfyUI]   Node 9: GeomPackPreviewMeshMulti
  [ComfyUI]   Node 9: GeomPackPreviewMeshMulti
  [ComfyUI]   Node 9: GeomPackPreviewMeshMulti
  [ComfyUI]   Node 9: GeomPackPreviewMeshMulti
  [ComfyUI]   Node 9: GeomPackPreviewMeshMulti
  [ComfyUI]   Node 9: GeomPackPreviewMeshMulti
  [ComfyUI]   Node 9: GeomPackPreviewMeshMulti
  [ComfyUI]   Node 9: GeomPackPreviewMeshMulti
  [ComfyUI]   Node 9: GeomPackPreviewMeshMulti
  [ComfyUI]   Node 9: GeomPackPreviewMeshMulti
  [ComfyUI]   Node 9: GeomPackPreviewMeshMulti
  [ComfyUI]   Node 9: GeomPackPreviewMeshMulti
  [ComfyUI]   Node 9: GeomPackPreviewMeshMulti
  [ComfyUI]     Inputs: {"mode": "fields", "preview_multi": "{\"show_edges\":true,\"camera_state\":\"{\\\"position\\\":[0.3450675952860498,-1.1296206877012935,-0.7853370972660157],\\\"focalPoint\\\":[0.000001996755599975586,
  [ComfyUI]     Inputs: {"mode": "fields", "preview_multi": "{\"show_edges\":true,\"camera_state\":\"{\\\"position\\\":[0.3450675952860498,-1.1296206877012935,-0.7853370972660157],\\\"focalPoint\\\":[0.000001996755599975586,
  [ComfyUI]     Inputs: {"mode": "fields", "preview_multi": "{\"show_edges\":true,\"camera_state\":\"{\\\"position\\\":[0.3450675952860498,-1.1296206877012935,-0.7853370972660157],\\\"focalPoint\\\":[0.000001996755599975586,
  [ComfyUI]     Inputs: {"mode": "fields", "preview_multi": "{\"show_edges\":true,\"camera_state\":\"{\\\"position\\\":[0.3450675952860498,-1.1296206877012935,-0.7853370972660157],\\\"focalPoint\\\":[0.000001996755599975586,
  [ComfyUI]     Inputs: {"mode": "fields", "preview_multi": "{\"show_edges\":true,\"camera_state\":\"{\\\"position\\\":[0.3450675952860498,-1.1296206877012935,-0.7853370972660157],\\\"focalPoint\\\":[0.000001996755599975586,
  [ComfyUI]     Inputs: {"mode": "fields", "preview_multi": "{\"show_edges\":true,\"camera_state\":\"{\\\"position\\\":[0.3450675952860498,-1.1296206877012935,-0.7853370972660157],\\\"focalPoint\\\":[0.000001996755599975586,
  [ComfyUI]     Inputs: {"mode": "fields", "preview_multi": "{\"show_edges\":true,\"camera_state\":\"{\\\"position\\\":[0.3450675952860498,-1.1296206877012935,-0.7853370972660157],\\\"focalPoint\\\":[0.000001996755599975586,
  [ComfyUI]     Inputs: {"mode": "fields", "preview_multi": "{\"show_edges\":true,\"camera_state\":\"{\\\"position\\\":[0.3450675952860498,-1.1296206877012935,-0.7853370972660157],\\\"focalPoint\\\":[0.000001996755599975586,
  [ComfyUI]     Inputs: {"mode": "fields", "preview_multi": "{\"show_edges\":true,\"camera_state\":\"{\\\"position\\\":[0.3450675952860498,-1.1296206877012935,-0.7853370972660157],\\\"focalPoint\\\":[0.000001996755599975586,
  [ComfyUI]     Inputs: {"mode": "fields", "preview_multi": "{\"show_edges\":true,\"camera_state\":\"{\\\"position\\\":[0.3450675952860498,-1.1296206877012935,-0.7853370972660157],\\\"focalPoint\\\":[0.000001996755599975586,
  [ComfyUI]     Inputs: {"mode": "fields", "preview_multi": "{\"show_edges\":true,\"camera_state\":\"{\\\"position\\\":[0.3450675952860498,-1.1296206877012935,-0.7853370972660157],\\\"focalPoint\\\":[0.000001996755599975586,
  [ComfyUI]     Inputs: {"mode": "fields", "preview_multi": "{\"show_edges\":true,\"camera_state\":\"{\\\"position\\\":[0.3450675952860498,-1.1296206877012935,-0.7853370972660157],\\\"focalPoint\\\":[0.000001996755599975586,
  [ComfyUI]     Inputs: {"mode": "fields", "preview_multi": "{\"show_edges\":true,\"camera_state\":\"{\\\"position\\\":[0.3450675952860498,-1.1296206877012935,-0.7853370972660157],\\\"focalPoint\\\":[0.000001996755599975586,
  [ComfyUI]     Inputs: {"mode": "fields", "preview_multi": "{\"show_edges\":true,\"camera_state\":\"{\\\"position\\\":[0.3450675952860498,-1.1296206877012935,-0.7853370972660157],\\\"focalPoint\\\":[0.000001996755599975586,
  [ComfyUI]     Inputs: {"mode": "fields", "preview_multi": "{\"show_edges\":true,\"camera_state\":\"{\\\"position\\\":[0.3450675952860498,-1.1296206877012935,-0.7853370972660157],\\\"focalPoint\\\":[0.000001996755599975586,
  [ComfyUI]     Inputs: {"mode": "fields", "preview_multi": "{\"show_edges\":true,\"camera_state\":\"{\\\"position\\\":[0.3450675952860498,-1.1296206877012935,-0.7853370972660157],\\\"focalPoint\\\":[0.000001996755599975586,
  [ComfyUI]     Inputs: {"mode": "fields", "preview_multi": "{\"show_edges\":true,\"camera_state\":\"{\\\"position\\\":[0.3450675952860498,-1.1296206877012935,-0.7853370972660157],\\\"focalPoint\\\":[0.000001996755599975586,
  [ComfyUI]     Inputs: {"mode": "fields", "preview_multi": "{\"show_edges\":true,\"camera_state\":\"{\\\"position\\\":[0.3450675952860498,-1.1296206877012935,-0.7853370972660157],\\\"focalPoint\\\":[0.000001996755599975586,
  [ComfyUI]     Inputs: {"mode": "fields", "preview_multi": "{\"show_edges\":true,\"camera_state\":\"{\\\"position\\\":[0.3450675952860498,-1.1296206877012935,-0.7853370972660157],\\\"focalPoint\\\":[0.000001996755599975586,
  [ComfyUI]     Inputs: {"mode": "fields", "preview_multi": "{\"show_edges\":true,\"camera_state\":\"{\\\"position\\\":[0.3450675952860498,-1.1296206877012935,-0.7853370972660157],\\\"focalPoint\\\":[0.000001996755599975586,
  [ComfyUI]     Inputs: {"mode": "fields", "preview_multi": "{\"show_edges\":true,\"camera_state\":\"{\\\"position\\\":[0.3450675952860498,-1.1296206877012935,-0.7853370972660157],\\\"focalPoint\\\":[0.000001996755599975586,
  [ComfyUI]     Inputs: {"mode": "fields", "preview_multi": "{\"show_edges\":true,\"camera_state\":\"{\\\"position\\\":[0.3450675952860498,-1.1296206877012935,-0.7853370972660157],\\\"focalPoint\\\":[0.000001996755599975586,
  [ComfyUI]     Inputs: {"mode": "fields", "preview_multi": "{\"show_edges\":true,\"camera_state\":\"{\\\"position\\\":[0.3450675952860498,-1.1296206877012935,-0.7853370972660157],\\\"focalPoint\\\":[0.000001996755599975586,
  [ComfyUI] Generated prompt_id: 96bf95e2-ac7f-4104-9ab8-0458bc466395
  [ComfyUI] Generated prompt_id: 96bf95e2-ac7f-4104-9ab8-0458bc466395
  [ComfyUI] Generated prompt_id: 96bf95e2-ac7f-4104-9ab8-0458bc466395
  [ComfyUI] Generated prompt_id: 96bf95e2-ac7f-4104-9ab8-0458bc466395
  [ComfyUI] Generated prompt_id: 96bf95e2-ac7f-4104-9ab8-0458bc466395
  [ComfyUI] Generated prompt_id: 96bf95e2-ac7f-4104-9ab8-0458bc466395
  [ComfyUI] Generated prompt_id: 96bf95e2-ac7f-4104-9ab8-0458bc466395
  [ComfyUI] Generated prompt_id: 96bf95e2-ac7f-4104-9ab8-0458bc466395
  [ComfyUI] Generated prompt_id: 96bf95e2-ac7f-4104-9ab8-0458bc466395
  [ComfyUI] Generated prompt_id: 96bf95e2-ac7f-4104-9ab8-0458bc466395
  [ComfyUI] Generated prompt_id: 96bf95e2-ac7f-4104-9ab8-0458bc466395
  [ComfyUI] Generated prompt_id: 96bf95e2-ac7f-4104-9ab8-0458bc466395
  [ComfyUI] Generated prompt_id: 96bf95e2-ac7f-4104-9ab8-0458bc466395
  [ComfyUI] Generated prompt_id: 96bf95e2-ac7f-4104-9ab8-0458bc466395
  [ComfyUI] Generated prompt_id: 96bf95e2-ac7f-4104-9ab8-0458bc466395
  [ComfyUI] Generated prompt_id: 96bf95e2-ac7f-4104-9ab8-0458bc466395
  [ComfyUI] Generated prompt_id: 96bf95e2-ac7f-4104-9ab8-0458bc466395
  [ComfyUI] Generated prompt_id: 96bf95e2-ac7f-4104-9ab8-0458bc466395
  [ComfyUI] Generated prompt_id: 96bf95e2-ac7f-4104-9ab8-0458bc466395
  [ComfyUI] Generated prompt_id: 96bf95e2-ac7f-4104-9ab8-0458bc466395
  [ComfyUI] Generated prompt_id: 96bf95e2-ac7f-4104-9ab8-0458bc466395
  [ComfyUI] Generated prompt_id: 96bf95e2-ac7f-4104-9ab8-0458bc466395
  [ComfyUI] Generated prompt_id: 96bf95e2-ac7f-4104-9ab8-0458bc466395
  [ComfyUI] Calling execution.validate_prompt()...
  [ComfyUI] Calling execution.validate_prompt()...
  [ComfyUI] Calling execution.validate_prompt()...
  [ComfyUI] Calling execution.validate_prompt()...
  [ComfyUI] Calling execution.validate_prompt()...
  [ComfyUI] Calling execution.validate_prompt()...
  [ComfyUI] Calling execution.validate_prompt()...
  [ComfyUI] Calling execution.validate_prompt()...
  [ComfyUI] Calling execution.validate_prompt()...
  [ComfyUI] Calling execution.validate_prompt()...
  [ComfyUI] Calling execution.validate_prompt()...
  [ComfyUI] Calling execution.validate_prompt()...
  [ComfyUI] Calling execution.validate_prompt()...
  [ComfyUI] Calling execution.validate_prompt()...
  [ComfyUI] Calling execution.validate_prompt()...
  [ComfyUI] Calling execution.validate_prompt()...
  [ComfyUI] Calling execution.validate_prompt()...
  [ComfyUI] Calling execution.validate_prompt()...
  [ComfyUI] Calling execution.validate_prompt()...
  [ComfyUI] Calling execution.validate_prompt()...
  [ComfyUI] Calling execution.validate_prompt()...
  [ComfyUI] Calling execution.validate_prompt()...
  [ComfyUI] Calling execution.validate_prompt()...
  [ComfyUI] Validation result: valid=True
  [ComfyUI] Validation result: valid=True
  [ComfyUI] Validation result: valid=True
  [ComfyUI] Validation result: valid=True
  [ComfyUI] Validation result: valid=True
  [ComfyUI] Validation result: valid=True
  [ComfyUI] Validation result: valid=True
  [ComfyUI] Validation result: valid=True
  [ComfyUI] Validation result: valid=True
  [ComfyUI] Validation result: valid=True
  [ComfyUI] Validation result: valid=True
  [ComfyUI] Validation result: valid=True
  [ComfyUI] Validation result: valid=True
  [ComfyUI] Validation result: valid=True
  [ComfyUI] Validation result: valid=True
  [ComfyUI] Validation result: valid=True
  [ComfyUI] Validation result: valid=True
  [ComfyUI] Validation result: valid=True
  [ComfyUI] Validation result: valid=True
  [ComfyUI] Validation result: valid=True
  [ComfyUI] Validation result: valid=True
  [ComfyUI] Validation result: valid=True
  [ComfyUI] Validation result: valid=True
  [ComfyUI] === Validation PASSED ===
  [ComfyUI] === Validation PASSED ===
  [ComfyUI] === Validation PASSED ===
  [ComfyUI] === Validation PASSED ===
  [ComfyUI] === Validation PASSED ===
  [ComfyUI] === Validation PASSED ===
  [ComfyUI] === Validation PASSED ===
  [ComfyUI] === Validation PASSED ===
  [ComfyUI] === Validation PASSED ===
  [ComfyUI] === Validation PASSED ===
  [ComfyUI] === Validation PASSED ===
  [ComfyUI] === Validation PASSED ===
  [ComfyUI] === Validation PASSED ===
  [ComfyUI] === Validation PASSED ===
  [ComfyUI] === Validation PASSED ===
  [ComfyUI] === Validation PASSED ===
  [ComfyUI] === Validation PASSED ===
  [ComfyUI] === Validation PASSED ===
  [ComfyUI] === Validation PASSED ===
  [ComfyUI] === Validation PASSED ===
  [ComfyUI] === Validation PASSED ===
  [ComfyUI] === Validation PASSED ===
  [ComfyUI] === Validation PASSED ===
  [ComfyUI] [ComfyUI-GeometryPack] python: C:\workspaces\GeometryPack-0758\portable-comfyui\ComfyUI_windows_portable\ComfyUI\.ce\.pixi\envs\geometrypack-main\python.exe
  [ComfyUI] [ComfyUI-GeometryPack] python: C:\workspaces\GeometryPack-0758\portable-comfyui\ComfyUI_windows_portable\ComfyUI\.ce\.pixi\envs\geometrypack-main\python.exe
  [ComfyUI] [ComfyUI-GeometryPack] python: C:\workspaces\GeometryPack-0758\portable-comfyui\ComfyUI_windows_portable\ComfyUI\.ce\.pixi\envs\geometrypack-main\python.exe
  [ComfyUI] [ComfyUI-GeometryPack] python: C:\workspaces\GeometryPack-0758\portable-comfyui\ComfyUI_windows_portable\ComfyUI\.ce\.pixi\envs\geometrypack-main\python.exe
  [ComfyUI] [ComfyUI-GeometryPack] python: C:\workspaces\GeometryPack-0758\portable-comfyui\ComfyUI_windows_portable\ComfyUI\.ce\.pixi\envs\geometrypack-main\python.exe
  [ComfyUI] [ComfyUI-GeometryPack] python: C:\workspaces\GeometryPack-0758\portable-comfyui\ComfyUI_windows_portable\ComfyUI\.ce\.pixi\envs\geometrypack-main\python.exe
  [ComfyUI] [ComfyUI-GeometryPack] python: C:\workspaces\GeometryPack-0758\portable-comfyui\ComfyUI_windows_portable\ComfyUI\.ce\.pixi\envs\geometrypack-main\python.exe
  [ComfyUI] [ComfyUI-GeometryPack] python: C:\workspaces\GeometryPack-0758\portable-comfyui\ComfyUI_windows_portable\ComfyUI\.ce\.pixi\envs\geometrypack-main\python.exe
  [ComfyUI] [ComfyUI-GeometryPack] python: C:\workspaces\GeometryPack-0758\portable-comfyui\ComfyUI_windows_portable\ComfyUI\.ce\.pixi\envs\geometrypack-main\python.exe
  [ComfyUI] [ComfyUI-GeometryPack] python: C:\workspaces\GeometryPack-0758\portable-comfyui\ComfyUI_windows_portable\ComfyUI\.ce\.pixi\envs\geometrypack-main\python.exe
  [ComfyUI] [ComfyUI-GeometryPack] python: C:\workspaces\GeometryPack-0758\portable-comfyui\ComfyUI_windows_portable\ComfyUI\.ce\.pixi\envs\geometrypack-main\python.exe
  [ComfyUI] [ComfyUI-GeometryPack] python: C:\workspaces\GeometryPack-0758\portable-comfyui\ComfyUI_windows_portable\ComfyUI\.ce\.pixi\envs\geometrypack-main\python.exe
  [ComfyUI] [ComfyUI-GeometryPack] python: C:\workspaces\GeometryPack-0758\portable-comfyui\ComfyUI_windows_portable\ComfyUI\.ce\.pixi\envs\geometrypack-main\python.exe
  [ComfyUI] [ComfyUI-GeometryPack] python: C:\workspaces\GeometryPack-0758\portable-comfyui\ComfyUI_windows_portable\ComfyUI\.ce\.pixi\envs\geometrypack-main\python.exe
  [ComfyUI] [ComfyUI-GeometryPack] python: C:\workspaces\GeometryPack-0758\portable-comfyui\ComfyUI_windows_portable\ComfyUI\.ce\.pixi\envs\geometrypack-main\python.exe
  [ComfyUI] [ComfyUI-GeometryPack] python: C:\workspaces\GeometryPack-0758\portable-comfyui\ComfyUI_windows_portable\ComfyUI\.ce\.pixi\envs\geometrypack-main\python.exe
  [ComfyUI] [ComfyUI-GeometryPack] python: C:\workspaces\GeometryPack-0758\portable-comfyui\ComfyUI_windows_portable\ComfyUI\.ce\.pixi\envs\geometrypack-main\python.exe
  [ComfyUI] [ComfyUI-GeometryPack] python: C:\workspaces\GeometryPack-0758\portable-comfyui\ComfyUI_windows_portable\ComfyUI\.ce\.pixi\envs\geometrypack-main\python.exe
  [ComfyUI] [ComfyUI-GeometryPack] python: C:\workspaces\GeometryPack-0758\portable-comfyui\ComfyUI_windows_portable\ComfyUI\.ce\.pixi\envs\geometrypack-main\python.exe
  [ComfyUI] [ComfyUI-GeometryPack] python: C:\workspaces\GeometryPack-0758\portable-comfyui\ComfyUI_windows_portable\ComfyUI\.ce\.pixi\envs\geometrypack-main\python.exe
  [ComfyUI] [ComfyUI-GeometryPack] python: C:\workspaces\GeometryPack-0758\portable-comfyui\ComfyUI_windows_portable\ComfyUI\.ce\.pixi\envs\geometrypack-main\python.exe
  [ComfyUI] [ComfyUI-GeometryPack] python: C:\workspaces\GeometryPack-0758\portable-comfyui\ComfyUI_windows_portable\ComfyUI\.ce\.pixi\envs\geometrypack-main\python.exe
  [ComfyUI] [ComfyUI-GeometryPack] python: C:\workspaces\GeometryPack-0758\portable-comfyui\ComfyUI_windows_portable\ComfyUI\.ce\.pixi\envs\geometrypack-main\python.exe
  [ComfyUI] got prompt
  [ComfyUI] got prompt
  [ComfyUI] got prompt
  [ComfyUI] got prompt
  [ComfyUI] got prompt
  [ComfyUI] got prompt
  [ComfyUI] got prompt
  [ComfyUI] got prompt
  [ComfyUI] got prompt
  [ComfyUI] got prompt
  [ComfyUI] got prompt
  [ComfyUI] got prompt
  [ComfyUI] got prompt
  [ComfyUI] got prompt
  [ComfyUI] got prompt
  [ComfyUI] got prompt
  [ComfyUI] got prompt
  [ComfyUI] got prompt
  [ComfyUI] got prompt
  [ComfyUI] got prompt
  [ComfyUI] got prompt
  [ComfyUI] got prompt
  [ComfyUI] got prompt
  [ComfyUI] [ComfyUI-GeometryPack] sys_path sent to worker: ['C:\\workspaces\\GeometryPack-0758\\portable-comfyui\\ComfyUI_windows_portable\\ComfyUI', 'C:\\workspaces\\GeometryPack-0758\\portable-comfyui\\ComfyUI_windows_portable\\ComfyUI\\custom_nodes\\ComfyUI-GeometryPack', 'C:\\workspaces\\GeometryPack-0758\\portable-comfyui\\ComfyUI_windows_portable\\ComfyUI\\.ce\\.pixi\\envs\\geometrypack-main\\Lib\\site-packages', 'C:\\workspaces\\GeometryPack-0758\\portable-comfyui\\ComfyUI_windows_portable\\ComfyUI\\custom_nodes\\ComfyUI-GeometryPack']
  [ComfyUI] [ComfyUI-GeometryPack] sys_path sent to worker: ['C:\\workspaces\\GeometryPack-0758\\portable-comfyui\\ComfyUI_windows_portable\\ComfyUI', 'C:\\workspaces\\GeometryPack-0758\\portable-comfyui\\ComfyUI_windows_portable\\ComfyUI\\custom_nodes\\ComfyUI-GeometryPack', 'C:\\workspaces\\GeometryPack-0758\\portable-comfyui\\ComfyUI_windows_portable\\ComfyUI\\.ce\\.pixi\\envs\\geometrypack-main\\Lib\\site-packages', 'C:\\workspaces\\GeometryPack-0758\\portable-comfyui\\ComfyUI_windows_portable\\ComfyUI\\custom_nodes\\ComfyUI-GeometryPack']
  [ComfyUI] [ComfyUI-GeometryPack] sys_path sent to worker: ['C:\\workspaces\\GeometryPack-0758\\portable-comfyui\\ComfyUI_windows_portable\\ComfyUI', 'C:\\workspaces\\GeometryPack-0758\\portable-comfyui\\ComfyUI_windows_portable\\ComfyUI\\custom_nodes\\ComfyUI-GeometryPack', 'C:\\workspaces\\GeometryPack-0758\\portable-comfyui\\ComfyUI_windows_portable\\ComfyUI\\.ce\\.pixi\\envs\\geometrypack-main\\Lib\\site-packages', 'C:\\workspaces\\GeometryPack-0758\\portable-comfyui\\ComfyUI_windows_portable\\ComfyUI\\custom_nodes\\ComfyUI-GeometryPack']
  [ComfyUI] [ComfyUI-GeometryPack] sys_path sent to worker: ['C:\\workspaces\\GeometryPack-0758\\portable-comfyui\\ComfyUI_windows_portable\\ComfyUI', 'C:\\workspaces\\GeometryPack-0758\\portable-comfyui\\ComfyUI_windows_portable\\ComfyUI\\custom_nodes\\ComfyUI-GeometryPack', 'C:\\workspaces\\GeometryPack-0758\\portable-comfyui\\ComfyUI_windows_portable\\ComfyUI\\.ce\\.pixi\\envs\\geometrypack-main\\Lib\\site-packages', 'C:\\workspaces\\GeometryPack-0758\\portable-comfyui\\ComfyUI_windows_portable\\ComfyUI\\custom_nodes\\ComfyUI-GeometryPack']
  [ComfyUI] [ComfyUI-GeometryPack] sys_path sent to worker: ['C:\\workspaces\\GeometryPack-0758\\portable-comfyui\\ComfyUI_windows_portable\\ComfyUI', 'C:\\workspaces\\GeometryPack-0758\\portable-comfyui\\ComfyUI_windows_portable\\ComfyUI\\custom_nodes\\ComfyUI-GeometryPack', 'C:\\workspaces\\GeometryPack-0758\\portable-comfyui\\ComfyUI_windows_portable\\ComfyUI\\.ce\\.pixi\\envs\\geometrypack-main\\Lib\\site-packages', 'C:\\workspaces\\GeometryPack-0758\\portable-comfyui\\ComfyUI_windows_portable\\ComfyUI\\custom_nodes\\ComfyUI-GeometryPack']
  [ComfyUI] [ComfyUI-GeometryPack] sys_path sent to worker: ['C:\\workspaces\\GeometryPack-0758\\portable-comfyui\\ComfyUI_windows_portable\\ComfyUI', 'C:\\workspaces\\GeometryPack-0758\\portable-comfyui\\ComfyUI_windows_portable\\ComfyUI\\custom_nodes\\ComfyUI-GeometryPack', 'C:\\workspaces\\GeometryPack-0758\\portable-comfyui\\ComfyUI_windows_portable\\ComfyUI\\.ce\\.pixi\\envs\\geometrypack-main\\Lib\\site-packages', 'C:\\workspaces\\GeometryPack-0758\\portable-comfyui\\ComfyUI_windows_portable\\ComfyUI\\custom_nodes\\ComfyUI-GeometryPack']
  [ComfyUI] [ComfyUI-GeometryPack] sys_path sent to worker: ['C:\\workspaces\\GeometryPack-0758\\portable-comfyui\\ComfyUI_windows_portable\\ComfyUI', 'C:\\workspaces\\GeometryPack-0758\\portable-comfyui\\ComfyUI_windows_portable\\ComfyUI\\custom_nodes\\ComfyUI-GeometryPack', 'C:\\workspaces\\GeometryPack-0758\\portable-comfyui\\ComfyUI_windows_portable\\ComfyUI\\.ce\\.pixi\\envs\\geometrypack-main\\Lib\\site-packages', 'C:\\workspaces\\GeometryPack-0758\\portable-comfyui\\ComfyUI_windows_portable\\ComfyUI\\custom_nodes\\ComfyUI-GeometryPack']
  [ComfyUI] [ComfyUI-GeometryPack] sys_path sent to worker: ['C:\\workspaces\\GeometryPack-0758\\portable-comfyui\\ComfyUI_windows_portable\\ComfyUI', 'C:\\workspaces\\GeometryPack-0758\\portable-comfyui\\ComfyUI_windows_portable\\ComfyUI\\custom_nodes\\ComfyUI-GeometryPack', 'C:\\workspaces\\GeometryPack-0758\\portable-comfyui\\ComfyUI_windows_portable\\ComfyUI\\.ce\\.pixi\\envs\\geometrypack-main\\Lib\\site-packages', 'C:\\workspaces\\GeometryPack-0758\\portable-comfyui\\ComfyUI_windows_portable\\ComfyUI\\custom_nodes\\ComfyUI-GeometryPack']
  [ComfyUI] [ComfyUI-GeometryPack] sys_path sent to worker: ['C:\\workspaces\\GeometryPack-0758\\portable-comfyui\\ComfyUI_windows_portable\\ComfyUI', 'C:\\workspaces\\GeometryPack-0758\\portable-comfyui\\ComfyUI_windows_portable\\ComfyUI\\custom_nodes\\ComfyUI-GeometryPack', 'C:\\workspaces\\GeometryPack-0758\\portable-comfyui\\ComfyUI_windows_portable\\ComfyUI\\.ce\\.pixi\\envs\\geometrypack-main\\Lib\\site-packages', 'C:\\workspaces\\GeometryPack-0758\\portable-comfyui\\ComfyUI_windows_portable\\ComfyUI\\custom_nodes\\ComfyUI-GeometryPack']
  [ComfyUI] [ComfyUI-GeometryPack] sys_path sent to worker: ['C:\\workspaces\\GeometryPack-0758\\portable-comfyui\\ComfyUI_windows_portable\\ComfyUI', 'C:\\workspaces\\GeometryPack-0758\\portable-comfyui\\ComfyUI_windows_portable\\ComfyUI\\custom_nodes\\ComfyUI-GeometryPack', 'C:\\workspaces\\GeometryPack-0758\\portable-comfyui\\ComfyUI_windows_portable\\ComfyUI\\.ce\\.pixi\\envs\\geometrypack-main\\Lib\\site-packages', 'C:\\workspaces\\GeometryPack-0758\\portable-comfyui\\ComfyUI_windows_portable\\ComfyUI\\custom_nodes\\ComfyUI-GeometryPack']
  [ComfyUI] [ComfyUI-GeometryPack] sys_path sent to worker: ['C:\\workspaces\\GeometryPack-0758\\portable-comfyui\\ComfyUI_windows_portable\\ComfyUI', 'C:\\workspaces\\GeometryPack-0758\\portable-comfyui\\ComfyUI_windows_portable\\ComfyUI\\custom_nodes\\ComfyUI-GeometryPack', 'C:\\workspaces\\GeometryPack-0758\\portable-comfyui\\ComfyUI_windows_portable\\ComfyUI\\.ce\\.pixi\\envs\\geometrypack-main\\Lib\\site-packages', 'C:\\workspaces\\GeometryPack-0758\\portable-comfyui\\ComfyUI_windows_portable\\ComfyUI\\custom_nodes\\ComfyUI-GeometryPack']
  [ComfyUI] [ComfyUI-GeometryPack] sys_path sent to worker: ['C:\\workspaces\\GeometryPack-0758\\portable-comfyui\\ComfyUI_windows_portable\\ComfyUI', 'C:\\workspaces\\GeometryPack-0758\\portable-comfyui\\ComfyUI_windows_portable\\ComfyUI\\custom_nodes\\ComfyUI-GeometryPack', 'C:\\workspaces\\GeometryPack-0758\\portable-comfyui\\ComfyUI_windows_portable\\ComfyUI\\.ce\\.pixi\\envs\\geometrypack-main\\Lib\\site-packages', 'C:\\workspaces\\GeometryPack-0758\\portable-comfyui\\ComfyUI_windows_portable\\ComfyUI\\custom_nodes\\ComfyUI-GeometryPack']
  [ComfyUI] [ComfyUI-GeometryPack] sys_path sent to worker: ['C:\\workspaces\\GeometryPack-0758\\portable-comfyui\\ComfyUI_windows_portable\\ComfyUI', 'C:\\workspaces\\GeometryPack-0758\\portable-comfyui\\ComfyUI_windows_portable\\ComfyUI\\custom_nodes\\ComfyUI-GeometryPack', 'C:\\workspaces\\GeometryPack-0758\\portable-comfyui\\ComfyUI_windows_portable\\ComfyUI\\.ce\\.pixi\\envs\\geometrypack-main\\Lib\\site-packages', 'C:\\workspaces\\GeometryPack-0758\\portable-comfyui\\ComfyUI_windows_portable\\ComfyUI\\custom_nodes\\ComfyUI-GeometryPack']
  [ComfyUI] [ComfyUI-GeometryPack] sys_path sent to worker: ['C:\\workspaces\\GeometryPack-0758\\portable-comfyui\\ComfyUI_windows_portable\\ComfyUI', 'C:\\workspaces\\GeometryPack-0758\\portable-comfyui\\ComfyUI_windows_portable\\ComfyUI\\custom_nodes\\ComfyUI-GeometryPack', 'C:\\workspaces\\GeometryPack-0758\\portable-comfyui\\ComfyUI_windows_portable\\ComfyUI\\.ce\\.pixi\\envs\\geometrypack-main\\Lib\\site-packages', 'C:\\workspaces\\GeometryPack-0758\\portable-comfyui\\ComfyUI_windows_portable\\ComfyUI\\custom_nodes\\ComfyUI-GeometryPack']
  [ComfyUI] [ComfyUI-GeometryPack] sys_path sent to worker: ['C:\\workspaces\\GeometryPack-0758\\portable-comfyui\\ComfyUI_windows_portable\\ComfyUI', 'C:\\workspaces\\GeometryPack-0758\\portable-comfyui\\ComfyUI_windows_portable\\ComfyUI\\custom_nodes\\ComfyUI-GeometryPack', 'C:\\workspaces\\GeometryPack-0758\\portable-comfyui\\ComfyUI_windows_portable\\ComfyUI\\.ce\\.pixi\\envs\\geometrypack-main\\Lib\\site-packages', 'C:\\workspaces\\GeometryPack-0758\\portable-comfyui\\ComfyUI_windows_portable\\ComfyUI\\custom_nodes\\ComfyUI-GeometryPack']
  [ComfyUI] [ComfyUI-GeometryPack] sys_path sent to worker: ['C:\\workspaces\\GeometryPack-0758\\portable-comfyui\\ComfyUI_windows_portable\\ComfyUI', 'C:\\workspaces\\GeometryPack-0758\\portable-comfyui\\ComfyUI_windows_portable\\ComfyUI\\custom_nodes\\ComfyUI-GeometryPack', 'C:\\workspaces\\GeometryPack-0758\\portable-comfyui\\ComfyUI_windows_portable\\ComfyUI\\.ce\\.pixi\\envs\\geometrypack-main\\Lib\\site-packages', 'C:\\workspaces\\GeometryPack-0758\\portable-comfyui\\ComfyUI_windows_portable\\ComfyUI\\custom_nodes\\ComfyUI-GeometryPack']
  [ComfyUI] [ComfyUI-GeometryPack] sys_path sent to worker: ['C:\\workspaces\\GeometryPack-0758\\portable-comfyui\\ComfyUI_windows_portable\\ComfyUI', 'C:\\workspaces\\GeometryPack-0758\\portable-comfyui\\ComfyUI_windows_portable\\ComfyUI\\custom_nodes\\ComfyUI-GeometryPack', 'C:\\workspaces\\GeometryPack-0758\\portable-comfyui\\ComfyUI_windows_portable\\ComfyUI\\.ce\\.pixi\\envs\\geometrypack-main\\Lib\\site-packages', 'C:\\workspaces\\GeometryPack-0758\\portable-comfyui\\ComfyUI_windows_portable\\ComfyUI\\custom_nodes\\ComfyUI-GeometryPack']
  [ComfyUI] [ComfyUI-GeometryPack] sys_path sent to worker: ['C:\\workspaces\\GeometryPack-0758\\portable-comfyui\\ComfyUI_windows_portable\\ComfyUI', 'C:\\workspaces\\GeometryPack-0758\\portable-comfyui\\ComfyUI_windows_portable\\ComfyUI\\custom_nodes\\ComfyUI-GeometryPack', 'C:\\workspaces\\GeometryPack-0758\\portable-comfyui\\ComfyUI_windows_portable\\ComfyUI\\.ce\\.pixi\\envs\\geometrypack-main\\Lib\\site-packages', 'C:\\workspaces\\GeometryPack-0758\\portable-comfyui\\ComfyUI_windows_portable\\ComfyUI\\custom_nodes\\ComfyUI-GeometryPack']
  [ComfyUI] [ComfyUI-GeometryPack] sys_path sent to worker: ['C:\\workspaces\\GeometryPack-0758\\portable-comfyui\\ComfyUI_windows_portable\\ComfyUI', 'C:\\workspaces\\GeometryPack-0758\\portable-comfyui\\ComfyUI_windows_portable\\ComfyUI\\custom_nodes\\ComfyUI-GeometryPack', 'C:\\workspaces\\GeometryPack-0758\\portable-comfyui\\ComfyUI_windows_portable\\ComfyUI\\.ce\\.pixi\\envs\\geometrypack-main\\Lib\\site-packages', 'C:\\workspaces\\GeometryPack-0758\\portable-comfyui\\ComfyUI_windows_portable\\ComfyUI\\custom_nodes\\ComfyUI-GeometryPack']
  [ComfyUI] [ComfyUI-GeometryPack] sys_path sent to worker: ['C:\\workspaces\\GeometryPack-0758\\portable-comfyui\\ComfyUI_windows_portable\\ComfyUI', 'C:\\workspaces\\GeometryPack-0758\\portable-comfyui\\ComfyUI_windows_portable\\ComfyUI\\custom_nodes\\ComfyUI-GeometryPack', 'C:\\workspaces\\GeometryPack-0758\\portable-comfyui\\ComfyUI_windows_portable\\ComfyUI\\.ce\\.pixi\\envs\\geometrypack-main\\Lib\\site-packages', 'C:\\workspaces\\GeometryPack-0758\\portable-comfyui\\ComfyUI_windows_portable\\ComfyUI\\custom_nodes\\ComfyUI-GeometryPack']
  [ComfyUI] [ComfyUI-GeometryPack] sys_path sent to worker: ['C:\\workspaces\\GeometryPack-0758\\portable-comfyui\\ComfyUI_windows_portable\\ComfyUI', 'C:\\workspaces\\GeometryPack-0758\\portable-comfyui\\ComfyUI_windows_portable\\ComfyUI\\custom_nodes\\ComfyUI-GeometryPack', 'C:\\workspaces\\GeometryPack-0758\\portable-comfyui\\ComfyUI_windows_portable\\ComfyUI\\.ce\\.pixi\\envs\\geometrypack-main\\Lib\\site-packages', 'C:\\workspaces\\GeometryPack-0758\\portable-comfyui\\ComfyUI_windows_portable\\ComfyUI\\custom_nodes\\ComfyUI-GeometryPack']
  [ComfyUI] [ComfyUI-GeometryPack] sys_path sent to worker: ['C:\\workspaces\\GeometryPack-0758\\portable-comfyui\\ComfyUI_windows_portable\\ComfyUI', 'C:\\workspaces\\GeometryPack-0758\\portable-comfyui\\ComfyUI_windows_portable\\ComfyUI\\custom_nodes\\ComfyUI-GeometryPack', 'C:\\workspaces\\GeometryPack-0758\\portable-comfyui\\ComfyUI_windows_portable\\ComfyUI\\.ce\\.pixi\\envs\\geometrypack-main\\Lib\\site-packages', 'C:\\workspaces\\GeometryPack-0758\\portable-comfyui\\ComfyUI_windows_portable\\ComfyUI\\custom_nodes\\ComfyUI-GeometryPack']
  [ComfyUI] [ComfyUI-GeometryPack] sys_path sent to worker: ['C:\\workspaces\\GeometryPack-0758\\portable-comfyui\\ComfyUI_windows_portable\\ComfyUI', 'C:\\workspaces\\GeometryPack-0758\\portable-comfyui\\ComfyUI_windows_portable\\ComfyUI\\custom_nodes\\ComfyUI-GeometryPack', 'C:\\workspaces\\GeometryPack-0758\\portable-comfyui\\ComfyUI_windows_portable\\ComfyUI\\.ce\\.pixi\\envs\\geometrypack-main\\Lib\\site-packages', 'C:\\workspaces\\GeometryPack-0758\\portable-comfyui\\ComfyUI_windows_portable\\ComfyUI\\custom_nodes\\ComfyUI-GeometryPack']
  [ComfyUI] [comfy-env] Running GeomPackLoadMesh: file_path: '3d/camelhead.off'
  [ComfyUI] [comfy-env] Running GeomPackLoadMesh: file_path: '3d/camelhead.off'
  [ComfyUI] [comfy-env] Running GeomPackLoadMesh: file_path: '3d/camelhead.off'
  [ComfyUI] [comfy-env] Running GeomPackLoadMesh: file_path: '3d/camelhead.off'
  [ComfyUI] [comfy-env] Running GeomPackLoadMesh: file_path: '3d/camelhead.off'
  [ComfyUI] [comfy-env] Running GeomPackLoadMesh: file_path: '3d/camelhead.off'
  [ComfyUI] [comfy-env] Running GeomPackLoadMesh: file_path: '3d/camelhead.off'
  [ComfyUI] [comfy-env] Running GeomPackLoadMesh: file_path: '3d/camelhead.off'
  [ComfyUI] [comfy-env] Running GeomPackLoadMesh: file_path: '3d/camelhead.off'
  [ComfyUI] [comfy-env] Running GeomPackLoadMesh: file_path: '3d/camelhead.off'
  [ComfyUI] [comfy-env] Running GeomPackLoadMesh: file_path: '3d/camelhead.off'
  [ComfyUI] [comfy-env] Running GeomPackLoadMesh: file_path: '3d/camelhead.off'
  [ComfyUI] [comfy-env] Running GeomPackLoadMesh: file_path: '3d/camelhead.off'
  [ComfyUI] [comfy-env] Running GeomPackLoadMesh: file_path: '3d/camelhead.off'
  [ComfyUI] [comfy-env] Running GeomPackLoadMesh: file_path: '3d/camelhead.off'
  [ComfyUI] [comfy-env] Running GeomPackLoadMesh: file_path: '3d/camelhead.off'
  [ComfyUI] [comfy-env] Running GeomPackLoadMesh: file_path: '3d/camelhead.off'
  [ComfyUI] [comfy-env] Running GeomPackLoadMesh: file_path: '3d/camelhead.off'
  [ComfyUI] [comfy-env] Running GeomPackLoadMesh: file_path: '3d/camelhead.off'
  [ComfyUI] [comfy-env] Running GeomPackLoadMesh: file_path: '3d/camelhead.off'
  [ComfyUI] [comfy-env] Running GeomPackLoadMesh: file_path: '3d/camelhead.off'
  [ComfyUI] [comfy-env] Running GeomPackLoadMesh: file_path: '3d/camelhead.off'
  [ComfyUI] [comfy-env] Running GeomPackLoadMesh: file_path: '3d/camelhead.off'
  [ComfyUI] [SubprocessWorker] is_pixi=True, python=C:\workspaces\GeometryPack-0758\portable-comfyui\ComfyUI_windows_portable\ComfyUI\.ce\.pixi\envs\geometrypack-main\python.exe
  [ComfyUI] [SubprocessWorker] is_pixi=True, python=C:\workspaces\GeometryPack-0758\portable-comfyui\ComfyUI_windows_portable\ComfyUI\.ce\.pixi\envs\geometrypack-main\python.exe
  [ComfyUI] [SubprocessWorker] is_pixi=True, python=C:\workspaces\GeometryPack-0758\portable-comfyui\ComfyUI_windows_portable\ComfyUI\.ce\.pixi\envs\geometrypack-main\python.exe
  [ComfyUI] [SubprocessWorker] is_pixi=True, python=C:\workspaces\GeometryPack-0758\portable-comfyui\ComfyUI_windows_portable\ComfyUI\.ce\.pixi\envs\geometrypack-main\python.exe
  [ComfyUI] [SubprocessWorker] is_pixi=True, python=C:\workspaces\GeometryPack-0758\portable-comfyui\ComfyUI_windows_portable\ComfyUI\.ce\.pixi\envs\geometrypack-main\python.exe
  [ComfyUI] [SubprocessWorker] is_pixi=True, python=C:\workspaces\GeometryPack-0758\portable-comfyui\ComfyUI_windows_portable\ComfyUI\.ce\.pixi\envs\geometrypack-main\python.exe
  [ComfyUI] [SubprocessWorker] is_pixi=True, python=C:\workspaces\GeometryPack-0758\portable-comfyui\ComfyUI_windows_portable\ComfyUI\.ce\.pixi\envs\geometrypack-main\python.exe
  [ComfyUI] [SubprocessWorker] is_pixi=True, python=C:\workspaces\GeometryPack-0758\portable-comfyui\ComfyUI_windows_portable\ComfyUI\.ce\.pixi\envs\geometrypack-main\python.exe
  [ComfyUI] [SubprocessWorker] is_pixi=True, python=C:\workspaces\GeometryPack-0758\portable-comfyui\ComfyUI_windows_portable\ComfyUI\.ce\.pixi\envs\geometrypack-main\python.exe
  [ComfyUI] [SubprocessWorker] is_pixi=True, python=C:\workspaces\GeometryPack-0758\portable-comfyui\ComfyUI_windows_portable\ComfyUI\.ce\.pixi\envs\geometrypack-main\python.exe
  [ComfyUI] [SubprocessWorker] is_pixi=True, python=C:\workspaces\GeometryPack-0758\portable-comfyui\ComfyUI_windows_portable\ComfyUI\.ce\.pixi\envs\geometrypack-main\python.exe
  [ComfyUI] [SubprocessWorker] is_pixi=True, python=C:\workspaces\GeometryPack-0758\portable-comfyui\ComfyUI_windows_portable\ComfyUI\.ce\.pixi\envs\geometrypack-main\python.exe
  [ComfyUI] [SubprocessWorker] is_pixi=True, python=C:\workspaces\GeometryPack-0758\portable-comfyui\ComfyUI_windows_portable\ComfyUI\.ce\.pixi\envs\geometrypack-main\python.exe
  [ComfyUI] [SubprocessWorker] is_pixi=True, python=C:\workspaces\GeometryPack-0758\portable-comfyui\ComfyUI_windows_portable\ComfyUI\.ce\.pixi\envs\geometrypack-main\python.exe
  [ComfyUI] [SubprocessWorker] is_pixi=True, python=C:\workspaces\GeometryPack-0758\portable-comfyui\ComfyUI_windows_portable\ComfyUI\.ce\.pixi\envs\geometrypack-main\python.exe
  [ComfyUI] [SubprocessWorker] is_pixi=True, python=C:\workspaces\GeometryPack-0758\portable-comfyui\ComfyUI_windows_portable\ComfyUI\.ce\.pixi\envs\geometrypack-main\python.exe
  [ComfyUI] [SubprocessWorker] is_pixi=True, python=C:\workspaces\GeometryPack-0758\portable-comfyui\ComfyUI_windows_portable\ComfyUI\.ce\.pixi\envs\geometrypack-main\python.exe
  [ComfyUI] [SubprocessWorker] is_pixi=True, python=C:\workspaces\GeometryPack-0758\portable-comfyui\ComfyUI_windows_portable\ComfyUI\.ce\.pixi\envs\geometrypack-main\python.exe
  [ComfyUI] [SubprocessWorker] is_pixi=True, python=C:\workspaces\GeometryPack-0758\portable-comfyui\ComfyUI_windows_portable\ComfyUI\.ce\.pixi\envs\geometrypack-main\python.exe
  [ComfyUI] [SubprocessWorker] is_pixi=True, python=C:\workspaces\GeometryPack-0758\portable-comfyui\ComfyUI_windows_portable\ComfyUI\.ce\.pixi\envs\geometrypack-main\python.exe
  [ComfyUI] [SubprocessWorker] is_pixi=True, python=C:\workspaces\GeometryPack-0758\portable-comfyui\ComfyUI_windows_portable\ComfyUI\.ce\.pixi\envs\geometrypack-main\python.exe
  [ComfyUI] [SubprocessWorker] is_pixi=True, python=C:\workspaces\GeometryPack-0758\portable-comfyui\ComfyUI_windows_portable\ComfyUI\.ce\.pixi\envs\geometrypack-main\python.exe
  [ComfyUI] [SubprocessWorker] is_pixi=True, python=C:\workspaces\GeometryPack-0758\portable-comfyui\ComfyUI_windows_portable\ComfyUI\.ce\.pixi\envs\geometrypack-main\python.exe
  [ComfyUI] [VRAM] Before GeomPackLoadMesh: 1271 / 24575 MB
  [ComfyUI] [VRAM] Before GeomPackLoadMesh: 1271 / 24575 MB
  [ComfyUI] [VRAM] Before GeomPackLoadMesh: 1271 / 24575 MB
  [ComfyUI] [VRAM] Before GeomPackLoadMesh: 1271 / 24575 MB
  [ComfyUI] [VRAM] Before GeomPackLoadMesh: 1271 / 24575 MB
  [ComfyUI] [VRAM] Before GeomPackLoadMesh: 1271 / 24575 MB
  [ComfyUI] [VRAM] Before GeomPackLoadMesh: 1271 / 24575 MB
  [ComfyUI] [VRAM] Before GeomPackLoadMesh: 1271 / 24575 MB
  [ComfyUI] [VRAM] Before GeomPackLoadMesh: 1271 / 24575 MB
  [ComfyUI] [VRAM] Before GeomPackLoadMesh: 1271 / 24575 MB
  [ComfyUI] [VRAM] Before GeomPackLoadMesh: 1271 / 24575 MB
  [ComfyUI] [VRAM] Before GeomPackLoadMesh: 1271 / 24575 MB
  [ComfyUI] [VRAM] Before GeomPackLoadMesh: 1271 / 24575 MB
  [ComfyUI] [VRAM] Before GeomPackLoadMesh: 1271 / 24575 MB
  [ComfyUI] [VRAM] Before GeomPackLoadMesh: 1271 / 24575 MB
  [ComfyUI] [VRAM] Before GeomPackLoadMesh: 1271 / 24575 MB
  [ComfyUI] [VRAM] Before GeomPackLoadMesh: 1271 / 24575 MB
  [ComfyUI] [VRAM] Before GeomPackLoadMesh: 1271 / 24575 MB
  [ComfyUI] [VRAM] Before GeomPackLoadMesh: 1271 / 24575 MB
  [ComfyUI] [VRAM] Before GeomPackLoadMesh: 1271 / 24575 MB
  [ComfyUI] [VRAM] Before GeomPackLoadMesh: 1271 / 24575 MB
  [ComfyUI] [VRAM] Before GeomPackLoadMesh: 1271 / 24575 MB
  [ComfyUI] [VRAM] Before GeomPackLoadMesh: 1271 / 24575 MB
  [ComfyUI] [SubprocessWorker] launching cmd=['C:\\Users\\ContainerAdministrator\\.pixi\\bin\\pixi.exe', 'run', '--as-is', '--manifest-path', 'C:\\workspaces\\GeometryPack-0758\\portable-comfyui\\ComfyUI_windows_portable\\ComfyUI\\.ce\\pixi.toml', '-e', 'geometrypack-main', 'python', 'C:\\Users\\ContainerAdministrator\\AppData\\Local\\Temp\\comfyui_pvenv_5_v3pwvf\\persistent_worker.py', 'tcp://127.0.0.1:61610']...
  [ComfyUI] [SubprocessWorker] launching cmd=['C:\\Users\\ContainerAdministrator\\.pixi\\bin\\pixi.exe', 'run', '--as-is', '--manifest-path', 'C:\\workspaces\\GeometryPack-0758\\portable-comfyui\\ComfyUI_windows_portable\\ComfyUI\\.ce\\pixi.toml', '-e', 'geometrypack-main', 'python', 'C:\\Users\\ContainerAdministrator\\AppData\\Local\\Temp\\comfyui_pvenv_5_v3pwvf\\persistent_worker.py', 'tcp://127.0.0.1:61610']...
  [ComfyUI] [SubprocessWorker] launching cmd=['C:\\Users\\ContainerAdministrator\\.pixi\\bin\\pixi.exe', 'run', '--as-is', '--manifest-path', 'C:\\workspaces\\GeometryPack-0758\\portable-comfyui\\ComfyUI_windows_portable\\ComfyUI\\.ce\\pixi.toml', '-e', 'geometrypack-main', 'python', 'C:\\Users\\ContainerAdministrator\\AppData\\Local\\Temp\\comfyui_pvenv_5_v3pwvf\\persistent_worker.py', 'tcp://127.0.0.1:61610']...
  [ComfyUI] [SubprocessWorker] launching cmd=['C:\\Users\\ContainerAdministrator\\.pixi\\bin\\pixi.exe', 'run', '--as-is', '--manifest-path', 'C:\\workspaces\\GeometryPack-0758\\portable-comfyui\\ComfyUI_windows_portable\\ComfyUI\\.ce\\pixi.toml', '-e', 'geometrypack-main', 'python', 'C:\\Users\\ContainerAdministrator\\AppData\\Local\\Temp\\comfyui_pvenv_5_v3pwvf\\persistent_worker.py', 'tcp://127.0.0.1:61610']...
  [ComfyUI] [SubprocessWorker] launching cmd=['C:\\Users\\ContainerAdministrator\\.pixi\\bin\\pixi.exe', 'run', '--as-is', '--manifest-path', 'C:\\workspaces\\GeometryPack-0758\\portable-comfyui\\ComfyUI_windows_portable\\ComfyUI\\.ce\\pixi.toml', '-e', 'geometrypack-main', 'python', 'C:\\Users\\ContainerAdministrator\\AppData\\Local\\Temp\\comfyui_pvenv_5_v3pwvf\\persistent_worker.py', 'tcp://127.0.0.1:61610']...
  [ComfyUI] [SubprocessWorker] launching cmd=['C:\\Users\\ContainerAdministrator\\.pixi\\bin\\pixi.exe', 'run', '--as-is', '--manifest-path', 'C:\\workspaces\\GeometryPack-0758\\portable-comfyui\\ComfyUI_windows_portable\\ComfyUI\\.ce\\pixi.toml', '-e', 'geometrypack-main', 'python', 'C:\\Users\\ContainerAdministrator\\AppData\\Local\\Temp\\comfyui_pvenv_5_v3pwvf\\persistent_worker.py', 'tcp://127.0.0.1:61610']...
  [ComfyUI] [SubprocessWorker] launching cmd=['C:\\Users\\ContainerAdministrator\\.pixi\\bin\\pixi.exe', 'run', '--as-is', '--manifest-path', 'C:\\workspaces\\GeometryPack-0758\\portable-comfyui\\ComfyUI_windows_portable\\ComfyUI\\.ce\\pixi.toml', '-e', 'geometrypack-main', 'python', 'C:\\Users\\ContainerAdministrator\\AppData\\Local\\Temp\\comfyui_pvenv_5_v3pwvf\\persistent_worker.py', 'tcp://127.0.0.1:61610']...
  [ComfyUI] [SubprocessWorker] launching cmd=['C:\\Users\\ContainerAdministrator\\.pixi\\bin\\pixi.exe', 'run', '--as-is', '--manifest-path', 'C:\\workspaces\\GeometryPack-0758\\portable-comfyui\\ComfyUI_windows_portable\\ComfyUI\\.ce\\pixi.toml', '-e', 'geometrypack-main', 'python', 'C:\\Users\\ContainerAdministrator\\AppData\\Local\\Temp\\comfyui_pvenv_5_v3pwvf\\persistent_worker.py', 'tcp://127.0.0.1:61610']...
  [ComfyUI] [SubprocessWorker] launching cmd=['C:\\Users\\ContainerAdministrator\\.pixi\\bin\\pixi.exe', 'run', '--as-is', '--manifest-path', 'C:\\workspaces\\GeometryPack-0758\\portable-comfyui\\ComfyUI_windows_portable\\ComfyUI\\.ce\\pixi.toml', '-e', 'geometrypack-main', 'python', 'C:\\Users\\ContainerAdministrator\\AppData\\Local\\Temp\\comfyui_pvenv_5_v3pwvf\\persistent_worker.py', 'tcp://127.0.0.1:61610']...
  [ComfyUI] [SubprocessWorker] launching cmd=['C:\\Users\\ContainerAdministrator\\.pixi\\bin\\pixi.exe', 'run', '--as-is', '--manifest-path', 'C:\\workspaces\\GeometryPack-0758\\portable-comfyui\\ComfyUI_windows_portable\\ComfyUI\\.ce\\pixi.toml', '-e', 'geometrypack-main', 'python', 'C:\\Users\\ContainerAdministrator\\AppData\\Local\\Temp\\comfyui_pvenv_5_v3pwvf\\persistent_worker.py', 'tcp://127.0.0.1:61610']...
  [ComfyUI] [SubprocessWorker] launching cmd=['C:\\Users\\ContainerAdministrator\\.pixi\\bin\\pixi.exe', 'run', '--as-is', '--manifest-path', 'C:\\workspaces\\GeometryPack-0758\\portable-comfyui\\ComfyUI_windows_portable\\ComfyUI\\.ce\\pixi.toml', '-e', 'geometrypack-main', 'python', 'C:\\Users\\ContainerAdministrator\\AppData\\Local\\Temp\\comfyui_pvenv_5_v3pwvf\\persistent_worker.py', 'tcp://127.0.0.1:61610']...
  [ComfyUI] [SubprocessWorker] launching cmd=['C:\\Users\\ContainerAdministrator\\.pixi\\bin\\pixi.exe', 'run', '--as-is', '--manifest-path', 'C:\\workspaces\\GeometryPack-0758\\portable-comfyui\\ComfyUI_windows_portable\\ComfyUI\\.ce\\pixi.toml', '-e', 'geometrypack-main', 'python', 'C:\\Users\\ContainerAdministrator\\AppData\\Local\\Temp\\comfyui_pvenv_5_v3pwvf\\persistent_worker.py', 'tcp://127.0.0.1:61610']...
  [ComfyUI] [SubprocessWorker] launching cmd=['C:\\Users\\ContainerAdministrator\\.pixi\\bin\\pixi.exe', 'run', '--as-is', '--manifest-path', 'C:\\workspaces\\GeometryPack-0758\\portable-comfyui\\ComfyUI_windows_portable\\ComfyUI\\.ce\\pixi.toml', '-e', 'geometrypack-main', 'python', 'C:\\Users\\ContainerAdministrator\\AppData\\Local\\Temp\\comfyui_pvenv_5_v3pwvf\\persistent_worker.py', 'tcp://127.0.0.1:61610']...
  [ComfyUI] [SubprocessWorker] launching cmd=['C:\\Users\\ContainerAdministrator\\.pixi\\bin\\pixi.exe', 'run', '--as-is', '--manifest-path', 'C:\\workspaces\\GeometryPack-0758\\portable-comfyui\\ComfyUI_windows_portable\\ComfyUI\\.ce\\pixi.toml', '-e', 'geometrypack-main', 'python', 'C:\\Users\\ContainerAdministrator\\AppData\\Local\\Temp\\comfyui_pvenv_5_v3pwvf\\persistent_worker.py', 'tcp://127.0.0.1:61610']...
  [ComfyUI] [SubprocessWorker] launching cmd=['C:\\Users\\ContainerAdministrator\\.pixi\\bin\\pixi.exe', 'run', '--as-is', '--manifest-path', 'C:\\workspaces\\GeometryPack-0758\\portable-comfyui\\ComfyUI_windows_portable\\ComfyUI\\.ce\\pixi.toml', '-e', 'geometrypack-main', 'python', 'C:\\Users\\ContainerAdministrator\\AppData\\Local\\Temp\\comfyui_pvenv_5_v3pwvf\\persistent_worker.py', 'tcp://127.0.0.1:61610']...
  [ComfyUI] [SubprocessWorker] launching cmd=['C:\\Users\\ContainerAdministrator\\.pixi\\bin\\pixi.exe', 'run', '--as-is', '--manifest-path', 'C:\\workspaces\\GeometryPack-0758\\portable-comfyui\\ComfyUI_windows_portable\\ComfyUI\\.ce\\pixi.toml', '-e', 'geometrypack-main', 'python', 'C:\\Users\\ContainerAdministrator\\AppData\\Local\\Temp\\comfyui_pvenv_5_v3pwvf\\persistent_worker.py', 'tcp://127.0.0.1:61610']...
  [ComfyUI] [SubprocessWorker] launching cmd=['C:\\Users\\ContainerAdministrator\\.pixi\\bin\\pixi.exe', 'run', '--as-is', '--manifest-path', 'C:\\workspaces\\GeometryPack-0758\\portable-comfyui\\ComfyUI_windows_portable\\ComfyUI\\.ce\\pixi.toml', '-e', 'geometrypack-main', 'python', 'C:\\Users\\ContainerAdministrator\\AppData\\Local\\Temp\\comfyui_pvenv_5_v3pwvf\\persistent_worker.py', 'tcp://127.0.0.1:61610']...
  [ComfyUI] [SubprocessWorker] launching cmd=['C:\\Users\\ContainerAdministrator\\.pixi\\bin\\pixi.exe', 'run', '--as-is', '--manifest-path', 'C:\\workspaces\\GeometryPack-0758\\portable-comfyui\\ComfyUI_windows_portable\\ComfyUI\\.ce\\pixi.toml', '-e', 'geometrypack-main', 'python', 'C:\\Users\\ContainerAdministrator\\AppData\\Local\\Temp\\comfyui_pvenv_5_v3pwvf\\persistent_worker.py', 'tcp://127.0.0.1:61610']...
  [ComfyUI] [SubprocessWorker] launching cmd=['C:\\Users\\ContainerAdministrator\\.pixi\\bin\\pixi.exe', 'run', '--as-is', '--manifest-path', 'C:\\workspaces\\GeometryPack-0758\\portable-comfyui\\ComfyUI_windows_portable\\ComfyUI\\.ce\\pixi.toml', '-e', 'geometrypack-main', 'python', 'C:\\Users\\ContainerAdministrator\\AppData\\Local\\Temp\\comfyui_pvenv_5_v3pwvf\\persistent_worker.py', 'tcp://127.0.0.1:61610']...
  [ComfyUI] [SubprocessWorker] launching cmd=['C:\\Users\\ContainerAdministrator\\.pixi\\bin\\pixi.exe', 'run', '--as-is', '--manifest-path', 'C:\\workspaces\\GeometryPack-0758\\portable-comfyui\\ComfyUI_windows_portable\\ComfyUI\\.ce\\pixi.toml', '-e', 'geometrypack-main', 'python', 'C:\\Users\\ContainerAdministrator\\AppData\\Local\\Temp\\comfyui_pvenv_5_v3pwvf\\persistent_worker.py', 'tcp://127.0.0.1:61610']...
  [ComfyUI] [SubprocessWorker] launching cmd=['C:\\Users\\ContainerAdministrator\\.pixi\\bin\\pixi.exe', 'run', '--as-is', '--manifest-path', 'C:\\workspaces\\GeometryPack-0758\\portable-comfyui\\ComfyUI_windows_portable\\ComfyUI\\.ce\\pixi.toml', '-e', 'geometrypack-main', 'python', 'C:\\Users\\ContainerAdministrator\\AppData\\Local\\Temp\\comfyui_pvenv_5_v3pwvf\\persistent_worker.py', 'tcp://127.0.0.1:61610']...
  [ComfyUI] [SubprocessWorker] launching cmd=['C:\\Users\\ContainerAdministrator\\.pixi\\bin\\pixi.exe', 'run', '--as-is', '--manifest-path', 'C:\\workspaces\\GeometryPack-0758\\portable-comfyui\\ComfyUI_windows_portable\\ComfyUI\\.ce\\pixi.toml', '-e', 'geometrypack-main', 'python', 'C:\\Users\\ContainerAdministrator\\AppData\\Local\\Temp\\comfyui_pvenv_5_v3pwvf\\persistent_worker.py', 'tcp://127.0.0.1:61610']...
  [ComfyUI] [SubprocessWorker] launching cmd=['C:\\Users\\ContainerAdministrator\\.pixi\\bin\\pixi.exe', 'run', '--as-is', '--manifest-path', 'C:\\workspaces\\GeometryPack-0758\\portable-comfyui\\ComfyUI_windows_portable\\ComfyUI\\.ce\\pixi.toml', '-e', 'geometrypack-main', 'python', 'C:\\Users\\ContainerAdministrator\\AppData\\Local\\Temp\\comfyui_pvenv_5_v3pwvf\\persistent_worker.py', 'tcp://127.0.0.1:61610']...
  [ComfyUI] [SubprocessWorker] call_method: nodes.main.io.load_mesh.LoadMesh.EXECUTE_NORMALIZED
  [ComfyUI] [SubprocessWorker] call_method: nodes.main.io.load_mesh.LoadMesh.EXECUTE_NORMALIZED
  [ComfyUI] [SubprocessWorker] call_method: nodes.main.io.load_mesh.LoadMesh.EXECUTE_NORMALIZED
  [ComfyUI] [SubprocessWorker] call_method: nodes.main.io.load_mesh.LoadMesh.EXECUTE_NORMALIZED
  [ComfyUI] [SubprocessWorker] call_method: nodes.main.io.load_mesh.LoadMesh.EXECUTE_NORMALIZED
  [ComfyUI] [SubprocessWorker] call_method: nodes.main.io.load_mesh.LoadMesh.EXECUTE_NORMALIZED
  [ComfyUI] [SubprocessWorker] call_method: nodes.main.io.load_mesh.LoadMesh.EXECUTE_NORMALIZED
  [ComfyUI] [SubprocessWorker] call_method: nodes.main.io.load_mesh.LoadMesh.EXECUTE_NORMALIZED
  [ComfyUI] [SubprocessWorker] call_method: nodes.main.io.load_mesh.LoadMesh.EXECUTE_NORMALIZED
  [ComfyUI] [SubprocessWorker] call_method: nodes.main.io.load_mesh.LoadMesh.EXECUTE_NORMALIZED
  [ComfyUI] [SubprocessWorker] call_method: nodes.main.io.load_mesh.LoadMesh.EXECUTE_NORMALIZED
  [ComfyUI] [SubprocessWorker] call_method: nodes.main.io.load_mesh.LoadMesh.EXECUTE_NORMALIZED
  [ComfyUI] [SubprocessWorker] call_method: nodes.main.io.load_mesh.LoadMesh.EXECUTE_NORMALIZED
  [ComfyUI] [SubprocessWorker] call_method: nodes.main.io.load_mesh.LoadMesh.EXECUTE_NORMALIZED
  [ComfyUI] [SubprocessWorker] call_method: nodes.main.io.load_mesh.LoadMesh.EXECUTE_NORMALIZED
  [ComfyUI] [SubprocessWorker] call_method: nodes.main.io.load_mesh.LoadMesh.EXECUTE_NORMALIZED
  [ComfyUI] [SubprocessWorker] call_method: nodes.main.io.load_mesh.LoadMesh.EXECUTE_NORMALIZED
  [ComfyUI] [SubprocessWorker] call_method: nodes.main.io.load_mesh.LoadMesh.EXECUTE_NORMALIZED
  [ComfyUI] [SubprocessWorker] call_method: nodes.main.io.load_mesh.LoadMesh.EXECUTE_NORMALIZED
  [ComfyUI] [SubprocessWorker] call_method: nodes.main.io.load_mesh.LoadMesh.EXECUTE_NORMALIZED
  [ComfyUI] [SubprocessWorker] call_method: nodes.main.io.load_mesh.LoadMesh.EXECUTE_NORMALIZED
  [ComfyUI] [SubprocessWorker] call_method: nodes.main.io.load_mesh.LoadMesh.EXECUTE_NORMALIZED
  [ComfyUI] [SubprocessWorker] call_method: nodes.main.io.load_mesh.LoadMesh.EXECUTE_NORMALIZED
  [ComfyUI] [SubprocessWorker] acquired lock, ensuring started...
  [ComfyUI] [SubprocessWorker] acquired lock, ensuring started...
  [ComfyUI] [SubprocessWorker] acquired lock, ensuring started...
  [ComfyUI] [SubprocessWorker] acquired lock, ensuring started...
  [ComfyUI] [SubprocessWorker] acquired lock, ensuring started...
  [ComfyUI] [SubprocessWorker] acquired lock, ensuring started...
  [ComfyUI] [SubprocessWorker] acquired lock, ensuring started...
  [ComfyUI] [SubprocessWorker] acquired lock, ensuring started...
  [ComfyUI] [SubprocessWorker] acquired lock, ensuring started...
  [ComfyUI] [SubprocessWorker] acquired lock, ensuring started...
  [ComfyUI] [SubprocessWorker] acquired lock, ensuring started...
  [ComfyUI] [SubprocessWorker] acquired lock, ensuring started...
  [ComfyUI] [SubprocessWorker] acquired lock, ensuring started...
  [ComfyUI] [SubprocessWorker] acquired lock, ensuring started...
  [ComfyUI] [SubprocessWorker] acquired lock, ensuring started...
  [ComfyUI] [SubprocessWorker] acquired lock, ensuring started...
  [ComfyUI] [SubprocessWorker] acquired lock, ensuring started...
  [ComfyUI] [SubprocessWorker] acquired lock, ensuring started...
  [ComfyUI] [SubprocessWorker] acquired lock, ensuring started...
  [ComfyUI] [SubprocessWorker] acquired lock, ensuring started...
  [ComfyUI] [SubprocessWorker] acquired lock, ensuring started...
  [ComfyUI] [SubprocessWorker] acquired lock, ensuring started...
  [ComfyUI] [SubprocessWorker] acquired lock, ensuring started...
  [ComfyUI] [comfy-env] geometrypack-main: Library/bin has 610 DLLs
  [ComfyUI] [comfy-env] geometrypack-main: Library/bin has 610 DLLs
  [ComfyUI] [comfy-env] geometrypack-main: Library/bin has 610 DLLs
  [ComfyUI] [comfy-env] geometrypack-main: Library/bin has 610 DLLs
  [ComfyUI] [comfy-env] geometrypack-main: Library/bin has 610 DLLs
  [ComfyUI] [comfy-env] geometrypack-main: Library/bin has 610 DLLs
  [ComfyUI] [comfy-env] geometrypack-main: Library/bin has 610 DLLs
  [ComfyUI] [comfy-env] geometrypack-main: Library/bin has 610 DLLs
  [ComfyUI] [comfy-env] geometrypack-main: Library/bin has 610 DLLs
  [ComfyUI] [comfy-env] geometrypack-main: Library/bin has 610 DLLs
  [ComfyUI] [comfy-env] geometrypack-main: Library/bin has 610 DLLs
  [ComfyUI] [comfy-env] geometrypack-main: Library/bin has 610 DLLs
  [ComfyUI] [comfy-env] geometrypack-main: Library/bin has 610 DLLs
  [ComfyUI] [comfy-env] geometrypack-main: Library/bin has 610 DLLs
  [ComfyUI] [comfy-env] geometrypack-main: Library/bin has 610 DLLs
  [ComfyUI] [comfy-env] geometrypack-main: Library/bin has 610 DLLs
  [ComfyUI] [comfy-env] geometrypack-main: Library/bin has 610 DLLs
  [ComfyUI] [comfy-env] geometrypack-main: Library/bin has 610 DLLs
  [ComfyUI] [comfy-env] geometrypack-main: Library/bin has 610 DLLs
  [ComfyUI] [comfy-env] geometrypack-main: Library/bin has 610 DLLs
  [ComfyUI] [comfy-env] geometrypack-main: Library/bin has 610 DLLs
  [ComfyUI] [comfy-env] geometrypack-main: Library/bin has 610 DLLs
  [ComfyUI] [comfy-env] geometrypack-main: Library/bin has 610 DLLs
  Frame 2 saved (frame_001.jpg, t=2.3s)
  [capture-periodic] freeze=3ms shot=103ms unfreeze=4ms saved=True
  Frame 3 saved (frame_002.jpg, t=4.5s)
  [capture-periodic] freeze=3ms shot=91ms unfreeze=4ms saved=True
  [ComfyUI] [SubprocessWorker] worker started/confirmed
  [ComfyUI] [SubprocessWorker] worker started/confirmed
  [ComfyUI] [SubprocessWorker] worker started/confirmed
  [ComfyUI] [SubprocessWorker] worker started/confirmed
  [ComfyUI] [SubprocessWorker] worker started/confirmed
  [ComfyUI] [SubprocessWorker] worker started/confirmed
  [ComfyUI] [SubprocessWorker] worker started/confirmed
  [ComfyUI] [SubprocessWorker] worker started/confirmed
  [ComfyUI] [SubprocessWorker] worker started/confirmed
  [ComfyUI] [SubprocessWorker] worker started/confirmed
  [ComfyUI] [SubprocessWorker] worker started/confirmed
  [ComfyUI] [SubprocessWorker] worker started/confirmed
  [ComfyUI] [SubprocessWorker] worker started/confirmed
  [ComfyUI] [SubprocessWorker] worker started/confirmed
  [ComfyUI] [SubprocessWorker] worker started/confirmed
  [ComfyUI] [SubprocessWorker] worker started/confirmed
  [ComfyUI] [SubprocessWorker] worker started/confirmed
  [ComfyUI] [SubprocessWorker] worker started/confirmed
  [ComfyUI] [SubprocessWorker] worker started/confirmed
  [ComfyUI] [SubprocessWorker] worker started/confirmed
  [ComfyUI] [SubprocessWorker] worker started/confirmed
  [ComfyUI] [SubprocessWorker] worker started/confirmed
  [ComfyUI] [SubprocessWorker] worker started/confirmed
  [ComfyUI] [SubprocessWorker] serializing kwargs to shm...
  [ComfyUI] [SubprocessWorker] serializing kwargs to shm...
  [ComfyUI] [SubprocessWorker] serializing kwargs to shm...
  [ComfyUI] [SubprocessWorker] serializing kwargs to shm...
  [ComfyUI] [SubprocessWorker] serializing kwargs to shm...
  [ComfyUI] [SubprocessWorker] serializing kwargs to shm...
  [ComfyUI] [SubprocessWorker] serializing kwargs to shm...
  [ComfyUI] [SubprocessWorker] serializing kwargs to shm...
  [ComfyUI] [SubprocessWorker] serializing kwargs to shm...
  [ComfyUI] [SubprocessWorker] serializing kwargs to shm...
  [ComfyUI] [SubprocessWorker] serializing kwargs to shm...
  [ComfyUI] [SubprocessWorker] serializing kwargs to shm...
  [ComfyUI] [SubprocessWorker] serializing kwargs to shm...
  [ComfyUI] [SubprocessWorker] serializing kwargs to shm...
  [ComfyUI] [SubprocessWorker] serializing kwargs to shm...
  [ComfyUI] [SubprocessWorker] serializing kwargs to shm...
  [ComfyUI] [SubprocessWorker] serializing kwargs to shm...
  [ComfyUI] [SubprocessWorker] serializing kwargs to shm...
  [ComfyUI] [SubprocessWorker] serializing kwargs to shm...
  [ComfyUI] [SubprocessWorker] serializing kwargs to shm...
  [ComfyUI] [SubprocessWorker] serializing kwargs to shm...
  [ComfyUI] [SubprocessWorker] serializing kwargs to shm...
  [ComfyUI] [SubprocessWorker] serializing kwargs to shm...
  [ComfyUI] [SubprocessWorker] created 0 shm blocks
  [ComfyUI] [SubprocessWorker] created 0 shm blocks
  [ComfyUI] [SubprocessWorker] created 0 shm blocks
  [ComfyUI] [SubprocessWorker] created 0 shm blocks
  [ComfyUI] [SubprocessWorker] created 0 shm blocks
  [ComfyUI] [SubprocessWorker] created 0 shm blocks
  [ComfyUI] [SubprocessWorker] created 0 shm blocks
  [ComfyUI] [SubprocessWorker] created 0 shm blocks
  [ComfyUI] [SubprocessWorker] created 0 shm blocks
  [ComfyUI] [SubprocessWorker] created 0 shm blocks
  [ComfyUI] [SubprocessWorker] created 0 shm blocks
  [ComfyUI] [SubprocessWorker] created 0 shm blocks
  [ComfyUI] [SubprocessWorker] created 0 shm blocks
  [ComfyUI] [SubprocessWorker] created 0 shm blocks
  [ComfyUI] [SubprocessWorker] created 0 shm blocks
  [ComfyUI] [SubprocessWorker] created 0 shm blocks
  [ComfyUI] [SubprocessWorker] created 0 shm blocks
  [ComfyUI] [SubprocessWorker] created 0 shm blocks
  [ComfyUI] [SubprocessWorker] created 0 shm blocks
  [ComfyUI] [SubprocessWorker] created 0 shm blocks
  [ComfyUI] [SubprocessWorker] created 0 shm blocks
  [ComfyUI] [SubprocessWorker] created 0 shm blocks
  [ComfyUI] [SubprocessWorker] created 0 shm blocks
  [ComfyUI] [SubprocessWorker] sending request via socket...
  [ComfyUI] [SubprocessWorker] sending request via socket...
  [ComfyUI] [SubprocessWorker] sending request via socket...
  [ComfyUI] [SubprocessWorker] sending request via socket...
  [ComfyUI] [SubprocessWorker] sending request via socket...
  [ComfyUI] [SubprocessWorker] sending request via socket...
  [ComfyUI] [SubprocessWorker] sending request via socket...
  [ComfyUI] [SubprocessWorker] sending request via socket...
  [ComfyUI] [SubprocessWorker] sending request via socket...
  [ComfyUI] [SubprocessWorker] sending request via socket...
  [ComfyUI] [SubprocessWorker] sending request via socket...
  [ComfyUI] [SubprocessWorker] sending request via socket...
  [ComfyUI] [SubprocessWorker] sending request via socket...
  [ComfyUI] [SubprocessWorker] sending request via socket...
  [ComfyUI] [SubprocessWorker] sending request via socket...
  [ComfyUI] [SubprocessWorker] sending request via socket...
  [ComfyUI] [SubprocessWorker] sending request via socket...
  [ComfyUI] [SubprocessWorker] sending request via socket...
  [ComfyUI] [SubprocessWorker] sending request via socket...
  [ComfyUI] [SubprocessWorker] sending request via socket...
  [ComfyUI] [SubprocessWorker] sending request via socket...
  [ComfyUI] [SubprocessWorker] sending request via socket...
  [ComfyUI] [SubprocessWorker] sending request via socket...
  [ComfyUI] [SubprocessWorker] call_id=1 sending call_method
  [ComfyUI] [SubprocessWorker] call_id=1 sending call_method
  [ComfyUI] [SubprocessWorker] call_id=1 sending call_method
  [ComfyUI] [SubprocessWorker] call_id=1 sending call_method
  [ComfyUI] [SubprocessWorker] call_id=1 sending call_method
  [ComfyUI] [SubprocessWorker] call_id=1 sending call_method
  [ComfyUI] [SubprocessWorker] call_id=1 sending call_method
  [ComfyUI] [SubprocessWorker] call_id=1 sending call_method
  [ComfyUI] [SubprocessWorker] call_id=1 sending call_method
  [ComfyUI] [SubprocessWorker] call_id=1 sending call_method
  [ComfyUI] [SubprocessWorker] call_id=1 sending call_method
  [ComfyUI] [SubprocessWorker] call_id=1 sending call_method
  [ComfyUI] [SubprocessWorker] call_id=1 sending call_method
  [ComfyUI] [SubprocessWorker] call_id=1 sending call_method
  [ComfyUI] [SubprocessWorker] call_id=1 sending call_method
  [ComfyUI] [SubprocessWorker] call_id=1 sending call_method
  [ComfyUI] [SubprocessWorker] call_id=1 sending call_method
  [ComfyUI] [SubprocessWorker] call_id=1 sending call_method
  [ComfyUI] [SubprocessWorker] call_id=1 sending call_method
  [ComfyUI] [SubprocessWorker] call_id=1 sending call_method
  [ComfyUI] [SubprocessWorker] call_id=1 sending call_method
  [ComfyUI] [SubprocessWorker] call_id=1 sending call_method
  [ComfyUI] [SubprocessWorker] call_id=1 sending call_method
  [capture-loop] iter=50 t=6.0s state={'complete': False, 'error': None, 'executedCount': 0, 'wsState': 1} eval_ms=4 ram=9.1/31.9GB (28%) swap=0.7/11.7GB (6%) cpu=4% browser_rss=0.62GB
  [ComfyUI] [worker:ComfyUI-GeometryPack] INFO: Found mesh in input folder: 3d/camelhead.off
  [ComfyUI] [worker:ComfyUI-GeometryPack] INFO: Found mesh in input folder: 3d/camelhead.off
  [ComfyUI] [worker:ComfyUI-GeometryPack] INFO: Found mesh in input folder: 3d/camelhead.off
  [ComfyUI] [worker:ComfyUI-GeometryPack] INFO: Found mesh in input folder: 3d/camelhead.off
  [ComfyUI] [worker:ComfyUI-GeometryPack] INFO: Found mesh in input folder: 3d/camelhead.off
  [ComfyUI] [worker:ComfyUI-GeometryPack] INFO: Found mesh in input folder: 3d/camelhead.off
  [ComfyUI] [worker:ComfyUI-GeometryPack] INFO: Found mesh in input folder: 3d/camelhead.off
  [ComfyUI] [worker:ComfyUI-GeometryPack] INFO: Found mesh in input folder: 3d/camelhead.off
  [ComfyUI] [worker:ComfyUI-GeometryPack] INFO: Found mesh in input folder: 3d/camelhead.off
  [ComfyUI] [worker:ComfyUI-GeometryPack] INFO: Found mesh in input folder: 3d/camelhead.off
  [ComfyUI] [worker:ComfyUI-GeometryPack] INFO: Found mesh in input folder: 3d/camelhead.off
  [ComfyUI] [worker:ComfyUI-GeometryPack] INFO: Found mesh in input folder: 3d/camelhead.off
  [ComfyUI] [worker:ComfyUI-GeometryPack] INFO: Found mesh in input folder: 3d/camelhead.off
  [ComfyUI] [worker:ComfyUI-GeometryPack] INFO: Found mesh in input folder: 3d/camelhead.off
  [ComfyUI] [worker:ComfyUI-GeometryPack] INFO: Found mesh in input folder: 3d/camelhead.off
  [ComfyUI] [worker:ComfyUI-GeometryPack] INFO: Found mesh in input folder: 3d/camelhead.off
  [ComfyUI] [worker:ComfyUI-GeometryPack] INFO: Found mesh in input folder: 3d/camelhead.off
  [ComfyUI] [worker:ComfyUI-GeometryPack] INFO: Found mesh in input folder: 3d/camelhead.off
  [ComfyUI] [worker:ComfyUI-GeometryPack] INFO: Found mesh in input folder: 3d/camelhead.off
  [ComfyUI] [worker:ComfyUI-GeometryPack] INFO: Found mesh in input folder: 3d/camelhead.off
  [ComfyUI] [worker:ComfyUI-GeometryPack] INFO: Found mesh in input folder: 3d/camelhead.off
  [ComfyUI] [worker:ComfyUI-GeometryPack] INFO: Found mesh in input folder: 3d/camelhead.off
  [ComfyUI] [worker:ComfyUI-GeometryPack] INFO: Found mesh in input folder: 3d/camelhead.off
  [ComfyUI] [worker:ComfyUI-GeometryPack] INFO: Loading: C:\workspaces\GeometryPack-0758\portable-comfyui\ComfyUI_windows_portable\ComfyUI\input\3d/camelhead.off
  [ComfyUI] [worker:ComfyUI-GeometryPack] INFO: Loading: C:\workspaces\GeometryPack-0758\portable-comfyui\ComfyUI_windows_portable\ComfyUI\input\3d/camelhead.off
  [ComfyUI] [worker:ComfyUI-GeometryPack] INFO: Loading: C:\workspaces\GeometryPack-0758\portable-comfyui\ComfyUI_windows_portable\ComfyUI\input\3d/camelhead.off
  [ComfyUI] [worker:ComfyUI-GeometryPack] INFO: Loading: C:\workspaces\GeometryPack-0758\portable-comfyui\ComfyUI_windows_portable\ComfyUI\input\3d/camelhead.off
  [ComfyUI] [worker:ComfyUI-GeometryPack] INFO: Loading: C:\workspaces\GeometryPack-0758\portable-comfyui\ComfyUI_windows_portable\ComfyUI\input\3d/camelhead.off
  [ComfyUI] [worker:ComfyUI-GeometryPack] INFO: Loading: C:\workspaces\GeometryPack-0758\portable-comfyui\ComfyUI_windows_portable\ComfyUI\input\3d/camelhead.off
  [ComfyUI] [worker:ComfyUI-GeometryPack] INFO: Loading: C:\workspaces\GeometryPack-0758\portable-comfyui\ComfyUI_windows_portable\ComfyUI\input\3d/camelhead.off
  [ComfyUI] [worker:ComfyUI-GeometryPack] INFO: Loading: C:\workspaces\GeometryPack-0758\portable-comfyui\ComfyUI_windows_portable\ComfyUI\input\3d/camelhead.off
  [ComfyUI] [worker:ComfyUI-GeometryPack] INFO: Loading: C:\workspaces\GeometryPack-0758\portable-comfyui\ComfyUI_windows_portable\ComfyUI\input\3d/camelhead.off
  [ComfyUI] [worker:ComfyUI-GeometryPack] INFO: Loading: C:\workspaces\GeometryPack-0758\portable-comfyui\ComfyUI_windows_portable\ComfyUI\input\3d/camelhead.off
  [ComfyUI] [worker:ComfyUI-GeometryPack] INFO: Loading: C:\workspaces\GeometryPack-0758\portable-comfyui\ComfyUI_windows_portable\ComfyUI\input\3d/camelhead.off
  [ComfyUI] [worker:ComfyUI-GeometryPack] INFO: Loading: C:\workspaces\GeometryPack-0758\portable-comfyui\ComfyUI_windows_portable\ComfyUI\input\3d/camelhead.off
  [ComfyUI] [worker:ComfyUI-GeometryPack] INFO: Loading: C:\workspaces\GeometryPack-0758\portable-comfyui\ComfyUI_windows_portable\ComfyUI\input\3d/camelhead.off
  [ComfyUI] [worker:ComfyUI-GeometryPack] INFO: Loading: C:\workspaces\GeometryPack-0758\portable-comfyui\ComfyUI_windows_portable\ComfyUI\input\3d/camelhead.off
  [ComfyUI] [worker:ComfyUI-GeometryPack] INFO: Loading: C:\workspaces\GeometryPack-0758\portable-comfyui\ComfyUI_windows_portable\ComfyUI\input\3d/camelhead.off
  [ComfyUI] [worker:ComfyUI-GeometryPack] INFO: Loading: C:\workspaces\GeometryPack-0758\portable-comfyui\ComfyUI_windows_portable\ComfyUI\input\3d/camelhead.off
  [ComfyUI] [worker:ComfyUI-GeometryPack] INFO: Loading: C:\workspaces\GeometryPack-0758\portable-comfyui\ComfyUI_windows_portable\ComfyUI\input\3d/camelhead.off
  [ComfyUI] [worker:ComfyUI-GeometryPack] INFO: Loading: C:\workspaces\GeometryPack-0758\portable-comfyui\ComfyUI_windows_portable\ComfyUI\input\3d/camelhead.off
  [ComfyUI] [worker:ComfyUI-GeometryPack] INFO: Loading: C:\workspaces\GeometryPack-0758\portable-comfyui\ComfyUI_windows_portable\ComfyUI\input\3d/camelhead.off
  [ComfyUI] [worker:ComfyUI-GeometryPack] INFO: Loading: C:\workspaces\GeometryPack-0758\portable-comfyui\ComfyUI_windows_portable\ComfyUI\input\3d/camelhead.off
  [ComfyUI] [worker:ComfyUI-GeometryPack] INFO: Loading: C:\workspaces\GeometryPack-0758\portable-comfyui\ComfyUI_windows_portable\ComfyUI\input\3d/camelhead.off
  [ComfyUI] [worker:ComfyUI-GeometryPack] INFO: Loading: C:\workspaces\GeometryPack-0758\portable-comfyui\ComfyUI_windows_portable\ComfyUI\input\3d/camelhead.off
  [ComfyUI] [worker:ComfyUI-GeometryPack] INFO: Loading: C:\workspaces\GeometryPack-0758\portable-comfyui\ComfyUI_windows_portable\ComfyUI\input\3d/camelhead.off
  [ComfyUI] [worker:ComfyUI-GeometryPack] INFO: Initial mesh: 11381 vertices, 22704 faces
  [ComfyUI] [worker:ComfyUI-GeometryPack] INFO: Initial mesh: 11381 vertices, 22704 faces
  [ComfyUI] [worker:ComfyUI-GeometryPack] INFO: Initial mesh: 11381 vertices, 22704 faces
  [ComfyUI] [worker:ComfyUI-GeometryPack] INFO: Initial mesh: 11381 vertices, 22704 faces
  [ComfyUI] [worker:ComfyUI-GeometryPack] INFO: Initial mesh: 11381 vertices, 22704 faces
  [ComfyUI] [worker:ComfyUI-GeometryPack] INFO: Initial mesh: 11381 vertices, 22704 faces
  [ComfyUI] [worker:ComfyUI-GeometryPack] INFO: Initial mesh: 11381 vertices, 22704 faces
  [ComfyUI] [worker:ComfyUI-GeometryPack] INFO: Initial mesh: 11381 vertices, 22704 faces
  [ComfyUI] [worker:ComfyUI-GeometryPack] INFO: Initial mesh: 11381 vertices, 22704 faces
  [ComfyUI] [worker:ComfyUI-GeometryPack] INFO: Initial mesh: 11381 vertices, 22704 faces
  [ComfyUI] [worker:ComfyUI-GeometryPack] INFO: Initial mesh: 11381 vertices, 22704 faces
  [ComfyUI] [worker:ComfyUI-GeometryPack] INFO: Initial mesh: 11381 vertices, 22704 faces
  [ComfyUI] [worker:ComfyUI-GeometryPack] INFO: Initial mesh: 11381 vertices, 22704 faces
  [ComfyUI] [worker:ComfyUI-GeometryPack] INFO: Initial mesh: 11381 vertices, 22704 faces
  [ComfyUI] [worker:ComfyUI-GeometryPack] INFO: Initial mesh: 11381 vertices, 22704 faces
  [ComfyUI] [worker:ComfyUI-GeometryPack] INFO: Initial mesh: 11381 vertices, 22704 faces
  [ComfyUI] [worker:ComfyUI-GeometryPack] INFO: Initial mesh: 11381 vertices, 22704 faces
  [ComfyUI] [worker:ComfyUI-GeometryPack] INFO: Initial mesh: 11381 vertices, 22704 faces
  [ComfyUI] [worker:ComfyUI-GeometryPack] INFO: Initial mesh: 11381 vertices, 22704 faces
  [ComfyUI] [worker:ComfyUI-GeometryPack] INFO: Initial mesh: 11381 vertices, 22704 faces
  [ComfyUI] [worker:ComfyUI-GeometryPack] INFO: Initial mesh: 11381 vertices, 22704 faces
  [ComfyUI] [worker:ComfyUI-GeometryPack] INFO: Initial mesh: 11381 vertices, 22704 faces
  [ComfyUI] [worker:ComfyUI-GeometryPack] INFO: Initial mesh: 11381 vertices, 22704 faces
  [ComfyUI] [worker:ComfyUI-GeometryPack] INFO: Successfully loaded: 11381 vertices, 22704 faces
  [ComfyUI] [worker:ComfyUI-GeometryPack] INFO: Successfully loaded: 11381 vertices, 22704 faces
  [ComfyUI] [worker:ComfyUI-GeometryPack] INFO: Successfully loaded: 11381 vertices, 22704 faces
  [ComfyUI] [worker:ComfyUI-GeometryPack] INFO: Successfully loaded: 11381 vertices, 22704 faces
  [ComfyUI] [worker:ComfyUI-GeometryPack] INFO: Successfully loaded: 11381 vertices, 22704 faces
  [ComfyUI] [worker:ComfyUI-GeometryPack] INFO: Successfully loaded: 11381 vertices, 22704 faces
  [ComfyUI] [worker:ComfyUI-GeometryPack] INFO: Successfully loaded: 11381 vertices, 22704 faces
  [ComfyUI] [worker:ComfyUI-GeometryPack] INFO: Successfully loaded: 11381 vertices, 22704 faces
  [ComfyUI] [worker:ComfyUI-GeometryPack] INFO: Successfully loaded: 11381 vertices, 22704 faces
  [ComfyUI] [worker:ComfyUI-GeometryPack] INFO: Successfully loaded: 11381 vertices, 22704 faces
  [ComfyUI] [worker:ComfyUI-GeometryPack] INFO: Successfully loaded: 11381 vertices, 22704 faces
  [ComfyUI] [worker:ComfyUI-GeometryPack] INFO: Successfully loaded: 11381 vertices, 22704 faces
  [ComfyUI] [worker:ComfyUI-GeometryPack] INFO: Successfully loaded: 11381 vertices, 22704 faces
  [ComfyUI] [worker:ComfyUI-GeometryPack] INFO: Successfully loaded: 11381 vertices, 22704 faces
  [ComfyUI] [worker:ComfyUI-GeometryPack] INFO: Successfully loaded: 11381 vertices, 22704 faces
  [ComfyUI] [worker:ComfyUI-GeometryPack] INFO: Successfully loaded: 11381 vertices, 22704 faces
  [ComfyUI] [worker:ComfyUI-GeometryPack] INFO: Successfully loaded: 11381 vertices, 22704 faces
  [ComfyUI] [worker:ComfyUI-GeometryPack] INFO: Successfully loaded: 11381 vertices, 22704 faces
  [ComfyUI] [worker:ComfyUI-GeometryPack] INFO: Successfully loaded: 11381 vertices, 22704 faces
  [ComfyUI] [worker:ComfyUI-GeometryPack] INFO: Successfully loaded: 11381 vertices, 22704 faces
  [ComfyUI] [worker:ComfyUI-GeometryPack] INFO: Successfully loaded: 11381 vertices, 22704 faces
  [ComfyUI] [worker:ComfyUI-GeometryPack] INFO: Successfully loaded: 11381 vertices, 22704 faces
  [ComfyUI] [worker:ComfyUI-GeometryPack] INFO: Successfully loaded: 11381 vertices, 22704 faces
  [ComfyUI] [worker:ComfyUI-GeometryPack] INFO: Loaded: 11381 vertices, 22704 faces
  [ComfyUI] [worker:ComfyUI-GeometryPack] INFO: Loaded: 11381 vertices, 22704 faces
  [ComfyUI] [worker:ComfyUI-GeometryPack] INFO: Loaded: 11381 vertices, 22704 faces
  [ComfyUI] [worker:ComfyUI-GeometryPack] INFO: Loaded: 11381 vertices, 22704 faces
  [ComfyUI] [worker:ComfyUI-GeometryPack] INFO: Loaded: 11381 vertices, 22704 faces
  [ComfyUI] [worker:ComfyUI-GeometryPack] INFO: Loaded: 11381 vertices, 22704 faces
  [ComfyUI] [worker:ComfyUI-GeometryPack] INFO: Loaded: 11381 vertices, 22704 faces
  [ComfyUI] [worker:ComfyUI-GeometryPack] INFO: Loaded: 11381 vertices, 22704 faces
  [ComfyUI] [worker:ComfyUI-GeometryPack] INFO: Loaded: 11381 vertices, 22704 faces
  [ComfyUI] [worker:ComfyUI-GeometryPack] INFO: Loaded: 11381 vertices, 22704 faces
  [ComfyUI] [worker:ComfyUI-GeometryPack] INFO: Loaded: 11381 vertices, 22704 faces
  [ComfyUI] [worker:ComfyUI-GeometryPack] INFO: Loaded: 11381 vertices, 22704 faces
  [ComfyUI] [worker:ComfyUI-GeometryPack] INFO: Loaded: 11381 vertices, 22704 faces
  [ComfyUI] [worker:ComfyUI-GeometryPack] INFO: Loaded: 11381 vertices, 22704 faces
  [ComfyUI] [worker:ComfyUI-GeometryPack] INFO: Loaded: 11381 vertices, 22704 faces
  [ComfyUI] [worker:ComfyUI-GeometryPack] INFO: Loaded: 11381 vertices, 22704 faces
  [ComfyUI] [worker:ComfyUI-GeometryPack] INFO: Loaded: 11381 vertices, 22704 faces
  [ComfyUI] [worker:ComfyUI-GeometryPack] INFO: Loaded: 11381 vertices, 22704 faces
  [ComfyUI] [worker:ComfyUI-GeometryPack] INFO: Loaded: 11381 vertices, 22704 faces
  [ComfyUI] [worker:ComfyUI-GeometryPack] INFO: Loaded: 11381 vertices, 22704 faces
  [ComfyUI] [worker:ComfyUI-GeometryPack] INFO: Loaded: 11381 vertices, 22704 faces
  [ComfyUI] [worker:ComfyUI-GeometryPack] INFO: Loaded: 11381 vertices, 22704 faces
  [ComfyUI] [worker:ComfyUI-GeometryPack] INFO: Loaded: 11381 vertices, 22704 faces
  [ComfyUI] [SubprocessWorker] got response: ok
  [ComfyUI] [SubprocessWorker] got response: ok
  [ComfyUI] [SubprocessWorker] got response: ok
  [ComfyUI] [SubprocessWorker] got response: ok
  [ComfyUI] [SubprocessWorker] got response: ok
  [ComfyUI] [SubprocessWorker] got response: ok
  [ComfyUI] [SubprocessWorker] got response: ok
  [ComfyUI] [SubprocessWorker] got response: ok
  [ComfyUI] [SubprocessWorker] got response: ok
  [ComfyUI] [SubprocessWorker] got response: ok
  [ComfyUI] [SubprocessWorker] got response: ok
  [ComfyUI] [SubprocessWorker] got response: ok
  [ComfyUI] [SubprocessWorker] got response: ok
  [ComfyUI] [SubprocessWorker] got response: ok
  [ComfyUI] [SubprocessWorker] got response: ok
  [ComfyUI] [SubprocessWorker] got response: ok
  [ComfyUI] [SubprocessWorker] got response: ok
  [ComfyUI] [SubprocessWorker] got response: ok
  [ComfyUI] [SubprocessWorker] got response: ok
  [ComfyUI] [SubprocessWorker] got response: ok
  [ComfyUI] [SubprocessWorker] got response: ok
  [ComfyUI] [SubprocessWorker] got response: ok
  [ComfyUI] [SubprocessWorker] got response: ok
  [ComfyUI] [comfy-env] GeomPackLoadMesh done (8.49s): result: NodeOutput
  [ComfyUI] [comfy-env] GeomPackLoadMesh done (8.49s): result: NodeOutput
  [ComfyUI] [comfy-env] GeomPackLoadMesh done (8.49s): result: NodeOutput
  [ComfyUI] [comfy-env] GeomPackLoadMesh done (8.49s): result: NodeOutput
  [ComfyUI] [comfy-env] GeomPackLoadMesh done (8.49s): result: NodeOutput
  [ComfyUI] [comfy-env] GeomPackLoadMesh done (8.49s): result: NodeOutput
  [ComfyUI] [comfy-env] GeomPackLoadMesh done (8.49s): result: NodeOutput
  [ComfyUI] [comfy-env] GeomPackLoadMesh done (8.49s): result: NodeOutput
  [ComfyUI] [comfy-env] GeomPackLoadMesh done (8.49s): result: NodeOutput
  [ComfyUI] [comfy-env] GeomPackLoadMesh done (8.49s): result: NodeOutput
  [ComfyUI] [comfy-env] GeomPackLoadMesh done (8.49s): result: NodeOutput
  [ComfyUI] [comfy-env] GeomPackLoadMesh done (8.49s): result: NodeOutput
  [ComfyUI] [comfy-env] GeomPackLoadMesh done (8.49s): result: NodeOutput
  [ComfyUI] [comfy-env] GeomPackLoadMesh done (8.49s): result: NodeOutput
  [ComfyUI] [comfy-env] GeomPackLoadMesh done (8.49s): result: NodeOutput
  [ComfyUI] [comfy-env] GeomPackLoadMesh done (8.49s): result: NodeOutput
  [ComfyUI] [comfy-env] GeomPackLoadMesh done (8.49s): result: NodeOutput
  [ComfyUI] [comfy-env] GeomPackLoadMesh done (8.49s): result: NodeOutput
  [ComfyUI] [comfy-env] GeomPackLoadMesh done (8.49s): result: NodeOutput
  [ComfyUI] [comfy-env] GeomPackLoadMesh done (8.49s): result: NodeOutput
  [ComfyUI] [comfy-env] GeomPackLoadMesh done (8.49s): result: NodeOutput
  [ComfyUI] [comfy-env] GeomPackLoadMesh done (8.49s): result: NodeOutput
  [ComfyUI] [comfy-env] GeomPackLoadMesh done (8.49s): result: NodeOutput
  [ComfyUI] [VRAM] After GeomPackLoadMesh: 1271 / 24575 MB
  [ComfyUI] [VRAM] After GeomPackLoadMesh: 1271 / 24575 MB
  [ComfyUI] [VRAM] After GeomPackLoadMesh: 1271 / 24575 MB
  [ComfyUI] [VRAM] After GeomPackLoadMesh: 1271 / 24575 MB
  [ComfyUI] [VRAM] After GeomPackLoadMesh: 1271 / 24575 MB
  [ComfyUI] [VRAM] After GeomPackLoadMesh: 1271 / 24575 MB
  [ComfyUI] [VRAM] After GeomPackLoadMesh: 1271 / 24575 MB
  [ComfyUI] [VRAM] After GeomPackLoadMesh: 1271 / 24575 MB
  [ComfyUI] [VRAM] After GeomPackLoadMesh: 1271 / 24575 MB
  [ComfyUI] [VRAM] After GeomPackLoadMesh: 1271 / 24575 MB
  [ComfyUI] [VRAM] After GeomPackLoadMesh: 1271 / 24575 MB
  [ComfyUI] [VRAM] After GeomPackLoadMesh: 1271 / 24575 MB
  [ComfyUI] [VRAM] After GeomPackLoadMesh: 1271 / 24575 MB
  [ComfyUI] [VRAM] After GeomPackLoadMesh: 1271 / 24575 MB
  [ComfyUI] [VRAM] After GeomPackLoadMesh: 1271 / 24575 MB
  [ComfyUI] [VRAM] After GeomPackLoadMesh: 1271 / 24575 MB
  [ComfyUI] [VRAM] After GeomPackLoadMesh: 1271 / 24575 MB
  [ComfyUI] [VRAM] After GeomPackLoadMesh: 1271 / 24575 MB
  [ComfyUI] [VRAM] After GeomPackLoadMesh: 1271 / 24575 MB
  [ComfyUI] [VRAM] After GeomPackLoadMesh: 1271 / 24575 MB
  [ComfyUI] [VRAM] After GeomPackLoadMesh: 1271 / 24575 MB
  [ComfyUI] [VRAM] After GeomPackLoadMesh: 1271 / 24575 MB
  [ComfyUI] [VRAM] After GeomPackLoadMesh: 1271 / 24575 MB
  [ComfyUI] [comfy-env] Running GeomPackFillHoles: backend: dict, mesh: Trimesh
  [ComfyUI] [comfy-env] Running GeomPackFillHoles: backend: dict, mesh: Trimesh
  [ComfyUI] [comfy-env] Running GeomPackFillHoles: backend: dict, mesh: Trimesh
  [ComfyUI] [comfy-env] Running GeomPackFillHoles: backend: dict, mesh: Trimesh
  [ComfyUI] [comfy-env] Running GeomPackFillHoles: backend: dict, mesh: Trimesh
  [ComfyUI] [comfy-env] Running GeomPackFillHoles: backend: dict, mesh: Trimesh
  [ComfyUI] [comfy-env] Running GeomPackFillHoles: backend: dict, mesh: Trimesh
  [ComfyUI] [comfy-env] Running GeomPackFillHoles: backend: dict, mesh: Trimesh
  [ComfyUI] [comfy-env] Running GeomPackFillHoles: backend: dict, mesh: Trimesh
  [ComfyUI] [comfy-env] Running GeomPackFillHoles: backend: dict, mesh: Trimesh
  [ComfyUI] [comfy-env] Running GeomPackFillHoles: backend: dict, mesh: Trimesh
  [ComfyUI] [comfy-env] Running GeomPackFillHoles: backend: dict, mesh: Trimesh
  [ComfyUI] [comfy-env] Running GeomPackFillHoles: backend: dict, mesh: Trimesh
  [ComfyUI] [comfy-env] Running GeomPackFillHoles: backend: dict, mesh: Trimesh
  [ComfyUI] [comfy-env] Running GeomPackFillHoles: backend: dict, mesh: Trimesh
  [ComfyUI] [comfy-env] Running GeomPackFillHoles: backend: dict, mesh: Trimesh
  [ComfyUI] [comfy-env] Running GeomPackFillHoles: backend: dict, mesh: Trimesh
  [ComfyUI] [comfy-env] Running GeomPackFillHoles: backend: dict, mesh: Trimesh
  [ComfyUI] [comfy-env] Running GeomPackFillHoles: backend: dict, mesh: Trimesh
  [ComfyUI] [comfy-env] Running GeomPackFillHoles: backend: dict, mesh: Trimesh
  [ComfyUI] [comfy-env] Running GeomPackFillHoles: backend: dict, mesh: Trimesh
  [ComfyUI] [comfy-env] Running GeomPackFillHoles: backend: dict, mesh: Trimesh
  [ComfyUI] [comfy-env] Running GeomPackFillHoles: backend: dict, mesh: Trimesh
  [ComfyUI] [VRAM] Before GeomPackFillHoles: 1271 / 24575 MB
  [ComfyUI] [VRAM] Before GeomPackFillHoles: 1271 / 24575 MB
  [ComfyUI] [VRAM] Before GeomPackFillHoles: 1271 / 24575 MB
  [ComfyUI] [VRAM] Before GeomPackFillHoles: 1271 / 24575 MB
  [ComfyUI] [VRAM] Before GeomPackFillHoles: 1271 / 24575 MB
  [ComfyUI] [VRAM] Before GeomPackFillHoles: 1271 / 24575 MB
  [ComfyUI] [VRAM] Before GeomPackFillHoles: 1271 / 24575 MB
  [ComfyUI] [VRAM] Before GeomPackFillHoles: 1271 / 24575 MB
  [ComfyUI] [VRAM] Before GeomPackFillHoles: 1271 / 24575 MB
  [ComfyUI] [VRAM] Before GeomPackFillHoles: 1271 / 24575 MB
  [ComfyUI] [VRAM] Before GeomPackFillHoles: 1271 / 24575 MB
  [ComfyUI] [VRAM] Before GeomPackFillHoles: 1271 / 24575 MB
  [ComfyUI] [VRAM] Before GeomPackFillHoles: 1271 / 24575 MB
  [ComfyUI] [VRAM] Before GeomPackFillHoles: 1271 / 24575 MB
  [ComfyUI] [VRAM] Before GeomPackFillHoles: 1271 / 24575 MB
  [ComfyUI] [VRAM] Before GeomPackFillHoles: 1271 / 24575 MB
  [ComfyUI] [VRAM] Before GeomPackFillHoles: 1271 / 24575 MB
  [ComfyUI] [VRAM] Before GeomPackFillHoles: 1271 / 24575 MB
  [ComfyUI] [VRAM] Before GeomPackFillHoles: 1271 / 24575 MB
  [ComfyUI] [VRAM] Before GeomPackFillHoles: 1271 / 24575 MB
  [ComfyUI] [VRAM] Before GeomPackFillHoles: 1271 / 24575 MB
  [ComfyUI] [VRAM] Before GeomPackFillHoles: 1271 / 24575 MB
  [ComfyUI] [VRAM] Before GeomPackFillHoles: 1271 / 24575 MB
  [ComfyUI] [SubprocessWorker] call_method: nodes.main.repair.fill_holes.FillHolesNode.EXECUTE_NORMALIZED
  [ComfyUI] [SubprocessWorker] call_method: nodes.main.repair.fill_holes.FillHolesNode.EXECUTE_NORMALIZED
  [ComfyUI] [SubprocessWorker] call_method: nodes.main.repair.fill_holes.FillHolesNode.EXECUTE_NORMALIZED
  [ComfyUI] [SubprocessWorker] call_method: nodes.main.repair.fill_holes.FillHolesNode.EXECUTE_NORMALIZED
  [ComfyUI] [SubprocessWorker] call_method: nodes.main.repair.fill_holes.FillHolesNode.EXECUTE_NORMALIZED
  [ComfyUI] [SubprocessWorker] call_method: nodes.main.repair.fill_holes.FillHolesNode.EXECUTE_NORMALIZED
  [ComfyUI] [SubprocessWorker] call_method: nodes.main.repair.fill_holes.FillHolesNode.EXECUTE_NORMALIZED
  [ComfyUI] [SubprocessWorker] call_method: nodes.main.repair.fill_holes.FillHolesNode.EXECUTE_NORMALIZED
  [ComfyUI] [SubprocessWorker] call_method: nodes.main.repair.fill_holes.FillHolesNode.EXECUTE_NORMALIZED
  [ComfyUI] [SubprocessWorker] call_method: nodes.main.repair.fill_holes.FillHolesNode.EXECUTE_NORMALIZED
  [ComfyUI] [SubprocessWorker] call_method: nodes.main.repair.fill_holes.FillHolesNode.EXECUTE_NORMALIZED
  [ComfyUI] [SubprocessWorker] call_method: nodes.main.repair.fill_holes.FillHolesNode.EXECUTE_NORMALIZED
  [ComfyUI] [SubprocessWorker] call_method: nodes.main.repair.fill_holes.FillHolesNode.EXECUTE_NORMALIZED
  [ComfyUI] [SubprocessWorker] call_method: nodes.main.repair.fill_holes.FillHolesNode.EXECUTE_NORMALIZED
  [ComfyUI] [SubprocessWorker] call_method: nodes.main.repair.fill_holes.FillHolesNode.EXECUTE_NORMALIZED
  [ComfyUI] [SubprocessWorker] call_method: nodes.main.repair.fill_holes.FillHolesNode.EXECUTE_NORMALIZED
  [ComfyUI] [SubprocessWorker] call_method: nodes.main.repair.fill_holes.FillHolesNode.EXECUTE_NORMALIZED
  [ComfyUI] [SubprocessWorker] call_method: nodes.main.repair.fill_holes.FillHolesNode.EXECUTE_NORMALIZED
  [ComfyUI] [SubprocessWorker] call_method: nodes.main.repair.fill_holes.FillHolesNode.EXECUTE_NORMALIZED
  [ComfyUI] [SubprocessWorker] call_method: nodes.main.repair.fill_holes.FillHolesNode.EXECUTE_NORMALIZED
  [ComfyUI] [SubprocessWorker] call_method: nodes.main.repair.fill_holes.FillHolesNode.EXECUTE_NORMALIZED
  [ComfyUI] [SubprocessWorker] call_method: nodes.main.repair.fill_holes.FillHolesNode.EXECUTE_NORMALIZED
  [ComfyUI] [SubprocessWorker] call_method: nodes.main.repair.fill_holes.FillHolesNode.EXECUTE_NORMALIZED
  [ComfyUI] [SubprocessWorker] acquired lock, ensuring started...
  [ComfyUI] [SubprocessWorker] acquired lock, ensuring started...
  [ComfyUI] [SubprocessWorker] acquired lock, ensuring started...
  [ComfyUI] [SubprocessWorker] acquired lock, ensuring started...
  [ComfyUI] [SubprocessWorker] acquired lock, ensuring started...
  [ComfyUI] [SubprocessWorker] acquired lock, ensuring started...
  [ComfyUI] [SubprocessWorker] acquired lock, ensuring started...
  [ComfyUI] [SubprocessWorker] acquired lock, ensuring started...
  [ComfyUI] [SubprocessWorker] acquired lock, ensuring started...
  [ComfyUI] [SubprocessWorker] acquired lock, ensuring started...
  [ComfyUI] [SubprocessWorker] acquired lock, ensuring started...
  [ComfyUI] [SubprocessWorker] acquired lock, ensuring started...
  [ComfyUI] [SubprocessWorker] acquired lock, ensuring started...
  [ComfyUI] [SubprocessWorker] acquired lock, ensuring started...
  [ComfyUI] [SubprocessWorker] acquired lock, ensuring started...
  [ComfyUI] [SubprocessWorker] acquired lock, ensuring started...
  [ComfyUI] [SubprocessWorker] acquired lock, ensuring started...
  [ComfyUI] [SubprocessWorker] acquired lock, ensuring started...
  [ComfyUI] [SubprocessWorker] acquired lock, ensuring started...
  [ComfyUI] [SubprocessWorker] acquired lock, ensuring started...
  [ComfyUI] [SubprocessWorker] acquired lock, ensuring started...
  [ComfyUI] [SubprocessWorker] acquired lock, ensuring started...
  [ComfyUI] [SubprocessWorker] acquired lock, ensuring started...
  [ComfyUI] [ComfyUI-GeometryPack] Health check: ping (timeout=5.0s)...
  [ComfyUI] [ComfyUI-GeometryPack] Health check: ping (timeout=5.0s)...
  [ComfyUI] [ComfyUI-GeometryPack] Health check: ping (timeout=5.0s)...
  [ComfyUI] [ComfyUI-GeometryPack] Health check: ping (timeout=5.0s)...
  [ComfyUI] [ComfyUI-GeometryPack] Health check: ping (timeout=5.0s)...
  [ComfyUI] [ComfyUI-GeometryPack] Health check: ping (timeout=5.0s)...
  [ComfyUI] [ComfyUI-GeometryPack] Health check: ping (timeout=5.0s)...
  [ComfyUI] [ComfyUI-GeometryPack] Health check: ping (timeout=5.0s)...
  [ComfyUI] [ComfyUI-GeometryPack] Health check: ping (timeout=5.0s)...
  [ComfyUI] [ComfyUI-GeometryPack] Health check: ping (timeout=5.0s)...
  [ComfyUI] [ComfyUI-GeometryPack] Health check: ping (timeout=5.0s)...
  [ComfyUI] [ComfyUI-GeometryPack] Health check: ping (timeout=5.0s)...
  [ComfyUI] [ComfyUI-GeometryPack] Health check: ping (timeout=5.0s)...
  [ComfyUI] [ComfyUI-GeometryPack] Health check: ping (timeout=5.0s)...
  [ComfyUI] [ComfyUI-GeometryPack] Health check: ping (timeout=5.0s)...
  [ComfyUI] [ComfyUI-GeometryPack] Health check: ping (timeout=5.0s)...
  [ComfyUI] [ComfyUI-GeometryPack] Health check: ping (timeout=5.0s)...
  [ComfyUI] [ComfyUI-GeometryPack] Health check: ping (timeout=5.0s)...
  [ComfyUI] [ComfyUI-GeometryPack] Health check: ping (timeout=5.0s)...
  [ComfyUI] [ComfyUI-GeometryPack] Health check: ping (timeout=5.0s)...
  [ComfyUI] [ComfyUI-GeometryPack] Health check: ping (timeout=5.0s)...
  [ComfyUI] [ComfyUI-GeometryPack] Health check: ping (timeout=5.0s)...
  [ComfyUI] [ComfyUI-GeometryPack] Health check: ping (timeout=5.0s)...
  [ComfyUI] [ComfyUI-GeometryPack] Health check: ok
  [ComfyUI] [ComfyUI-GeometryPack] Health check: ok
  [ComfyUI] [ComfyUI-GeometryPack] Health check: ok
  [ComfyUI] [ComfyUI-GeometryPack] Health check: ok
  [ComfyUI] [ComfyUI-GeometryPack] Health check: ok
  [ComfyUI] [ComfyUI-GeometryPack] Health check: ok
  [ComfyUI] [ComfyUI-GeometryPack] Health check: ok
  [ComfyUI] [ComfyUI-GeometryPack] Health check: ok
  [ComfyUI] [ComfyUI-GeometryPack] Health check: ok
  [ComfyUI] [ComfyUI-GeometryPack] Health check: ok
  [ComfyUI] [ComfyUI-GeometryPack] Health check: ok
  [ComfyUI] [ComfyUI-GeometryPack] Health check: ok
  [ComfyUI] [ComfyUI-GeometryPack] Health check: ok
  [ComfyUI] [ComfyUI-GeometryPack] Health check: ok
  [ComfyUI] [ComfyUI-GeometryPack] Health check: ok
  [ComfyUI] [ComfyUI-GeometryPack] Health check: ok
  [ComfyUI] [ComfyUI-GeometryPack] Health check: ok
  [ComfyUI] [ComfyUI-GeometryPack] Health check: ok
  [ComfyUI] [ComfyUI-GeometryPack] Health check: ok
  [ComfyUI] [ComfyUI-GeometryPack] Health check: ok
  [ComfyUI] [ComfyUI-GeometryPack] Health check: ok
  [ComfyUI] [ComfyUI-GeometryPack] Health check: ok
  [ComfyUI] [ComfyUI-GeometryPack] Health check: ok
  [ComfyUI] [SubprocessWorker] worker started/confirmed
  [ComfyUI] [SubprocessWorker] worker started/confirmed
  [ComfyUI] [SubprocessWorker] worker started/confirmed
  [ComfyUI] [SubprocessWorker] worker started/confirmed
  [ComfyUI] [SubprocessWorker] worker started/confirmed
  [ComfyUI] [SubprocessWorker] worker started/confirmed
  [ComfyUI] [SubprocessWorker] worker started/confirmed
  [ComfyUI] [SubprocessWorker] worker started/confirmed
  [ComfyUI] [SubprocessWorker] worker started/confirmed
  [ComfyUI] [SubprocessWorker] worker started/confirmed
  [ComfyUI] [SubprocessWorker] worker started/confirmed
  [ComfyUI] [SubprocessWorker] worker started/confirmed
  [ComfyUI] [SubprocessWorker] worker started/confirmed
  [ComfyUI] [SubprocessWorker] worker started/confirmed
  [ComfyUI] [SubprocessWorker] worker started/confirmed
  [ComfyUI] [SubprocessWorker] worker started/confirmed
  [ComfyUI] [SubprocessWorker] worker started/confirmed
  [ComfyUI] [SubprocessWorker] worker started/confirmed
  [ComfyUI] [SubprocessWorker] worker started/confirmed
  [ComfyUI] [SubprocessWorker] worker started/confirmed
  [ComfyUI] [SubprocessWorker] worker started/confirmed
  [ComfyUI] [SubprocessWorker] worker started/confirmed
  [ComfyUI] [SubprocessWorker] worker started/confirmed
  [ComfyUI] [SubprocessWorker] serializing kwargs to shm...
  [ComfyUI] [SubprocessWorker] serializing kwargs to shm...
  [ComfyUI] [SubprocessWorker] serializing kwargs to shm...
  [ComfyUI] [SubprocessWorker] serializing kwargs to shm...
  [ComfyUI] [SubprocessWorker] serializing kwargs to shm...
  [ComfyUI] [SubprocessWorker] serializing kwargs to shm...
  [ComfyUI] [SubprocessWorker] serializing kwargs to shm...
  [ComfyUI] [SubprocessWorker] serializing kwargs to shm...
  [ComfyUI] [SubprocessWorker] serializing kwargs to shm...
  [ComfyUI] [SubprocessWorker] serializing kwargs to shm...
  [ComfyUI] [SubprocessWorker] serializing kwargs to shm...
  [ComfyUI] [SubprocessWorker] serializing kwargs to shm...
  [ComfyUI] [SubprocessWorker] serializing kwargs to shm...
  [ComfyUI] [SubprocessWorker] serializing kwargs to shm...
  [ComfyUI] [SubprocessWorker] serializing kwargs to shm...
  [ComfyUI] [SubprocessWorker] serializing kwargs to shm...
  [ComfyUI] [SubprocessWorker] serializing kwargs to shm...
  [ComfyUI] [SubprocessWorker] serializing kwargs to shm...
  [ComfyUI] [SubprocessWorker] serializing kwargs to shm...
  [ComfyUI] [SubprocessWorker] serializing kwargs to shm...
  [ComfyUI] [SubprocessWorker] serializing kwargs to shm...
  [ComfyUI] [SubprocessWorker] serializing kwargs to shm...
  [ComfyUI] [SubprocessWorker] serializing kwargs to shm...
  [ComfyUI] [SubprocessWorker] created 1 shm blocks
  [ComfyUI] [SubprocessWorker] created 1 shm blocks
  [ComfyUI] [SubprocessWorker] created 1 shm blocks
  [ComfyUI] [SubprocessWorker] created 1 shm blocks
  [ComfyUI] [SubprocessWorker] created 1 shm blocks
  [ComfyUI] [SubprocessWorker] created 1 shm blocks
  [ComfyUI] [SubprocessWorker] created 1 shm blocks
  [ComfyUI] [SubprocessWorker] created 1 shm blocks
  [ComfyUI] [SubprocessWorker] created 1 shm blocks
  [ComfyUI] [SubprocessWorker] created 1 shm blocks
  [ComfyUI] [SubprocessWorker] created 1 shm blocks
  [ComfyUI] [SubprocessWorker] created 1 shm blocks
  [ComfyUI] [SubprocessWorker] created 1 shm blocks
  [ComfyUI] [SubprocessWorker] created 1 shm blocks
  [ComfyUI] [SubprocessWorker] created 1 shm blocks
  [ComfyUI] [SubprocessWorker] created 1 shm blocks
  [ComfyUI] [SubprocessWorker] created 1 shm blocks
  [ComfyUI] [SubprocessWorker] created 1 shm blocks
  [ComfyUI] [SubprocessWorker] created 1 shm blocks
  [ComfyUI] [SubprocessWorker] created 1 shm blocks
  [ComfyUI] [SubprocessWorker] created 1 shm blocks
  [ComfyUI] [SubprocessWorker] created 1 shm blocks
  [ComfyUI] [SubprocessWorker] created 1 shm blocks
  [ComfyUI] [SubprocessWorker] sending request via socket...
  [ComfyUI] [SubprocessWorker] sending request via socket...
  [ComfyUI] [SubprocessWorker] sending request via socket...
  [ComfyUI] [SubprocessWorker] sending request via socket...
  [ComfyUI] [SubprocessWorker] sending request via socket...
  [ComfyUI] [SubprocessWorker] sending request via socket...
  [ComfyUI] [SubprocessWorker] sending request via socket...
  [ComfyUI] [SubprocessWorker] sending request via socket...
  [ComfyUI] [SubprocessWorker] sending request via socket...
  [ComfyUI] [SubprocessWorker] sending request via socket...
  [ComfyUI] [SubprocessWorker] sending request via socket...
  [ComfyUI] [SubprocessWorker] sending request via socket...
  [ComfyUI] [SubprocessWorker] sending request via socket...
  [ComfyUI] [SubprocessWorker] sending request via socket...
  [ComfyUI] [SubprocessWorker] sending request via socket...
  [ComfyUI] [SubprocessWorker] sending request via socket...
  [ComfyUI] [SubprocessWorker] sending request via socket...
  [ComfyUI] [SubprocessWorker] sending request via socket...
  [ComfyUI] [SubprocessWorker] sending request via socket...
  [ComfyUI] [SubprocessWorker] sending request via socket...
  [ComfyUI] [SubprocessWorker] sending request via socket...
  [ComfyUI] [SubprocessWorker] sending request via socket...
  [ComfyUI] [SubprocessWorker] sending request via socket...
  [ComfyUI] [SubprocessWorker] call_id=2 sending call_method
  [ComfyUI] [SubprocessWorker] call_id=2 sending call_method
  [ComfyUI] [SubprocessWorker] call_id=2 sending call_method
  [ComfyUI] [SubprocessWorker] call_id=2 sending call_method
  [ComfyUI] [SubprocessWorker] call_id=2 sending call_method
  [ComfyUI] [SubprocessWorker] call_id=2 sending call_method
  [ComfyUI] [SubprocessWorker] call_id=2 sending call_method
  [ComfyUI] [SubprocessWorker] call_id=2 sending call_method
  [ComfyUI] [SubprocessWorker] call_id=2 sending call_method
  [ComfyUI] [SubprocessWorker] call_id=2 sending call_method
  [ComfyUI] [SubprocessWorker] call_id=2 sending call_method
  [ComfyUI] [SubprocessWorker] call_id=2 sending call_method
  [ComfyUI] [SubprocessWorker] call_id=2 sending call_method
  [ComfyUI] [SubprocessWorker] call_id=2 sending call_method
  [ComfyUI] [SubprocessWorker] call_id=2 sending call_method
  [ComfyUI] [SubprocessWorker] call_id=2 sending call_method
  [ComfyUI] [SubprocessWorker] call_id=2 sending call_method
  [ComfyUI] [SubprocessWorker] call_id=2 sending call_method
  [ComfyUI] [SubprocessWorker] call_id=2 sending call_method
  [ComfyUI] [SubprocessWorker] call_id=2 sending call_method
  [ComfyUI] [SubprocessWorker] call_id=2 sending call_method
  [ComfyUI] [SubprocessWorker] call_id=2 sending call_method
  [ComfyUI] [SubprocessWorker] call_id=2 sending call_method
  [ComfyUI] [worker:ComfyUI-GeometryPack] INFO: Fill Holes dispatch: gpu_cumesh -> GeomPackFillHoles_GPU
  [ComfyUI] [worker:ComfyUI-GeometryPack] INFO: Fill Holes dispatch: gpu_cumesh -> GeomPackFillHoles_GPU
  [ComfyUI] [worker:ComfyUI-GeometryPack] INFO: Fill Holes dispatch: gpu_cumesh -> GeomPackFillHoles_GPU
  [ComfyUI] [worker:ComfyUI-GeometryPack] INFO: Fill Holes dispatch: gpu_cumesh -> GeomPackFillHoles_GPU
  [ComfyUI] [worker:ComfyUI-GeometryPack] INFO: Fill Holes dispatch: gpu_cumesh -> GeomPackFillHoles_GPU
  [ComfyUI] [worker:ComfyUI-GeometryPack] INFO: Fill Holes dispatch: gpu_cumesh -> GeomPackFillHoles_GPU
  [ComfyUI] [worker:ComfyUI-GeometryPack] INFO: Fill Holes dispatch: gpu_cumesh -> GeomPackFillHoles_GPU
  [ComfyUI] [worker:ComfyUI-GeometryPack] INFO: Fill Holes dispatch: gpu_cumesh -> GeomPackFillHoles_GPU
  [ComfyUI] [worker:ComfyUI-GeometryPack] INFO: Fill Holes dispatch: gpu_cumesh -> GeomPackFillHoles_GPU
  [ComfyUI] [worker:ComfyUI-GeometryPack] INFO: Fill Holes dispatch: gpu_cumesh -> GeomPackFillHoles_GPU
  [ComfyUI] [worker:ComfyUI-GeometryPack] INFO: Fill Holes dispatch: gpu_cumesh -> GeomPackFillHoles_GPU
  [ComfyUI] [worker:ComfyUI-GeometryPack] INFO: Fill Holes dispatch: gpu_cumesh -> GeomPackFillHoles_GPU
  [ComfyUI] [worker:ComfyUI-GeometryPack] INFO: Fill Holes dispatch: gpu_cumesh -> GeomPackFillHoles_GPU
  [ComfyUI] [worker:ComfyUI-GeometryPack] INFO: Fill Holes dispatch: gpu_cumesh -> GeomPackFillHoles_GPU
  [ComfyUI] [worker:ComfyUI-GeometryPack] INFO: Fill Holes dispatch: gpu_cumesh -> GeomPackFillHoles_GPU
  [ComfyUI] [worker:ComfyUI-GeometryPack] INFO: Fill Holes dispatch: gpu_cumesh -> GeomPackFillHoles_GPU
  [ComfyUI] [worker:ComfyUI-GeometryPack] INFO: Fill Holes dispatch: gpu_cumesh -> GeomPackFillHoles_GPU
  [ComfyUI] [worker:ComfyUI-GeometryPack] INFO: Fill Holes dispatch: gpu_cumesh -> GeomPackFillHoles_GPU
  [ComfyUI] [worker:ComfyUI-GeometryPack] INFO: Fill Holes dispatch: gpu_cumesh -> GeomPackFillHoles_GPU
  [ComfyUI] [worker:ComfyUI-GeometryPack] INFO: Fill Holes dispatch: gpu_cumesh -> GeomPackFillHoles_GPU
  [ComfyUI] [worker:ComfyUI-GeometryPack] INFO: Fill Holes dispatch: gpu_cumesh -> GeomPackFillHoles_GPU
  [ComfyUI] [worker:ComfyUI-GeometryPack] INFO: Fill Holes dispatch: gpu_cumesh -> GeomPackFillHoles_GPU
  [ComfyUI] [worker:ComfyUI-GeometryPack] INFO: Fill Holes dispatch: gpu_cumesh -> GeomPackFillHoles_GPU
  [ComfyUI] [SubprocessWorker] got response: ok
  [ComfyUI] [SubprocessWorker] got response: ok
  [ComfyUI] [SubprocessWorker] got response: ok
  [ComfyUI] [SubprocessWorker] got response: ok
  [ComfyUI] [SubprocessWorker] got response: ok
  [ComfyUI] [SubprocessWorker] got response: ok
  [ComfyUI] [SubprocessWorker] got response: ok
  [ComfyUI] [SubprocessWorker] got response: ok
  [ComfyUI] [SubprocessWorker] got response: ok
  [ComfyUI] [SubprocessWorker] got response: ok
  [ComfyUI] [SubprocessWorker] got response: ok
  [ComfyUI] [SubprocessWorker] got response: ok
  [ComfyUI] [SubprocessWorker] got response: ok
  [ComfyUI] [SubprocessWorker] got response: ok
  [ComfyUI] [SubprocessWorker] got response: ok
  [ComfyUI] [SubprocessWorker] got response: ok
  [ComfyUI] [SubprocessWorker] got response: ok
  [ComfyUI] [SubprocessWorker] got response: ok
  [ComfyUI] [SubprocessWorker] got response: ok
  [ComfyUI] [SubprocessWorker] got response: ok
  [ComfyUI] [SubprocessWorker] got response: ok
  [ComfyUI] [SubprocessWorker] got response: ok
  [ComfyUI] [SubprocessWorker] got response: ok
  [ComfyUI] [comfy-env] GeomPackFillHoles done (0.04s): result: NodeOutput
  [ComfyUI] [comfy-env] GeomPackFillHoles done (0.04s): result: NodeOutput
  [ComfyUI] [comfy-env] GeomPackFillHoles done (0.04s): result: NodeOutput
  [ComfyUI] [comfy-env] GeomPackFillHoles done (0.04s): result: NodeOutput
  [ComfyUI] [comfy-env] GeomPackFillHoles done (0.04s): result: NodeOutput
  [ComfyUI] [comfy-env] GeomPackFillHoles done (0.04s): result: NodeOutput
  [ComfyUI] [comfy-env] GeomPackFillHoles done (0.04s): result: NodeOutput
  [ComfyUI] [comfy-env] GeomPackFillHoles done (0.04s): result: NodeOutput
  [ComfyUI] [comfy-env] GeomPackFillHoles done (0.04s): result: NodeOutput
  [ComfyUI] [comfy-env] GeomPackFillHoles done (0.04s): result: NodeOutput
  [ComfyUI] [comfy-env] GeomPackFillHoles done (0.04s): result: NodeOutput
  [ComfyUI] [comfy-env] GeomPackFillHoles done (0.04s): result: NodeOutput
  [ComfyUI] [comfy-env] GeomPackFillHoles done (0.04s): result: NodeOutput
  [ComfyUI] [comfy-env] GeomPackFillHoles done (0.04s): result: NodeOutput
  [ComfyUI] [comfy-env] GeomPackFillHoles done (0.04s): result: NodeOutput
  [ComfyUI] [comfy-env] GeomPackFillHoles done (0.04s): result: NodeOutput
  [ComfyUI] [comfy-env] GeomPackFillHoles done (0.04s): result: NodeOutput
  [ComfyUI] [comfy-env] GeomPackFillHoles done (0.04s): result: NodeOutput
  [ComfyUI] [comfy-env] GeomPackFillHoles done (0.04s): result: NodeOutput
  [ComfyUI] [comfy-env] GeomPackFillHoles done (0.04s): result: NodeOutput
  [ComfyUI] [comfy-env] GeomPackFillHoles done (0.04s): result: NodeOutput
  [ComfyUI] [comfy-env] GeomPackFillHoles done (0.04s): result: NodeOutput
  [ComfyUI] [comfy-env] GeomPackFillHoles done (0.04s): result: NodeOutput
  [ComfyUI] [VRAM] After GeomPackFillHoles: 1271 / 24575 MB
  [ComfyUI] [VRAM] After GeomPackFillHoles: 1271 / 24575 MB
  [ComfyUI] [VRAM] After GeomPackFillHoles: 1271 / 24575 MB
  [ComfyUI] [VRAM] After GeomPackFillHoles: 1271 / 24575 MB
  [ComfyUI] [VRAM] After GeomPackFillHoles: 1271 / 24575 MB
  [ComfyUI] [VRAM] After GeomPackFillHoles: 1271 / 24575 MB
  [ComfyUI] [VRAM] After GeomPackFillHoles: 1271 / 24575 MB
  [ComfyUI] [VRAM] After GeomPackFillHoles: 1271 / 24575 MB
  [ComfyUI] [VRAM] After GeomPackFillHoles: 1271 / 24575 MB
  [ComfyUI] [VRAM] After GeomPackFillHoles: 1271 / 24575 MB
  [ComfyUI] [VRAM] After GeomPackFillHoles: 1271 / 24575 MB
  [ComfyUI] [VRAM] After GeomPackFillHoles: 1271 / 24575 MB
  [ComfyUI] [VRAM] After GeomPackFillHoles: 1271 / 24575 MB
  [ComfyUI] [VRAM] After GeomPackFillHoles: 1271 / 24575 MB
  [ComfyUI] [VRAM] After GeomPackFillHoles: 1271 / 24575 MB
  [ComfyUI] [VRAM] After GeomPackFillHoles: 1271 / 24575 MB
  [ComfyUI] [VRAM] After GeomPackFillHoles: 1271 / 24575 MB
  [ComfyUI] [VRAM] After GeomPackFillHoles: 1271 / 24575 MB
  [ComfyUI] [VRAM] After GeomPackFillHoles: 1271 / 24575 MB
  [ComfyUI] [VRAM] After GeomPackFillHoles: 1271 / 24575 MB
  [ComfyUI] [VRAM] After GeomPackFillHoles: 1271 / 24575 MB
  [ComfyUI] [VRAM] After GeomPackFillHoles: 1271 / 24575 MB
  [ComfyUI] [VRAM] After GeomPackFillHoles: 1271 / 24575 MB
  [ComfyUI] [comfy-env] Running GeomPackFillHoles: backend: dict, mesh: Trimesh
  [ComfyUI] [comfy-env] Running GeomPackFillHoles: backend: dict, mesh: Trimesh
  [ComfyUI] [comfy-env] Running GeomPackFillHoles: backend: dict, mesh: Trimesh
  [ComfyUI] [comfy-env] Running GeomPackFillHoles: backend: dict, mesh: Trimesh
  [ComfyUI] [comfy-env] Running GeomPackFillHoles: backend: dict, mesh: Trimesh
  [ComfyUI] [comfy-env] Running GeomPackFillHoles: backend: dict, mesh: Trimesh
  [ComfyUI] [comfy-env] Running GeomPackFillHoles: backend: dict, mesh: Trimesh
  [ComfyUI] [comfy-env] Running GeomPackFillHoles: backend: dict, mesh: Trimesh
  [ComfyUI] [comfy-env] Running GeomPackFillHoles: backend: dict, mesh: Trimesh
  [ComfyUI] [comfy-env] Running GeomPackFillHoles: backend: dict, mesh: Trimesh
  [ComfyUI] [comfy-env] Running GeomPackFillHoles: backend: dict, mesh: Trimesh
  [ComfyUI] [comfy-env] Running GeomPackFillHoles: backend: dict, mesh: Trimesh
  [ComfyUI] [comfy-env] Running GeomPackFillHoles: backend: dict, mesh: Trimesh
  [ComfyUI] [comfy-env] Running GeomPackFillHoles: backend: dict, mesh: Trimesh
  [ComfyUI] [comfy-env] Running GeomPackFillHoles: backend: dict, mesh: Trimesh
  [ComfyUI] [comfy-env] Running GeomPackFillHoles: backend: dict, mesh: Trimesh
  [ComfyUI] [comfy-env] Running GeomPackFillHoles: backend: dict, mesh: Trimesh
  [ComfyUI] [comfy-env] Running GeomPackFillHoles: backend: dict, mesh: Trimesh
  [ComfyUI] [comfy-env] Running GeomPackFillHoles: backend: dict, mesh: Trimesh
  [ComfyUI] [comfy-env] Running GeomPackFillHoles: backend: dict, mesh: Trimesh
  [ComfyUI] [comfy-env] Running GeomPackFillHoles: backend: dict, mesh: Trimesh
  [ComfyUI] [comfy-env] Running GeomPackFillHoles: backend: dict, mesh: Trimesh
  [ComfyUI] [comfy-env] Running GeomPackFillHoles: backend: dict, mesh: Trimesh
  [ComfyUI] [VRAM] Before GeomPackFillHoles: 1271 / 24575 MB
  [ComfyUI] [VRAM] Before GeomPackFillHoles: 1271 / 24575 MB
  [ComfyUI] [VRAM] Before GeomPackFillHoles: 1271 / 24575 MB
  [ComfyUI] [VRAM] Before GeomPackFillHoles: 1271 / 24575 MB
  [ComfyUI] [VRAM] Before GeomPackFillHoles: 1271 / 24575 MB
  [ComfyUI] [VRAM] Before GeomPackFillHoles: 1271 / 24575 MB
  [ComfyUI] [VRAM] Before GeomPackFillHoles: 1271 / 24575 MB
  [ComfyUI] [VRAM] Before GeomPackFillHoles: 1271 / 24575 MB
  [ComfyUI] [VRAM] Before GeomPackFillHoles: 1271 / 24575 MB
  [ComfyUI] [VRAM] Before GeomPackFillHoles: 1271 / 24575 MB
  [ComfyUI] [VRAM] Before GeomPackFillHoles: 1271 / 24575 MB
  [ComfyUI] [VRAM] Before GeomPackFillHoles: 1271 / 24575 MB
  [ComfyUI] [VRAM] Before GeomPackFillHoles: 1271 / 24575 MB
  [ComfyUI] [VRAM] Before GeomPackFillHoles: 1271 / 24575 MB
  [ComfyUI] [VRAM] Before GeomPackFillHoles: 1271 / 24575 MB
  [ComfyUI] [VRAM] Before GeomPackFillHoles: 1271 / 24575 MB
  [ComfyUI] [VRAM] Before GeomPackFillHoles: 1271 / 24575 MB
  [ComfyUI] [VRAM] Before GeomPackFillHoles: 1271 / 24575 MB
  [ComfyUI] [VRAM] Before GeomPackFillHoles: 1271 / 24575 MB
  [ComfyUI] [VRAM] Before GeomPackFillHoles: 1271 / 24575 MB
  [ComfyUI] [VRAM] Before GeomPackFillHoles: 1271 / 24575 MB
  [ComfyUI] [VRAM] Before GeomPackFillHoles: 1271 / 24575 MB
  [ComfyUI] [VRAM] Before GeomPackFillHoles: 1271 / 24575 MB
  [ComfyUI] [SubprocessWorker] call_method: nodes.main.repair.fill_holes.FillHolesNode.EXECUTE_NORMALIZED
  [ComfyUI] [SubprocessWorker] call_method: nodes.main.repair.fill_holes.FillHolesNode.EXECUTE_NORMALIZED
  [ComfyUI] [SubprocessWorker] call_method: nodes.main.repair.fill_holes.FillHolesNode.EXECUTE_NORMALIZED
  [ComfyUI] [SubprocessWorker] call_method: nodes.main.repair.fill_holes.FillHolesNode.EXECUTE_NORMALIZED
  [ComfyUI] [SubprocessWorker] call_method: nodes.main.repair.fill_holes.FillHolesNode.EXECUTE_NORMALIZED
  [ComfyUI] [SubprocessWorker] call_method: nodes.main.repair.fill_holes.FillHolesNode.EXECUTE_NORMALIZED
  [ComfyUI] [SubprocessWorker] call_method: nodes.main.repair.fill_holes.FillHolesNode.EXECUTE_NORMALIZED
  [ComfyUI] [SubprocessWorker] call_method: nodes.main.repair.fill_holes.FillHolesNode.EXECUTE_NORMALIZED
  [ComfyUI] [SubprocessWorker] call_method: nodes.main.repair.fill_holes.FillHolesNode.EXECUTE_NORMALIZED
  [ComfyUI] [SubprocessWorker] call_method: nodes.main.repair.fill_holes.FillHolesNode.EXECUTE_NORMALIZED
  [ComfyUI] [SubprocessWorker] call_method: nodes.main.repair.fill_holes.FillHolesNode.EXECUTE_NORMALIZED
  [ComfyUI] [SubprocessWorker] call_method: nodes.main.repair.fill_holes.FillHolesNode.EXECUTE_NORMALIZED
  [ComfyUI] [SubprocessWorker] call_method: nodes.main.repair.fill_holes.FillHolesNode.EXECUTE_NORMALIZED
  [ComfyUI] [SubprocessWorker] call_method: nodes.main.repair.fill_holes.FillHolesNode.EXECUTE_NORMALIZED
  [ComfyUI] [SubprocessWorker] call_method: nodes.main.repair.fill_holes.FillHolesNode.EXECUTE_NORMALIZED
  [ComfyUI] [SubprocessWorker] call_method: nodes.main.repair.fill_holes.FillHolesNode.EXECUTE_NORMALIZED
  [ComfyUI] [SubprocessWorker] call_method: nodes.main.repair.fill_holes.FillHolesNode.EXECUTE_NORMALIZED
  [ComfyUI] [SubprocessWorker] call_method: nodes.main.repair.fill_holes.FillHolesNode.EXECUTE_NORMALIZED
  [ComfyUI] [SubprocessWorker] call_method: nodes.main.repair.fill_holes.FillHolesNode.EXECUTE_NORMALIZED
  [ComfyUI] [SubprocessWorker] call_method: nodes.main.repair.fill_holes.FillHolesNode.EXECUTE_NORMALIZED
  [ComfyUI] [SubprocessWorker] call_method: nodes.main.repair.fill_holes.FillHolesNode.EXECUTE_NORMALIZED
  [ComfyUI] [SubprocessWorker] call_method: nodes.main.repair.fill_holes.FillHolesNode.EXECUTE_NORMALIZED
  [ComfyUI] [SubprocessWorker] call_method: nodes.main.repair.fill_holes.FillHolesNode.EXECUTE_NORMALIZED
  [ComfyUI] [SubprocessWorker] acquired lock, ensuring started...
  [ComfyUI] [SubprocessWorker] acquired lock, ensuring started...
  [ComfyUI] [SubprocessWorker] acquired lock, ensuring started...
  [ComfyUI] [SubprocessWorker] acquired lock, ensuring started...
  [ComfyUI] [SubprocessWorker] acquired lock, ensuring started...
  [ComfyUI] [SubprocessWorker] acquired lock, ensuring started...
  [ComfyUI] [SubprocessWorker] acquired lock, ensuring started...
  [ComfyUI] [SubprocessWorker] acquired lock, ensuring started...
  [ComfyUI] [SubprocessWorker] acquired lock, ensuring started...
  [ComfyUI] [SubprocessWorker] acquired lock, ensuring started...
  [ComfyUI] [SubprocessWorker] acquired lock, ensuring started...
  [ComfyUI] [SubprocessWorker] acquired lock, ensuring started...
  [ComfyUI] [SubprocessWorker] acquired lock, ensuring started...
  [ComfyUI] [SubprocessWorker] acquired lock, ensuring started...
  [ComfyUI] [SubprocessWorker] acquired lock, ensuring started...
  [ComfyUI] [SubprocessWorker] acquired lock, ensuring started...
  [ComfyUI] [SubprocessWorker] acquired lock, ensuring started...
  [ComfyUI] [SubprocessWorker] acquired lock, ensuring started...
  [ComfyUI] [SubprocessWorker] acquired lock, ensuring started...
  [ComfyUI] [SubprocessWorker] acquired lock, ensuring started...
  [ComfyUI] [SubprocessWorker] acquired lock, ensuring started...
  [ComfyUI] [SubprocessWorker] acquired lock, ensuring started...
  [ComfyUI] [SubprocessWorker] acquired lock, ensuring started...
  [ComfyUI] [ComfyUI-GeometryPack] Health check: ping (timeout=5.0s)...
  [ComfyUI] [ComfyUI-GeometryPack] Health check: ping (timeout=5.0s)...
  [ComfyUI] [ComfyUI-GeometryPack] Health check: ping (timeout=5.0s)...
  [ComfyUI] [ComfyUI-GeometryPack] Health check: ping (timeout=5.0s)...
  [ComfyUI] [ComfyUI-GeometryPack] Health check: ping (timeout=5.0s)...
  [ComfyUI] [ComfyUI-GeometryPack] Health check: ping (timeout=5.0s)...
  [ComfyUI] [ComfyUI-GeometryPack] Health check: ping (timeout=5.0s)...
  [ComfyUI] [ComfyUI-GeometryPack] Health check: ping (timeout=5.0s)...
  [ComfyUI] [ComfyUI-GeometryPack] Health check: ping (timeout=5.0s)...
  [ComfyUI] [ComfyUI-GeometryPack] Health check: ping (timeout=5.0s)...
  [ComfyUI] [ComfyUI-GeometryPack] Health check: ping (timeout=5.0s)...
  [ComfyUI] [ComfyUI-GeometryPack] Health check: ping (timeout=5.0s)...
  [ComfyUI] [ComfyUI-GeometryPack] Health check: ping (timeout=5.0s)...
  [ComfyUI] [ComfyUI-GeometryPack] Health check: ping (timeout=5.0s)...
  [ComfyUI] [ComfyUI-GeometryPack] Health check: ping (timeout=5.0s)...
  [ComfyUI] [ComfyUI-GeometryPack] Health check: ping (timeout=5.0s)...
  [ComfyUI] [ComfyUI-GeometryPack] Health check: ping (timeout=5.0s)...
  [ComfyUI] [ComfyUI-GeometryPack] Health check: ping (timeout=5.0s)...
  [ComfyUI] [ComfyUI-GeometryPack] Health check: ping (timeout=5.0s)...
  [ComfyUI] [ComfyUI-GeometryPack] Health check: ping (timeout=5.0s)...
  [ComfyUI] [ComfyUI-GeometryPack] Health check: ping (timeout=5.0s)...
  [ComfyUI] [ComfyUI-GeometryPack] Health check: ping (timeout=5.0s)...
  [ComfyUI] [ComfyUI-GeometryPack] Health check: ping (timeout=5.0s)...
  [ComfyUI] [ComfyUI-GeometryPack] Health check: ok
  [ComfyUI] [ComfyUI-GeometryPack] Health check: ok
  [ComfyUI] [ComfyUI-GeometryPack] Health check: ok
  [ComfyUI] [ComfyUI-GeometryPack] Health check: ok
  [ComfyUI] [ComfyUI-GeometryPack] Health check: ok
  [ComfyUI] [ComfyUI-GeometryPack] Health check: ok
  [ComfyUI] [ComfyUI-GeometryPack] Health check: ok
  [ComfyUI] [ComfyUI-GeometryPack] Health check: ok
  [ComfyUI] [ComfyUI-GeometryPack] Health check: ok
  [ComfyUI] [ComfyUI-GeometryPack] Health check: ok
  [ComfyUI] [ComfyUI-GeometryPack] Health check: ok
  [ComfyUI] [ComfyUI-GeometryPack] Health check: ok
  [ComfyUI] [ComfyUI-GeometryPack] Health check: ok
  [ComfyUI] [ComfyUI-GeometryPack] Health check: ok
  [ComfyUI] [ComfyUI-GeometryPack] Health check: ok
  [ComfyUI] [ComfyUI-GeometryPack] Health check: ok
  [ComfyUI] [ComfyUI-GeometryPack] Health check: ok
  [ComfyUI] [ComfyUI-GeometryPack] Health check: ok
  [ComfyUI] [ComfyUI-GeometryPack] Health check: ok
  [ComfyUI] [ComfyUI-GeometryPack] Health check: ok
  [ComfyUI] [ComfyUI-GeometryPack] Health check: ok
  [ComfyUI] [ComfyUI-GeometryPack] Health check: ok
  [ComfyUI] [ComfyUI-GeometryPack] Health check: ok
  [ComfyUI] [SubprocessWorker] worker started/confirmed
  [ComfyUI] [SubprocessWorker] worker started/confirmed
  [ComfyUI] [SubprocessWorker] worker started/confirmed
  [ComfyUI] [SubprocessWorker] worker started/confirmed
  [ComfyUI] [SubprocessWorker] worker started/confirmed
  [ComfyUI] [SubprocessWorker] worker started/confirmed
  [ComfyUI] [SubprocessWorker] worker started/confirmed
  [ComfyUI] [SubprocessWorker] worker started/confirmed
  [ComfyUI] [SubprocessWorker] worker started/confirmed
  [ComfyUI] [SubprocessWorker] worker started/confirmed
  [ComfyUI] [SubprocessWorker] worker started/confirmed
  [ComfyUI] [SubprocessWorker] worker started/confirmed
  [ComfyUI] [SubprocessWorker] worker started/confirmed
  [ComfyUI] [SubprocessWorker] worker started/confirmed
  [ComfyUI] [SubprocessWorker] worker started/confirmed
  [ComfyUI] [SubprocessWorker] worker started/confirmed
  [ComfyUI] [SubprocessWorker] worker started/confirmed
  [ComfyUI] [SubprocessWorker] worker started/confirmed
  [ComfyUI] [SubprocessWorker] worker started/confirmed
  [ComfyUI] [SubprocessWorker] worker started/confirmed
  [ComfyUI] [SubprocessWorker] worker started/confirmed
  [ComfyUI] [SubprocessWorker] worker started/confirmed
  [ComfyUI] [SubprocessWorker] worker started/confirmed
  [ComfyUI] [SubprocessWorker] serializing kwargs to shm...
  [ComfyUI] [SubprocessWorker] serializing kwargs to shm...
  [ComfyUI] [SubprocessWorker] serializing kwargs to shm...
  [ComfyUI] [SubprocessWorker] serializing kwargs to shm...
  [ComfyUI] [SubprocessWorker] serializing kwargs to shm...
  [ComfyUI] [SubprocessWorker] serializing kwargs to shm...
  [ComfyUI] [SubprocessWorker] serializing kwargs to shm...
  [ComfyUI] [SubprocessWorker] serializing kwargs to shm...
  [ComfyUI] [SubprocessWorker] serializing kwargs to shm...
  [ComfyUI] [SubprocessWorker] serializing kwargs to shm...
  [ComfyUI] [SubprocessWorker] serializing kwargs to shm...
  [ComfyUI] [SubprocessWorker] serializing kwargs to shm...
  [ComfyUI] [SubprocessWorker] serializing kwargs to shm...
  [ComfyUI] [SubprocessWorker] serializing kwargs to shm...
  [ComfyUI] [SubprocessWorker] serializing kwargs to shm...
  [ComfyUI] [SubprocessWorker] serializing kwargs to shm...
  [ComfyUI] [SubprocessWorker] serializing kwargs to shm...
  [ComfyUI] [SubprocessWorker] serializing kwargs to shm...
  [ComfyUI] [SubprocessWorker] serializing kwargs to shm...
  [ComfyUI] [SubprocessWorker] serializing kwargs to shm...
  [ComfyUI] [SubprocessWorker] serializing kwargs to shm...
  [ComfyUI] [SubprocessWorker] serializing kwargs to shm...
  [ComfyUI] [SubprocessWorker] serializing kwargs to shm...
  [ComfyUI] [SubprocessWorker] created 1 shm blocks
  [ComfyUI] [SubprocessWorker] created 1 shm blocks
  [ComfyUI] [SubprocessWorker] created 1 shm blocks
  [ComfyUI] [SubprocessWorker] created 1 shm blocks
  [ComfyUI] [SubprocessWorker] created 1 shm blocks
  [ComfyUI] [SubprocessWorker] created 1 shm blocks
  [ComfyUI] [SubprocessWorker] created 1 shm blocks
  [ComfyUI] [SubprocessWorker] created 1 shm blocks
  [ComfyUI] [SubprocessWorker] created 1 shm blocks
  [ComfyUI] [SubprocessWorker] created 1 shm blocks
  [ComfyUI] [SubprocessWorker] created 1 shm blocks
  [ComfyUI] [SubprocessWorker] created 1 shm blocks
  [ComfyUI] [SubprocessWorker] created 1 shm blocks
  [ComfyUI] [SubprocessWorker] created 1 shm blocks
  [ComfyUI] [SubprocessWorker] created 1 shm blocks
  [ComfyUI] [SubprocessWorker] created 1 shm blocks
  [ComfyUI] [SubprocessWorker] created 1 shm blocks
  [ComfyUI] [SubprocessWorker] created 1 shm blocks
  [ComfyUI] [SubprocessWorker] created 1 shm blocks
  [ComfyUI] [SubprocessWorker] created 1 shm blocks
  [ComfyUI] [SubprocessWorker] created 1 shm blocks
  [ComfyUI] [SubprocessWorker] created 1 shm blocks
  [ComfyUI] [SubprocessWorker] created 1 shm blocks
  [ComfyUI] [SubprocessWorker] sending request via socket...
  [ComfyUI] [SubprocessWorker] sending request via socket...
  [ComfyUI] [SubprocessWorker] sending request via socket...
  [ComfyUI] [SubprocessWorker] sending request via socket...
  [ComfyUI] [SubprocessWorker] sending request via socket...
  [ComfyUI] [SubprocessWorker] sending request via socket...
  [ComfyUI] [SubprocessWorker] sending request via socket...
  [ComfyUI] [SubprocessWorker] sending request via socket...
  [ComfyUI] [SubprocessWorker] sending request via socket...
  [ComfyUI] [SubprocessWorker] sending request via socket...
  [ComfyUI] [SubprocessWorker] sending request via socket...
  [ComfyUI] [SubprocessWorker] sending request via socket...
  [ComfyUI] [SubprocessWorker] sending request via socket...
  [ComfyUI] [SubprocessWorker] sending request via socket...
  [ComfyUI] [SubprocessWorker] sending request via socket...
  [ComfyUI] [SubprocessWorker] sending request via socket...
  [ComfyUI] [SubprocessWorker] sending request via socket...
  [ComfyUI] [SubprocessWorker] sending request via socket...
  [ComfyUI] [SubprocessWorker] sending request via socket...
  [ComfyUI] [SubprocessWorker] sending request via socket...
  [ComfyUI] [SubprocessWorker] sending request via socket...
  [ComfyUI] [SubprocessWorker] sending request via socket...
  [ComfyUI] [SubprocessWorker] sending request via socket...
  [ComfyUI] [SubprocessWorker] call_id=3 sending call_method
  [ComfyUI] [SubprocessWorker] call_id=3 sending call_method
  [ComfyUI] [SubprocessWorker] call_id=3 sending call_method
  [ComfyUI] [SubprocessWorker] call_id=3 sending call_method
  [ComfyUI] [SubprocessWorker] call_id=3 sending call_method
  [ComfyUI] [SubprocessWorker] call_id=3 sending call_method
  [ComfyUI] [SubprocessWorker] call_id=3 sending call_method
  [ComfyUI] [SubprocessWorker] call_id=3 sending call_method
  [ComfyUI] [SubprocessWorker] call_id=3 sending call_method
  [ComfyUI] [SubprocessWorker] call_id=3 sending call_method
  [ComfyUI] [SubprocessWorker] call_id=3 sending call_method
  [ComfyUI] [SubprocessWorker] call_id=3 sending call_method
  [ComfyUI] [SubprocessWorker] call_id=3 sending call_method
  [ComfyUI] [SubprocessWorker] call_id=3 sending call_method
  [ComfyUI] [SubprocessWorker] call_id=3 sending call_method
  [ComfyUI] [SubprocessWorker] call_id=3 sending call_method
  [ComfyUI] [SubprocessWorker] call_id=3 sending call_method
  [ComfyUI] [SubprocessWorker] call_id=3 sending call_method
  [ComfyUI] [SubprocessWorker] call_id=3 sending call_method
  [ComfyUI] [SubprocessWorker] call_id=3 sending call_method
  [ComfyUI] [SubprocessWorker] call_id=3 sending call_method
  [ComfyUI] [SubprocessWorker] call_id=3 sending call_method
  [ComfyUI] [SubprocessWorker] call_id=3 sending call_method
  [ComfyUI] [worker:ComfyUI-GeometryPack] INFO: Fill Holes dispatch: cgal -> GeomPackFillHoles_CGAL
  [ComfyUI] [worker:ComfyUI-GeometryPack] INFO: Fill Holes dispatch: cgal -> GeomPackFillHoles_CGAL
  [ComfyUI] [worker:ComfyUI-GeometryPack] INFO: Fill Holes dispatch: cgal -> GeomPackFillHoles_CGAL
  [ComfyUI] [worker:ComfyUI-GeometryPack] INFO: Fill Holes dispatch: cgal -> GeomPackFillHoles_CGAL
  [ComfyUI] [worker:ComfyUI-GeometryPack] INFO: Fill Holes dispatch: cgal -> GeomPackFillHoles_CGAL
  [ComfyUI] [worker:ComfyUI-GeometryPack] INFO: Fill Holes dispatch: cgal -> GeomPackFillHoles_CGAL
  [ComfyUI] [worker:ComfyUI-GeometryPack] INFO: Fill Holes dispatch: cgal -> GeomPackFillHoles_CGAL
  [ComfyUI] [worker:ComfyUI-GeometryPack] INFO: Fill Holes dispatch: cgal -> GeomPackFillHoles_CGAL
  [ComfyUI] [worker:ComfyUI-GeometryPack] INFO: Fill Holes dispatch: cgal -> GeomPackFillHoles_CGAL
  [ComfyUI] [worker:ComfyUI-GeometryPack] INFO: Fill Holes dispatch: cgal -> GeomPackFillHoles_CGAL
  [ComfyUI] [worker:ComfyUI-GeometryPack] INFO: Fill Holes dispatch: cgal -> GeomPackFillHoles_CGAL
  [ComfyUI] [worker:ComfyUI-GeometryPack] INFO: Fill Holes dispatch: cgal -> GeomPackFillHoles_CGAL
  [ComfyUI] [worker:ComfyUI-GeometryPack] INFO: Fill Holes dispatch: cgal -> GeomPackFillHoles_CGAL
  [ComfyUI] [worker:ComfyUI-GeometryPack] INFO: Fill Holes dispatch: cgal -> GeomPackFillHoles_CGAL
  [ComfyUI] [worker:ComfyUI-GeometryPack] INFO: Fill Holes dispatch: cgal -> GeomPackFillHoles_CGAL
  [ComfyUI] [worker:ComfyUI-GeometryPack] INFO: Fill Holes dispatch: cgal -> GeomPackFillHoles_CGAL
  [ComfyUI] [worker:ComfyUI-GeometryPack] INFO: Fill Holes dispatch: cgal -> GeomPackFillHoles_CGAL
  [ComfyUI] [worker:ComfyUI-GeometryPack] INFO: Fill Holes dispatch: cgal -> GeomPackFillHoles_CGAL
  [ComfyUI] [worker:ComfyUI-GeometryPack] INFO: Fill Holes dispatch: cgal -> GeomPackFillHoles_CGAL
  [ComfyUI] [worker:ComfyUI-GeometryPack] INFO: Fill Holes dispatch: cgal -> GeomPackFillHoles_CGAL
  [ComfyUI] [worker:ComfyUI-GeometryPack] INFO: Fill Holes dispatch: cgal -> GeomPackFillHoles_CGAL
  [ComfyUI] [worker:ComfyUI-GeometryPack] INFO: Fill Holes dispatch: cgal -> GeomPackFillHoles_CGAL
  [ComfyUI] [worker:ComfyUI-GeometryPack] INFO: Fill Holes dispatch: cgal -> GeomPackFillHoles_CGAL
  [ComfyUI] [SubprocessWorker] got response: ok
  [ComfyUI] [SubprocessWorker] got response: ok
  [ComfyUI] [SubprocessWorker] got response: ok
  [ComfyUI] [SubprocessWorker] got response: ok
  [ComfyUI] [SubprocessWorker] got response: ok
  [ComfyUI] [SubprocessWorker] got response: ok
  [ComfyUI] [SubprocessWorker] got response: ok
  [ComfyUI] [SubprocessWorker] got response: ok
  [ComfyUI] [SubprocessWorker] got response: ok
  [ComfyUI] [SubprocessWorker] got response: ok
  [ComfyUI] [SubprocessWorker] got response: ok
  [ComfyUI] [SubprocessWorker] got response: ok
  [ComfyUI] [SubprocessWorker] got response: ok
  [ComfyUI] [SubprocessWorker] got response: ok
  [ComfyUI] [SubprocessWorker] got response: ok
  [ComfyUI] [SubprocessWorker] got response: ok
  [ComfyUI] [SubprocessWorker] got response: ok
  [ComfyUI] [SubprocessWorker] got response: ok
  [ComfyUI] [SubprocessWorker] got response: ok
  [ComfyUI] [SubprocessWorker] got response: ok
  [ComfyUI] [SubprocessWorker] got response: ok
  [ComfyUI] [SubprocessWorker] got response: ok
  [ComfyUI] [SubprocessWorker] got response: ok
  [ComfyUI] [comfy-env] GeomPackFillHoles done (0.04s): result: NodeOutput
  [ComfyUI] [comfy-env] GeomPackFillHoles done (0.04s): result: NodeOutput
  [ComfyUI] [comfy-env] GeomPackFillHoles done (0.04s): result: NodeOutput
  [ComfyUI] [comfy-env] GeomPackFillHoles done (0.04s): result: NodeOutput
  [ComfyUI] [comfy-env] GeomPackFillHoles done (0.04s): result: NodeOutput
  [ComfyUI] [comfy-env] GeomPackFillHoles done (0.04s): result: NodeOutput
  [ComfyUI] [comfy-env] GeomPackFillHoles done (0.04s): result: NodeOutput
  [ComfyUI] [comfy-env] GeomPackFillHoles done (0.04s): result: NodeOutput
  [ComfyUI] [comfy-env] GeomPackFillHoles done (0.04s): result: NodeOutput
  [ComfyUI] [comfy-env] GeomPackFillHoles done (0.04s): result: NodeOutput
  [ComfyUI] [comfy-env] GeomPackFillHoles done (0.04s): result: NodeOutput
  [ComfyUI] [comfy-env] GeomPackFillHoles done (0.04s): result: NodeOutput
  [ComfyUI] [comfy-env] GeomPackFillHoles done (0.04s): result: NodeOutput
  [ComfyUI] [comfy-env] GeomPackFillHoles done (0.04s): result: NodeOutput
  [ComfyUI] [comfy-env] GeomPackFillHoles done (0.04s): result: NodeOutput
  [ComfyUI] [comfy-env] GeomPackFillHoles done (0.04s): result: NodeOutput
  [ComfyUI] [comfy-env] GeomPackFillHoles done (0.04s): result: NodeOutput
  [ComfyUI] [comfy-env] GeomPackFillHoles done (0.04s): result: NodeOutput
  [ComfyUI] [comfy-env] GeomPackFillHoles done (0.04s): result: NodeOutput
  [ComfyUI] [comfy-env] GeomPackFillHoles done (0.04s): result: NodeOutput
  [ComfyUI] [comfy-env] GeomPackFillHoles done (0.04s): result: NodeOutput
  [ComfyUI] [comfy-env] GeomPackFillHoles done (0.04s): result: NodeOutput
  [ComfyUI] [comfy-env] GeomPackFillHoles done (0.04s): result: NodeOutput
  [ComfyUI] [VRAM] After GeomPackFillHoles: 1271 / 24575 MB
  [ComfyUI] [VRAM] After GeomPackFillHoles: 1271 / 24575 MB
  [ComfyUI] [VRAM] After GeomPackFillHoles: 1271 / 24575 MB
  [ComfyUI] [VRAM] After GeomPackFillHoles: 1271 / 24575 MB
  [ComfyUI] [VRAM] After GeomPackFillHoles: 1271 / 24575 MB
  [ComfyUI] [VRAM] After GeomPackFillHoles: 1271 / 24575 MB
  [ComfyUI] [VRAM] After GeomPackFillHoles: 1271 / 24575 MB
  [ComfyUI] [VRAM] After GeomPackFillHoles: 1271 / 24575 MB
  [ComfyUI] [VRAM] After GeomPackFillHoles: 1271 / 24575 MB
  [ComfyUI] [VRAM] After GeomPackFillHoles: 1271 / 24575 MB
  [ComfyUI] [VRAM] After GeomPackFillHoles: 1271 / 24575 MB
  [ComfyUI] [VRAM] After GeomPackFillHoles: 1271 / 24575 MB
  [ComfyUI] [VRAM] After GeomPackFillHoles: 1271 / 24575 MB
  [ComfyUI] [VRAM] After GeomPackFillHoles: 1271 / 24575 MB
  [ComfyUI] [VRAM] After GeomPackFillHoles: 1271 / 24575 MB
  [ComfyUI] [VRAM] After GeomPackFillHoles: 1271 / 24575 MB
  [ComfyUI] [VRAM] After GeomPackFillHoles: 1271 / 24575 MB
  [ComfyUI] [VRAM] After GeomPackFillHoles: 1271 / 24575 MB
  [ComfyUI] [VRAM] After GeomPackFillHoles: 1271 / 24575 MB
  [ComfyUI] [VRAM] After GeomPackFillHoles: 1271 / 24575 MB
  [ComfyUI] [VRAM] After GeomPackFillHoles: 1271 / 24575 MB
  [ComfyUI] [VRAM] After GeomPackFillHoles: 1271 / 24575 MB
  [ComfyUI] [VRAM] After GeomPackFillHoles: 1271 / 24575 MB
  [ComfyUI] [comfy-env] Running GeomPackFillHoles: backend: dict, mesh: Trimesh
  [ComfyUI] [comfy-env] Running GeomPackFillHoles: backend: dict, mesh: Trimesh
  [ComfyUI] [comfy-env] Running GeomPackFillHoles: backend: dict, mesh: Trimesh
  [ComfyUI] [comfy-env] Running GeomPackFillHoles: backend: dict, mesh: Trimesh
  [ComfyUI] [comfy-env] Running GeomPackFillHoles: backend: dict, mesh: Trimesh
  [ComfyUI] [comfy-env] Running GeomPackFillHoles: backend: dict, mesh: Trimesh
  [ComfyUI] [comfy-env] Running GeomPackFillHoles: backend: dict, mesh: Trimesh
  [ComfyUI] [comfy-env] Running GeomPackFillHoles: backend: dict, mesh: Trimesh
  [ComfyUI] [comfy-env] Running GeomPackFillHoles: backend: dict, mesh: Trimesh
  [ComfyUI] [comfy-env] Running GeomPackFillHoles: backend: dict, mesh: Trimesh
  [ComfyUI] [comfy-env] Running GeomPackFillHoles: backend: dict, mesh: Trimesh
  [ComfyUI] [comfy-env] Running GeomPackFillHoles: backend: dict, mesh: Trimesh
  [ComfyUI] [comfy-env] Running GeomPackFillHoles: backend: dict, mesh: Trimesh
  [ComfyUI] [comfy-env] Running GeomPackFillHoles: backend: dict, mesh: Trimesh
  [ComfyUI] [comfy-env] Running GeomPackFillHoles: backend: dict, mesh: Trimesh
  [ComfyUI] [comfy-env] Running GeomPackFillHoles: backend: dict, mesh: Trimesh
  [ComfyUI] [comfy-env] Running GeomPackFillHoles: backend: dict, mesh: Trimesh
  [ComfyUI] [comfy-env] Running GeomPackFillHoles: backend: dict, mesh: Trimesh
  [ComfyUI] [comfy-env] Running GeomPackFillHoles: backend: dict, mesh: Trimesh
  [ComfyUI] [comfy-env] Running GeomPackFillHoles: backend: dict, mesh: Trimesh
  [ComfyUI] [comfy-env] Running GeomPackFillHoles: backend: dict, mesh: Trimesh
  [ComfyUI] [comfy-env] Running GeomPackFillHoles: backend: dict, mesh: Trimesh
  [ComfyUI] [comfy-env] Running GeomPackFillHoles: backend: dict, mesh: Trimesh
  [ComfyUI] [VRAM] Before GeomPackFillHoles: 1271 / 24575 MB
  [ComfyUI] [VRAM] Before GeomPackFillHoles: 1271 / 24575 MB
  [ComfyUI] [VRAM] Before GeomPackFillHoles: 1271 / 24575 MB
  [ComfyUI] [VRAM] Before GeomPackFillHoles: 1271 / 24575 MB
  [ComfyUI] [VRAM] Before GeomPackFillHoles: 1271 / 24575 MB
  [ComfyUI] [VRAM] Before GeomPackFillHoles: 1271 / 24575 MB
  [ComfyUI] [VRAM] Before GeomPackFillHoles: 1271 / 24575 MB
  [ComfyUI] [VRAM] Before GeomPackFillHoles: 1271 / 24575 MB
  [ComfyUI] [VRAM] Before GeomPackFillHoles: 1271 / 24575 MB
  [ComfyUI] [VRAM] Before GeomPackFillHoles: 1271 / 24575 MB
  [ComfyUI] [VRAM] Before GeomPackFillHoles: 1271 / 24575 MB
  [ComfyUI] [VRAM] Before GeomPackFillHoles: 1271 / 24575 MB
  [ComfyUI] [VRAM] Before GeomPackFillHoles: 1271 / 24575 MB
  [ComfyUI] [VRAM] Before GeomPackFillHoles: 1271 / 24575 MB
  [ComfyUI] [VRAM] Before GeomPackFillHoles: 1271 / 24575 MB
  [ComfyUI] [VRAM] Before GeomPackFillHoles: 1271 / 24575 MB
  [ComfyUI] [VRAM] Before GeomPackFillHoles: 1271 / 24575 MB
  [ComfyUI] [VRAM] Before GeomPackFillHoles: 1271 / 24575 MB
  [ComfyUI] [VRAM] Before GeomPackFillHoles: 1271 / 24575 MB
  [ComfyUI] [VRAM] Before GeomPackFillHoles: 1271 / 24575 MB
  [ComfyUI] [VRAM] Before GeomPackFillHoles: 1271 / 24575 MB
  [ComfyUI] [VRAM] Before GeomPackFillHoles: 1271 / 24575 MB
  [ComfyUI] [VRAM] Before GeomPackFillHoles: 1271 / 24575 MB
  [ComfyUI] [SubprocessWorker] call_method: nodes.main.repair.fill_holes.FillHolesNode.EXECUTE_NORMALIZED
  [ComfyUI] [SubprocessWorker] call_method: nodes.main.repair.fill_holes.FillHolesNode.EXECUTE_NORMALIZED
  [ComfyUI] [SubprocessWorker] call_method: nodes.main.repair.fill_holes.FillHolesNode.EXECUTE_NORMALIZED
  [ComfyUI] [SubprocessWorker] call_method: nodes.main.repair.fill_holes.FillHolesNode.EXECUTE_NORMALIZED
  [ComfyUI] [SubprocessWorker] call_method: nodes.main.repair.fill_holes.FillHolesNode.EXECUTE_NORMALIZED
  [ComfyUI] [SubprocessWorker] call_method: nodes.main.repair.fill_holes.FillHolesNode.EXECUTE_NORMALIZED
  [ComfyUI] [SubprocessWorker] call_method: nodes.main.repair.fill_holes.FillHolesNode.EXECUTE_NORMALIZED
  [ComfyUI] [SubprocessWorker] call_method: nodes.main.repair.fill_holes.FillHolesNode.EXECUTE_NORMALIZED
  [ComfyUI] [SubprocessWorker] call_method: nodes.main.repair.fill_holes.FillHolesNode.EXECUTE_NORMALIZED
  [ComfyUI] [SubprocessWorker] call_method: nodes.main.repair.fill_holes.FillHolesNode.EXECUTE_NORMALIZED
  [ComfyUI] [SubprocessWorker] call_method: nodes.main.repair.fill_holes.FillHolesNode.EXECUTE_NORMALIZED
  [ComfyUI] [SubprocessWorker] call_method: nodes.main.repair.fill_holes.FillHolesNode.EXECUTE_NORMALIZED
  [ComfyUI] [SubprocessWorker] call_method: nodes.main.repair.fill_holes.FillHolesNode.EXECUTE_NORMALIZED
  [ComfyUI] [SubprocessWorker] call_method: nodes.main.repair.fill_holes.FillHolesNode.EXECUTE_NORMALIZED
  [ComfyUI] [SubprocessWorker] call_method: nodes.main.repair.fill_holes.FillHolesNode.EXECUTE_NORMALIZED
  [ComfyUI] [SubprocessWorker] call_method: nodes.main.repair.fill_holes.FillHolesNode.EXECUTE_NORMALIZED
  [ComfyUI] [SubprocessWorker] call_method: nodes.main.repair.fill_holes.FillHolesNode.EXECUTE_NORMALIZED
  [ComfyUI] [SubprocessWorker] call_method: nodes.main.repair.fill_holes.FillHolesNode.EXECUTE_NORMALIZED
  [ComfyUI] [SubprocessWorker] call_method: nodes.main.repair.fill_holes.FillHolesNode.EXECUTE_NORMALIZED
  [ComfyUI] [SubprocessWorker] call_method: nodes.main.repair.fill_holes.FillHolesNode.EXECUTE_NORMALIZED
  [ComfyUI] [SubprocessWorker] call_method: nodes.main.repair.fill_holes.FillHolesNode.EXECUTE_NORMALIZED
  [ComfyUI] [SubprocessWorker] call_method: nodes.main.repair.fill_holes.FillHolesNode.EXECUTE_NORMALIZED
  [ComfyUI] [SubprocessWorker] call_method: nodes.main.repair.fill_holes.FillHolesNode.EXECUTE_NORMALIZED
  [ComfyUI] [SubprocessWorker] acquired lock, ensuring started...
  [ComfyUI] [SubprocessWorker] acquired lock, ensuring started...
  [ComfyUI] [SubprocessWorker] acquired lock, ensuring started...
  [ComfyUI] [SubprocessWorker] acquired lock, ensuring started...
  [ComfyUI] [SubprocessWorker] acquired lock, ensuring started...
  [ComfyUI] [SubprocessWorker] acquired lock, ensuring started...
  [ComfyUI] [SubprocessWorker] acquired lock, ensuring started...
  [ComfyUI] [SubprocessWorker] acquired lock, ensuring started...
  [ComfyUI] [SubprocessWorker] acquired lock, ensuring started...
  [ComfyUI] [SubprocessWorker] acquired lock, ensuring started...
  [ComfyUI] [SubprocessWorker] acquired lock, ensuring started...
  [ComfyUI] [SubprocessWorker] acquired lock, ensuring started...
  [ComfyUI] [SubprocessWorker] acquired lock, ensuring started...
  [ComfyUI] [SubprocessWorker] acquired lock, ensuring started...
  [ComfyUI] [SubprocessWorker] acquired lock, ensuring started...
  [ComfyUI] [SubprocessWorker] acquired lock, ensuring started...
  [ComfyUI] [SubprocessWorker] acquired lock, ensuring started...
  [ComfyUI] [SubprocessWorker] acquired lock, ensuring started...
  [ComfyUI] [SubprocessWorker] acquired lock, ensuring started...
  [ComfyUI] [SubprocessWorker] acquired lock, ensuring started...
  [ComfyUI] [SubprocessWorker] acquired lock, ensuring started...
  [ComfyUI] [SubprocessWorker] acquired lock, ensuring started...
  [ComfyUI] [SubprocessWorker] acquired lock, ensuring started...
  [ComfyUI] [ComfyUI-GeometryPack] Health check: ping (timeout=5.0s)...
  [ComfyUI] [ComfyUI-GeometryPack] Health check: ping (timeout=5.0s)...
  [ComfyUI] [ComfyUI-GeometryPack] Health check: ping (timeout=5.0s)...
  [ComfyUI] [ComfyUI-GeometryPack] Health check: ping (timeout=5.0s)...
  [ComfyUI] [ComfyUI-GeometryPack] Health check: ping (timeout=5.0s)...
  [ComfyUI] [ComfyUI-GeometryPack] Health check: ping (timeout=5.0s)...
  [ComfyUI] [ComfyUI-GeometryPack] Health check: ping (timeout=5.0s)...
  [ComfyUI] [ComfyUI-GeometryPack] Health check: ping (timeout=5.0s)...
  [ComfyUI] [ComfyUI-GeometryPack] Health check: ping (timeout=5.0s)...
  [ComfyUI] [ComfyUI-GeometryPack] Health check: ping (timeout=5.0s)...
  [ComfyUI] [ComfyUI-GeometryPack] Health check: ping (timeout=5.0s)...
  [ComfyUI] [ComfyUI-GeometryPack] Health check: ping (timeout=5.0s)...
  [ComfyUI] [ComfyUI-GeometryPack] Health check: ping (timeout=5.0s)...
  [ComfyUI] [ComfyUI-GeometryPack] Health check: ping (timeout=5.0s)...
  [ComfyUI] [ComfyUI-GeometryPack] Health check: ping (timeout=5.0s)...
  [ComfyUI] [ComfyUI-GeometryPack] Health check: ping (timeout=5.0s)...
  [ComfyUI] [ComfyUI-GeometryPack] Health check: ping (timeout=5.0s)...
  [ComfyUI] [ComfyUI-GeometryPack] Health check: ping (timeout=5.0s)...
  [ComfyUI] [ComfyUI-GeometryPack] Health check: ping (timeout=5.0s)...
  [ComfyUI] [ComfyUI-GeometryPack] Health check: ping (timeout=5.0s)...
  [ComfyUI] [ComfyUI-GeometryPack] Health check: ping (timeout=5.0s)...
  [ComfyUI] [ComfyUI-GeometryPack] Health check: ping (timeout=5.0s)...
  [ComfyUI] [ComfyUI-GeometryPack] Health check: ping (timeout=5.0s)...
  [ComfyUI] [ComfyUI-GeometryPack] Health check: ok
  [ComfyUI] [ComfyUI-GeometryPack] Health check: ok
  [ComfyUI] [ComfyUI-GeometryPack] Health check: ok
  [ComfyUI] [ComfyUI-GeometryPack] Health check: ok
  [ComfyUI] [ComfyUI-GeometryPack] Health check: ok
  [ComfyUI] [ComfyUI-GeometryPack] Health check: ok
  [ComfyUI] [ComfyUI-GeometryPack] Health check: ok
  [ComfyUI] [ComfyUI-GeometryPack] Health check: ok
  [ComfyUI] [ComfyUI-GeometryPack] Health check: ok
  [ComfyUI] [ComfyUI-GeometryPack] Health check: ok
  [ComfyUI] [ComfyUI-GeometryPack] Health check: ok
  [ComfyUI] [ComfyUI-GeometryPack] Health check: ok
  [ComfyUI] [ComfyUI-GeometryPack] Health check: ok
  [ComfyUI] [ComfyUI-GeometryPack] Health check: ok
  [ComfyUI] [ComfyUI-GeometryPack] Health check: ok
  [ComfyUI] [ComfyUI-GeometryPack] Health check: ok
  [ComfyUI] [ComfyUI-GeometryPack] Health check: ok
  [ComfyUI] [ComfyUI-GeometryPack] Health check: ok
  [ComfyUI] [ComfyUI-GeometryPack] Health check: ok
  [ComfyUI] [ComfyUI-GeometryPack] Health check: ok
  [ComfyUI] [ComfyUI-GeometryPack] Health check: ok
  [ComfyUI] [ComfyUI-GeometryPack] Health check: ok
  [ComfyUI] [ComfyUI-GeometryPack] Health check: ok
  [ComfyUI] [SubprocessWorker] worker started/confirmed
  [ComfyUI] [SubprocessWorker] worker started/confirmed
  [ComfyUI] [SubprocessWorker] worker started/confirmed
  [ComfyUI] [SubprocessWorker] worker started/confirmed
  [ComfyUI] [SubprocessWorker] worker started/confirmed
  [ComfyUI] [SubprocessWorker] worker started/confirmed
  [ComfyUI] [SubprocessWorker] worker started/confirmed
  [ComfyUI] [SubprocessWorker] worker started/confirmed
  [ComfyUI] [SubprocessWorker] worker started/confirmed
  [ComfyUI] [SubprocessWorker] worker started/confirmed
  [ComfyUI] [SubprocessWorker] worker started/confirmed
  [ComfyUI] [SubprocessWorker] worker started/confirmed
  [ComfyUI] [SubprocessWorker] worker started/confirmed
  [ComfyUI] [SubprocessWorker] worker started/confirmed
  [ComfyUI] [SubprocessWorker] worker started/confirmed
  [ComfyUI] [SubprocessWorker] worker started/confirmed
  [ComfyUI] [SubprocessWorker] worker started/confirmed
  [ComfyUI] [SubprocessWorker] worker started/confirmed
  [ComfyUI] [SubprocessWorker] worker started/confirmed
  [ComfyUI] [SubprocessWorker] worker started/confirmed
  [ComfyUI] [SubprocessWorker] worker started/confirmed
  [ComfyUI] [SubprocessWorker] worker started/confirmed
  [ComfyUI] [SubprocessWorker] worker started/confirmed
  [ComfyUI] [SubprocessWorker] serializing kwargs to shm...
  [ComfyUI] [SubprocessWorker] serializing kwargs to shm...
  [ComfyUI] [SubprocessWorker] serializing kwargs to shm...
  [ComfyUI] [SubprocessWorker] serializing kwargs to shm...
  [ComfyUI] [SubprocessWorker] serializing kwargs to shm...
  [ComfyUI] [SubprocessWorker] serializing kwargs to shm...
  [ComfyUI] [SubprocessWorker] serializing kwargs to shm...
  [ComfyUI] [SubprocessWorker] serializing kwargs to shm...
  [ComfyUI] [SubprocessWorker] serializing kwargs to shm...
  [ComfyUI] [SubprocessWorker] serializing kwargs to shm...
  [ComfyUI] [SubprocessWorker] serializing kwargs to shm...
  [ComfyUI] [SubprocessWorker] serializing kwargs to shm...
  [ComfyUI] [SubprocessWorker] serializing kwargs to shm...
  [ComfyUI] [SubprocessWorker] serializing kwargs to shm...
  [ComfyUI] [SubprocessWorker] serializing kwargs to shm...
  [ComfyUI] [SubprocessWorker] serializing kwargs to shm...
  [ComfyUI] [SubprocessWorker] serializing kwargs to shm...
  [ComfyUI] [SubprocessWorker] serializing kwargs to shm...
  [ComfyUI] [SubprocessWorker] serializing kwargs to shm...
  [ComfyUI] [SubprocessWorker] serializing kwargs to shm...
  [ComfyUI] [SubprocessWorker] serializing kwargs to shm...
  [ComfyUI] [SubprocessWorker] serializing kwargs to shm...
  [ComfyUI] [SubprocessWorker] serializing kwargs to shm...
  [ComfyUI] [SubprocessWorker] created 1 shm blocks
  [ComfyUI] [SubprocessWorker] created 1 shm blocks
  [ComfyUI] [SubprocessWorker] created 1 shm blocks
  [ComfyUI] [SubprocessWorker] created 1 shm blocks
  [ComfyUI] [SubprocessWorker] created 1 shm blocks
  [ComfyUI] [SubprocessWorker] created 1 shm blocks
  [ComfyUI] [SubprocessWorker] created 1 shm blocks
  [ComfyUI] [SubprocessWorker] created 1 shm blocks
  [ComfyUI] [SubprocessWorker] created 1 shm blocks
  [ComfyUI] [SubprocessWorker] created 1 shm blocks
  [ComfyUI] [SubprocessWorker] created 1 shm blocks
  [ComfyUI] [SubprocessWorker] created 1 shm blocks
  [ComfyUI] [SubprocessWorker] created 1 shm blocks
  [ComfyUI] [SubprocessWorker] created 1 shm blocks
  [ComfyUI] [SubprocessWorker] created 1 shm blocks
  [ComfyUI] [SubprocessWorker] created 1 shm blocks
  [ComfyUI] [SubprocessWorker] created 1 shm blocks
  [ComfyUI] [SubprocessWorker] created 1 shm blocks
  [ComfyUI] [SubprocessWorker] created 1 shm blocks
  [ComfyUI] [SubprocessWorker] created 1 shm blocks
  [ComfyUI] [SubprocessWorker] created 1 shm blocks
  [ComfyUI] [SubprocessWorker] created 1 shm blocks
  [ComfyUI] [SubprocessWorker] created 1 shm blocks
  [ComfyUI] [SubprocessWorker] sending request via socket...
  [ComfyUI] [SubprocessWorker] sending request via socket...
  [ComfyUI] [SubprocessWorker] sending request via socket...
  [ComfyUI] [SubprocessWorker] sending request via socket...
  [ComfyUI] [SubprocessWorker] sending request via socket...
  [ComfyUI] [SubprocessWorker] sending request via socket...
  [ComfyUI] [SubprocessWorker] sending request via socket...
  [ComfyUI] [SubprocessWorker] sending request via socket...
  [ComfyUI] [SubprocessWorker] sending request via socket...
  [ComfyUI] [SubprocessWorker] sending request via socket...
  [ComfyUI] [SubprocessWorker] sending request via socket...
  [ComfyUI] [SubprocessWorker] sending request via socket...
  [ComfyUI] [SubprocessWorker] sending request via socket...
  [ComfyUI] [SubprocessWorker] sending request via socket...
  [ComfyUI] [SubprocessWorker] sending request via socket...
  [ComfyUI] [SubprocessWorker] sending request via socket...
  [ComfyUI] [SubprocessWorker] sending request via socket...
  [ComfyUI] [SubprocessWorker] sending request via socket...
  [ComfyUI] [SubprocessWorker] sending request via socket...
  [ComfyUI] [SubprocessWorker] sending request via socket...
  [ComfyUI] [SubprocessWorker] sending request via socket...
  [ComfyUI] [SubprocessWorker] sending request via socket...
  [ComfyUI] [SubprocessWorker] sending request via socket...
  [ComfyUI] [SubprocessWorker] call_id=4 sending call_method
  [ComfyUI] [SubprocessWorker] call_id=4 sending call_method
  [ComfyUI] [SubprocessWorker] call_id=4 sending call_method
  [ComfyUI] [SubprocessWorker] call_id=4 sending call_method
  [ComfyUI] [SubprocessWorker] call_id=4 sending call_method
  [ComfyUI] [SubprocessWorker] call_id=4 sending call_method
  [ComfyUI] [SubprocessWorker] call_id=4 sending call_method
  [ComfyUI] [SubprocessWorker] call_id=4 sending call_method
  [ComfyUI] [SubprocessWorker] call_id=4 sending call_method
  [ComfyUI] [SubprocessWorker] call_id=4 sending call_method
  [ComfyUI] [SubprocessWorker] call_id=4 sending call_method
  [ComfyUI] [SubprocessWorker] call_id=4 sending call_method
  [ComfyUI] [SubprocessWorker] call_id=4 sending call_method
  [ComfyUI] [SubprocessWorker] call_id=4 sending call_method
  [ComfyUI] [SubprocessWorker] call_id=4 sending call_method
  [ComfyUI] [SubprocessWorker] call_id=4 sending call_method
  [ComfyUI] [SubprocessWorker] call_id=4 sending call_method
  [ComfyUI] [SubprocessWorker] call_id=4 sending call_method
  [ComfyUI] [SubprocessWorker] call_id=4 sending call_method
  [ComfyUI] [SubprocessWorker] call_id=4 sending call_method
  [ComfyUI] [SubprocessWorker] call_id=4 sending call_method
  [ComfyUI] [SubprocessWorker] call_id=4 sending call_method
  [ComfyUI] [SubprocessWorker] call_id=4 sending call_method
  [ComfyUI] [worker:ComfyUI-GeometryPack] INFO: Fill Holes dispatch: igl_fan -> GeomPackFillHoles_IglFan
  [ComfyUI] [worker:ComfyUI-GeometryPack] INFO: Fill Holes dispatch: igl_fan -> GeomPackFillHoles_IglFan
  [ComfyUI] [worker:ComfyUI-GeometryPack] INFO: Fill Holes dispatch: igl_fan -> GeomPackFillHoles_IglFan
  [ComfyUI] [worker:ComfyUI-GeometryPack] INFO: Fill Holes dispatch: igl_fan -> GeomPackFillHoles_IglFan
  [ComfyUI] [worker:ComfyUI-GeometryPack] INFO: Fill Holes dispatch: igl_fan -> GeomPackFillHoles_IglFan
  [ComfyUI] [worker:ComfyUI-GeometryPack] INFO: Fill Holes dispatch: igl_fan -> GeomPackFillHoles_IglFan
  [ComfyUI] [worker:ComfyUI-GeometryPack] INFO: Fill Holes dispatch: igl_fan -> GeomPackFillHoles_IglFan
  [ComfyUI] [worker:ComfyUI-GeometryPack] INFO: Fill Holes dispatch: igl_fan -> GeomPackFillHoles_IglFan
  [ComfyUI] [worker:ComfyUI-GeometryPack] INFO: Fill Holes dispatch: igl_fan -> GeomPackFillHoles_IglFan
  [ComfyUI] [worker:ComfyUI-GeometryPack] INFO: Fill Holes dispatch: igl_fan -> GeomPackFillHoles_IglFan
  [ComfyUI] [worker:ComfyUI-GeometryPack] INFO: Fill Holes dispatch: igl_fan -> GeomPackFillHoles_IglFan
  [ComfyUI] [worker:ComfyUI-GeometryPack] INFO: Fill Holes dispatch: igl_fan -> GeomPackFillHoles_IglFan
  [ComfyUI] [worker:ComfyUI-GeometryPack] INFO: Fill Holes dispatch: igl_fan -> GeomPackFillHoles_IglFan
  [ComfyUI] [worker:ComfyUI-GeometryPack] INFO: Fill Holes dispatch: igl_fan -> GeomPackFillHoles_IglFan
  [ComfyUI] [worker:ComfyUI-GeometryPack] INFO: Fill Holes dispatch: igl_fan -> GeomPackFillHoles_IglFan
  [ComfyUI] [worker:ComfyUI-GeometryPack] INFO: Fill Holes dispatch: igl_fan -> GeomPackFillHoles_IglFan
  [ComfyUI] [worker:ComfyUI-GeometryPack] INFO: Fill Holes dispatch: igl_fan -> GeomPackFillHoles_IglFan
  [ComfyUI] [worker:ComfyUI-GeometryPack] INFO: Fill Holes dispatch: igl_fan -> GeomPackFillHoles_IglFan
  [ComfyUI] [worker:ComfyUI-GeometryPack] INFO: Fill Holes dispatch: igl_fan -> GeomPackFillHoles_IglFan
  [ComfyUI] [worker:ComfyUI-GeometryPack] INFO: Fill Holes dispatch: igl_fan -> GeomPackFillHoles_IglFan
  [ComfyUI] [worker:ComfyUI-GeometryPack] INFO: Fill Holes dispatch: igl_fan -> GeomPackFillHoles_IglFan
  [ComfyUI] [worker:ComfyUI-GeometryPack] INFO: Fill Holes dispatch: igl_fan -> GeomPackFillHoles_IglFan
  [ComfyUI] [worker:ComfyUI-GeometryPack] INFO: Fill Holes dispatch: igl_fan -> GeomPackFillHoles_IglFan
  [ComfyUI] [SubprocessWorker] got response: ok
  [ComfyUI] [SubprocessWorker] got response: ok
  [ComfyUI] [SubprocessWorker] got response: ok
  [ComfyUI] [SubprocessWorker] got response: ok
  [ComfyUI] [SubprocessWorker] got response: ok
  [ComfyUI] [SubprocessWorker] got response: ok
  [ComfyUI] [SubprocessWorker] got response: ok
  [ComfyUI] [SubprocessWorker] got response: ok
  [ComfyUI] [SubprocessWorker] got response: ok
  [ComfyUI] [SubprocessWorker] got response: ok
  [ComfyUI] [SubprocessWorker] got response: ok
  [ComfyUI] [SubprocessWorker] got response: ok
  [ComfyUI] [SubprocessWorker] got response: ok
  [ComfyUI] [SubprocessWorker] got response: ok
  [ComfyUI] [SubprocessWorker] got response: ok
  [ComfyUI] [SubprocessWorker] got response: ok
  [ComfyUI] [SubprocessWorker] got response: ok
  [ComfyUI] [SubprocessWorker] got response: ok
  [ComfyUI] [SubprocessWorker] got response: ok
  [ComfyUI] [SubprocessWorker] got response: ok
  [ComfyUI] [SubprocessWorker] got response: ok
  [ComfyUI] [SubprocessWorker] got response: ok
  [ComfyUI] [SubprocessWorker] got response: ok
  [ComfyUI] [comfy-env] GeomPackFillHoles done (0.04s): result: NodeOutput
  [ComfyUI] [comfy-env] GeomPackFillHoles done (0.04s): result: NodeOutput
  [ComfyUI] [comfy-env] GeomPackFillHoles done (0.04s): result: NodeOutput
  [ComfyUI] [comfy-env] GeomPackFillHoles done (0.04s): result: NodeOutput
  [ComfyUI] [comfy-env] GeomPackFillHoles done (0.04s): result: NodeOutput
  [ComfyUI] [comfy-env] GeomPackFillHoles done (0.04s): result: NodeOutput
  [ComfyUI] [comfy-env] GeomPackFillHoles done (0.04s): result: NodeOutput
  [ComfyUI] [comfy-env] GeomPackFillHoles done (0.04s): result: NodeOutput
  [ComfyUI] [comfy-env] GeomPackFillHoles done (0.04s): result: NodeOutput
  [ComfyUI] [comfy-env] GeomPackFillHoles done (0.04s): result: NodeOutput
  [ComfyUI] [comfy-env] GeomPackFillHoles done (0.04s): result: NodeOutput
  [ComfyUI] [comfy-env] GeomPackFillHoles done (0.04s): result: NodeOutput
  [ComfyUI] [comfy-env] GeomPackFillHoles done (0.04s): result: NodeOutput
  [ComfyUI] [comfy-env] GeomPackFillHoles done (0.04s): result: NodeOutput
  [ComfyUI] [comfy-env] GeomPackFillHoles done (0.04s): result: NodeOutput
  [ComfyUI] [comfy-env] GeomPackFillHoles done (0.04s): result: NodeOutput
  [ComfyUI] [comfy-env] GeomPackFillHoles done (0.04s): result: NodeOutput
  [ComfyUI] [comfy-env] GeomPackFillHoles done (0.04s): result: NodeOutput
  [ComfyUI] [comfy-env] GeomPackFillHoles done (0.04s): result: NodeOutput
  [ComfyUI] [comfy-env] GeomPackFillHoles done (0.04s): result: NodeOutput
  [ComfyUI] [comfy-env] GeomPackFillHoles done (0.04s): result: NodeOutput
  [ComfyUI] [comfy-env] GeomPackFillHoles done (0.04s): result: NodeOutput
  [ComfyUI] [comfy-env] GeomPackFillHoles done (0.04s): result: NodeOutput
  [ComfyUI] [VRAM] After GeomPackFillHoles: 1271 / 24575 MB
  [ComfyUI] [VRAM] After GeomPackFillHoles: 1271 / 24575 MB
  [ComfyUI] [VRAM] After GeomPackFillHoles: 1271 / 24575 MB
  [ComfyUI] [VRAM] After GeomPackFillHoles: 1271 / 24575 MB
  [ComfyUI] [VRAM] After GeomPackFillHoles: 1271 / 24575 MB
  [ComfyUI] [VRAM] After GeomPackFillHoles: 1271 / 24575 MB
  [ComfyUI] [VRAM] After GeomPackFillHoles: 1271 / 24575 MB
  [ComfyUI] [VRAM] After GeomPackFillHoles: 1271 / 24575 MB
  [ComfyUI] [VRAM] After GeomPackFillHoles: 1271 / 24575 MB
  [ComfyUI] [VRAM] After GeomPackFillHoles: 1271 / 24575 MB
  [ComfyUI] [VRAM] After GeomPackFillHoles: 1271 / 24575 MB
  [ComfyUI] [VRAM] After GeomPackFillHoles: 1271 / 24575 MB
  [ComfyUI] [VRAM] After GeomPackFillHoles: 1271 / 24575 MB
  [ComfyUI] [VRAM] After GeomPackFillHoles: 1271 / 24575 MB
  [ComfyUI] [VRAM] After GeomPackFillHoles: 1271 / 24575 MB
  [ComfyUI] [VRAM] After GeomPackFillHoles: 1271 / 24575 MB
  [ComfyUI] [VRAM] After GeomPackFillHoles: 1271 / 24575 MB
  [ComfyUI] [VRAM] After GeomPackFillHoles: 1271 / 24575 MB
  [ComfyUI] [VRAM] After GeomPackFillHoles: 1271 / 24575 MB
  [ComfyUI] [VRAM] After GeomPackFillHoles: 1271 / 24575 MB
  [ComfyUI] [VRAM] After GeomPackFillHoles: 1271 / 24575 MB
  [ComfyUI] [VRAM] After GeomPackFillHoles: 1271 / 24575 MB
  [ComfyUI] [VRAM] After GeomPackFillHoles: 1271 / 24575 MB
  [ComfyUI] [comfy-env] Running GeomPackFillHoles: backend: dict, mesh: Trimesh
  [ComfyUI] [comfy-env] Running GeomPackFillHoles: backend: dict, mesh: Trimesh
  [ComfyUI] [comfy-env] Running GeomPackFillHoles: backend: dict, mesh: Trimesh
  [ComfyUI] [comfy-env] Running GeomPackFillHoles: backend: dict, mesh: Trimesh
  [ComfyUI] [comfy-env] Running GeomPackFillHoles: backend: dict, mesh: Trimesh
  [ComfyUI] [comfy-env] Running GeomPackFillHoles: backend: dict, mesh: Trimesh
  [ComfyUI] [comfy-env] Running GeomPackFillHoles: backend: dict, mesh: Trimesh
  [ComfyUI] [comfy-env] Running GeomPackFillHoles: backend: dict, mesh: Trimesh
  [ComfyUI] [comfy-env] Running GeomPackFillHoles: backend: dict, mesh: Trimesh
  [ComfyUI] [comfy-env] Running GeomPackFillHoles: backend: dict, mesh: Trimesh
  [ComfyUI] [comfy-env] Running GeomPackFillHoles: backend: dict, mesh: Trimesh
  [ComfyUI] [comfy-env] Running GeomPackFillHoles: backend: dict, mesh: Trimesh
  [ComfyUI] [comfy-env] Running GeomPackFillHoles: backend: dict, mesh: Trimesh
  [ComfyUI] [comfy-env] Running GeomPackFillHoles: backend: dict, mesh: Trimesh
  [ComfyUI] [comfy-env] Running GeomPackFillHoles: backend: dict, mesh: Trimesh
  [ComfyUI] [comfy-env] Running GeomPackFillHoles: backend: dict, mesh: Trimesh
  [ComfyUI] [comfy-env] Running GeomPackFillHoles: backend: dict, mesh: Trimesh
  [ComfyUI] [comfy-env] Running GeomPackFillHoles: backend: dict, mesh: Trimesh
  [ComfyUI] [comfy-env] Running GeomPackFillHoles: backend: dict, mesh: Trimesh
  [ComfyUI] [comfy-env] Running GeomPackFillHoles: backend: dict, mesh: Trimesh
  [ComfyUI] [comfy-env] Running GeomPackFillHoles: backend: dict, mesh: Trimesh
  [ComfyUI] [comfy-env] Running GeomPackFillHoles: backend: dict, mesh: Trimesh
  [ComfyUI] [comfy-env] Running GeomPackFillHoles: backend: dict, mesh: Trimesh
  [ComfyUI] [VRAM] Before GeomPackFillHoles: 1271 / 24575 MB
  [ComfyUI] [VRAM] Before GeomPackFillHoles: 1271 / 24575 MB
  [ComfyUI] [VRAM] Before GeomPackFillHoles: 1271 / 24575 MB
  [ComfyUI] [VRAM] Before GeomPackFillHoles: 1271 / 24575 MB
  [ComfyUI] [VRAM] Before GeomPackFillHoles: 1271 / 24575 MB
  [ComfyUI] [VRAM] Before GeomPackFillHoles: 1271 / 24575 MB
  [ComfyUI] [VRAM] Before GeomPackFillHoles: 1271 / 24575 MB
  [ComfyUI] [VRAM] Before GeomPackFillHoles: 1271 / 24575 MB
  [ComfyUI] [VRAM] Before GeomPackFillHoles: 1271 / 24575 MB
  [ComfyUI] [VRAM] Before GeomPackFillHoles: 1271 / 24575 MB
  [ComfyUI] [VRAM] Before GeomPackFillHoles: 1271 / 24575 MB
  [ComfyUI] [VRAM] Before GeomPackFillHoles: 1271 / 24575 MB
  [ComfyUI] [VRAM] Before GeomPackFillHoles: 1271 / 24575 MB
  [ComfyUI] [VRAM] Before GeomPackFillHoles: 1271 / 24575 MB
  [ComfyUI] [VRAM] Before GeomPackFillHoles: 1271 / 24575 MB
  [ComfyUI] [VRAM] Before GeomPackFillHoles: 1271 / 24575 MB
  [ComfyUI] [VRAM] Before GeomPackFillHoles: 1271 / 24575 MB
  [ComfyUI] [VRAM] Before GeomPackFillHoles: 1271 / 24575 MB
  [ComfyUI] [VRAM] Before GeomPackFillHoles: 1271 / 24575 MB
  [ComfyUI] [VRAM] Before GeomPackFillHoles: 1271 / 24575 MB
  [ComfyUI] [VRAM] Before GeomPackFillHoles: 1271 / 24575 MB
  [ComfyUI] [VRAM] Before GeomPackFillHoles: 1271 / 24575 MB
  [ComfyUI] [VRAM] Before GeomPackFillHoles: 1271 / 24575 MB
  [ComfyUI] [SubprocessWorker] call_method: nodes.main.repair.fill_holes.FillHolesNode.EXECUTE_NORMALIZED
  [ComfyUI] [SubprocessWorker] call_method: nodes.main.repair.fill_holes.FillHolesNode.EXECUTE_NORMALIZED
  [ComfyUI] [SubprocessWorker] call_method: nodes.main.repair.fill_holes.FillHolesNode.EXECUTE_NORMALIZED
  [ComfyUI] [SubprocessWorker] call_method: nodes.main.repair.fill_holes.FillHolesNode.EXECUTE_NORMALIZED
  [ComfyUI] [SubprocessWorker] call_method: nodes.main.repair.fill_holes.FillHolesNode.EXECUTE_NORMALIZED
  [ComfyUI] [SubprocessWorker] call_method: nodes.main.repair.fill_holes.FillHolesNode.EXECUTE_NORMALIZED
  [ComfyUI] [SubprocessWorker] call_method: nodes.main.repair.fill_holes.FillHolesNode.EXECUTE_NORMALIZED
  [ComfyUI] [SubprocessWorker] call_method: nodes.main.repair.fill_holes.FillHolesNode.EXECUTE_NORMALIZED
  [ComfyUI] [SubprocessWorker] call_method: nodes.main.repair.fill_holes.FillHolesNode.EXECUTE_NORMALIZED
  [ComfyUI] [SubprocessWorker] call_method: nodes.main.repair.fill_holes.FillHolesNode.EXECUTE_NORMALIZED
  [ComfyUI] [SubprocessWorker] call_method: nodes.main.repair.fill_holes.FillHolesNode.EXECUTE_NORMALIZED
  [ComfyUI] [SubprocessWorker] call_method: nodes.main.repair.fill_holes.FillHolesNode.EXECUTE_NORMALIZED
  [ComfyUI] [SubprocessWorker] call_method: nodes.main.repair.fill_holes.FillHolesNode.EXECUTE_NORMALIZED
  [ComfyUI] [SubprocessWorker] call_method: nodes.main.repair.fill_holes.FillHolesNode.EXECUTE_NORMALIZED
  [ComfyUI] [SubprocessWorker] call_method: nodes.main.repair.fill_holes.FillHolesNode.EXECUTE_NORMALIZED
  [ComfyUI] [SubprocessWorker] call_method: nodes.main.repair.fill_holes.FillHolesNode.EXECUTE_NORMALIZED
  [ComfyUI] [SubprocessWorker] call_method: nodes.main.repair.fill_holes.FillHolesNode.EXECUTE_NORMALIZED
  [ComfyUI] [SubprocessWorker] call_method: nodes.main.repair.fill_holes.FillHolesNode.EXECUTE_NORMALIZED
  [ComfyUI] [SubprocessWorker] call_method: nodes.main.repair.fill_holes.FillHolesNode.EXECUTE_NORMALIZED
  [ComfyUI] [SubprocessWorker] call_method: nodes.main.repair.fill_holes.FillHolesNode.EXECUTE_NORMALIZED
  [ComfyUI] [SubprocessWorker] call_method: nodes.main.repair.fill_holes.FillHolesNode.EXECUTE_NORMALIZED
  [ComfyUI] [SubprocessWorker] call_method: nodes.main.repair.fill_holes.FillHolesNode.EXECUTE_NORMALIZED
  [ComfyUI] [SubprocessWorker] call_method: nodes.main.repair.fill_holes.FillHolesNode.EXECUTE_NORMALIZED
  [ComfyUI] [SubprocessWorker] acquired lock, ensuring started...
  [ComfyUI] [SubprocessWorker] acquired lock, ensuring started...
  [ComfyUI] [SubprocessWorker] acquired lock, ensuring started...
  [ComfyUI] [SubprocessWorker] acquired lock, ensuring started...
  [ComfyUI] [SubprocessWorker] acquired lock, ensuring started...
  [ComfyUI] [SubprocessWorker] acquired lock, ensuring started...
  [ComfyUI] [SubprocessWorker] acquired lock, ensuring started...
  [ComfyUI] [SubprocessWorker] acquired lock, ensuring started...
  [ComfyUI] [SubprocessWorker] acquired lock, ensuring started...
  [ComfyUI] [SubprocessWorker] acquired lock, ensuring started...
  [ComfyUI] [SubprocessWorker] acquired lock, ensuring started...
  [ComfyUI] [SubprocessWorker] acquired lock, ensuring started...
  [ComfyUI] [SubprocessWorker] acquired lock, ensuring started...
  [ComfyUI] [SubprocessWorker] acquired lock, ensuring started...
  [ComfyUI] [SubprocessWorker] acquired lock, ensuring started...
  [ComfyUI] [SubprocessWorker] acquired lock, ensuring started...
  [ComfyUI] [SubprocessWorker] acquired lock, ensuring started...
  [ComfyUI] [SubprocessWorker] acquired lock, ensuring started...
  [ComfyUI] [SubprocessWorker] acquired lock, ensuring started...
  [ComfyUI] [SubprocessWorker] acquired lock, ensuring started...
  [ComfyUI] [SubprocessWorker] acquired lock, ensuring started...
  [ComfyUI] [SubprocessWorker] acquired lock, ensuring started...
  [ComfyUI] [SubprocessWorker] acquired lock, ensuring started...
  [ComfyUI] [ComfyUI-GeometryPack] Health check: ping (timeout=5.0s)...
  [ComfyUI] [ComfyUI-GeometryPack] Health check: ping (timeout=5.0s)...
  [ComfyUI] [ComfyUI-GeometryPack] Health check: ping (timeout=5.0s)...
  [ComfyUI] [ComfyUI-GeometryPack] Health check: ping (timeout=5.0s)...
  [ComfyUI] [ComfyUI-GeometryPack] Health check: ping (timeout=5.0s)...
  [ComfyUI] [ComfyUI-GeometryPack] Health check: ping (timeout=5.0s)...
  [ComfyUI] [ComfyUI-GeometryPack] Health check: ping (timeout=5.0s)...
  [ComfyUI] [ComfyUI-GeometryPack] Health check: ping (timeout=5.0s)...
  [ComfyUI] [ComfyUI-GeometryPack] Health check: ping (timeout=5.0s)...
  [ComfyUI] [ComfyUI-GeometryPack] Health check: ping (timeout=5.0s)...
  [ComfyUI] [ComfyUI-GeometryPack] Health check: ping (timeout=5.0s)...
  [ComfyUI] [ComfyUI-GeometryPack] Health check: ping (timeout=5.0s)...
  [ComfyUI] [ComfyUI-GeometryPack] Health check: ping (timeout=5.0s)...
  [ComfyUI] [ComfyUI-GeometryPack] Health check: ping (timeout=5.0s)...
  [ComfyUI] [ComfyUI-GeometryPack] Health check: ping (timeout=5.0s)...
  [ComfyUI] [ComfyUI-GeometryPack] Health check: ping (timeout=5.0s)...
  [ComfyUI] [ComfyUI-GeometryPack] Health check: ping (timeout=5.0s)...
  [ComfyUI] [ComfyUI-GeometryPack] Health check: ping (timeout=5.0s)...
  [ComfyUI] [ComfyUI-GeometryPack] Health check: ping (timeout=5.0s)...
  [ComfyUI] [ComfyUI-GeometryPack] Health check: ping (timeout=5.0s)...
  [ComfyUI] [ComfyUI-GeometryPack] Health check: ping (timeout=5.0s)...
  [ComfyUI] [ComfyUI-GeometryPack] Health check: ping (timeout=5.0s)...
  [ComfyUI] [ComfyUI-GeometryPack] Health check: ping (timeout=5.0s)...
  [ComfyUI] [ComfyUI-GeometryPack] Health check: ok
  [ComfyUI] [ComfyUI-GeometryPack] Health check: ok
  [ComfyUI] [ComfyUI-GeometryPack] Health check: ok
  [ComfyUI] [ComfyUI-GeometryPack] Health check: ok
  [ComfyUI] [ComfyUI-GeometryPack] Health check: ok
  [ComfyUI] [ComfyUI-GeometryPack] Health check: ok
  [ComfyUI] [ComfyUI-GeometryPack] Health check: ok
  [ComfyUI] [ComfyUI-GeometryPack] Health check: ok
  [ComfyUI] [ComfyUI-GeometryPack] Health check: ok
  [ComfyUI] [ComfyUI-GeometryPack] Health check: ok
  [ComfyUI] [ComfyUI-GeometryPack] Health check: ok
  [ComfyUI] [ComfyUI-GeometryPack] Health check: ok
  [ComfyUI] [ComfyUI-GeometryPack] Health check: ok
  [ComfyUI] [ComfyUI-GeometryPack] Health check: ok
  [ComfyUI] [ComfyUI-GeometryPack] Health check: ok
  [ComfyUI] [ComfyUI-GeometryPack] Health check: ok
  [ComfyUI] [ComfyUI-GeometryPack] Health check: ok
  [ComfyUI] [ComfyUI-GeometryPack] Health check: ok
  [ComfyUI] [ComfyUI-GeometryPack] Health check: ok
  [ComfyUI] [ComfyUI-GeometryPack] Health check: ok
  [ComfyUI] [ComfyUI-GeometryPack] Health check: ok
  [ComfyUI] [ComfyUI-GeometryPack] Health check: ok
  [ComfyUI] [ComfyUI-GeometryPack] Health check: ok
  [ComfyUI] [SubprocessWorker] worker started/confirmed
  [ComfyUI] [SubprocessWorker] worker started/confirmed
  [ComfyUI] [SubprocessWorker] worker started/confirmed
  [ComfyUI] [SubprocessWorker] worker started/confirmed
  [ComfyUI] [SubprocessWorker] worker started/confirmed
  [ComfyUI] [SubprocessWorker] worker started/confirmed
  [ComfyUI] [SubprocessWorker] worker started/confirmed
  [ComfyUI] [SubprocessWorker] worker started/confirmed
  [ComfyUI] [SubprocessWorker] worker started/confirmed
  [ComfyUI] [SubprocessWorker] worker started/confirmed
  [ComfyUI] [SubprocessWorker] worker started/confirmed
  [ComfyUI] [SubprocessWorker] worker started/confirmed
  [ComfyUI] [SubprocessWorker] worker started/confirmed
  [ComfyUI] [SubprocessWorker] worker started/confirmed
  [ComfyUI] [SubprocessWorker] worker started/confirmed
  [ComfyUI] [SubprocessWorker] worker started/confirmed
  [ComfyUI] [SubprocessWorker] worker started/confirmed
  [ComfyUI] [SubprocessWorker] worker started/confirmed
  [ComfyUI] [SubprocessWorker] worker started/confirmed
  [ComfyUI] [SubprocessWorker] worker started/confirmed
  [ComfyUI] [SubprocessWorker] worker started/confirmed
  [ComfyUI] [SubprocessWorker] worker started/confirmed
  [ComfyUI] [SubprocessWorker] worker started/confirmed
  [ComfyUI] [SubprocessWorker] serializing kwargs to shm...
  [ComfyUI] [SubprocessWorker] serializing kwargs to shm...
  [ComfyUI] [SubprocessWorker] serializing kwargs to shm...
  [ComfyUI] [SubprocessWorker] serializing kwargs to shm...
  [ComfyUI] [SubprocessWorker] serializing kwargs to shm...
  [ComfyUI] [SubprocessWorker] serializing kwargs to shm...
  [ComfyUI] [SubprocessWorker] serializing kwargs to shm...
  [ComfyUI] [SubprocessWorker] serializing kwargs to shm...
  [ComfyUI] [SubprocessWorker] serializing kwargs to shm...
  [ComfyUI] [SubprocessWorker] serializing kwargs to shm...
  [ComfyUI] [SubprocessWorker] serializing kwargs to shm...
  [ComfyUI] [SubprocessWorker] serializing kwargs to shm...
  [ComfyUI] [SubprocessWorker] serializing kwargs to shm...
  [ComfyUI] [SubprocessWorker] serializing kwargs to shm...
  [ComfyUI] [SubprocessWorker] serializing kwargs to shm...
  [ComfyUI] [SubprocessWorker] serializing kwargs to shm...
  [ComfyUI] [SubprocessWorker] serializing kwargs to shm...
  [ComfyUI] [SubprocessWorker] serializing kwargs to shm...
  [ComfyUI] [SubprocessWorker] serializing kwargs to shm...
  [ComfyUI] [SubprocessWorker] serializing kwargs to shm...
  [ComfyUI] [SubprocessWorker] serializing kwargs to shm...
  [ComfyUI] [SubprocessWorker] serializing kwargs to shm...
  [ComfyUI] [SubprocessWorker] serializing kwargs to shm...
  [ComfyUI] [SubprocessWorker] created 1 shm blocks
  [ComfyUI] [SubprocessWorker] created 1 shm blocks
  [ComfyUI] [SubprocessWorker] created 1 shm blocks
  [ComfyUI] [SubprocessWorker] created 1 shm blocks
  [ComfyUI] [SubprocessWorker] created 1 shm blocks
  [ComfyUI] [SubprocessWorker] created 1 shm blocks
  [ComfyUI] [SubprocessWorker] created 1 shm blocks
  [ComfyUI] [SubprocessWorker] created 1 shm blocks
  [ComfyUI] [SubprocessWorker] created 1 shm blocks
  [ComfyUI] [SubprocessWorker] created 1 shm blocks
  [ComfyUI] [SubprocessWorker] created 1 shm blocks
  [ComfyUI] [SubprocessWorker] created 1 shm blocks
  [ComfyUI] [SubprocessWorker] created 1 shm blocks
  [ComfyUI] [SubprocessWorker] created 1 shm blocks
  [ComfyUI] [SubprocessWorker] created 1 shm blocks
  [ComfyUI] [SubprocessWorker] created 1 shm blocks
  [ComfyUI] [SubprocessWorker] created 1 shm blocks
  [ComfyUI] [SubprocessWorker] created 1 shm blocks
  [ComfyUI] [SubprocessWorker] created 1 shm blocks
  [ComfyUI] [SubprocessWorker] created 1 shm blocks
  [ComfyUI] [SubprocessWorker] created 1 shm blocks
  [ComfyUI] [SubprocessWorker] created 1 shm blocks
  [ComfyUI] [SubprocessWorker] created 1 shm blocks
  [ComfyUI] [SubprocessWorker] sending request via socket...
  [ComfyUI] [SubprocessWorker] sending request via socket...
  [ComfyUI] [SubprocessWorker] sending request via socket...
  [ComfyUI] [SubprocessWorker] sending request via socket...
  [ComfyUI] [SubprocessWorker] sending request via socket...
  [ComfyUI] [SubprocessWorker] sending request via socket...
  [ComfyUI] [SubprocessWorker] sending request via socket...
  [ComfyUI] [SubprocessWorker] sending request via socket...
  [ComfyUI] [SubprocessWorker] sending request via socket...
  [ComfyUI] [SubprocessWorker] sending request via socket...
  [ComfyUI] [SubprocessWorker] sending request via socket...
  [ComfyUI] [SubprocessWorker] sending request via socket...
  [ComfyUI] [SubprocessWorker] sending request via socket...
  [ComfyUI] [SubprocessWorker] sending request via socket...
  [ComfyUI] [SubprocessWorker] sending request via socket...
  [ComfyUI] [SubprocessWorker] sending request via socket...
  [ComfyUI] [SubprocessWorker] sending request via socket...
  [ComfyUI] [SubprocessWorker] sending request via socket...
  [ComfyUI] [SubprocessWorker] sending request via socket...
  [ComfyUI] [SubprocessWorker] sending request via socket...
  [ComfyUI] [SubprocessWorker] sending request via socket...
  [ComfyUI] [SubprocessWorker] sending request via socket...
  [ComfyUI] [SubprocessWorker] sending request via socket...
  [ComfyUI] [SubprocessWorker] call_id=5 sending call_method
  [ComfyUI] [SubprocessWorker] call_id=5 sending call_method
  [ComfyUI] [SubprocessWorker] call_id=5 sending call_method
  [ComfyUI] [SubprocessWorker] call_id=5 sending call_method
  [ComfyUI] [SubprocessWorker] call_id=5 sending call_method
  [ComfyUI] [SubprocessWorker] call_id=5 sending call_method
  [ComfyUI] [SubprocessWorker] call_id=5 sending call_method
  [ComfyUI] [SubprocessWorker] call_id=5 sending call_method
  [ComfyUI] [SubprocessWorker] call_id=5 sending call_method
  [ComfyUI] [SubprocessWorker] call_id=5 sending call_method
  [ComfyUI] [SubprocessWorker] call_id=5 sending call_method
  [ComfyUI] [SubprocessWorker] call_id=5 sending call_method
  [ComfyUI] [SubprocessWorker] call_id=5 sending call_method
  [ComfyUI] [SubprocessWorker] call_id=5 sending call_method
  [ComfyUI] [SubprocessWorker] call_id=5 sending call_method
  [ComfyUI] [SubprocessWorker] call_id=5 sending call_method
  [ComfyUI] [SubprocessWorker] call_id=5 sending call_method
  [ComfyUI] [SubprocessWorker] call_id=5 sending call_method
  [ComfyUI] [SubprocessWorker] call_id=5 sending call_method
  [ComfyUI] [SubprocessWorker] call_id=5 sending call_method
  [ComfyUI] [SubprocessWorker] call_id=5 sending call_method
  [ComfyUI] [SubprocessWorker] call_id=5 sending call_method
  [ComfyUI] [SubprocessWorker] call_id=5 sending call_method
  [ComfyUI] [worker:ComfyUI-GeometryPack] INFO: Fill Holes dispatch: pymeshlab -> GeomPackFillHoles_PyMeshLab
  [ComfyUI] [worker:ComfyUI-GeometryPack] INFO: Fill Holes dispatch: pymeshlab -> GeomPackFillHoles_PyMeshLab
  [ComfyUI] [worker:ComfyUI-GeometryPack] INFO: Fill Holes dispatch: pymeshlab -> GeomPackFillHoles_PyMeshLab
  [ComfyUI] [worker:ComfyUI-GeometryPack] INFO: Fill Holes dispatch: pymeshlab -> GeomPackFillHoles_PyMeshLab
  [ComfyUI] [worker:ComfyUI-GeometryPack] INFO: Fill Holes dispatch: pymeshlab -> GeomPackFillHoles_PyMeshLab
  [ComfyUI] [worker:ComfyUI-GeometryPack] INFO: Fill Holes dispatch: pymeshlab -> GeomPackFillHoles_PyMeshLab
  [ComfyUI] [worker:ComfyUI-GeometryPack] INFO: Fill Holes dispatch: pymeshlab -> GeomPackFillHoles_PyMeshLab
  [ComfyUI] [worker:ComfyUI-GeometryPack] INFO: Fill Holes dispatch: pymeshlab -> GeomPackFillHoles_PyMeshLab
  [ComfyUI] [worker:ComfyUI-GeometryPack] INFO: Fill Holes dispatch: pymeshlab -> GeomPackFillHoles_PyMeshLab
  [ComfyUI] [worker:ComfyUI-GeometryPack] INFO: Fill Holes dispatch: pymeshlab -> GeomPackFillHoles_PyMeshLab
  [ComfyUI] [worker:ComfyUI-GeometryPack] INFO: Fill Holes dispatch: pymeshlab -> GeomPackFillHoles_PyMeshLab
  [ComfyUI] [worker:ComfyUI-GeometryPack] INFO: Fill Holes dispatch: pymeshlab -> GeomPackFillHoles_PyMeshLab
  [ComfyUI] [worker:ComfyUI-GeometryPack] INFO: Fill Holes dispatch: pymeshlab -> GeomPackFillHoles_PyMeshLab
  [ComfyUI] [worker:ComfyUI-GeometryPack] INFO: Fill Holes dispatch: pymeshlab -> GeomPackFillHoles_PyMeshLab
  [ComfyUI] [worker:ComfyUI-GeometryPack] INFO: Fill Holes dispatch: pymeshlab -> GeomPackFillHoles_PyMeshLab
  [ComfyUI] [worker:ComfyUI-GeometryPack] INFO: Fill Holes dispatch: pymeshlab -> GeomPackFillHoles_PyMeshLab
  [ComfyUI] [worker:ComfyUI-GeometryPack] INFO: Fill Holes dispatch: pymeshlab -> GeomPackFillHoles_PyMeshLab
  [ComfyUI] [worker:ComfyUI-GeometryPack] INFO: Fill Holes dispatch: pymeshlab -> GeomPackFillHoles_PyMeshLab
  [ComfyUI] [worker:ComfyUI-GeometryPack] INFO: Fill Holes dispatch: pymeshlab -> GeomPackFillHoles_PyMeshLab
  [ComfyUI] [worker:ComfyUI-GeometryPack] INFO: Fill Holes dispatch: pymeshlab -> GeomPackFillHoles_PyMeshLab
  [ComfyUI] [worker:ComfyUI-GeometryPack] INFO: Fill Holes dispatch: pymeshlab -> GeomPackFillHoles_PyMeshLab
  [ComfyUI] [worker:ComfyUI-GeometryPack] INFO: Fill Holes dispatch: pymeshlab -> GeomPackFillHoles_PyMeshLab
  [ComfyUI] [worker:ComfyUI-GeometryPack] INFO: Fill Holes dispatch: pymeshlab -> GeomPackFillHoles_PyMeshLab
  [ComfyUI] [SubprocessWorker] got response: ok
  [ComfyUI] [SubprocessWorker] got response: ok
  [ComfyUI] [SubprocessWorker] got response: ok
  [ComfyUI] [SubprocessWorker] got response: ok
  [ComfyUI] [SubprocessWorker] got response: ok
  [ComfyUI] [SubprocessWorker] got response: ok
  [ComfyUI] [SubprocessWorker] got response: ok
  [ComfyUI] [SubprocessWorker] got response: ok
  [ComfyUI] [SubprocessWorker] got response: ok
  [ComfyUI] [SubprocessWorker] got response: ok
  [ComfyUI] [SubprocessWorker] got response: ok
  [ComfyUI] [SubprocessWorker] got response: ok
  [ComfyUI] [SubprocessWorker] got response: ok
  [ComfyUI] [SubprocessWorker] got response: ok
  [ComfyUI] [SubprocessWorker] got response: ok
  [ComfyUI] [SubprocessWorker] got response: ok
  [ComfyUI] [SubprocessWorker] got response: ok
  [ComfyUI] [SubprocessWorker] got response: ok
  [ComfyUI] [SubprocessWorker] got response: ok
  [ComfyUI] [SubprocessWorker] got response: ok
  [ComfyUI] [SubprocessWorker] got response: ok
  [ComfyUI] [SubprocessWorker] got response: ok
  [ComfyUI] [SubprocessWorker] got response: ok
  [ComfyUI] [comfy-env] GeomPackFillHoles done (0.04s): result: NodeOutput
  [ComfyUI] [comfy-env] GeomPackFillHoles done (0.04s): result: NodeOutput
  [ComfyUI] [comfy-env] GeomPackFillHoles done (0.04s): result: NodeOutput
  [ComfyUI] [comfy-env] GeomPackFillHoles done (0.04s): result: NodeOutput
  [ComfyUI] [comfy-env] GeomPackFillHoles done (0.04s): result: NodeOutput
  [ComfyUI] [comfy-env] GeomPackFillHoles done (0.04s): result: NodeOutput
  [ComfyUI] [comfy-env] GeomPackFillHoles done (0.04s): result: NodeOutput
  [ComfyUI] [comfy-env] GeomPackFillHoles done (0.04s): result: NodeOutput
  [ComfyUI] [comfy-env] GeomPackFillHoles done (0.04s): result: NodeOutput
  [ComfyUI] [comfy-env] GeomPackFillHoles done (0.04s): result: NodeOutput
  [ComfyUI] [comfy-env] GeomPackFillHoles done (0.04s): result: NodeOutput
  [ComfyUI] [comfy-env] GeomPackFillHoles done (0.04s): result: NodeOutput
  [ComfyUI] [comfy-env] GeomPackFillHoles done (0.04s): result: NodeOutput
  [ComfyUI] [comfy-env] GeomPackFillHoles done (0.04s): result: NodeOutput
  [ComfyUI] [comfy-env] GeomPackFillHoles done (0.04s): result: NodeOutput
  [ComfyUI] [comfy-env] GeomPackFillHoles done (0.04s): result: NodeOutput
  [ComfyUI] [comfy-env] GeomPackFillHoles done (0.04s): result: NodeOutput
  [ComfyUI] [comfy-env] GeomPackFillHoles done (0.04s): result: NodeOutput
  [ComfyUI] [comfy-env] GeomPackFillHoles done (0.04s): result: NodeOutput
  [ComfyUI] [comfy-env] GeomPackFillHoles done (0.04s): result: NodeOutput
  [ComfyUI] [comfy-env] GeomPackFillHoles done (0.04s): result: NodeOutput
  [ComfyUI] [comfy-env] GeomPackFillHoles done (0.04s): result: NodeOutput
  [ComfyUI] [comfy-env] GeomPackFillHoles done (0.04s): result: NodeOutput
  [ComfyUI] [VRAM] After GeomPackFillHoles: 1271 / 24575 MB
  [ComfyUI] [VRAM] After GeomPackFillHoles: 1271 / 24575 MB
  [ComfyUI] [VRAM] After GeomPackFillHoles: 1271 / 24575 MB
  [ComfyUI] [VRAM] After GeomPackFillHoles: 1271 / 24575 MB
  [ComfyUI] [VRAM] After GeomPackFillHoles: 1271 / 24575 MB
  [ComfyUI] [VRAM] After GeomPackFillHoles: 1271 / 24575 MB
  [ComfyUI] [VRAM] After GeomPackFillHoles: 1271 / 24575 MB
  [ComfyUI] [VRAM] After GeomPackFillHoles: 1271 / 24575 MB
  [ComfyUI] [VRAM] After GeomPackFillHoles: 1271 / 24575 MB
  [ComfyUI] [VRAM] After GeomPackFillHoles: 1271 / 24575 MB
  [ComfyUI] [VRAM] After GeomPackFillHoles: 1271 / 24575 MB
  [ComfyUI] [VRAM] After GeomPackFillHoles: 1271 / 24575 MB
  [ComfyUI] [VRAM] After GeomPackFillHoles: 1271 / 24575 MB
  [ComfyUI] [VRAM] After GeomPackFillHoles: 1271 / 24575 MB
  [ComfyUI] [VRAM] After GeomPackFillHoles: 1271 / 24575 MB
  [ComfyUI] [VRAM] After GeomPackFillHoles: 1271 / 24575 MB
  [ComfyUI] [VRAM] After GeomPackFillHoles: 1271 / 24575 MB
  [ComfyUI] [VRAM] After GeomPackFillHoles: 1271 / 24575 MB
  [ComfyUI] [VRAM] After GeomPackFillHoles: 1271 / 24575 MB
  [ComfyUI] [VRAM] After GeomPackFillHoles: 1271 / 24575 MB
  [ComfyUI] [VRAM] After GeomPackFillHoles: 1271 / 24575 MB
  [ComfyUI] [VRAM] After GeomPackFillHoles: 1271 / 24575 MB
  [ComfyUI] [VRAM] After GeomPackFillHoles: 1271 / 24575 MB
  [ComfyUI] [comfy-env] Running GeomPackFillHoles: backend: dict, mesh: Trimesh
  [ComfyUI] [comfy-env] Running GeomPackFillHoles: backend: dict, mesh: Trimesh
  [ComfyUI] [comfy-env] Running GeomPackFillHoles: backend: dict, mesh: Trimesh
  [ComfyUI] [comfy-env] Running GeomPackFillHoles: backend: dict, mesh: Trimesh
  [ComfyUI] [comfy-env] Running GeomPackFillHoles: backend: dict, mesh: Trimesh
  [ComfyUI] [comfy-env] Running GeomPackFillHoles: backend: dict, mesh: Trimesh
  [ComfyUI] [comfy-env] Running GeomPackFillHoles: backend: dict, mesh: Trimesh
  [ComfyUI] [comfy-env] Running GeomPackFillHoles: backend: dict, mesh: Trimesh
  [ComfyUI] [comfy-env] Running GeomPackFillHoles: backend: dict, mesh: Trimesh
  [ComfyUI] [comfy-env] Running GeomPackFillHoles: backend: dict, mesh: Trimesh
  [ComfyUI] [comfy-env] Running GeomPackFillHoles: backend: dict, mesh: Trimesh
  [ComfyUI] [comfy-env] Running GeomPackFillHoles: backend: dict, mesh: Trimesh
  [ComfyUI] [comfy-env] Running GeomPackFillHoles: backend: dict, mesh: Trimesh
  [ComfyUI] [comfy-env] Running GeomPackFillHoles: backend: dict, mesh: Trimesh
  [ComfyUI] [comfy-env] Running GeomPackFillHoles: backend: dict, mesh: Trimesh
  [ComfyUI] [comfy-env] Running GeomPackFillHoles: backend: dict, mesh: Trimesh
  [ComfyUI] [comfy-env] Running GeomPackFillHoles: backend: dict, mesh: Trimesh
  [ComfyUI] [comfy-env] Running GeomPackFillHoles: backend: dict, mesh: Trimesh
  [ComfyUI] [comfy-env] Running GeomPackFillHoles: backend: dict, mesh: Trimesh
  [ComfyUI] [comfy-env] Running GeomPackFillHoles: backend: dict, mesh: Trimesh
  [ComfyUI] [comfy-env] Running GeomPackFillHoles: backend: dict, mesh: Trimesh
  [ComfyUI] [comfy-env] Running GeomPackFillHoles: backend: dict, mesh: Trimesh
  [ComfyUI] [comfy-env] Running GeomPackFillHoles: backend: dict, mesh: Trimesh
  [ComfyUI] [VRAM] Before GeomPackFillHoles: 1271 / 24575 MB
  [ComfyUI] [VRAM] Before GeomPackFillHoles: 1271 / 24575 MB
  [ComfyUI] [VRAM] Before GeomPackFillHoles: 1271 / 24575 MB
  [ComfyUI] [VRAM] Before GeomPackFillHoles: 1271 / 24575 MB
  [ComfyUI] [VRAM] Before GeomPackFillHoles: 1271 / 24575 MB
  [ComfyUI] [VRAM] Before GeomPackFillHoles: 1271 / 24575 MB
  [ComfyUI] [VRAM] Before GeomPackFillHoles: 1271 / 24575 MB
  [ComfyUI] [VRAM] Before GeomPackFillHoles: 1271 / 24575 MB
  [ComfyUI] [VRAM] Before GeomPackFillHoles: 1271 / 24575 MB
  [ComfyUI] [VRAM] Before GeomPackFillHoles: 1271 / 24575 MB
  [ComfyUI] [VRAM] Before GeomPackFillHoles: 1271 / 24575 MB
  [ComfyUI] [VRAM] Before GeomPackFillHoles: 1271 / 24575 MB
  [ComfyUI] [VRAM] Before GeomPackFillHoles: 1271 / 24575 MB
  [ComfyUI] [VRAM] Before GeomPackFillHoles: 1271 / 24575 MB
  [ComfyUI] [VRAM] Before GeomPackFillHoles: 1271 / 24575 MB
  [ComfyUI] [VRAM] Before GeomPackFillHoles: 1271 / 24575 MB
  [ComfyUI] [VRAM] Before GeomPackFillHoles: 1271 / 24575 MB
  [ComfyUI] [VRAM] Before GeomPackFillHoles: 1271 / 24575 MB
  [ComfyUI] [VRAM] Before GeomPackFillHoles: 1271 / 24575 MB
  [ComfyUI] [VRAM] Before GeomPackFillHoles: 1271 / 24575 MB
  [ComfyUI] [VRAM] Before GeomPackFillHoles: 1271 / 24575 MB
  [ComfyUI] [VRAM] Before GeomPackFillHoles: 1271 / 24575 MB
  [ComfyUI] [VRAM] Before GeomPackFillHoles: 1271 / 24575 MB
  [ComfyUI] [SubprocessWorker] call_method: nodes.main.repair.fill_holes.FillHolesNode.EXECUTE_NORMALIZED
  [ComfyUI] [SubprocessWorker] call_method: nodes.main.repair.fill_holes.FillHolesNode.EXECUTE_NORMALIZED
  [ComfyUI] [SubprocessWorker] call_method: nodes.main.repair.fill_holes.FillHolesNode.EXECUTE_NORMALIZED
  [ComfyUI] [SubprocessWorker] call_method: nodes.main.repair.fill_holes.FillHolesNode.EXECUTE_NORMALIZED
  [ComfyUI] [SubprocessWorker] call_method: nodes.main.repair.fill_holes.FillHolesNode.EXECUTE_NORMALIZED
  [ComfyUI] [SubprocessWorker] call_method: nodes.main.repair.fill_holes.FillHolesNode.EXECUTE_NORMALIZED
  [ComfyUI] [SubprocessWorker] call_method: nodes.main.repair.fill_holes.FillHolesNode.EXECUTE_NORMALIZED
  [ComfyUI] [SubprocessWorker] call_method: nodes.main.repair.fill_holes.FillHolesNode.EXECUTE_NORMALIZED
  [ComfyUI] [SubprocessWorker] call_method: nodes.main.repair.fill_holes.FillHolesNode.EXECUTE_NORMALIZED
  [ComfyUI] [SubprocessWorker] call_method: nodes.main.repair.fill_holes.FillHolesNode.EXECUTE_NORMALIZED
  [ComfyUI] [SubprocessWorker] call_method: nodes.main.repair.fill_holes.FillHolesNode.EXECUTE_NORMALIZED
  [ComfyUI] [SubprocessWorker] call_method: nodes.main.repair.fill_holes.FillHolesNode.EXECUTE_NORMALIZED
  [ComfyUI] [SubprocessWorker] call_method: nodes.main.repair.fill_holes.FillHolesNode.EXECUTE_NORMALIZED
  [ComfyUI] [SubprocessWorker] call_method: nodes.main.repair.fill_holes.FillHolesNode.EXECUTE_NORMALIZED
  [ComfyUI] [SubprocessWorker] call_method: nodes.main.repair.fill_holes.FillHolesNode.EXECUTE_NORMALIZED
  [ComfyUI] [SubprocessWorker] call_method: nodes.main.repair.fill_holes.FillHolesNode.EXECUTE_NORMALIZED
  [ComfyUI] [SubprocessWorker] call_method: nodes.main.repair.fill_holes.FillHolesNode.EXECUTE_NORMALIZED
  [ComfyUI] [SubprocessWorker] call_method: nodes.main.repair.fill_holes.FillHolesNode.EXECUTE_NORMALIZED
  [ComfyUI] [SubprocessWorker] call_method: nodes.main.repair.fill_holes.FillHolesNode.EXECUTE_NORMALIZED
  [ComfyUI] [SubprocessWorker] call_method: nodes.main.repair.fill_holes.FillHolesNode.EXECUTE_NORMALIZED
  [ComfyUI] [SubprocessWorker] call_method: nodes.main.repair.fill_holes.FillHolesNode.EXECUTE_NORMALIZED
  [ComfyUI] [SubprocessWorker] call_method: nodes.main.repair.fill_holes.FillHolesNode.EXECUTE_NORMALIZED
  [ComfyUI] [SubprocessWorker] call_method: nodes.main.repair.fill_holes.FillHolesNode.EXECUTE_NORMALIZED
  [ComfyUI] [SubprocessWorker] acquired lock, ensuring started...
  [ComfyUI] [SubprocessWorker] acquired lock, ensuring started...
  [ComfyUI] [SubprocessWorker] acquired lock, ensuring started...
  [ComfyUI] [SubprocessWorker] acquired lock, ensuring started...
  [ComfyUI] [SubprocessWorker] acquired lock, ensuring started...
  [ComfyUI] [SubprocessWorker] acquired lock, ensuring started...
  [ComfyUI] [SubprocessWorker] acquired lock, ensuring started...
  [ComfyUI] [SubprocessWorker] acquired lock, ensuring started...
  [ComfyUI] [SubprocessWorker] acquired lock, ensuring started...
  [ComfyUI] [SubprocessWorker] acquired lock, ensuring started...
  [ComfyUI] [SubprocessWorker] acquired lock, ensuring started...
  [ComfyUI] [SubprocessWorker] acquired lock, ensuring started...
  [ComfyUI] [SubprocessWorker] acquired lock, ensuring started...
  [ComfyUI] [SubprocessWorker] acquired lock, ensuring started...
  [ComfyUI] [SubprocessWorker] acquired lock, ensuring started...
  [ComfyUI] [SubprocessWorker] acquired lock, ensuring started...
  [ComfyUI] [SubprocessWorker] acquired lock, ensuring started...
  [ComfyUI] [SubprocessWorker] acquired lock, ensuring started...
  [ComfyUI] [SubprocessWorker] acquired lock, ensuring started...
  [ComfyUI] [SubprocessWorker] acquired lock, ensuring started...
  [ComfyUI] [SubprocessWorker] acquired lock, ensuring started...
  [ComfyUI] [SubprocessWorker] acquired lock, ensuring started...
  [ComfyUI] [SubprocessWorker] acquired lock, ensuring started...
  [ComfyUI] [ComfyUI-GeometryPack] Health check: ping (timeout=5.0s)...
  [ComfyUI] [ComfyUI-GeometryPack] Health check: ping (timeout=5.0s)...
  [ComfyUI] [ComfyUI-GeometryPack] Health check: ping (timeout=5.0s)...
  [ComfyUI] [ComfyUI-GeometryPack] Health check: ping (timeout=5.0s)...
  [ComfyUI] [ComfyUI-GeometryPack] Health check: ping (timeout=5.0s)...
  [ComfyUI] [ComfyUI-GeometryPack] Health check: ping (timeout=5.0s)...
  [ComfyUI] [ComfyUI-GeometryPack] Health check: ping (timeout=5.0s)...
  [ComfyUI] [ComfyUI-GeometryPack] Health check: ping (timeout=5.0s)...
  [ComfyUI] [ComfyUI-GeometryPack] Health check: ping (timeout=5.0s)...
  [ComfyUI] [ComfyUI-GeometryPack] Health check: ping (timeout=5.0s)...
  [ComfyUI] [ComfyUI-GeometryPack] Health check: ping (timeout=5.0s)...
  [ComfyUI] [ComfyUI-GeometryPack] Health check: ping (timeout=5.0s)...
  [ComfyUI] [ComfyUI-GeometryPack] Health check: ping (timeout=5.0s)...
  [ComfyUI] [ComfyUI-GeometryPack] Health check: ping (timeout=5.0s)...
  [ComfyUI] [ComfyUI-GeometryPack] Health check: ping (timeout=5.0s)...
  [ComfyUI] [ComfyUI-GeometryPack] Health check: ping (timeout=5.0s)...
  [ComfyUI] [ComfyUI-GeometryPack] Health check: ping (timeout=5.0s)...
  [ComfyUI] [ComfyUI-GeometryPack] Health check: ping (timeout=5.0s)...
  [ComfyUI] [ComfyUI-GeometryPack] Health check: ping (timeout=5.0s)...
  [ComfyUI] [ComfyUI-GeometryPack] Health check: ping (timeout=5.0s)...
  [ComfyUI] [ComfyUI-GeometryPack] Health check: ping (timeout=5.0s)...
  [ComfyUI] [ComfyUI-GeometryPack] Health check: ping (timeout=5.0s)...
  [ComfyUI] [ComfyUI-GeometryPack] Health check: ping (timeout=5.0s)...
  [ComfyUI] [ComfyUI-GeometryPack] Health check: ok
  [ComfyUI] [ComfyUI-GeometryPack] Health check: ok
  [ComfyUI] [ComfyUI-GeometryPack] Health check: ok
  [ComfyUI] [ComfyUI-GeometryPack] Health check: ok
  [ComfyUI] [ComfyUI-GeometryPack] Health check: ok
  [ComfyUI] [ComfyUI-GeometryPack] Health check: ok
  [ComfyUI] [ComfyUI-GeometryPack] Health check: ok
  [ComfyUI] [ComfyUI-GeometryPack] Health check: ok
  [ComfyUI] [ComfyUI-GeometryPack] Health check: ok
  [ComfyUI] [ComfyUI-GeometryPack] Health check: ok
  [ComfyUI] [ComfyUI-GeometryPack] Health check: ok
  [ComfyUI] [ComfyUI-GeometryPack] Health check: ok
  [ComfyUI] [ComfyUI-GeometryPack] Health check: ok
  [ComfyUI] [ComfyUI-GeometryPack] Health check: ok
  [ComfyUI] [ComfyUI-GeometryPack] Health check: ok
  [ComfyUI] [ComfyUI-GeometryPack] Health check: ok
  [ComfyUI] [ComfyUI-GeometryPack] Health check: ok
  [ComfyUI] [ComfyUI-GeometryPack] Health check: ok
  [ComfyUI] [ComfyUI-GeometryPack] Health check: ok
  [ComfyUI] [ComfyUI-GeometryPack] Health check: ok
  [ComfyUI] [ComfyUI-GeometryPack] Health check: ok
  [ComfyUI] [ComfyUI-GeometryPack] Health check: ok
  [ComfyUI] [ComfyUI-GeometryPack] Health check: ok
  [ComfyUI] [SubprocessWorker] worker started/confirmed
  [ComfyUI] [SubprocessWorker] worker started/confirmed
  [ComfyUI] [SubprocessWorker] worker started/confirmed
  [ComfyUI] [SubprocessWorker] worker started/confirmed
  [ComfyUI] [SubprocessWorker] worker started/confirmed
  [ComfyUI] [SubprocessWorker] worker started/confirmed
  [ComfyUI] [SubprocessWorker] worker started/confirmed
  [ComfyUI] [SubprocessWorker] worker started/confirmed
  [ComfyUI] [SubprocessWorker] worker started/confirmed
  [ComfyUI] [SubprocessWorker] worker started/confirmed
  [ComfyUI] [SubprocessWorker] worker started/confirmed
  [ComfyUI] [SubprocessWorker] worker started/confirmed
  [ComfyUI] [SubprocessWorker] worker started/confirmed
  [ComfyUI] [SubprocessWorker] worker started/confirmed
  [ComfyUI] [SubprocessWorker] worker started/confirmed
  [ComfyUI] [SubprocessWorker] worker started/confirmed
  [ComfyUI] [SubprocessWorker] worker started/confirmed
  [ComfyUI] [SubprocessWorker] worker started/confirmed
  [ComfyUI] [SubprocessWorker] worker started/confirmed
  [ComfyUI] [SubprocessWorker] worker started/confirmed
  [ComfyUI] [SubprocessWorker] worker started/confirmed
  [ComfyUI] [SubprocessWorker] worker started/confirmed
  [ComfyUI] [SubprocessWorker] worker started/confirmed
  [ComfyUI] [SubprocessWorker] serializing kwargs to shm...
  [ComfyUI] [SubprocessWorker] serializing kwargs to shm...
  [ComfyUI] [SubprocessWorker] serializing kwargs to shm...
  [ComfyUI] [SubprocessWorker] serializing kwargs to shm...
  [ComfyUI] [SubprocessWorker] serializing kwargs to shm...
  [ComfyUI] [SubprocessWorker] serializing kwargs to shm...
  [ComfyUI] [SubprocessWorker] serializing kwargs to shm...
  [ComfyUI] [SubprocessWorker] serializing kwargs to shm...
  [ComfyUI] [SubprocessWorker] serializing kwargs to shm...
  [ComfyUI] [SubprocessWorker] serializing kwargs to shm...
  [ComfyUI] [SubprocessWorker] serializing kwargs to shm...
  [ComfyUI] [SubprocessWorker] serializing kwargs to shm...
  [ComfyUI] [SubprocessWorker] serializing kwargs to shm...
  [ComfyUI] [SubprocessWorker] serializing kwargs to shm...
  [ComfyUI] [SubprocessWorker] serializing kwargs to shm...
  [ComfyUI] [SubprocessWorker] serializing kwargs to shm...
  [ComfyUI] [SubprocessWorker] serializing kwargs to shm...
  [ComfyUI] [SubprocessWorker] serializing kwargs to shm...
  [ComfyUI] [SubprocessWorker] serializing kwargs to shm...
  [ComfyUI] [SubprocessWorker] serializing kwargs to shm...
  [ComfyUI] [SubprocessWorker] serializing kwargs to shm...
  [ComfyUI] [SubprocessWorker] serializing kwargs to shm...
  [ComfyUI] [SubprocessWorker] serializing kwargs to shm...
  [ComfyUI] [SubprocessWorker] created 1 shm blocks
  [ComfyUI] [SubprocessWorker] created 1 shm blocks
  [ComfyUI] [SubprocessWorker] created 1 shm blocks
  [ComfyUI] [SubprocessWorker] created 1 shm blocks
  [ComfyUI] [SubprocessWorker] created 1 shm blocks
  [ComfyUI] [SubprocessWorker] created 1 shm blocks
  [ComfyUI] [SubprocessWorker] created 1 shm blocks
  [ComfyUI] [SubprocessWorker] created 1 shm blocks
  [ComfyUI] [SubprocessWorker] created 1 shm blocks
  [ComfyUI] [SubprocessWorker] created 1 shm blocks
  [ComfyUI] [SubprocessWorker] created 1 shm blocks
  [ComfyUI] [SubprocessWorker] created 1 shm blocks
  [ComfyUI] [SubprocessWorker] created 1 shm blocks
  [ComfyUI] [SubprocessWorker] created 1 shm blocks
  [ComfyUI] [SubprocessWorker] created 1 shm blocks
  [ComfyUI] [SubprocessWorker] created 1 shm blocks
  [ComfyUI] [SubprocessWorker] created 1 shm blocks
  [ComfyUI] [SubprocessWorker] created 1 shm blocks
  [ComfyUI] [SubprocessWorker] created 1 shm blocks
  [ComfyUI] [SubprocessWorker] created 1 shm blocks
  [ComfyUI] [SubprocessWorker] created 1 shm blocks
  [ComfyUI] [SubprocessWorker] created 1 shm blocks
  [ComfyUI] [SubprocessWorker] created 1 shm blocks
  [ComfyUI] [SubprocessWorker] sending request via socket...
  [ComfyUI] [SubprocessWorker] sending request via socket...
  [ComfyUI] [SubprocessWorker] sending request via socket...
  [ComfyUI] [SubprocessWorker] sending request via socket...
  [ComfyUI] [SubprocessWorker] sending request via socket...
  [ComfyUI] [SubprocessWorker] sending request via socket...
  [ComfyUI] [SubprocessWorker] sending request via socket...
  [ComfyUI] [SubprocessWorker] sending request via socket...
  [ComfyUI] [SubprocessWorker] sending request via socket...
  [ComfyUI] [SubprocessWorker] sending request via socket...
  [ComfyUI] [SubprocessWorker] sending request via socket...
  [ComfyUI] [SubprocessWorker] sending request via socket...
  [ComfyUI] [SubprocessWorker] sending request via socket...
  [ComfyUI] [SubprocessWorker] sending request via socket...
  [ComfyUI] [SubprocessWorker] sending request via socket...
  [ComfyUI] [SubprocessWorker] sending request via socket...
  [ComfyUI] [SubprocessWorker] sending request via socket...
  [ComfyUI] [SubprocessWorker] sending request via socket...
  [ComfyUI] [SubprocessWorker] sending request via socket...
  [ComfyUI] [SubprocessWorker] sending request via socket...
  [ComfyUI] [SubprocessWorker] sending request via socket...
  [ComfyUI] [SubprocessWorker] sending request via socket...
  [ComfyUI] [SubprocessWorker] sending request via socket...
  [ComfyUI] [SubprocessWorker] call_id=6 sending call_method
  [ComfyUI] [SubprocessWorker] call_id=6 sending call_method
  [ComfyUI] [SubprocessWorker] call_id=6 sending call_method
  [ComfyUI] [SubprocessWorker] call_id=6 sending call_method
  [ComfyUI] [SubprocessWorker] call_id=6 sending call_method
  [ComfyUI] [SubprocessWorker] call_id=6 sending call_method
  [ComfyUI] [SubprocessWorker] call_id=6 sending call_method
  [ComfyUI] [SubprocessWorker] call_id=6 sending call_method
  [ComfyUI] [SubprocessWorker] call_id=6 sending call_method
  [ComfyUI] [SubprocessWorker] call_id=6 sending call_method
  [ComfyUI] [SubprocessWorker] call_id=6 sending call_method
  [ComfyUI] [SubprocessWorker] call_id=6 sending call_method
  [ComfyUI] [SubprocessWorker] call_id=6 sending call_method
  [ComfyUI] [SubprocessWorker] call_id=6 sending call_method
  [ComfyUI] [SubprocessWorker] call_id=6 sending call_method
  [ComfyUI] [SubprocessWorker] call_id=6 sending call_method
  [ComfyUI] [SubprocessWorker] call_id=6 sending call_method
  [ComfyUI] [SubprocessWorker] call_id=6 sending call_method
  [ComfyUI] [SubprocessWorker] call_id=6 sending call_method
  [ComfyUI] [SubprocessWorker] call_id=6 sending call_method
  [ComfyUI] [SubprocessWorker] call_id=6 sending call_method
  [ComfyUI] [SubprocessWorker] call_id=6 sending call_method
  [ComfyUI] [SubprocessWorker] call_id=6 sending call_method
  [ComfyUI] [worker:ComfyUI-GeometryPack] INFO: Fill Holes dispatch: pymeshfix -> GeomPackFillHoles_PyMeshFix
  [ComfyUI] [worker:ComfyUI-GeometryPack] INFO: Fill Holes dispatch: pymeshfix -> GeomPackFillHoles_PyMeshFix
  [ComfyUI] [worker:ComfyUI-GeometryPack] INFO: Fill Holes dispatch: pymeshfix -> GeomPackFillHoles_PyMeshFix
  [ComfyUI] [worker:ComfyUI-GeometryPack] INFO: Fill Holes dispatch: pymeshfix -> GeomPackFillHoles_PyMeshFix
  [ComfyUI] [worker:ComfyUI-GeometryPack] INFO: Fill Holes dispatch: pymeshfix -> GeomPackFillHoles_PyMeshFix
  [ComfyUI] [worker:ComfyUI-GeometryPack] INFO: Fill Holes dispatch: pymeshfix -> GeomPackFillHoles_PyMeshFix
  [ComfyUI] [worker:ComfyUI-GeometryPack] INFO: Fill Holes dispatch: pymeshfix -> GeomPackFillHoles_PyMeshFix
  [ComfyUI] [worker:ComfyUI-GeometryPack] INFO: Fill Holes dispatch: pymeshfix -> GeomPackFillHoles_PyMeshFix
  [ComfyUI] [worker:ComfyUI-GeometryPack] INFO: Fill Holes dispatch: pymeshfix -> GeomPackFillHoles_PyMeshFix
  [ComfyUI] [worker:ComfyUI-GeometryPack] INFO: Fill Holes dispatch: pymeshfix -> GeomPackFillHoles_PyMeshFix
  [ComfyUI] [worker:ComfyUI-GeometryPack] INFO: Fill Holes dispatch: pymeshfix -> GeomPackFillHoles_PyMeshFix
  [ComfyUI] [worker:ComfyUI-GeometryPack] INFO: Fill Holes dispatch: pymeshfix -> GeomPackFillHoles_PyMeshFix
  [ComfyUI] [worker:ComfyUI-GeometryPack] INFO: Fill Holes dispatch: pymeshfix -> GeomPackFillHoles_PyMeshFix
  [ComfyUI] [worker:ComfyUI-GeometryPack] INFO: Fill Holes dispatch: pymeshfix -> GeomPackFillHoles_PyMeshFix
  [ComfyUI] [worker:ComfyUI-GeometryPack] INFO: Fill Holes dispatch: pymeshfix -> GeomPackFillHoles_PyMeshFix
  [ComfyUI] [worker:ComfyUI-GeometryPack] INFO: Fill Holes dispatch: pymeshfix -> GeomPackFillHoles_PyMeshFix
  [ComfyUI] [worker:ComfyUI-GeometryPack] INFO: Fill Holes dispatch: pymeshfix -> GeomPackFillHoles_PyMeshFix
  [ComfyUI] [worker:ComfyUI-GeometryPack] INFO: Fill Holes dispatch: pymeshfix -> GeomPackFillHoles_PyMeshFix
  [ComfyUI] [worker:ComfyUI-GeometryPack] INFO: Fill Holes dispatch: pymeshfix -> GeomPackFillHoles_PyMeshFix
  [ComfyUI] [worker:ComfyUI-GeometryPack] INFO: Fill Holes dispatch: pymeshfix -> GeomPackFillHoles_PyMeshFix
  [ComfyUI] [worker:ComfyUI-GeometryPack] INFO: Fill Holes dispatch: pymeshfix -> GeomPackFillHoles_PyMeshFix
  [ComfyUI] [worker:ComfyUI-GeometryPack] INFO: Fill Holes dispatch: pymeshfix -> GeomPackFillHoles_PyMeshFix
  [ComfyUI] [worker:ComfyUI-GeometryPack] INFO: Fill Holes dispatch: pymeshfix -> GeomPackFillHoles_PyMeshFix
  [ComfyUI] [SubprocessWorker] got response: ok
  [ComfyUI] [SubprocessWorker] got response: ok
  [ComfyUI] [SubprocessWorker] got response: ok
  [ComfyUI] [SubprocessWorker] got response: ok
  [ComfyUI] [SubprocessWorker] got response: ok
  [ComfyUI] [SubprocessWorker] got response: ok
  [ComfyUI] [SubprocessWorker] got response: ok
  [ComfyUI] [SubprocessWorker] got response: ok
  [ComfyUI] [SubprocessWorker] got response: ok
  [ComfyUI] [SubprocessWorker] got response: ok
  [ComfyUI] [SubprocessWorker] got response: ok
  [ComfyUI] [SubprocessWorker] got response: ok
  [ComfyUI] [SubprocessWorker] got response: ok
  [ComfyUI] [SubprocessWorker] got response: ok
  [ComfyUI] [SubprocessWorker] got response: ok
  [ComfyUI] [SubprocessWorker] got response: ok
  [ComfyUI] [SubprocessWorker] got response: ok
  [ComfyUI] [SubprocessWorker] got response: ok
  [ComfyUI] [SubprocessWorker] got response: ok
  [ComfyUI] [SubprocessWorker] got response: ok
  [ComfyUI] [SubprocessWorker] got response: ok
  [ComfyUI] [SubprocessWorker] got response: ok
  [ComfyUI] [SubprocessWorker] got response: ok
  [ComfyUI] [comfy-env] GeomPackFillHoles done (0.04s): result: NodeOutput
  [ComfyUI] [comfy-env] GeomPackFillHoles done (0.04s): result: NodeOutput
  [ComfyUI] [comfy-env] GeomPackFillHoles done (0.04s): result: NodeOutput
  [ComfyUI] [comfy-env] GeomPackFillHoles done (0.04s): result: NodeOutput
  [ComfyUI] [comfy-env] GeomPackFillHoles done (0.04s): result: NodeOutput
  [ComfyUI] [comfy-env] GeomPackFillHoles done (0.04s): result: NodeOutput
  [ComfyUI] [comfy-env] GeomPackFillHoles done (0.04s): result: NodeOutput
  [ComfyUI] [comfy-env] GeomPackFillHoles done (0.04s): result: NodeOutput
  [ComfyUI] [comfy-env] GeomPackFillHoles done (0.04s): result: NodeOutput
  [ComfyUI] [comfy-env] GeomPackFillHoles done (0.04s): result: NodeOutput
  [ComfyUI] [comfy-env] GeomPackFillHoles done (0.04s): result: NodeOutput
  [ComfyUI] [comfy-env] GeomPackFillHoles done (0.04s): result: NodeOutput
  [ComfyUI] [comfy-env] GeomPackFillHoles done (0.04s): result: NodeOutput
  [ComfyUI] [comfy-env] GeomPackFillHoles done (0.04s): result: NodeOutput
  [ComfyUI] [comfy-env] GeomPackFillHoles done (0.04s): result: NodeOutput
  [ComfyUI] [comfy-env] GeomPackFillHoles done (0.04s): result: NodeOutput
  [ComfyUI] [comfy-env] GeomPackFillHoles done (0.04s): result: NodeOutput
  [ComfyUI] [comfy-env] GeomPackFillHoles done (0.04s): result: NodeOutput
  [ComfyUI] [comfy-env] GeomPackFillHoles done (0.04s): result: NodeOutput
  [ComfyUI] [comfy-env] GeomPackFillHoles done (0.04s): result: NodeOutput
  [ComfyUI] [comfy-env] GeomPackFillHoles done (0.04s): result: NodeOutput
  [ComfyUI] [comfy-env] GeomPackFillHoles done (0.04s): result: NodeOutput
  [ComfyUI] [comfy-env] GeomPackFillHoles done (0.04s): result: NodeOutput
  [ComfyUI] [comfy-env] SubprocessWorker: C:\workspaces\GeometryPack-0758\portable-comfyui\ComfyUI_windows_portable\ComfyUI\.ce\.pixi\envs\geometrypack-gpu\python.exe
  [ComfyUI] [comfy-env] SubprocessWorker: C:\workspaces\GeometryPack-0758\portable-comfyui\ComfyUI_windows_portable\ComfyUI\.ce\.pixi\envs\geometrypack-gpu\python.exe
  [ComfyUI] [comfy-env] SubprocessWorker: C:\workspaces\GeometryPack-0758\portable-comfyui\ComfyUI_windows_portable\ComfyUI\.ce\.pixi\envs\geometrypack-gpu\python.exe
  [ComfyUI] [comfy-env] SubprocessWorker: C:\workspaces\GeometryPack-0758\portable-comfyui\ComfyUI_windows_portable\ComfyUI\.ce\.pixi\envs\geometrypack-gpu\python.exe
  [ComfyUI] [comfy-env] SubprocessWorker: C:\workspaces\GeometryPack-0758\portable-comfyui\ComfyUI_windows_portable\ComfyUI\.ce\.pixi\envs\geometrypack-gpu\python.exe
  [ComfyUI] [comfy-env] SubprocessWorker: C:\workspaces\GeometryPack-0758\portable-comfyui\ComfyUI_windows_portable\ComfyUI\.ce\.pixi\envs\geometrypack-gpu\python.exe
  [ComfyUI] [comfy-env] SubprocessWorker: C:\workspaces\GeometryPack-0758\portable-comfyui\ComfyUI_windows_portable\ComfyUI\.ce\.pixi\envs\geometrypack-gpu\python.exe
  [ComfyUI] [comfy-env] SubprocessWorker: C:\workspaces\GeometryPack-0758\portable-comfyui\ComfyUI_windows_portable\ComfyUI\.ce\.pixi\envs\geometrypack-gpu\python.exe
  [ComfyUI] [comfy-env] SubprocessWorker: C:\workspaces\GeometryPack-0758\portable-comfyui\ComfyUI_windows_portable\ComfyUI\.ce\.pixi\envs\geometrypack-gpu\python.exe
  [ComfyUI] [comfy-env] SubprocessWorker: C:\workspaces\GeometryPack-0758\portable-comfyui\ComfyUI_windows_portable\ComfyUI\.ce\.pixi\envs\geometrypack-gpu\python.exe
  [ComfyUI] [comfy-env] SubprocessWorker: C:\workspaces\GeometryPack-0758\portable-comfyui\ComfyUI_windows_portable\ComfyUI\.ce\.pixi\envs\geometrypack-gpu\python.exe
  [ComfyUI] [comfy-env] SubprocessWorker: C:\workspaces\GeometryPack-0758\portable-comfyui\ComfyUI_windows_portable\ComfyUI\.ce\.pixi\envs\geometrypack-gpu\python.exe
  [ComfyUI] [comfy-env] SubprocessWorker: C:\workspaces\GeometryPack-0758\portable-comfyui\ComfyUI_windows_portable\ComfyUI\.ce\.pixi\envs\geometrypack-gpu\python.exe
  [ComfyUI] [comfy-env] SubprocessWorker: C:\workspaces\GeometryPack-0758\portable-comfyui\ComfyUI_windows_portable\ComfyUI\.ce\.pixi\envs\geometrypack-gpu\python.exe
  [ComfyUI] [comfy-env] SubprocessWorker: C:\workspaces\GeometryPack-0758\portable-comfyui\ComfyUI_windows_portable\ComfyUI\.ce\.pixi\envs\geometrypack-gpu\python.exe
  [ComfyUI] [comfy-env] SubprocessWorker: C:\workspaces\GeometryPack-0758\portable-comfyui\ComfyUI_windows_portable\ComfyUI\.ce\.pixi\envs\geometrypack-gpu\python.exe
  [ComfyUI] [comfy-env] SubprocessWorker: C:\workspaces\GeometryPack-0758\portable-comfyui\ComfyUI_windows_portable\ComfyUI\.ce\.pixi\envs\geometrypack-gpu\python.exe
  [ComfyUI] [comfy-env] SubprocessWorker: C:\workspaces\GeometryPack-0758\portable-comfyui\ComfyUI_windows_portable\ComfyUI\.ce\.pixi\envs\geometrypack-gpu\python.exe
  [ComfyUI] [comfy-env] SubprocessWorker: C:\workspaces\GeometryPack-0758\portable-comfyui\ComfyUI_windows_portable\ComfyUI\.ce\.pixi\envs\geometrypack-gpu\python.exe
  [ComfyUI] [comfy-env] SubprocessWorker: C:\workspaces\GeometryPack-0758\portable-comfyui\ComfyUI_windows_portable\ComfyUI\.ce\.pixi\envs\geometrypack-gpu\python.exe
  [ComfyUI] [comfy-env] SubprocessWorker: C:\workspaces\GeometryPack-0758\portable-comfyui\ComfyUI_windows_portable\ComfyUI\.ce\.pixi\envs\geometrypack-gpu\python.exe
  [ComfyUI] [comfy-env] SubprocessWorker: C:\workspaces\GeometryPack-0758\portable-comfyui\ComfyUI_windows_portable\ComfyUI\.ce\.pixi\envs\geometrypack-gpu\python.exe
  [ComfyUI] [comfy-env] SubprocessWorker: C:\workspaces\GeometryPack-0758\portable-comfyui\ComfyUI_windows_portable\ComfyUI\.ce\.pixi\envs\geometrypack-gpu\python.exe
  [ComfyUI] [VRAM] After GeomPackFillHoles: 1271 / 24575 MB
  [ComfyUI] [VRAM] After GeomPackFillHoles: 1271 / 24575 MB
  [ComfyUI] [VRAM] After GeomPackFillHoles: 1271 / 24575 MB
  [ComfyUI] [VRAM] After GeomPackFillHoles: 1271 / 24575 MB
  [ComfyUI] [VRAM] After GeomPackFillHoles: 1271 / 24575 MB
  [ComfyUI] [VRAM] After GeomPackFillHoles: 1271 / 24575 MB
  [ComfyUI] [VRAM] After GeomPackFillHoles: 1271 / 24575 MB
  [ComfyUI] [VRAM] After GeomPackFillHoles: 1271 / 24575 MB
  [ComfyUI] [VRAM] After GeomPackFillHoles: 1271 / 24575 MB
  [ComfyUI] [VRAM] After GeomPackFillHoles: 1271 / 24575 MB
  [ComfyUI] [VRAM] After GeomPackFillHoles: 1271 / 24575 MB
  [ComfyUI] [VRAM] After GeomPackFillHoles: 1271 / 24575 MB
  [ComfyUI] [VRAM] After GeomPackFillHoles: 1271 / 24575 MB
  [ComfyUI] [VRAM] After GeomPackFillHoles: 1271 / 24575 MB
  [ComfyUI] [VRAM] After GeomPackFillHoles: 1271 / 24575 MB
  [ComfyUI] [VRAM] After GeomPackFillHoles: 1271 / 24575 MB
  [ComfyUI] [VRAM] After GeomPackFillHoles: 1271 / 24575 MB
  [ComfyUI] [VRAM] After GeomPackFillHoles: 1271 / 24575 MB
  [ComfyUI] [VRAM] After GeomPackFillHoles: 1271 / 24575 MB
  [ComfyUI] [VRAM] After GeomPackFillHoles: 1271 / 24575 MB
  [ComfyUI] [VRAM] After GeomPackFillHoles: 1271 / 24575 MB
  [ComfyUI] [VRAM] After GeomPackFillHoles: 1271 / 24575 MB
  [ComfyUI] [VRAM] After GeomPackFillHoles: 1271 / 24575 MB
  [ComfyUI] [comfy-env] env_vars: {'KMP_DUPLICATE_LIB_OK': 'TRUE', 'COMFYUI_BASE': 'C:\\workspaces\\GeometryPack-0758\\portable-comfyui\\ComfyUI_windows_portable\\ComfyUI'}
  [ComfyUI] [comfy-env] env_vars: {'KMP_DUPLICATE_LIB_OK': 'TRUE', 'COMFYUI_BASE': 'C:\\workspaces\\GeometryPack-0758\\portable-comfyui\\ComfyUI_windows_portable\\ComfyUI'}
  [ComfyUI] [comfy-env] env_vars: {'KMP_DUPLICATE_LIB_OK': 'TRUE', 'COMFYUI_BASE': 'C:\\workspaces\\GeometryPack-0758\\portable-comfyui\\ComfyUI_windows_portable\\ComfyUI'}
  [ComfyUI] [comfy-env] env_vars: {'KMP_DUPLICATE_LIB_OK': 'TRUE', 'COMFYUI_BASE': 'C:\\workspaces\\GeometryPack-0758\\portable-comfyui\\ComfyUI_windows_portable\\ComfyUI'}
  [ComfyUI] [comfy-env] env_vars: {'KMP_DUPLICATE_LIB_OK': 'TRUE', 'COMFYUI_BASE': 'C:\\workspaces\\GeometryPack-0758\\portable-comfyui\\ComfyUI_windows_portable\\ComfyUI'}
  [ComfyUI] [comfy-env] env_vars: {'KMP_DUPLICATE_LIB_OK': 'TRUE', 'COMFYUI_BASE': 'C:\\workspaces\\GeometryPack-0758\\portable-comfyui\\ComfyUI_windows_portable\\ComfyUI'}
  [ComfyUI] [comfy-env] env_vars: {'KMP_DUPLICATE_LIB_OK': 'TRUE', 'COMFYUI_BASE': 'C:\\workspaces\\GeometryPack-0758\\portable-comfyui\\ComfyUI_windows_portable\\ComfyUI'}
  [ComfyUI] [comfy-env] env_vars: {'KMP_DUPLICATE_LIB_OK': 'TRUE', 'COMFYUI_BASE': 'C:\\workspaces\\GeometryPack-0758\\portable-comfyui\\ComfyUI_windows_portable\\ComfyUI'}
  [ComfyUI] [comfy-env] env_vars: {'KMP_DUPLICATE_LIB_OK': 'TRUE', 'COMFYUI_BASE': 'C:\\workspaces\\GeometryPack-0758\\portable-comfyui\\ComfyUI_windows_portable\\ComfyUI'}
  [ComfyUI] [comfy-env] env_vars: {'KMP_DUPLICATE_LIB_OK': 'TRUE', 'COMFYUI_BASE': 'C:\\workspaces\\GeometryPack-0758\\portable-comfyui\\ComfyUI_windows_portable\\ComfyUI'}
  [ComfyUI] [comfy-env] env_vars: {'KMP_DUPLICATE_LIB_OK': 'TRUE', 'COMFYUI_BASE': 'C:\\workspaces\\GeometryPack-0758\\portable-comfyui\\ComfyUI_windows_portable\\ComfyUI'}
  [ComfyUI] [comfy-env] env_vars: {'KMP_DUPLICATE_LIB_OK': 'TRUE', 'COMFYUI_BASE': 'C:\\workspaces\\GeometryPack-0758\\portable-comfyui\\ComfyUI_windows_portable\\ComfyUI'}
  [ComfyUI] [comfy-env] env_vars: {'KMP_DUPLICATE_LIB_OK': 'TRUE', 'COMFYUI_BASE': 'C:\\workspaces\\GeometryPack-0758\\portable-comfyui\\ComfyUI_windows_portable\\ComfyUI'}
  [ComfyUI] [comfy-env] env_vars: {'KMP_DUPLICATE_LIB_OK': 'TRUE', 'COMFYUI_BASE': 'C:\\workspaces\\GeometryPack-0758\\portable-comfyui\\ComfyUI_windows_portable\\ComfyUI'}
  [ComfyUI] [comfy-env] env_vars: {'KMP_DUPLICATE_LIB_OK': 'TRUE', 'COMFYUI_BASE': 'C:\\workspaces\\GeometryPack-0758\\portable-comfyui\\ComfyUI_windows_portable\\ComfyUI'}
  [ComfyUI] [comfy-env] env_vars: {'KMP_DUPLICATE_LIB_OK': 'TRUE', 'COMFYUI_BASE': 'C:\\workspaces\\GeometryPack-0758\\portable-comfyui\\ComfyUI_windows_portable\\ComfyUI'}
  [ComfyUI] [comfy-env] env_vars: {'KMP_DUPLICATE_LIB_OK': 'TRUE', 'COMFYUI_BASE': 'C:\\workspaces\\GeometryPack-0758\\portable-comfyui\\ComfyUI_windows_portable\\ComfyUI'}
  [ComfyUI] [comfy-env] env_vars: {'KMP_DUPLICATE_LIB_OK': 'TRUE', 'COMFYUI_BASE': 'C:\\workspaces\\GeometryPack-0758\\portable-comfyui\\ComfyUI_windows_portable\\ComfyUI'}
  [ComfyUI] [comfy-env] env_vars: {'KMP_DUPLICATE_LIB_OK': 'TRUE', 'COMFYUI_BASE': 'C:\\workspaces\\GeometryPack-0758\\portable-comfyui\\ComfyUI_windows_portable\\ComfyUI'}
  [ComfyUI] [comfy-env] env_vars: {'KMP_DUPLICATE_LIB_OK': 'TRUE', 'COMFYUI_BASE': 'C:\\workspaces\\GeometryPack-0758\\portable-comfyui\\ComfyUI_windows_portable\\ComfyUI'}
  [ComfyUI] [comfy-env] env_vars: {'KMP_DUPLICATE_LIB_OK': 'TRUE', 'COMFYUI_BASE': 'C:\\workspaces\\GeometryPack-0758\\portable-comfyui\\ComfyUI_windows_portable\\ComfyUI'}
  [ComfyUI] [comfy-env] env_vars: {'KMP_DUPLICATE_LIB_OK': 'TRUE', 'COMFYUI_BASE': 'C:\\workspaces\\GeometryPack-0758\\portable-comfyui\\ComfyUI_windows_portable\\ComfyUI'}
  [ComfyUI] [comfy-env] env_vars: {'KMP_DUPLICATE_LIB_OK': 'TRUE', 'COMFYUI_BASE': 'C:\\workspaces\\GeometryPack-0758\\portable-comfyui\\ComfyUI_windows_portable\\ComfyUI'}
  [ComfyUI] [comfy-env] Running GeomPackFillHoles_GPU: mesh: Trimesh, perimeter: 20.0
  [ComfyUI] [comfy-env] Running GeomPackFillHoles_GPU: mesh: Trimesh, perimeter: 20.0
  [ComfyUI] [comfy-env] Running GeomPackFillHoles_GPU: mesh: Trimesh, perimeter: 20.0
  [ComfyUI] [comfy-env] Running GeomPackFillHoles_GPU: mesh: Trimesh, perimeter: 20.0
  [ComfyUI] [comfy-env] Running GeomPackFillHoles_GPU: mesh: Trimesh, perimeter: 20.0
  [ComfyUI] [comfy-env] Running GeomPackFillHoles_GPU: mesh: Trimesh, perimeter: 20.0
  [ComfyUI] [comfy-env] Running GeomPackFillHoles_GPU: mesh: Trimesh, perimeter: 20.0
  [ComfyUI] [comfy-env] Running GeomPackFillHoles_GPU: mesh: Trimesh, perimeter: 20.0
  [ComfyUI] [comfy-env] Running GeomPackFillHoles_GPU: mesh: Trimesh, perimeter: 20.0
  [ComfyUI] [comfy-env] Running GeomPackFillHoles_GPU: mesh: Trimesh, perimeter: 20.0
  [ComfyUI] [comfy-env] Running GeomPackFillHoles_GPU: mesh: Trimesh, perimeter: 20.0
  [ComfyUI] [comfy-env] Running GeomPackFillHoles_GPU: mesh: Trimesh, perimeter: 20.0
  [ComfyUI] [comfy-env] Running GeomPackFillHoles_GPU: mesh: Trimesh, perimeter: 20.0
  [ComfyUI] [comfy-env] Running GeomPackFillHoles_GPU: mesh: Trimesh, perimeter: 20.0
  [ComfyUI] [comfy-env] Running GeomPackFillHoles_GPU: mesh: Trimesh, perimeter: 20.0
  [ComfyUI] [comfy-env] Running GeomPackFillHoles_GPU: mesh: Trimesh, perimeter: 20.0
  [ComfyUI] [comfy-env] Running GeomPackFillHoles_GPU: mesh: Trimesh, perimeter: 20.0
  [ComfyUI] [comfy-env] Running GeomPackFillHoles_GPU: mesh: Trimesh, perimeter: 20.0
  [ComfyUI] [comfy-env] Running GeomPackFillHoles_GPU: mesh: Trimesh, perimeter: 20.0
  [ComfyUI] [comfy-env] Running GeomPackFillHoles_GPU: mesh: Trimesh, perimeter: 20.0
  [ComfyUI] [comfy-env] Running GeomPackFillHoles_GPU: mesh: Trimesh, perimeter: 20.0
  [ComfyUI] [comfy-env] Running GeomPackFillHoles_GPU: mesh: Trimesh, perimeter: 20.0
  [ComfyUI] [comfy-env] Running GeomPackFillHoles_GPU: mesh: Trimesh, perimeter: 20.0
  [ComfyUI] [VRAM] Before GeomPackFillHoles_GPU: 1271 / 24575 MB
  [ComfyUI] [VRAM] Before GeomPackFillHoles_GPU: 1271 / 24575 MB
  [ComfyUI] [VRAM] Before GeomPackFillHoles_GPU: 1271 / 24575 MB
  [ComfyUI] [VRAM] Before GeomPackFillHoles_GPU: 1271 / 24575 MB
  [ComfyUI] [VRAM] Before GeomPackFillHoles_GPU: 1271 / 24575 MB
  [ComfyUI] [VRAM] Before GeomPackFillHoles_GPU: 1271 / 24575 MB
  [ComfyUI] [VRAM] Before GeomPackFillHoles_GPU: 1271 / 24575 MB
  [ComfyUI] [VRAM] Before GeomPackFillHoles_GPU: 1271 / 24575 MB
  [ComfyUI] [VRAM] Before GeomPackFillHoles_GPU: 1271 / 24575 MB
  [ComfyUI] [VRAM] Before GeomPackFillHoles_GPU: 1271 / 24575 MB
  [ComfyUI] [VRAM] Before GeomPackFillHoles_GPU: 1271 / 24575 MB
  [ComfyUI] [VRAM] Before GeomPackFillHoles_GPU: 1271 / 24575 MB
  [ComfyUI] [VRAM] Before GeomPackFillHoles_GPU: 1271 / 24575 MB
  [ComfyUI] [VRAM] Before GeomPackFillHoles_GPU: 1271 / 24575 MB
  [ComfyUI] [VRAM] Before GeomPackFillHoles_GPU: 1271 / 24575 MB
  [ComfyUI] [VRAM] Before GeomPackFillHoles_GPU: 1271 / 24575 MB
  [ComfyUI] [VRAM] Before GeomPackFillHoles_GPU: 1271 / 24575 MB
  [ComfyUI] [VRAM] Before GeomPackFillHoles_GPU: 1271 / 24575 MB
  [ComfyUI] [VRAM] Before GeomPackFillHoles_GPU: 1271 / 24575 MB
  [ComfyUI] [VRAM] Before GeomPackFillHoles_GPU: 1271 / 24575 MB
  [ComfyUI] [VRAM] Before GeomPackFillHoles_GPU: 1271 / 24575 MB
  [ComfyUI] [VRAM] Before GeomPackFillHoles_GPU: 1271 / 24575 MB
  [ComfyUI] [VRAM] Before GeomPackFillHoles_GPU: 1271 / 24575 MB
  [ComfyUI] [SubprocessWorker] call_method: nodes.gpu.fill_holes_gpu.fill_holes.FillHolesGPUNode.EXECUTE_NORMALIZED
  [ComfyUI] [SubprocessWorker] call_method: nodes.gpu.fill_holes_gpu.fill_holes.FillHolesGPUNode.EXECUTE_NORMALIZED
  [ComfyUI] [SubprocessWorker] call_method: nodes.gpu.fill_holes_gpu.fill_holes.FillHolesGPUNode.EXECUTE_NORMALIZED
  [ComfyUI] [SubprocessWorker] call_method: nodes.gpu.fill_holes_gpu.fill_holes.FillHolesGPUNode.EXECUTE_NORMALIZED
  [ComfyUI] [SubprocessWorker] call_method: nodes.gpu.fill_holes_gpu.fill_holes.FillHolesGPUNode.EXECUTE_NORMALIZED
  [ComfyUI] [SubprocessWorker] call_method: nodes.gpu.fill_holes_gpu.fill_holes.FillHolesGPUNode.EXECUTE_NORMALIZED
  [ComfyUI] [SubprocessWorker] call_method: nodes.gpu.fill_holes_gpu.fill_holes.FillHolesGPUNode.EXECUTE_NORMALIZED
  [ComfyUI] [SubprocessWorker] call_method: nodes.gpu.fill_holes_gpu.fill_holes.FillHolesGPUNode.EXECUTE_NORMALIZED
  [ComfyUI] [SubprocessWorker] call_method: nodes.gpu.fill_holes_gpu.fill_holes.FillHolesGPUNode.EXECUTE_NORMALIZED
  [ComfyUI] [SubprocessWorker] call_method: nodes.gpu.fill_holes_gpu.fill_holes.FillHolesGPUNode.EXECUTE_NORMALIZED
  [ComfyUI] [SubprocessWorker] call_method: nodes.gpu.fill_holes_gpu.fill_holes.FillHolesGPUNode.EXECUTE_NORMALIZED
  [ComfyUI] [SubprocessWorker] call_method: nodes.gpu.fill_holes_gpu.fill_holes.FillHolesGPUNode.EXECUTE_NORMALIZED
  [ComfyUI] [SubprocessWorker] call_method: nodes.gpu.fill_holes_gpu.fill_holes.FillHolesGPUNode.EXECUTE_NORMALIZED
  [ComfyUI] [SubprocessWorker] call_method: nodes.gpu.fill_holes_gpu.fill_holes.FillHolesGPUNode.EXECUTE_NORMALIZED
  [ComfyUI] [SubprocessWorker] call_method: nodes.gpu.fill_holes_gpu.fill_holes.FillHolesGPUNode.EXECUTE_NORMALIZED
  [ComfyUI] [SubprocessWorker] call_method: nodes.gpu.fill_holes_gpu.fill_holes.FillHolesGPUNode.EXECUTE_NORMALIZED
  [ComfyUI] [SubprocessWorker] call_method: nodes.gpu.fill_holes_gpu.fill_holes.FillHolesGPUNode.EXECUTE_NORMALIZED
  [ComfyUI] [SubprocessWorker] call_method: nodes.gpu.fill_holes_gpu.fill_holes.FillHolesGPUNode.EXECUTE_NORMALIZED
  [ComfyUI] [SubprocessWorker] call_method: nodes.gpu.fill_holes_gpu.fill_holes.FillHolesGPUNode.EXECUTE_NORMALIZED
  [ComfyUI] [SubprocessWorker] call_method: nodes.gpu.fill_holes_gpu.fill_holes.FillHolesGPUNode.EXECUTE_NORMALIZED
  [ComfyUI] [SubprocessWorker] call_method: nodes.gpu.fill_holes_gpu.fill_holes.FillHolesGPUNode.EXECUTE_NORMALIZED
  [ComfyUI] [SubprocessWorker] call_method: nodes.gpu.fill_holes_gpu.fill_holes.FillHolesGPUNode.EXECUTE_NORMALIZED
  [ComfyUI] [SubprocessWorker] call_method: nodes.gpu.fill_holes_gpu.fill_holes.FillHolesGPUNode.EXECUTE_NORMALIZED
  [ComfyUI] [ComfyUI-GeometryPack] python: C:\workspaces\GeometryPack-0758\portable-comfyui\ComfyUI_windows_portable\ComfyUI\.ce\.pixi\envs\geometrypack-gpu\python.exe
  [ComfyUI] [ComfyUI-GeometryPack] python: C:\workspaces\GeometryPack-0758\portable-comfyui\ComfyUI_windows_portable\ComfyUI\.ce\.pixi\envs\geometrypack-gpu\python.exe
  [ComfyUI] [ComfyUI-GeometryPack] python: C:\workspaces\GeometryPack-0758\portable-comfyui\ComfyUI_windows_portable\ComfyUI\.ce\.pixi\envs\geometrypack-gpu\python.exe
  [ComfyUI] [ComfyUI-GeometryPack] python: C:\workspaces\GeometryPack-0758\portable-comfyui\ComfyUI_windows_portable\ComfyUI\.ce\.pixi\envs\geometrypack-gpu\python.exe
  [ComfyUI] [ComfyUI-GeometryPack] python: C:\workspaces\GeometryPack-0758\portable-comfyui\ComfyUI_windows_portable\ComfyUI\.ce\.pixi\envs\geometrypack-gpu\python.exe
  [ComfyUI] [ComfyUI-GeometryPack] python: C:\workspaces\GeometryPack-0758\portable-comfyui\ComfyUI_windows_portable\ComfyUI\.ce\.pixi\envs\geometrypack-gpu\python.exe
  [ComfyUI] [ComfyUI-GeometryPack] python: C:\workspaces\GeometryPack-0758\portable-comfyui\ComfyUI_windows_portable\ComfyUI\.ce\.pixi\envs\geometrypack-gpu\python.exe
  [ComfyUI] [ComfyUI-GeometryPack] python: C:\workspaces\GeometryPack-0758\portable-comfyui\ComfyUI_windows_portable\ComfyUI\.ce\.pixi\envs\geometrypack-gpu\python.exe
  [ComfyUI] [ComfyUI-GeometryPack] python: C:\workspaces\GeometryPack-0758\portable-comfyui\ComfyUI_windows_portable\ComfyUI\.ce\.pixi\envs\geometrypack-gpu\python.exe
  [ComfyUI] [ComfyUI-GeometryPack] python: C:\workspaces\GeometryPack-0758\portable-comfyui\ComfyUI_windows_portable\ComfyUI\.ce\.pixi\envs\geometrypack-gpu\python.exe
  [ComfyUI] [ComfyUI-GeometryPack] python: C:\workspaces\GeometryPack-0758\portable-comfyui\ComfyUI_windows_portable\ComfyUI\.ce\.pixi\envs\geometrypack-gpu\python.exe
  [ComfyUI] [ComfyUI-GeometryPack] python: C:\workspaces\GeometryPack-0758\portable-comfyui\ComfyUI_windows_portable\ComfyUI\.ce\.pixi\envs\geometrypack-gpu\python.exe
  [ComfyUI] [ComfyUI-GeometryPack] python: C:\workspaces\GeometryPack-0758\portable-comfyui\ComfyUI_windows_portable\ComfyUI\.ce\.pixi\envs\geometrypack-gpu\python.exe
  [ComfyUI] [ComfyUI-GeometryPack] python: C:\workspaces\GeometryPack-0758\portable-comfyui\ComfyUI_windows_portable\ComfyUI\.ce\.pixi\envs\geometrypack-gpu\python.exe
  [ComfyUI] [ComfyUI-GeometryPack] python: C:\workspaces\GeometryPack-0758\portable-comfyui\ComfyUI_windows_portable\ComfyUI\.ce\.pixi\envs\geometrypack-gpu\python.exe
  [ComfyUI] [ComfyUI-GeometryPack] python: C:\workspaces\GeometryPack-0758\portable-comfyui\ComfyUI_windows_portable\ComfyUI\.ce\.pixi\envs\geometrypack-gpu\python.exe
  [ComfyUI] [ComfyUI-GeometryPack] python: C:\workspaces\GeometryPack-0758\portable-comfyui\ComfyUI_windows_portable\ComfyUI\.ce\.pixi\envs\geometrypack-gpu\python.exe
  [ComfyUI] [ComfyUI-GeometryPack] python: C:\workspaces\GeometryPack-0758\portable-comfyui\ComfyUI_windows_portable\ComfyUI\.ce\.pixi\envs\geometrypack-gpu\python.exe
  [ComfyUI] [ComfyUI-GeometryPack] python: C:\workspaces\GeometryPack-0758\portable-comfyui\ComfyUI_windows_portable\ComfyUI\.ce\.pixi\envs\geometrypack-gpu\python.exe
  [ComfyUI] [ComfyUI-GeometryPack] python: C:\workspaces\GeometryPack-0758\portable-comfyui\ComfyUI_windows_portable\ComfyUI\.ce\.pixi\envs\geometrypack-gpu\python.exe
  [ComfyUI] [ComfyUI-GeometryPack] python: C:\workspaces\GeometryPack-0758\portable-comfyui\ComfyUI_windows_portable\ComfyUI\.ce\.pixi\envs\geometrypack-gpu\python.exe
  [ComfyUI] [ComfyUI-GeometryPack] python: C:\workspaces\GeometryPack-0758\portable-comfyui\ComfyUI_windows_portable\ComfyUI\.ce\.pixi\envs\geometrypack-gpu\python.exe
  [ComfyUI] [ComfyUI-GeometryPack] python: C:\workspaces\GeometryPack-0758\portable-comfyui\ComfyUI_windows_portable\ComfyUI\.ce\.pixi\envs\geometrypack-gpu\python.exe
  [ComfyUI] [SubprocessWorker] acquired lock, ensuring started...
  [ComfyUI] [SubprocessWorker] acquired lock, ensuring started...
  [ComfyUI] [SubprocessWorker] acquired lock, ensuring started...
  [ComfyUI] [SubprocessWorker] acquired lock, ensuring started...
  [ComfyUI] [SubprocessWorker] acquired lock, ensuring started...
  [ComfyUI] [SubprocessWorker] acquired lock, ensuring started...
  [ComfyUI] [SubprocessWorker] acquired lock, ensuring started...
  [ComfyUI] [SubprocessWorker] acquired lock, ensuring started...
  [ComfyUI] [SubprocessWorker] acquired lock, ensuring started...
  [ComfyUI] [SubprocessWorker] acquired lock, ensuring started...
  [ComfyUI] [SubprocessWorker] acquired lock, ensuring started...
  [ComfyUI] [SubprocessWorker] acquired lock, ensuring started...
  [ComfyUI] [SubprocessWorker] acquired lock, ensuring started...
  [ComfyUI] [SubprocessWorker] acquired lock, ensuring started...
  [ComfyUI] [SubprocessWorker] acquired lock, ensuring started...
  [ComfyUI] [SubprocessWorker] acquired lock, ensuring started...
  [ComfyUI] [SubprocessWorker] acquired lock, ensuring started...
  [ComfyUI] [SubprocessWorker] acquired lock, ensuring started...
  [ComfyUI] [SubprocessWorker] acquired lock, ensuring started...
  [ComfyUI] [SubprocessWorker] acquired lock, ensuring started...
  [ComfyUI] [SubprocessWorker] acquired lock, ensuring started...
  [ComfyUI] [SubprocessWorker] acquired lock, ensuring started...
  [ComfyUI] [SubprocessWorker] acquired lock, ensuring started...
  [ComfyUI] [ComfyUI-GeometryPack] sys_path sent to worker: ['C:\\workspaces\\GeometryPack-0758\\portable-comfyui\\ComfyUI_windows_portable\\ComfyUI', 'C:\\workspaces\\GeometryPack-0758\\portable-comfyui\\ComfyUI_windows_portable\\ComfyUI\\custom_nodes\\ComfyUI-GeometryPack', 'C:\\workspaces\\GeometryPack-0758\\portable-comfyui\\ComfyUI_windows_portable\\ComfyUI\\.ce\\.pixi\\envs\\geometrypack-gpu\\Lib\\site-packages', 'C:\\workspaces\\GeometryPack-0758\\portable-comfyui\\ComfyUI_windows_portable\\ComfyUI\\custom_nodes\\ComfyUI-GeometryPack']
  [ComfyUI] [ComfyUI-GeometryPack] sys_path sent to worker: ['C:\\workspaces\\GeometryPack-0758\\portable-comfyui\\ComfyUI_windows_portable\\ComfyUI', 'C:\\workspaces\\GeometryPack-0758\\portable-comfyui\\ComfyUI_windows_portable\\ComfyUI\\custom_nodes\\ComfyUI-GeometryPack', 'C:\\workspaces\\GeometryPack-0758\\portable-comfyui\\ComfyUI_windows_portable\\ComfyUI\\.ce\\.pixi\\envs\\geometrypack-gpu\\Lib\\site-packages', 'C:\\workspaces\\GeometryPack-0758\\portable-comfyui\\ComfyUI_windows_portable\\ComfyUI\\custom_nodes\\ComfyUI-GeometryPack']
  [ComfyUI] [ComfyUI-GeometryPack] sys_path sent to worker: ['C:\\workspaces\\GeometryPack-0758\\portable-comfyui\\ComfyUI_windows_portable\\ComfyUI', 'C:\\workspaces\\GeometryPack-0758\\portable-comfyui\\ComfyUI_windows_portable\\ComfyUI\\custom_nodes\\ComfyUI-GeometryPack', 'C:\\workspaces\\GeometryPack-0758\\portable-comfyui\\ComfyUI_windows_portable\\ComfyUI\\.ce\\.pixi\\envs\\geometrypack-gpu\\Lib\\site-packages', 'C:\\workspaces\\GeometryPack-0758\\portable-comfyui\\ComfyUI_windows_portable\\ComfyUI\\custom_nodes\\ComfyUI-GeometryPack']
  [ComfyUI] [ComfyUI-GeometryPack] sys_path sent to worker: ['C:\\workspaces\\GeometryPack-0758\\portable-comfyui\\ComfyUI_windows_portable\\ComfyUI', 'C:\\workspaces\\GeometryPack-0758\\portable-comfyui\\ComfyUI_windows_portable\\ComfyUI\\custom_nodes\\ComfyUI-GeometryPack', 'C:\\workspaces\\GeometryPack-0758\\portable-comfyui\\ComfyUI_windows_portable\\ComfyUI\\.ce\\.pixi\\envs\\geometrypack-gpu\\Lib\\site-packages', 'C:\\workspaces\\GeometryPack-0758\\portable-comfyui\\ComfyUI_windows_portable\\ComfyUI\\custom_nodes\\ComfyUI-GeometryPack']
  [ComfyUI] [ComfyUI-GeometryPack] sys_path sent to worker: ['C:\\workspaces\\GeometryPack-0758\\portable-comfyui\\ComfyUI_windows_portable\\ComfyUI', 'C:\\workspaces\\GeometryPack-0758\\portable-comfyui\\ComfyUI_windows_portable\\ComfyUI\\custom_nodes\\ComfyUI-GeometryPack', 'C:\\workspaces\\GeometryPack-0758\\portable-comfyui\\ComfyUI_windows_portable\\ComfyUI\\.ce\\.pixi\\envs\\geometrypack-gpu\\Lib\\site-packages', 'C:\\workspaces\\GeometryPack-0758\\portable-comfyui\\ComfyUI_windows_portable\\ComfyUI\\custom_nodes\\ComfyUI-GeometryPack']
  [ComfyUI] [ComfyUI-GeometryPack] sys_path sent to worker: ['C:\\workspaces\\GeometryPack-0758\\portable-comfyui\\ComfyUI_windows_portable\\ComfyUI', 'C:\\workspaces\\GeometryPack-0758\\portable-comfyui\\ComfyUI_windows_portable\\ComfyUI\\custom_nodes\\ComfyUI-GeometryPack', 'C:\\workspaces\\GeometryPack-0758\\portable-comfyui\\ComfyUI_windows_portable\\ComfyUI\\.ce\\.pixi\\envs\\geometrypack-gpu\\Lib\\site-packages', 'C:\\workspaces\\GeometryPack-0758\\portable-comfyui\\ComfyUI_windows_portable\\ComfyUI\\custom_nodes\\ComfyUI-GeometryPack']
  [ComfyUI] [ComfyUI-GeometryPack] sys_path sent to worker: ['C:\\workspaces\\GeometryPack-0758\\portable-comfyui\\ComfyUI_windows_portable\\ComfyUI', 'C:\\workspaces\\GeometryPack-0758\\portable-comfyui\\ComfyUI_windows_portable\\ComfyUI\\custom_nodes\\ComfyUI-GeometryPack', 'C:\\workspaces\\GeometryPack-0758\\portable-comfyui\\ComfyUI_windows_portable\\ComfyUI\\.ce\\.pixi\\envs\\geometrypack-gpu\\Lib\\site-packages', 'C:\\workspaces\\GeometryPack-0758\\portable-comfyui\\ComfyUI_windows_portable\\ComfyUI\\custom_nodes\\ComfyUI-GeometryPack']
  [ComfyUI] [ComfyUI-GeometryPack] sys_path sent to worker: ['C:\\workspaces\\GeometryPack-0758\\portable-comfyui\\ComfyUI_windows_portable\\ComfyUI', 'C:\\workspaces\\GeometryPack-0758\\portable-comfyui\\ComfyUI_windows_portable\\ComfyUI\\custom_nodes\\ComfyUI-GeometryPack', 'C:\\workspaces\\GeometryPack-0758\\portable-comfyui\\ComfyUI_windows_portable\\ComfyUI\\.ce\\.pixi\\envs\\geometrypack-gpu\\Lib\\site-packages', 'C:\\workspaces\\GeometryPack-0758\\portable-comfyui\\ComfyUI_windows_portable\\ComfyUI\\custom_nodes\\ComfyUI-GeometryPack']
  [ComfyUI] [ComfyUI-GeometryPack] sys_path sent to worker: ['C:\\workspaces\\GeometryPack-0758\\portable-comfyui\\ComfyUI_windows_portable\\ComfyUI', 'C:\\workspaces\\GeometryPack-0758\\portable-comfyui\\ComfyUI_windows_portable\\ComfyUI\\custom_nodes\\ComfyUI-GeometryPack', 'C:\\workspaces\\GeometryPack-0758\\portable-comfyui\\ComfyUI_windows_portable\\ComfyUI\\.ce\\.pixi\\envs\\geometrypack-gpu\\Lib\\site-packages', 'C:\\workspaces\\GeometryPack-0758\\portable-comfyui\\ComfyUI_windows_portable\\ComfyUI\\custom_nodes\\ComfyUI-GeometryPack']
  [ComfyUI] [ComfyUI-GeometryPack] sys_path sent to worker: ['C:\\workspaces\\GeometryPack-0758\\portable-comfyui\\ComfyUI_windows_portable\\ComfyUI', 'C:\\workspaces\\GeometryPack-0758\\portable-comfyui\\ComfyUI_windows_portable\\ComfyUI\\custom_nodes\\ComfyUI-GeometryPack', 'C:\\workspaces\\GeometryPack-0758\\portable-comfyui\\ComfyUI_windows_portable\\ComfyUI\\.ce\\.pixi\\envs\\geometrypack-gpu\\Lib\\site-packages', 'C:\\workspaces\\GeometryPack-0758\\portable-comfyui\\ComfyUI_windows_portable\\ComfyUI\\custom_nodes\\ComfyUI-GeometryPack']
  [ComfyUI] [ComfyUI-GeometryPack] sys_path sent to worker: ['C:\\workspaces\\GeometryPack-0758\\portable-comfyui\\ComfyUI_windows_portable\\ComfyUI', 'C:\\workspaces\\GeometryPack-0758\\portable-comfyui\\ComfyUI_windows_portable\\ComfyUI\\custom_nodes\\ComfyUI-GeometryPack', 'C:\\workspaces\\GeometryPack-0758\\portable-comfyui\\ComfyUI_windows_portable\\ComfyUI\\.ce\\.pixi\\envs\\geometrypack-gpu\\Lib\\site-packages', 'C:\\workspaces\\GeometryPack-0758\\portable-comfyui\\ComfyUI_windows_portable\\ComfyUI\\custom_nodes\\ComfyUI-GeometryPack']
  [ComfyUI] [ComfyUI-GeometryPack] sys_path sent to worker: ['C:\\workspaces\\GeometryPack-0758\\portable-comfyui\\ComfyUI_windows_portable\\ComfyUI', 'C:\\workspaces\\GeometryPack-0758\\portable-comfyui\\ComfyUI_windows_portable\\ComfyUI\\custom_nodes\\ComfyUI-GeometryPack', 'C:\\workspaces\\GeometryPack-0758\\portable-comfyui\\ComfyUI_windows_portable\\ComfyUI\\.ce\\.pixi\\envs\\geometrypack-gpu\\Lib\\site-packages', 'C:\\workspaces\\GeometryPack-0758\\portable-comfyui\\ComfyUI_windows_portable\\ComfyUI\\custom_nodes\\ComfyUI-GeometryPack']
  [ComfyUI] [ComfyUI-GeometryPack] sys_path sent to worker: ['C:\\workspaces\\GeometryPack-0758\\portable-comfyui\\ComfyUI_windows_portable\\ComfyUI', 'C:\\workspaces\\GeometryPack-0758\\portable-comfyui\\ComfyUI_windows_portable\\ComfyUI\\custom_nodes\\ComfyUI-GeometryPack', 'C:\\workspaces\\GeometryPack-0758\\portable-comfyui\\ComfyUI_windows_portable\\ComfyUI\\.ce\\.pixi\\envs\\geometrypack-gpu\\Lib\\site-packages', 'C:\\workspaces\\GeometryPack-0758\\portable-comfyui\\ComfyUI_windows_portable\\ComfyUI\\custom_nodes\\ComfyUI-GeometryPack']
  [ComfyUI] [ComfyUI-GeometryPack] sys_path sent to worker: ['C:\\workspaces\\GeometryPack-0758\\portable-comfyui\\ComfyUI_windows_portable\\ComfyUI', 'C:\\workspaces\\GeometryPack-0758\\portable-comfyui\\ComfyUI_windows_portable\\ComfyUI\\custom_nodes\\ComfyUI-GeometryPack', 'C:\\workspaces\\GeometryPack-0758\\portable-comfyui\\ComfyUI_windows_portable\\ComfyUI\\.ce\\.pixi\\envs\\geometrypack-gpu\\Lib\\site-packages', 'C:\\workspaces\\GeometryPack-0758\\portable-comfyui\\ComfyUI_windows_portable\\ComfyUI\\custom_nodes\\ComfyUI-GeometryPack']
  [ComfyUI] [ComfyUI-GeometryPack] sys_path sent to worker: ['C:\\workspaces\\GeometryPack-0758\\portable-comfyui\\ComfyUI_windows_portable\\ComfyUI', 'C:\\workspaces\\GeometryPack-0758\\portable-comfyui\\ComfyUI_windows_portable\\ComfyUI\\custom_nodes\\ComfyUI-GeometryPack', 'C:\\workspaces\\GeometryPack-0758\\portable-comfyui\\ComfyUI_windows_portable\\ComfyUI\\.ce\\.pixi\\envs\\geometrypack-gpu\\Lib\\site-packages', 'C:\\workspaces\\GeometryPack-0758\\portable-comfyui\\ComfyUI_windows_portable\\ComfyUI\\custom_nodes\\ComfyUI-GeometryPack']
  [ComfyUI] [ComfyUI-GeometryPack] sys_path sent to worker: ['C:\\workspaces\\GeometryPack-0758\\portable-comfyui\\ComfyUI_windows_portable\\ComfyUI', 'C:\\workspaces\\GeometryPack-0758\\portable-comfyui\\ComfyUI_windows_portable\\ComfyUI\\custom_nodes\\ComfyUI-GeometryPack', 'C:\\workspaces\\GeometryPack-0758\\portable-comfyui\\ComfyUI_windows_portable\\ComfyUI\\.ce\\.pixi\\envs\\geometrypack-gpu\\Lib\\site-packages', 'C:\\workspaces\\GeometryPack-0758\\portable-comfyui\\ComfyUI_windows_portable\\ComfyUI\\custom_nodes\\ComfyUI-GeometryPack']
  [ComfyUI] [ComfyUI-GeometryPack] sys_path sent to worker: ['C:\\workspaces\\GeometryPack-0758\\portable-comfyui\\ComfyUI_windows_portable\\ComfyUI', 'C:\\workspaces\\GeometryPack-0758\\portable-comfyui\\ComfyUI_windows_portable\\ComfyUI\\custom_nodes\\ComfyUI-GeometryPack', 'C:\\workspaces\\GeometryPack-0758\\portable-comfyui\\ComfyUI_windows_portable\\ComfyUI\\.ce\\.pixi\\envs\\geometrypack-gpu\\Lib\\site-packages', 'C:\\workspaces\\GeometryPack-0758\\portable-comfyui\\ComfyUI_windows_portable\\ComfyUI\\custom_nodes\\ComfyUI-GeometryPack']
  [ComfyUI] [ComfyUI-GeometryPack] sys_path sent to worker: ['C:\\workspaces\\GeometryPack-0758\\portable-comfyui\\ComfyUI_windows_portable\\ComfyUI', 'C:\\workspaces\\GeometryPack-0758\\portable-comfyui\\ComfyUI_windows_portable\\ComfyUI\\custom_nodes\\ComfyUI-GeometryPack', 'C:\\workspaces\\GeometryPack-0758\\portable-comfyui\\ComfyUI_windows_portable\\ComfyUI\\.ce\\.pixi\\envs\\geometrypack-gpu\\Lib\\site-packages', 'C:\\workspaces\\GeometryPack-0758\\portable-comfyui\\ComfyUI_windows_portable\\ComfyUI\\custom_nodes\\ComfyUI-GeometryPack']
  [ComfyUI] [ComfyUI-GeometryPack] sys_path sent to worker: ['C:\\workspaces\\GeometryPack-0758\\portable-comfyui\\ComfyUI_windows_portable\\ComfyUI', 'C:\\workspaces\\GeometryPack-0758\\portable-comfyui\\ComfyUI_windows_portable\\ComfyUI\\custom_nodes\\ComfyUI-GeometryPack', 'C:\\workspaces\\GeometryPack-0758\\portable-comfyui\\ComfyUI_windows_portable\\ComfyUI\\.ce\\.pixi\\envs\\geometrypack-gpu\\Lib\\site-packages', 'C:\\workspaces\\GeometryPack-0758\\portable-comfyui\\ComfyUI_windows_portable\\ComfyUI\\custom_nodes\\ComfyUI-GeometryPack']
  [ComfyUI] [ComfyUI-GeometryPack] sys_path sent to worker: ['C:\\workspaces\\GeometryPack-0758\\portable-comfyui\\ComfyUI_windows_portable\\ComfyUI', 'C:\\workspaces\\GeometryPack-0758\\portable-comfyui\\ComfyUI_windows_portable\\ComfyUI\\custom_nodes\\ComfyUI-GeometryPack', 'C:\\workspaces\\GeometryPack-0758\\portable-comfyui\\ComfyUI_windows_portable\\ComfyUI\\.ce\\.pixi\\envs\\geometrypack-gpu\\Lib\\site-packages', 'C:\\workspaces\\GeometryPack-0758\\portable-comfyui\\ComfyUI_windows_portable\\ComfyUI\\custom_nodes\\ComfyUI-GeometryPack']
  [ComfyUI] [ComfyUI-GeometryPack] sys_path sent to worker: ['C:\\workspaces\\GeometryPack-0758\\portable-comfyui\\ComfyUI_windows_portable\\ComfyUI', 'C:\\workspaces\\GeometryPack-0758\\portable-comfyui\\ComfyUI_windows_portable\\ComfyUI\\custom_nodes\\ComfyUI-GeometryPack', 'C:\\workspaces\\GeometryPack-0758\\portable-comfyui\\ComfyUI_windows_portable\\ComfyUI\\.ce\\.pixi\\envs\\geometrypack-gpu\\Lib\\site-packages', 'C:\\workspaces\\GeometryPack-0758\\portable-comfyui\\ComfyUI_windows_portable\\ComfyUI\\custom_nodes\\ComfyUI-GeometryPack']
  [ComfyUI] [ComfyUI-GeometryPack] sys_path sent to worker: ['C:\\workspaces\\GeometryPack-0758\\portable-comfyui\\ComfyUI_windows_portable\\ComfyUI', 'C:\\workspaces\\GeometryPack-0758\\portable-comfyui\\ComfyUI_windows_portable\\ComfyUI\\custom_nodes\\ComfyUI-GeometryPack', 'C:\\workspaces\\GeometryPack-0758\\portable-comfyui\\ComfyUI_windows_portable\\ComfyUI\\.ce\\.pixi\\envs\\geometrypack-gpu\\Lib\\site-packages', 'C:\\workspaces\\GeometryPack-0758\\portable-comfyui\\ComfyUI_windows_portable\\ComfyUI\\custom_nodes\\ComfyUI-GeometryPack']
  [ComfyUI] [ComfyUI-GeometryPack] sys_path sent to worker: ['C:\\workspaces\\GeometryPack-0758\\portable-comfyui\\ComfyUI_windows_portable\\ComfyUI', 'C:\\workspaces\\GeometryPack-0758\\portable-comfyui\\ComfyUI_windows_portable\\ComfyUI\\custom_nodes\\ComfyUI-GeometryPack', 'C:\\workspaces\\GeometryPack-0758\\portable-comfyui\\ComfyUI_windows_portable\\ComfyUI\\.ce\\.pixi\\envs\\geometrypack-gpu\\Lib\\site-packages', 'C:\\workspaces\\GeometryPack-0758\\portable-comfyui\\ComfyUI_windows_portable\\ComfyUI\\custom_nodes\\ComfyUI-GeometryPack']
  [ComfyUI] [comfy-env] geometrypack-gpu: Library/bin has 235 DLLs
  [ComfyUI] [comfy-env] geometrypack-gpu: Library/bin has 235 DLLs
  [ComfyUI] [comfy-env] geometrypack-gpu: Library/bin has 235 DLLs
  [ComfyUI] [comfy-env] geometrypack-gpu: Library/bin has 235 DLLs
  [ComfyUI] [comfy-env] geometrypack-gpu: Library/bin has 235 DLLs
  [ComfyUI] [comfy-env] geometrypack-gpu: Library/bin has 235 DLLs
  [ComfyUI] [comfy-env] geometrypack-gpu: Library/bin has 235 DLLs
  [ComfyUI] [comfy-env] geometrypack-gpu: Library/bin has 235 DLLs
  [ComfyUI] [comfy-env] geometrypack-gpu: Library/bin has 235 DLLs
  [ComfyUI] [comfy-env] geometrypack-gpu: Library/bin has 235 DLLs
  [ComfyUI] [comfy-env] geometrypack-gpu: Library/bin has 235 DLLs
  [ComfyUI] [comfy-env] geometrypack-gpu: Library/bin has 235 DLLs
  [ComfyUI] [comfy-env] geometrypack-gpu: Library/bin has 235 DLLs
  [ComfyUI] [comfy-env] geometrypack-gpu: Library/bin has 235 DLLs
  [ComfyUI] [comfy-env] geometrypack-gpu: Library/bin has 235 DLLs
  [ComfyUI] [comfy-env] geometrypack-gpu: Library/bin has 235 DLLs
  [ComfyUI] [comfy-env] geometrypack-gpu: Library/bin has 235 DLLs
  [ComfyUI] [comfy-env] geometrypack-gpu: Library/bin has 235 DLLs
  [ComfyUI] [comfy-env] geometrypack-gpu: Library/bin has 235 DLLs
  [ComfyUI] [comfy-env] geometrypack-gpu: Library/bin has 235 DLLs
  [ComfyUI] [comfy-env] geometrypack-gpu: Library/bin has 235 DLLs
  [ComfyUI] [comfy-env] geometrypack-gpu: Library/bin has 235 DLLs
  [ComfyUI] [comfy-env] geometrypack-gpu: Library/bin has 235 DLLs
  [ComfyUI] [SubprocessWorker] is_pixi=True, python=C:\workspaces\GeometryPack-0758\portable-comfyui\ComfyUI_windows_portable\ComfyUI\.ce\.pixi\envs\geometrypack-gpu\python.exe
  [ComfyUI] [SubprocessWorker] is_pixi=True, python=C:\workspaces\GeometryPack-0758\portable-comfyui\ComfyUI_windows_portable\ComfyUI\.ce\.pixi\envs\geometrypack-gpu\python.exe
  [ComfyUI] [SubprocessWorker] is_pixi=True, python=C:\workspaces\GeometryPack-0758\portable-comfyui\ComfyUI_windows_portable\ComfyUI\.ce\.pixi\envs\geometrypack-gpu\python.exe
  [ComfyUI] [SubprocessWorker] is_pixi=True, python=C:\workspaces\GeometryPack-0758\portable-comfyui\ComfyUI_windows_portable\ComfyUI\.ce\.pixi\envs\geometrypack-gpu\python.exe
  [ComfyUI] [SubprocessWorker] is_pixi=True, python=C:\workspaces\GeometryPack-0758\portable-comfyui\ComfyUI_windows_portable\ComfyUI\.ce\.pixi\envs\geometrypack-gpu\python.exe
  [ComfyUI] [SubprocessWorker] is_pixi=True, python=C:\workspaces\GeometryPack-0758\portable-comfyui\ComfyUI_windows_portable\ComfyUI\.ce\.pixi\envs\geometrypack-gpu\python.exe
  [ComfyUI] [SubprocessWorker] is_pixi=True, python=C:\workspaces\GeometryPack-0758\portable-comfyui\ComfyUI_windows_portable\ComfyUI\.ce\.pixi\envs\geometrypack-gpu\python.exe
  [ComfyUI] [SubprocessWorker] is_pixi=True, python=C:\workspaces\GeometryPack-0758\portable-comfyui\ComfyUI_windows_portable\ComfyUI\.ce\.pixi\envs\geometrypack-gpu\python.exe
  [ComfyUI] [SubprocessWorker] is_pixi=True, python=C:\workspaces\GeometryPack-0758\portable-comfyui\ComfyUI_windows_portable\ComfyUI\.ce\.pixi\envs\geometrypack-gpu\python.exe
  [ComfyUI] [SubprocessWorker] is_pixi=True, python=C:\workspaces\GeometryPack-0758\portable-comfyui\ComfyUI_windows_portable\ComfyUI\.ce\.pixi\envs\geometrypack-gpu\python.exe
  [ComfyUI] [SubprocessWorker] is_pixi=True, python=C:\workspaces\GeometryPack-0758\portable-comfyui\ComfyUI_windows_portable\ComfyUI\.ce\.pixi\envs\geometrypack-gpu\python.exe
  [ComfyUI] [SubprocessWorker] is_pixi=True, python=C:\workspaces\GeometryPack-0758\portable-comfyui\ComfyUI_windows_portable\ComfyUI\.ce\.pixi\envs\geometrypack-gpu\python.exe
  [ComfyUI] [SubprocessWorker] is_pixi=True, python=C:\workspaces\GeometryPack-0758\portable-comfyui\ComfyUI_windows_portable\ComfyUI\.ce\.pixi\envs\geometrypack-gpu\python.exe
  [ComfyUI] [SubprocessWorker] is_pixi=True, python=C:\workspaces\GeometryPack-0758\portable-comfyui\ComfyUI_windows_portable\ComfyUI\.ce\.pixi\envs\geometrypack-gpu\python.exe
  [ComfyUI] [SubprocessWorker] is_pixi=True, python=C:\workspaces\GeometryPack-0758\portable-comfyui\ComfyUI_windows_portable\ComfyUI\.ce\.pixi\envs\geometrypack-gpu\python.exe
  [ComfyUI] [SubprocessWorker] is_pixi=True, python=C:\workspaces\GeometryPack-0758\portable-comfyui\ComfyUI_windows_portable\ComfyUI\.ce\.pixi\envs\geometrypack-gpu\python.exe
  [ComfyUI] [SubprocessWorker] is_pixi=True, python=C:\workspaces\GeometryPack-0758\portable-comfyui\ComfyUI_windows_portable\ComfyUI\.ce\.pixi\envs\geometrypack-gpu\python.exe
  [ComfyUI] [SubprocessWorker] is_pixi=True, python=C:\workspaces\GeometryPack-0758\portable-comfyui\ComfyUI_windows_portable\ComfyUI\.ce\.pixi\envs\geometrypack-gpu\python.exe
  [ComfyUI] [SubprocessWorker] is_pixi=True, python=C:\workspaces\GeometryPack-0758\portable-comfyui\ComfyUI_windows_portable\ComfyUI\.ce\.pixi\envs\geometrypack-gpu\python.exe
  [ComfyUI] [SubprocessWorker] is_pixi=True, python=C:\workspaces\GeometryPack-0758\portable-comfyui\ComfyUI_windows_portable\ComfyUI\.ce\.pixi\envs\geometrypack-gpu\python.exe
  [ComfyUI] [SubprocessWorker] is_pixi=True, python=C:\workspaces\GeometryPack-0758\portable-comfyui\ComfyUI_windows_portable\ComfyUI\.ce\.pixi\envs\geometrypack-gpu\python.exe
  [ComfyUI] [SubprocessWorker] is_pixi=True, python=C:\workspaces\GeometryPack-0758\portable-comfyui\ComfyUI_windows_portable\ComfyUI\.ce\.pixi\envs\geometrypack-gpu\python.exe
  [ComfyUI] [SubprocessWorker] is_pixi=True, python=C:\workspaces\GeometryPack-0758\portable-comfyui\ComfyUI_windows_portable\ComfyUI\.ce\.pixi\envs\geometrypack-gpu\python.exe
  [ComfyUI] [SubprocessWorker] launching cmd=['C:\\Users\\ContainerAdministrator\\.pixi\\bin\\pixi.exe', 'run', '--as-is', '--manifest-path', 'C:\\workspaces\\GeometryPack-0758\\portable-comfyui\\ComfyUI_windows_portable\\ComfyUI\\.ce\\pixi.toml', '-e', 'geometrypack-gpu', 'python', 'C:\\Users\\ContainerAdministrator\\AppData\\Local\\Temp\\comfyui_pvenv_9fnntoyt\\persistent_worker.py', 'tcp://127.0.0.1:61612']...
  [ComfyUI] [SubprocessWorker] launching cmd=['C:\\Users\\ContainerAdministrator\\.pixi\\bin\\pixi.exe', 'run', '--as-is', '--manifest-path', 'C:\\workspaces\\GeometryPack-0758\\portable-comfyui\\ComfyUI_windows_portable\\ComfyUI\\.ce\\pixi.toml', '-e', 'geometrypack-gpu', 'python', 'C:\\Users\\ContainerAdministrator\\AppData\\Local\\Temp\\comfyui_pvenv_9fnntoyt\\persistent_worker.py', 'tcp://127.0.0.1:61612']...
  [ComfyUI] [SubprocessWorker] launching cmd=['C:\\Users\\ContainerAdministrator\\.pixi\\bin\\pixi.exe', 'run', '--as-is', '--manifest-path', 'C:\\workspaces\\GeometryPack-0758\\portable-comfyui\\ComfyUI_windows_portable\\ComfyUI\\.ce\\pixi.toml', '-e', 'geometrypack-gpu', 'python', 'C:\\Users\\ContainerAdministrator\\AppData\\Local\\Temp\\comfyui_pvenv_9fnntoyt\\persistent_worker.py', 'tcp://127.0.0.1:61612']...
  [ComfyUI] [SubprocessWorker] launching cmd=['C:\\Users\\ContainerAdministrator\\.pixi\\bin\\pixi.exe', 'run', '--as-is', '--manifest-path', 'C:\\workspaces\\GeometryPack-0758\\portable-comfyui\\ComfyUI_windows_portable\\ComfyUI\\.ce\\pixi.toml', '-e', 'geometrypack-gpu', 'python', 'C:\\Users\\ContainerAdministrator\\AppData\\Local\\Temp\\comfyui_pvenv_9fnntoyt\\persistent_worker.py', 'tcp://127.0.0.1:61612']...
  [ComfyUI] [SubprocessWorker] launching cmd=['C:\\Users\\ContainerAdministrator\\.pixi\\bin\\pixi.exe', 'run', '--as-is', '--manifest-path', 'C:\\workspaces\\GeometryPack-0758\\portable-comfyui\\ComfyUI_windows_portable\\ComfyUI\\.ce\\pixi.toml', '-e', 'geometrypack-gpu', 'python', 'C:\\Users\\ContainerAdministrator\\AppData\\Local\\Temp\\comfyui_pvenv_9fnntoyt\\persistent_worker.py', 'tcp://127.0.0.1:61612']...
  [ComfyUI] [SubprocessWorker] launching cmd=['C:\\Users\\ContainerAdministrator\\.pixi\\bin\\pixi.exe', 'run', '--as-is', '--manifest-path', 'C:\\workspaces\\GeometryPack-0758\\portable-comfyui\\ComfyUI_windows_portable\\ComfyUI\\.ce\\pixi.toml', '-e', 'geometrypack-gpu', 'python', 'C:\\Users\\ContainerAdministrator\\AppData\\Local\\Temp\\comfyui_pvenv_9fnntoyt\\persistent_worker.py', 'tcp://127.0.0.1:61612']...
  [ComfyUI] [SubprocessWorker] launching cmd=['C:\\Users\\ContainerAdministrator\\.pixi\\bin\\pixi.exe', 'run', '--as-is', '--manifest-path', 'C:\\workspaces\\GeometryPack-0758\\portable-comfyui\\ComfyUI_windows_portable\\ComfyUI\\.ce\\pixi.toml', '-e', 'geometrypack-gpu', 'python', 'C:\\Users\\ContainerAdministrator\\AppData\\Local\\Temp\\comfyui_pvenv_9fnntoyt\\persistent_worker.py', 'tcp://127.0.0.1:61612']...
  [ComfyUI] [SubprocessWorker] launching cmd=['C:\\Users\\ContainerAdministrator\\.pixi\\bin\\pixi.exe', 'run', '--as-is', '--manifest-path', 'C:\\workspaces\\GeometryPack-0758\\portable-comfyui\\ComfyUI_windows_portable\\ComfyUI\\.ce\\pixi.toml', '-e', 'geometrypack-gpu', 'python', 'C:\\Users\\ContainerAdministrator\\AppData\\Local\\Temp\\comfyui_pvenv_9fnntoyt\\persistent_worker.py', 'tcp://127.0.0.1:61612']...
  [ComfyUI] [SubprocessWorker] launching cmd=['C:\\Users\\ContainerAdministrator\\.pixi\\bin\\pixi.exe', 'run', '--as-is', '--manifest-path', 'C:\\workspaces\\GeometryPack-0758\\portable-comfyui\\ComfyUI_windows_portable\\ComfyUI\\.ce\\pixi.toml', '-e', 'geometrypack-gpu', 'python', 'C:\\Users\\ContainerAdministrator\\AppData\\Local\\Temp\\comfyui_pvenv_9fnntoyt\\persistent_worker.py', 'tcp://127.0.0.1:61612']...
  [ComfyUI] [SubprocessWorker] launching cmd=['C:\\Users\\ContainerAdministrator\\.pixi\\bin\\pixi.exe', 'run', '--as-is', '--manifest-path', 'C:\\workspaces\\GeometryPack-0758\\portable-comfyui\\ComfyUI_windows_portable\\ComfyUI\\.ce\\pixi.toml', '-e', 'geometrypack-gpu', 'python', 'C:\\Users\\ContainerAdministrator\\AppData\\Local\\Temp\\comfyui_pvenv_9fnntoyt\\persistent_worker.py', 'tcp://127.0.0.1:61612']...
  [ComfyUI] [SubprocessWorker] launching cmd=['C:\\Users\\ContainerAdministrator\\.pixi\\bin\\pixi.exe', 'run', '--as-is', '--manifest-path', 'C:\\workspaces\\GeometryPack-0758\\portable-comfyui\\ComfyUI_windows_portable\\ComfyUI\\.ce\\pixi.toml', '-e', 'geometrypack-gpu', 'python', 'C:\\Users\\ContainerAdministrator\\AppData\\Local\\Temp\\comfyui_pvenv_9fnntoyt\\persistent_worker.py', 'tcp://127.0.0.1:61612']...
  [ComfyUI] [SubprocessWorker] launching cmd=['C:\\Users\\ContainerAdministrator\\.pixi\\bin\\pixi.exe', 'run', '--as-is', '--manifest-path', 'C:\\workspaces\\GeometryPack-0758\\portable-comfyui\\ComfyUI_windows_portable\\ComfyUI\\.ce\\pixi.toml', '-e', 'geometrypack-gpu', 'python', 'C:\\Users\\ContainerAdministrator\\AppData\\Local\\Temp\\comfyui_pvenv_9fnntoyt\\persistent_worker.py', 'tcp://127.0.0.1:61612']...
  [ComfyUI] [SubprocessWorker] launching cmd=['C:\\Users\\ContainerAdministrator\\.pixi\\bin\\pixi.exe', 'run', '--as-is', '--manifest-path', 'C:\\workspaces\\GeometryPack-0758\\portable-comfyui\\ComfyUI_windows_portable\\ComfyUI\\.ce\\pixi.toml', '-e', 'geometrypack-gpu', 'python', 'C:\\Users\\ContainerAdministrator\\AppData\\Local\\Temp\\comfyui_pvenv_9fnntoyt\\persistent_worker.py', 'tcp://127.0.0.1:61612']...
  [ComfyUI] [SubprocessWorker] launching cmd=['C:\\Users\\ContainerAdministrator\\.pixi\\bin\\pixi.exe', 'run', '--as-is', '--manifest-path', 'C:\\workspaces\\GeometryPack-0758\\portable-comfyui\\ComfyUI_windows_portable\\ComfyUI\\.ce\\pixi.toml', '-e', 'geometrypack-gpu', 'python', 'C:\\Users\\ContainerAdministrator\\AppData\\Local\\Temp\\comfyui_pvenv_9fnntoyt\\persistent_worker.py', 'tcp://127.0.0.1:61612']...
  [ComfyUI] [SubprocessWorker] launching cmd=['C:\\Users\\ContainerAdministrator\\.pixi\\bin\\pixi.exe', 'run', '--as-is', '--manifest-path', 'C:\\workspaces\\GeometryPack-0758\\portable-comfyui\\ComfyUI_windows_portable\\ComfyUI\\.ce\\pixi.toml', '-e', 'geometrypack-gpu', 'python', 'C:\\Users\\ContainerAdministrator\\AppData\\Local\\Temp\\comfyui_pvenv_9fnntoyt\\persistent_worker.py', 'tcp://127.0.0.1:61612']...
  [ComfyUI] [SubprocessWorker] launching cmd=['C:\\Users\\ContainerAdministrator\\.pixi\\bin\\pixi.exe', 'run', '--as-is', '--manifest-path', 'C:\\workspaces\\GeometryPack-0758\\portable-comfyui\\ComfyUI_windows_portable\\ComfyUI\\.ce\\pixi.toml', '-e', 'geometrypack-gpu', 'python', 'C:\\Users\\ContainerAdministrator\\AppData\\Local\\Temp\\comfyui_pvenv_9fnntoyt\\persistent_worker.py', 'tcp://127.0.0.1:61612']...
  [ComfyUI] [SubprocessWorker] launching cmd=['C:\\Users\\ContainerAdministrator\\.pixi\\bin\\pixi.exe', 'run', '--as-is', '--manifest-path', 'C:\\workspaces\\GeometryPack-0758\\portable-comfyui\\ComfyUI_windows_portable\\ComfyUI\\.ce\\pixi.toml', '-e', 'geometrypack-gpu', 'python', 'C:\\Users\\ContainerAdministrator\\AppData\\Local\\Temp\\comfyui_pvenv_9fnntoyt\\persistent_worker.py', 'tcp://127.0.0.1:61612']...
  [ComfyUI] [SubprocessWorker] launching cmd=['C:\\Users\\ContainerAdministrator\\.pixi\\bin\\pixi.exe', 'run', '--as-is', '--manifest-path', 'C:\\workspaces\\GeometryPack-0758\\portable-comfyui\\ComfyUI_windows_portable\\ComfyUI\\.ce\\pixi.toml', '-e', 'geometrypack-gpu', 'python', 'C:\\Users\\ContainerAdministrator\\AppData\\Local\\Temp\\comfyui_pvenv_9fnntoyt\\persistent_worker.py', 'tcp://127.0.0.1:61612']...
  [ComfyUI] [SubprocessWorker] launching cmd=['C:\\Users\\ContainerAdministrator\\.pixi\\bin\\pixi.exe', 'run', '--as-is', '--manifest-path', 'C:\\workspaces\\GeometryPack-0758\\portable-comfyui\\ComfyUI_windows_portable\\ComfyUI\\.ce\\pixi.toml', '-e', 'geometrypack-gpu', 'python', 'C:\\Users\\ContainerAdministrator\\AppData\\Local\\Temp\\comfyui_pvenv_9fnntoyt\\persistent_worker.py', 'tcp://127.0.0.1:61612']...
  [ComfyUI] [SubprocessWorker] launching cmd=['C:\\Users\\ContainerAdministrator\\.pixi\\bin\\pixi.exe', 'run', '--as-is', '--manifest-path', 'C:\\workspaces\\GeometryPack-0758\\portable-comfyui\\ComfyUI_windows_portable\\ComfyUI\\.ce\\pixi.toml', '-e', 'geometrypack-gpu', 'python', 'C:\\Users\\ContainerAdministrator\\AppData\\Local\\Temp\\comfyui_pvenv_9fnntoyt\\persistent_worker.py', 'tcp://127.0.0.1:61612']...
  [ComfyUI] [SubprocessWorker] launching cmd=['C:\\Users\\ContainerAdministrator\\.pixi\\bin\\pixi.exe', 'run', '--as-is', '--manifest-path', 'C:\\workspaces\\GeometryPack-0758\\portable-comfyui\\ComfyUI_windows_portable\\ComfyUI\\.ce\\pixi.toml', '-e', 'geometrypack-gpu', 'python', 'C:\\Users\\ContainerAdministrator\\AppData\\Local\\Temp\\comfyui_pvenv_9fnntoyt\\persistent_worker.py', 'tcp://127.0.0.1:61612']...
  [ComfyUI] [SubprocessWorker] launching cmd=['C:\\Users\\ContainerAdministrator\\.pixi\\bin\\pixi.exe', 'run', '--as-is', '--manifest-path', 'C:\\workspaces\\GeometryPack-0758\\portable-comfyui\\ComfyUI_windows_portable\\ComfyUI\\.ce\\pixi.toml', '-e', 'geometrypack-gpu', 'python', 'C:\\Users\\ContainerAdministrator\\AppData\\Local\\Temp\\comfyui_pvenv_9fnntoyt\\persistent_worker.py', 'tcp://127.0.0.1:61612']...
  [ComfyUI] [SubprocessWorker] launching cmd=['C:\\Users\\ContainerAdministrator\\.pixi\\bin\\pixi.exe', 'run', '--as-is', '--manifest-path', 'C:\\workspaces\\GeometryPack-0758\\portable-comfyui\\ComfyUI_windows_portable\\ComfyUI\\.ce\\pixi.toml', '-e', 'geometrypack-gpu', 'python', 'C:\\Users\\ContainerAdministrator\\AppData\\Local\\Temp\\comfyui_pvenv_9fnntoyt\\persistent_worker.py', 'tcp://127.0.0.1:61612']...
  Frame 4 saved (frame_003.jpg, t=9.0s)
  [capture-periodic] freeze=3ms shot=110ms unfreeze=4ms saved=True
  [capture-loop] iter=100 t=12.3s state={'complete': False, 'error': None, 'executedCount': 0, 'wsState': 1} eval_ms=4 ram=9.5/31.9GB (30%) swap=0.7/11.7GB (6%) cpu=7% browser_rss=0.62GB
  [capture-loop] iter=150 t=18.1s state={'complete': False, 'error': None, 'executedCount': 0, 'wsState': 1} eval_ms=4 ram=9.6/31.9GB (30%) swap=0.7/11.7GB (6%) cpu=4% browser_rss=0.62GB
  [ComfyUI] [SubprocessWorker] worker started/confirmed
  [ComfyUI] [SubprocessWorker] worker started/confirmed
  [ComfyUI] [SubprocessWorker] worker started/confirmed
  [ComfyUI] [SubprocessWorker] worker started/confirmed
  [ComfyUI] [SubprocessWorker] worker started/confirmed
  [ComfyUI] [SubprocessWorker] worker started/confirmed
  [ComfyUI] [SubprocessWorker] worker started/confirmed
  [ComfyUI] [SubprocessWorker] worker started/confirmed
  [ComfyUI] [SubprocessWorker] worker started/confirmed
  [ComfyUI] [SubprocessWorker] worker started/confirmed
  [ComfyUI] [SubprocessWorker] worker started/confirmed
  [ComfyUI] [SubprocessWorker] worker started/confirmed
  [ComfyUI] [SubprocessWorker] worker started/confirmed
  [ComfyUI] [SubprocessWorker] worker started/confirmed
  [ComfyUI] [SubprocessWorker] worker started/confirmed
  [ComfyUI] [SubprocessWorker] worker started/confirmed
  [ComfyUI] [SubprocessWorker] worker started/confirmed
  [ComfyUI] [SubprocessWorker] worker started/confirmed
  [ComfyUI] [SubprocessWorker] worker started/confirmed
  [ComfyUI] [SubprocessWorker] worker started/confirmed
  [ComfyUI] [SubprocessWorker] worker started/confirmed
  [ComfyUI] [SubprocessWorker] worker started/confirmed
  [ComfyUI] [SubprocessWorker] worker started/confirmed
  [ComfyUI] [SubprocessWorker] serializing kwargs to shm...
  [ComfyUI] [SubprocessWorker] serializing kwargs to shm...
  [ComfyUI] [SubprocessWorker] serializing kwargs to shm...
  [ComfyUI] [SubprocessWorker] serializing kwargs to shm...
  [ComfyUI] [SubprocessWorker] serializing kwargs to shm...
  [ComfyUI] [SubprocessWorker] serializing kwargs to shm...
  [ComfyUI] [SubprocessWorker] serializing kwargs to shm...
  [ComfyUI] [SubprocessWorker] serializing kwargs to shm...
  [ComfyUI] [SubprocessWorker] serializing kwargs to shm...
  [ComfyUI] [SubprocessWorker] serializing kwargs to shm...
  [ComfyUI] [SubprocessWorker] serializing kwargs to shm...
  [ComfyUI] [SubprocessWorker] serializing kwargs to shm...
  [ComfyUI] [SubprocessWorker] serializing kwargs to shm...
  [ComfyUI] [SubprocessWorker] serializing kwargs to shm...
  [ComfyUI] [SubprocessWorker] serializing kwargs to shm...
  [ComfyUI] [SubprocessWorker] serializing kwargs to shm...
  [ComfyUI] [SubprocessWorker] serializing kwargs to shm...
  [ComfyUI] [SubprocessWorker] serializing kwargs to shm...
  [ComfyUI] [SubprocessWorker] serializing kwargs to shm...
  [ComfyUI] [SubprocessWorker] serializing kwargs to shm...
  [ComfyUI] [SubprocessWorker] serializing kwargs to shm...
  [ComfyUI] [SubprocessWorker] serializing kwargs to shm...
  [ComfyUI] [SubprocessWorker] serializing kwargs to shm...
  [ComfyUI] [SubprocessWorker] created 1 shm blocks
  [ComfyUI] [SubprocessWorker] created 1 shm blocks
  [ComfyUI] [SubprocessWorker] created 1 shm blocks
  [ComfyUI] [SubprocessWorker] created 1 shm blocks
  [ComfyUI] [SubprocessWorker] created 1 shm blocks
  [ComfyUI] [SubprocessWorker] created 1 shm blocks
  [ComfyUI] [SubprocessWorker] created 1 shm blocks
  [ComfyUI] [SubprocessWorker] created 1 shm blocks
  [ComfyUI] [SubprocessWorker] created 1 shm blocks
  [ComfyUI] [SubprocessWorker] created 1 shm blocks
  [ComfyUI] [SubprocessWorker] created 1 shm blocks
  [ComfyUI] [SubprocessWorker] created 1 shm blocks
  [ComfyUI] [SubprocessWorker] created 1 shm blocks
  [ComfyUI] [SubprocessWorker] created 1 shm blocks
  [ComfyUI] [SubprocessWorker] created 1 shm blocks
  [ComfyUI] [SubprocessWorker] created 1 shm blocks
  [ComfyUI] [SubprocessWorker] created 1 shm blocks
  [ComfyUI] [SubprocessWorker] created 1 shm blocks
  [ComfyUI] [SubprocessWorker] created 1 shm blocks
  [ComfyUI] [SubprocessWorker] created 1 shm blocks
  [ComfyUI] [SubprocessWorker] created 1 shm blocks
  [ComfyUI] [SubprocessWorker] created 1 shm blocks
  [ComfyUI] [SubprocessWorker] created 1 shm blocks
  [ComfyUI] [SubprocessWorker] sending request via socket...
  [ComfyUI] [SubprocessWorker] sending request via socket...
  [ComfyUI] [SubprocessWorker] sending request via socket...
  [ComfyUI] [SubprocessWorker] sending request via socket...
  [ComfyUI] [SubprocessWorker] sending request via socket...
  [ComfyUI] [SubprocessWorker] sending request via socket...
  [ComfyUI] [SubprocessWorker] sending request via socket...
  [ComfyUI] [SubprocessWorker] sending request via socket...
  [ComfyUI] [SubprocessWorker] sending request via socket...
  [ComfyUI] [SubprocessWorker] sending request via socket...
  [ComfyUI] [SubprocessWorker] sending request via socket...
  [ComfyUI] [SubprocessWorker] sending request via socket...
  [ComfyUI] [SubprocessWorker] sending request via socket...
  [ComfyUI] [SubprocessWorker] sending request via socket...
  [ComfyUI] [SubprocessWorker] sending request via socket...
  [ComfyUI] [SubprocessWorker] sending request via socket...
  [ComfyUI] [SubprocessWorker] sending request via socket...
  [ComfyUI] [SubprocessWorker] sending request via socket...
  [ComfyUI] [SubprocessWorker] sending request via socket...
  [ComfyUI] [SubprocessWorker] sending request via socket...
  [ComfyUI] [SubprocessWorker] sending request via socket...
  [ComfyUI] [SubprocessWorker] sending request via socket...
  [ComfyUI] [SubprocessWorker] sending request via socket...
  [ComfyUI] [SubprocessWorker] call_id=1 sending call_method
  [ComfyUI] [SubprocessWorker] call_id=1 sending call_method
  [ComfyUI] [SubprocessWorker] call_id=1 sending call_method
  [ComfyUI] [SubprocessWorker] call_id=1 sending call_method
  [ComfyUI] [SubprocessWorker] call_id=1 sending call_method
  [ComfyUI] [SubprocessWorker] call_id=1 sending call_method
  [ComfyUI] [SubprocessWorker] call_id=1 sending call_method
  [ComfyUI] [SubprocessWorker] call_id=1 sending call_method
  [ComfyUI] [SubprocessWorker] call_id=1 sending call_method
  [ComfyUI] [SubprocessWorker] call_id=1 sending call_method
  [ComfyUI] [SubprocessWorker] call_id=1 sending call_method
  [ComfyUI] [SubprocessWorker] call_id=1 sending call_method
  [ComfyUI] [SubprocessWorker] call_id=1 sending call_method
  [ComfyUI] [SubprocessWorker] call_id=1 sending call_method
  [ComfyUI] [SubprocessWorker] call_id=1 sending call_method
  [ComfyUI] [SubprocessWorker] call_id=1 sending call_method
  [ComfyUI] [SubprocessWorker] call_id=1 sending call_method
  [ComfyUI] [SubprocessWorker] call_id=1 sending call_method
  [ComfyUI] [SubprocessWorker] call_id=1 sending call_method
  [ComfyUI] [SubprocessWorker] call_id=1 sending call_method
  [ComfyUI] [SubprocessWorker] call_id=1 sending call_method
  [ComfyUI] [SubprocessWorker] call_id=1 sending call_method
  [ComfyUI] [SubprocessWorker] call_id=1 sending call_method
  [ComfyUI] [SubprocessWorker] got response: ok
  [ComfyUI] [SubprocessWorker] got response: ok
  [ComfyUI] [SubprocessWorker] got response: ok
  [ComfyUI] [SubprocessWorker] got response: ok
  [ComfyUI] [SubprocessWorker] got response: ok
  [ComfyUI] [SubprocessWorker] got response: ok
  [ComfyUI] [SubprocessWorker] got response: ok
  [ComfyUI] [SubprocessWorker] got response: ok
  [ComfyUI] [SubprocessWorker] got response: ok
  [ComfyUI] [SubprocessWorker] got response: ok
  [ComfyUI] [SubprocessWorker] got response: ok
  [ComfyUI] [SubprocessWorker] got response: ok
  [ComfyUI] [SubprocessWorker] got response: ok
  [ComfyUI] [SubprocessWorker] got response: ok
  [ComfyUI] [SubprocessWorker] got response: ok
  [ComfyUI] [SubprocessWorker] got response: ok
  [ComfyUI] [SubprocessWorker] got response: ok
  [ComfyUI] [SubprocessWorker] got response: ok
  [ComfyUI] [SubprocessWorker] got response: ok
  [ComfyUI] [SubprocessWorker] got response: ok
  [ComfyUI] [SubprocessWorker] got response: ok
  [ComfyUI] [SubprocessWorker] got response: ok
  [ComfyUI] [SubprocessWorker] got response: ok
  [ComfyUI] [comfy-env] GeomPackFillHoles_GPU done (11.58s): result: NodeOutput
  [ComfyUI] [comfy-env] GeomPackFillHoles_GPU done (11.58s): result: NodeOutput
  [ComfyUI] [comfy-env] GeomPackFillHoles_GPU done (11.58s): result: NodeOutput
  [ComfyUI] [comfy-env] GeomPackFillHoles_GPU done (11.58s): result: NodeOutput
  [ComfyUI] [comfy-env] GeomPackFillHoles_GPU done (11.58s): result: NodeOutput
  [ComfyUI] [comfy-env] GeomPackFillHoles_GPU done (11.58s): result: NodeOutput
  [ComfyUI] [comfy-env] GeomPackFillHoles_GPU done (11.58s): result: NodeOutput
  [ComfyUI] [comfy-env] GeomPackFillHoles_GPU done (11.58s): result: NodeOutput
  [ComfyUI] [comfy-env] GeomPackFillHoles_GPU done (11.58s): result: NodeOutput
  [ComfyUI] [comfy-env] GeomPackFillHoles_GPU done (11.58s): result: NodeOutput
  [ComfyUI] [comfy-env] GeomPackFillHoles_GPU done (11.58s): result: NodeOutput
  [ComfyUI] [comfy-env] GeomPackFillHoles_GPU done (11.58s): result: NodeOutput
  [ComfyUI] [comfy-env] GeomPackFillHoles_GPU done (11.58s): result: NodeOutput
  [ComfyUI] [comfy-env] GeomPackFillHoles_GPU done (11.58s): result: NodeOutput
  [ComfyUI] [comfy-env] GeomPackFillHoles_GPU done (11.58s): result: NodeOutput
  [ComfyUI] [comfy-env] GeomPackFillHoles_GPU done (11.58s): result: NodeOutput
  [ComfyUI] [comfy-env] GeomPackFillHoles_GPU done (11.58s): result: NodeOutput
  [ComfyUI] [comfy-env] GeomPackFillHoles_GPU done (11.58s): result: NodeOutput
  [ComfyUI] [comfy-env] GeomPackFillHoles_GPU done (11.58s): result: NodeOutput
  [ComfyUI] [comfy-env] GeomPackFillHoles_GPU done (11.58s): result: NodeOutput
  [ComfyUI] [comfy-env] GeomPackFillHoles_GPU done (11.58s): result: NodeOutput
  [ComfyUI] [comfy-env] GeomPackFillHoles_GPU done (11.58s): result: NodeOutput
  [ComfyUI] [comfy-env] GeomPackFillHoles_GPU done (11.58s): result: NodeOutput
  [ComfyUI] [VRAM] After GeomPackFillHoles_GPU: 1271 / 24575 MB
  [ComfyUI] [VRAM] After GeomPackFillHoles_GPU: 1271 / 24575 MB
  [ComfyUI] [VRAM] After GeomPackFillHoles_GPU: 1271 / 24575 MB
  [ComfyUI] [VRAM] After GeomPackFillHoles_GPU: 1271 / 24575 MB
  [ComfyUI] [VRAM] After GeomPackFillHoles_GPU: 1271 / 24575 MB
  [ComfyUI] [VRAM] After GeomPackFillHoles_GPU: 1271 / 24575 MB
  [ComfyUI] [VRAM] After GeomPackFillHoles_GPU: 1271 / 24575 MB
  [ComfyUI] [VRAM] After GeomPackFillHoles_GPU: 1271 / 24575 MB
  [ComfyUI] [VRAM] After GeomPackFillHoles_GPU: 1271 / 24575 MB
  [ComfyUI] [VRAM] After GeomPackFillHoles_GPU: 1271 / 24575 MB
  [ComfyUI] [VRAM] After GeomPackFillHoles_GPU: 1271 / 24575 MB
  [ComfyUI] [VRAM] After GeomPackFillHoles_GPU: 1271 / 24575 MB
  [ComfyUI] [VRAM] After GeomPackFillHoles_GPU: 1271 / 24575 MB
  [ComfyUI] [VRAM] After GeomPackFillHoles_GPU: 1271 / 24575 MB
  [ComfyUI] [VRAM] After GeomPackFillHoles_GPU: 1271 / 24575 MB
  [ComfyUI] [VRAM] After GeomPackFillHoles_GPU: 1271 / 24575 MB
  [ComfyUI] [VRAM] After GeomPackFillHoles_GPU: 1271 / 24575 MB
  [ComfyUI] [VRAM] After GeomPackFillHoles_GPU: 1271 / 24575 MB
  [ComfyUI] [VRAM] After GeomPackFillHoles_GPU: 1271 / 24575 MB
  [ComfyUI] [VRAM] After GeomPackFillHoles_GPU: 1271 / 24575 MB
  [ComfyUI] [VRAM] After GeomPackFillHoles_GPU: 1271 / 24575 MB
  [ComfyUI] [VRAM] After GeomPackFillHoles_GPU: 1271 / 24575 MB
  [ComfyUI] [VRAM] After GeomPackFillHoles_GPU: 1271 / 24575 MB
  [ComfyUI] [comfy-env] Running GeomPackFillHoles_CGAL: mesh: Trimesh, quality: 'triangulate'
  [ComfyUI] [comfy-env] Running GeomPackFillHoles_CGAL: mesh: Trimesh, quality: 'triangulate'
  [ComfyUI] [comfy-env] Running GeomPackFillHoles_CGAL: mesh: Trimesh, quality: 'triangulate'
  [ComfyUI] [comfy-env] Running GeomPackFillHoles_CGAL: mesh: Trimesh, quality: 'triangulate'
  [ComfyUI] [comfy-env] Running GeomPackFillHoles_CGAL: mesh: Trimesh, quality: 'triangulate'
  [ComfyUI] [comfy-env] Running GeomPackFillHoles_CGAL: mesh: Trimesh, quality: 'triangulate'
  [ComfyUI] [comfy-env] Running GeomPackFillHoles_CGAL: mesh: Trimesh, quality: 'triangulate'
  [ComfyUI] [comfy-env] Running GeomPackFillHoles_CGAL: mesh: Trimesh, quality: 'triangulate'
  [ComfyUI] [comfy-env] Running GeomPackFillHoles_CGAL: mesh: Trimesh, quality: 'triangulate'
  [ComfyUI] [comfy-env] Running GeomPackFillHoles_CGAL: mesh: Trimesh, quality: 'triangulate'
  [ComfyUI] [comfy-env] Running GeomPackFillHoles_CGAL: mesh: Trimesh, quality: 'triangulate'
  [ComfyUI] [comfy-env] Running GeomPackFillHoles_CGAL: mesh: Trimesh, quality: 'triangulate'
  [ComfyUI] [comfy-env] Running GeomPackFillHoles_CGAL: mesh: Trimesh, quality: 'triangulate'
  [ComfyUI] [comfy-env] Running GeomPackFillHoles_CGAL: mesh: Trimesh, quality: 'triangulate'
  [ComfyUI] [comfy-env] Running GeomPackFillHoles_CGAL: mesh: Trimesh, quality: 'triangulate'
  [ComfyUI] [comfy-env] Running GeomPackFillHoles_CGAL: mesh: Trimesh, quality: 'triangulate'
  [ComfyUI] [comfy-env] Running GeomPackFillHoles_CGAL: mesh: Trimesh, quality: 'triangulate'
  [ComfyUI] [comfy-env] Running GeomPackFillHoles_CGAL: mesh: Trimesh, quality: 'triangulate'
  [ComfyUI] [comfy-env] Running GeomPackFillHoles_CGAL: mesh: Trimesh, quality: 'triangulate'
  [ComfyUI] [comfy-env] Running GeomPackFillHoles_CGAL: mesh: Trimesh, quality: 'triangulate'
  [ComfyUI] [comfy-env] Running GeomPackFillHoles_CGAL: mesh: Trimesh, quality: 'triangulate'
  [ComfyUI] [comfy-env] Running GeomPackFillHoles_CGAL: mesh: Trimesh, quality: 'triangulate'
  [ComfyUI] [comfy-env] Running GeomPackFillHoles_CGAL: mesh: Trimesh, quality: 'triangulate'
  [ComfyUI] [VRAM] Before GeomPackFillHoles_CGAL: 1271 / 24575 MB
  [ComfyUI] [VRAM] Before GeomPackFillHoles_CGAL: 1271 / 24575 MB
  [ComfyUI] [VRAM] Before GeomPackFillHoles_CGAL: 1271 / 24575 MB
  [ComfyUI] [VRAM] Before GeomPackFillHoles_CGAL: 1271 / 24575 MB
  [ComfyUI] [VRAM] Before GeomPackFillHoles_CGAL: 1271 / 24575 MB
  [ComfyUI] [VRAM] Before GeomPackFillHoles_CGAL: 1271 / 24575 MB
  [ComfyUI] [VRAM] Before GeomPackFillHoles_CGAL: 1271 / 24575 MB
  [ComfyUI] [VRAM] Before GeomPackFillHoles_CGAL: 1271 / 24575 MB
  [ComfyUI] [VRAM] Before GeomPackFillHoles_CGAL: 1271 / 24575 MB
  [ComfyUI] [VRAM] Before GeomPackFillHoles_CGAL: 1271 / 24575 MB
  [ComfyUI] [VRAM] Before GeomPackFillHoles_CGAL: 1271 / 24575 MB
  [ComfyUI] [VRAM] Before GeomPackFillHoles_CGAL: 1271 / 24575 MB
  [ComfyUI] [VRAM] Before GeomPackFillHoles_CGAL: 1271 / 24575 MB
  [ComfyUI] [VRAM] Before GeomPackFillHoles_CGAL: 1271 / 24575 MB
  [ComfyUI] [VRAM] Before GeomPackFillHoles_CGAL: 1271 / 24575 MB
  [ComfyUI] [VRAM] Before GeomPackFillHoles_CGAL: 1271 / 24575 MB
  [ComfyUI] [VRAM] Before GeomPackFillHoles_CGAL: 1271 / 24575 MB
  [ComfyUI] [VRAM] Before GeomPackFillHoles_CGAL: 1271 / 24575 MB
  [ComfyUI] [VRAM] Before GeomPackFillHoles_CGAL: 1271 / 24575 MB
  [ComfyUI] [VRAM] Before GeomPackFillHoles_CGAL: 1271 / 24575 MB
  [ComfyUI] [VRAM] Before GeomPackFillHoles_CGAL: 1271 / 24575 MB
  [ComfyUI] [VRAM] Before GeomPackFillHoles_CGAL: 1271 / 24575 MB
  [ComfyUI] [VRAM] Before GeomPackFillHoles_CGAL: 1271 / 24575 MB
  [ComfyUI] [SubprocessWorker] call_method: nodes.main.repair_cgal.fill_holes_cgal.FillHolesCGALNode.EXECUTE_NORMALIZED
  [ComfyUI] [SubprocessWorker] call_method: nodes.main.repair_cgal.fill_holes_cgal.FillHolesCGALNode.EXECUTE_NORMALIZED
  [ComfyUI] [SubprocessWorker] call_method: nodes.main.repair_cgal.fill_holes_cgal.FillHolesCGALNode.EXECUTE_NORMALIZED
  [ComfyUI] [SubprocessWorker] call_method: nodes.main.repair_cgal.fill_holes_cgal.FillHolesCGALNode.EXECUTE_NORMALIZED
  [ComfyUI] [SubprocessWorker] call_method: nodes.main.repair_cgal.fill_holes_cgal.FillHolesCGALNode.EXECUTE_NORMALIZED
  [ComfyUI] [SubprocessWorker] call_method: nodes.main.repair_cgal.fill_holes_cgal.FillHolesCGALNode.EXECUTE_NORMALIZED
  [ComfyUI] [SubprocessWorker] call_method: nodes.main.repair_cgal.fill_holes_cgal.FillHolesCGALNode.EXECUTE_NORMALIZED
  [ComfyUI] [SubprocessWorker] call_method: nodes.main.repair_cgal.fill_holes_cgal.FillHolesCGALNode.EXECUTE_NORMALIZED
  [ComfyUI] [SubprocessWorker] call_method: nodes.main.repair_cgal.fill_holes_cgal.FillHolesCGALNode.EXECUTE_NORMALIZED
  [ComfyUI] [SubprocessWorker] call_method: nodes.main.repair_cgal.fill_holes_cgal.FillHolesCGALNode.EXECUTE_NORMALIZED
  [ComfyUI] [SubprocessWorker] call_method: nodes.main.repair_cgal.fill_holes_cgal.FillHolesCGALNode.EXECUTE_NORMALIZED
  [ComfyUI] [SubprocessWorker] call_method: nodes.main.repair_cgal.fill_holes_cgal.FillHolesCGALNode.EXECUTE_NORMALIZED
  [ComfyUI] [SubprocessWorker] call_method: nodes.main.repair_cgal.fill_holes_cgal.FillHolesCGALNode.EXECUTE_NORMALIZED
  [ComfyUI] [SubprocessWorker] call_method: nodes.main.repair_cgal.fill_holes_cgal.FillHolesCGALNode.EXECUTE_NORMALIZED
  [ComfyUI] [SubprocessWorker] call_method: nodes.main.repair_cgal.fill_holes_cgal.FillHolesCGALNode.EXECUTE_NORMALIZED
  [ComfyUI] [SubprocessWorker] call_method: nodes.main.repair_cgal.fill_holes_cgal.FillHolesCGALNode.EXECUTE_NORMALIZED
  [ComfyUI] [SubprocessWorker] call_method: nodes.main.repair_cgal.fill_holes_cgal.FillHolesCGALNode.EXECUTE_NORMALIZED
  [ComfyUI] [SubprocessWorker] call_method: nodes.main.repair_cgal.fill_holes_cgal.FillHolesCGALNode.EXECUTE_NORMALIZED
  [ComfyUI] [SubprocessWorker] call_method: nodes.main.repair_cgal.fill_holes_cgal.FillHolesCGALNode.EXECUTE_NORMALIZED
  [ComfyUI] [SubprocessWorker] call_method: nodes.main.repair_cgal.fill_holes_cgal.FillHolesCGALNode.EXECUTE_NORMALIZED
  [ComfyUI] [SubprocessWorker] call_method: nodes.main.repair_cgal.fill_holes_cgal.FillHolesCGALNode.EXECUTE_NORMALIZED
  [ComfyUI] [SubprocessWorker] call_method: nodes.main.repair_cgal.fill_holes_cgal.FillHolesCGALNode.EXECUTE_NORMALIZED
  [ComfyUI] [SubprocessWorker] call_method: nodes.main.repair_cgal.fill_holes_cgal.FillHolesCGALNode.EXECUTE_NORMALIZED
  [ComfyUI] [SubprocessWorker] acquired lock, ensuring started...
  [ComfyUI] [SubprocessWorker] acquired lock, ensuring started...
  [ComfyUI] [SubprocessWorker] acquired lock, ensuring started...
  [ComfyUI] [SubprocessWorker] acquired lock, ensuring started...
  [ComfyUI] [SubprocessWorker] acquired lock, ensuring started...
  [ComfyUI] [SubprocessWorker] acquired lock, ensuring started...
  [ComfyUI] [SubprocessWorker] acquired lock, ensuring started...
  [ComfyUI] [SubprocessWorker] acquired lock, ensuring started...
  [ComfyUI] [SubprocessWorker] acquired lock, ensuring started...
  [ComfyUI] [SubprocessWorker] acquired lock, ensuring started...
  [ComfyUI] [SubprocessWorker] acquired lock, ensuring started...
  [ComfyUI] [SubprocessWorker] acquired lock, ensuring started...
  [ComfyUI] [SubprocessWorker] acquired lock, ensuring started...
  [ComfyUI] [SubprocessWorker] acquired lock, ensuring started...
  [ComfyUI] [SubprocessWorker] acquired lock, ensuring started...
  [ComfyUI] [SubprocessWorker] acquired lock, ensuring started...
  [ComfyUI] [SubprocessWorker] acquired lock, ensuring started...
  [ComfyUI] [SubprocessWorker] acquired lock, ensuring started...
  [ComfyUI] [SubprocessWorker] acquired lock, ensuring started...
  [ComfyUI] [SubprocessWorker] acquired lock, ensuring started...
  [ComfyUI] [SubprocessWorker] acquired lock, ensuring started...
  [ComfyUI] [SubprocessWorker] acquired lock, ensuring started...
  [ComfyUI] [SubprocessWorker] acquired lock, ensuring started...
  [ComfyUI] [ComfyUI-GeometryPack] Health check: ping (timeout=5.0s)...
  [ComfyUI] [ComfyUI-GeometryPack] Health check: ping (timeout=5.0s)...
  [ComfyUI] [ComfyUI-GeometryPack] Health check: ping (timeout=5.0s)...
  [ComfyUI] [ComfyUI-GeometryPack] Health check: ping (timeout=5.0s)...
  [ComfyUI] [ComfyUI-GeometryPack] Health check: ping (timeout=5.0s)...
  [ComfyUI] [ComfyUI-GeometryPack] Health check: ping (timeout=5.0s)...
  [ComfyUI] [ComfyUI-GeometryPack] Health check: ping (timeout=5.0s)...
  [ComfyUI] [ComfyUI-GeometryPack] Health check: ping (timeout=5.0s)...
  [ComfyUI] [ComfyUI-GeometryPack] Health check: ping (timeout=5.0s)...
  [ComfyUI] [ComfyUI-GeometryPack] Health check: ping (timeout=5.0s)...
  [ComfyUI] [ComfyUI-GeometryPack] Health check: ping (timeout=5.0s)...
  [ComfyUI] [ComfyUI-GeometryPack] Health check: ping (timeout=5.0s)...
  [ComfyUI] [ComfyUI-GeometryPack] Health check: ping (timeout=5.0s)...
  [ComfyUI] [ComfyUI-GeometryPack] Health check: ping (timeout=5.0s)...
  [ComfyUI] [ComfyUI-GeometryPack] Health check: ping (timeout=5.0s)...
  [ComfyUI] [ComfyUI-GeometryPack] Health check: ping (timeout=5.0s)...
  [ComfyUI] [ComfyUI-GeometryPack] Health check: ping (timeout=5.0s)...
  [ComfyUI] [ComfyUI-GeometryPack] Health check: ping (timeout=5.0s)...
  [ComfyUI] [ComfyUI-GeometryPack] Health check: ping (timeout=5.0s)...
  [ComfyUI] [ComfyUI-GeometryPack] Health check: ping (timeout=5.0s)...
  [ComfyUI] [ComfyUI-GeometryPack] Health check: ping (timeout=5.0s)...
  [ComfyUI] [ComfyUI-GeometryPack] Health check: ping (timeout=5.0s)...
  [ComfyUI] [ComfyUI-GeometryPack] Health check: ping (timeout=5.0s)...
  [ComfyUI] [ComfyUI-GeometryPack] Health check: ok
  [ComfyUI] [ComfyUI-GeometryPack] Health check: ok
  [ComfyUI] [ComfyUI-GeometryPack] Health check: ok
  [ComfyUI] [ComfyUI-GeometryPack] Health check: ok
  [ComfyUI] [ComfyUI-GeometryPack] Health check: ok
  [ComfyUI] [ComfyUI-GeometryPack] Health check: ok
  [ComfyUI] [ComfyUI-GeometryPack] Health check: ok
  [ComfyUI] [ComfyUI-GeometryPack] Health check: ok
  [ComfyUI] [ComfyUI-GeometryPack] Health check: ok
  [ComfyUI] [ComfyUI-GeometryPack] Health check: ok
  [ComfyUI] [ComfyUI-GeometryPack] Health check: ok
  [ComfyUI] [ComfyUI-GeometryPack] Health check: ok
  [ComfyUI] [ComfyUI-GeometryPack] Health check: ok
  [ComfyUI] [ComfyUI-GeometryPack] Health check: ok
  [ComfyUI] [ComfyUI-GeometryPack] Health check: ok
  [ComfyUI] [ComfyUI-GeometryPack] Health check: ok
  [ComfyUI] [ComfyUI-GeometryPack] Health check: ok
  [ComfyUI] [ComfyUI-GeometryPack] Health check: ok
  [ComfyUI] [ComfyUI-GeometryPack] Health check: ok
  [ComfyUI] [ComfyUI-GeometryPack] Health check: ok
  [ComfyUI] [ComfyUI-GeometryPack] Health check: ok
  [ComfyUI] [ComfyUI-GeometryPack] Health check: ok
  [ComfyUI] [ComfyUI-GeometryPack] Health check: ok
  [ComfyUI] [SubprocessWorker] worker started/confirmed
  [ComfyUI] [SubprocessWorker] worker started/confirmed
  [ComfyUI] [SubprocessWorker] worker started/confirmed
  [ComfyUI] [SubprocessWorker] worker started/confirmed
  [ComfyUI] [SubprocessWorker] worker started/confirmed
  [ComfyUI] [SubprocessWorker] worker started/confirmed
  [ComfyUI] [SubprocessWorker] worker started/confirmed
  [ComfyUI] [SubprocessWorker] worker started/confirmed
  [ComfyUI] [SubprocessWorker] worker started/confirmed
  [ComfyUI] [SubprocessWorker] worker started/confirmed
  [ComfyUI] [SubprocessWorker] worker started/confirmed
  [ComfyUI] [SubprocessWorker] worker started/confirmed
  [ComfyUI] [SubprocessWorker] worker started/confirmed
  [ComfyUI] [SubprocessWorker] worker started/confirmed
  [ComfyUI] [SubprocessWorker] worker started/confirmed
  [ComfyUI] [SubprocessWorker] worker started/confirmed
  [ComfyUI] [SubprocessWorker] worker started/confirmed
  [ComfyUI] [SubprocessWorker] worker started/confirmed
  [ComfyUI] [SubprocessWorker] worker started/confirmed
  [ComfyUI] [SubprocessWorker] worker started/confirmed
  [ComfyUI] [SubprocessWorker] worker started/confirmed
  [ComfyUI] [SubprocessWorker] worker started/confirmed
  [ComfyUI] [SubprocessWorker] worker started/confirmed
  [ComfyUI] [SubprocessWorker] serializing kwargs to shm...
  [ComfyUI] [SubprocessWorker] serializing kwargs to shm...
  [ComfyUI] [SubprocessWorker] serializing kwargs to shm...
  [ComfyUI] [SubprocessWorker] serializing kwargs to shm...
  [ComfyUI] [SubprocessWorker] serializing kwargs to shm...
  [ComfyUI] [SubprocessWorker] serializing kwargs to shm...
  [ComfyUI] [SubprocessWorker] serializing kwargs to shm...
  [ComfyUI] [SubprocessWorker] serializing kwargs to shm...
  [ComfyUI] [SubprocessWorker] serializing kwargs to shm...
  [ComfyUI] [SubprocessWorker] serializing kwargs to shm...
  [ComfyUI] [SubprocessWorker] serializing kwargs to shm...
  [ComfyUI] [SubprocessWorker] serializing kwargs to shm...
  [ComfyUI] [SubprocessWorker] serializing kwargs to shm...
  [ComfyUI] [SubprocessWorker] serializing kwargs to shm...
  [ComfyUI] [SubprocessWorker] serializing kwargs to shm...
  [ComfyUI] [SubprocessWorker] serializing kwargs to shm...
  [ComfyUI] [SubprocessWorker] serializing kwargs to shm...
  [ComfyUI] [SubprocessWorker] serializing kwargs to shm...
  [ComfyUI] [SubprocessWorker] serializing kwargs to shm...
  [ComfyUI] [SubprocessWorker] serializing kwargs to shm...
  [ComfyUI] [SubprocessWorker] serializing kwargs to shm...
  [ComfyUI] [SubprocessWorker] serializing kwargs to shm...
  [ComfyUI] [SubprocessWorker] serializing kwargs to shm...
  [ComfyUI] [SubprocessWorker] created 1 shm blocks
  [ComfyUI] [SubprocessWorker] created 1 shm blocks
  [ComfyUI] [SubprocessWorker] created 1 shm blocks
  [ComfyUI] [SubprocessWorker] created 1 shm blocks
  [ComfyUI] [SubprocessWorker] created 1 shm blocks
  [ComfyUI] [SubprocessWorker] created 1 shm blocks
  [ComfyUI] [SubprocessWorker] created 1 shm blocks
  [ComfyUI] [SubprocessWorker] created 1 shm blocks
  [ComfyUI] [SubprocessWorker] created 1 shm blocks
  [ComfyUI] [SubprocessWorker] created 1 shm blocks
  [ComfyUI] [SubprocessWorker] created 1 shm blocks
  [ComfyUI] [SubprocessWorker] created 1 shm blocks
  [ComfyUI] [SubprocessWorker] created 1 shm blocks
  [ComfyUI] [SubprocessWorker] created 1 shm blocks
  [ComfyUI] [SubprocessWorker] created 1 shm blocks
  [ComfyUI] [SubprocessWorker] created 1 shm blocks
  [ComfyUI] [SubprocessWorker] created 1 shm blocks
  [ComfyUI] [SubprocessWorker] created 1 shm blocks
  [ComfyUI] [SubprocessWorker] created 1 shm blocks
  [ComfyUI] [SubprocessWorker] created 1 shm blocks
  [ComfyUI] [SubprocessWorker] created 1 shm blocks
  [ComfyUI] [SubprocessWorker] created 1 shm blocks
  [ComfyUI] [SubprocessWorker] created 1 shm blocks
  [ComfyUI] [SubprocessWorker] sending request via socket...
  [ComfyUI] [SubprocessWorker] sending request via socket...
  [ComfyUI] [SubprocessWorker] sending request via socket...
  [ComfyUI] [SubprocessWorker] sending request via socket...
  [ComfyUI] [SubprocessWorker] sending request via socket...
  [ComfyUI] [SubprocessWorker] sending request via socket...
  [ComfyUI] [SubprocessWorker] sending request via socket...
  [ComfyUI] [SubprocessWorker] sending request via socket...
  [ComfyUI] [SubprocessWorker] sending request via socket...
  [ComfyUI] [SubprocessWorker] sending request via socket...
  [ComfyUI] [SubprocessWorker] sending request via socket...
  [ComfyUI] [SubprocessWorker] sending request via socket...
  [ComfyUI] [SubprocessWorker] sending request via socket...
  [ComfyUI] [SubprocessWorker] sending request via socket...
  [ComfyUI] [SubprocessWorker] sending request via socket...
  [ComfyUI] [SubprocessWorker] sending request via socket...
  [ComfyUI] [SubprocessWorker] sending request via socket...
  [ComfyUI] [SubprocessWorker] sending request via socket...
  [ComfyUI] [SubprocessWorker] sending request via socket...
  [ComfyUI] [SubprocessWorker] sending request via socket...
  [ComfyUI] [SubprocessWorker] sending request via socket...
  [ComfyUI] [SubprocessWorker] sending request via socket...
  [ComfyUI] [SubprocessWorker] sending request via socket...
  [ComfyUI] [SubprocessWorker] call_id=7 sending call_method
  [ComfyUI] [SubprocessWorker] call_id=7 sending call_method
  [ComfyUI] [SubprocessWorker] call_id=7 sending call_method
  [ComfyUI] [SubprocessWorker] call_id=7 sending call_method
  [ComfyUI] [SubprocessWorker] call_id=7 sending call_method
  [ComfyUI] [SubprocessWorker] call_id=7 sending call_method
  [ComfyUI] [SubprocessWorker] call_id=7 sending call_method
  [ComfyUI] [SubprocessWorker] call_id=7 sending call_method
  [ComfyUI] [SubprocessWorker] call_id=7 sending call_method
  [ComfyUI] [SubprocessWorker] call_id=7 sending call_method
  [ComfyUI] [SubprocessWorker] call_id=7 sending call_method
  [ComfyUI] [SubprocessWorker] call_id=7 sending call_method
  [ComfyUI] [SubprocessWorker] call_id=7 sending call_method
  [ComfyUI] [SubprocessWorker] call_id=7 sending call_method
  [ComfyUI] [SubprocessWorker] call_id=7 sending call_method
  [ComfyUI] [SubprocessWorker] call_id=7 sending call_method
  [ComfyUI] [SubprocessWorker] call_id=7 sending call_method
  [ComfyUI] [SubprocessWorker] call_id=7 sending call_method
  [ComfyUI] [SubprocessWorker] call_id=7 sending call_method
  [ComfyUI] [SubprocessWorker] call_id=7 sending call_method
  [ComfyUI] [SubprocessWorker] call_id=7 sending call_method
  [ComfyUI] [SubprocessWorker] call_id=7 sending call_method
  [ComfyUI] [SubprocessWorker] call_id=7 sending call_method
  Node executed (1 total), capturing...
  [ComfyUI] [worker:ComfyUI-GeometryPack] INFO: CGAL: built Polyhedron_3 (11381 vertices, 22704 facets)
  [ComfyUI] [worker:ComfyUI-GeometryPack] INFO: CGAL: built Polyhedron_3 (11381 vertices, 22704 facets)
  [ComfyUI] [worker:ComfyUI-GeometryPack] INFO: CGAL: built Polyhedron_3 (11381 vertices, 22704 facets)
  [ComfyUI] [worker:ComfyUI-GeometryPack] INFO: CGAL: built Polyhedron_3 (11381 vertices, 22704 facets)
  [ComfyUI] [worker:ComfyUI-GeometryPack] INFO: CGAL: built Polyhedron_3 (11381 vertices, 22704 facets)
  [ComfyUI] [worker:ComfyUI-GeometryPack] INFO: CGAL: built Polyhedron_3 (11381 vertices, 22704 facets)
  [ComfyUI] [worker:ComfyUI-GeometryPack] INFO: CGAL: built Polyhedron_3 (11381 vertices, 22704 facets)
  [ComfyUI] [worker:ComfyUI-GeometryPack] INFO: CGAL: built Polyhedron_3 (11381 vertices, 22704 facets)
  [ComfyUI] [worker:ComfyUI-GeometryPack] INFO: CGAL: built Polyhedron_3 (11381 vertices, 22704 facets)
  [ComfyUI] [worker:ComfyUI-GeometryPack] INFO: CGAL: built Polyhedron_3 (11381 vertices, 22704 facets)
  [ComfyUI] [worker:ComfyUI-GeometryPack] INFO: CGAL: built Polyhedron_3 (11381 vertices, 22704 facets)
  [ComfyUI] [worker:ComfyUI-GeometryPack] INFO: CGAL: built Polyhedron_3 (11381 vertices, 22704 facets)
  [ComfyUI] [worker:ComfyUI-GeometryPack] INFO: CGAL: built Polyhedron_3 (11381 vertices, 22704 facets)
  [ComfyUI] [worker:ComfyUI-GeometryPack] INFO: CGAL: built Polyhedron_3 (11381 vertices, 22704 facets)
  [ComfyUI] [worker:ComfyUI-GeometryPack] INFO: CGAL: built Polyhedron_3 (11381 vertices, 22704 facets)
  [ComfyUI] [worker:ComfyUI-GeometryPack] INFO: CGAL: built Polyhedron_3 (11381 vertices, 22704 facets)
  [ComfyUI] [worker:ComfyUI-GeometryPack] INFO: CGAL: built Polyhedron_3 (11381 vertices, 22704 facets)
  [ComfyUI] [worker:ComfyUI-GeometryPack] INFO: CGAL: built Polyhedron_3 (11381 vertices, 22704 facets)
  [ComfyUI] [worker:ComfyUI-GeometryPack] INFO: CGAL: built Polyhedron_3 (11381 vertices, 22704 facets)
  [ComfyUI] [worker:ComfyUI-GeometryPack] INFO: CGAL: built Polyhedron_3 (11381 vertices, 22704 facets)
  [ComfyUI] [worker:ComfyUI-GeometryPack] INFO: CGAL: built Polyhedron_3 (11381 vertices, 22704 facets)
  [ComfyUI] [worker:ComfyUI-GeometryPack] INFO: CGAL: built Polyhedron_3 (11381 vertices, 22704 facets)
  [ComfyUI] [worker:ComfyUI-GeometryPack] INFO: CGAL: built Polyhedron_3 (11381 vertices, 22704 facets)
  [ComfyUI] [worker:ComfyUI-GeometryPack] INFO: CGAL: found 56 holes
  [ComfyUI] [worker:ComfyUI-GeometryPack] INFO: CGAL: found 56 holes
  [ComfyUI] [worker:ComfyUI-GeometryPack] INFO: CGAL: found 56 holes
  [ComfyUI] [worker:ComfyUI-GeometryPack] INFO: CGAL: found 56 holes
  [ComfyUI] [worker:ComfyUI-GeometryPack] INFO: CGAL: found 56 holes
  [ComfyUI] [worker:ComfyUI-GeometryPack] INFO: CGAL: found 56 holes
  [ComfyUI] [worker:ComfyUI-GeometryPack] INFO: CGAL: found 56 holes
  [ComfyUI] [worker:ComfyUI-GeometryPack] INFO: CGAL: found 56 holes
  [ComfyUI] [worker:ComfyUI-GeometryPack] INFO: CGAL: found 56 holes
  [ComfyUI] [worker:ComfyUI-GeometryPack] INFO: CGAL: found 56 holes
  [ComfyUI] [worker:ComfyUI-GeometryPack] INFO: CGAL: found 56 holes
  [ComfyUI] [worker:ComfyUI-GeometryPack] INFO: CGAL: found 56 holes
  [ComfyUI] [worker:ComfyUI-GeometryPack] INFO: CGAL: found 56 holes
  [ComfyUI] [worker:ComfyUI-GeometryPack] INFO: CGAL: found 56 holes
  [ComfyUI] [worker:ComfyUI-GeometryPack] INFO: CGAL: found 56 holes
  [ComfyUI] [worker:ComfyUI-GeometryPack] INFO: CGAL: found 56 holes
  [ComfyUI] [worker:ComfyUI-GeometryPack] INFO: CGAL: found 56 holes
  [ComfyUI] [worker:ComfyUI-GeometryPack] INFO: CGAL: found 56 holes
  [ComfyUI] [worker:ComfyUI-GeometryPack] INFO: CGAL: found 56 holes
  [ComfyUI] [worker:ComfyUI-GeometryPack] INFO: CGAL: found 56 holes
  [ComfyUI] [worker:ComfyUI-GeometryPack] INFO: CGAL: found 56 holes
  [ComfyUI] [worker:ComfyUI-GeometryPack] INFO: CGAL: found 56 holes
  [ComfyUI] [worker:ComfyUI-GeometryPack] INFO: CGAL: found 56 holes
  Frame 5 saved (frame_004.jpg, t=20.7s)
  [capture-node] freeze=4ms shot=100ms unfreeze=4ms saved=True
  [ComfyUI] [worker:ComfyUI-GeometryPack] INFO: CGAL triangulate: filled 56/56 holes, +109 faces, watertight: False -> False
  [ComfyUI] [worker:ComfyUI-GeometryPack] INFO: CGAL triangulate: filled 56/56 holes, +109 faces, watertight: False -> False
  [ComfyUI] [worker:ComfyUI-GeometryPack] INFO: CGAL triangulate: filled 56/56 holes, +109 faces, watertight: False -> False
  [ComfyUI] [worker:ComfyUI-GeometryPack] INFO: CGAL triangulate: filled 56/56 holes, +109 faces, watertight: False -> False
  [ComfyUI] [worker:ComfyUI-GeometryPack] INFO: CGAL triangulate: filled 56/56 holes, +109 faces, watertight: False -> False
  [ComfyUI] [worker:ComfyUI-GeometryPack] INFO: CGAL triangulate: filled 56/56 holes, +109 faces, watertight: False -> False
  [ComfyUI] [worker:ComfyUI-GeometryPack] INFO: CGAL triangulate: filled 56/56 holes, +109 faces, watertight: False -> False
  [ComfyUI] [worker:ComfyUI-GeometryPack] INFO: CGAL triangulate: filled 56/56 holes, +109 faces, watertight: False -> False
  [ComfyUI] [worker:ComfyUI-GeometryPack] INFO: CGAL triangulate: filled 56/56 holes, +109 faces, watertight: False -> False
  [ComfyUI] [worker:ComfyUI-GeometryPack] INFO: CGAL triangulate: filled 56/56 holes, +109 faces, watertight: False -> False
  [ComfyUI] [worker:ComfyUI-GeometryPack] INFO: CGAL triangulate: filled 56/56 holes, +109 faces, watertight: False -> False
  [ComfyUI] [worker:ComfyUI-GeometryPack] INFO: CGAL triangulate: filled 56/56 holes, +109 faces, watertight: False -> False
  [ComfyUI] [worker:ComfyUI-GeometryPack] INFO: CGAL triangulate: filled 56/56 holes, +109 faces, watertight: False -> False
  [ComfyUI] [worker:ComfyUI-GeometryPack] INFO: CGAL triangulate: filled 56/56 holes, +109 faces, watertight: False -> False
  [ComfyUI] [worker:ComfyUI-GeometryPack] INFO: CGAL triangulate: filled 56/56 holes, +109 faces, watertight: False -> False
  [ComfyUI] [worker:ComfyUI-GeometryPack] INFO: CGAL triangulate: filled 56/56 holes, +109 faces, watertight: False -> False
  [ComfyUI] [worker:ComfyUI-GeometryPack] INFO: CGAL triangulate: filled 56/56 holes, +109 faces, watertight: False -> False
  [ComfyUI] [worker:ComfyUI-GeometryPack] INFO: CGAL triangulate: filled 56/56 holes, +109 faces, watertight: False -> False
  [ComfyUI] [worker:ComfyUI-GeometryPack] INFO: CGAL triangulate: filled 56/56 holes, +109 faces, watertight: False -> False
  [ComfyUI] [worker:ComfyUI-GeometryPack] INFO: CGAL triangulate: filled 56/56 holes, +109 faces, watertight: False -> False
  [ComfyUI] [worker:ComfyUI-GeometryPack] INFO: CGAL triangulate: filled 56/56 holes, +109 faces, watertight: False -> False
  [ComfyUI] [worker:ComfyUI-GeometryPack] INFO: CGAL triangulate: filled 56/56 holes, +109 faces, watertight: False -> False
  [ComfyUI] [worker:ComfyUI-GeometryPack] INFO: CGAL triangulate: filled 56/56 holes, +109 faces, watertight: False -> False
  [ComfyUI] [SubprocessWorker] got response: ok
  [ComfyUI] [SubprocessWorker] got response: ok
  [ComfyUI] [SubprocessWorker] got response: ok
  [ComfyUI] [SubprocessWorker] got response: ok
  [ComfyUI] [SubprocessWorker] got response: ok
  [ComfyUI] [SubprocessWorker] got response: ok
  [ComfyUI] [SubprocessWorker] got response: ok
  [ComfyUI] [SubprocessWorker] got response: ok
  [ComfyUI] [SubprocessWorker] got response: ok
  [ComfyUI] [SubprocessWorker] got response: ok
  [ComfyUI] [SubprocessWorker] got response: ok
  [ComfyUI] [SubprocessWorker] got response: ok
  [ComfyUI] [SubprocessWorker] got response: ok
  [ComfyUI] [SubprocessWorker] got response: ok
  [ComfyUI] [SubprocessWorker] got response: ok
  [ComfyUI] [SubprocessWorker] got response: ok
  [ComfyUI] [SubprocessWorker] got response: ok
  [ComfyUI] [SubprocessWorker] got response: ok
  [ComfyUI] [SubprocessWorker] got response: ok
  [ComfyUI] [SubprocessWorker] got response: ok
  [ComfyUI] [SubprocessWorker] got response: ok
  [ComfyUI] [SubprocessWorker] got response: ok
  [ComfyUI] [SubprocessWorker] got response: ok
  [ComfyUI] [comfy-env] GeomPackFillHoles_CGAL done (0.62s): result: NodeOutput
  [ComfyUI] [comfy-env] GeomPackFillHoles_CGAL done (0.62s): result: NodeOutput
  [ComfyUI] [comfy-env] GeomPackFillHoles_CGAL done (0.62s): result: NodeOutput
  [ComfyUI] [comfy-env] GeomPackFillHoles_CGAL done (0.62s): result: NodeOutput
  [ComfyUI] [comfy-env] GeomPackFillHoles_CGAL done (0.62s): result: NodeOutput
  [ComfyUI] [comfy-env] GeomPackFillHoles_CGAL done (0.62s): result: NodeOutput
  [ComfyUI] [comfy-env] GeomPackFillHoles_CGAL done (0.62s): result: NodeOutput
  [ComfyUI] [comfy-env] GeomPackFillHoles_CGAL done (0.62s): result: NodeOutput
  [ComfyUI] [comfy-env] GeomPackFillHoles_CGAL done (0.62s): result: NodeOutput
  [ComfyUI] [comfy-env] GeomPackFillHoles_CGAL done (0.62s): result: NodeOutput
  [ComfyUI] [comfy-env] GeomPackFillHoles_CGAL done (0.62s): result: NodeOutput
  [ComfyUI] [comfy-env] GeomPackFillHoles_CGAL done (0.62s): result: NodeOutput
  [ComfyUI] [comfy-env] GeomPackFillHoles_CGAL done (0.62s): result: NodeOutput
  [ComfyUI] [comfy-env] GeomPackFillHoles_CGAL done (0.62s): result: NodeOutput
  [ComfyUI] [comfy-env] GeomPackFillHoles_CGAL done (0.62s): result: NodeOutput
  [ComfyUI] [comfy-env] GeomPackFillHoles_CGAL done (0.62s): result: NodeOutput
  [ComfyUI] [comfy-env] GeomPackFillHoles_CGAL done (0.62s): result: NodeOutput
  [ComfyUI] [comfy-env] GeomPackFillHoles_CGAL done (0.62s): result: NodeOutput
  [ComfyUI] [comfy-env] GeomPackFillHoles_CGAL done (0.62s): result: NodeOutput
  [ComfyUI] [comfy-env] GeomPackFillHoles_CGAL done (0.62s): result: NodeOutput
  [ComfyUI] [comfy-env] GeomPackFillHoles_CGAL done (0.62s): result: NodeOutput
  [ComfyUI] [comfy-env] GeomPackFillHoles_CGAL done (0.62s): result: NodeOutput
  [ComfyUI] [comfy-env] GeomPackFillHoles_CGAL done (0.62s): result: NodeOutput
  [ComfyUI] [VRAM] After GeomPackFillHoles_CGAL: 1271 / 24575 MB
  [ComfyUI] [VRAM] After GeomPackFillHoles_CGAL: 1271 / 24575 MB
  [ComfyUI] [VRAM] After GeomPackFillHoles_CGAL: 1271 / 24575 MB
  [ComfyUI] [VRAM] After GeomPackFillHoles_CGAL: 1271 / 24575 MB
  [ComfyUI] [VRAM] After GeomPackFillHoles_CGAL: 1271 / 24575 MB
  [ComfyUI] [VRAM] After GeomPackFillHoles_CGAL: 1271 / 24575 MB
  [ComfyUI] [VRAM] After GeomPackFillHoles_CGAL: 1271 / 24575 MB
  [ComfyUI] [VRAM] After GeomPackFillHoles_CGAL: 1271 / 24575 MB
  [ComfyUI] [VRAM] After GeomPackFillHoles_CGAL: 1271 / 24575 MB
  [ComfyUI] [VRAM] After GeomPackFillHoles_CGAL: 1271 / 24575 MB
  [ComfyUI] [VRAM] After GeomPackFillHoles_CGAL: 1271 / 24575 MB
  [ComfyUI] [VRAM] After GeomPackFillHoles_CGAL: 1271 / 24575 MB
  [ComfyUI] [VRAM] After GeomPackFillHoles_CGAL: 1271 / 24575 MB
  [ComfyUI] [VRAM] After GeomPackFillHoles_CGAL: 1271 / 24575 MB
  [ComfyUI] [VRAM] After GeomPackFillHoles_CGAL: 1271 / 24575 MB
  [ComfyUI] [VRAM] After GeomPackFillHoles_CGAL: 1271 / 24575 MB
  [ComfyUI] [VRAM] After GeomPackFillHoles_CGAL: 1271 / 24575 MB
  [ComfyUI] [VRAM] After GeomPackFillHoles_CGAL: 1271 / 24575 MB
  [ComfyUI] [VRAM] After GeomPackFillHoles_CGAL: 1271 / 24575 MB
  [ComfyUI] [VRAM] After GeomPackFillHoles_CGAL: 1271 / 24575 MB
  [ComfyUI] [VRAM] After GeomPackFillHoles_CGAL: 1271 / 24575 MB
  [ComfyUI] [VRAM] After GeomPackFillHoles_CGAL: 1271 / 24575 MB
  [ComfyUI] [VRAM] After GeomPackFillHoles_CGAL: 1271 / 24575 MB
  [ComfyUI] [comfy-env] Running GeomPackFillHoles_IglFan: mesh: Trimesh
  [ComfyUI] [comfy-env] Running GeomPackFillHoles_IglFan: mesh: Trimesh
  [ComfyUI] [comfy-env] Running GeomPackFillHoles_IglFan: mesh: Trimesh
  [ComfyUI] [comfy-env] Running GeomPackFillHoles_IglFan: mesh: Trimesh
  [ComfyUI] [comfy-env] Running GeomPackFillHoles_IglFan: mesh: Trimesh
  [ComfyUI] [comfy-env] Running GeomPackFillHoles_IglFan: mesh: Trimesh
  [ComfyUI] [comfy-env] Running GeomPackFillHoles_IglFan: mesh: Trimesh
  [ComfyUI] [comfy-env] Running GeomPackFillHoles_IglFan: mesh: Trimesh
  [ComfyUI] [comfy-env] Running GeomPackFillHoles_IglFan: mesh: Trimesh
  [ComfyUI] [comfy-env] Running GeomPackFillHoles_IglFan: mesh: Trimesh
  [ComfyUI] [comfy-env] Running GeomPackFillHoles_IglFan: mesh: Trimesh
  [ComfyUI] [comfy-env] Running GeomPackFillHoles_IglFan: mesh: Trimesh
  [ComfyUI] [comfy-env] Running GeomPackFillHoles_IglFan: mesh: Trimesh
  [ComfyUI] [comfy-env] Running GeomPackFillHoles_IglFan: mesh: Trimesh
  [ComfyUI] [comfy-env] Running GeomPackFillHoles_IglFan: mesh: Trimesh
  [ComfyUI] [comfy-env] Running GeomPackFillHoles_IglFan: mesh: Trimesh
  [ComfyUI] [comfy-env] Running GeomPackFillHoles_IglFan: mesh: Trimesh
  [ComfyUI] [comfy-env] Running GeomPackFillHoles_IglFan: mesh: Trimesh
  [ComfyUI] [comfy-env] Running GeomPackFillHoles_IglFan: mesh: Trimesh
  [ComfyUI] [comfy-env] Running GeomPackFillHoles_IglFan: mesh: Trimesh
  [ComfyUI] [comfy-env] Running GeomPackFillHoles_IglFan: mesh: Trimesh
  [ComfyUI] [comfy-env] Running GeomPackFillHoles_IglFan: mesh: Trimesh
  [ComfyUI] [comfy-env] Running GeomPackFillHoles_IglFan: mesh: Trimesh
  [ComfyUI] [VRAM] Before GeomPackFillHoles_IglFan: 1271 / 24575 MB
  [ComfyUI] [VRAM] Before GeomPackFillHoles_IglFan: 1271 / 24575 MB
  [ComfyUI] [VRAM] Before GeomPackFillHoles_IglFan: 1271 / 24575 MB
  [ComfyUI] [VRAM] Before GeomPackFillHoles_IglFan: 1271 / 24575 MB
  [ComfyUI] [VRAM] Before GeomPackFillHoles_IglFan: 1271 / 24575 MB
  [ComfyUI] [VRAM] Before GeomPackFillHoles_IglFan: 1271 / 24575 MB
  [ComfyUI] [VRAM] Before GeomPackFillHoles_IglFan: 1271 / 24575 MB
  [ComfyUI] [VRAM] Before GeomPackFillHoles_IglFan: 1271 / 24575 MB
  [ComfyUI] [VRAM] Before GeomPackFillHoles_IglFan: 1271 / 24575 MB
  [ComfyUI] [VRAM] Before GeomPackFillHoles_IglFan: 1271 / 24575 MB
  [ComfyUI] [VRAM] Before GeomPackFillHoles_IglFan: 1271 / 24575 MB
  [ComfyUI] [VRAM] Before GeomPackFillHoles_IglFan: 1271 / 24575 MB
  [ComfyUI] [VRAM] Before GeomPackFillHoles_IglFan: 1271 / 24575 MB
  [ComfyUI] [VRAM] Before GeomPackFillHoles_IglFan: 1271 / 24575 MB
  [ComfyUI] [VRAM] Before GeomPackFillHoles_IglFan: 1271 / 24575 MB
  [ComfyUI] [VRAM] Before GeomPackFillHoles_IglFan: 1271 / 24575 MB
  [ComfyUI] [VRAM] Before GeomPackFillHoles_IglFan: 1271 / 24575 MB
  [ComfyUI] [VRAM] Before GeomPackFillHoles_IglFan: 1271 / 24575 MB
  [ComfyUI] [VRAM] Before GeomPackFillHoles_IglFan: 1271 / 24575 MB
  [ComfyUI] [VRAM] Before GeomPackFillHoles_IglFan: 1271 / 24575 MB
  [ComfyUI] [VRAM] Before GeomPackFillHoles_IglFan: 1271 / 24575 MB
  [ComfyUI] [VRAM] Before GeomPackFillHoles_IglFan: 1271 / 24575 MB
  [ComfyUI] [VRAM] Before GeomPackFillHoles_IglFan: 1271 / 24575 MB
  [ComfyUI] [SubprocessWorker] call_method: nodes.main.repair.backends.igl_fan_fill.FillHolesIglFanNode.EXECUTE_NORMALIZED
  [ComfyUI] [SubprocessWorker] call_method: nodes.main.repair.backends.igl_fan_fill.FillHolesIglFanNode.EXECUTE_NORMALIZED
  [ComfyUI] [SubprocessWorker] call_method: nodes.main.repair.backends.igl_fan_fill.FillHolesIglFanNode.EXECUTE_NORMALIZED
  [ComfyUI] [SubprocessWorker] call_method: nodes.main.repair.backends.igl_fan_fill.FillHolesIglFanNode.EXECUTE_NORMALIZED
  [ComfyUI] [SubprocessWorker] call_method: nodes.main.repair.backends.igl_fan_fill.FillHolesIglFanNode.EXECUTE_NORMALIZED
  [ComfyUI] [SubprocessWorker] call_method: nodes.main.repair.backends.igl_fan_fill.FillHolesIglFanNode.EXECUTE_NORMALIZED
  [ComfyUI] [SubprocessWorker] call_method: nodes.main.repair.backends.igl_fan_fill.FillHolesIglFanNode.EXECUTE_NORMALIZED
  [ComfyUI] [SubprocessWorker] call_method: nodes.main.repair.backends.igl_fan_fill.FillHolesIglFanNode.EXECUTE_NORMALIZED
  [ComfyUI] [SubprocessWorker] call_method: nodes.main.repair.backends.igl_fan_fill.FillHolesIglFanNode.EXECUTE_NORMALIZED
  [ComfyUI] [SubprocessWorker] call_method: nodes.main.repair.backends.igl_fan_fill.FillHolesIglFanNode.EXECUTE_NORMALIZED
  [ComfyUI] [SubprocessWorker] call_method: nodes.main.repair.backends.igl_fan_fill.FillHolesIglFanNode.EXECUTE_NORMALIZED
  [ComfyUI] [SubprocessWorker] call_method: nodes.main.repair.backends.igl_fan_fill.FillHolesIglFanNode.EXECUTE_NORMALIZED
  [ComfyUI] [SubprocessWorker] call_method: nodes.main.repair.backends.igl_fan_fill.FillHolesIglFanNode.EXECUTE_NORMALIZED
  [ComfyUI] [SubprocessWorker] call_method: nodes.main.repair.backends.igl_fan_fill.FillHolesIglFanNode.EXECUTE_NORMALIZED
  [ComfyUI] [SubprocessWorker] call_method: nodes.main.repair.backends.igl_fan_fill.FillHolesIglFanNode.EXECUTE_NORMALIZED
  [ComfyUI] [SubprocessWorker] call_method: nodes.main.repair.backends.igl_fan_fill.FillHolesIglFanNode.EXECUTE_NORMALIZED
  [ComfyUI] [SubprocessWorker] call_method: nodes.main.repair.backends.igl_fan_fill.FillHolesIglFanNode.EXECUTE_NORMALIZED
  [ComfyUI] [SubprocessWorker] call_method: nodes.main.repair.backends.igl_fan_fill.FillHolesIglFanNode.EXECUTE_NORMALIZED
  [ComfyUI] [SubprocessWorker] call_method: nodes.main.repair.backends.igl_fan_fill.FillHolesIglFanNode.EXECUTE_NORMALIZED
  [ComfyUI] [SubprocessWorker] call_method: nodes.main.repair.backends.igl_fan_fill.FillHolesIglFanNode.EXECUTE_NORMALIZED
  [ComfyUI] [SubprocessWorker] call_method: nodes.main.repair.backends.igl_fan_fill.FillHolesIglFanNode.EXECUTE_NORMALIZED
  [ComfyUI] [SubprocessWorker] call_method: nodes.main.repair.backends.igl_fan_fill.FillHolesIglFanNode.EXECUTE_NORMALIZED
  [ComfyUI] [SubprocessWorker] call_method: nodes.main.repair.backends.igl_fan_fill.FillHolesIglFanNode.EXECUTE_NORMALIZED
  [ComfyUI] [SubprocessWorker] acquired lock, ensuring started...
  [ComfyUI] [SubprocessWorker] acquired lock, ensuring started...
  [ComfyUI] [SubprocessWorker] acquired lock, ensuring started...
  [ComfyUI] [SubprocessWorker] acquired lock, ensuring started...
  [ComfyUI] [SubprocessWorker] acquired lock, ensuring started...
  [ComfyUI] [SubprocessWorker] acquired lock, ensuring started...
  [ComfyUI] [SubprocessWorker] acquired lock, ensuring started...
  [ComfyUI] [SubprocessWorker] acquired lock, ensuring started...
  [ComfyUI] [SubprocessWorker] acquired lock, ensuring started...
  [ComfyUI] [SubprocessWorker] acquired lock, ensuring started...
  [ComfyUI] [SubprocessWorker] acquired lock, ensuring started...
  [ComfyUI] [SubprocessWorker] acquired lock, ensuring started...
  [ComfyUI] [SubprocessWorker] acquired lock, ensuring started...
  [ComfyUI] [SubprocessWorker] acquired lock, ensuring started...
  [ComfyUI] [SubprocessWorker] acquired lock, ensuring started...
  [ComfyUI] [SubprocessWorker] acquired lock, ensuring started...
  [ComfyUI] [SubprocessWorker] acquired lock, ensuring started...
  [ComfyUI] [SubprocessWorker] acquired lock, ensuring started...
  [ComfyUI] [SubprocessWorker] acquired lock, ensuring started...
  [ComfyUI] [SubprocessWorker] acquired lock, ensuring started...
  [ComfyUI] [SubprocessWorker] acquired lock, ensuring started...
  [ComfyUI] [SubprocessWorker] acquired lock, ensuring started...
  [ComfyUI] [SubprocessWorker] acquired lock, ensuring started...
  [ComfyUI] [ComfyUI-GeometryPack] Health check: ping (timeout=5.0s)...
  [ComfyUI] [ComfyUI-GeometryPack] Health check: ping (timeout=5.0s)...
  [ComfyUI] [ComfyUI-GeometryPack] Health check: ping (timeout=5.0s)...
  [ComfyUI] [ComfyUI-GeometryPack] Health check: ping (timeout=5.0s)...
  [ComfyUI] [ComfyUI-GeometryPack] Health check: ping (timeout=5.0s)...
  [ComfyUI] [ComfyUI-GeometryPack] Health check: ping (timeout=5.0s)...
  [ComfyUI] [ComfyUI-GeometryPack] Health check: ping (timeout=5.0s)...
  [ComfyUI] [ComfyUI-GeometryPack] Health check: ping (timeout=5.0s)...
  [ComfyUI] [ComfyUI-GeometryPack] Health check: ping (timeout=5.0s)...
  [ComfyUI] [ComfyUI-GeometryPack] Health check: ping (timeout=5.0s)...
  [ComfyUI] [ComfyUI-GeometryPack] Health check: ping (timeout=5.0s)...
  [ComfyUI] [ComfyUI-GeometryPack] Health check: ping (timeout=5.0s)...
  [ComfyUI] [ComfyUI-GeometryPack] Health check: ping (timeout=5.0s)...
  [ComfyUI] [ComfyUI-GeometryPack] Health check: ping (timeout=5.0s)...
  [ComfyUI] [ComfyUI-GeometryPack] Health check: ping (timeout=5.0s)...
  [ComfyUI] [ComfyUI-GeometryPack] Health check: ping (timeout=5.0s)...
  [ComfyUI] [ComfyUI-GeometryPack] Health check: ping (timeout=5.0s)...
  [ComfyUI] [ComfyUI-GeometryPack] Health check: ping (timeout=5.0s)...
  [ComfyUI] [ComfyUI-GeometryPack] Health check: ping (timeout=5.0s)...
  [ComfyUI] [ComfyUI-GeometryPack] Health check: ping (timeout=5.0s)...
  [ComfyUI] [ComfyUI-GeometryPack] Health check: ping (timeout=5.0s)...
  [ComfyUI] [ComfyUI-GeometryPack] Health check: ping (timeout=5.0s)...
  [ComfyUI] [ComfyUI-GeometryPack] Health check: ping (timeout=5.0s)...
  [ComfyUI] [ComfyUI-GeometryPack] Health check: ok
  [ComfyUI] [ComfyUI-GeometryPack] Health check: ok
  [ComfyUI] [ComfyUI-GeometryPack] Health check: ok
  [ComfyUI] [ComfyUI-GeometryPack] Health check: ok
  [ComfyUI] [ComfyUI-GeometryPack] Health check: ok
  [ComfyUI] [ComfyUI-GeometryPack] Health check: ok
  [ComfyUI] [ComfyUI-GeometryPack] Health check: ok
  [ComfyUI] [ComfyUI-GeometryPack] Health check: ok
  [ComfyUI] [ComfyUI-GeometryPack] Health check: ok
  [ComfyUI] [ComfyUI-GeometryPack] Health check: ok
  [ComfyUI] [ComfyUI-GeometryPack] Health check: ok
  [ComfyUI] [ComfyUI-GeometryPack] Health check: ok
  [ComfyUI] [ComfyUI-GeometryPack] Health check: ok
  [ComfyUI] [ComfyUI-GeometryPack] Health check: ok
  [ComfyUI] [ComfyUI-GeometryPack] Health check: ok
  [ComfyUI] [ComfyUI-GeometryPack] Health check: ok
  [ComfyUI] [ComfyUI-GeometryPack] Health check: ok
  [ComfyUI] [ComfyUI-GeometryPack] Health check: ok
  [ComfyUI] [ComfyUI-GeometryPack] Health check: ok
  [ComfyUI] [ComfyUI-GeometryPack] Health check: ok
  [ComfyUI] [ComfyUI-GeometryPack] Health check: ok
  [ComfyUI] [ComfyUI-GeometryPack] Health check: ok
  [ComfyUI] [ComfyUI-GeometryPack] Health check: ok
  [ComfyUI] [SubprocessWorker] worker started/confirmed
  [ComfyUI] [SubprocessWorker] worker started/confirmed
  [ComfyUI] [SubprocessWorker] worker started/confirmed
  [ComfyUI] [SubprocessWorker] worker started/confirmed
  [ComfyUI] [SubprocessWorker] worker started/confirmed
  [ComfyUI] [SubprocessWorker] worker started/confirmed
  [ComfyUI] [SubprocessWorker] worker started/confirmed
  [ComfyUI] [SubprocessWorker] worker started/confirmed
  [ComfyUI] [SubprocessWorker] worker started/confirmed
  [ComfyUI] [SubprocessWorker] worker started/confirmed
  [ComfyUI] [SubprocessWorker] worker started/confirmed
  [ComfyUI] [SubprocessWorker] worker started/confirmed
  [ComfyUI] [SubprocessWorker] worker started/confirmed
  [ComfyUI] [SubprocessWorker] worker started/confirmed
  [ComfyUI] [SubprocessWorker] worker started/confirmed
  [ComfyUI] [SubprocessWorker] worker started/confirmed
  [ComfyUI] [SubprocessWorker] worker started/confirmed
  [ComfyUI] [SubprocessWorker] worker started/confirmed
  [ComfyUI] [SubprocessWorker] worker started/confirmed
  [ComfyUI] [SubprocessWorker] worker started/confirmed
  [ComfyUI] [SubprocessWorker] worker started/confirmed
  [ComfyUI] [SubprocessWorker] worker started/confirmed
  [ComfyUI] [SubprocessWorker] worker started/confirmed
  [ComfyUI] [SubprocessWorker] serializing kwargs to shm...
  [ComfyUI] [SubprocessWorker] serializing kwargs to shm...
  [ComfyUI] [SubprocessWorker] serializing kwargs to shm...
  [ComfyUI] [SubprocessWorker] serializing kwargs to shm...
  [ComfyUI] [SubprocessWorker] serializing kwargs to shm...
  [ComfyUI] [SubprocessWorker] serializing kwargs to shm...
  [ComfyUI] [SubprocessWorker] serializing kwargs to shm...
  [ComfyUI] [SubprocessWorker] serializing kwargs to shm...
  [ComfyUI] [SubprocessWorker] serializing kwargs to shm...
  [ComfyUI] [SubprocessWorker] serializing kwargs to shm...
  [ComfyUI] [SubprocessWorker] serializing kwargs to shm...
  [ComfyUI] [SubprocessWorker] serializing kwargs to shm...
  [ComfyUI] [SubprocessWorker] serializing kwargs to shm...
  [ComfyUI] [SubprocessWorker] serializing kwargs to shm...
  [ComfyUI] [SubprocessWorker] serializing kwargs to shm...
  [ComfyUI] [SubprocessWorker] serializing kwargs to shm...
  [ComfyUI] [SubprocessWorker] serializing kwargs to shm...
  [ComfyUI] [SubprocessWorker] serializing kwargs to shm...
  [ComfyUI] [SubprocessWorker] serializing kwargs to shm...
  [ComfyUI] [SubprocessWorker] serializing kwargs to shm...
  [ComfyUI] [SubprocessWorker] serializing kwargs to shm...
  [ComfyUI] [SubprocessWorker] serializing kwargs to shm...
  [ComfyUI] [SubprocessWorker] serializing kwargs to shm...
  [ComfyUI] [SubprocessWorker] created 1 shm blocks
  [ComfyUI] [SubprocessWorker] created 1 shm blocks
  [ComfyUI] [SubprocessWorker] created 1 shm blocks
  [ComfyUI] [SubprocessWorker] created 1 shm blocks
  [ComfyUI] [SubprocessWorker] created 1 shm blocks
  [ComfyUI] [SubprocessWorker] created 1 shm blocks
  [ComfyUI] [SubprocessWorker] created 1 shm blocks
  [ComfyUI] [SubprocessWorker] created 1 shm blocks
  [ComfyUI] [SubprocessWorker] created 1 shm blocks
  [ComfyUI] [SubprocessWorker] created 1 shm blocks
  [ComfyUI] [SubprocessWorker] created 1 shm blocks
  [ComfyUI] [SubprocessWorker] created 1 shm blocks
  [ComfyUI] [SubprocessWorker] created 1 shm blocks
  [ComfyUI] [SubprocessWorker] created 1 shm blocks
  [ComfyUI] [SubprocessWorker] created 1 shm blocks
  [ComfyUI] [SubprocessWorker] created 1 shm blocks
  [ComfyUI] [SubprocessWorker] created 1 shm blocks
  [ComfyUI] [SubprocessWorker] created 1 shm blocks
  [ComfyUI] [SubprocessWorker] created 1 shm blocks
  [ComfyUI] [SubprocessWorker] created 1 shm blocks
  [ComfyUI] [SubprocessWorker] created 1 shm blocks
  [ComfyUI] [SubprocessWorker] created 1 shm blocks
  [ComfyUI] [SubprocessWorker] created 1 shm blocks
  [ComfyUI] [SubprocessWorker] sending request via socket...
  [ComfyUI] [SubprocessWorker] sending request via socket...
  [ComfyUI] [SubprocessWorker] sending request via socket...
  [ComfyUI] [SubprocessWorker] sending request via socket...
  [ComfyUI] [SubprocessWorker] sending request via socket...
  [ComfyUI] [SubprocessWorker] sending request via socket...
  [ComfyUI] [SubprocessWorker] sending request via socket...
  [ComfyUI] [SubprocessWorker] sending request via socket...
  [ComfyUI] [SubprocessWorker] sending request via socket...
  [ComfyUI] [SubprocessWorker] sending request via socket...
  [ComfyUI] [SubprocessWorker] sending request via socket...
  [ComfyUI] [SubprocessWorker] sending request via socket...
  [ComfyUI] [SubprocessWorker] sending request via socket...
  [ComfyUI] [SubprocessWorker] sending request via socket...
  [ComfyUI] [SubprocessWorker] sending request via socket...
  [ComfyUI] [SubprocessWorker] sending request via socket...
  [ComfyUI] [SubprocessWorker] sending request via socket...
  [ComfyUI] [SubprocessWorker] sending request via socket...
  [ComfyUI] [SubprocessWorker] sending request via socket...
  [ComfyUI] [SubprocessWorker] sending request via socket...
  [ComfyUI] [SubprocessWorker] sending request via socket...
  [ComfyUI] [SubprocessWorker] sending request via socket...
  [ComfyUI] [SubprocessWorker] sending request via socket...
  [ComfyUI] [SubprocessWorker] call_id=8 sending call_method
  [ComfyUI] [SubprocessWorker] call_id=8 sending call_method
  [ComfyUI] [SubprocessWorker] call_id=8 sending call_method
  [ComfyUI] [SubprocessWorker] call_id=8 sending call_method
  [ComfyUI] [SubprocessWorker] call_id=8 sending call_method
  [ComfyUI] [SubprocessWorker] call_id=8 sending call_method
  [ComfyUI] [SubprocessWorker] call_id=8 sending call_method
  [ComfyUI] [SubprocessWorker] call_id=8 sending call_method
  [ComfyUI] [SubprocessWorker] call_id=8 sending call_method
  [ComfyUI] [SubprocessWorker] call_id=8 sending call_method
  [ComfyUI] [SubprocessWorker] call_id=8 sending call_method
  [ComfyUI] [SubprocessWorker] call_id=8 sending call_method
  [ComfyUI] [SubprocessWorker] call_id=8 sending call_method
  [ComfyUI] [SubprocessWorker] call_id=8 sending call_method
  [ComfyUI] [SubprocessWorker] call_id=8 sending call_method
  [ComfyUI] [SubprocessWorker] call_id=8 sending call_method
  [ComfyUI] [SubprocessWorker] call_id=8 sending call_method
  [ComfyUI] [SubprocessWorker] call_id=8 sending call_method
  [ComfyUI] [SubprocessWorker] call_id=8 sending call_method
  [ComfyUI] [SubprocessWorker] call_id=8 sending call_method
  [ComfyUI] [SubprocessWorker] call_id=8 sending call_method
  [ComfyUI] [SubprocessWorker] call_id=8 sending call_method
  [ComfyUI] [SubprocessWorker] call_id=8 sending call_method
  Node executed (2 total), capturing...
  [ComfyUI] [worker:ComfyUI-GeometryPack] INFO: igl_fan: filled boundary loop with 54 faces
  [ComfyUI] [worker:ComfyUI-GeometryPack] INFO: igl_fan: filled boundary loop with 54 faces
  [ComfyUI] [worker:ComfyUI-GeometryPack] INFO: igl_fan: filled boundary loop with 54 faces
  [ComfyUI] [worker:ComfyUI-GeometryPack] INFO: igl_fan: filled boundary loop with 54 faces
  [ComfyUI] [worker:ComfyUI-GeometryPack] INFO: igl_fan: filled boundary loop with 54 faces
  [ComfyUI] [worker:ComfyUI-GeometryPack] INFO: igl_fan: filled boundary loop with 54 faces
  [ComfyUI] [worker:ComfyUI-GeometryPack] INFO: igl_fan: filled boundary loop with 54 faces
  [ComfyUI] [worker:ComfyUI-GeometryPack] INFO: igl_fan: filled boundary loop with 54 faces
  [ComfyUI] [worker:ComfyUI-GeometryPack] INFO: igl_fan: filled boundary loop with 54 faces
  [ComfyUI] [worker:ComfyUI-GeometryPack] INFO: igl_fan: filled boundary loop with 54 faces
  [ComfyUI] [worker:ComfyUI-GeometryPack] INFO: igl_fan: filled boundary loop with 54 faces
  [ComfyUI] [worker:ComfyUI-GeometryPack] INFO: igl_fan: filled boundary loop with 54 faces
  [ComfyUI] [worker:ComfyUI-GeometryPack] INFO: igl_fan: filled boundary loop with 54 faces
  [ComfyUI] [worker:ComfyUI-GeometryPack] INFO: igl_fan: filled boundary loop with 54 faces
  [ComfyUI] [worker:ComfyUI-GeometryPack] INFO: igl_fan: filled boundary loop with 54 faces
  [ComfyUI] [worker:ComfyUI-GeometryPack] INFO: igl_fan: filled boundary loop with 54 faces
  [ComfyUI] [worker:ComfyUI-GeometryPack] INFO: igl_fan: filled boundary loop with 54 faces
  [ComfyUI] [worker:ComfyUI-GeometryPack] INFO: igl_fan: filled boundary loop with 54 faces
  [ComfyUI] [worker:ComfyUI-GeometryPack] INFO: igl_fan: filled boundary loop with 54 faces
  [ComfyUI] [worker:ComfyUI-GeometryPack] INFO: igl_fan: filled boundary loop with 54 faces
  [ComfyUI] [worker:ComfyUI-GeometryPack] INFO: igl_fan: filled boundary loop with 54 faces
  [ComfyUI] [worker:ComfyUI-GeometryPack] INFO: igl_fan: filled boundary loop with 54 faces
  [ComfyUI] [worker:ComfyUI-GeometryPack] INFO: igl_fan: filled boundary loop with 54 faces
  [ComfyUI] [worker:ComfyUI-GeometryPack] INFO: igl_fan: +54 faces, watertight: False -> True
  [ComfyUI] [worker:ComfyUI-GeometryPack] INFO: igl_fan: +54 faces, watertight: False -> True
  [ComfyUI] [worker:ComfyUI-GeometryPack] INFO: igl_fan: +54 faces, watertight: False -> True
  [ComfyUI] [worker:ComfyUI-GeometryPack] INFO: igl_fan: +54 faces, watertight: False -> True
  [ComfyUI] [worker:ComfyUI-GeometryPack] INFO: igl_fan: +54 faces, watertight: False -> True
  [ComfyUI] [worker:ComfyUI-GeometryPack] INFO: igl_fan: +54 faces, watertight: False -> True
  [ComfyUI] [worker:ComfyUI-GeometryPack] INFO: igl_fan: +54 faces, watertight: False -> True
  [ComfyUI] [worker:ComfyUI-GeometryPack] INFO: igl_fan: +54 faces, watertight: False -> True
  [ComfyUI] [worker:ComfyUI-GeometryPack] INFO: igl_fan: +54 faces, watertight: False -> True
  [ComfyUI] [worker:ComfyUI-GeometryPack] INFO: igl_fan: +54 faces, watertight: False -> True
  [ComfyUI] [worker:ComfyUI-GeometryPack] INFO: igl_fan: +54 faces, watertight: False -> True
  [ComfyUI] [worker:ComfyUI-GeometryPack] INFO: igl_fan: +54 faces, watertight: False -> True
  [ComfyUI] [worker:ComfyUI-GeometryPack] INFO: igl_fan: +54 faces, watertight: False -> True
  [ComfyUI] [worker:ComfyUI-GeometryPack] INFO: igl_fan: +54 faces, watertight: False -> True
  [ComfyUI] [worker:ComfyUI-GeometryPack] INFO: igl_fan: +54 faces, watertight: False -> True
  [ComfyUI] [worker:ComfyUI-GeometryPack] INFO: igl_fan: +54 faces, watertight: False -> True
  [ComfyUI] [worker:ComfyUI-GeometryPack] INFO: igl_fan: +54 faces, watertight: False -> True
  [ComfyUI] [worker:ComfyUI-GeometryPack] INFO: igl_fan: +54 faces, watertight: False -> True
  [ComfyUI] [worker:ComfyUI-GeometryPack] INFO: igl_fan: +54 faces, watertight: False -> True
  [ComfyUI] [worker:ComfyUI-GeometryPack] INFO: igl_fan: +54 faces, watertight: False -> True
  [ComfyUI] [worker:ComfyUI-GeometryPack] INFO: igl_fan: +54 faces, watertight: False -> True
  [ComfyUI] [worker:ComfyUI-GeometryPack] INFO: igl_fan: +54 faces, watertight: False -> True
  [ComfyUI] [worker:ComfyUI-GeometryPack] INFO: igl_fan: +54 faces, watertight: False -> True
  [ComfyUI] [SubprocessWorker] got response: ok
  [ComfyUI] [SubprocessWorker] got response: ok
  [ComfyUI] [SubprocessWorker] got response: ok
  [ComfyUI] [SubprocessWorker] got response: ok
  [ComfyUI] [SubprocessWorker] got response: ok
  [ComfyUI] [SubprocessWorker] got response: ok
  [ComfyUI] [SubprocessWorker] got response: ok
  [ComfyUI] [SubprocessWorker] got response: ok
  [ComfyUI] [SubprocessWorker] got response: ok
  [ComfyUI] [SubprocessWorker] got response: ok
  [ComfyUI] [SubprocessWorker] got response: ok
  [ComfyUI] [SubprocessWorker] got response: ok
  [ComfyUI] [SubprocessWorker] got response: ok
  [ComfyUI] [SubprocessWorker] got response: ok
  [ComfyUI] [SubprocessWorker] got response: ok
  [ComfyUI] [SubprocessWorker] got response: ok
  [ComfyUI] [SubprocessWorker] got response: ok
  [ComfyUI] [SubprocessWorker] got response: ok
  [ComfyUI] [SubprocessWorker] got response: ok
  [ComfyUI] [SubprocessWorker] got response: ok
  [ComfyUI] [SubprocessWorker] got response: ok
  [ComfyUI] [SubprocessWorker] got response: ok
  [ComfyUI] [SubprocessWorker] got response: ok
  [ComfyUI] [comfy-env] GeomPackFillHoles_IglFan done (0.20s): result: NodeOutput
  [ComfyUI] [comfy-env] GeomPackFillHoles_IglFan done (0.20s): result: NodeOutput
  [ComfyUI] [comfy-env] GeomPackFillHoles_IglFan done (0.20s): result: NodeOutput
  [ComfyUI] [comfy-env] GeomPackFillHoles_IglFan done (0.20s): result: NodeOutput
  [ComfyUI] [comfy-env] GeomPackFillHoles_IglFan done (0.20s): result: NodeOutput
  [ComfyUI] [comfy-env] GeomPackFillHoles_IglFan done (0.20s): result: NodeOutput
  [ComfyUI] [comfy-env] GeomPackFillHoles_IglFan done (0.20s): result: NodeOutput
  [ComfyUI] [comfy-env] GeomPackFillHoles_IglFan done (0.20s): result: NodeOutput
  [ComfyUI] [comfy-env] GeomPackFillHoles_IglFan done (0.20s): result: NodeOutput
  [ComfyUI] [comfy-env] GeomPackFillHoles_IglFan done (0.20s): result: NodeOutput
  [ComfyUI] [comfy-env] GeomPackFillHoles_IglFan done (0.20s): result: NodeOutput
  [ComfyUI] [comfy-env] GeomPackFillHoles_IglFan done (0.20s): result: NodeOutput
  [ComfyUI] [comfy-env] GeomPackFillHoles_IglFan done (0.20s): result: NodeOutput
  [ComfyUI] [comfy-env] GeomPackFillHoles_IglFan done (0.20s): result: NodeOutput
  [ComfyUI] [comfy-env] GeomPackFillHoles_IglFan done (0.20s): result: NodeOutput
  [ComfyUI] [comfy-env] GeomPackFillHoles_IglFan done (0.20s): result: NodeOutput
  [ComfyUI] [comfy-env] GeomPackFillHoles_IglFan done (0.20s): result: NodeOutput
  [ComfyUI] [comfy-env] GeomPackFillHoles_IglFan done (0.20s): result: NodeOutput
  [ComfyUI] [comfy-env] GeomPackFillHoles_IglFan done (0.20s): result: NodeOutput
  [ComfyUI] [comfy-env] GeomPackFillHoles_IglFan done (0.20s): result: NodeOutput
  [ComfyUI] [comfy-env] GeomPackFillHoles_IglFan done (0.20s): result: NodeOutput
  [ComfyUI] [comfy-env] GeomPackFillHoles_IglFan done (0.20s): result: NodeOutput
  [ComfyUI] [comfy-env] GeomPackFillHoles_IglFan done (0.20s): result: NodeOutput
  [ComfyUI] [VRAM] After GeomPackFillHoles_IglFan: 1271 / 24575 MB
  [ComfyUI] [VRAM] After GeomPackFillHoles_IglFan: 1271 / 24575 MB
  [ComfyUI] [VRAM] After GeomPackFillHoles_IglFan: 1271 / 24575 MB
  [ComfyUI] [VRAM] After GeomPackFillHoles_IglFan: 1271 / 24575 MB
  [ComfyUI] [VRAM] After GeomPackFillHoles_IglFan: 1271 / 24575 MB
  [ComfyUI] [VRAM] After GeomPackFillHoles_IglFan: 1271 / 24575 MB
  [ComfyUI] [VRAM] After GeomPackFillHoles_IglFan: 1271 / 24575 MB
  [ComfyUI] [VRAM] After GeomPackFillHoles_IglFan: 1271 / 24575 MB
  [ComfyUI] [VRAM] After GeomPackFillHoles_IglFan: 1271 / 24575 MB
  [ComfyUI] [VRAM] After GeomPackFillHoles_IglFan: 1271 / 24575 MB
  [ComfyUI] [VRAM] After GeomPackFillHoles_IglFan: 1271 / 24575 MB
  [ComfyUI] [VRAM] After GeomPackFillHoles_IglFan: 1271 / 24575 MB
  [ComfyUI] [VRAM] After GeomPackFillHoles_IglFan: 1271 / 24575 MB
  [ComfyUI] [VRAM] After GeomPackFillHoles_IglFan: 1271 / 24575 MB
  [ComfyUI] [VRAM] After GeomPackFillHoles_IglFan: 1271 / 24575 MB
  [ComfyUI] [VRAM] After GeomPackFillHoles_IglFan: 1271 / 24575 MB
  [ComfyUI] [VRAM] After GeomPackFillHoles_IglFan: 1271 / 24575 MB
  [ComfyUI] [VRAM] After GeomPackFillHoles_IglFan: 1271 / 24575 MB
  [ComfyUI] [VRAM] After GeomPackFillHoles_IglFan: 1271 / 24575 MB
  [ComfyUI] [VRAM] After GeomPackFillHoles_IglFan: 1271 / 24575 MB
  [ComfyUI] [VRAM] After GeomPackFillHoles_IglFan: 1271 / 24575 MB
  [ComfyUI] [VRAM] After GeomPackFillHoles_IglFan: 1271 / 24575 MB
  [ComfyUI] [VRAM] After GeomPackFillHoles_IglFan: 1271 / 24575 MB
  [ComfyUI] [comfy-env] Running GeomPackPreviewMeshMulti: mode: 'fields', mesh_1: Trimesh, mesh_2: Trimesh, mesh_3: Trimesh
  [ComfyUI] [comfy-env] Running GeomPackPreviewMeshMulti: mode: 'fields', mesh_1: Trimesh, mesh_2: Trimesh, mesh_3: Trimesh
  [ComfyUI] [comfy-env] Running GeomPackPreviewMeshMulti: mode: 'fields', mesh_1: Trimesh, mesh_2: Trimesh, mesh_3: Trimesh
  [ComfyUI] [comfy-env] Running GeomPackPreviewMeshMulti: mode: 'fields', mesh_1: Trimesh, mesh_2: Trimesh, mesh_3: Trimesh
  [ComfyUI] [comfy-env] Running GeomPackPreviewMeshMulti: mode: 'fields', mesh_1: Trimesh, mesh_2: Trimesh, mesh_3: Trimesh
  [ComfyUI] [comfy-env] Running GeomPackPreviewMeshMulti: mode: 'fields', mesh_1: Trimesh, mesh_2: Trimesh, mesh_3: Trimesh
  [ComfyUI] [comfy-env] Running GeomPackPreviewMeshMulti: mode: 'fields', mesh_1: Trimesh, mesh_2: Trimesh, mesh_3: Trimesh
  [ComfyUI] [comfy-env] Running GeomPackPreviewMeshMulti: mode: 'fields', mesh_1: Trimesh, mesh_2: Trimesh, mesh_3: Trimesh
  [ComfyUI] [comfy-env] Running GeomPackPreviewMeshMulti: mode: 'fields', mesh_1: Trimesh, mesh_2: Trimesh, mesh_3: Trimesh
  [ComfyUI] [comfy-env] Running GeomPackPreviewMeshMulti: mode: 'fields', mesh_1: Trimesh, mesh_2: Trimesh, mesh_3: Trimesh
  [ComfyUI] [comfy-env] Running GeomPackPreviewMeshMulti: mode: 'fields', mesh_1: Trimesh, mesh_2: Trimesh, mesh_3: Trimesh
  [ComfyUI] [comfy-env] Running GeomPackPreviewMeshMulti: mode: 'fields', mesh_1: Trimesh, mesh_2: Trimesh, mesh_3: Trimesh
  [ComfyUI] [comfy-env] Running GeomPackPreviewMeshMulti: mode: 'fields', mesh_1: Trimesh, mesh_2: Trimesh, mesh_3: Trimesh
  [ComfyUI] [comfy-env] Running GeomPackPreviewMeshMulti: mode: 'fields', mesh_1: Trimesh, mesh_2: Trimesh, mesh_3: Trimesh
  [ComfyUI] [comfy-env] Running GeomPackPreviewMeshMulti: mode: 'fields', mesh_1: Trimesh, mesh_2: Trimesh, mesh_3: Trimesh
  [ComfyUI] [comfy-env] Running GeomPackPreviewMeshMulti: mode: 'fields', mesh_1: Trimesh, mesh_2: Trimesh, mesh_3: Trimesh
  [ComfyUI] [comfy-env] Running GeomPackPreviewMeshMulti: mode: 'fields', mesh_1: Trimesh, mesh_2: Trimesh, mesh_3: Trimesh
  [ComfyUI] [comfy-env] Running GeomPackPreviewMeshMulti: mode: 'fields', mesh_1: Trimesh, mesh_2: Trimesh, mesh_3: Trimesh
  [ComfyUI] [comfy-env] Running GeomPackPreviewMeshMulti: mode: 'fields', mesh_1: Trimesh, mesh_2: Trimesh, mesh_3: Trimesh
  [ComfyUI] [comfy-env] Running GeomPackPreviewMeshMulti: mode: 'fields', mesh_1: Trimesh, mesh_2: Trimesh, mesh_3: Trimesh
  [ComfyUI] [comfy-env] Running GeomPackPreviewMeshMulti: mode: 'fields', mesh_1: Trimesh, mesh_2: Trimesh, mesh_3: Trimesh
  [ComfyUI] [comfy-env] Running GeomPackPreviewMeshMulti: mode: 'fields', mesh_1: Trimesh, mesh_2: Trimesh, mesh_3: Trimesh
  [ComfyUI] [comfy-env] Running GeomPackPreviewMeshMulti: mode: 'fields', mesh_1: Trimesh, mesh_2: Trimesh, mesh_3: Trimesh
  [ComfyUI] [VRAM] Before GeomPackPreviewMeshMulti: 1271 / 24575 MB
  [ComfyUI] [VRAM] Before GeomPackPreviewMeshMulti: 1271 / 24575 MB
  [ComfyUI] [VRAM] Before GeomPackPreviewMeshMulti: 1271 / 24575 MB
  [ComfyUI] [VRAM] Before GeomPackPreviewMeshMulti: 1271 / 24575 MB
  [ComfyUI] [VRAM] Before GeomPackPreviewMeshMulti: 1271 / 24575 MB
  [ComfyUI] [VRAM] Before GeomPackPreviewMeshMulti: 1271 / 24575 MB
  [ComfyUI] [VRAM] Before GeomPackPreviewMeshMulti: 1271 / 24575 MB
  [ComfyUI] [VRAM] Before GeomPackPreviewMeshMulti: 1271 / 24575 MB
  [ComfyUI] [VRAM] Before GeomPackPreviewMeshMulti: 1271 / 24575 MB
  [ComfyUI] [VRAM] Before GeomPackPreviewMeshMulti: 1271 / 24575 MB
  [ComfyUI] [VRAM] Before GeomPackPreviewMeshMulti: 1271 / 24575 MB
  [ComfyUI] [VRAM] Before GeomPackPreviewMeshMulti: 1271 / 24575 MB
  [ComfyUI] [VRAM] Before GeomPackPreviewMeshMulti: 1271 / 24575 MB
  [ComfyUI] [VRAM] Before GeomPackPreviewMeshMulti: 1271 / 24575 MB
  [ComfyUI] [VRAM] Before GeomPackPreviewMeshMulti: 1271 / 24575 MB
  [ComfyUI] [VRAM] Before GeomPackPreviewMeshMulti: 1271 / 24575 MB
  [ComfyUI] [VRAM] Before GeomPackPreviewMeshMulti: 1271 / 24575 MB
  [ComfyUI] [VRAM] Before GeomPackPreviewMeshMulti: 1271 / 24575 MB
  [ComfyUI] [VRAM] Before GeomPackPreviewMeshMulti: 1271 / 24575 MB
  [ComfyUI] [VRAM] Before GeomPackPreviewMeshMulti: 1271 / 24575 MB
  [ComfyUI] [VRAM] Before GeomPackPreviewMeshMulti: 1271 / 24575 MB
  [ComfyUI] [VRAM] Before GeomPackPreviewMeshMulti: 1271 / 24575 MB
  [ComfyUI] [VRAM] Before GeomPackPreviewMeshMulti: 1271 / 24575 MB
  [ComfyUI] [SubprocessWorker] call_method: nodes.main.visualization.preview_mesh_multi.PreviewMeshMultiNode.EXECUTE_NORMALIZED
  [ComfyUI] [SubprocessWorker] call_method: nodes.main.visualization.preview_mesh_multi.PreviewMeshMultiNode.EXECUTE_NORMALIZED
  [ComfyUI] [SubprocessWorker] call_method: nodes.main.visualization.preview_mesh_multi.PreviewMeshMultiNode.EXECUTE_NORMALIZED
  [ComfyUI] [SubprocessWorker] call_method: nodes.main.visualization.preview_mesh_multi.PreviewMeshMultiNode.EXECUTE_NORMALIZED
  [ComfyUI] [SubprocessWorker] call_method: nodes.main.visualization.preview_mesh_multi.PreviewMeshMultiNode.EXECUTE_NORMALIZED
  [ComfyUI] [SubprocessWorker] call_method: nodes.main.visualization.preview_mesh_multi.PreviewMeshMultiNode.EXECUTE_NORMALIZED
  [ComfyUI] [SubprocessWorker] call_method: nodes.main.visualization.preview_mesh_multi.PreviewMeshMultiNode.EXECUTE_NORMALIZED
  [ComfyUI] [SubprocessWorker] call_method: nodes.main.visualization.preview_mesh_multi.PreviewMeshMultiNode.EXECUTE_NORMALIZED
  [ComfyUI] [SubprocessWorker] call_method: nodes.main.visualization.preview_mesh_multi.PreviewMeshMultiNode.EXECUTE_NORMALIZED
  [ComfyUI] [SubprocessWorker] call_method: nodes.main.visualization.preview_mesh_multi.PreviewMeshMultiNode.EXECUTE_NORMALIZED
  [ComfyUI] [SubprocessWorker] call_method: nodes.main.visualization.preview_mesh_multi.PreviewMeshMultiNode.EXECUTE_NORMALIZED
  [ComfyUI] [SubprocessWorker] call_method: nodes.main.visualization.preview_mesh_multi.PreviewMeshMultiNode.EXECUTE_NORMALIZED
  [ComfyUI] [SubprocessWorker] call_method: nodes.main.visualization.preview_mesh_multi.PreviewMeshMultiNode.EXECUTE_NORMALIZED
  [ComfyUI] [SubprocessWorker] call_method: nodes.main.visualization.preview_mesh_multi.PreviewMeshMultiNode.EXECUTE_NORMALIZED
  [ComfyUI] [SubprocessWorker] call_method: nodes.main.visualization.preview_mesh_multi.PreviewMeshMultiNode.EXECUTE_NORMALIZED
  [ComfyUI] [SubprocessWorker] call_method: nodes.main.visualization.preview_mesh_multi.PreviewMeshMultiNode.EXECUTE_NORMALIZED
  [ComfyUI] [SubprocessWorker] call_method: nodes.main.visualization.preview_mesh_multi.PreviewMeshMultiNode.EXECUTE_NORMALIZED
  [ComfyUI] [SubprocessWorker] call_method: nodes.main.visualization.preview_mesh_multi.PreviewMeshMultiNode.EXECUTE_NORMALIZED
  [ComfyUI] [SubprocessWorker] call_method: nodes.main.visualization.preview_mesh_multi.PreviewMeshMultiNode.EXECUTE_NORMALIZED
  [ComfyUI] [SubprocessWorker] call_method: nodes.main.visualization.preview_mesh_multi.PreviewMeshMultiNode.EXECUTE_NORMALIZED
  [ComfyUI] [SubprocessWorker] call_method: nodes.main.visualization.preview_mesh_multi.PreviewMeshMultiNode.EXECUTE_NORMALIZED
  [ComfyUI] [SubprocessWorker] call_method: nodes.main.visualization.preview_mesh_multi.PreviewMeshMultiNode.EXECUTE_NORMALIZED
  [ComfyUI] [SubprocessWorker] call_method: nodes.main.visualization.preview_mesh_multi.PreviewMeshMultiNode.EXECUTE_NORMALIZED
  [ComfyUI] [SubprocessWorker] acquired lock, ensuring started...
  [ComfyUI] [SubprocessWorker] acquired lock, ensuring started...
  [ComfyUI] [SubprocessWorker] acquired lock, ensuring started...
  [ComfyUI] [SubprocessWorker] acquired lock, ensuring started...
  [ComfyUI] [SubprocessWorker] acquired lock, ensuring started...
  [ComfyUI] [SubprocessWorker] acquired lock, ensuring started...
  [ComfyUI] [SubprocessWorker] acquired lock, ensuring started...
  [ComfyUI] [SubprocessWorker] acquired lock, ensuring started...
  [ComfyUI] [SubprocessWorker] acquired lock, ensuring started...
  [ComfyUI] [SubprocessWorker] acquired lock, ensuring started...
  [ComfyUI] [SubprocessWorker] acquired lock, ensuring started...
  [ComfyUI] [SubprocessWorker] acquired lock, ensuring started...
  [ComfyUI] [SubprocessWorker] acquired lock, ensuring started...
  [ComfyUI] [SubprocessWorker] acquired lock, ensuring started...
  [ComfyUI] [SubprocessWorker] acquired lock, ensuring started...
  [ComfyUI] [SubprocessWorker] acquired lock, ensuring started...
  [ComfyUI] [SubprocessWorker] acquired lock, ensuring started...
  [ComfyUI] [SubprocessWorker] acquired lock, ensuring started...
  [ComfyUI] [SubprocessWorker] acquired lock, ensuring started...
  [ComfyUI] [SubprocessWorker] acquired lock, ensuring started...
  [ComfyUI] [SubprocessWorker] acquired lock, ensuring started...
  [ComfyUI] [SubprocessWorker] acquired lock, ensuring started...
  [ComfyUI] [SubprocessWorker] acquired lock, ensuring started...
  [ComfyUI] [ComfyUI-GeometryPack] Health check: ping (timeout=5.0s)...
  [ComfyUI] [ComfyUI-GeometryPack] Health check: ping (timeout=5.0s)...
  [ComfyUI] [ComfyUI-GeometryPack] Health check: ping (timeout=5.0s)...
  [ComfyUI] [ComfyUI-GeometryPack] Health check: ping (timeout=5.0s)...
  [ComfyUI] [ComfyUI-GeometryPack] Health check: ping (timeout=5.0s)...
  [ComfyUI] [ComfyUI-GeometryPack] Health check: ping (timeout=5.0s)...
  [ComfyUI] [ComfyUI-GeometryPack] Health check: ping (timeout=5.0s)...
  [ComfyUI] [ComfyUI-GeometryPack] Health check: ping (timeout=5.0s)...
  [ComfyUI] [ComfyUI-GeometryPack] Health check: ping (timeout=5.0s)...
  [ComfyUI] [ComfyUI-GeometryPack] Health check: ping (timeout=5.0s)...
  [ComfyUI] [ComfyUI-GeometryPack] Health check: ping (timeout=5.0s)...
  [ComfyUI] [ComfyUI-GeometryPack] Health check: ping (timeout=5.0s)...
  [ComfyUI] [ComfyUI-GeometryPack] Health check: ping (timeout=5.0s)...
  [ComfyUI] [ComfyUI-GeometryPack] Health check: ping (timeout=5.0s)...
  [ComfyUI] [ComfyUI-GeometryPack] Health check: ping (timeout=5.0s)...
  [ComfyUI] [ComfyUI-GeometryPack] Health check: ping (timeout=5.0s)...
  [ComfyUI] [ComfyUI-GeometryPack] Health check: ping (timeout=5.0s)...
  [ComfyUI] [ComfyUI-GeometryPack] Health check: ping (timeout=5.0s)...
  [ComfyUI] [ComfyUI-GeometryPack] Health check: ping (timeout=5.0s)...
  [ComfyUI] [ComfyUI-GeometryPack] Health check: ping (timeout=5.0s)...
  [ComfyUI] [ComfyUI-GeometryPack] Health check: ping (timeout=5.0s)...
  [ComfyUI] [ComfyUI-GeometryPack] Health check: ping (timeout=5.0s)...
  [ComfyUI] [ComfyUI-GeometryPack] Health check: ping (timeout=5.0s)...
  [ComfyUI] [ComfyUI-GeometryPack] Health check: ok
  [ComfyUI] [ComfyUI-GeometryPack] Health check: ok
  [ComfyUI] [ComfyUI-GeometryPack] Health check: ok
  [ComfyUI] [ComfyUI-GeometryPack] Health check: ok
  [ComfyUI] [ComfyUI-GeometryPack] Health check: ok
  [ComfyUI] [ComfyUI-GeometryPack] Health check: ok
  [ComfyUI] [ComfyUI-GeometryPack] Health check: ok
  [ComfyUI] [ComfyUI-GeometryPack] Health check: ok
  [ComfyUI] [ComfyUI-GeometryPack] Health check: ok
  [ComfyUI] [ComfyUI-GeometryPack] Health check: ok
  [ComfyUI] [ComfyUI-GeometryPack] Health check: ok
  [ComfyUI] [ComfyUI-GeometryPack] Health check: ok
  [ComfyUI] [ComfyUI-GeometryPack] Health check: ok
  [ComfyUI] [ComfyUI-GeometryPack] Health check: ok
  [ComfyUI] [ComfyUI-GeometryPack] Health check: ok
  [ComfyUI] [ComfyUI-GeometryPack] Health check: ok
  [ComfyUI] [ComfyUI-GeometryPack] Health check: ok
  [ComfyUI] [ComfyUI-GeometryPack] Health check: ok
  [ComfyUI] [ComfyUI-GeometryPack] Health check: ok
  [ComfyUI] [ComfyUI-GeometryPack] Health check: ok
  [ComfyUI] [ComfyUI-GeometryPack] Health check: ok
  [ComfyUI] [ComfyUI-GeometryPack] Health check: ok
  [ComfyUI] [ComfyUI-GeometryPack] Health check: ok
  [ComfyUI] [SubprocessWorker] worker started/confirmed
  [ComfyUI] [SubprocessWorker] worker started/confirmed
  [ComfyUI] [SubprocessWorker] worker started/confirmed
  [ComfyUI] [SubprocessWorker] worker started/confirmed
  [ComfyUI] [SubprocessWorker] worker started/confirmed
  [ComfyUI] [SubprocessWorker] worker started/confirmed
  [ComfyUI] [SubprocessWorker] worker started/confirmed
  [ComfyUI] [SubprocessWorker] worker started/confirmed
  [ComfyUI] [SubprocessWorker] worker started/confirmed
  [ComfyUI] [SubprocessWorker] worker started/confirmed
  [ComfyUI] [SubprocessWorker] worker started/confirmed
  [ComfyUI] [SubprocessWorker] worker started/confirmed
  [ComfyUI] [SubprocessWorker] worker started/confirmed
  [ComfyUI] [SubprocessWorker] worker started/confirmed
  [ComfyUI] [SubprocessWorker] worker started/confirmed
  [ComfyUI] [SubprocessWorker] worker started/confirmed
  [ComfyUI] [SubprocessWorker] worker started/confirmed
  [ComfyUI] [SubprocessWorker] worker started/confirmed
  [ComfyUI] [SubprocessWorker] worker started/confirmed
  [ComfyUI] [SubprocessWorker] worker started/confirmed
  [ComfyUI] [SubprocessWorker] worker started/confirmed
  [ComfyUI] [SubprocessWorker] worker started/confirmed
  [ComfyUI] [SubprocessWorker] worker started/confirmed
  [ComfyUI] [SubprocessWorker] serializing kwargs to shm...
  [ComfyUI] [SubprocessWorker] serializing kwargs to shm...
  [ComfyUI] [SubprocessWorker] serializing kwargs to shm...
  [ComfyUI] [SubprocessWorker] serializing kwargs to shm...
  [ComfyUI] [SubprocessWorker] serializing kwargs to shm...
  [ComfyUI] [SubprocessWorker] serializing kwargs to shm...
  [ComfyUI] [SubprocessWorker] serializing kwargs to shm...
  [ComfyUI] [SubprocessWorker] serializing kwargs to shm...
  [ComfyUI] [SubprocessWorker] serializing kwargs to shm...
  [ComfyUI] [SubprocessWorker] serializing kwargs to shm...
  [ComfyUI] [SubprocessWorker] serializing kwargs to shm...
  [ComfyUI] [SubprocessWorker] serializing kwargs to shm...
  [ComfyUI] [SubprocessWorker] serializing kwargs to shm...
  [ComfyUI] [SubprocessWorker] serializing kwargs to shm...
  [ComfyUI] [SubprocessWorker] serializing kwargs to shm...
  [ComfyUI] [SubprocessWorker] serializing kwargs to shm...
  [ComfyUI] [SubprocessWorker] serializing kwargs to shm...
  [ComfyUI] [SubprocessWorker] serializing kwargs to shm...
  [ComfyUI] [SubprocessWorker] serializing kwargs to shm...
  [ComfyUI] [SubprocessWorker] serializing kwargs to shm...
  [ComfyUI] [SubprocessWorker] serializing kwargs to shm...
  [ComfyUI] [SubprocessWorker] serializing kwargs to shm...
  [ComfyUI] [SubprocessWorker] serializing kwargs to shm...
  [ComfyUI] [SubprocessWorker] created 3 shm blocks
  [ComfyUI] [SubprocessWorker] created 3 shm blocks
  [ComfyUI] [SubprocessWorker] created 3 shm blocks
  [ComfyUI] [SubprocessWorker] created 3 shm blocks
  [ComfyUI] [SubprocessWorker] created 3 shm blocks
  [ComfyUI] [SubprocessWorker] created 3 shm blocks
  [ComfyUI] [SubprocessWorker] created 3 shm blocks
  [ComfyUI] [SubprocessWorker] created 3 shm blocks
  [ComfyUI] [SubprocessWorker] created 3 shm blocks
  [ComfyUI] [SubprocessWorker] created 3 shm blocks
  [ComfyUI] [SubprocessWorker] created 3 shm blocks
  [ComfyUI] [SubprocessWorker] created 3 shm blocks
  [ComfyUI] [SubprocessWorker] created 3 shm blocks
  [ComfyUI] [SubprocessWorker] created 3 shm blocks
  [ComfyUI] [SubprocessWorker] created 3 shm blocks
  [ComfyUI] [SubprocessWorker] created 3 shm blocks
  [ComfyUI] [SubprocessWorker] created 3 shm blocks
  [ComfyUI] [SubprocessWorker] created 3 shm blocks
  [ComfyUI] [SubprocessWorker] created 3 shm blocks
  [ComfyUI] [SubprocessWorker] created 3 shm blocks
  [ComfyUI] [SubprocessWorker] created 3 shm blocks
  [ComfyUI] [SubprocessWorker] created 3 shm blocks
  [ComfyUI] [SubprocessWorker] created 3 shm blocks
  [ComfyUI] [SubprocessWorker] sending request via socket...
  [ComfyUI] [SubprocessWorker] sending request via socket...
  [ComfyUI] [SubprocessWorker] sending request via socket...
  [ComfyUI] [SubprocessWorker] sending request via socket...
  [ComfyUI] [SubprocessWorker] sending request via socket...
  [ComfyUI] [SubprocessWorker] sending request via socket...
  [ComfyUI] [SubprocessWorker] sending request via socket...
  [ComfyUI] [SubprocessWorker] sending request via socket...
  [ComfyUI] [SubprocessWorker] sending request via socket...
  [ComfyUI] [SubprocessWorker] sending request via socket...
  [ComfyUI] [SubprocessWorker] sending request via socket...
  [ComfyUI] [SubprocessWorker] sending request via socket...
  [ComfyUI] [SubprocessWorker] sending request via socket...
  [ComfyUI] [SubprocessWorker] sending request via socket...
  [ComfyUI] [SubprocessWorker] sending request via socket...
  [ComfyUI] [SubprocessWorker] sending request via socket...
  [ComfyUI] [SubprocessWorker] sending request via socket...
  [ComfyUI] [SubprocessWorker] sending request via socket...
  [ComfyUI] [SubprocessWorker] sending request via socket...
  [ComfyUI] [SubprocessWorker] sending request via socket...
  [ComfyUI] [SubprocessWorker] sending request via socket...
  [ComfyUI] [SubprocessWorker] sending request via socket...
  [ComfyUI] [SubprocessWorker] sending request via socket...
  [ComfyUI] [SubprocessWorker] call_id=9 sending call_method
  [ComfyUI] [SubprocessWorker] call_id=9 sending call_method
  [ComfyUI] [SubprocessWorker] call_id=9 sending call_method
  [ComfyUI] [SubprocessWorker] call_id=9 sending call_method
  [ComfyUI] [SubprocessWorker] call_id=9 sending call_method
  [ComfyUI] [SubprocessWorker] call_id=9 sending call_method
  [ComfyUI] [SubprocessWorker] call_id=9 sending call_method
  [ComfyUI] [SubprocessWorker] call_id=9 sending call_method
  [ComfyUI] [SubprocessWorker] call_id=9 sending call_method
  [ComfyUI] [SubprocessWorker] call_id=9 sending call_method
  [ComfyUI] [SubprocessWorker] call_id=9 sending call_method
  [ComfyUI] [SubprocessWorker] call_id=9 sending call_method
  [ComfyUI] [SubprocessWorker] call_id=9 sending call_method
  [ComfyUI] [SubprocessWorker] call_id=9 sending call_method
  [ComfyUI] [SubprocessWorker] call_id=9 sending call_method
  [ComfyUI] [SubprocessWorker] call_id=9 sending call_method
  [ComfyUI] [SubprocessWorker] call_id=9 sending call_method
  [ComfyUI] [SubprocessWorker] call_id=9 sending call_method
  [ComfyUI] [SubprocessWorker] call_id=9 sending call_method
  [ComfyUI] [SubprocessWorker] call_id=9 sending call_method
  [ComfyUI] [SubprocessWorker] call_id=9 sending call_method
  [ComfyUI] [SubprocessWorker] call_id=9 sending call_method
  [ComfyUI] [SubprocessWorker] call_id=9 sending call_method
  [ComfyUI] [worker:ComfyUI-GeometryPack] INFO: Mode: fields, Meshes: 3
  [ComfyUI] [worker:ComfyUI-GeometryPack] INFO: Mode: fields, Meshes: 3
  [ComfyUI] [worker:ComfyUI-GeometryPack] INFO: Mode: fields, Meshes: 3
  [ComfyUI] [worker:ComfyUI-GeometryPack] INFO: Mode: fields, Meshes: 3
  [ComfyUI] [worker:ComfyUI-GeometryPack] INFO: Mode: fields, Meshes: 3
  [ComfyUI] [worker:ComfyUI-GeometryPack] INFO: Mode: fields, Meshes: 3
  [ComfyUI] [worker:ComfyUI-GeometryPack] INFO: Mode: fields, Meshes: 3
  [ComfyUI] [worker:ComfyUI-GeometryPack] INFO: Mode: fields, Meshes: 3
  [ComfyUI] [worker:ComfyUI-GeometryPack] INFO: Mode: fields, Meshes: 3
  [ComfyUI] [worker:ComfyUI-GeometryPack] INFO: Mode: fields, Meshes: 3
  [ComfyUI] [worker:ComfyUI-GeometryPack] INFO: Mode: fields, Meshes: 3
  [ComfyUI] [worker:ComfyUI-GeometryPack] INFO: Mode: fields, Meshes: 3
  [ComfyUI] [worker:ComfyUI-GeometryPack] INFO: Mode: fields, Meshes: 3
  [ComfyUI] [worker:ComfyUI-GeometryPack] INFO: Mode: fields, Meshes: 3
  [ComfyUI] [worker:ComfyUI-GeometryPack] INFO: Mode: fields, Meshes: 3
  [ComfyUI] [worker:ComfyUI-GeometryPack] INFO: Mode: fields, Meshes: 3
  [ComfyUI] [worker:ComfyUI-GeometryPack] INFO: Mode: fields, Meshes: 3
  [ComfyUI] [worker:ComfyUI-GeometryPack] INFO: Mode: fields, Meshes: 3
  [ComfyUI] [worker:ComfyUI-GeometryPack] INFO: Mode: fields, Meshes: 3
  [ComfyUI] [worker:ComfyUI-GeometryPack] INFO: Mode: fields, Meshes: 3
  [ComfyUI] [worker:ComfyUI-GeometryPack] INFO: Mode: fields, Meshes: 3
  [ComfyUI] [worker:ComfyUI-GeometryPack] INFO: Mode: fields, Meshes: 3
  [ComfyUI] [worker:ComfyUI-GeometryPack] INFO: Mode: fields, Meshes: 3
  [ComfyUI] [worker:ComfyUI-GeometryPack] INFO: Mesh 1: Mesh - 11381 vertices, 22758 faces
  [ComfyUI] [worker:ComfyUI-GeometryPack] INFO: Mesh 1: Mesh - 11381 vertices, 22758 faces
  [ComfyUI] [worker:ComfyUI-GeometryPack] INFO: Mesh 1: Mesh - 11381 vertices, 22758 faces
  [ComfyUI] [worker:ComfyUI-GeometryPack] INFO: Mesh 1: Mesh - 11381 vertices, 22758 faces
  [ComfyUI] [worker:ComfyUI-GeometryPack] INFO: Mesh 1: Mesh - 11381 vertices, 22758 faces
  [ComfyUI] [worker:ComfyUI-GeometryPack] INFO: Mesh 1: Mesh - 11381 vertices, 22758 faces
  [ComfyUI] [worker:ComfyUI-GeometryPack] INFO: Mesh 1: Mesh - 11381 vertices, 22758 faces
  [ComfyUI] [worker:ComfyUI-GeometryPack] INFO: Mesh 1: Mesh - 11381 vertices, 22758 faces
  [ComfyUI] [worker:ComfyUI-GeometryPack] INFO: Mesh 1: Mesh - 11381 vertices, 22758 faces
  [ComfyUI] [worker:ComfyUI-GeometryPack] INFO: Mesh 1: Mesh - 11381 vertices, 22758 faces
  [ComfyUI] [worker:ComfyUI-GeometryPack] INFO: Mesh 1: Mesh - 11381 vertices, 22758 faces
  [ComfyUI] [worker:ComfyUI-GeometryPack] INFO: Mesh 1: Mesh - 11381 vertices, 22758 faces
  [ComfyUI] [worker:ComfyUI-GeometryPack] INFO: Mesh 1: Mesh - 11381 vertices, 22758 faces
  [ComfyUI] [worker:ComfyUI-GeometryPack] INFO: Mesh 1: Mesh - 11381 vertices, 22758 faces
  [ComfyUI] [worker:ComfyUI-GeometryPack] INFO: Mesh 1: Mesh - 11381 vertices, 22758 faces
  [ComfyUI] [worker:ComfyUI-GeometryPack] INFO: Mesh 1: Mesh - 11381 vertices, 22758 faces
  [ComfyUI] [worker:ComfyUI-GeometryPack] INFO: Mesh 1: Mesh - 11381 vertices, 22758 faces
  [ComfyUI] [worker:ComfyUI-GeometryPack] INFO: Mesh 1: Mesh - 11381 vertices, 22758 faces
  [ComfyUI] [worker:ComfyUI-GeometryPack] INFO: Mesh 1: Mesh - 11381 vertices, 22758 faces
  [ComfyUI] [worker:ComfyUI-GeometryPack] INFO: Mesh 1: Mesh - 11381 vertices, 22758 faces
  [ComfyUI] [worker:ComfyUI-GeometryPack] INFO: Mesh 1: Mesh - 11381 vertices, 22758 faces
  [ComfyUI] [worker:ComfyUI-GeometryPack] INFO: Mesh 1: Mesh - 11381 vertices, 22758 faces
  [ComfyUI] [worker:ComfyUI-GeometryPack] INFO: Mesh 1: Mesh - 11381 vertices, 22758 faces
  [ComfyUI] [worker:ComfyUI-GeometryPack] INFO: Exporting mesh to VTP: C:\workspaces\GeometryPack-0758\portable-comfyui\ComfyUI_windows_portable\ComfyUI\output\preview_multi_1_39a18987.vtp
  [ComfyUI] [worker:ComfyUI-GeometryPack] INFO: Exporting mesh to VTP: C:\workspaces\GeometryPack-0758\portable-comfyui\ComfyUI_windows_portable\ComfyUI\output\preview_multi_1_39a18987.vtp
  [ComfyUI] [worker:ComfyUI-GeometryPack] INFO: Exporting mesh to VTP: C:\workspaces\GeometryPack-0758\portable-comfyui\ComfyUI_windows_portable\ComfyUI\output\preview_multi_1_39a18987.vtp
  [ComfyUI] [worker:ComfyUI-GeometryPack] INFO: Exporting mesh to VTP: C:\workspaces\GeometryPack-0758\portable-comfyui\ComfyUI_windows_portable\ComfyUI\output\preview_multi_1_39a18987.vtp
  [ComfyUI] [worker:ComfyUI-GeometryPack] INFO: Exporting mesh to VTP: C:\workspaces\GeometryPack-0758\portable-comfyui\ComfyUI_windows_portable\ComfyUI\output\preview_multi_1_39a18987.vtp
  [ComfyUI] [worker:ComfyUI-GeometryPack] INFO: Exporting mesh to VTP: C:\workspaces\GeometryPack-0758\portable-comfyui\ComfyUI_windows_portable\ComfyUI\output\preview_multi_1_39a18987.vtp
  [ComfyUI] [worker:ComfyUI-GeometryPack] INFO: Exporting mesh to VTP: C:\workspaces\GeometryPack-0758\portable-comfyui\ComfyUI_windows_portable\ComfyUI\output\preview_multi_1_39a18987.vtp
  [ComfyUI] [worker:ComfyUI-GeometryPack] INFO: Exporting mesh to VTP: C:\workspaces\GeometryPack-0758\portable-comfyui\ComfyUI_windows_portable\ComfyUI\output\preview_multi_1_39a18987.vtp
  [ComfyUI] [worker:ComfyUI-GeometryPack] INFO: Exporting mesh to VTP: C:\workspaces\GeometryPack-0758\portable-comfyui\ComfyUI_windows_portable\ComfyUI\output\preview_multi_1_39a18987.vtp
  [ComfyUI] [worker:ComfyUI-GeometryPack] INFO: Exporting mesh to VTP: C:\workspaces\GeometryPack-0758\portable-comfyui\ComfyUI_windows_portable\ComfyUI\output\preview_multi_1_39a18987.vtp
  [ComfyUI] [worker:ComfyUI-GeometryPack] INFO: Exporting mesh to VTP: C:\workspaces\GeometryPack-0758\portable-comfyui\ComfyUI_windows_portable\ComfyUI\output\preview_multi_1_39a18987.vtp
  [ComfyUI] [worker:ComfyUI-GeometryPack] INFO: Exporting mesh to VTP: C:\workspaces\GeometryPack-0758\portable-comfyui\ComfyUI_windows_portable\ComfyUI\output\preview_multi_1_39a18987.vtp
  [ComfyUI] [worker:ComfyUI-GeometryPack] INFO: Exporting mesh to VTP: C:\workspaces\GeometryPack-0758\portable-comfyui\ComfyUI_windows_portable\ComfyUI\output\preview_multi_1_39a18987.vtp
  [ComfyUI] [worker:ComfyUI-GeometryPack] INFO: Exporting mesh to VTP: C:\workspaces\GeometryPack-0758\portable-comfyui\ComfyUI_windows_portable\ComfyUI\output\preview_multi_1_39a18987.vtp
  [ComfyUI] [worker:ComfyUI-GeometryPack] INFO: Exporting mesh to VTP: C:\workspaces\GeometryPack-0758\portable-comfyui\ComfyUI_windows_portable\ComfyUI\output\preview_multi_1_39a18987.vtp
  [ComfyUI] [worker:ComfyUI-GeometryPack] INFO: Exporting mesh to VTP: C:\workspaces\GeometryPack-0758\portable-comfyui\ComfyUI_windows_portable\ComfyUI\output\preview_multi_1_39a18987.vtp
  [ComfyUI] [worker:ComfyUI-GeometryPack] INFO: Exporting mesh to VTP: C:\workspaces\GeometryPack-0758\portable-comfyui\ComfyUI_windows_portable\ComfyUI\output\preview_multi_1_39a18987.vtp
  [ComfyUI] [worker:ComfyUI-GeometryPack] INFO: Exporting mesh to VTP: C:\workspaces\GeometryPack-0758\portable-comfyui\ComfyUI_windows_portable\ComfyUI\output\preview_multi_1_39a18987.vtp
  [ComfyUI] [worker:ComfyUI-GeometryPack] INFO: Exporting mesh to VTP: C:\workspaces\GeometryPack-0758\portable-comfyui\ComfyUI_windows_portable\ComfyUI\output\preview_multi_1_39a18987.vtp
  [ComfyUI] [worker:ComfyUI-GeometryPack] INFO: Exporting mesh to VTP: C:\workspaces\GeometryPack-0758\portable-comfyui\ComfyUI_windows_portable\ComfyUI\output\preview_multi_1_39a18987.vtp
  [ComfyUI] [worker:ComfyUI-GeometryPack] INFO: Exporting mesh to VTP: C:\workspaces\GeometryPack-0758\portable-comfyui\ComfyUI_windows_portable\ComfyUI\output\preview_multi_1_39a18987.vtp
  [ComfyUI] [worker:ComfyUI-GeometryPack] INFO: Exporting mesh to VTP: C:\workspaces\GeometryPack-0758\portable-comfyui\ComfyUI_windows_portable\ComfyUI\output\preview_multi_1_39a18987.vtp
  [ComfyUI] [worker:ComfyUI-GeometryPack] INFO: Exporting mesh to VTP: C:\workspaces\GeometryPack-0758\portable-comfyui\ComfyUI_windows_portable\ComfyUI\output\preview_multi_1_39a18987.vtp
  [ComfyUI] [worker:ComfyUI-GeometryPack] INFO: Adding normals field (11381 vertices)
  [ComfyUI] [worker:ComfyUI-GeometryPack] INFO: Adding normals field (11381 vertices)
  [ComfyUI] [worker:ComfyUI-GeometryPack] INFO: Adding normals field (11381 vertices)
  [ComfyUI] [worker:ComfyUI-GeometryPack] INFO: Adding normals field (11381 vertices)
  [ComfyUI] [worker:ComfyUI-GeometryPack] INFO: Adding normals field (11381 vertices)
  [ComfyUI] [worker:ComfyUI-GeometryPack] INFO: Adding normals field (11381 vertices)
  [ComfyUI] [worker:ComfyUI-GeometryPack] INFO: Adding normals field (11381 vertices)
  [ComfyUI] [worker:ComfyUI-GeometryPack] INFO: Adding normals field (11381 vertices)
  [ComfyUI] [worker:ComfyUI-GeometryPack] INFO: Adding normals field (11381 vertices)
  [ComfyUI] [worker:ComfyUI-GeometryPack] INFO: Adding normals field (11381 vertices)
  [ComfyUI] [worker:ComfyUI-GeometryPack] INFO: Adding normals field (11381 vertices)
  [ComfyUI] [worker:ComfyUI-GeometryPack] INFO: Adding normals field (11381 vertices)
  [ComfyUI] [worker:ComfyUI-GeometryPack] INFO: Adding normals field (11381 vertices)
  [ComfyUI] [worker:ComfyUI-GeometryPack] INFO: Adding normals field (11381 vertices)
  [ComfyUI] [worker:ComfyUI-GeometryPack] INFO: Adding normals field (11381 vertices)
  [ComfyUI] [worker:ComfyUI-GeometryPack] INFO: Adding normals field (11381 vertices)
  [ComfyUI] [worker:ComfyUI-GeometryPack] INFO: Adding normals field (11381 vertices)
  [ComfyUI] [worker:ComfyUI-GeometryPack] INFO: Adding normals field (11381 vertices)
  [ComfyUI] [worker:ComfyUI-GeometryPack] INFO: Adding normals field (11381 vertices)
  [ComfyUI] [worker:ComfyUI-GeometryPack] INFO: Adding normals field (11381 vertices)
  [ComfyUI] [worker:ComfyUI-GeometryPack] INFO: Adding normals field (11381 vertices)
  [ComfyUI] [worker:ComfyUI-GeometryPack] INFO: Adding normals field (11381 vertices)
  [ComfyUI] [worker:ComfyUI-GeometryPack] INFO: Adding normals field (11381 vertices)
  Frame 6 saved (frame_005.jpg, t=21.3s)
  [capture-node] freeze=11ms shot=104ms unfreeze=3ms saved=True
  [ComfyUI] [worker:ComfyUI-GeometryPack] INFO: Export complete: 11381 vertices, 22758 faces
  [ComfyUI] [worker:ComfyUI-GeometryPack] INFO: Export complete: 11381 vertices, 22758 faces
  [ComfyUI] [worker:ComfyUI-GeometryPack] INFO: Export complete: 11381 vertices, 22758 faces
  [ComfyUI] [worker:ComfyUI-GeometryPack] INFO: Export complete: 11381 vertices, 22758 faces
  [ComfyUI] [worker:ComfyUI-GeometryPack] INFO: Export complete: 11381 vertices, 22758 faces
  [ComfyUI] [worker:ComfyUI-GeometryPack] INFO: Export complete: 11381 vertices, 22758 faces
  [ComfyUI] [worker:ComfyUI-GeometryPack] INFO: Export complete: 11381 vertices, 22758 faces
  [ComfyUI] [worker:ComfyUI-GeometryPack] INFO: Export complete: 11381 vertices, 22758 faces
  [ComfyUI] [worker:ComfyUI-GeometryPack] INFO: Export complete: 11381 vertices, 22758 faces
  [ComfyUI] [worker:ComfyUI-GeometryPack] INFO: Export complete: 11381 vertices, 22758 faces
  [ComfyUI] [worker:ComfyUI-GeometryPack] INFO: Export complete: 11381 vertices, 22758 faces
  [ComfyUI] [worker:ComfyUI-GeometryPack] INFO: Export complete: 11381 vertices, 22758 faces
  [ComfyUI] [worker:ComfyUI-GeometryPack] INFO: Export complete: 11381 vertices, 22758 faces
  [ComfyUI] [worker:ComfyUI-GeometryPack] INFO: Export complete: 11381 vertices, 22758 faces
  [ComfyUI] [worker:ComfyUI-GeometryPack] INFO: Export complete: 11381 vertices, 22758 faces
  [ComfyUI] [worker:ComfyUI-GeometryPack] INFO: Export complete: 11381 vertices, 22758 faces
  [ComfyUI] [worker:ComfyUI-GeometryPack] INFO: Export complete: 11381 vertices, 22758 faces
  [ComfyUI] [worker:ComfyUI-GeometryPack] INFO: Export complete: 11381 vertices, 22758 faces
  [ComfyUI] [worker:ComfyUI-GeometryPack] INFO: Export complete: 11381 vertices, 22758 faces
  [ComfyUI] [worker:ComfyUI-GeometryPack] INFO: Export complete: 11381 vertices, 22758 faces
  [ComfyUI] [worker:ComfyUI-GeometryPack] INFO: Export complete: 11381 vertices, 22758 faces
  [ComfyUI] [worker:ComfyUI-GeometryPack] INFO: Export complete: 11381 vertices, 22758 faces
  [ComfyUI] [worker:ComfyUI-GeometryPack] INFO: Export complete: 11381 vertices, 22758 faces
  [ComfyUI] [worker:ComfyUI-GeometryPack] INFO: Exported VTP: C:\workspaces\GeometryPack-0758\portable-comfyui\ComfyUI_windows_portable\ComfyUI\output\preview_multi_1_39a18987.vtp
  [ComfyUI] [worker:ComfyUI-GeometryPack] INFO: Exported VTP: C:\workspaces\GeometryPack-0758\portable-comfyui\ComfyUI_windows_portable\ComfyUI\output\preview_multi_1_39a18987.vtp
  [ComfyUI] [worker:ComfyUI-GeometryPack] INFO: Exported VTP: C:\workspaces\GeometryPack-0758\portable-comfyui\ComfyUI_windows_portable\ComfyUI\output\preview_multi_1_39a18987.vtp
  [ComfyUI] [worker:ComfyUI-GeometryPack] INFO: Exported VTP: C:\workspaces\GeometryPack-0758\portable-comfyui\ComfyUI_windows_portable\ComfyUI\output\preview_multi_1_39a18987.vtp
  [ComfyUI] [worker:ComfyUI-GeometryPack] INFO: Exported VTP: C:\workspaces\GeometryPack-0758\portable-comfyui\ComfyUI_windows_portable\ComfyUI\output\preview_multi_1_39a18987.vtp
  [ComfyUI] [worker:ComfyUI-GeometryPack] INFO: Exported VTP: C:\workspaces\GeometryPack-0758\portable-comfyui\ComfyUI_windows_portable\ComfyUI\output\preview_multi_1_39a18987.vtp
  [ComfyUI] [worker:ComfyUI-GeometryPack] INFO: Exported VTP: C:\workspaces\GeometryPack-0758\portable-comfyui\ComfyUI_windows_portable\ComfyUI\output\preview_multi_1_39a18987.vtp
  [ComfyUI] [worker:ComfyUI-GeometryPack] INFO: Exported VTP: C:\workspaces\GeometryPack-0758\portable-comfyui\ComfyUI_windows_portable\ComfyUI\output\preview_multi_1_39a18987.vtp
  [ComfyUI] [worker:ComfyUI-GeometryPack] INFO: Exported VTP: C:\workspaces\GeometryPack-0758\portable-comfyui\ComfyUI_windows_portable\ComfyUI\output\preview_multi_1_39a18987.vtp
  [ComfyUI] [worker:ComfyUI-GeometryPack] INFO: Exported VTP: C:\workspaces\GeometryPack-0758\portable-comfyui\ComfyUI_windows_portable\ComfyUI\output\preview_multi_1_39a18987.vtp
  [ComfyUI] [worker:ComfyUI-GeometryPack] INFO: Exported VTP: C:\workspaces\GeometryPack-0758\portable-comfyui\ComfyUI_windows_portable\ComfyUI\output\preview_multi_1_39a18987.vtp
  [ComfyUI] [worker:ComfyUI-GeometryPack] INFO: Exported VTP: C:\workspaces\GeometryPack-0758\portable-comfyui\ComfyUI_windows_portable\ComfyUI\output\preview_multi_1_39a18987.vtp
  [ComfyUI] [worker:ComfyUI-GeometryPack] INFO: Exported VTP: C:\workspaces\GeometryPack-0758\portable-comfyui\ComfyUI_windows_portable\ComfyUI\output\preview_multi_1_39a18987.vtp
  [ComfyUI] [worker:ComfyUI-GeometryPack] INFO: Exported VTP: C:\workspaces\GeometryPack-0758\portable-comfyui\ComfyUI_windows_portable\ComfyUI\output\preview_multi_1_39a18987.vtp
  [ComfyUI] [worker:ComfyUI-GeometryPack] INFO: Exported VTP: C:\workspaces\GeometryPack-0758\portable-comfyui\ComfyUI_windows_portable\ComfyUI\output\preview_multi_1_39a18987.vtp
  [ComfyUI] [worker:ComfyUI-GeometryPack] INFO: Exported VTP: C:\workspaces\GeometryPack-0758\portable-comfyui\ComfyUI_windows_portable\ComfyUI\output\preview_multi_1_39a18987.vtp
  [ComfyUI] [worker:ComfyUI-GeometryPack] INFO: Exported VTP: C:\workspaces\GeometryPack-0758\portable-comfyui\ComfyUI_windows_portable\ComfyUI\output\preview_multi_1_39a18987.vtp
  [ComfyUI] [worker:ComfyUI-GeometryPack] INFO: Exported VTP: C:\workspaces\GeometryPack-0758\portable-comfyui\ComfyUI_windows_portable\ComfyUI\output\preview_multi_1_39a18987.vtp
  [ComfyUI] [worker:ComfyUI-GeometryPack] INFO: Exported VTP: C:\workspaces\GeometryPack-0758\portable-comfyui\ComfyUI_windows_portable\ComfyUI\output\preview_multi_1_39a18987.vtp
  [ComfyUI] [worker:ComfyUI-GeometryPack] INFO: Exported VTP: C:\workspaces\GeometryPack-0758\portable-comfyui\ComfyUI_windows_portable\ComfyUI\output\preview_multi_1_39a18987.vtp
  [ComfyUI] [worker:ComfyUI-GeometryPack] INFO: Exported VTP: C:\workspaces\GeometryPack-0758\portable-comfyui\ComfyUI_windows_portable\ComfyUI\output\preview_multi_1_39a18987.vtp
  [ComfyUI] [worker:ComfyUI-GeometryPack] INFO: Exported VTP: C:\workspaces\GeometryPack-0758\portable-comfyui\ComfyUI_windows_portable\ComfyUI\output\preview_multi_1_39a18987.vtp
  [ComfyUI] [worker:ComfyUI-GeometryPack] INFO: Exported VTP: C:\workspaces\GeometryPack-0758\portable-comfyui\ComfyUI_windows_portable\ComfyUI\output\preview_multi_1_39a18987.vtp
  [ComfyUI] [worker:ComfyUI-GeometryPack] INFO: Mesh 2: Mesh - 11381 vertices, 22813 faces
  [ComfyUI] [worker:ComfyUI-GeometryPack] INFO: Mesh 2: Mesh - 11381 vertices, 22813 faces
  [ComfyUI] [worker:ComfyUI-GeometryPack] INFO: Mesh 2: Mesh - 11381 vertices, 22813 faces
  [ComfyUI] [worker:ComfyUI-GeometryPack] INFO: Mesh 2: Mesh - 11381 vertices, 22813 faces
  [ComfyUI] [worker:ComfyUI-GeometryPack] INFO: Mesh 2: Mesh - 11381 vertices, 22813 faces
  [ComfyUI] [worker:ComfyUI-GeometryPack] INFO: Mesh 2: Mesh - 11381 vertices, 22813 faces
  [ComfyUI] [worker:ComfyUI-GeometryPack] INFO: Mesh 2: Mesh - 11381 vertices, 22813 faces
  [ComfyUI] [worker:ComfyUI-GeometryPack] INFO: Mesh 2: Mesh - 11381 vertices, 22813 faces
  [ComfyUI] [worker:ComfyUI-GeometryPack] INFO: Mesh 2: Mesh - 11381 vertices, 22813 faces
  [ComfyUI] [worker:ComfyUI-GeometryPack] INFO: Mesh 2: Mesh - 11381 vertices, 22813 faces
  [ComfyUI] [worker:ComfyUI-GeometryPack] INFO: Mesh 2: Mesh - 11381 vertices, 22813 faces
  [ComfyUI] [worker:ComfyUI-GeometryPack] INFO: Mesh 2: Mesh - 11381 vertices, 22813 faces
  [ComfyUI] [worker:ComfyUI-GeometryPack] INFO: Mesh 2: Mesh - 11381 vertices, 22813 faces
  [ComfyUI] [worker:ComfyUI-GeometryPack] INFO: Mesh 2: Mesh - 11381 vertices, 22813 faces
  [ComfyUI] [worker:ComfyUI-GeometryPack] INFO: Mesh 2: Mesh - 11381 vertices, 22813 faces
  [ComfyUI] [worker:ComfyUI-GeometryPack] INFO: Mesh 2: Mesh - 11381 vertices, 22813 faces
  [ComfyUI] [worker:ComfyUI-GeometryPack] INFO: Mesh 2: Mesh - 11381 vertices, 22813 faces
  [ComfyUI] [worker:ComfyUI-GeometryPack] INFO: Mesh 2: Mesh - 11381 vertices, 22813 faces
  [ComfyUI] [worker:ComfyUI-GeometryPack] INFO: Mesh 2: Mesh - 11381 vertices, 22813 faces
  [ComfyUI] [worker:ComfyUI-GeometryPack] INFO: Mesh 2: Mesh - 11381 vertices, 22813 faces
  [ComfyUI] [worker:ComfyUI-GeometryPack] INFO: Mesh 2: Mesh - 11381 vertices, 22813 faces
  [ComfyUI] [worker:ComfyUI-GeometryPack] INFO: Mesh 2: Mesh - 11381 vertices, 22813 faces
  [ComfyUI] [worker:ComfyUI-GeometryPack] INFO: Mesh 2: Mesh - 11381 vertices, 22813 faces
  [ComfyUI] [worker:ComfyUI-GeometryPack] INFO: Exporting mesh to VTP: C:\workspaces\GeometryPack-0758\portable-comfyui\ComfyUI_windows_portable\ComfyUI\output\preview_multi_2_39a18987.vtp
  [ComfyUI] [worker:ComfyUI-GeometryPack] INFO: Exporting mesh to VTP: C:\workspaces\GeometryPack-0758\portable-comfyui\ComfyUI_windows_portable\ComfyUI\output\preview_multi_2_39a18987.vtp
  [ComfyUI] [worker:ComfyUI-GeometryPack] INFO: Exporting mesh to VTP: C:\workspaces\GeometryPack-0758\portable-comfyui\ComfyUI_windows_portable\ComfyUI\output\preview_multi_2_39a18987.vtp
  [ComfyUI] [worker:ComfyUI-GeometryPack] INFO: Exporting mesh to VTP: C:\workspaces\GeometryPack-0758\portable-comfyui\ComfyUI_windows_portable\ComfyUI\output\preview_multi_2_39a18987.vtp
  [ComfyUI] [worker:ComfyUI-GeometryPack] INFO: Exporting mesh to VTP: C:\workspaces\GeometryPack-0758\portable-comfyui\ComfyUI_windows_portable\ComfyUI\output\preview_multi_2_39a18987.vtp
  [ComfyUI] [worker:ComfyUI-GeometryPack] INFO: Exporting mesh to VTP: C:\workspaces\GeometryPack-0758\portable-comfyui\ComfyUI_windows_portable\ComfyUI\output\preview_multi_2_39a18987.vtp
  [ComfyUI] [worker:ComfyUI-GeometryPack] INFO: Exporting mesh to VTP: C:\workspaces\GeometryPack-0758\portable-comfyui\ComfyUI_windows_portable\ComfyUI\output\preview_multi_2_39a18987.vtp
  [ComfyUI] [worker:ComfyUI-GeometryPack] INFO: Exporting mesh to VTP: C:\workspaces\GeometryPack-0758\portable-comfyui\ComfyUI_windows_portable\ComfyUI\output\preview_multi_2_39a18987.vtp
  [ComfyUI] [worker:ComfyUI-GeometryPack] INFO: Exporting mesh to VTP: C:\workspaces\GeometryPack-0758\portable-comfyui\ComfyUI_windows_portable\ComfyUI\output\preview_multi_2_39a18987.vtp
  [ComfyUI] [worker:ComfyUI-GeometryPack] INFO: Exporting mesh to VTP: C:\workspaces\GeometryPack-0758\portable-comfyui\ComfyUI_windows_portable\ComfyUI\output\preview_multi_2_39a18987.vtp
  [ComfyUI] [worker:ComfyUI-GeometryPack] INFO: Exporting mesh to VTP: C:\workspaces\GeometryPack-0758\portable-comfyui\ComfyUI_windows_portable\ComfyUI\output\preview_multi_2_39a18987.vtp
  [ComfyUI] [worker:ComfyUI-GeometryPack] INFO: Exporting mesh to VTP: C:\workspaces\GeometryPack-0758\portable-comfyui\ComfyUI_windows_portable\ComfyUI\output\preview_multi_2_39a18987.vtp
  [ComfyUI] [worker:ComfyUI-GeometryPack] INFO: Exporting mesh to VTP: C:\workspaces\GeometryPack-0758\portable-comfyui\ComfyUI_windows_portable\ComfyUI\output\preview_multi_2_39a18987.vtp
  [ComfyUI] [worker:ComfyUI-GeometryPack] INFO: Exporting mesh to VTP: C:\workspaces\GeometryPack-0758\portable-comfyui\ComfyUI_windows_portable\ComfyUI\output\preview_multi_2_39a18987.vtp
  [ComfyUI] [worker:ComfyUI-GeometryPack] INFO: Exporting mesh to VTP: C:\workspaces\GeometryPack-0758\portable-comfyui\ComfyUI_windows_portable\ComfyUI\output\preview_multi_2_39a18987.vtp
  [ComfyUI] [worker:ComfyUI-GeometryPack] INFO: Exporting mesh to VTP: C:\workspaces\GeometryPack-0758\portable-comfyui\ComfyUI_windows_portable\ComfyUI\output\preview_multi_2_39a18987.vtp
  [ComfyUI] [worker:ComfyUI-GeometryPack] INFO: Exporting mesh to VTP: C:\workspaces\GeometryPack-0758\portable-comfyui\ComfyUI_windows_portable\ComfyUI\output\preview_multi_2_39a18987.vtp
  [ComfyUI] [worker:ComfyUI-GeometryPack] INFO: Exporting mesh to VTP: C:\workspaces\GeometryPack-0758\portable-comfyui\ComfyUI_windows_portable\ComfyUI\output\preview_multi_2_39a18987.vtp
  [ComfyUI] [worker:ComfyUI-GeometryPack] INFO: Exporting mesh to VTP: C:\workspaces\GeometryPack-0758\portable-comfyui\ComfyUI_windows_portable\ComfyUI\output\preview_multi_2_39a18987.vtp
  [ComfyUI] [worker:ComfyUI-GeometryPack] INFO: Exporting mesh to VTP: C:\workspaces\GeometryPack-0758\portable-comfyui\ComfyUI_windows_portable\ComfyUI\output\preview_multi_2_39a18987.vtp
  [ComfyUI] [worker:ComfyUI-GeometryPack] INFO: Exporting mesh to VTP: C:\workspaces\GeometryPack-0758\portable-comfyui\ComfyUI_windows_portable\ComfyUI\output\preview_multi_2_39a18987.vtp
  [ComfyUI] [worker:ComfyUI-GeometryPack] INFO: Exporting mesh to VTP: C:\workspaces\GeometryPack-0758\portable-comfyui\ComfyUI_windows_portable\ComfyUI\output\preview_multi_2_39a18987.vtp
  [ComfyUI] [worker:ComfyUI-GeometryPack] INFO: Exporting mesh to VTP: C:\workspaces\GeometryPack-0758\portable-comfyui\ComfyUI_windows_portable\ComfyUI\output\preview_multi_2_39a18987.vtp
  [ComfyUI] [worker:ComfyUI-GeometryPack] INFO: Adding normals field (11381 vertices)
  [ComfyUI] [worker:ComfyUI-GeometryPack] INFO: Adding normals field (11381 vertices)
  [ComfyUI] [worker:ComfyUI-GeometryPack] INFO: Adding normals field (11381 vertices)
  [ComfyUI] [worker:ComfyUI-GeometryPack] INFO: Adding normals field (11381 vertices)
  [ComfyUI] [worker:ComfyUI-GeometryPack] INFO: Adding normals field (11381 vertices)
  [ComfyUI] [worker:ComfyUI-GeometryPack] INFO: Adding normals field (11381 vertices)
  [ComfyUI] [worker:ComfyUI-GeometryPack] INFO: Adding normals field (11381 vertices)
  [ComfyUI] [worker:ComfyUI-GeometryPack] INFO: Adding normals field (11381 vertices)
  [ComfyUI] [worker:ComfyUI-GeometryPack] INFO: Adding normals field (11381 vertices)
  [ComfyUI] [worker:ComfyUI-GeometryPack] INFO: Adding normals field (11381 vertices)
  [ComfyUI] [worker:ComfyUI-GeometryPack] INFO: Adding normals field (11381 vertices)
  [ComfyUI] [worker:ComfyUI-GeometryPack] INFO: Adding normals field (11381 vertices)
  [ComfyUI] [worker:ComfyUI-GeometryPack] INFO: Adding normals field (11381 vertices)
  [ComfyUI] [worker:ComfyUI-GeometryPack] INFO: Adding normals field (11381 vertices)
  [ComfyUI] [worker:ComfyUI-GeometryPack] INFO: Adding normals field (11381 vertices)
  [ComfyUI] [worker:ComfyUI-GeometryPack] INFO: Adding normals field (11381 vertices)
  [ComfyUI] [worker:ComfyUI-GeometryPack] INFO: Adding normals field (11381 vertices)
  [ComfyUI] [worker:ComfyUI-GeometryPack] INFO: Adding normals field (11381 vertices)
  [ComfyUI] [worker:ComfyUI-GeometryPack] INFO: Adding normals field (11381 vertices)
  [ComfyUI] [worker:ComfyUI-GeometryPack] INFO: Adding normals field (11381 vertices)
  [ComfyUI] [worker:ComfyUI-GeometryPack] INFO: Adding normals field (11381 vertices)
  [ComfyUI] [worker:ComfyUI-GeometryPack] INFO: Adding normals field (11381 vertices)
  [ComfyUI] [worker:ComfyUI-GeometryPack] INFO: Adding normals field (11381 vertices)
  Node executed (3 total), capturing...
  [ComfyUI] [worker:ComfyUI-GeometryPack] INFO: Export complete: 11381 vertices, 22813 faces
  [ComfyUI] [worker:ComfyUI-GeometryPack] INFO: Export complete: 11381 vertices, 22813 faces
  [ComfyUI] [worker:ComfyUI-GeometryPack] INFO: Export complete: 11381 vertices, 22813 faces
  [ComfyUI] [worker:ComfyUI-GeometryPack] INFO: Export complete: 11381 vertices, 22813 faces
  [ComfyUI] [worker:ComfyUI-GeometryPack] INFO: Export complete: 11381 vertices, 22813 faces
  [ComfyUI] [worker:ComfyUI-GeometryPack] INFO: Export complete: 11381 vertices, 22813 faces
  [ComfyUI] [worker:ComfyUI-GeometryPack] INFO: Export complete: 11381 vertices, 22813 faces
  [ComfyUI] [worker:ComfyUI-GeometryPack] INFO: Export complete: 11381 vertices, 22813 faces
  [ComfyUI] [worker:ComfyUI-GeometryPack] INFO: Export complete: 11381 vertices, 22813 faces
  [ComfyUI] [worker:ComfyUI-GeometryPack] INFO: Export complete: 11381 vertices, 22813 faces
  [ComfyUI] [worker:ComfyUI-GeometryPack] INFO: Export complete: 11381 vertices, 22813 faces
  [ComfyUI] [worker:ComfyUI-GeometryPack] INFO: Export complete: 11381 vertices, 22813 faces
  [ComfyUI] [worker:ComfyUI-GeometryPack] INFO: Export complete: 11381 vertices, 22813 faces
  [ComfyUI] [worker:ComfyUI-GeometryPack] INFO: Export complete: 11381 vertices, 22813 faces
  [ComfyUI] [worker:ComfyUI-GeometryPack] INFO: Export complete: 11381 vertices, 22813 faces
  [ComfyUI] [worker:ComfyUI-GeometryPack] INFO: Export complete: 11381 vertices, 22813 faces
  [ComfyUI] [worker:ComfyUI-GeometryPack] INFO: Export complete: 11381 vertices, 22813 faces
  [ComfyUI] [worker:ComfyUI-GeometryPack] INFO: Export complete: 11381 vertices, 22813 faces
  [ComfyUI] [worker:ComfyUI-GeometryPack] INFO: Export complete: 11381 vertices, 22813 faces
  [ComfyUI] [worker:ComfyUI-GeometryPack] INFO: Export complete: 11381 vertices, 22813 faces
  [ComfyUI] [worker:ComfyUI-GeometryPack] INFO: Export complete: 11381 vertices, 22813 faces
  [ComfyUI] [worker:ComfyUI-GeometryPack] INFO: Export complete: 11381 vertices, 22813 faces
  [ComfyUI] [worker:ComfyUI-GeometryPack] INFO: Export complete: 11381 vertices, 22813 faces
  [ComfyUI] [worker:ComfyUI-GeometryPack] INFO: Exported VTP: C:\workspaces\GeometryPack-0758\portable-comfyui\ComfyUI_windows_portable\ComfyUI\output\preview_multi_2_39a18987.vtp
  [ComfyUI] [worker:ComfyUI-GeometryPack] INFO: Exported VTP: C:\workspaces\GeometryPack-0758\portable-comfyui\ComfyUI_windows_portable\ComfyUI\output\preview_multi_2_39a18987.vtp
  [ComfyUI] [worker:ComfyUI-GeometryPack] INFO: Exported VTP: C:\workspaces\GeometryPack-0758\portable-comfyui\ComfyUI_windows_portable\ComfyUI\output\preview_multi_2_39a18987.vtp
  [ComfyUI] [worker:ComfyUI-GeometryPack] INFO: Exported VTP: C:\workspaces\GeometryPack-0758\portable-comfyui\ComfyUI_windows_portable\ComfyUI\output\preview_multi_2_39a18987.vtp
  [ComfyUI] [worker:ComfyUI-GeometryPack] INFO: Exported VTP: C:\workspaces\GeometryPack-0758\portable-comfyui\ComfyUI_windows_portable\ComfyUI\output\preview_multi_2_39a18987.vtp
  [ComfyUI] [worker:ComfyUI-GeometryPack] INFO: Exported VTP: C:\workspaces\GeometryPack-0758\portable-comfyui\ComfyUI_windows_portable\ComfyUI\output\preview_multi_2_39a18987.vtp
  [ComfyUI] [worker:ComfyUI-GeometryPack] INFO: Exported VTP: C:\workspaces\GeometryPack-0758\portable-comfyui\ComfyUI_windows_portable\ComfyUI\output\preview_multi_2_39a18987.vtp
  [ComfyUI] [worker:ComfyUI-GeometryPack] INFO: Exported VTP: C:\workspaces\GeometryPack-0758\portable-comfyui\ComfyUI_windows_portable\ComfyUI\output\preview_multi_2_39a18987.vtp
  [ComfyUI] [worker:ComfyUI-GeometryPack] INFO: Exported VTP: C:\workspaces\GeometryPack-0758\portable-comfyui\ComfyUI_windows_portable\ComfyUI\output\preview_multi_2_39a18987.vtp
  [ComfyUI] [worker:ComfyUI-GeometryPack] INFO: Exported VTP: C:\workspaces\GeometryPack-0758\portable-comfyui\ComfyUI_windows_portable\ComfyUI\output\preview_multi_2_39a18987.vtp
  [ComfyUI] [worker:ComfyUI-GeometryPack] INFO: Exported VTP: C:\workspaces\GeometryPack-0758\portable-comfyui\ComfyUI_windows_portable\ComfyUI\output\preview_multi_2_39a18987.vtp
  [ComfyUI] [worker:ComfyUI-GeometryPack] INFO: Exported VTP: C:\workspaces\GeometryPack-0758\portable-comfyui\ComfyUI_windows_portable\ComfyUI\output\preview_multi_2_39a18987.vtp
  [ComfyUI] [worker:ComfyUI-GeometryPack] INFO: Exported VTP: C:\workspaces\GeometryPack-0758\portable-comfyui\ComfyUI_windows_portable\ComfyUI\output\preview_multi_2_39a18987.vtp
  [ComfyUI] [worker:ComfyUI-GeometryPack] INFO: Exported VTP: C:\workspaces\GeometryPack-0758\portable-comfyui\ComfyUI_windows_portable\ComfyUI\output\preview_multi_2_39a18987.vtp
  [ComfyUI] [worker:ComfyUI-GeometryPack] INFO: Exported VTP: C:\workspaces\GeometryPack-0758\portable-comfyui\ComfyUI_windows_portable\ComfyUI\output\preview_multi_2_39a18987.vtp
  [ComfyUI] [worker:ComfyUI-GeometryPack] INFO: Exported VTP: C:\workspaces\GeometryPack-0758\portable-comfyui\ComfyUI_windows_portable\ComfyUI\output\preview_multi_2_39a18987.vtp
  [ComfyUI] [worker:ComfyUI-GeometryPack] INFO: Exported VTP: C:\workspaces\GeometryPack-0758\portable-comfyui\ComfyUI_windows_portable\ComfyUI\output\preview_multi_2_39a18987.vtp
  [ComfyUI] [worker:ComfyUI-GeometryPack] INFO: Exported VTP: C:\workspaces\GeometryPack-0758\portable-comfyui\ComfyUI_windows_portable\ComfyUI\output\preview_multi_2_39a18987.vtp
  [ComfyUI] [worker:ComfyUI-GeometryPack] INFO: Exported VTP: C:\workspaces\GeometryPack-0758\portable-comfyui\ComfyUI_windows_portable\ComfyUI\output\preview_multi_2_39a18987.vtp
  [ComfyUI] [worker:ComfyUI-GeometryPack] INFO: Exported VTP: C:\workspaces\GeometryPack-0758\portable-comfyui\ComfyUI_windows_portable\ComfyUI\output\preview_multi_2_39a18987.vtp
  [ComfyUI] [worker:ComfyUI-GeometryPack] INFO: Exported VTP: C:\workspaces\GeometryPack-0758\portable-comfyui\ComfyUI_windows_portable\ComfyUI\output\preview_multi_2_39a18987.vtp
  [ComfyUI] [worker:ComfyUI-GeometryPack] INFO: Exported VTP: C:\workspaces\GeometryPack-0758\portable-comfyui\ComfyUI_windows_portable\ComfyUI\output\preview_multi_2_39a18987.vtp
  [ComfyUI] [worker:ComfyUI-GeometryPack] INFO: Exported VTP: C:\workspaces\GeometryPack-0758\portable-comfyui\ComfyUI_windows_portable\ComfyUI\output\preview_multi_2_39a18987.vtp
  [ComfyUI] [worker:ComfyUI-GeometryPack] INFO: Mesh 3: Mesh - 11382 vertices, 22760 faces
  [ComfyUI] [worker:ComfyUI-GeometryPack] INFO: Mesh 3: Mesh - 11382 vertices, 22760 faces
  [ComfyUI] [worker:ComfyUI-GeometryPack] INFO: Mesh 3: Mesh - 11382 vertices, 22760 faces
  [ComfyUI] [worker:ComfyUI-GeometryPack] INFO: Mesh 3: Mesh - 11382 vertices, 22760 faces
  [ComfyUI] [worker:ComfyUI-GeometryPack] INFO: Mesh 3: Mesh - 11382 vertices, 22760 faces
  [ComfyUI] [worker:ComfyUI-GeometryPack] INFO: Mesh 3: Mesh - 11382 vertices, 22760 faces
  [ComfyUI] [worker:ComfyUI-GeometryPack] INFO: Mesh 3: Mesh - 11382 vertices, 22760 faces
  [ComfyUI] [worker:ComfyUI-GeometryPack] INFO: Mesh 3: Mesh - 11382 vertices, 22760 faces
  [ComfyUI] [worker:ComfyUI-GeometryPack] INFO: Mesh 3: Mesh - 11382 vertices, 22760 faces
  [ComfyUI] [worker:ComfyUI-GeometryPack] INFO: Mesh 3: Mesh - 11382 vertices, 22760 faces
  [ComfyUI] [worker:ComfyUI-GeometryPack] INFO: Mesh 3: Mesh - 11382 vertices, 22760 faces
  [ComfyUI] [worker:ComfyUI-GeometryPack] INFO: Mesh 3: Mesh - 11382 vertices, 22760 faces
  [ComfyUI] [worker:ComfyUI-GeometryPack] INFO: Mesh 3: Mesh - 11382 vertices, 22760 faces
  [ComfyUI] [worker:ComfyUI-GeometryPack] INFO: Mesh 3: Mesh - 11382 vertices, 22760 faces
  [ComfyUI] [worker:ComfyUI-GeometryPack] INFO: Mesh 3: Mesh - 11382 vertices, 22760 faces
  [ComfyUI] [worker:ComfyUI-GeometryPack] INFO: Mesh 3: Mesh - 11382 vertices, 22760 faces
  [ComfyUI] [worker:ComfyUI-GeometryPack] INFO: Mesh 3: Mesh - 11382 vertices, 22760 faces
  [ComfyUI] [worker:ComfyUI-GeometryPack] INFO: Mesh 3: Mesh - 11382 vertices, 22760 faces
  [ComfyUI] [worker:ComfyUI-GeometryPack] INFO: Mesh 3: Mesh - 11382 vertices, 22760 faces
  [ComfyUI] [worker:ComfyUI-GeometryPack] INFO: Mesh 3: Mesh - 11382 vertices, 22760 faces
  [ComfyUI] [worker:ComfyUI-GeometryPack] INFO: Mesh 3: Mesh - 11382 vertices, 22760 faces
  [ComfyUI] [worker:ComfyUI-GeometryPack] INFO: Mesh 3: Mesh - 11382 vertices, 22760 faces
  [ComfyUI] [worker:ComfyUI-GeometryPack] INFO: Mesh 3: Mesh - 11382 vertices, 22760 faces
  [ComfyUI] [worker:ComfyUI-GeometryPack] INFO: Exporting mesh to VTP: C:\workspaces\GeometryPack-0758\portable-comfyui\ComfyUI_windows_portable\ComfyUI\output\preview_multi_3_39a18987.vtp
  [ComfyUI] [worker:ComfyUI-GeometryPack] INFO: Exporting mesh to VTP: C:\workspaces\GeometryPack-0758\portable-comfyui\ComfyUI_windows_portable\ComfyUI\output\preview_multi_3_39a18987.vtp
  [ComfyUI] [worker:ComfyUI-GeometryPack] INFO: Exporting mesh to VTP: C:\workspaces\GeometryPack-0758\portable-comfyui\ComfyUI_windows_portable\ComfyUI\output\preview_multi_3_39a18987.vtp
  [ComfyUI] [worker:ComfyUI-GeometryPack] INFO: Exporting mesh to VTP: C:\workspaces\GeometryPack-0758\portable-comfyui\ComfyUI_windows_portable\ComfyUI\output\preview_multi_3_39a18987.vtp
  [ComfyUI] [worker:ComfyUI-GeometryPack] INFO: Exporting mesh to VTP: C:\workspaces\GeometryPack-0758\portable-comfyui\ComfyUI_windows_portable\ComfyUI\output\preview_multi_3_39a18987.vtp
  [ComfyUI] [worker:ComfyUI-GeometryPack] INFO: Exporting mesh to VTP: C:\workspaces\GeometryPack-0758\portable-comfyui\ComfyUI_windows_portable\ComfyUI\output\preview_multi_3_39a18987.vtp
  [ComfyUI] [worker:ComfyUI-GeometryPack] INFO: Exporting mesh to VTP: C:\workspaces\GeometryPack-0758\portable-comfyui\ComfyUI_windows_portable\ComfyUI\output\preview_multi_3_39a18987.vtp
  [ComfyUI] [worker:ComfyUI-GeometryPack] INFO: Exporting mesh to VTP: C:\workspaces\GeometryPack-0758\portable-comfyui\ComfyUI_windows_portable\ComfyUI\output\preview_multi_3_39a18987.vtp
  [ComfyUI] [worker:ComfyUI-GeometryPack] INFO: Exporting mesh to VTP: C:\workspaces\GeometryPack-0758\portable-comfyui\ComfyUI_windows_portable\ComfyUI\output\preview_multi_3_39a18987.vtp
  [ComfyUI] [worker:ComfyUI-GeometryPack] INFO: Exporting mesh to VTP: C:\workspaces\GeometryPack-0758\portable-comfyui\ComfyUI_windows_portable\ComfyUI\output\preview_multi_3_39a18987.vtp
  [ComfyUI] [worker:ComfyUI-GeometryPack] INFO: Exporting mesh to VTP: C:\workspaces\GeometryPack-0758\portable-comfyui\ComfyUI_windows_portable\ComfyUI\output\preview_multi_3_39a18987.vtp
  [ComfyUI] [worker:ComfyUI-GeometryPack] INFO: Exporting mesh to VTP: C:\workspaces\GeometryPack-0758\portable-comfyui\ComfyUI_windows_portable\ComfyUI\output\preview_multi_3_39a18987.vtp
  [ComfyUI] [worker:ComfyUI-GeometryPack] INFO: Exporting mesh to VTP: C:\workspaces\GeometryPack-0758\portable-comfyui\ComfyUI_windows_portable\ComfyUI\output\preview_multi_3_39a18987.vtp
  [ComfyUI] [worker:ComfyUI-GeometryPack] INFO: Exporting mesh to VTP: C:\workspaces\GeometryPack-0758\portable-comfyui\ComfyUI_windows_portable\ComfyUI\output\preview_multi_3_39a18987.vtp
  [ComfyUI] [worker:ComfyUI-GeometryPack] INFO: Exporting mesh to VTP: C:\workspaces\GeometryPack-0758\portable-comfyui\ComfyUI_windows_portable\ComfyUI\output\preview_multi_3_39a18987.vtp
  [ComfyUI] [worker:ComfyUI-GeometryPack] INFO: Exporting mesh to VTP: C:\workspaces\GeometryPack-0758\portable-comfyui\ComfyUI_windows_portable\ComfyUI\output\preview_multi_3_39a18987.vtp
  [ComfyUI] [worker:ComfyUI-GeometryPack] INFO: Exporting mesh to VTP: C:\workspaces\GeometryPack-0758\portable-comfyui\ComfyUI_windows_portable\ComfyUI\output\preview_multi_3_39a18987.vtp
  [ComfyUI] [worker:ComfyUI-GeometryPack] INFO: Exporting mesh to VTP: C:\workspaces\GeometryPack-0758\portable-comfyui\ComfyUI_windows_portable\ComfyUI\output\preview_multi_3_39a18987.vtp
  [ComfyUI] [worker:ComfyUI-GeometryPack] INFO: Exporting mesh to VTP: C:\workspaces\GeometryPack-0758\portable-comfyui\ComfyUI_windows_portable\ComfyUI\output\preview_multi_3_39a18987.vtp
  [ComfyUI] [worker:ComfyUI-GeometryPack] INFO: Exporting mesh to VTP: C:\workspaces\GeometryPack-0758\portable-comfyui\ComfyUI_windows_portable\ComfyUI\output\preview_multi_3_39a18987.vtp
  [ComfyUI] [worker:ComfyUI-GeometryPack] INFO: Exporting mesh to VTP: C:\workspaces\GeometryPack-0758\portable-comfyui\ComfyUI_windows_portable\ComfyUI\output\preview_multi_3_39a18987.vtp
  [ComfyUI] [worker:ComfyUI-GeometryPack] INFO: Exporting mesh to VTP: C:\workspaces\GeometryPack-0758\portable-comfyui\ComfyUI_windows_portable\ComfyUI\output\preview_multi_3_39a18987.vtp
  [ComfyUI] [worker:ComfyUI-GeometryPack] INFO: Exporting mesh to VTP: C:\workspaces\GeometryPack-0758\portable-comfyui\ComfyUI_windows_portable\ComfyUI\output\preview_multi_3_39a18987.vtp
  [ComfyUI] [worker:ComfyUI-GeometryPack] INFO: Adding normals field (11382 vertices)
  [ComfyUI] [worker:ComfyUI-GeometryPack] INFO: Adding normals field (11382 vertices)
  [ComfyUI] [worker:ComfyUI-GeometryPack] INFO: Adding normals field (11382 vertices)
  [ComfyUI] [worker:ComfyUI-GeometryPack] INFO: Adding normals field (11382 vertices)
  [ComfyUI] [worker:ComfyUI-GeometryPack] INFO: Adding normals field (11382 vertices)
  [ComfyUI] [worker:ComfyUI-GeometryPack] INFO: Adding normals field (11382 vertices)
  [ComfyUI] [worker:ComfyUI-GeometryPack] INFO: Adding normals field (11382 vertices)
  [ComfyUI] [worker:ComfyUI-GeometryPack] INFO: Adding normals field (11382 vertices)
  [ComfyUI] [worker:ComfyUI-GeometryPack] INFO: Adding normals field (11382 vertices)
  [ComfyUI] [worker:ComfyUI-GeometryPack] INFO: Adding normals field (11382 vertices)
  [ComfyUI] [worker:ComfyUI-GeometryPack] INFO: Adding normals field (11382 vertices)
  [ComfyUI] [worker:ComfyUI-GeometryPack] INFO: Adding normals field (11382 vertices)
  [ComfyUI] [worker:ComfyUI-GeometryPack] INFO: Adding normals field (11382 vertices)
  [ComfyUI] [worker:ComfyUI-GeometryPack] INFO: Adding normals field (11382 vertices)
  [ComfyUI] [worker:ComfyUI-GeometryPack] INFO: Adding normals field (11382 vertices)
  [ComfyUI] [worker:ComfyUI-GeometryPack] INFO: Adding normals field (11382 vertices)
  [ComfyUI] [worker:ComfyUI-GeometryPack] INFO: Adding normals field (11382 vertices)
  [ComfyUI] [worker:ComfyUI-GeometryPack] INFO: Adding normals field (11382 vertices)
  [ComfyUI] [worker:ComfyUI-GeometryPack] INFO: Adding normals field (11382 vertices)
  [ComfyUI] [worker:ComfyUI-GeometryPack] INFO: Adding normals field (11382 vertices)
  [ComfyUI] [worker:ComfyUI-GeometryPack] INFO: Adding normals field (11382 vertices)
  [ComfyUI] [worker:ComfyUI-GeometryPack] INFO: Adding normals field (11382 vertices)
  [ComfyUI] [worker:ComfyUI-GeometryPack] INFO: Adding normals field (11382 vertices)
  [ComfyUI] [worker:ComfyUI-GeometryPack] INFO: Export complete: 11382 vertices, 22760 faces
  [ComfyUI] [worker:ComfyUI-GeometryPack] INFO: Export complete: 11382 vertices, 22760 faces
  [ComfyUI] [worker:ComfyUI-GeometryPack] INFO: Export complete: 11382 vertices, 22760 faces
  [ComfyUI] [worker:ComfyUI-GeometryPack] INFO: Export complete: 11382 vertices, 22760 faces
  [ComfyUI] [worker:ComfyUI-GeometryPack] INFO: Export complete: 11382 vertices, 22760 faces
  [ComfyUI] [worker:ComfyUI-GeometryPack] INFO: Export complete: 11382 vertices, 22760 faces
  [ComfyUI] [worker:ComfyUI-GeometryPack] INFO: Export complete: 11382 vertices, 22760 faces
  [ComfyUI] [worker:ComfyUI-GeometryPack] INFO: Export complete: 11382 vertices, 22760 faces
  [ComfyUI] [worker:ComfyUI-GeometryPack] INFO: Export complete: 11382 vertices, 22760 faces
  [ComfyUI] [worker:ComfyUI-GeometryPack] INFO: Export complete: 11382 vertices, 22760 faces
  [ComfyUI] [worker:ComfyUI-GeometryPack] INFO: Export complete: 11382 vertices, 22760 faces
  [ComfyUI] [worker:ComfyUI-GeometryPack] INFO: Export complete: 11382 vertices, 22760 faces
  [ComfyUI] [worker:ComfyUI-GeometryPack] INFO: Export complete: 11382 vertices, 22760 faces
  [ComfyUI] [worker:ComfyUI-GeometryPack] INFO: Export complete: 11382 vertices, 22760 faces
  [ComfyUI] [worker:ComfyUI-GeometryPack] INFO: Export complete: 11382 vertices, 22760 faces
  [ComfyUI] [worker:ComfyUI-GeometryPack] INFO: Export complete: 11382 vertices, 22760 faces
  [ComfyUI] [worker:ComfyUI-GeometryPack] INFO: Export complete: 11382 vertices, 22760 faces
  [ComfyUI] [worker:ComfyUI-GeometryPack] INFO: Export complete: 11382 vertices, 22760 faces
  [ComfyUI] [worker:ComfyUI-GeometryPack] INFO: Export complete: 11382 vertices, 22760 faces
  [ComfyUI] [worker:ComfyUI-GeometryPack] INFO: Export complete: 11382 vertices, 22760 faces
  [ComfyUI] [worker:ComfyUI-GeometryPack] INFO: Export complete: 11382 vertices, 22760 faces
  [ComfyUI] [worker:ComfyUI-GeometryPack] INFO: Export complete: 11382 vertices, 22760 faces
  [ComfyUI] [worker:ComfyUI-GeometryPack] INFO: Export complete: 11382 vertices, 22760 faces
  [ComfyUI] [worker:ComfyUI-GeometryPack] INFO: Exported VTP: C:\workspaces\GeometryPack-0758\portable-comfyui\ComfyUI_windows_portable\ComfyUI\output\preview_multi_3_39a18987.vtp
  [ComfyUI] [worker:ComfyUI-GeometryPack] INFO: Exported VTP: C:\workspaces\GeometryPack-0758\portable-comfyui\ComfyUI_windows_portable\ComfyUI\output\preview_multi_3_39a18987.vtp
  [ComfyUI] [worker:ComfyUI-GeometryPack] INFO: Exported VTP: C:\workspaces\GeometryPack-0758\portable-comfyui\ComfyUI_windows_portable\ComfyUI\output\preview_multi_3_39a18987.vtp
  [ComfyUI] [worker:ComfyUI-GeometryPack] INFO: Exported VTP: C:\workspaces\GeometryPack-0758\portable-comfyui\ComfyUI_windows_portable\ComfyUI\output\preview_multi_3_39a18987.vtp
  [ComfyUI] [worker:ComfyUI-GeometryPack] INFO: Exported VTP: C:\workspaces\GeometryPack-0758\portable-comfyui\ComfyUI_windows_portable\ComfyUI\output\preview_multi_3_39a18987.vtp
  [ComfyUI] [worker:ComfyUI-GeometryPack] INFO: Exported VTP: C:\workspaces\GeometryPack-0758\portable-comfyui\ComfyUI_windows_portable\ComfyUI\output\preview_multi_3_39a18987.vtp
  [ComfyUI] [worker:ComfyUI-GeometryPack] INFO: Exported VTP: C:\workspaces\GeometryPack-0758\portable-comfyui\ComfyUI_windows_portable\ComfyUI\output\preview_multi_3_39a18987.vtp
  [ComfyUI] [worker:ComfyUI-GeometryPack] INFO: Exported VTP: C:\workspaces\GeometryPack-0758\portable-comfyui\ComfyUI_windows_portable\ComfyUI\output\preview_multi_3_39a18987.vtp
  [ComfyUI] [worker:ComfyUI-GeometryPack] INFO: Exported VTP: C:\workspaces\GeometryPack-0758\portable-comfyui\ComfyUI_windows_portable\ComfyUI\output\preview_multi_3_39a18987.vtp
  [ComfyUI] [worker:ComfyUI-GeometryPack] INFO: Exported VTP: C:\workspaces\GeometryPack-0758\portable-comfyui\ComfyUI_windows_portable\ComfyUI\output\preview_multi_3_39a18987.vtp
  [ComfyUI] [worker:ComfyUI-GeometryPack] INFO: Exported VTP: C:\workspaces\GeometryPack-0758\portable-comfyui\ComfyUI_windows_portable\ComfyUI\output\preview_multi_3_39a18987.vtp
  [ComfyUI] [worker:ComfyUI-GeometryPack] INFO: Exported VTP: C:\workspaces\GeometryPack-0758\portable-comfyui\ComfyUI_windows_portable\ComfyUI\output\preview_multi_3_39a18987.vtp
  [ComfyUI] [worker:ComfyUI-GeometryPack] INFO: Exported VTP: C:\workspaces\GeometryPack-0758\portable-comfyui\ComfyUI_windows_portable\ComfyUI\output\preview_multi_3_39a18987.vtp
  [ComfyUI] [worker:ComfyUI-GeometryPack] INFO: Exported VTP: C:\workspaces\GeometryPack-0758\portable-comfyui\ComfyUI_windows_portable\ComfyUI\output\preview_multi_3_39a18987.vtp
  [ComfyUI] [worker:ComfyUI-GeometryPack] INFO: Exported VTP: C:\workspaces\GeometryPack-0758\portable-comfyui\ComfyUI_windows_portable\ComfyUI\output\preview_multi_3_39a18987.vtp
  [ComfyUI] [worker:ComfyUI-GeometryPack] INFO: Exported VTP: C:\workspaces\GeometryPack-0758\portable-comfyui\ComfyUI_windows_portable\ComfyUI\output\preview_multi_3_39a18987.vtp
  [ComfyUI] [worker:ComfyUI-GeometryPack] INFO: Exported VTP: C:\workspaces\GeometryPack-0758\portable-comfyui\ComfyUI_windows_portable\ComfyUI\output\preview_multi_3_39a18987.vtp
  [ComfyUI] [worker:ComfyUI-GeometryPack] INFO: Exported VTP: C:\workspaces\GeometryPack-0758\portable-comfyui\ComfyUI_windows_portable\ComfyUI\output\preview_multi_3_39a18987.vtp
  [ComfyUI] [worker:ComfyUI-GeometryPack] INFO: Exported VTP: C:\workspaces\GeometryPack-0758\portable-comfyui\ComfyUI_windows_portable\ComfyUI\output\preview_multi_3_39a18987.vtp
  [ComfyUI] [worker:ComfyUI-GeometryPack] INFO: Exported VTP: C:\workspaces\GeometryPack-0758\portable-comfyui\ComfyUI_windows_portable\ComfyUI\output\preview_multi_3_39a18987.vtp
  [ComfyUI] [worker:ComfyUI-GeometryPack] INFO: Exported VTP: C:\workspaces\GeometryPack-0758\portable-comfyui\ComfyUI_windows_portable\ComfyUI\output\preview_multi_3_39a18987.vtp
  [ComfyUI] [worker:ComfyUI-GeometryPack] INFO: Exported VTP: C:\workspaces\GeometryPack-0758\portable-comfyui\ComfyUI_windows_portable\ComfyUI\output\preview_multi_3_39a18987.vtp
  [ComfyUI] [worker:ComfyUI-GeometryPack] INFO: Exported VTP: C:\workspaces\GeometryPack-0758\portable-comfyui\ComfyUI_windows_portable\ComfyUI\output\preview_multi_3_39a18987.vtp
  [ComfyUI] [worker:ComfyUI-GeometryPack] INFO: Grid: 3x1, Preview ready
  [ComfyUI] [worker:ComfyUI-GeometryPack] INFO: Grid: 3x1, Preview ready
  [ComfyUI] [worker:ComfyUI-GeometryPack] INFO: Grid: 3x1, Preview ready
  [ComfyUI] [worker:ComfyUI-GeometryPack] INFO: Grid: 3x1, Preview ready
  [ComfyUI] [worker:ComfyUI-GeometryPack] INFO: Grid: 3x1, Preview ready
  [ComfyUI] [worker:ComfyUI-GeometryPack] INFO: Grid: 3x1, Preview ready
  [ComfyUI] [worker:ComfyUI-GeometryPack] INFO: Grid: 3x1, Preview ready
  [ComfyUI] [worker:ComfyUI-GeometryPack] INFO: Grid: 3x1, Preview ready
  [ComfyUI] [worker:ComfyUI-GeometryPack] INFO: Grid: 3x1, Preview ready
  [ComfyUI] [worker:ComfyUI-GeometryPack] INFO: Grid: 3x1, Preview ready
  [ComfyUI] [worker:ComfyUI-GeometryPack] INFO: Grid: 3x1, Preview ready
  [ComfyUI] [worker:ComfyUI-GeometryPack] INFO: Grid: 3x1, Preview ready
  [ComfyUI] [worker:ComfyUI-GeometryPack] INFO: Grid: 3x1, Preview ready
  [ComfyUI] [worker:ComfyUI-GeometryPack] INFO: Grid: 3x1, Preview ready
  [ComfyUI] [worker:ComfyUI-GeometryPack] INFO: Grid: 3x1, Preview ready
  [ComfyUI] [worker:ComfyUI-GeometryPack] INFO: Grid: 3x1, Preview ready
  [ComfyUI] [worker:ComfyUI-GeometryPack] INFO: Grid: 3x1, Preview ready
  [ComfyUI] [worker:ComfyUI-GeometryPack] INFO: Grid: 3x1, Preview ready
  [ComfyUI] [worker:ComfyUI-GeometryPack] INFO: Grid: 3x1, Preview ready
  [ComfyUI] [worker:ComfyUI-GeometryPack] INFO: Grid: 3x1, Preview ready
  [ComfyUI] [worker:ComfyUI-GeometryPack] INFO: Grid: 3x1, Preview ready
  [ComfyUI] [worker:ComfyUI-GeometryPack] INFO: Grid: 3x1, Preview ready
  [ComfyUI] [worker:ComfyUI-GeometryPack] INFO: Grid: 3x1, Preview ready
  [ComfyUI] [SubprocessWorker] got response: ok
  [ComfyUI] [SubprocessWorker] got response: ok
  [ComfyUI] [SubprocessWorker] got response: ok
  [ComfyUI] [SubprocessWorker] got response: ok
  [ComfyUI] [SubprocessWorker] got response: ok
  [ComfyUI] [SubprocessWorker] got response: ok
  [ComfyUI] [SubprocessWorker] got response: ok
  [ComfyUI] [SubprocessWorker] got response: ok
  [ComfyUI] [SubprocessWorker] got response: ok
  [ComfyUI] [SubprocessWorker] got response: ok
  [ComfyUI] [SubprocessWorker] got response: ok
  [ComfyUI] [SubprocessWorker] got response: ok
  [ComfyUI] [SubprocessWorker] got response: ok
  [ComfyUI] [SubprocessWorker] got response: ok
  [ComfyUI] [SubprocessWorker] got response: ok
  [ComfyUI] [SubprocessWorker] got response: ok
  [ComfyUI] [SubprocessWorker] got response: ok
  [ComfyUI] [SubprocessWorker] got response: ok
  [ComfyUI] [SubprocessWorker] got response: ok
  [ComfyUI] [SubprocessWorker] got response: ok
  [ComfyUI] [SubprocessWorker] got response: ok
  [ComfyUI] [SubprocessWorker] got response: ok
  [ComfyUI] [SubprocessWorker] got response: ok
  [ComfyUI] [comfy-env] GeomPackPreviewMeshMulti done (0.53s): result: NodeOutput
  [ComfyUI] [comfy-env] GeomPackPreviewMeshMulti done (0.53s): result: NodeOutput
  [ComfyUI] [comfy-env] GeomPackPreviewMeshMulti done (0.53s): result: NodeOutput
  [ComfyUI] [comfy-env] GeomPackPreviewMeshMulti done (0.53s): result: NodeOutput
  [ComfyUI] [comfy-env] GeomPackPreviewMeshMulti done (0.53s): result: NodeOutput
  [ComfyUI] [comfy-env] GeomPackPreviewMeshMulti done (0.53s): result: NodeOutput
  [ComfyUI] [comfy-env] GeomPackPreviewMeshMulti done (0.53s): result: NodeOutput
  [ComfyUI] [comfy-env] GeomPackPreviewMeshMulti done (0.53s): result: NodeOutput
  [ComfyUI] [comfy-env] GeomPackPreviewMeshMulti done (0.53s): result: NodeOutput
  [ComfyUI] [comfy-env] GeomPackPreviewMeshMulti done (0.53s): result: NodeOutput
  [ComfyUI] [comfy-env] GeomPackPreviewMeshMulti done (0.53s): result: NodeOutput
  [ComfyUI] [comfy-env] GeomPackPreviewMeshMulti done (0.53s): result: NodeOutput
  [ComfyUI] [comfy-env] GeomPackPreviewMeshMulti done (0.53s): result: NodeOutput
  [ComfyUI] [comfy-env] GeomPackPreviewMeshMulti done (0.53s): result: NodeOutput
  [ComfyUI] [comfy-env] GeomPackPreviewMeshMulti done (0.53s): result: NodeOutput
  [ComfyUI] [comfy-env] GeomPackPreviewMeshMulti done (0.53s): result: NodeOutput
  [ComfyUI] [comfy-env] GeomPackPreviewMeshMulti done (0.53s): result: NodeOutput
  [ComfyUI] [comfy-env] GeomPackPreviewMeshMulti done (0.53s): result: NodeOutput
  [ComfyUI] [comfy-env] GeomPackPreviewMeshMulti done (0.53s): result: NodeOutput
  [ComfyUI] [comfy-env] GeomPackPreviewMeshMulti done (0.53s): result: NodeOutput
  [ComfyUI] [comfy-env] GeomPackPreviewMeshMulti done (0.53s): result: NodeOutput
  [ComfyUI] [comfy-env] GeomPackPreviewMeshMulti done (0.53s): result: NodeOutput
  [ComfyUI] [comfy-env] GeomPackPreviewMeshMulti done (0.53s): result: NodeOutput
  [ComfyUI] [VRAM] After GeomPackPreviewMeshMulti: 1271 / 24575 MB
  [ComfyUI] [VRAM] After GeomPackPreviewMeshMulti: 1271 / 24575 MB
  [ComfyUI] [VRAM] After GeomPackPreviewMeshMulti: 1271 / 24575 MB
  [ComfyUI] [VRAM] After GeomPackPreviewMeshMulti: 1271 / 24575 MB
  [ComfyUI] [VRAM] After GeomPackPreviewMeshMulti: 1271 / 24575 MB
  [ComfyUI] [VRAM] After GeomPackPreviewMeshMulti: 1271 / 24575 MB
  [ComfyUI] [VRAM] After GeomPackPreviewMeshMulti: 1271 / 24575 MB
  [ComfyUI] [VRAM] After GeomPackPreviewMeshMulti: 1271 / 24575 MB
  [ComfyUI] [VRAM] After GeomPackPreviewMeshMulti: 1271 / 24575 MB
  [ComfyUI] [VRAM] After GeomPackPreviewMeshMulti: 1271 / 24575 MB
  [ComfyUI] [VRAM] After GeomPackPreviewMeshMulti: 1271 / 24575 MB
  [ComfyUI] [VRAM] After GeomPackPreviewMeshMulti: 1271 / 24575 MB
  [ComfyUI] [VRAM] After GeomPackPreviewMeshMulti: 1271 / 24575 MB
  [ComfyUI] [VRAM] After GeomPackPreviewMeshMulti: 1271 / 24575 MB
  [ComfyUI] [VRAM] After GeomPackPreviewMeshMulti: 1271 / 24575 MB
  [ComfyUI] [VRAM] After GeomPackPreviewMeshMulti: 1271 / 24575 MB
  [ComfyUI] [VRAM] After GeomPackPreviewMeshMulti: 1271 / 24575 MB
  [ComfyUI] [VRAM] After GeomPackPreviewMeshMulti: 1271 / 24575 MB
  [ComfyUI] [VRAM] After GeomPackPreviewMeshMulti: 1271 / 24575 MB
  [ComfyUI] [VRAM] After GeomPackPreviewMeshMulti: 1271 / 24575 MB
  [ComfyUI] [VRAM] After GeomPackPreviewMeshMulti: 1271 / 24575 MB
  [ComfyUI] [VRAM] After GeomPackPreviewMeshMulti: 1271 / 24575 MB
  [ComfyUI] [VRAM] After GeomPackPreviewMeshMulti: 1271 / 24575 MB
  [ComfyUI] [comfy-env] Running GeomPackFillHoles_PyMeshLab: mesh: Trimesh, maxholesize: 0
  [ComfyUI] [comfy-env] Running GeomPackFillHoles_PyMeshLab: mesh: Trimesh, maxholesize: 0
  [ComfyUI] [comfy-env] Running GeomPackFillHoles_PyMeshLab: mesh: Trimesh, maxholesize: 0
  [ComfyUI] [comfy-env] Running GeomPackFillHoles_PyMeshLab: mesh: Trimesh, maxholesize: 0
  [ComfyUI] [comfy-env] Running GeomPackFillHoles_PyMeshLab: mesh: Trimesh, maxholesize: 0
  [ComfyUI] [comfy-env] Running GeomPackFillHoles_PyMeshLab: mesh: Trimesh, maxholesize: 0
  [ComfyUI] [comfy-env] Running GeomPackFillHoles_PyMeshLab: mesh: Trimesh, maxholesize: 0
  [ComfyUI] [comfy-env] Running GeomPackFillHoles_PyMeshLab: mesh: Trimesh, maxholesize: 0
  [ComfyUI] [comfy-env] Running GeomPackFillHoles_PyMeshLab: mesh: Trimesh, maxholesize: 0
  [ComfyUI] [comfy-env] Running GeomPackFillHoles_PyMeshLab: mesh: Trimesh, maxholesize: 0
  [ComfyUI] [comfy-env] Running GeomPackFillHoles_PyMeshLab: mesh: Trimesh, maxholesize: 0
  [ComfyUI] [comfy-env] Running GeomPackFillHoles_PyMeshLab: mesh: Trimesh, maxholesize: 0
  [ComfyUI] [comfy-env] Running GeomPackFillHoles_PyMeshLab: mesh: Trimesh, maxholesize: 0
  [ComfyUI] [comfy-env] Running GeomPackFillHoles_PyMeshLab: mesh: Trimesh, maxholesize: 0
  [ComfyUI] [comfy-env] Running GeomPackFillHoles_PyMeshLab: mesh: Trimesh, maxholesize: 0
  [ComfyUI] [comfy-env] Running GeomPackFillHoles_PyMeshLab: mesh: Trimesh, maxholesize: 0
  [ComfyUI] [comfy-env] Running GeomPackFillHoles_PyMeshLab: mesh: Trimesh, maxholesize: 0
  [ComfyUI] [comfy-env] Running GeomPackFillHoles_PyMeshLab: mesh: Trimesh, maxholesize: 0
  [ComfyUI] [comfy-env] Running GeomPackFillHoles_PyMeshLab: mesh: Trimesh, maxholesize: 0
  [ComfyUI] [comfy-env] Running GeomPackFillHoles_PyMeshLab: mesh: Trimesh, maxholesize: 0
  [ComfyUI] [comfy-env] Running GeomPackFillHoles_PyMeshLab: mesh: Trimesh, maxholesize: 0
  [ComfyUI] [comfy-env] Running GeomPackFillHoles_PyMeshLab: mesh: Trimesh, maxholesize: 0
  [ComfyUI] [comfy-env] Running GeomPackFillHoles_PyMeshLab: mesh: Trimesh, maxholesize: 0
  [ComfyUI] [VRAM] Before GeomPackFillHoles_PyMeshLab: 1271 / 24575 MB
  [ComfyUI] [VRAM] Before GeomPackFillHoles_PyMeshLab: 1271 / 24575 MB
  [ComfyUI] [VRAM] Before GeomPackFillHoles_PyMeshLab: 1271 / 24575 MB
  [ComfyUI] [VRAM] Before GeomPackFillHoles_PyMeshLab: 1271 / 24575 MB
  [ComfyUI] [VRAM] Before GeomPackFillHoles_PyMeshLab: 1271 / 24575 MB
  [ComfyUI] [VRAM] Before GeomPackFillHoles_PyMeshLab: 1271 / 24575 MB
  [ComfyUI] [VRAM] Before GeomPackFillHoles_PyMeshLab: 1271 / 24575 MB
  [ComfyUI] [VRAM] Before GeomPackFillHoles_PyMeshLab: 1271 / 24575 MB
  [ComfyUI] [VRAM] Before GeomPackFillHoles_PyMeshLab: 1271 / 24575 MB
  [ComfyUI] [VRAM] Before GeomPackFillHoles_PyMeshLab: 1271 / 24575 MB
  [ComfyUI] [VRAM] Before GeomPackFillHoles_PyMeshLab: 1271 / 24575 MB
  [ComfyUI] [VRAM] Before GeomPackFillHoles_PyMeshLab: 1271 / 24575 MB
  [ComfyUI] [VRAM] Before GeomPackFillHoles_PyMeshLab: 1271 / 24575 MB
  [ComfyUI] [VRAM] Before GeomPackFillHoles_PyMeshLab: 1271 / 24575 MB
  [ComfyUI] [VRAM] Before GeomPackFillHoles_PyMeshLab: 1271 / 24575 MB
  [ComfyUI] [VRAM] Before GeomPackFillHoles_PyMeshLab: 1271 / 24575 MB
  [ComfyUI] [VRAM] Before GeomPackFillHoles_PyMeshLab: 1271 / 24575 MB
  [ComfyUI] [VRAM] Before GeomPackFillHoles_PyMeshLab: 1271 / 24575 MB
  [ComfyUI] [VRAM] Before GeomPackFillHoles_PyMeshLab: 1271 / 24575 MB
  [ComfyUI] [VRAM] Before GeomPackFillHoles_PyMeshLab: 1271 / 24575 MB
  [ComfyUI] [VRAM] Before GeomPackFillHoles_PyMeshLab: 1271 / 24575 MB
  [ComfyUI] [VRAM] Before GeomPackFillHoles_PyMeshLab: 1271 / 24575 MB
  [ComfyUI] [VRAM] Before GeomPackFillHoles_PyMeshLab: 1271 / 24575 MB
  [ComfyUI] [SubprocessWorker] call_method: nodes.main.repair.backends.pymeshlab_fill.FillHolesPyMeshLabNode.EXECUTE_NORMALIZED
  [ComfyUI] [SubprocessWorker] call_method: nodes.main.repair.backends.pymeshlab_fill.FillHolesPyMeshLabNode.EXECUTE_NORMALIZED
  [ComfyUI] [SubprocessWorker] call_method: nodes.main.repair.backends.pymeshlab_fill.FillHolesPyMeshLabNode.EXECUTE_NORMALIZED
  [ComfyUI] [SubprocessWorker] call_method: nodes.main.repair.backends.pymeshlab_fill.FillHolesPyMeshLabNode.EXECUTE_NORMALIZED
  [ComfyUI] [SubprocessWorker] call_method: nodes.main.repair.backends.pymeshlab_fill.FillHolesPyMeshLabNode.EXECUTE_NORMALIZED
  [ComfyUI] [SubprocessWorker] call_method: nodes.main.repair.backends.pymeshlab_fill.FillHolesPyMeshLabNode.EXECUTE_NORMALIZED
  [ComfyUI] [SubprocessWorker] call_method: nodes.main.repair.backends.pymeshlab_fill.FillHolesPyMeshLabNode.EXECUTE_NORMALIZED
  [ComfyUI] [SubprocessWorker] call_method: nodes.main.repair.backends.pymeshlab_fill.FillHolesPyMeshLabNode.EXECUTE_NORMALIZED
  [ComfyUI] [SubprocessWorker] call_method: nodes.main.repair.backends.pymeshlab_fill.FillHolesPyMeshLabNode.EXECUTE_NORMALIZED
  [ComfyUI] [SubprocessWorker] call_method: nodes.main.repair.backends.pymeshlab_fill.FillHolesPyMeshLabNode.EXECUTE_NORMALIZED
  [ComfyUI] [SubprocessWorker] call_method: nodes.main.repair.backends.pymeshlab_fill.FillHolesPyMeshLabNode.EXECUTE_NORMALIZED
  [ComfyUI] [SubprocessWorker] call_method: nodes.main.repair.backends.pymeshlab_fill.FillHolesPyMeshLabNode.EXECUTE_NORMALIZED
  [ComfyUI] [SubprocessWorker] call_method: nodes.main.repair.backends.pymeshlab_fill.FillHolesPyMeshLabNode.EXECUTE_NORMALIZED
  [ComfyUI] [SubprocessWorker] call_method: nodes.main.repair.backends.pymeshlab_fill.FillHolesPyMeshLabNode.EXECUTE_NORMALIZED
  [ComfyUI] [SubprocessWorker] call_method: nodes.main.repair.backends.pymeshlab_fill.FillHolesPyMeshLabNode.EXECUTE_NORMALIZED
  [ComfyUI] [SubprocessWorker] call_method: nodes.main.repair.backends.pymeshlab_fill.FillHolesPyMeshLabNode.EXECUTE_NORMALIZED
  [ComfyUI] [SubprocessWorker] call_method: nodes.main.repair.backends.pymeshlab_fill.FillHolesPyMeshLabNode.EXECUTE_NORMALIZED
  [ComfyUI] [SubprocessWorker] call_method: nodes.main.repair.backends.pymeshlab_fill.FillHolesPyMeshLabNode.EXECUTE_NORMALIZED
  [ComfyUI] [SubprocessWorker] call_method: nodes.main.repair.backends.pymeshlab_fill.FillHolesPyMeshLabNode.EXECUTE_NORMALIZED
  [ComfyUI] [SubprocessWorker] call_method: nodes.main.repair.backends.pymeshlab_fill.FillHolesPyMeshLabNode.EXECUTE_NORMALIZED
  [ComfyUI] [SubprocessWorker] call_method: nodes.main.repair.backends.pymeshlab_fill.FillHolesPyMeshLabNode.EXECUTE_NORMALIZED
  [ComfyUI] [SubprocessWorker] call_method: nodes.main.repair.backends.pymeshlab_fill.FillHolesPyMeshLabNode.EXECUTE_NORMALIZED
  [ComfyUI] [SubprocessWorker] call_method: nodes.main.repair.backends.pymeshlab_fill.FillHolesPyMeshLabNode.EXECUTE_NORMALIZED
  [ComfyUI] [SubprocessWorker] acquired lock, ensuring started...
  [ComfyUI] [SubprocessWorker] acquired lock, ensuring started...
  [ComfyUI] [SubprocessWorker] acquired lock, ensuring started...
  [ComfyUI] [SubprocessWorker] acquired lock, ensuring started...
  [ComfyUI] [SubprocessWorker] acquired lock, ensuring started...
  [ComfyUI] [SubprocessWorker] acquired lock, ensuring started...
  [ComfyUI] [SubprocessWorker] acquired lock, ensuring started...
  [ComfyUI] [SubprocessWorker] acquired lock, ensuring started...
  [ComfyUI] [SubprocessWorker] acquired lock, ensuring started...
  [ComfyUI] [SubprocessWorker] acquired lock, ensuring started...
  [ComfyUI] [SubprocessWorker] acquired lock, ensuring started...
  [ComfyUI] [SubprocessWorker] acquired lock, ensuring started...
  [ComfyUI] [SubprocessWorker] acquired lock, ensuring started...
  [ComfyUI] [SubprocessWorker] acquired lock, ensuring started...
  [ComfyUI] [SubprocessWorker] acquired lock, ensuring started...
  [ComfyUI] [SubprocessWorker] acquired lock, ensuring started...
  [ComfyUI] [SubprocessWorker] acquired lock, ensuring started...
  [ComfyUI] [SubprocessWorker] acquired lock, ensuring started...
  [ComfyUI] [SubprocessWorker] acquired lock, ensuring started...
  [ComfyUI] [SubprocessWorker] acquired lock, ensuring started...
  [ComfyUI] [SubprocessWorker] acquired lock, ensuring started...
  [ComfyUI] [SubprocessWorker] acquired lock, ensuring started...
  [ComfyUI] [SubprocessWorker] acquired lock, ensuring started...
  [ComfyUI] [ComfyUI-GeometryPack] Health check: ping (timeout=5.0s)...
  [ComfyUI] [ComfyUI-GeometryPack] Health check: ping (timeout=5.0s)...
  [ComfyUI] [ComfyUI-GeometryPack] Health check: ping (timeout=5.0s)...
  [ComfyUI] [ComfyUI-GeometryPack] Health check: ping (timeout=5.0s)...
  [ComfyUI] [ComfyUI-GeometryPack] Health check: ping (timeout=5.0s)...
  [ComfyUI] [ComfyUI-GeometryPack] Health check: ping (timeout=5.0s)...
  [ComfyUI] [ComfyUI-GeometryPack] Health check: ping (timeout=5.0s)...
  [ComfyUI] [ComfyUI-GeometryPack] Health check: ping (timeout=5.0s)...
  [ComfyUI] [ComfyUI-GeometryPack] Health check: ping (timeout=5.0s)...
  [ComfyUI] [ComfyUI-GeometryPack] Health check: ping (timeout=5.0s)...
  [ComfyUI] [ComfyUI-GeometryPack] Health check: ping (timeout=5.0s)...
  [ComfyUI] [ComfyUI-GeometryPack] Health check: ping (timeout=5.0s)...
  [ComfyUI] [ComfyUI-GeometryPack] Health check: ping (timeout=5.0s)...
  [ComfyUI] [ComfyUI-GeometryPack] Health check: ping (timeout=5.0s)...
  [ComfyUI] [ComfyUI-GeometryPack] Health check: ping (timeout=5.0s)...
  [ComfyUI] [ComfyUI-GeometryPack] Health check: ping (timeout=5.0s)...
  [ComfyUI] [ComfyUI-GeometryPack] Health check: ping (timeout=5.0s)...
  [ComfyUI] [ComfyUI-GeometryPack] Health check: ping (timeout=5.0s)...
  [ComfyUI] [ComfyUI-GeometryPack] Health check: ping (timeout=5.0s)...
  [ComfyUI] [ComfyUI-GeometryPack] Health check: ping (timeout=5.0s)...
  [ComfyUI] [ComfyUI-GeometryPack] Health check: ping (timeout=5.0s)...
  [ComfyUI] [ComfyUI-GeometryPack] Health check: ping (timeout=5.0s)...
  [ComfyUI] [ComfyUI-GeometryPack] Health check: ping (timeout=5.0s)...
  [ComfyUI] [ComfyUI-GeometryPack] Health check: ok
  [ComfyUI] [ComfyUI-GeometryPack] Health check: ok
  [ComfyUI] [ComfyUI-GeometryPack] Health check: ok
  [ComfyUI] [ComfyUI-GeometryPack] Health check: ok
  [ComfyUI] [ComfyUI-GeometryPack] Health check: ok
  [ComfyUI] [ComfyUI-GeometryPack] Health check: ok
  [ComfyUI] [ComfyUI-GeometryPack] Health check: ok
  [ComfyUI] [ComfyUI-GeometryPack] Health check: ok
  [ComfyUI] [ComfyUI-GeometryPack] Health check: ok
  [ComfyUI] [ComfyUI-GeometryPack] Health check: ok
  [ComfyUI] [ComfyUI-GeometryPack] Health check: ok
  [ComfyUI] [ComfyUI-GeometryPack] Health check: ok
  [ComfyUI] [ComfyUI-GeometryPack] Health check: ok
  [ComfyUI] [ComfyUI-GeometryPack] Health check: ok
  [ComfyUI] [ComfyUI-GeometryPack] Health check: ok
  [ComfyUI] [ComfyUI-GeometryPack] Health check: ok
  [ComfyUI] [ComfyUI-GeometryPack] Health check: ok
  [ComfyUI] [ComfyUI-GeometryPack] Health check: ok
  [ComfyUI] [ComfyUI-GeometryPack] Health check: ok
  [ComfyUI] [ComfyUI-GeometryPack] Health check: ok
  [ComfyUI] [ComfyUI-GeometryPack] Health check: ok
  [ComfyUI] [ComfyUI-GeometryPack] Health check: ok
  [ComfyUI] [ComfyUI-GeometryPack] Health check: ok
  [ComfyUI] [SubprocessWorker] worker started/confirmed
  [ComfyUI] [SubprocessWorker] worker started/confirmed
  [ComfyUI] [SubprocessWorker] worker started/confirmed
  [ComfyUI] [SubprocessWorker] worker started/confirmed
  [ComfyUI] [SubprocessWorker] worker started/confirmed
  [ComfyUI] [SubprocessWorker] worker started/confirmed
  [ComfyUI] [SubprocessWorker] worker started/confirmed
  [ComfyUI] [SubprocessWorker] worker started/confirmed
  [ComfyUI] [SubprocessWorker] worker started/confirmed
  [ComfyUI] [SubprocessWorker] worker started/confirmed
  [ComfyUI] [SubprocessWorker] worker started/confirmed
  [ComfyUI] [SubprocessWorker] worker started/confirmed
  [ComfyUI] [SubprocessWorker] worker started/confirmed
  [ComfyUI] [SubprocessWorker] worker started/confirmed
  [ComfyUI] [SubprocessWorker] worker started/confirmed
  [ComfyUI] [SubprocessWorker] worker started/confirmed
  [ComfyUI] [SubprocessWorker] worker started/confirmed
  [ComfyUI] [SubprocessWorker] worker started/confirmed
  [ComfyUI] [SubprocessWorker] worker started/confirmed
  [ComfyUI] [SubprocessWorker] worker started/confirmed
  [ComfyUI] [SubprocessWorker] worker started/confirmed
  [ComfyUI] [SubprocessWorker] worker started/confirmed
  [ComfyUI] [SubprocessWorker] worker started/confirmed
  [ComfyUI] [SubprocessWorker] serializing kwargs to shm...
  [ComfyUI] [SubprocessWorker] serializing kwargs to shm...
  [ComfyUI] [SubprocessWorker] serializing kwargs to shm...
  [ComfyUI] [SubprocessWorker] serializing kwargs to shm...
  [ComfyUI] [SubprocessWorker] serializing kwargs to shm...
  [ComfyUI] [SubprocessWorker] serializing kwargs to shm...
  [ComfyUI] [SubprocessWorker] serializing kwargs to shm...
  [ComfyUI] [SubprocessWorker] serializing kwargs to shm...
  [ComfyUI] [SubprocessWorker] serializing kwargs to shm...
  [ComfyUI] [SubprocessWorker] serializing kwargs to shm...
  [ComfyUI] [SubprocessWorker] serializing kwargs to shm...
  [ComfyUI] [SubprocessWorker] serializing kwargs to shm...
  [ComfyUI] [SubprocessWorker] serializing kwargs to shm...
  [ComfyUI] [SubprocessWorker] serializing kwargs to shm...
  [ComfyUI] [SubprocessWorker] serializing kwargs to shm...
  [ComfyUI] [SubprocessWorker] serializing kwargs to shm...
  [ComfyUI] [SubprocessWorker] serializing kwargs to shm...
  [ComfyUI] [SubprocessWorker] serializing kwargs to shm...
  [ComfyUI] [SubprocessWorker] serializing kwargs to shm...
  [ComfyUI] [SubprocessWorker] serializing kwargs to shm...
  [ComfyUI] [SubprocessWorker] serializing kwargs to shm...
  [ComfyUI] [SubprocessWorker] serializing kwargs to shm...
  [ComfyUI] [SubprocessWorker] serializing kwargs to shm...
  [ComfyUI] [SubprocessWorker] created 1 shm blocks
  [ComfyUI] [SubprocessWorker] created 1 shm blocks
  [ComfyUI] [SubprocessWorker] created 1 shm blocks
  [ComfyUI] [SubprocessWorker] created 1 shm blocks
  [ComfyUI] [SubprocessWorker] created 1 shm blocks
  [ComfyUI] [SubprocessWorker] created 1 shm blocks
  [ComfyUI] [SubprocessWorker] created 1 shm blocks
  [ComfyUI] [SubprocessWorker] created 1 shm blocks
  [ComfyUI] [SubprocessWorker] created 1 shm blocks
  [ComfyUI] [SubprocessWorker] created 1 shm blocks
  [ComfyUI] [SubprocessWorker] created 1 shm blocks
  [ComfyUI] [SubprocessWorker] created 1 shm blocks
  [ComfyUI] [SubprocessWorker] created 1 shm blocks
  [ComfyUI] [SubprocessWorker] created 1 shm blocks
  [ComfyUI] [SubprocessWorker] created 1 shm blocks
  [ComfyUI] [SubprocessWorker] created 1 shm blocks
  [ComfyUI] [SubprocessWorker] created 1 shm blocks
  [ComfyUI] [SubprocessWorker] created 1 shm blocks
  [ComfyUI] [SubprocessWorker] created 1 shm blocks
  [ComfyUI] [SubprocessWorker] created 1 shm blocks
  [ComfyUI] [SubprocessWorker] created 1 shm blocks
  [ComfyUI] [SubprocessWorker] created 1 shm blocks
  [ComfyUI] [SubprocessWorker] created 1 shm blocks
  [ComfyUI] [SubprocessWorker] sending request via socket...
  [ComfyUI] [SubprocessWorker] sending request via socket...
  [ComfyUI] [SubprocessWorker] sending request via socket...
  [ComfyUI] [SubprocessWorker] sending request via socket...
  [ComfyUI] [SubprocessWorker] sending request via socket...
  [ComfyUI] [SubprocessWorker] sending request via socket...
  [ComfyUI] [SubprocessWorker] sending request via socket...
  [ComfyUI] [SubprocessWorker] sending request via socket...
  [ComfyUI] [SubprocessWorker] sending request via socket...
  [ComfyUI] [SubprocessWorker] sending request via socket...
  [ComfyUI] [SubprocessWorker] sending request via socket...
  [ComfyUI] [SubprocessWorker] sending request via socket...
  [ComfyUI] [SubprocessWorker] sending request via socket...
  [ComfyUI] [SubprocessWorker] sending request via socket...
  [ComfyUI] [SubprocessWorker] sending request via socket...
  [ComfyUI] [SubprocessWorker] sending request via socket...
  [ComfyUI] [SubprocessWorker] sending request via socket...
  [ComfyUI] [SubprocessWorker] sending request via socket...
  [ComfyUI] [SubprocessWorker] sending request via socket...
  [ComfyUI] [SubprocessWorker] sending request via socket...
  [ComfyUI] [SubprocessWorker] sending request via socket...
  [ComfyUI] [SubprocessWorker] sending request via socket...
  [ComfyUI] [SubprocessWorker] sending request via socket...
  [ComfyUI] [SubprocessWorker] call_id=10 sending call_method
  [ComfyUI] [SubprocessWorker] call_id=10 sending call_method
  [ComfyUI] [SubprocessWorker] call_id=10 sending call_method
  [ComfyUI] [SubprocessWorker] call_id=10 sending call_method
  [ComfyUI] [SubprocessWorker] call_id=10 sending call_method
  [ComfyUI] [SubprocessWorker] call_id=10 sending call_method
  [ComfyUI] [SubprocessWorker] call_id=10 sending call_method
  [ComfyUI] [SubprocessWorker] call_id=10 sending call_method
  [ComfyUI] [SubprocessWorker] call_id=10 sending call_method
  [ComfyUI] [SubprocessWorker] call_id=10 sending call_method
  [ComfyUI] [SubprocessWorker] call_id=10 sending call_method
  [ComfyUI] [SubprocessWorker] call_id=10 sending call_method
  [ComfyUI] [SubprocessWorker] call_id=10 sending call_method
  [ComfyUI] [SubprocessWorker] call_id=10 sending call_method
  [ComfyUI] [SubprocessWorker] call_id=10 sending call_method
  [ComfyUI] [SubprocessWorker] call_id=10 sending call_method
  [ComfyUI] [SubprocessWorker] call_id=10 sending call_method
  [ComfyUI] [SubprocessWorker] call_id=10 sending call_method
  [ComfyUI] [SubprocessWorker] call_id=10 sending call_method
  [ComfyUI] [SubprocessWorker] call_id=10 sending call_method
  [ComfyUI] [SubprocessWorker] call_id=10 sending call_method
  [ComfyUI] [SubprocessWorker] call_id=10 sending call_method
  [ComfyUI] [SubprocessWorker] call_id=10 sending call_method
  [capture-node] freeze=3ms shot=206ms unfreeze=7ms saved=False
  Node executed (4 total), capturing...
  Frame 7 saved (frame_006.jpg, t=22.5s)
  [capture-node] freeze=5ms shot=120ms unfreeze=3ms saved=True
  [ComfyUI] [worker:ComfyUI-GeometryPack] INFO: PyMeshLab: maxholesize=0, +54 faces, watertight: False -> True
  [ComfyUI] [worker:ComfyUI-GeometryPack] INFO: PyMeshLab: maxholesize=0, +54 faces, watertight: False -> True
  [ComfyUI] [worker:ComfyUI-GeometryPack] INFO: PyMeshLab: maxholesize=0, +54 faces, watertight: False -> True
  [ComfyUI] [worker:ComfyUI-GeometryPack] INFO: PyMeshLab: maxholesize=0, +54 faces, watertight: False -> True
  [ComfyUI] [worker:ComfyUI-GeometryPack] INFO: PyMeshLab: maxholesize=0, +54 faces, watertight: False -> True
  [ComfyUI] [worker:ComfyUI-GeometryPack] INFO: PyMeshLab: maxholesize=0, +54 faces, watertight: False -> True
  [ComfyUI] [worker:ComfyUI-GeometryPack] INFO: PyMeshLab: maxholesize=0, +54 faces, watertight: False -> True
  [ComfyUI] [worker:ComfyUI-GeometryPack] INFO: PyMeshLab: maxholesize=0, +54 faces, watertight: False -> True
  [ComfyUI] [worker:ComfyUI-GeometryPack] INFO: PyMeshLab: maxholesize=0, +54 faces, watertight: False -> True
  [ComfyUI] [worker:ComfyUI-GeometryPack] INFO: PyMeshLab: maxholesize=0, +54 faces, watertight: False -> True
  [ComfyUI] [worker:ComfyUI-GeometryPack] INFO: PyMeshLab: maxholesize=0, +54 faces, watertight: False -> True
  [ComfyUI] [worker:ComfyUI-GeometryPack] INFO: PyMeshLab: maxholesize=0, +54 faces, watertight: False -> True
  [ComfyUI] [worker:ComfyUI-GeometryPack] INFO: PyMeshLab: maxholesize=0, +54 faces, watertight: False -> True
  [ComfyUI] [worker:ComfyUI-GeometryPack] INFO: PyMeshLab: maxholesize=0, +54 faces, watertight: False -> True
  [ComfyUI] [worker:ComfyUI-GeometryPack] INFO: PyMeshLab: maxholesize=0, +54 faces, watertight: False -> True
  [ComfyUI] [worker:ComfyUI-GeometryPack] INFO: PyMeshLab: maxholesize=0, +54 faces, watertight: False -> True
  [ComfyUI] [worker:ComfyUI-GeometryPack] INFO: PyMeshLab: maxholesize=0, +54 faces, watertight: False -> True
  [ComfyUI] [worker:ComfyUI-GeometryPack] INFO: PyMeshLab: maxholesize=0, +54 faces, watertight: False -> True
  [ComfyUI] [worker:ComfyUI-GeometryPack] INFO: PyMeshLab: maxholesize=0, +54 faces, watertight: False -> True
  [ComfyUI] [worker:ComfyUI-GeometryPack] INFO: PyMeshLab: maxholesize=0, +54 faces, watertight: False -> True
  [ComfyUI] [worker:ComfyUI-GeometryPack] INFO: PyMeshLab: maxholesize=0, +54 faces, watertight: False -> True
  [ComfyUI] [worker:ComfyUI-GeometryPack] INFO: PyMeshLab: maxholesize=0, +54 faces, watertight: False -> True
  [ComfyUI] [worker:ComfyUI-GeometryPack] INFO: PyMeshLab: maxholesize=0, +54 faces, watertight: False -> True
  [ComfyUI] [SubprocessWorker] got response: ok
  [ComfyUI] [SubprocessWorker] got response: ok
  [ComfyUI] [SubprocessWorker] got response: ok
  [ComfyUI] [SubprocessWorker] got response: ok
  [ComfyUI] [SubprocessWorker] got response: ok
  [ComfyUI] [SubprocessWorker] got response: ok
  [ComfyUI] [SubprocessWorker] got response: ok
  [ComfyUI] [SubprocessWorker] got response: ok
  [ComfyUI] [SubprocessWorker] got response: ok
  [ComfyUI] [SubprocessWorker] got response: ok
  [ComfyUI] [SubprocessWorker] got response: ok
  [ComfyUI] [SubprocessWorker] got response: ok
  [ComfyUI] [SubprocessWorker] got response: ok
  [ComfyUI] [SubprocessWorker] got response: ok
  [ComfyUI] [SubprocessWorker] got response: ok
  [ComfyUI] [SubprocessWorker] got response: ok
  [ComfyUI] [SubprocessWorker] got response: ok
  [ComfyUI] [SubprocessWorker] got response: ok
  [ComfyUI] [SubprocessWorker] got response: ok
  [ComfyUI] [SubprocessWorker] got response: ok
  [ComfyUI] [SubprocessWorker] got response: ok
  [ComfyUI] [SubprocessWorker] got response: ok
  [ComfyUI] [SubprocessWorker] got response: ok
  [ComfyUI] [comfy-env] GeomPackFillHoles_PyMeshLab done (2.29s): result: NodeOutput
  [ComfyUI] [comfy-env] GeomPackFillHoles_PyMeshLab done (2.29s): result: NodeOutput
  [ComfyUI] [comfy-env] GeomPackFillHoles_PyMeshLab done (2.29s): result: NodeOutput
  [ComfyUI] [comfy-env] GeomPackFillHoles_PyMeshLab done (2.29s): result: NodeOutput
  [ComfyUI] [comfy-env] GeomPackFillHoles_PyMeshLab done (2.29s): result: NodeOutput
  [ComfyUI] [comfy-env] GeomPackFillHoles_PyMeshLab done (2.29s): result: NodeOutput
  [ComfyUI] [comfy-env] GeomPackFillHoles_PyMeshLab done (2.29s): result: NodeOutput
  [ComfyUI] [comfy-env] GeomPackFillHoles_PyMeshLab done (2.29s): result: NodeOutput
  [ComfyUI] [comfy-env] GeomPackFillHoles_PyMeshLab done (2.29s): result: NodeOutput
  [ComfyUI] [comfy-env] GeomPackFillHoles_PyMeshLab done (2.29s): result: NodeOutput
  [ComfyUI] [comfy-env] GeomPackFillHoles_PyMeshLab done (2.29s): result: NodeOutput
  [ComfyUI] [comfy-env] GeomPackFillHoles_PyMeshLab done (2.29s): result: NodeOutput
  [ComfyUI] [comfy-env] GeomPackFillHoles_PyMeshLab done (2.29s): result: NodeOutput
  [ComfyUI] [comfy-env] GeomPackFillHoles_PyMeshLab done (2.29s): result: NodeOutput
  [ComfyUI] [comfy-env] GeomPackFillHoles_PyMeshLab done (2.29s): result: NodeOutput
  [ComfyUI] [comfy-env] GeomPackFillHoles_PyMeshLab done (2.29s): result: NodeOutput
  [ComfyUI] [comfy-env] GeomPackFillHoles_PyMeshLab done (2.29s): result: NodeOutput
  [ComfyUI] [comfy-env] GeomPackFillHoles_PyMeshLab done (2.29s): result: NodeOutput
  [ComfyUI] [comfy-env] GeomPackFillHoles_PyMeshLab done (2.29s): result: NodeOutput
  [ComfyUI] [comfy-env] GeomPackFillHoles_PyMeshLab done (2.29s): result: NodeOutput
  [ComfyUI] [comfy-env] GeomPackFillHoles_PyMeshLab done (2.29s): result: NodeOutput
  [ComfyUI] [comfy-env] GeomPackFillHoles_PyMeshLab done (2.29s): result: NodeOutput
  [ComfyUI] [comfy-env] GeomPackFillHoles_PyMeshLab done (2.29s): result: NodeOutput
  [ComfyUI] [VRAM] After GeomPackFillHoles_PyMeshLab: 1271 / 24575 MB
  [ComfyUI] [VRAM] After GeomPackFillHoles_PyMeshLab: 1271 / 24575 MB
  [ComfyUI] [VRAM] After GeomPackFillHoles_PyMeshLab: 1271 / 24575 MB
  [ComfyUI] [VRAM] After GeomPackFillHoles_PyMeshLab: 1271 / 24575 MB
  [ComfyUI] [VRAM] After GeomPackFillHoles_PyMeshLab: 1271 / 24575 MB
  [ComfyUI] [VRAM] After GeomPackFillHoles_PyMeshLab: 1271 / 24575 MB
  [ComfyUI] [VRAM] After GeomPackFillHoles_PyMeshLab: 1271 / 24575 MB
  [ComfyUI] [VRAM] After GeomPackFillHoles_PyMeshLab: 1271 / 24575 MB
  [ComfyUI] [VRAM] After GeomPackFillHoles_PyMeshLab: 1271 / 24575 MB
  [ComfyUI] [VRAM] After GeomPackFillHoles_PyMeshLab: 1271 / 24575 MB
  [ComfyUI] [VRAM] After GeomPackFillHoles_PyMeshLab: 1271 / 24575 MB
  [ComfyUI] [VRAM] After GeomPackFillHoles_PyMeshLab: 1271 / 24575 MB
  [ComfyUI] [VRAM] After GeomPackFillHoles_PyMeshLab: 1271 / 24575 MB
  [ComfyUI] [VRAM] After GeomPackFillHoles_PyMeshLab: 1271 / 24575 MB
  [ComfyUI] [VRAM] After GeomPackFillHoles_PyMeshLab: 1271 / 24575 MB
  [ComfyUI] [VRAM] After GeomPackFillHoles_PyMeshLab: 1271 / 24575 MB
  [ComfyUI] [VRAM] After GeomPackFillHoles_PyMeshLab: 1271 / 24575 MB
  [ComfyUI] [VRAM] After GeomPackFillHoles_PyMeshLab: 1271 / 24575 MB
  [ComfyUI] [VRAM] After GeomPackFillHoles_PyMeshLab: 1271 / 24575 MB
  [ComfyUI] [VRAM] After GeomPackFillHoles_PyMeshLab: 1271 / 24575 MB
  [ComfyUI] [VRAM] After GeomPackFillHoles_PyMeshLab: 1271 / 24575 MB
  [ComfyUI] [VRAM] After GeomPackFillHoles_PyMeshLab: 1271 / 24575 MB
  [ComfyUI] [VRAM] After GeomPackFillHoles_PyMeshLab: 1271 / 24575 MB
  [ComfyUI] [comfy-env] Running GeomPackFillHoles_PyMeshFix: mesh: Trimesh, max_edges: 0, refine: 'true'
  [ComfyUI] [comfy-env] Running GeomPackFillHoles_PyMeshFix: mesh: Trimesh, max_edges: 0, refine: 'true'
  [ComfyUI] [comfy-env] Running GeomPackFillHoles_PyMeshFix: mesh: Trimesh, max_edges: 0, refine: 'true'
  [ComfyUI] [comfy-env] Running GeomPackFillHoles_PyMeshFix: mesh: Trimesh, max_edges: 0, refine: 'true'
  [ComfyUI] [comfy-env] Running GeomPackFillHoles_PyMeshFix: mesh: Trimesh, max_edges: 0, refine: 'true'
  [ComfyUI] [comfy-env] Running GeomPackFillHoles_PyMeshFix: mesh: Trimesh, max_edges: 0, refine: 'true'
  [ComfyUI] [comfy-env] Running GeomPackFillHoles_PyMeshFix: mesh: Trimesh, max_edges: 0, refine: 'true'
  [ComfyUI] [comfy-env] Running GeomPackFillHoles_PyMeshFix: mesh: Trimesh, max_edges: 0, refine: 'true'
  [ComfyUI] [comfy-env] Running GeomPackFillHoles_PyMeshFix: mesh: Trimesh, max_edges: 0, refine: 'true'
  [ComfyUI] [comfy-env] Running GeomPackFillHoles_PyMeshFix: mesh: Trimesh, max_edges: 0, refine: 'true'
  [ComfyUI] [comfy-env] Running GeomPackFillHoles_PyMeshFix: mesh: Trimesh, max_edges: 0, refine: 'true'
  [ComfyUI] [comfy-env] Running GeomPackFillHoles_PyMeshFix: mesh: Trimesh, max_edges: 0, refine: 'true'
  [ComfyUI] [comfy-env] Running GeomPackFillHoles_PyMeshFix: mesh: Trimesh, max_edges: 0, refine: 'true'
  [ComfyUI] [comfy-env] Running GeomPackFillHoles_PyMeshFix: mesh: Trimesh, max_edges: 0, refine: 'true'
  [ComfyUI] [comfy-env] Running GeomPackFillHoles_PyMeshFix: mesh: Trimesh, max_edges: 0, refine: 'true'
  [ComfyUI] [comfy-env] Running GeomPackFillHoles_PyMeshFix: mesh: Trimesh, max_edges: 0, refine: 'true'
  [ComfyUI] [comfy-env] Running GeomPackFillHoles_PyMeshFix: mesh: Trimesh, max_edges: 0, refine: 'true'
  [ComfyUI] [comfy-env] Running GeomPackFillHoles_PyMeshFix: mesh: Trimesh, max_edges: 0, refine: 'true'
  [ComfyUI] [comfy-env] Running GeomPackFillHoles_PyMeshFix: mesh: Trimesh, max_edges: 0, refine: 'true'
  [ComfyUI] [comfy-env] Running GeomPackFillHoles_PyMeshFix: mesh: Trimesh, max_edges: 0, refine: 'true'
  [ComfyUI] [comfy-env] Running GeomPackFillHoles_PyMeshFix: mesh: Trimesh, max_edges: 0, refine: 'true'
  [ComfyUI] [comfy-env] Running GeomPackFillHoles_PyMeshFix: mesh: Trimesh, max_edges: 0, refine: 'true'
  [ComfyUI] [comfy-env] Running GeomPackFillHoles_PyMeshFix: mesh: Trimesh, max_edges: 0, refine: 'true'
  [ComfyUI] [VRAM] Before GeomPackFillHoles_PyMeshFix: 1271 / 24575 MB
  [ComfyUI] [VRAM] Before GeomPackFillHoles_PyMeshFix: 1271 / 24575 MB
  [ComfyUI] [VRAM] Before GeomPackFillHoles_PyMeshFix: 1271 / 24575 MB
  [ComfyUI] [VRAM] Before GeomPackFillHoles_PyMeshFix: 1271 / 24575 MB
  [ComfyUI] [VRAM] Before GeomPackFillHoles_PyMeshFix: 1271 / 24575 MB
  [ComfyUI] [VRAM] Before GeomPackFillHoles_PyMeshFix: 1271 / 24575 MB
  [ComfyUI] [VRAM] Before GeomPackFillHoles_PyMeshFix: 1271 / 24575 MB
  [ComfyUI] [VRAM] Before GeomPackFillHoles_PyMeshFix: 1271 / 24575 MB
  [ComfyUI] [VRAM] Before GeomPackFillHoles_PyMeshFix: 1271 / 24575 MB
  [ComfyUI] [VRAM] Before GeomPackFillHoles_PyMeshFix: 1271 / 24575 MB
  [ComfyUI] [VRAM] Before GeomPackFillHoles_PyMeshFix: 1271 / 24575 MB
  [ComfyUI] [VRAM] Before GeomPackFillHoles_PyMeshFix: 1271 / 24575 MB
  [ComfyUI] [VRAM] Before GeomPackFillHoles_PyMeshFix: 1271 / 24575 MB
  [ComfyUI] [VRAM] Before GeomPackFillHoles_PyMeshFix: 1271 / 24575 MB
  [ComfyUI] [VRAM] Before GeomPackFillHoles_PyMeshFix: 1271 / 24575 MB
  [ComfyUI] [VRAM] Before GeomPackFillHoles_PyMeshFix: 1271 / 24575 MB
  [ComfyUI] [VRAM] Before GeomPackFillHoles_PyMeshFix: 1271 / 24575 MB
  [ComfyUI] [VRAM] Before GeomPackFillHoles_PyMeshFix: 1271 / 24575 MB
  [ComfyUI] [VRAM] Before GeomPackFillHoles_PyMeshFix: 1271 / 24575 MB
  [ComfyUI] [VRAM] Before GeomPackFillHoles_PyMeshFix: 1271 / 24575 MB
  [ComfyUI] [VRAM] Before GeomPackFillHoles_PyMeshFix: 1271 / 24575 MB
  [ComfyUI] [VRAM] Before GeomPackFillHoles_PyMeshFix: 1271 / 24575 MB
  [ComfyUI] [VRAM] Before GeomPackFillHoles_PyMeshFix: 1271 / 24575 MB
  [ComfyUI] [SubprocessWorker] call_method: nodes.main.repair.backends.pymeshfix_fill.FillHolesPyMeshFixNode.EXECUTE_NORMALIZED
  [ComfyUI] [SubprocessWorker] call_method: nodes.main.repair.backends.pymeshfix_fill.FillHolesPyMeshFixNode.EXECUTE_NORMALIZED
  [ComfyUI] [SubprocessWorker] call_method: nodes.main.repair.backends.pymeshfix_fill.FillHolesPyMeshFixNode.EXECUTE_NORMALIZED
  [ComfyUI] [SubprocessWorker] call_method: nodes.main.repair.backends.pymeshfix_fill.FillHolesPyMeshFixNode.EXECUTE_NORMALIZED
  [ComfyUI] [SubprocessWorker] call_method: nodes.main.repair.backends.pymeshfix_fill.FillHolesPyMeshFixNode.EXECUTE_NORMALIZED
  [ComfyUI] [SubprocessWorker] call_method: nodes.main.repair.backends.pymeshfix_fill.FillHolesPyMeshFixNode.EXECUTE_NORMALIZED
  [ComfyUI] [SubprocessWorker] call_method: nodes.main.repair.backends.pymeshfix_fill.FillHolesPyMeshFixNode.EXECUTE_NORMALIZED
  [ComfyUI] [SubprocessWorker] call_method: nodes.main.repair.backends.pymeshfix_fill.FillHolesPyMeshFixNode.EXECUTE_NORMALIZED
  [ComfyUI] [SubprocessWorker] call_method: nodes.main.repair.backends.pymeshfix_fill.FillHolesPyMeshFixNode.EXECUTE_NORMALIZED
  [ComfyUI] [SubprocessWorker] call_method: nodes.main.repair.backends.pymeshfix_fill.FillHolesPyMeshFixNode.EXECUTE_NORMALIZED
  [ComfyUI] [SubprocessWorker] call_method: nodes.main.repair.backends.pymeshfix_fill.FillHolesPyMeshFixNode.EXECUTE_NORMALIZED
  [ComfyUI] [SubprocessWorker] call_method: nodes.main.repair.backends.pymeshfix_fill.FillHolesPyMeshFixNode.EXECUTE_NORMALIZED
  [ComfyUI] [SubprocessWorker] call_method: nodes.main.repair.backends.pymeshfix_fill.FillHolesPyMeshFixNode.EXECUTE_NORMALIZED
  [ComfyUI] [SubprocessWorker] call_method: nodes.main.repair.backends.pymeshfix_fill.FillHolesPyMeshFixNode.EXECUTE_NORMALIZED
  [ComfyUI] [SubprocessWorker] call_method: nodes.main.repair.backends.pymeshfix_fill.FillHolesPyMeshFixNode.EXECUTE_NORMALIZED
  [ComfyUI] [SubprocessWorker] call_method: nodes.main.repair.backends.pymeshfix_fill.FillHolesPyMeshFixNode.EXECUTE_NORMALIZED
  [ComfyUI] [SubprocessWorker] call_method: nodes.main.repair.backends.pymeshfix_fill.FillHolesPyMeshFixNode.EXECUTE_NORMALIZED
  [ComfyUI] [SubprocessWorker] call_method: nodes.main.repair.backends.pymeshfix_fill.FillHolesPyMeshFixNode.EXECUTE_NORMALIZED
  [ComfyUI] [SubprocessWorker] call_method: nodes.main.repair.backends.pymeshfix_fill.FillHolesPyMeshFixNode.EXECUTE_NORMALIZED
  [ComfyUI] [SubprocessWorker] call_method: nodes.main.repair.backends.pymeshfix_fill.FillHolesPyMeshFixNode.EXECUTE_NORMALIZED
  [ComfyUI] [SubprocessWorker] call_method: nodes.main.repair.backends.pymeshfix_fill.FillHolesPyMeshFixNode.EXECUTE_NORMALIZED
  [ComfyUI] [SubprocessWorker] call_method: nodes.main.repair.backends.pymeshfix_fill.FillHolesPyMeshFixNode.EXECUTE_NORMALIZED
  [ComfyUI] [SubprocessWorker] call_method: nodes.main.repair.backends.pymeshfix_fill.FillHolesPyMeshFixNode.EXECUTE_NORMALIZED
  [ComfyUI] [SubprocessWorker] acquired lock, ensuring started...
  [ComfyUI] [SubprocessWorker] acquired lock, ensuring started...
  [ComfyUI] [SubprocessWorker] acquired lock, ensuring started...
  [ComfyUI] [SubprocessWorker] acquired lock, ensuring started...
  [ComfyUI] [SubprocessWorker] acquired lock, ensuring started...
  [ComfyUI] [SubprocessWorker] acquired lock, ensuring started...
  [ComfyUI] [SubprocessWorker] acquired lock, ensuring started...
  [ComfyUI] [SubprocessWorker] acquired lock, ensuring started...
  [ComfyUI] [SubprocessWorker] acquired lock, ensuring started...
  [ComfyUI] [SubprocessWorker] acquired lock, ensuring started...
  [ComfyUI] [SubprocessWorker] acquired lock, ensuring started...
  [ComfyUI] [SubprocessWorker] acquired lock, ensuring started...
  [ComfyUI] [SubprocessWorker] acquired lock, ensuring started...
  [ComfyUI] [SubprocessWorker] acquired lock, ensuring started...
  [ComfyUI] [SubprocessWorker] acquired lock, ensuring started...
  [ComfyUI] [SubprocessWorker] acquired lock, ensuring started...
  [ComfyUI] [SubprocessWorker] acquired lock, ensuring started...
  [ComfyUI] [SubprocessWorker] acquired lock, ensuring started...
  [ComfyUI] [SubprocessWorker] acquired lock, ensuring started...
  [ComfyUI] [SubprocessWorker] acquired lock, ensuring started...
  [ComfyUI] [SubprocessWorker] acquired lock, ensuring started...
  [ComfyUI] [SubprocessWorker] acquired lock, ensuring started...
  [ComfyUI] [SubprocessWorker] acquired lock, ensuring started...
  [ComfyUI] [ComfyUI-GeometryPack] Health check: ping (timeout=5.0s)...
  [ComfyUI] [ComfyUI-GeometryPack] Health check: ping (timeout=5.0s)...
  [ComfyUI] [ComfyUI-GeometryPack] Health check: ping (timeout=5.0s)...
  [ComfyUI] [ComfyUI-GeometryPack] Health check: ping (timeout=5.0s)...
  [ComfyUI] [ComfyUI-GeometryPack] Health check: ping (timeout=5.0s)...
  [ComfyUI] [ComfyUI-GeometryPack] Health check: ping (timeout=5.0s)...
  [ComfyUI] [ComfyUI-GeometryPack] Health check: ping (timeout=5.0s)...
  [ComfyUI] [ComfyUI-GeometryPack] Health check: ping (timeout=5.0s)...
  [ComfyUI] [ComfyUI-GeometryPack] Health check: ping (timeout=5.0s)...
  [ComfyUI] [ComfyUI-GeometryPack] Health check: ping (timeout=5.0s)...
  [ComfyUI] [ComfyUI-GeometryPack] Health check: ping (timeout=5.0s)...
  [ComfyUI] [ComfyUI-GeometryPack] Health check: ping (timeout=5.0s)...
  [ComfyUI] [ComfyUI-GeometryPack] Health check: ping (timeout=5.0s)...
  [ComfyUI] [ComfyUI-GeometryPack] Health check: ping (timeout=5.0s)...
  [ComfyUI] [ComfyUI-GeometryPack] Health check: ping (timeout=5.0s)...
  [ComfyUI] [ComfyUI-GeometryPack] Health check: ping (timeout=5.0s)...
  [ComfyUI] [ComfyUI-GeometryPack] Health check: ping (timeout=5.0s)...
  [ComfyUI] [ComfyUI-GeometryPack] Health check: ping (timeout=5.0s)...
  [ComfyUI] [ComfyUI-GeometryPack] Health check: ping (timeout=5.0s)...
  [ComfyUI] [ComfyUI-GeometryPack] Health check: ping (timeout=5.0s)...
  [ComfyUI] [ComfyUI-GeometryPack] Health check: ping (timeout=5.0s)...
  [ComfyUI] [ComfyUI-GeometryPack] Health check: ping (timeout=5.0s)...
  [ComfyUI] [ComfyUI-GeometryPack] Health check: ping (timeout=5.0s)...
  [ComfyUI] [ComfyUI-GeometryPack] Health check: ok
  [ComfyUI] [ComfyUI-GeometryPack] Health check: ok
  [ComfyUI] [ComfyUI-GeometryPack] Health check: ok
  [ComfyUI] [ComfyUI-GeometryPack] Health check: ok
  [ComfyUI] [ComfyUI-GeometryPack] Health check: ok
  [ComfyUI] [ComfyUI-GeometryPack] Health check: ok
  [ComfyUI] [ComfyUI-GeometryPack] Health check: ok
  [ComfyUI] [ComfyUI-GeometryPack] Health check: ok
  [ComfyUI] [ComfyUI-GeometryPack] Health check: ok
  [ComfyUI] [ComfyUI-GeometryPack] Health check: ok
  [ComfyUI] [ComfyUI-GeometryPack] Health check: ok
  [ComfyUI] [ComfyUI-GeometryPack] Health check: ok
  [ComfyUI] [ComfyUI-GeometryPack] Health check: ok
  [ComfyUI] [ComfyUI-GeometryPack] Health check: ok
  [ComfyUI] [ComfyUI-GeometryPack] Health check: ok
  [ComfyUI] [ComfyUI-GeometryPack] Health check: ok
  [ComfyUI] [ComfyUI-GeometryPack] Health check: ok
  [ComfyUI] [ComfyUI-GeometryPack] Health check: ok
  [ComfyUI] [ComfyUI-GeometryPack] Health check: ok
  [ComfyUI] [ComfyUI-GeometryPack] Health check: ok
  [ComfyUI] [ComfyUI-GeometryPack] Health check: ok
  [ComfyUI] [ComfyUI-GeometryPack] Health check: ok
  [ComfyUI] [ComfyUI-GeometryPack] Health check: ok
  [ComfyUI] [SubprocessWorker] worker started/confirmed
  [ComfyUI] [SubprocessWorker] worker started/confirmed
  [ComfyUI] [SubprocessWorker] worker started/confirmed
  [ComfyUI] [SubprocessWorker] worker started/confirmed
  [ComfyUI] [SubprocessWorker] worker started/confirmed
  [ComfyUI] [SubprocessWorker] worker started/confirmed
  [ComfyUI] [SubprocessWorker] worker started/confirmed
  [ComfyUI] [SubprocessWorker] worker started/confirmed
  [ComfyUI] [SubprocessWorker] worker started/confirmed
  [ComfyUI] [SubprocessWorker] worker started/confirmed
  [ComfyUI] [SubprocessWorker] worker started/confirmed
  [ComfyUI] [SubprocessWorker] worker started/confirmed
  [ComfyUI] [SubprocessWorker] worker started/confirmed
  [ComfyUI] [SubprocessWorker] worker started/confirmed
  [ComfyUI] [SubprocessWorker] worker started/confirmed
  [ComfyUI] [SubprocessWorker] worker started/confirmed
  [ComfyUI] [SubprocessWorker] worker started/confirmed
  [ComfyUI] [SubprocessWorker] worker started/confirmed
  [ComfyUI] [SubprocessWorker] worker started/confirmed
  [ComfyUI] [SubprocessWorker] worker started/confirmed
  [ComfyUI] [SubprocessWorker] worker started/confirmed
  [ComfyUI] [SubprocessWorker] worker started/confirmed
  [ComfyUI] [SubprocessWorker] worker started/confirmed
  [ComfyUI] [SubprocessWorker] serializing kwargs to shm...
  [ComfyUI] [SubprocessWorker] serializing kwargs to shm...
  [ComfyUI] [SubprocessWorker] serializing kwargs to shm...
  [ComfyUI] [SubprocessWorker] serializing kwargs to shm...
  [ComfyUI] [SubprocessWorker] serializing kwargs to shm...
  [ComfyUI] [SubprocessWorker] serializing kwargs to shm...
  [ComfyUI] [SubprocessWorker] serializing kwargs to shm...
  [ComfyUI] [SubprocessWorker] serializing kwargs to shm...
  [ComfyUI] [SubprocessWorker] serializing kwargs to shm...
  [ComfyUI] [SubprocessWorker] serializing kwargs to shm...
  [ComfyUI] [SubprocessWorker] serializing kwargs to shm...
  [ComfyUI] [SubprocessWorker] serializing kwargs to shm...
  [ComfyUI] [SubprocessWorker] serializing kwargs to shm...
  [ComfyUI] [SubprocessWorker] serializing kwargs to shm...
  [ComfyUI] [SubprocessWorker] serializing kwargs to shm...
  [ComfyUI] [SubprocessWorker] serializing kwargs to shm...
  [ComfyUI] [SubprocessWorker] serializing kwargs to shm...
  [ComfyUI] [SubprocessWorker] serializing kwargs to shm...
  [ComfyUI] [SubprocessWorker] serializing kwargs to shm...
  [ComfyUI] [SubprocessWorker] serializing kwargs to shm...
  [ComfyUI] [SubprocessWorker] serializing kwargs to shm...
  [ComfyUI] [SubprocessWorker] serializing kwargs to shm...
  [ComfyUI] [SubprocessWorker] serializing kwargs to shm...
  [ComfyUI] [SubprocessWorker] created 1 shm blocks
  [ComfyUI] [SubprocessWorker] created 1 shm blocks
  [ComfyUI] [SubprocessWorker] created 1 shm blocks
  [ComfyUI] [SubprocessWorker] created 1 shm blocks
  [ComfyUI] [SubprocessWorker] created 1 shm blocks
  [ComfyUI] [SubprocessWorker] created 1 shm blocks
  [ComfyUI] [SubprocessWorker] created 1 shm blocks
  [ComfyUI] [SubprocessWorker] created 1 shm blocks
  [ComfyUI] [SubprocessWorker] created 1 shm blocks
  [ComfyUI] [SubprocessWorker] created 1 shm blocks
  [ComfyUI] [SubprocessWorker] created 1 shm blocks
  [ComfyUI] [SubprocessWorker] created 1 shm blocks
  [ComfyUI] [SubprocessWorker] created 1 shm blocks
  [ComfyUI] [SubprocessWorker] created 1 shm blocks
  [ComfyUI] [SubprocessWorker] created 1 shm blocks
  [ComfyUI] [SubprocessWorker] created 1 shm blocks
  [ComfyUI] [SubprocessWorker] created 1 shm blocks
  [ComfyUI] [SubprocessWorker] created 1 shm blocks
  [ComfyUI] [SubprocessWorker] created 1 shm blocks
  [ComfyUI] [SubprocessWorker] created 1 shm blocks
  [ComfyUI] [SubprocessWorker] created 1 shm blocks
  [ComfyUI] [SubprocessWorker] created 1 shm blocks
  [ComfyUI] [SubprocessWorker] created 1 shm blocks
  [ComfyUI] [SubprocessWorker] sending request via socket...
  [ComfyUI] [SubprocessWorker] sending request via socket...
  [ComfyUI] [SubprocessWorker] sending request via socket...
  [ComfyUI] [SubprocessWorker] sending request via socket...
  [ComfyUI] [SubprocessWorker] sending request via socket...
  [ComfyUI] [SubprocessWorker] sending request via socket...
  [ComfyUI] [SubprocessWorker] sending request via socket...
  [ComfyUI] [SubprocessWorker] sending request via socket...
  [ComfyUI] [SubprocessWorker] sending request via socket...
  [ComfyUI] [SubprocessWorker] sending request via socket...
  [ComfyUI] [SubprocessWorker] sending request via socket...
  [ComfyUI] [SubprocessWorker] sending request via socket...
  [ComfyUI] [SubprocessWorker] sending request via socket...
  [ComfyUI] [SubprocessWorker] sending request via socket...
  [ComfyUI] [SubprocessWorker] sending request via socket...
  [ComfyUI] [SubprocessWorker] sending request via socket...
  [ComfyUI] [SubprocessWorker] sending request via socket...
  [ComfyUI] [SubprocessWorker] sending request via socket...
  [ComfyUI] [SubprocessWorker] sending request via socket...
  [ComfyUI] [SubprocessWorker] sending request via socket...
  [ComfyUI] [SubprocessWorker] sending request via socket...
  [ComfyUI] [SubprocessWorker] sending request via socket...
  [ComfyUI] [SubprocessWorker] sending request via socket...
  [ComfyUI] [SubprocessWorker] call_id=11 sending call_method
  [ComfyUI] [SubprocessWorker] call_id=11 sending call_method
  [ComfyUI] [SubprocessWorker] call_id=11 sending call_method
  [ComfyUI] [SubprocessWorker] call_id=11 sending call_method
  [ComfyUI] [SubprocessWorker] call_id=11 sending call_method
  [ComfyUI] [SubprocessWorker] call_id=11 sending call_method
  [ComfyUI] [SubprocessWorker] call_id=11 sending call_method
  [ComfyUI] [SubprocessWorker] call_id=11 sending call_method
  [ComfyUI] [SubprocessWorker] call_id=11 sending call_method
  [ComfyUI] [SubprocessWorker] call_id=11 sending call_method
  [ComfyUI] [SubprocessWorker] call_id=11 sending call_method
  [ComfyUI] [SubprocessWorker] call_id=11 sending call_method
  [ComfyUI] [SubprocessWorker] call_id=11 sending call_method
  [ComfyUI] [SubprocessWorker] call_id=11 sending call_method
  [ComfyUI] [SubprocessWorker] call_id=11 sending call_method
  [ComfyUI] [SubprocessWorker] call_id=11 sending call_method
  [ComfyUI] [SubprocessWorker] call_id=11 sending call_method
  [ComfyUI] [SubprocessWorker] call_id=11 sending call_method
  [ComfyUI] [SubprocessWorker] call_id=11 sending call_method
  [ComfyUI] [SubprocessWorker] call_id=11 sending call_method
  [ComfyUI] [SubprocessWorker] call_id=11 sending call_method
  [ComfyUI] [SubprocessWorker] call_id=11 sending call_method
  [ComfyUI] [SubprocessWorker] call_id=11 sending call_method
  Node executed (5 total), capturing...
  [ComfyUI] [worker:ComfyUI-GeometryPack] INFO: PyMeshFix: 1 boundary loops detected
  [ComfyUI] [worker:ComfyUI-GeometryPack] INFO: PyMeshFix: 1 boundary loops detected
  [ComfyUI] [worker:ComfyUI-GeometryPack] INFO: PyMeshFix: 1 boundary loops detected
  [ComfyUI] [worker:ComfyUI-GeometryPack] INFO: PyMeshFix: 1 boundary loops detected
  [ComfyUI] [worker:ComfyUI-GeometryPack] INFO: PyMeshFix: 1 boundary loops detected
  [ComfyUI] [worker:ComfyUI-GeometryPack] INFO: PyMeshFix: 1 boundary loops detected
  [ComfyUI] [worker:ComfyUI-GeometryPack] INFO: PyMeshFix: 1 boundary loops detected
  [ComfyUI] [worker:ComfyUI-GeometryPack] INFO: PyMeshFix: 1 boundary loops detected
  [ComfyUI] [worker:ComfyUI-GeometryPack] INFO: PyMeshFix: 1 boundary loops detected
  [ComfyUI] [worker:ComfyUI-GeometryPack] INFO: PyMeshFix: 1 boundary loops detected
  [ComfyUI] [worker:ComfyUI-GeometryPack] INFO: PyMeshFix: 1 boundary loops detected
  [ComfyUI] [worker:ComfyUI-GeometryPack] INFO: PyMeshFix: 1 boundary loops detected
  [ComfyUI] [worker:ComfyUI-GeometryPack] INFO: PyMeshFix: 1 boundary loops detected
  [ComfyUI] [worker:ComfyUI-GeometryPack] INFO: PyMeshFix: 1 boundary loops detected
  [ComfyUI] [worker:ComfyUI-GeometryPack] INFO: PyMeshFix: 1 boundary loops detected
  [ComfyUI] [worker:ComfyUI-GeometryPack] INFO: PyMeshFix: 1 boundary loops detected
  [ComfyUI] [worker:ComfyUI-GeometryPack] INFO: PyMeshFix: 1 boundary loops detected
  [ComfyUI] [worker:ComfyUI-GeometryPack] INFO: PyMeshFix: 1 boundary loops detected
  [ComfyUI] [worker:ComfyUI-GeometryPack] INFO: PyMeshFix: 1 boundary loops detected
  [ComfyUI] [worker:ComfyUI-GeometryPack] INFO: PyMeshFix: 1 boundary loops detected
  [ComfyUI] [worker:ComfyUI-GeometryPack] INFO: PyMeshFix: 1 boundary loops detected
  [ComfyUI] [worker:ComfyUI-GeometryPack] INFO: PyMeshFix: 1 boundary loops detected
  [ComfyUI] [worker:ComfyUI-GeometryPack] INFO: PyMeshFix: 1 boundary loops detected
  [ComfyUI] [worker:ComfyUI-GeometryPack] INFO: PyMeshFix: filled 1 holes, +298 faces, watertight: False -> True
  [ComfyUI] [worker:ComfyUI-GeometryPack] INFO: PyMeshFix: filled 1 holes, +298 faces, watertight: False -> True
  [ComfyUI] [worker:ComfyUI-GeometryPack] INFO: PyMeshFix: filled 1 holes, +298 faces, watertight: False -> True
  [ComfyUI] [worker:ComfyUI-GeometryPack] INFO: PyMeshFix: filled 1 holes, +298 faces, watertight: False -> True
  [ComfyUI] [worker:ComfyUI-GeometryPack] INFO: PyMeshFix: filled 1 holes, +298 faces, watertight: False -> True
  [ComfyUI] [worker:ComfyUI-GeometryPack] INFO: PyMeshFix: filled 1 holes, +298 faces, watertight: False -> True
  [ComfyUI] [worker:ComfyUI-GeometryPack] INFO: PyMeshFix: filled 1 holes, +298 faces, watertight: False -> True
  [ComfyUI] [worker:ComfyUI-GeometryPack] INFO: PyMeshFix: filled 1 holes, +298 faces, watertight: False -> True
  [ComfyUI] [worker:ComfyUI-GeometryPack] INFO: PyMeshFix: filled 1 holes, +298 faces, watertight: False -> True
  [ComfyUI] [worker:ComfyUI-GeometryPack] INFO: PyMeshFix: filled 1 holes, +298 faces, watertight: False -> True
  [ComfyUI] [worker:ComfyUI-GeometryPack] INFO: PyMeshFix: filled 1 holes, +298 faces, watertight: False -> True
  [ComfyUI] [worker:ComfyUI-GeometryPack] INFO: PyMeshFix: filled 1 holes, +298 faces, watertight: False -> True
  [ComfyUI] [worker:ComfyUI-GeometryPack] INFO: PyMeshFix: filled 1 holes, +298 faces, watertight: False -> True
  [ComfyUI] [worker:ComfyUI-GeometryPack] INFO: PyMeshFix: filled 1 holes, +298 faces, watertight: False -> True
  [ComfyUI] [worker:ComfyUI-GeometryPack] INFO: PyMeshFix: filled 1 holes, +298 faces, watertight: False -> True
  [ComfyUI] [worker:ComfyUI-GeometryPack] INFO: PyMeshFix: filled 1 holes, +298 faces, watertight: False -> True
  [ComfyUI] [worker:ComfyUI-GeometryPack] INFO: PyMeshFix: filled 1 holes, +298 faces, watertight: False -> True
  [ComfyUI] [worker:ComfyUI-GeometryPack] INFO: PyMeshFix: filled 1 holes, +298 faces, watertight: False -> True
  [ComfyUI] [worker:ComfyUI-GeometryPack] INFO: PyMeshFix: filled 1 holes, +298 faces, watertight: False -> True
  [ComfyUI] [worker:ComfyUI-GeometryPack] INFO: PyMeshFix: filled 1 holes, +298 faces, watertight: False -> True
  [ComfyUI] [worker:ComfyUI-GeometryPack] INFO: PyMeshFix: filled 1 holes, +298 faces, watertight: False -> True
  [ComfyUI] [worker:ComfyUI-GeometryPack] INFO: PyMeshFix: filled 1 holes, +298 faces, watertight: False -> True
  [ComfyUI] [worker:ComfyUI-GeometryPack] INFO: PyMeshFix: filled 1 holes, +298 faces, watertight: False -> True
  [ComfyUI] [SubprocessWorker] got response: ok
  [ComfyUI] [SubprocessWorker] got response: ok
  [ComfyUI] [SubprocessWorker] got response: ok
  [ComfyUI] [SubprocessWorker] got response: ok
  [ComfyUI] [SubprocessWorker] got response: ok
  [ComfyUI] [SubprocessWorker] got response: ok
  [ComfyUI] [SubprocessWorker] got response: ok
  [ComfyUI] [SubprocessWorker] got response: ok
  [ComfyUI] [SubprocessWorker] got response: ok
  [ComfyUI] [SubprocessWorker] got response: ok
  [ComfyUI] [SubprocessWorker] got response: ok
  [ComfyUI] [SubprocessWorker] got response: ok
  [ComfyUI] [SubprocessWorker] got response: ok
  [ComfyUI] [SubprocessWorker] got response: ok
  [ComfyUI] [SubprocessWorker] got response: ok
  [ComfyUI] [SubprocessWorker] got response: ok
  [ComfyUI] [SubprocessWorker] got response: ok
  [ComfyUI] [SubprocessWorker] got response: ok
  [ComfyUI] [SubprocessWorker] got response: ok
  [ComfyUI] [SubprocessWorker] got response: ok
  [ComfyUI] [SubprocessWorker] got response: ok
  [ComfyUI] [SubprocessWorker] got response: ok
  [ComfyUI] [SubprocessWorker] got response: ok
  [ComfyUI] [comfy-env] GeomPackFillHoles_PyMeshFix done (0.23s): result: NodeOutput
  [ComfyUI] [comfy-env] GeomPackFillHoles_PyMeshFix done (0.23s): result: NodeOutput
  [ComfyUI] [comfy-env] GeomPackFillHoles_PyMeshFix done (0.23s): result: NodeOutput
  [ComfyUI] [comfy-env] GeomPackFillHoles_PyMeshFix done (0.23s): result: NodeOutput
  [ComfyUI] [comfy-env] GeomPackFillHoles_PyMeshFix done (0.23s): result: NodeOutput
  [ComfyUI] [comfy-env] GeomPackFillHoles_PyMeshFix done (0.23s): result: NodeOutput
  [ComfyUI] [comfy-env] GeomPackFillHoles_PyMeshFix done (0.23s): result: NodeOutput
  [ComfyUI] [comfy-env] GeomPackFillHoles_PyMeshFix done (0.23s): result: NodeOutput
  [ComfyUI] [comfy-env] GeomPackFillHoles_PyMeshFix done (0.23s): result: NodeOutput
  [ComfyUI] [comfy-env] GeomPackFillHoles_PyMeshFix done (0.23s): result: NodeOutput
  [ComfyUI] [comfy-env] GeomPackFillHoles_PyMeshFix done (0.23s): result: NodeOutput
  [ComfyUI] [comfy-env] GeomPackFillHoles_PyMeshFix done (0.23s): result: NodeOutput
  [ComfyUI] [comfy-env] GeomPackFillHoles_PyMeshFix done (0.23s): result: NodeOutput
  [ComfyUI] [comfy-env] GeomPackFillHoles_PyMeshFix done (0.23s): result: NodeOutput
  [ComfyUI] [comfy-env] GeomPackFillHoles_PyMeshFix done (0.23s): result: NodeOutput
  [ComfyUI] [comfy-env] GeomPackFillHoles_PyMeshFix done (0.23s): result: NodeOutput
  [ComfyUI] [comfy-env] GeomPackFillHoles_PyMeshFix done (0.23s): result: NodeOutput
  [ComfyUI] [comfy-env] GeomPackFillHoles_PyMeshFix done (0.23s): result: NodeOutput
  [ComfyUI] [comfy-env] GeomPackFillHoles_PyMeshFix done (0.23s): result: NodeOutput
  [ComfyUI] [comfy-env] GeomPackFillHoles_PyMeshFix done (0.23s): result: NodeOutput
  [ComfyUI] [comfy-env] GeomPackFillHoles_PyMeshFix done (0.23s): result: NodeOutput
  [ComfyUI] [comfy-env] GeomPackFillHoles_PyMeshFix done (0.23s): result: NodeOutput
  [ComfyUI] [comfy-env] GeomPackFillHoles_PyMeshFix done (0.23s): result: NodeOutput
  [ComfyUI] [VRAM] After GeomPackFillHoles_PyMeshFix: 1271 / 24575 MB
  [ComfyUI] [VRAM] After GeomPackFillHoles_PyMeshFix: 1271 / 24575 MB
  [ComfyUI] [VRAM] After GeomPackFillHoles_PyMeshFix: 1271 / 24575 MB
  [ComfyUI] [VRAM] After GeomPackFillHoles_PyMeshFix: 1271 / 24575 MB
  [ComfyUI] [VRAM] After GeomPackFillHoles_PyMeshFix: 1271 / 24575 MB
  [ComfyUI] [VRAM] After GeomPackFillHoles_PyMeshFix: 1271 / 24575 MB
  [ComfyUI] [VRAM] After GeomPackFillHoles_PyMeshFix: 1271 / 24575 MB
  [ComfyUI] [VRAM] After GeomPackFillHoles_PyMeshFix: 1271 / 24575 MB
  [ComfyUI] [VRAM] After GeomPackFillHoles_PyMeshFix: 1271 / 24575 MB
  [ComfyUI] [VRAM] After GeomPackFillHoles_PyMeshFix: 1271 / 24575 MB
  [ComfyUI] [VRAM] After GeomPackFillHoles_PyMeshFix: 1271 / 24575 MB
  [ComfyUI] [VRAM] After GeomPackFillHoles_PyMeshFix: 1271 / 24575 MB
  [ComfyUI] [VRAM] After GeomPackFillHoles_PyMeshFix: 1271 / 24575 MB
  [ComfyUI] [VRAM] After GeomPackFillHoles_PyMeshFix: 1271 / 24575 MB
  [ComfyUI] [VRAM] After GeomPackFillHoles_PyMeshFix: 1271 / 24575 MB
  [ComfyUI] [VRAM] After GeomPackFillHoles_PyMeshFix: 1271 / 24575 MB
  [ComfyUI] [VRAM] After GeomPackFillHoles_PyMeshFix: 1271 / 24575 MB
  [ComfyUI] [VRAM] After GeomPackFillHoles_PyMeshFix: 1271 / 24575 MB
  [ComfyUI] [VRAM] After GeomPackFillHoles_PyMeshFix: 1271 / 24575 MB
  [ComfyUI] [VRAM] After GeomPackFillHoles_PyMeshFix: 1271 / 24575 MB
  [ComfyUI] [VRAM] After GeomPackFillHoles_PyMeshFix: 1271 / 24575 MB
  [ComfyUI] [VRAM] After GeomPackFillHoles_PyMeshFix: 1271 / 24575 MB
  [ComfyUI] [VRAM] After GeomPackFillHoles_PyMeshFix: 1271 / 24575 MB
  [ComfyUI] [comfy-env] Running GeomPackPreviewMeshMulti: mode: 'fields', mesh_1: Trimesh, mesh_2: Trimesh, mesh_3: Trimesh
  [ComfyUI] [comfy-env] Running GeomPackPreviewMeshMulti: mode: 'fields', mesh_1: Trimesh, mesh_2: Trimesh, mesh_3: Trimesh
  [ComfyUI] [comfy-env] Running GeomPackPreviewMeshMulti: mode: 'fields', mesh_1: Trimesh, mesh_2: Trimesh, mesh_3: Trimesh
  [ComfyUI] [comfy-env] Running GeomPackPreviewMeshMulti: mode: 'fields', mesh_1: Trimesh, mesh_2: Trimesh, mesh_3: Trimesh
  [ComfyUI] [comfy-env] Running GeomPackPreviewMeshMulti: mode: 'fields', mesh_1: Trimesh, mesh_2: Trimesh, mesh_3: Trimesh
  [ComfyUI] [comfy-env] Running GeomPackPreviewMeshMulti: mode: 'fields', mesh_1: Trimesh, mesh_2: Trimesh, mesh_3: Trimesh
  [ComfyUI] [comfy-env] Running GeomPackPreviewMeshMulti: mode: 'fields', mesh_1: Trimesh, mesh_2: Trimesh, mesh_3: Trimesh
  [ComfyUI] [comfy-env] Running GeomPackPreviewMeshMulti: mode: 'fields', mesh_1: Trimesh, mesh_2: Trimesh, mesh_3: Trimesh
  [ComfyUI] [comfy-env] Running GeomPackPreviewMeshMulti: mode: 'fields', mesh_1: Trimesh, mesh_2: Trimesh, mesh_3: Trimesh
  [ComfyUI] [comfy-env] Running GeomPackPreviewMeshMulti: mode: 'fields', mesh_1: Trimesh, mesh_2: Trimesh, mesh_3: Trimesh
  [ComfyUI] [comfy-env] Running GeomPackPreviewMeshMulti: mode: 'fields', mesh_1: Trimesh, mesh_2: Trimesh, mesh_3: Trimesh
  [ComfyUI] [comfy-env] Running GeomPackPreviewMeshMulti: mode: 'fields', mesh_1: Trimesh, mesh_2: Trimesh, mesh_3: Trimesh
  [ComfyUI] [comfy-env] Running GeomPackPreviewMeshMulti: mode: 'fields', mesh_1: Trimesh, mesh_2: Trimesh, mesh_3: Trimesh
  [ComfyUI] [comfy-env] Running GeomPackPreviewMeshMulti: mode: 'fields', mesh_1: Trimesh, mesh_2: Trimesh, mesh_3: Trimesh
  [ComfyUI] [comfy-env] Running GeomPackPreviewMeshMulti: mode: 'fields', mesh_1: Trimesh, mesh_2: Trimesh, mesh_3: Trimesh
  [ComfyUI] [comfy-env] Running GeomPackPreviewMeshMulti: mode: 'fields', mesh_1: Trimesh, mesh_2: Trimesh, mesh_3: Trimesh
  [ComfyUI] [comfy-env] Running GeomPackPreviewMeshMulti: mode: 'fields', mesh_1: Trimesh, mesh_2: Trimesh, mesh_3: Trimesh
  [ComfyUI] [comfy-env] Running GeomPackPreviewMeshMulti: mode: 'fields', mesh_1: Trimesh, mesh_2: Trimesh, mesh_3: Trimesh
  [ComfyUI] [comfy-env] Running GeomPackPreviewMeshMulti: mode: 'fields', mesh_1: Trimesh, mesh_2: Trimesh, mesh_3: Trimesh
  [ComfyUI] [comfy-env] Running GeomPackPreviewMeshMulti: mode: 'fields', mesh_1: Trimesh, mesh_2: Trimesh, mesh_3: Trimesh
  [ComfyUI] [comfy-env] Running GeomPackPreviewMeshMulti: mode: 'fields', mesh_1: Trimesh, mesh_2: Trimesh, mesh_3: Trimesh
  [ComfyUI] [comfy-env] Running GeomPackPreviewMeshMulti: mode: 'fields', mesh_1: Trimesh, mesh_2: Trimesh, mesh_3: Trimesh
  [ComfyUI] [comfy-env] Running GeomPackPreviewMeshMulti: mode: 'fields', mesh_1: Trimesh, mesh_2: Trimesh, mesh_3: Trimesh
  [ComfyUI] [VRAM] Before GeomPackPreviewMeshMulti: 1271 / 24575 MB
  [ComfyUI] [VRAM] Before GeomPackPreviewMeshMulti: 1271 / 24575 MB
  [ComfyUI] [VRAM] Before GeomPackPreviewMeshMulti: 1271 / 24575 MB
  [ComfyUI] [VRAM] Before GeomPackPreviewMeshMulti: 1271 / 24575 MB
  [ComfyUI] [VRAM] Before GeomPackPreviewMeshMulti: 1271 / 24575 MB
  [ComfyUI] [VRAM] Before GeomPackPreviewMeshMulti: 1271 / 24575 MB
  [ComfyUI] [VRAM] Before GeomPackPreviewMeshMulti: 1271 / 24575 MB
  [ComfyUI] [VRAM] Before GeomPackPreviewMeshMulti: 1271 / 24575 MB
  [ComfyUI] [VRAM] Before GeomPackPreviewMeshMulti: 1271 / 24575 MB
  [ComfyUI] [VRAM] Before GeomPackPreviewMeshMulti: 1271 / 24575 MB
  [ComfyUI] [VRAM] Before GeomPackPreviewMeshMulti: 1271 / 24575 MB
  [ComfyUI] [VRAM] Before GeomPackPreviewMeshMulti: 1271 / 24575 MB
  [ComfyUI] [VRAM] Before GeomPackPreviewMeshMulti: 1271 / 24575 MB
  [ComfyUI] [VRAM] Before GeomPackPreviewMeshMulti: 1271 / 24575 MB
  [ComfyUI] [VRAM] Before GeomPackPreviewMeshMulti: 1271 / 24575 MB
  [ComfyUI] [VRAM] Before GeomPackPreviewMeshMulti: 1271 / 24575 MB
  [ComfyUI] [VRAM] Before GeomPackPreviewMeshMulti: 1271 / 24575 MB
  [ComfyUI] [VRAM] Before GeomPackPreviewMeshMulti: 1271 / 24575 MB
  [ComfyUI] [VRAM] Before GeomPackPreviewMeshMulti: 1271 / 24575 MB
  [ComfyUI] [VRAM] Before GeomPackPreviewMeshMulti: 1271 / 24575 MB
  [ComfyUI] [VRAM] Before GeomPackPreviewMeshMulti: 1271 / 24575 MB
  [ComfyUI] [VRAM] Before GeomPackPreviewMeshMulti: 1271 / 24575 MB
  [ComfyUI] [VRAM] Before GeomPackPreviewMeshMulti: 1271 / 24575 MB
  [ComfyUI] [SubprocessWorker] call_method: nodes.main.visualization.preview_mesh_multi.PreviewMeshMultiNode.EXECUTE_NORMALIZED
  [ComfyUI] [SubprocessWorker] call_method: nodes.main.visualization.preview_mesh_multi.PreviewMeshMultiNode.EXECUTE_NORMALIZED
  [ComfyUI] [SubprocessWorker] call_method: nodes.main.visualization.preview_mesh_multi.PreviewMeshMultiNode.EXECUTE_NORMALIZED
  [ComfyUI] [SubprocessWorker] call_method: nodes.main.visualization.preview_mesh_multi.PreviewMeshMultiNode.EXECUTE_NORMALIZED
  [ComfyUI] [SubprocessWorker] call_method: nodes.main.visualization.preview_mesh_multi.PreviewMeshMultiNode.EXECUTE_NORMALIZED
  [ComfyUI] [SubprocessWorker] call_method: nodes.main.visualization.preview_mesh_multi.PreviewMeshMultiNode.EXECUTE_NORMALIZED
  [ComfyUI] [SubprocessWorker] call_method: nodes.main.visualization.preview_mesh_multi.PreviewMeshMultiNode.EXECUTE_NORMALIZED
  [ComfyUI] [SubprocessWorker] call_method: nodes.main.visualization.preview_mesh_multi.PreviewMeshMultiNode.EXECUTE_NORMALIZED
  [ComfyUI] [SubprocessWorker] call_method: nodes.main.visualization.preview_mesh_multi.PreviewMeshMultiNode.EXECUTE_NORMALIZED
  [ComfyUI] [SubprocessWorker] call_method: nodes.main.visualization.preview_mesh_multi.PreviewMeshMultiNode.EXECUTE_NORMALIZED
  [ComfyUI] [SubprocessWorker] call_method: nodes.main.visualization.preview_mesh_multi.PreviewMeshMultiNode.EXECUTE_NORMALIZED
  [ComfyUI] [SubprocessWorker] call_method: nodes.main.visualization.preview_mesh_multi.PreviewMeshMultiNode.EXECUTE_NORMALIZED
  [ComfyUI] [SubprocessWorker] call_method: nodes.main.visualization.preview_mesh_multi.PreviewMeshMultiNode.EXECUTE_NORMALIZED
  [ComfyUI] [SubprocessWorker] call_method: nodes.main.visualization.preview_mesh_multi.PreviewMeshMultiNode.EXECUTE_NORMALIZED
  [ComfyUI] [SubprocessWorker] call_method: nodes.main.visualization.preview_mesh_multi.PreviewMeshMultiNode.EXECUTE_NORMALIZED
  [ComfyUI] [SubprocessWorker] call_method: nodes.main.visualization.preview_mesh_multi.PreviewMeshMultiNode.EXECUTE_NORMALIZED
  [ComfyUI] [SubprocessWorker] call_method: nodes.main.visualization.preview_mesh_multi.PreviewMeshMultiNode.EXECUTE_NORMALIZED
  [ComfyUI] [SubprocessWorker] call_method: nodes.main.visualization.preview_mesh_multi.PreviewMeshMultiNode.EXECUTE_NORMALIZED
  [ComfyUI] [SubprocessWorker] call_method: nodes.main.visualization.preview_mesh_multi.PreviewMeshMultiNode.EXECUTE_NORMALIZED
  [ComfyUI] [SubprocessWorker] call_method: nodes.main.visualization.preview_mesh_multi.PreviewMeshMultiNode.EXECUTE_NORMALIZED
  [ComfyUI] [SubprocessWorker] call_method: nodes.main.visualization.preview_mesh_multi.PreviewMeshMultiNode.EXECUTE_NORMALIZED
  [ComfyUI] [SubprocessWorker] call_method: nodes.main.visualization.preview_mesh_multi.PreviewMeshMultiNode.EXECUTE_NORMALIZED
  [ComfyUI] [SubprocessWorker] call_method: nodes.main.visualization.preview_mesh_multi.PreviewMeshMultiNode.EXECUTE_NORMALIZED
  [ComfyUI] [SubprocessWorker] acquired lock, ensuring started...
  [ComfyUI] [SubprocessWorker] acquired lock, ensuring started...
  [ComfyUI] [SubprocessWorker] acquired lock, ensuring started...
  [ComfyUI] [SubprocessWorker] acquired lock, ensuring started...
  [ComfyUI] [SubprocessWorker] acquired lock, ensuring started...
  [ComfyUI] [SubprocessWorker] acquired lock, ensuring started...
  [ComfyUI] [SubprocessWorker] acquired lock, ensuring started...
  [ComfyUI] [SubprocessWorker] acquired lock, ensuring started...
  [ComfyUI] [SubprocessWorker] acquired lock, ensuring started...
  [ComfyUI] [SubprocessWorker] acquired lock, ensuring started...
  [ComfyUI] [SubprocessWorker] acquired lock, ensuring started...
  [ComfyUI] [SubprocessWorker] acquired lock, ensuring started...
  [ComfyUI] [SubprocessWorker] acquired lock, ensuring started...
  [ComfyUI] [SubprocessWorker] acquired lock, ensuring started...
  [ComfyUI] [SubprocessWorker] acquired lock, ensuring started...
  [ComfyUI] [SubprocessWorker] acquired lock, ensuring started...
  [ComfyUI] [SubprocessWorker] acquired lock, ensuring started...
  [ComfyUI] [SubprocessWorker] acquired lock, ensuring started...
  [ComfyUI] [SubprocessWorker] acquired lock, ensuring started...
  [ComfyUI] [SubprocessWorker] acquired lock, ensuring started...
  [ComfyUI] [SubprocessWorker] acquired lock, ensuring started...
  [ComfyUI] [SubprocessWorker] acquired lock, ensuring started...
  [ComfyUI] [SubprocessWorker] acquired lock, ensuring started...
  [ComfyUI] [ComfyUI-GeometryPack] Health check: ping (timeout=5.0s)...
  [ComfyUI] [ComfyUI-GeometryPack] Health check: ping (timeout=5.0s)...
  [ComfyUI] [ComfyUI-GeometryPack] Health check: ping (timeout=5.0s)...
  [ComfyUI] [ComfyUI-GeometryPack] Health check: ping (timeout=5.0s)...
  [ComfyUI] [ComfyUI-GeometryPack] Health check: ping (timeout=5.0s)...
  [ComfyUI] [ComfyUI-GeometryPack] Health check: ping (timeout=5.0s)...
  [ComfyUI] [ComfyUI-GeometryPack] Health check: ping (timeout=5.0s)...
  [ComfyUI] [ComfyUI-GeometryPack] Health check: ping (timeout=5.0s)...
  [ComfyUI] [ComfyUI-GeometryPack] Health check: ping (timeout=5.0s)...
  [ComfyUI] [ComfyUI-GeometryPack] Health check: ping (timeout=5.0s)...
  [ComfyUI] [ComfyUI-GeometryPack] Health check: ping (timeout=5.0s)...
  [ComfyUI] [ComfyUI-GeometryPack] Health check: ping (timeout=5.0s)...
  [ComfyUI] [ComfyUI-GeometryPack] Health check: ping (timeout=5.0s)...
  [ComfyUI] [ComfyUI-GeometryPack] Health check: ping (timeout=5.0s)...
  [ComfyUI] [ComfyUI-GeometryPack] Health check: ping (timeout=5.0s)...
  [ComfyUI] [ComfyUI-GeometryPack] Health check: ping (timeout=5.0s)...
  [ComfyUI] [ComfyUI-GeometryPack] Health check: ping (timeout=5.0s)...
  [ComfyUI] [ComfyUI-GeometryPack] Health check: ping (timeout=5.0s)...
  [ComfyUI] [ComfyUI-GeometryPack] Health check: ping (timeout=5.0s)...
  [ComfyUI] [ComfyUI-GeometryPack] Health check: ping (timeout=5.0s)...
  [ComfyUI] [ComfyUI-GeometryPack] Health check: ping (timeout=5.0s)...
  [ComfyUI] [ComfyUI-GeometryPack] Health check: ping (timeout=5.0s)...
  [ComfyUI] [ComfyUI-GeometryPack] Health check: ping (timeout=5.0s)...
  [ComfyUI] [ComfyUI-GeometryPack] Health check: ok
  [ComfyUI] [ComfyUI-GeometryPack] Health check: ok
  [ComfyUI] [ComfyUI-GeometryPack] Health check: ok
  [ComfyUI] [ComfyUI-GeometryPack] Health check: ok
  [ComfyUI] [ComfyUI-GeometryPack] Health check: ok
  [ComfyUI] [ComfyUI-GeometryPack] Health check: ok
  [ComfyUI] [ComfyUI-GeometryPack] Health check: ok
  [ComfyUI] [ComfyUI-GeometryPack] Health check: ok
  [ComfyUI] [ComfyUI-GeometryPack] Health check: ok
  [ComfyUI] [ComfyUI-GeometryPack] Health check: ok
  [ComfyUI] [ComfyUI-GeometryPack] Health check: ok
  [ComfyUI] [ComfyUI-GeometryPack] Health check: ok
  [ComfyUI] [ComfyUI-GeometryPack] Health check: ok
  [ComfyUI] [ComfyUI-GeometryPack] Health check: ok
  [ComfyUI] [ComfyUI-GeometryPack] Health check: ok
  [ComfyUI] [ComfyUI-GeometryPack] Health check: ok
  [ComfyUI] [ComfyUI-GeometryPack] Health check: ok
  [ComfyUI] [ComfyUI-GeometryPack] Health check: ok
  [ComfyUI] [ComfyUI-GeometryPack] Health check: ok
  [ComfyUI] [ComfyUI-GeometryPack] Health check: ok
  [ComfyUI] [ComfyUI-GeometryPack] Health check: ok
  [ComfyUI] [ComfyUI-GeometryPack] Health check: ok
  [ComfyUI] [ComfyUI-GeometryPack] Health check: ok
  [ComfyUI] [SubprocessWorker] worker started/confirmed
  [ComfyUI] [SubprocessWorker] worker started/confirmed
  [ComfyUI] [SubprocessWorker] worker started/confirmed
  [ComfyUI] [SubprocessWorker] worker started/confirmed
  [ComfyUI] [SubprocessWorker] worker started/confirmed
  [ComfyUI] [SubprocessWorker] worker started/confirmed
  [ComfyUI] [SubprocessWorker] worker started/confirmed
  [ComfyUI] [SubprocessWorker] worker started/confirmed
  [ComfyUI] [SubprocessWorker] worker started/confirmed
  [ComfyUI] [SubprocessWorker] worker started/confirmed
  [ComfyUI] [SubprocessWorker] worker started/confirmed
  [ComfyUI] [SubprocessWorker] worker started/confirmed
  [ComfyUI] [SubprocessWorker] worker started/confirmed
  [ComfyUI] [SubprocessWorker] worker started/confirmed
  [ComfyUI] [SubprocessWorker] worker started/confirmed
  [ComfyUI] [SubprocessWorker] worker started/confirmed
  [ComfyUI] [SubprocessWorker] worker started/confirmed
  [ComfyUI] [SubprocessWorker] worker started/confirmed
  [ComfyUI] [SubprocessWorker] worker started/confirmed
  [ComfyUI] [SubprocessWorker] worker started/confirmed
  [ComfyUI] [SubprocessWorker] worker started/confirmed
  [ComfyUI] [SubprocessWorker] worker started/confirmed
  [ComfyUI] [SubprocessWorker] worker started/confirmed
  [ComfyUI] [SubprocessWorker] serializing kwargs to shm...
  [ComfyUI] [SubprocessWorker] serializing kwargs to shm...
  [ComfyUI] [SubprocessWorker] serializing kwargs to shm...
  [ComfyUI] [SubprocessWorker] serializing kwargs to shm...
  [ComfyUI] [SubprocessWorker] serializing kwargs to shm...
  [ComfyUI] [SubprocessWorker] serializing kwargs to shm...
  [ComfyUI] [SubprocessWorker] serializing kwargs to shm...
  [ComfyUI] [SubprocessWorker] serializing kwargs to shm...
  [ComfyUI] [SubprocessWorker] serializing kwargs to shm...
  [ComfyUI] [SubprocessWorker] serializing kwargs to shm...
  [ComfyUI] [SubprocessWorker] serializing kwargs to shm...
  [ComfyUI] [SubprocessWorker] serializing kwargs to shm...
  [ComfyUI] [SubprocessWorker] serializing kwargs to shm...
  [ComfyUI] [SubprocessWorker] serializing kwargs to shm...
  [ComfyUI] [SubprocessWorker] serializing kwargs to shm...
  [ComfyUI] [SubprocessWorker] serializing kwargs to shm...
  [ComfyUI] [SubprocessWorker] serializing kwargs to shm...
  [ComfyUI] [SubprocessWorker] serializing kwargs to shm...
  [ComfyUI] [SubprocessWorker] serializing kwargs to shm...
  [ComfyUI] [SubprocessWorker] serializing kwargs to shm...
  [ComfyUI] [SubprocessWorker] serializing kwargs to shm...
  [ComfyUI] [SubprocessWorker] serializing kwargs to shm...
  [ComfyUI] [SubprocessWorker] serializing kwargs to shm...
  [ComfyUI] [SubprocessWorker] created 3 shm blocks
  [ComfyUI] [SubprocessWorker] created 3 shm blocks
  [ComfyUI] [SubprocessWorker] created 3 shm blocks
  [ComfyUI] [SubprocessWorker] created 3 shm blocks
  [ComfyUI] [SubprocessWorker] created 3 shm blocks
  [ComfyUI] [SubprocessWorker] created 3 shm blocks
  [ComfyUI] [SubprocessWorker] created 3 shm blocks
  [ComfyUI] [SubprocessWorker] created 3 shm blocks
  [ComfyUI] [SubprocessWorker] created 3 shm blocks
  [ComfyUI] [SubprocessWorker] created 3 shm blocks
  [ComfyUI] [SubprocessWorker] created 3 shm blocks
  [ComfyUI] [SubprocessWorker] created 3 shm blocks
  [ComfyUI] [SubprocessWorker] created 3 shm blocks
  [ComfyUI] [SubprocessWorker] created 3 shm blocks
  [ComfyUI] [SubprocessWorker] created 3 shm blocks
  [ComfyUI] [SubprocessWorker] created 3 shm blocks
  [ComfyUI] [SubprocessWorker] created 3 shm blocks
  [ComfyUI] [SubprocessWorker] created 3 shm blocks
  [ComfyUI] [SubprocessWorker] created 3 shm blocks
  [ComfyUI] [SubprocessWorker] created 3 shm blocks
  [ComfyUI] [SubprocessWorker] created 3 shm blocks
  [ComfyUI] [SubprocessWorker] created 3 shm blocks
  [ComfyUI] [SubprocessWorker] created 3 shm blocks
  [ComfyUI] [SubprocessWorker] sending request via socket...
  [ComfyUI] [SubprocessWorker] sending request via socket...
  [ComfyUI] [SubprocessWorker] sending request via socket...
  [ComfyUI] [SubprocessWorker] sending request via socket...
  [ComfyUI] [SubprocessWorker] sending request via socket...
  [ComfyUI] [SubprocessWorker] sending request via socket...
  [ComfyUI] [SubprocessWorker] sending request via socket...
  [ComfyUI] [SubprocessWorker] sending request via socket...
  [ComfyUI] [SubprocessWorker] sending request via socket...
  [ComfyUI] [SubprocessWorker] sending request via socket...
  [ComfyUI] [SubprocessWorker] sending request via socket...
  [ComfyUI] [SubprocessWorker] sending request via socket...
  [ComfyUI] [SubprocessWorker] sending request via socket...
  [ComfyUI] [SubprocessWorker] sending request via socket...
  [ComfyUI] [SubprocessWorker] sending request via socket...
  [ComfyUI] [SubprocessWorker] sending request via socket...
  [ComfyUI] [SubprocessWorker] sending request via socket...
  [ComfyUI] [SubprocessWorker] sending request via socket...
  [ComfyUI] [SubprocessWorker] sending request via socket...
  [ComfyUI] [SubprocessWorker] sending request via socket...
  [ComfyUI] [SubprocessWorker] sending request via socket...
  [ComfyUI] [SubprocessWorker] sending request via socket...
  [ComfyUI] [SubprocessWorker] sending request via socket...
  [ComfyUI] [SubprocessWorker] call_id=12 sending call_method
  [ComfyUI] [SubprocessWorker] call_id=12 sending call_method
  [ComfyUI] [SubprocessWorker] call_id=12 sending call_method
  [ComfyUI] [SubprocessWorker] call_id=12 sending call_method
  [ComfyUI] [SubprocessWorker] call_id=12 sending call_method
  [ComfyUI] [SubprocessWorker] call_id=12 sending call_method
  [ComfyUI] [SubprocessWorker] call_id=12 sending call_method
  [ComfyUI] [SubprocessWorker] call_id=12 sending call_method
  [ComfyUI] [SubprocessWorker] call_id=12 sending call_method
  [ComfyUI] [SubprocessWorker] call_id=12 sending call_method
  [ComfyUI] [SubprocessWorker] call_id=12 sending call_method
  [ComfyUI] [SubprocessWorker] call_id=12 sending call_method
  [ComfyUI] [SubprocessWorker] call_id=12 sending call_method
  [ComfyUI] [SubprocessWorker] call_id=12 sending call_method
  [ComfyUI] [SubprocessWorker] call_id=12 sending call_method
  [ComfyUI] [SubprocessWorker] call_id=12 sending call_method
  [ComfyUI] [SubprocessWorker] call_id=12 sending call_method
  [ComfyUI] [SubprocessWorker] call_id=12 sending call_method
  [ComfyUI] [SubprocessWorker] call_id=12 sending call_method
  [ComfyUI] [SubprocessWorker] call_id=12 sending call_method
  [ComfyUI] [SubprocessWorker] call_id=12 sending call_method
  [ComfyUI] [SubprocessWorker] call_id=12 sending call_method
  [ComfyUI] [SubprocessWorker] call_id=12 sending call_method
  [ComfyUI] [worker:ComfyUI-GeometryPack] INFO: Mode: fields, Meshes: 3
  [ComfyUI] [worker:ComfyUI-GeometryPack] INFO: Mode: fields, Meshes: 3
  [ComfyUI] [worker:ComfyUI-GeometryPack] INFO: Mode: fields, Meshes: 3
  [ComfyUI] [worker:ComfyUI-GeometryPack] INFO: Mode: fields, Meshes: 3
  [ComfyUI] [worker:ComfyUI-GeometryPack] INFO: Mode: fields, Meshes: 3
  [ComfyUI] [worker:ComfyUI-GeometryPack] INFO: Mode: fields, Meshes: 3
  [ComfyUI] [worker:ComfyUI-GeometryPack] INFO: Mode: fields, Meshes: 3
  [ComfyUI] [worker:ComfyUI-GeometryPack] INFO: Mode: fields, Meshes: 3
  [ComfyUI] [worker:ComfyUI-GeometryPack] INFO: Mode: fields, Meshes: 3
  [ComfyUI] [worker:ComfyUI-GeometryPack] INFO: Mode: fields, Meshes: 3
  [ComfyUI] [worker:ComfyUI-GeometryPack] INFO: Mode: fields, Meshes: 3
  [ComfyUI] [worker:ComfyUI-GeometryPack] INFO: Mode: fields, Meshes: 3
  [ComfyUI] [worker:ComfyUI-GeometryPack] INFO: Mode: fields, Meshes: 3
  [ComfyUI] [worker:ComfyUI-GeometryPack] INFO: Mode: fields, Meshes: 3
  [ComfyUI] [worker:ComfyUI-GeometryPack] INFO: Mode: fields, Meshes: 3
  [ComfyUI] [worker:ComfyUI-GeometryPack] INFO: Mode: fields, Meshes: 3
  [ComfyUI] [worker:ComfyUI-GeometryPack] INFO: Mode: fields, Meshes: 3
  [ComfyUI] [worker:ComfyUI-GeometryPack] INFO: Mode: fields, Meshes: 3
  [ComfyUI] [worker:ComfyUI-GeometryPack] INFO: Mode: fields, Meshes: 3
  [ComfyUI] [worker:ComfyUI-GeometryPack] INFO: Mode: fields, Meshes: 3
  [ComfyUI] [worker:ComfyUI-GeometryPack] INFO: Mode: fields, Meshes: 3
  [ComfyUI] [worker:ComfyUI-GeometryPack] INFO: Mode: fields, Meshes: 3
  [ComfyUI] [worker:ComfyUI-GeometryPack] INFO: Mode: fields, Meshes: 3
  [ComfyUI] [worker:ComfyUI-GeometryPack] INFO: Mesh 1: Mesh - 11381 vertices, 22704 faces
  [ComfyUI] [worker:ComfyUI-GeometryPack] INFO: Mesh 1: Mesh - 11381 vertices, 22704 faces
  [ComfyUI] [worker:ComfyUI-GeometryPack] INFO: Mesh 1: Mesh - 11381 vertices, 22704 faces
  [ComfyUI] [worker:ComfyUI-GeometryPack] INFO: Mesh 1: Mesh - 11381 vertices, 22704 faces
  [ComfyUI] [worker:ComfyUI-GeometryPack] INFO: Mesh 1: Mesh - 11381 vertices, 22704 faces
  [ComfyUI] [worker:ComfyUI-GeometryPack] INFO: Mesh 1: Mesh - 11381 vertices, 22704 faces
  [ComfyUI] [worker:ComfyUI-GeometryPack] INFO: Mesh 1: Mesh - 11381 vertices, 22704 faces
  [ComfyUI] [worker:ComfyUI-GeometryPack] INFO: Mesh 1: Mesh - 11381 vertices, 22704 faces
  [ComfyUI] [worker:ComfyUI-GeometryPack] INFO: Mesh 1: Mesh - 11381 vertices, 22704 faces
  [ComfyUI] [worker:ComfyUI-GeometryPack] INFO: Mesh 1: Mesh - 11381 vertices, 22704 faces
  [ComfyUI] [worker:ComfyUI-GeometryPack] INFO: Mesh 1: Mesh - 11381 vertices, 22704 faces
  [ComfyUI] [worker:ComfyUI-GeometryPack] INFO: Mesh 1: Mesh - 11381 vertices, 22704 faces
  [ComfyUI] [worker:ComfyUI-GeometryPack] INFO: Mesh 1: Mesh - 11381 vertices, 22704 faces
  [ComfyUI] [worker:ComfyUI-GeometryPack] INFO: Mesh 1: Mesh - 11381 vertices, 22704 faces
  [ComfyUI] [worker:ComfyUI-GeometryPack] INFO: Mesh 1: Mesh - 11381 vertices, 22704 faces
  [ComfyUI] [worker:ComfyUI-GeometryPack] INFO: Mesh 1: Mesh - 11381 vertices, 22704 faces
  [ComfyUI] [worker:ComfyUI-GeometryPack] INFO: Mesh 1: Mesh - 11381 vertices, 22704 faces
  [ComfyUI] [worker:ComfyUI-GeometryPack] INFO: Mesh 1: Mesh - 11381 vertices, 22704 faces
  [ComfyUI] [worker:ComfyUI-GeometryPack] INFO: Mesh 1: Mesh - 11381 vertices, 22704 faces
  [ComfyUI] [worker:ComfyUI-GeometryPack] INFO: Mesh 1: Mesh - 11381 vertices, 22704 faces
  [ComfyUI] [worker:ComfyUI-GeometryPack] INFO: Mesh 1: Mesh - 11381 vertices, 22704 faces
  [ComfyUI] [worker:ComfyUI-GeometryPack] INFO: Mesh 1: Mesh - 11381 vertices, 22704 faces
  [ComfyUI] [worker:ComfyUI-GeometryPack] INFO: Mesh 1: Mesh - 11381 vertices, 22704 faces
  [ComfyUI] [worker:ComfyUI-GeometryPack] INFO: Exporting mesh to VTP: C:\workspaces\GeometryPack-0758\portable-comfyui\ComfyUI_windows_portable\ComfyUI\output\preview_multi_1_6cbfc816.vtp
  [ComfyUI] [worker:ComfyUI-GeometryPack] INFO: Exporting mesh to VTP: C:\workspaces\GeometryPack-0758\portable-comfyui\ComfyUI_windows_portable\ComfyUI\output\preview_multi_1_6cbfc816.vtp
  [ComfyUI] [worker:ComfyUI-GeometryPack] INFO: Exporting mesh to VTP: C:\workspaces\GeometryPack-0758\portable-comfyui\ComfyUI_windows_portable\ComfyUI\output\preview_multi_1_6cbfc816.vtp
  [ComfyUI] [worker:ComfyUI-GeometryPack] INFO: Exporting mesh to VTP: C:\workspaces\GeometryPack-0758\portable-comfyui\ComfyUI_windows_portable\ComfyUI\output\preview_multi_1_6cbfc816.vtp
  [ComfyUI] [worker:ComfyUI-GeometryPack] INFO: Exporting mesh to VTP: C:\workspaces\GeometryPack-0758\portable-comfyui\ComfyUI_windows_portable\ComfyUI\output\preview_multi_1_6cbfc816.vtp
  [ComfyUI] [worker:ComfyUI-GeometryPack] INFO: Exporting mesh to VTP: C:\workspaces\GeometryPack-0758\portable-comfyui\ComfyUI_windows_portable\ComfyUI\output\preview_multi_1_6cbfc816.vtp
  [ComfyUI] [worker:ComfyUI-GeometryPack] INFO: Exporting mesh to VTP: C:\workspaces\GeometryPack-0758\portable-comfyui\ComfyUI_windows_portable\ComfyUI\output\preview_multi_1_6cbfc816.vtp
  [ComfyUI] [worker:ComfyUI-GeometryPack] INFO: Exporting mesh to VTP: C:\workspaces\GeometryPack-0758\portable-comfyui\ComfyUI_windows_portable\ComfyUI\output\preview_multi_1_6cbfc816.vtp
  [ComfyUI] [worker:ComfyUI-GeometryPack] INFO: Exporting mesh to VTP: C:\workspaces\GeometryPack-0758\portable-comfyui\ComfyUI_windows_portable\ComfyUI\output\preview_multi_1_6cbfc816.vtp
  [ComfyUI] [worker:ComfyUI-GeometryPack] INFO: Exporting mesh to VTP: C:\workspaces\GeometryPack-0758\portable-comfyui\ComfyUI_windows_portable\ComfyUI\output\preview_multi_1_6cbfc816.vtp
  [ComfyUI] [worker:ComfyUI-GeometryPack] INFO: Exporting mesh to VTP: C:\workspaces\GeometryPack-0758\portable-comfyui\ComfyUI_windows_portable\ComfyUI\output\preview_multi_1_6cbfc816.vtp
  [ComfyUI] [worker:ComfyUI-GeometryPack] INFO: Exporting mesh to VTP: C:\workspaces\GeometryPack-0758\portable-comfyui\ComfyUI_windows_portable\ComfyUI\output\preview_multi_1_6cbfc816.vtp
  [ComfyUI] [worker:ComfyUI-GeometryPack] INFO: Exporting mesh to VTP: C:\workspaces\GeometryPack-0758\portable-comfyui\ComfyUI_windows_portable\ComfyUI\output\preview_multi_1_6cbfc816.vtp
  [ComfyUI] [worker:ComfyUI-GeometryPack] INFO: Exporting mesh to VTP: C:\workspaces\GeometryPack-0758\portable-comfyui\ComfyUI_windows_portable\ComfyUI\output\preview_multi_1_6cbfc816.vtp
  [ComfyUI] [worker:ComfyUI-GeometryPack] INFO: Exporting mesh to VTP: C:\workspaces\GeometryPack-0758\portable-comfyui\ComfyUI_windows_portable\ComfyUI\output\preview_multi_1_6cbfc816.vtp
  [ComfyUI] [worker:ComfyUI-GeometryPack] INFO: Exporting mesh to VTP: C:\workspaces\GeometryPack-0758\portable-comfyui\ComfyUI_windows_portable\ComfyUI\output\preview_multi_1_6cbfc816.vtp
  [ComfyUI] [worker:ComfyUI-GeometryPack] INFO: Exporting mesh to VTP: C:\workspaces\GeometryPack-0758\portable-comfyui\ComfyUI_windows_portable\ComfyUI\output\preview_multi_1_6cbfc816.vtp
  [ComfyUI] [worker:ComfyUI-GeometryPack] INFO: Exporting mesh to VTP: C:\workspaces\GeometryPack-0758\portable-comfyui\ComfyUI_windows_portable\ComfyUI\output\preview_multi_1_6cbfc816.vtp
  [ComfyUI] [worker:ComfyUI-GeometryPack] INFO: Exporting mesh to VTP: C:\workspaces\GeometryPack-0758\portable-comfyui\ComfyUI_windows_portable\ComfyUI\output\preview_multi_1_6cbfc816.vtp
  [ComfyUI] [worker:ComfyUI-GeometryPack] INFO: Exporting mesh to VTP: C:\workspaces\GeometryPack-0758\portable-comfyui\ComfyUI_windows_portable\ComfyUI\output\preview_multi_1_6cbfc816.vtp
  [ComfyUI] [worker:ComfyUI-GeometryPack] INFO: Exporting mesh to VTP: C:\workspaces\GeometryPack-0758\portable-comfyui\ComfyUI_windows_portable\ComfyUI\output\preview_multi_1_6cbfc816.vtp
  [ComfyUI] [worker:ComfyUI-GeometryPack] INFO: Exporting mesh to VTP: C:\workspaces\GeometryPack-0758\portable-comfyui\ComfyUI_windows_portable\ComfyUI\output\preview_multi_1_6cbfc816.vtp
  [ComfyUI] [worker:ComfyUI-GeometryPack] INFO: Exporting mesh to VTP: C:\workspaces\GeometryPack-0758\portable-comfyui\ComfyUI_windows_portable\ComfyUI\output\preview_multi_1_6cbfc816.vtp
  [ComfyUI] [worker:ComfyUI-GeometryPack] INFO: Adding normals field (11381 vertices)
  [ComfyUI] [worker:ComfyUI-GeometryPack] INFO: Adding normals field (11381 vertices)
  [ComfyUI] [worker:ComfyUI-GeometryPack] INFO: Adding normals field (11381 vertices)
  [ComfyUI] [worker:ComfyUI-GeometryPack] INFO: Adding normals field (11381 vertices)
  [ComfyUI] [worker:ComfyUI-GeometryPack] INFO: Adding normals field (11381 vertices)
  [ComfyUI] [worker:ComfyUI-GeometryPack] INFO: Adding normals field (11381 vertices)
  [ComfyUI] [worker:ComfyUI-GeometryPack] INFO: Adding normals field (11381 vertices)
  [ComfyUI] [worker:ComfyUI-GeometryPack] INFO: Adding normals field (11381 vertices)
  [ComfyUI] [worker:ComfyUI-GeometryPack] INFO: Adding normals field (11381 vertices)
  [ComfyUI] [worker:ComfyUI-GeometryPack] INFO: Adding normals field (11381 vertices)
  [ComfyUI] [worker:ComfyUI-GeometryPack] INFO: Adding normals field (11381 vertices)
  [ComfyUI] [worker:ComfyUI-GeometryPack] INFO: Adding normals field (11381 vertices)
  [ComfyUI] [worker:ComfyUI-GeometryPack] INFO: Adding normals field (11381 vertices)
  [ComfyUI] [worker:ComfyUI-GeometryPack] INFO: Adding normals field (11381 vertices)
  [ComfyUI] [worker:ComfyUI-GeometryPack] INFO: Adding normals field (11381 vertices)
  [ComfyUI] [worker:ComfyUI-GeometryPack] INFO: Adding normals field (11381 vertices)
  [ComfyUI] [worker:ComfyUI-GeometryPack] INFO: Adding normals field (11381 vertices)
  [ComfyUI] [worker:ComfyUI-GeometryPack] INFO: Adding normals field (11381 vertices)
  [ComfyUI] [worker:ComfyUI-GeometryPack] INFO: Adding normals field (11381 vertices)
  [ComfyUI] [worker:ComfyUI-GeometryPack] INFO: Adding normals field (11381 vertices)
  [ComfyUI] [worker:ComfyUI-GeometryPack] INFO: Adding normals field (11381 vertices)
  [ComfyUI] [worker:ComfyUI-GeometryPack] INFO: Adding normals field (11381 vertices)
  [ComfyUI] [worker:ComfyUI-GeometryPack] INFO: Adding normals field (11381 vertices)
  Frame 8 saved (frame_007.jpg, t=24.4s)
  [capture-node] freeze=4ms shot=128ms unfreeze=3ms saved=True
  [ComfyUI] [worker:ComfyUI-GeometryPack] INFO: Export complete: 11381 vertices, 22704 faces
  [ComfyUI] [worker:ComfyUI-GeometryPack] INFO: Export complete: 11381 vertices, 22704 faces
  [ComfyUI] [worker:ComfyUI-GeometryPack] INFO: Export complete: 11381 vertices, 22704 faces
  [ComfyUI] [worker:ComfyUI-GeometryPack] INFO: Export complete: 11381 vertices, 22704 faces
  [ComfyUI] [worker:ComfyUI-GeometryPack] INFO: Export complete: 11381 vertices, 22704 faces
  [ComfyUI] [worker:ComfyUI-GeometryPack] INFO: Export complete: 11381 vertices, 22704 faces
  [ComfyUI] [worker:ComfyUI-GeometryPack] INFO: Export complete: 11381 vertices, 22704 faces
  [ComfyUI] [worker:ComfyUI-GeometryPack] INFO: Export complete: 11381 vertices, 22704 faces
  [ComfyUI] [worker:ComfyUI-GeometryPack] INFO: Export complete: 11381 vertices, 22704 faces
  [ComfyUI] [worker:ComfyUI-GeometryPack] INFO: Export complete: 11381 vertices, 22704 faces
  [ComfyUI] [worker:ComfyUI-GeometryPack] INFO: Export complete: 11381 vertices, 22704 faces
  [ComfyUI] [worker:ComfyUI-GeometryPack] INFO: Export complete: 11381 vertices, 22704 faces
  [ComfyUI] [worker:ComfyUI-GeometryPack] INFO: Export complete: 11381 vertices, 22704 faces
  [ComfyUI] [worker:ComfyUI-GeometryPack] INFO: Export complete: 11381 vertices, 22704 faces
  [ComfyUI] [worker:ComfyUI-GeometryPack] INFO: Export complete: 11381 vertices, 22704 faces
  [ComfyUI] [worker:ComfyUI-GeometryPack] INFO: Export complete: 11381 vertices, 22704 faces
  [ComfyUI] [worker:ComfyUI-GeometryPack] INFO: Export complete: 11381 vertices, 22704 faces
  [ComfyUI] [worker:ComfyUI-GeometryPack] INFO: Export complete: 11381 vertices, 22704 faces
  [ComfyUI] [worker:ComfyUI-GeometryPack] INFO: Export complete: 11381 vertices, 22704 faces
  [ComfyUI] [worker:ComfyUI-GeometryPack] INFO: Export complete: 11381 vertices, 22704 faces
  [ComfyUI] [worker:ComfyUI-GeometryPack] INFO: Export complete: 11381 vertices, 22704 faces
  [ComfyUI] [worker:ComfyUI-GeometryPack] INFO: Export complete: 11381 vertices, 22704 faces
  [ComfyUI] [worker:ComfyUI-GeometryPack] INFO: Export complete: 11381 vertices, 22704 faces
  [ComfyUI] [worker:ComfyUI-GeometryPack] INFO: Exported VTP: C:\workspaces\GeometryPack-0758\portable-comfyui\ComfyUI_windows_portable\ComfyUI\output\preview_multi_1_6cbfc816.vtp
  [ComfyUI] [worker:ComfyUI-GeometryPack] INFO: Exported VTP: C:\workspaces\GeometryPack-0758\portable-comfyui\ComfyUI_windows_portable\ComfyUI\output\preview_multi_1_6cbfc816.vtp
  [ComfyUI] [worker:ComfyUI-GeometryPack] INFO: Exported VTP: C:\workspaces\GeometryPack-0758\portable-comfyui\ComfyUI_windows_portable\ComfyUI\output\preview_multi_1_6cbfc816.vtp
  [ComfyUI] [worker:ComfyUI-GeometryPack] INFO: Exported VTP: C:\workspaces\GeometryPack-0758\portable-comfyui\ComfyUI_windows_portable\ComfyUI\output\preview_multi_1_6cbfc816.vtp
  [ComfyUI] [worker:ComfyUI-GeometryPack] INFO: Exported VTP: C:\workspaces\GeometryPack-0758\portable-comfyui\ComfyUI_windows_portable\ComfyUI\output\preview_multi_1_6cbfc816.vtp
  [ComfyUI] [worker:ComfyUI-GeometryPack] INFO: Exported VTP: C:\workspaces\GeometryPack-0758\portable-comfyui\ComfyUI_windows_portable\ComfyUI\output\preview_multi_1_6cbfc816.vtp
  [ComfyUI] [worker:ComfyUI-GeometryPack] INFO: Exported VTP: C:\workspaces\GeometryPack-0758\portable-comfyui\ComfyUI_windows_portable\ComfyUI\output\preview_multi_1_6cbfc816.vtp
  [ComfyUI] [worker:ComfyUI-GeometryPack] INFO: Exported VTP: C:\workspaces\GeometryPack-0758\portable-comfyui\ComfyUI_windows_portable\ComfyUI\output\preview_multi_1_6cbfc816.vtp
  [ComfyUI] [worker:ComfyUI-GeometryPack] INFO: Exported VTP: C:\workspaces\GeometryPack-0758\portable-comfyui\ComfyUI_windows_portable\ComfyUI\output\preview_multi_1_6cbfc816.vtp
  [ComfyUI] [worker:ComfyUI-GeometryPack] INFO: Exported VTP: C:\workspaces\GeometryPack-0758\portable-comfyui\ComfyUI_windows_portable\ComfyUI\output\preview_multi_1_6cbfc816.vtp
  [ComfyUI] [worker:ComfyUI-GeometryPack] INFO: Exported VTP: C:\workspaces\GeometryPack-0758\portable-comfyui\ComfyUI_windows_portable\ComfyUI\output\preview_multi_1_6cbfc816.vtp
  [ComfyUI] [worker:ComfyUI-GeometryPack] INFO: Exported VTP: C:\workspaces\GeometryPack-0758\portable-comfyui\ComfyUI_windows_portable\ComfyUI\output\preview_multi_1_6cbfc816.vtp
  [ComfyUI] [worker:ComfyUI-GeometryPack] INFO: Exported VTP: C:\workspaces\GeometryPack-0758\portable-comfyui\ComfyUI_windows_portable\ComfyUI\output\preview_multi_1_6cbfc816.vtp
  [ComfyUI] [worker:ComfyUI-GeometryPack] INFO: Exported VTP: C:\workspaces\GeometryPack-0758\portable-comfyui\ComfyUI_windows_portable\ComfyUI\output\preview_multi_1_6cbfc816.vtp
  [ComfyUI] [worker:ComfyUI-GeometryPack] INFO: Exported VTP: C:\workspaces\GeometryPack-0758\portable-comfyui\ComfyUI_windows_portable\ComfyUI\output\preview_multi_1_6cbfc816.vtp
  [ComfyUI] [worker:ComfyUI-GeometryPack] INFO: Exported VTP: C:\workspaces\GeometryPack-0758\portable-comfyui\ComfyUI_windows_portable\ComfyUI\output\preview_multi_1_6cbfc816.vtp
  [ComfyUI] [worker:ComfyUI-GeometryPack] INFO: Exported VTP: C:\workspaces\GeometryPack-0758\portable-comfyui\ComfyUI_windows_portable\ComfyUI\output\preview_multi_1_6cbfc816.vtp
  [ComfyUI] [worker:ComfyUI-GeometryPack] INFO: Exported VTP: C:\workspaces\GeometryPack-0758\portable-comfyui\ComfyUI_windows_portable\ComfyUI\output\preview_multi_1_6cbfc816.vtp
  [ComfyUI] [worker:ComfyUI-GeometryPack] INFO: Exported VTP: C:\workspaces\GeometryPack-0758\portable-comfyui\ComfyUI_windows_portable\ComfyUI\output\preview_multi_1_6cbfc816.vtp
  [ComfyUI] [worker:ComfyUI-GeometryPack] INFO: Exported VTP: C:\workspaces\GeometryPack-0758\portable-comfyui\ComfyUI_windows_portable\ComfyUI\output\preview_multi_1_6cbfc816.vtp
  [ComfyUI] [worker:ComfyUI-GeometryPack] INFO: Exported VTP: C:\workspaces\GeometryPack-0758\portable-comfyui\ComfyUI_windows_portable\ComfyUI\output\preview_multi_1_6cbfc816.vtp
  [ComfyUI] [worker:ComfyUI-GeometryPack] INFO: Exported VTP: C:\workspaces\GeometryPack-0758\portable-comfyui\ComfyUI_windows_portable\ComfyUI\output\preview_multi_1_6cbfc816.vtp
  [ComfyUI] [worker:ComfyUI-GeometryPack] INFO: Exported VTP: C:\workspaces\GeometryPack-0758\portable-comfyui\ComfyUI_windows_portable\ComfyUI\output\preview_multi_1_6cbfc816.vtp
  [ComfyUI] [worker:ComfyUI-GeometryPack] INFO: Mesh 2: Mesh - 11381 vertices, 22758 faces
  [ComfyUI] [worker:ComfyUI-GeometryPack] INFO: Mesh 2: Mesh - 11381 vertices, 22758 faces
  [ComfyUI] [worker:ComfyUI-GeometryPack] INFO: Mesh 2: Mesh - 11381 vertices, 22758 faces
  [ComfyUI] [worker:ComfyUI-GeometryPack] INFO: Mesh 2: Mesh - 11381 vertices, 22758 faces
  [ComfyUI] [worker:ComfyUI-GeometryPack] INFO: Mesh 2: Mesh - 11381 vertices, 22758 faces
  [ComfyUI] [worker:ComfyUI-GeometryPack] INFO: Mesh 2: Mesh - 11381 vertices, 22758 faces
  [ComfyUI] [worker:ComfyUI-GeometryPack] INFO: Mesh 2: Mesh - 11381 vertices, 22758 faces
  [ComfyUI] [worker:ComfyUI-GeometryPack] INFO: Mesh 2: Mesh - 11381 vertices, 22758 faces
  [ComfyUI] [worker:ComfyUI-GeometryPack] INFO: Mesh 2: Mesh - 11381 vertices, 22758 faces
  [ComfyUI] [worker:ComfyUI-GeometryPack] INFO: Mesh 2: Mesh - 11381 vertices, 22758 faces
  [ComfyUI] [worker:ComfyUI-GeometryPack] INFO: Mesh 2: Mesh - 11381 vertices, 22758 faces
  [ComfyUI] [worker:ComfyUI-GeometryPack] INFO: Mesh 2: Mesh - 11381 vertices, 22758 faces
  [ComfyUI] [worker:ComfyUI-GeometryPack] INFO: Mesh 2: Mesh - 11381 vertices, 22758 faces
  [ComfyUI] [worker:ComfyUI-GeometryPack] INFO: Mesh 2: Mesh - 11381 vertices, 22758 faces
  [ComfyUI] [worker:ComfyUI-GeometryPack] INFO: Mesh 2: Mesh - 11381 vertices, 22758 faces
  [ComfyUI] [worker:ComfyUI-GeometryPack] INFO: Mesh 2: Mesh - 11381 vertices, 22758 faces
  [ComfyUI] [worker:ComfyUI-GeometryPack] INFO: Mesh 2: Mesh - 11381 vertices, 22758 faces
  [ComfyUI] [worker:ComfyUI-GeometryPack] INFO: Mesh 2: Mesh - 11381 vertices, 22758 faces
  [ComfyUI] [worker:ComfyUI-GeometryPack] INFO: Mesh 2: Mesh - 11381 vertices, 22758 faces
  [ComfyUI] [worker:ComfyUI-GeometryPack] INFO: Mesh 2: Mesh - 11381 vertices, 22758 faces
  [ComfyUI] [worker:ComfyUI-GeometryPack] INFO: Mesh 2: Mesh - 11381 vertices, 22758 faces
  [ComfyUI] [worker:ComfyUI-GeometryPack] INFO: Mesh 2: Mesh - 11381 vertices, 22758 faces
  [ComfyUI] [worker:ComfyUI-GeometryPack] INFO: Mesh 2: Mesh - 11381 vertices, 22758 faces
  [ComfyUI] [worker:ComfyUI-GeometryPack] INFO: Exporting mesh to VTP: C:\workspaces\GeometryPack-0758\portable-comfyui\ComfyUI_windows_portable\ComfyUI\output\preview_multi_2_6cbfc816.vtp
  [ComfyUI] [worker:ComfyUI-GeometryPack] INFO: Exporting mesh to VTP: C:\workspaces\GeometryPack-0758\portable-comfyui\ComfyUI_windows_portable\ComfyUI\output\preview_multi_2_6cbfc816.vtp
  [ComfyUI] [worker:ComfyUI-GeometryPack] INFO: Exporting mesh to VTP: C:\workspaces\GeometryPack-0758\portable-comfyui\ComfyUI_windows_portable\ComfyUI\output\preview_multi_2_6cbfc816.vtp
  [ComfyUI] [worker:ComfyUI-GeometryPack] INFO: Exporting mesh to VTP: C:\workspaces\GeometryPack-0758\portable-comfyui\ComfyUI_windows_portable\ComfyUI\output\preview_multi_2_6cbfc816.vtp
  [ComfyUI] [worker:ComfyUI-GeometryPack] INFO: Exporting mesh to VTP: C:\workspaces\GeometryPack-0758\portable-comfyui\ComfyUI_windows_portable\ComfyUI\output\preview_multi_2_6cbfc816.vtp
  [ComfyUI] [worker:ComfyUI-GeometryPack] INFO: Exporting mesh to VTP: C:\workspaces\GeometryPack-0758\portable-comfyui\ComfyUI_windows_portable\ComfyUI\output\preview_multi_2_6cbfc816.vtp
  [ComfyUI] [worker:ComfyUI-GeometryPack] INFO: Exporting mesh to VTP: C:\workspaces\GeometryPack-0758\portable-comfyui\ComfyUI_windows_portable\ComfyUI\output\preview_multi_2_6cbfc816.vtp
  [ComfyUI] [worker:ComfyUI-GeometryPack] INFO: Exporting mesh to VTP: C:\workspaces\GeometryPack-0758\portable-comfyui\ComfyUI_windows_portable\ComfyUI\output\preview_multi_2_6cbfc816.vtp
  [ComfyUI] [worker:ComfyUI-GeometryPack] INFO: Exporting mesh to VTP: C:\workspaces\GeometryPack-0758\portable-comfyui\ComfyUI_windows_portable\ComfyUI\output\preview_multi_2_6cbfc816.vtp
  [ComfyUI] [worker:ComfyUI-GeometryPack] INFO: Exporting mesh to VTP: C:\workspaces\GeometryPack-0758\portable-comfyui\ComfyUI_windows_portable\ComfyUI\output\preview_multi_2_6cbfc816.vtp
  [ComfyUI] [worker:ComfyUI-GeometryPack] INFO: Exporting mesh to VTP: C:\workspaces\GeometryPack-0758\portable-comfyui\ComfyUI_windows_portable\ComfyUI\output\preview_multi_2_6cbfc816.vtp
  [ComfyUI] [worker:ComfyUI-GeometryPack] INFO: Exporting mesh to VTP: C:\workspaces\GeometryPack-0758\portable-comfyui\ComfyUI_windows_portable\ComfyUI\output\preview_multi_2_6cbfc816.vtp
  [ComfyUI] [worker:ComfyUI-GeometryPack] INFO: Exporting mesh to VTP: C:\workspaces\GeometryPack-0758\portable-comfyui\ComfyUI_windows_portable\ComfyUI\output\preview_multi_2_6cbfc816.vtp
  [ComfyUI] [worker:ComfyUI-GeometryPack] INFO: Exporting mesh to VTP: C:\workspaces\GeometryPack-0758\portable-comfyui\ComfyUI_windows_portable\ComfyUI\output\preview_multi_2_6cbfc816.vtp
  [ComfyUI] [worker:ComfyUI-GeometryPack] INFO: Exporting mesh to VTP: C:\workspaces\GeometryPack-0758\portable-comfyui\ComfyUI_windows_portable\ComfyUI\output\preview_multi_2_6cbfc816.vtp
  [ComfyUI] [worker:ComfyUI-GeometryPack] INFO: Exporting mesh to VTP: C:\workspaces\GeometryPack-0758\portable-comfyui\ComfyUI_windows_portable\ComfyUI\output\preview_multi_2_6cbfc816.vtp
  [ComfyUI] [worker:ComfyUI-GeometryPack] INFO: Exporting mesh to VTP: C:\workspaces\GeometryPack-0758\portable-comfyui\ComfyUI_windows_portable\ComfyUI\output\preview_multi_2_6cbfc816.vtp
  [ComfyUI] [worker:ComfyUI-GeometryPack] INFO: Exporting mesh to VTP: C:\workspaces\GeometryPack-0758\portable-comfyui\ComfyUI_windows_portable\ComfyUI\output\preview_multi_2_6cbfc816.vtp
  [ComfyUI] [worker:ComfyUI-GeometryPack] INFO: Exporting mesh to VTP: C:\workspaces\GeometryPack-0758\portable-comfyui\ComfyUI_windows_portable\ComfyUI\output\preview_multi_2_6cbfc816.vtp
  [ComfyUI] [worker:ComfyUI-GeometryPack] INFO: Exporting mesh to VTP: C:\workspaces\GeometryPack-0758\portable-comfyui\ComfyUI_windows_portable\ComfyUI\output\preview_multi_2_6cbfc816.vtp
  [ComfyUI] [worker:ComfyUI-GeometryPack] INFO: Exporting mesh to VTP: C:\workspaces\GeometryPack-0758\portable-comfyui\ComfyUI_windows_portable\ComfyUI\output\preview_multi_2_6cbfc816.vtp
  [ComfyUI] [worker:ComfyUI-GeometryPack] INFO: Exporting mesh to VTP: C:\workspaces\GeometryPack-0758\portable-comfyui\ComfyUI_windows_portable\ComfyUI\output\preview_multi_2_6cbfc816.vtp
  [ComfyUI] [worker:ComfyUI-GeometryPack] INFO: Exporting mesh to VTP: C:\workspaces\GeometryPack-0758\portable-comfyui\ComfyUI_windows_portable\ComfyUI\output\preview_multi_2_6cbfc816.vtp
  [ComfyUI] [worker:ComfyUI-GeometryPack] INFO: Adding normals field (11381 vertices)
  [ComfyUI] [worker:ComfyUI-GeometryPack] INFO: Adding normals field (11381 vertices)
  [ComfyUI] [worker:ComfyUI-GeometryPack] INFO: Adding normals field (11381 vertices)
  [ComfyUI] [worker:ComfyUI-GeometryPack] INFO: Adding normals field (11381 vertices)
  [ComfyUI] [worker:ComfyUI-GeometryPack] INFO: Adding normals field (11381 vertices)
  [ComfyUI] [worker:ComfyUI-GeometryPack] INFO: Adding normals field (11381 vertices)
  [ComfyUI] [worker:ComfyUI-GeometryPack] INFO: Adding normals field (11381 vertices)
  [ComfyUI] [worker:ComfyUI-GeometryPack] INFO: Adding normals field (11381 vertices)
  [ComfyUI] [worker:ComfyUI-GeometryPack] INFO: Adding normals field (11381 vertices)
  [ComfyUI] [worker:ComfyUI-GeometryPack] INFO: Adding normals field (11381 vertices)
  [ComfyUI] [worker:ComfyUI-GeometryPack] INFO: Adding normals field (11381 vertices)
  [ComfyUI] [worker:ComfyUI-GeometryPack] INFO: Adding normals field (11381 vertices)
  [ComfyUI] [worker:ComfyUI-GeometryPack] INFO: Adding normals field (11381 vertices)
  [ComfyUI] [worker:ComfyUI-GeometryPack] INFO: Adding normals field (11381 vertices)
  [ComfyUI] [worker:ComfyUI-GeometryPack] INFO: Adding normals field (11381 vertices)
  [ComfyUI] [worker:ComfyUI-GeometryPack] INFO: Adding normals field (11381 vertices)
  [ComfyUI] [worker:ComfyUI-GeometryPack] INFO: Adding normals field (11381 vertices)
  [ComfyUI] [worker:ComfyUI-GeometryPack] INFO: Adding normals field (11381 vertices)
  [ComfyUI] [worker:ComfyUI-GeometryPack] INFO: Adding normals field (11381 vertices)
  [ComfyUI] [worker:ComfyUI-GeometryPack] INFO: Adding normals field (11381 vertices)
  [ComfyUI] [worker:ComfyUI-GeometryPack] INFO: Adding normals field (11381 vertices)
  [ComfyUI] [worker:ComfyUI-GeometryPack] INFO: Adding normals field (11381 vertices)
  [ComfyUI] [worker:ComfyUI-GeometryPack] INFO: Adding normals field (11381 vertices)
  Node executed (6 total), capturing...
  [ComfyUI] [worker:ComfyUI-GeometryPack] INFO: Export complete: 11381 vertices, 22758 faces
  [ComfyUI] [worker:ComfyUI-GeometryPack] INFO: Export complete: 11381 vertices, 22758 faces
  [ComfyUI] [worker:ComfyUI-GeometryPack] INFO: Export complete: 11381 vertices, 22758 faces
  [ComfyUI] [worker:ComfyUI-GeometryPack] INFO: Export complete: 11381 vertices, 22758 faces
  [ComfyUI] [worker:ComfyUI-GeometryPack] INFO: Export complete: 11381 vertices, 22758 faces
  [ComfyUI] [worker:ComfyUI-GeometryPack] INFO: Export complete: 11381 vertices, 22758 faces
  [ComfyUI] [worker:ComfyUI-GeometryPack] INFO: Export complete: 11381 vertices, 22758 faces
  [ComfyUI] [worker:ComfyUI-GeometryPack] INFO: Export complete: 11381 vertices, 22758 faces
  [ComfyUI] [worker:ComfyUI-GeometryPack] INFO: Export complete: 11381 vertices, 22758 faces
  [ComfyUI] [worker:ComfyUI-GeometryPack] INFO: Export complete: 11381 vertices, 22758 faces
  [ComfyUI] [worker:ComfyUI-GeometryPack] INFO: Export complete: 11381 vertices, 22758 faces
  [ComfyUI] [worker:ComfyUI-GeometryPack] INFO: Export complete: 11381 vertices, 22758 faces
  [ComfyUI] [worker:ComfyUI-GeometryPack] INFO: Export complete: 11381 vertices, 22758 faces
  [ComfyUI] [worker:ComfyUI-GeometryPack] INFO: Export complete: 11381 vertices, 22758 faces
  [ComfyUI] [worker:ComfyUI-GeometryPack] INFO: Export complete: 11381 vertices, 22758 faces
  [ComfyUI] [worker:ComfyUI-GeometryPack] INFO: Export complete: 11381 vertices, 22758 faces
  [ComfyUI] [worker:ComfyUI-GeometryPack] INFO: Export complete: 11381 vertices, 22758 faces
  [ComfyUI] [worker:ComfyUI-GeometryPack] INFO: Export complete: 11381 vertices, 22758 faces
  [ComfyUI] [worker:ComfyUI-GeometryPack] INFO: Export complete: 11381 vertices, 22758 faces
  [ComfyUI] [worker:ComfyUI-GeometryPack] INFO: Export complete: 11381 vertices, 22758 faces
  [ComfyUI] [worker:ComfyUI-GeometryPack] INFO: Export complete: 11381 vertices, 22758 faces
  [ComfyUI] [worker:ComfyUI-GeometryPack] INFO: Export complete: 11381 vertices, 22758 faces
  [ComfyUI] [worker:ComfyUI-GeometryPack] INFO: Export complete: 11381 vertices, 22758 faces
  [ComfyUI] [worker:ComfyUI-GeometryPack] INFO: Exported VTP: C:\workspaces\GeometryPack-0758\portable-comfyui\ComfyUI_windows_portable\ComfyUI\output\preview_multi_2_6cbfc816.vtp
  [ComfyUI] [worker:ComfyUI-GeometryPack] INFO: Exported VTP: C:\workspaces\GeometryPack-0758\portable-comfyui\ComfyUI_windows_portable\ComfyUI\output\preview_multi_2_6cbfc816.vtp
  [ComfyUI] [worker:ComfyUI-GeometryPack] INFO: Exported VTP: C:\workspaces\GeometryPack-0758\portable-comfyui\ComfyUI_windows_portable\ComfyUI\output\preview_multi_2_6cbfc816.vtp
  [ComfyUI] [worker:ComfyUI-GeometryPack] INFO: Exported VTP: C:\workspaces\GeometryPack-0758\portable-comfyui\ComfyUI_windows_portable\ComfyUI\output\preview_multi_2_6cbfc816.vtp
  [ComfyUI] [worker:ComfyUI-GeometryPack] INFO: Exported VTP: C:\workspaces\GeometryPack-0758\portable-comfyui\ComfyUI_windows_portable\ComfyUI\output\preview_multi_2_6cbfc816.vtp
  [ComfyUI] [worker:ComfyUI-GeometryPack] INFO: Exported VTP: C:\workspaces\GeometryPack-0758\portable-comfyui\ComfyUI_windows_portable\ComfyUI\output\preview_multi_2_6cbfc816.vtp
  [ComfyUI] [worker:ComfyUI-GeometryPack] INFO: Exported VTP: C:\workspaces\GeometryPack-0758\portable-comfyui\ComfyUI_windows_portable\ComfyUI\output\preview_multi_2_6cbfc816.vtp
  [ComfyUI] [worker:ComfyUI-GeometryPack] INFO: Exported VTP: C:\workspaces\GeometryPack-0758\portable-comfyui\ComfyUI_windows_portable\ComfyUI\output\preview_multi_2_6cbfc816.vtp
  [ComfyUI] [worker:ComfyUI-GeometryPack] INFO: Exported VTP: C:\workspaces\GeometryPack-0758\portable-comfyui\ComfyUI_windows_portable\ComfyUI\output\preview_multi_2_6cbfc816.vtp
  [ComfyUI] [worker:ComfyUI-GeometryPack] INFO: Exported VTP: C:\workspaces\GeometryPack-0758\portable-comfyui\ComfyUI_windows_portable\ComfyUI\output\preview_multi_2_6cbfc816.vtp
  [ComfyUI] [worker:ComfyUI-GeometryPack] INFO: Exported VTP: C:\workspaces\GeometryPack-0758\portable-comfyui\ComfyUI_windows_portable\ComfyUI\output\preview_multi_2_6cbfc816.vtp
  [ComfyUI] [worker:ComfyUI-GeometryPack] INFO: Exported VTP: C:\workspaces\GeometryPack-0758\portable-comfyui\ComfyUI_windows_portable\ComfyUI\output\preview_multi_2_6cbfc816.vtp
  [ComfyUI] [worker:ComfyUI-GeometryPack] INFO: Exported VTP: C:\workspaces\GeometryPack-0758\portable-comfyui\ComfyUI_windows_portable\ComfyUI\output\preview_multi_2_6cbfc816.vtp
  [ComfyUI] [worker:ComfyUI-GeometryPack] INFO: Exported VTP: C:\workspaces\GeometryPack-0758\portable-comfyui\ComfyUI_windows_portable\ComfyUI\output\preview_multi_2_6cbfc816.vtp
  [ComfyUI] [worker:ComfyUI-GeometryPack] INFO: Exported VTP: C:\workspaces\GeometryPack-0758\portable-comfyui\ComfyUI_windows_portable\ComfyUI\output\preview_multi_2_6cbfc816.vtp
  [ComfyUI] [worker:ComfyUI-GeometryPack] INFO: Exported VTP: C:\workspaces\GeometryPack-0758\portable-comfyui\ComfyUI_windows_portable\ComfyUI\output\preview_multi_2_6cbfc816.vtp
  [ComfyUI] [worker:ComfyUI-GeometryPack] INFO: Exported VTP: C:\workspaces\GeometryPack-0758\portable-comfyui\ComfyUI_windows_portable\ComfyUI\output\preview_multi_2_6cbfc816.vtp
  [ComfyUI] [worker:ComfyUI-GeometryPack] INFO: Exported VTP: C:\workspaces\GeometryPack-0758\portable-comfyui\ComfyUI_windows_portable\ComfyUI\output\preview_multi_2_6cbfc816.vtp
  [ComfyUI] [worker:ComfyUI-GeometryPack] INFO: Exported VTP: C:\workspaces\GeometryPack-0758\portable-comfyui\ComfyUI_windows_portable\ComfyUI\output\preview_multi_2_6cbfc816.vtp
  [ComfyUI] [worker:ComfyUI-GeometryPack] INFO: Exported VTP: C:\workspaces\GeometryPack-0758\portable-comfyui\ComfyUI_windows_portable\ComfyUI\output\preview_multi_2_6cbfc816.vtp
  [ComfyUI] [worker:ComfyUI-GeometryPack] INFO: Exported VTP: C:\workspaces\GeometryPack-0758\portable-comfyui\ComfyUI_windows_portable\ComfyUI\output\preview_multi_2_6cbfc816.vtp
  [ComfyUI] [worker:ComfyUI-GeometryPack] INFO: Exported VTP: C:\workspaces\GeometryPack-0758\portable-comfyui\ComfyUI_windows_portable\ComfyUI\output\preview_multi_2_6cbfc816.vtp
  [ComfyUI] [worker:ComfyUI-GeometryPack] INFO: Exported VTP: C:\workspaces\GeometryPack-0758\portable-comfyui\ComfyUI_windows_portable\ComfyUI\output\preview_multi_2_6cbfc816.vtp
  [ComfyUI] [worker:ComfyUI-GeometryPack] INFO: Mesh 3: Mesh - 11503 vertices, 23002 faces
  [ComfyUI] [worker:ComfyUI-GeometryPack] INFO: Mesh 3: Mesh - 11503 vertices, 23002 faces
  [ComfyUI] [worker:ComfyUI-GeometryPack] INFO: Mesh 3: Mesh - 11503 vertices, 23002 faces
  [ComfyUI] [worker:ComfyUI-GeometryPack] INFO: Mesh 3: Mesh - 11503 vertices, 23002 faces
  [ComfyUI] [worker:ComfyUI-GeometryPack] INFO: Mesh 3: Mesh - 11503 vertices, 23002 faces
  [ComfyUI] [worker:ComfyUI-GeometryPack] INFO: Mesh 3: Mesh - 11503 vertices, 23002 faces
  [ComfyUI] [worker:ComfyUI-GeometryPack] INFO: Mesh 3: Mesh - 11503 vertices, 23002 faces
  [ComfyUI] [worker:ComfyUI-GeometryPack] INFO: Mesh 3: Mesh - 11503 vertices, 23002 faces
  [ComfyUI] [worker:ComfyUI-GeometryPack] INFO: Mesh 3: Mesh - 11503 vertices, 23002 faces
  [ComfyUI] [worker:ComfyUI-GeometryPack] INFO: Mesh 3: Mesh - 11503 vertices, 23002 faces
  [ComfyUI] [worker:ComfyUI-GeometryPack] INFO: Mesh 3: Mesh - 11503 vertices, 23002 faces
  [ComfyUI] [worker:ComfyUI-GeometryPack] INFO: Mesh 3: Mesh - 11503 vertices, 23002 faces
  [ComfyUI] [worker:ComfyUI-GeometryPack] INFO: Mesh 3: Mesh - 11503 vertices, 23002 faces
  [ComfyUI] [worker:ComfyUI-GeometryPack] INFO: Mesh 3: Mesh - 11503 vertices, 23002 faces
  [ComfyUI] [worker:ComfyUI-GeometryPack] INFO: Mesh 3: Mesh - 11503 vertices, 23002 faces
  [ComfyUI] [worker:ComfyUI-GeometryPack] INFO: Mesh 3: Mesh - 11503 vertices, 23002 faces
  [ComfyUI] [worker:ComfyUI-GeometryPack] INFO: Mesh 3: Mesh - 11503 vertices, 23002 faces
  [ComfyUI] [worker:ComfyUI-GeometryPack] INFO: Mesh 3: Mesh - 11503 vertices, 23002 faces
  [ComfyUI] [worker:ComfyUI-GeometryPack] INFO: Mesh 3: Mesh - 11503 vertices, 23002 faces
  [ComfyUI] [worker:ComfyUI-GeometryPack] INFO: Mesh 3: Mesh - 11503 vertices, 23002 faces
  [ComfyUI] [worker:ComfyUI-GeometryPack] INFO: Mesh 3: Mesh - 11503 vertices, 23002 faces
  [ComfyUI] [worker:ComfyUI-GeometryPack] INFO: Mesh 3: Mesh - 11503 vertices, 23002 faces
  [ComfyUI] [worker:ComfyUI-GeometryPack] INFO: Mesh 3: Mesh - 11503 vertices, 23002 faces
  [ComfyUI] [worker:ComfyUI-GeometryPack] INFO: Exporting mesh to VTP: C:\workspaces\GeometryPack-0758\portable-comfyui\ComfyUI_windows_portable\ComfyUI\output\preview_multi_3_6cbfc816.vtp
  [ComfyUI] [worker:ComfyUI-GeometryPack] INFO: Exporting mesh to VTP: C:\workspaces\GeometryPack-0758\portable-comfyui\ComfyUI_windows_portable\ComfyUI\output\preview_multi_3_6cbfc816.vtp
  [ComfyUI] [worker:ComfyUI-GeometryPack] INFO: Exporting mesh to VTP: C:\workspaces\GeometryPack-0758\portable-comfyui\ComfyUI_windows_portable\ComfyUI\output\preview_multi_3_6cbfc816.vtp
  [ComfyUI] [worker:ComfyUI-GeometryPack] INFO: Exporting mesh to VTP: C:\workspaces\GeometryPack-0758\portable-comfyui\ComfyUI_windows_portable\ComfyUI\output\preview_multi_3_6cbfc816.vtp
  [ComfyUI] [worker:ComfyUI-GeometryPack] INFO: Exporting mesh to VTP: C:\workspaces\GeometryPack-0758\portable-comfyui\ComfyUI_windows_portable\ComfyUI\output\preview_multi_3_6cbfc816.vtp
  [ComfyUI] [worker:ComfyUI-GeometryPack] INFO: Exporting mesh to VTP: C:\workspaces\GeometryPack-0758\portable-comfyui\ComfyUI_windows_portable\ComfyUI\output\preview_multi_3_6cbfc816.vtp
  [ComfyUI] [worker:ComfyUI-GeometryPack] INFO: Exporting mesh to VTP: C:\workspaces\GeometryPack-0758\portable-comfyui\ComfyUI_windows_portable\ComfyUI\output\preview_multi_3_6cbfc816.vtp
  [ComfyUI] [worker:ComfyUI-GeometryPack] INFO: Exporting mesh to VTP: C:\workspaces\GeometryPack-0758\portable-comfyui\ComfyUI_windows_portable\ComfyUI\output\preview_multi_3_6cbfc816.vtp
  [ComfyUI] [worker:ComfyUI-GeometryPack] INFO: Exporting mesh to VTP: C:\workspaces\GeometryPack-0758\portable-comfyui\ComfyUI_windows_portable\ComfyUI\output\preview_multi_3_6cbfc816.vtp
  [ComfyUI] [worker:ComfyUI-GeometryPack] INFO: Exporting mesh to VTP: C:\workspaces\GeometryPack-0758\portable-comfyui\ComfyUI_windows_portable\ComfyUI\output\preview_multi_3_6cbfc816.vtp
  [ComfyUI] [worker:ComfyUI-GeometryPack] INFO: Exporting mesh to VTP: C:\workspaces\GeometryPack-0758\portable-comfyui\ComfyUI_windows_portable\ComfyUI\output\preview_multi_3_6cbfc816.vtp
  [ComfyUI] [worker:ComfyUI-GeometryPack] INFO: Exporting mesh to VTP: C:\workspaces\GeometryPack-0758\portable-comfyui\ComfyUI_windows_portable\ComfyUI\output\preview_multi_3_6cbfc816.vtp
  [ComfyUI] [worker:ComfyUI-GeometryPack] INFO: Exporting mesh to VTP: C:\workspaces\GeometryPack-0758\portable-comfyui\ComfyUI_windows_portable\ComfyUI\output\preview_multi_3_6cbfc816.vtp
  [ComfyUI] [worker:ComfyUI-GeometryPack] INFO: Exporting mesh to VTP: C:\workspaces\GeometryPack-0758\portable-comfyui\ComfyUI_windows_portable\ComfyUI\output\preview_multi_3_6cbfc816.vtp
  [ComfyUI] [worker:ComfyUI-GeometryPack] INFO: Exporting mesh to VTP: C:\workspaces\GeometryPack-0758\portable-comfyui\ComfyUI_windows_portable\ComfyUI\output\preview_multi_3_6cbfc816.vtp
  [ComfyUI] [worker:ComfyUI-GeometryPack] INFO: Exporting mesh to VTP: C:\workspaces\GeometryPack-0758\portable-comfyui\ComfyUI_windows_portable\ComfyUI\output\preview_multi_3_6cbfc816.vtp
  [ComfyUI] [worker:ComfyUI-GeometryPack] INFO: Exporting mesh to VTP: C:\workspaces\GeometryPack-0758\portable-comfyui\ComfyUI_windows_portable\ComfyUI\output\preview_multi_3_6cbfc816.vtp
  [ComfyUI] [worker:ComfyUI-GeometryPack] INFO: Exporting mesh to VTP: C:\workspaces\GeometryPack-0758\portable-comfyui\ComfyUI_windows_portable\ComfyUI\output\preview_multi_3_6cbfc816.vtp
  [ComfyUI] [worker:ComfyUI-GeometryPack] INFO: Exporting mesh to VTP: C:\workspaces\GeometryPack-0758\portable-comfyui\ComfyUI_windows_portable\ComfyUI\output\preview_multi_3_6cbfc816.vtp
  [ComfyUI] [worker:ComfyUI-GeometryPack] INFO: Exporting mesh to VTP: C:\workspaces\GeometryPack-0758\portable-comfyui\ComfyUI_windows_portable\ComfyUI\output\preview_multi_3_6cbfc816.vtp
  [ComfyUI] [worker:ComfyUI-GeometryPack] INFO: Exporting mesh to VTP: C:\workspaces\GeometryPack-0758\portable-comfyui\ComfyUI_windows_portable\ComfyUI\output\preview_multi_3_6cbfc816.vtp
  [ComfyUI] [worker:ComfyUI-GeometryPack] INFO: Exporting mesh to VTP: C:\workspaces\GeometryPack-0758\portable-comfyui\ComfyUI_windows_portable\ComfyUI\output\preview_multi_3_6cbfc816.vtp
  [ComfyUI] [worker:ComfyUI-GeometryPack] INFO: Exporting mesh to VTP: C:\workspaces\GeometryPack-0758\portable-comfyui\ComfyUI_windows_portable\ComfyUI\output\preview_multi_3_6cbfc816.vtp
  [ComfyUI] [worker:ComfyUI-GeometryPack] INFO: Adding normals field (11503 vertices)
  [ComfyUI] [worker:ComfyUI-GeometryPack] INFO: Adding normals field (11503 vertices)
  [ComfyUI] [worker:ComfyUI-GeometryPack] INFO: Adding normals field (11503 vertices)
  [ComfyUI] [worker:ComfyUI-GeometryPack] INFO: Adding normals field (11503 vertices)
  [ComfyUI] [worker:ComfyUI-GeometryPack] INFO: Adding normals field (11503 vertices)
  [ComfyUI] [worker:ComfyUI-GeometryPack] INFO: Adding normals field (11503 vertices)
  [ComfyUI] [worker:ComfyUI-GeometryPack] INFO: Adding normals field (11503 vertices)
  [ComfyUI] [worker:ComfyUI-GeometryPack] INFO: Adding normals field (11503 vertices)
  [ComfyUI] [worker:ComfyUI-GeometryPack] INFO: Adding normals field (11503 vertices)
  [ComfyUI] [worker:ComfyUI-GeometryPack] INFO: Adding normals field (11503 vertices)
  [ComfyUI] [worker:ComfyUI-GeometryPack] INFO: Adding normals field (11503 vertices)
  [ComfyUI] [worker:ComfyUI-GeometryPack] INFO: Adding normals field (11503 vertices)
  [ComfyUI] [worker:ComfyUI-GeometryPack] INFO: Adding normals field (11503 vertices)
  [ComfyUI] [worker:ComfyUI-GeometryPack] INFO: Adding normals field (11503 vertices)
  [ComfyUI] [worker:ComfyUI-GeometryPack] INFO: Adding normals field (11503 vertices)
  [ComfyUI] [worker:ComfyUI-GeometryPack] INFO: Adding normals field (11503 vertices)
  [ComfyUI] [worker:ComfyUI-GeometryPack] INFO: Adding normals field (11503 vertices)
  [ComfyUI] [worker:ComfyUI-GeometryPack] INFO: Adding normals field (11503 vertices)
  [ComfyUI] [worker:ComfyUI-GeometryPack] INFO: Adding normals field (11503 vertices)
  [ComfyUI] [worker:ComfyUI-GeometryPack] INFO: Adding normals field (11503 vertices)
  [ComfyUI] [worker:ComfyUI-GeometryPack] INFO: Adding normals field (11503 vertices)
  [ComfyUI] [worker:ComfyUI-GeometryPack] INFO: Adding normals field (11503 vertices)
  [ComfyUI] [worker:ComfyUI-GeometryPack] INFO: Adding normals field (11503 vertices)
  [ComfyUI] [worker:ComfyUI-GeometryPack] INFO: Export complete: 11503 vertices, 23002 faces
  [ComfyUI] [worker:ComfyUI-GeometryPack] INFO: Export complete: 11503 vertices, 23002 faces
  [ComfyUI] [worker:ComfyUI-GeometryPack] INFO: Export complete: 11503 vertices, 23002 faces
  [ComfyUI] [worker:ComfyUI-GeometryPack] INFO: Export complete: 11503 vertices, 23002 faces
  [ComfyUI] [worker:ComfyUI-GeometryPack] INFO: Export complete: 11503 vertices, 23002 faces
  [ComfyUI] [worker:ComfyUI-GeometryPack] INFO: Export complete: 11503 vertices, 23002 faces
  [ComfyUI] [worker:ComfyUI-GeometryPack] INFO: Export complete: 11503 vertices, 23002 faces
  [ComfyUI] [worker:ComfyUI-GeometryPack] INFO: Export complete: 11503 vertices, 23002 faces
  [ComfyUI] [worker:ComfyUI-GeometryPack] INFO: Export complete: 11503 vertices, 23002 faces
  [ComfyUI] [worker:ComfyUI-GeometryPack] INFO: Export complete: 11503 vertices, 23002 faces
  [ComfyUI] [worker:ComfyUI-GeometryPack] INFO: Export complete: 11503 vertices, 23002 faces
  [ComfyUI] [worker:ComfyUI-GeometryPack] INFO: Export complete: 11503 vertices, 23002 faces
  [ComfyUI] [worker:ComfyUI-GeometryPack] INFO: Export complete: 11503 vertices, 23002 faces
  [ComfyUI] [worker:ComfyUI-GeometryPack] INFO: Export complete: 11503 vertices, 23002 faces
  [ComfyUI] [worker:ComfyUI-GeometryPack] INFO: Export complete: 11503 vertices, 23002 faces
  [ComfyUI] [worker:ComfyUI-GeometryPack] INFO: Export complete: 11503 vertices, 23002 faces
  [ComfyUI] [worker:ComfyUI-GeometryPack] INFO: Export complete: 11503 vertices, 23002 faces
  [ComfyUI] [worker:ComfyUI-GeometryPack] INFO: Export complete: 11503 vertices, 23002 faces
  [ComfyUI] [worker:ComfyUI-GeometryPack] INFO: Export complete: 11503 vertices, 23002 faces
  [ComfyUI] [worker:ComfyUI-GeometryPack] INFO: Export complete: 11503 vertices, 23002 faces
  [ComfyUI] [worker:ComfyUI-GeometryPack] INFO: Export complete: 11503 vertices, 23002 faces
  [ComfyUI] [worker:ComfyUI-GeometryPack] INFO: Export complete: 11503 vertices, 23002 faces
  [ComfyUI] [worker:ComfyUI-GeometryPack] INFO: Export complete: 11503 vertices, 23002 faces
  [ComfyUI] [worker:ComfyUI-GeometryPack] INFO: Exported VTP: C:\workspaces\GeometryPack-0758\portable-comfyui\ComfyUI_windows_portable\ComfyUI\output\preview_multi_3_6cbfc816.vtp
  [ComfyUI] [worker:ComfyUI-GeometryPack] INFO: Exported VTP: C:\workspaces\GeometryPack-0758\portable-comfyui\ComfyUI_windows_portable\ComfyUI\output\preview_multi_3_6cbfc816.vtp
  [ComfyUI] [worker:ComfyUI-GeometryPack] INFO: Exported VTP: C:\workspaces\GeometryPack-0758\portable-comfyui\ComfyUI_windows_portable\ComfyUI\output\preview_multi_3_6cbfc816.vtp
  [ComfyUI] [worker:ComfyUI-GeometryPack] INFO: Exported VTP: C:\workspaces\GeometryPack-0758\portable-comfyui\ComfyUI_windows_portable\ComfyUI\output\preview_multi_3_6cbfc816.vtp
  [ComfyUI] [worker:ComfyUI-GeometryPack] INFO: Exported VTP: C:\workspaces\GeometryPack-0758\portable-comfyui\ComfyUI_windows_portable\ComfyUI\output\preview_multi_3_6cbfc816.vtp
  [ComfyUI] [worker:ComfyUI-GeometryPack] INFO: Exported VTP: C:\workspaces\GeometryPack-0758\portable-comfyui\ComfyUI_windows_portable\ComfyUI\output\preview_multi_3_6cbfc816.vtp
  [ComfyUI] [worker:ComfyUI-GeometryPack] INFO: Exported VTP: C:\workspaces\GeometryPack-0758\portable-comfyui\ComfyUI_windows_portable\ComfyUI\output\preview_multi_3_6cbfc816.vtp
  [ComfyUI] [worker:ComfyUI-GeometryPack] INFO: Exported VTP: C:\workspaces\GeometryPack-0758\portable-comfyui\ComfyUI_windows_portable\ComfyUI\output\preview_multi_3_6cbfc816.vtp
  [ComfyUI] [worker:ComfyUI-GeometryPack] INFO: Exported VTP: C:\workspaces\GeometryPack-0758\portable-comfyui\ComfyUI_windows_portable\ComfyUI\output\preview_multi_3_6cbfc816.vtp
  [ComfyUI] [worker:ComfyUI-GeometryPack] INFO: Exported VTP: C:\workspaces\GeometryPack-0758\portable-comfyui\ComfyUI_windows_portable\ComfyUI\output\preview_multi_3_6cbfc816.vtp
  [ComfyUI] [worker:ComfyUI-GeometryPack] INFO: Exported VTP: C:\workspaces\GeometryPack-0758\portable-comfyui\ComfyUI_windows_portable\ComfyUI\output\preview_multi_3_6cbfc816.vtp
  [ComfyUI] [worker:ComfyUI-GeometryPack] INFO: Exported VTP: C:\workspaces\GeometryPack-0758\portable-comfyui\ComfyUI_windows_portable\ComfyUI\output\preview_multi_3_6cbfc816.vtp
  [ComfyUI] [worker:ComfyUI-GeometryPack] INFO: Exported VTP: C:\workspaces\GeometryPack-0758\portable-comfyui\ComfyUI_windows_portable\ComfyUI\output\preview_multi_3_6cbfc816.vtp
  [ComfyUI] [worker:ComfyUI-GeometryPack] INFO: Exported VTP: C:\workspaces\GeometryPack-0758\portable-comfyui\ComfyUI_windows_portable\ComfyUI\output\preview_multi_3_6cbfc816.vtp
  [ComfyUI] [worker:ComfyUI-GeometryPack] INFO: Exported VTP: C:\workspaces\GeometryPack-0758\portable-comfyui\ComfyUI_windows_portable\ComfyUI\output\preview_multi_3_6cbfc816.vtp
  [ComfyUI] [worker:ComfyUI-GeometryPack] INFO: Exported VTP: C:\workspaces\GeometryPack-0758\portable-comfyui\ComfyUI_windows_portable\ComfyUI\output\preview_multi_3_6cbfc816.vtp
  [ComfyUI] [worker:ComfyUI-GeometryPack] INFO: Exported VTP: C:\workspaces\GeometryPack-0758\portable-comfyui\ComfyUI_windows_portable\ComfyUI\output\preview_multi_3_6cbfc816.vtp
  [ComfyUI] [worker:ComfyUI-GeometryPack] INFO: Exported VTP: C:\workspaces\GeometryPack-0758\portable-comfyui\ComfyUI_windows_portable\ComfyUI\output\preview_multi_3_6cbfc816.vtp
  [ComfyUI] [worker:ComfyUI-GeometryPack] INFO: Exported VTP: C:\workspaces\GeometryPack-0758\portable-comfyui\ComfyUI_windows_portable\ComfyUI\output\preview_multi_3_6cbfc816.vtp
  [ComfyUI] [worker:ComfyUI-GeometryPack] INFO: Exported VTP: C:\workspaces\GeometryPack-0758\portable-comfyui\ComfyUI_windows_portable\ComfyUI\output\preview_multi_3_6cbfc816.vtp
  [ComfyUI] [worker:ComfyUI-GeometryPack] INFO: Exported VTP: C:\workspaces\GeometryPack-0758\portable-comfyui\ComfyUI_windows_portable\ComfyUI\output\preview_multi_3_6cbfc816.vtp
  [ComfyUI] [worker:ComfyUI-GeometryPack] INFO: Exported VTP: C:\workspaces\GeometryPack-0758\portable-comfyui\ComfyUI_windows_portable\ComfyUI\output\preview_multi_3_6cbfc816.vtp
  [ComfyUI] [worker:ComfyUI-GeometryPack] INFO: Exported VTP: C:\workspaces\GeometryPack-0758\portable-comfyui\ComfyUI_windows_portable\ComfyUI\output\preview_multi_3_6cbfc816.vtp
  [ComfyUI] [worker:ComfyUI-GeometryPack] INFO: Grid: 3x1, Preview ready
  [ComfyUI] [worker:ComfyUI-GeometryPack] INFO: Grid: 3x1, Preview ready
  [ComfyUI] [worker:ComfyUI-GeometryPack] INFO: Grid: 3x1, Preview ready
  [ComfyUI] [worker:ComfyUI-GeometryPack] INFO: Grid: 3x1, Preview ready
  [ComfyUI] [worker:ComfyUI-GeometryPack] INFO: Grid: 3x1, Preview ready
  [ComfyUI] [worker:ComfyUI-GeometryPack] INFO: Grid: 3x1, Preview ready
  [ComfyUI] [worker:ComfyUI-GeometryPack] INFO: Grid: 3x1, Preview ready
  [ComfyUI] [worker:ComfyUI-GeometryPack] INFO: Grid: 3x1, Preview ready
  [ComfyUI] [worker:ComfyUI-GeometryPack] INFO: Grid: 3x1, Preview ready
  [ComfyUI] [worker:ComfyUI-GeometryPack] INFO: Grid: 3x1, Preview ready
  [ComfyUI] [worker:ComfyUI-GeometryPack] INFO: Grid: 3x1, Preview ready
  [ComfyUI] [worker:ComfyUI-GeometryPack] INFO: Grid: 3x1, Preview ready
  [ComfyUI] [worker:ComfyUI-GeometryPack] INFO: Grid: 3x1, Preview ready
  [ComfyUI] [worker:ComfyUI-GeometryPack] INFO: Grid: 3x1, Preview ready
  [ComfyUI] [worker:ComfyUI-GeometryPack] INFO: Grid: 3x1, Preview ready
  [ComfyUI] [worker:ComfyUI-GeometryPack] INFO: Grid: 3x1, Preview ready
  [ComfyUI] [worker:ComfyUI-GeometryPack] INFO: Grid: 3x1, Preview ready
  [ComfyUI] [worker:ComfyUI-GeometryPack] INFO: Grid: 3x1, Preview ready
  [ComfyUI] [worker:ComfyUI-GeometryPack] INFO: Grid: 3x1, Preview ready
  [ComfyUI] [worker:ComfyUI-GeometryPack] INFO: Grid: 3x1, Preview ready
  [ComfyUI] [worker:ComfyUI-GeometryPack] INFO: Grid: 3x1, Preview ready
  [ComfyUI] [worker:ComfyUI-GeometryPack] INFO: Grid: 3x1, Preview ready
  [ComfyUI] [worker:ComfyUI-GeometryPack] INFO: Grid: 3x1, Preview ready
  [ComfyUI] [SubprocessWorker] got response: ok
  [ComfyUI] [SubprocessWorker] got response: ok
  [ComfyUI] [SubprocessWorker] got response: ok
  [ComfyUI] [SubprocessWorker] got response: ok
  [ComfyUI] [SubprocessWorker] got response: ok
  [ComfyUI] [SubprocessWorker] got response: ok
  [ComfyUI] [SubprocessWorker] got response: ok
  [ComfyUI] [SubprocessWorker] got response: ok
  [ComfyUI] [SubprocessWorker] got response: ok
  [ComfyUI] [SubprocessWorker] got response: ok
  [ComfyUI] [SubprocessWorker] got response: ok
  [ComfyUI] [SubprocessWorker] got response: ok
  [ComfyUI] [SubprocessWorker] got response: ok
  [ComfyUI] [SubprocessWorker] got response: ok
  [ComfyUI] [SubprocessWorker] got response: ok
  [ComfyUI] [SubprocessWorker] got response: ok
  [ComfyUI] [SubprocessWorker] got response: ok
  [ComfyUI] [SubprocessWorker] got response: ok
  [ComfyUI] [SubprocessWorker] got response: ok
  [ComfyUI] [SubprocessWorker] got response: ok
  [ComfyUI] [SubprocessWorker] got response: ok
  [ComfyUI] [SubprocessWorker] got response: ok
  [ComfyUI] [SubprocessWorker] got response: ok
  [ComfyUI] [comfy-env] GeomPackPreviewMeshMulti done (0.53s): result: NodeOutput
  [ComfyUI] [comfy-env] GeomPackPreviewMeshMulti done (0.53s): result: NodeOutput
  [ComfyUI] [comfy-env] GeomPackPreviewMeshMulti done (0.53s): result: NodeOutput
  [ComfyUI] [comfy-env] GeomPackPreviewMeshMulti done (0.53s): result: NodeOutput
  [ComfyUI] [comfy-env] GeomPackPreviewMeshMulti done (0.53s): result: NodeOutput
  [ComfyUI] [comfy-env] GeomPackPreviewMeshMulti done (0.53s): result: NodeOutput
  [ComfyUI] [comfy-env] GeomPackPreviewMeshMulti done (0.53s): result: NodeOutput
  [ComfyUI] [comfy-env] GeomPackPreviewMeshMulti done (0.53s): result: NodeOutput
  [ComfyUI] [comfy-env] GeomPackPreviewMeshMulti done (0.53s): result: NodeOutput
  [ComfyUI] [comfy-env] GeomPackPreviewMeshMulti done (0.53s): result: NodeOutput
  [ComfyUI] [comfy-env] GeomPackPreviewMeshMulti done (0.53s): result: NodeOutput
  [ComfyUI] [comfy-env] GeomPackPreviewMeshMulti done (0.53s): result: NodeOutput
  [ComfyUI] [comfy-env] GeomPackPreviewMeshMulti done (0.53s): result: NodeOutput
  [ComfyUI] [comfy-env] GeomPackPreviewMeshMulti done (0.53s): result: NodeOutput
  [ComfyUI] [comfy-env] GeomPackPreviewMeshMulti done (0.53s): result: NodeOutput
  [ComfyUI] [comfy-env] GeomPackPreviewMeshMulti done (0.53s): result: NodeOutput
  [ComfyUI] [comfy-env] GeomPackPreviewMeshMulti done (0.53s): result: NodeOutput
  [ComfyUI] [comfy-env] GeomPackPreviewMeshMulti done (0.53s): result: NodeOutput
  [ComfyUI] [comfy-env] GeomPackPreviewMeshMulti done (0.53s): result: NodeOutput
  [ComfyUI] [comfy-env] GeomPackPreviewMeshMulti done (0.53s): result: NodeOutput
  [ComfyUI] [comfy-env] GeomPackPreviewMeshMulti done (0.53s): result: NodeOutput
  [ComfyUI] [comfy-env] GeomPackPreviewMeshMulti done (0.53s): result: NodeOutput
  [ComfyUI] [comfy-env] GeomPackPreviewMeshMulti done (0.53s): result: NodeOutput
  [ComfyUI] [VRAM] After GeomPackPreviewMeshMulti: 1271 / 24575 MB
  [ComfyUI] [VRAM] After GeomPackPreviewMeshMulti: 1271 / 24575 MB
  [ComfyUI] [VRAM] After GeomPackPreviewMeshMulti: 1271 / 24575 MB
  [ComfyUI] [VRAM] After GeomPackPreviewMeshMulti: 1271 / 24575 MB
  [ComfyUI] [VRAM] After GeomPackPreviewMeshMulti: 1271 / 24575 MB
  [ComfyUI] [VRAM] After GeomPackPreviewMeshMulti: 1271 / 24575 MB
  [ComfyUI] [VRAM] After GeomPackPreviewMeshMulti: 1271 / 24575 MB
  [ComfyUI] [VRAM] After GeomPackPreviewMeshMulti: 1271 / 24575 MB
  [ComfyUI] [VRAM] After GeomPackPreviewMeshMulti: 1271 / 24575 MB
  [ComfyUI] [VRAM] After GeomPackPreviewMeshMulti: 1271 / 24575 MB
  [ComfyUI] [VRAM] After GeomPackPreviewMeshMulti: 1271 / 24575 MB
  [ComfyUI] [VRAM] After GeomPackPreviewMeshMulti: 1271 / 24575 MB
  [ComfyUI] [VRAM] After GeomPackPreviewMeshMulti: 1271 / 24575 MB
  [ComfyUI] [VRAM] After GeomPackPreviewMeshMulti: 1271 / 24575 MB
  [ComfyUI] [VRAM] After GeomPackPreviewMeshMulti: 1271 / 24575 MB
  [ComfyUI] [VRAM] After GeomPackPreviewMeshMulti: 1271 / 24575 MB
  [ComfyUI] [VRAM] After GeomPackPreviewMeshMulti: 1271 / 24575 MB
  [ComfyUI] [VRAM] After GeomPackPreviewMeshMulti: 1271 / 24575 MB
  [ComfyUI] [VRAM] After GeomPackPreviewMeshMulti: 1271 / 24575 MB
  [ComfyUI] [VRAM] After GeomPackPreviewMeshMulti: 1271 / 24575 MB
  [ComfyUI] [VRAM] After GeomPackPreviewMeshMulti: 1271 / 24575 MB
  [ComfyUI] [VRAM] After GeomPackPreviewMeshMulti: 1271 / 24575 MB
  [ComfyUI] [VRAM] After GeomPackPreviewMeshMulti: 1271 / 24575 MB
  [ComfyUI] Prompt executed in 24.70 seconds
  [ComfyUI] Prompt executed in 24.70 seconds
  [ComfyUI] Prompt executed in 24.70 seconds
  [ComfyUI] Prompt executed in 24.70 seconds
  [ComfyUI] Prompt executed in 24.70 seconds
  [ComfyUI] Prompt executed in 24.70 seconds
  [ComfyUI] Prompt executed in 24.70 seconds
  [ComfyUI] Prompt executed in 24.70 seconds
  [ComfyUI] Prompt executed in 24.70 seconds
  [ComfyUI] Prompt executed in 24.70 seconds
  [ComfyUI] Prompt executed in 24.70 seconds
  [ComfyUI] Prompt executed in 24.70 seconds
  [ComfyUI] Prompt executed in 24.70 seconds
  [ComfyUI] Prompt executed in 24.70 seconds
  [ComfyUI] Prompt executed in 24.70 seconds
  [ComfyUI] Prompt executed in 24.70 seconds
  [ComfyUI] Prompt executed in 24.70 seconds
  [ComfyUI] Prompt executed in 24.70 seconds
  [ComfyUI] Prompt executed in 24.70 seconds
  [ComfyUI] Prompt executed in 24.70 seconds
  [ComfyUI] Prompt executed in 24.70 seconds
  [ComfyUI] Prompt executed in 24.70 seconds
  [ComfyUI] Prompt executed in 24.70 seconds
  Frame 9 saved (frame_008.jpg, t=24.8s)
  [capture-node] freeze=4ms shot=203ms unfreeze=4ms saved=True
  Node executed (7 total), capturing...
  Frame 10 saved (frame_009.jpg, t=25.3s)
  [capture-node] freeze=170ms shot=144ms unfreeze=0ms saved=True
  Execution complete (t=25.3s)
  Captured 10 unique frames over 25.67s
  [debug] iframes: 2
  [debug]   iframe[0]: src=http://127.0.0.1:41889/extensions/ComfyUI-GeometryPack/viewer_multi.html?v=17782, canvas=244x393, rafFrozen=True
  [debug]   iframe[1]: src=http://127.0.0.1:41889/extensions/ComfyUI-GeometryPack/viewer_multi.html?v=17782, canvas=244x393, rafFrozen=True
  [timing] trigger_3d_previews: 0.0s
  Saved high-quality screenshot: fill_holes_all_executed.png
  [timing] final_screenshot: 0.4s
    Captured 11 video frames